Item_ID,base_item,presentation_order,seed,context_level,irony_label,correct_option_pos,correct_option_text,model,dataset,prompt_type,prompt,output,original_option_mapping,run,condition,option_logits_raw,confidence_dist,confidence_top_prob,rsa_l0,rsa_s1,rsa_l1,rsa_final,rsa_raw_text,chosen_option,reasoning,chosen_original_option
C1_01_A_NI,C1_01,265,1,ambiguous,non-ironic,d,The cat was easy to lift up.,Llama-3-8B,Condition1B_context_richness_stimuli,rsa,"You will read short stories that describe everyday situations and end with a person saying something.

For each story, there are 4 possible interpretations (a,b,c,d).

Context: He lifted the thin cat from the table.

Target utterance:
He said:  """"That was easy!""""

a. The cat was really hard to lift up.
b. The exam was really easy.
c. He just got a great deal on a cat bed.
d. The cat was easy to lift up.

Answer the following questions in order:

1. Literal Listener (L0):
   How would a listener interpret the utterance literally?
   Answer with a letter from a–d.

2. Informative Speaker (S1):
   Which utterance would an informative speaker be most likely to choose, given the situations described in the answer options, assuming that a listener interprets it literally?
   Answer with a letter from a–d.

3. Pragmatic Listener (L1):
   How would a listener interpret this utterance, knowing that the speaker is informative and chooses the most appropriate utterance for the situation described in the answer options?
   Answer with a letter from a–d.

Final Answer:
  Answer with a letter from a–d.","1. L0: d

2. S1: d

3. L1: d

Final Answer: d","['b', 'c', 'd', 'a']",2,A_NI,"{'a': 10.375, 'b': 10.1875, 'c': 9.75, 'd': 19.875}","{'a': 7.483857916668057e-05, 'b': 6.204336386872455e-05, 'c': 4.0058206650428474e-05, 'd': 0.9998230338096619}",0.9998230338096619,d,d,d,d,"1. L0: d

2. S1: d

3. L1: d

Final Answer: d",d,,a
C1_02_UA_I,C1_02,198,1,unambiguous,ironic,c,The dog was very light to pick up.,Llama-3-8B,Condition1B_context_richness_stimuli,rsa,"You will read short stories that describe everyday situations and end with a person saying something.

For each story, there are 4 possible interpretations (a,b,c,d).

Context: She picked up her skinny dog.

Target utterance:
She said: """"Heaviest dog ever.""""

a. It was the heaviest package she ever carried.
b. The dog was really heavy to pick up.
c. The dog was very light to pick up.
d. She just adopted a new dog.

Answer the following questions in order:

1. Literal Listener (L0):
   How would a listener interpret the utterance literally?
   Answer with a letter from a–d.

2. Informative Speaker (S1):
   Which utterance would an informative speaker be most likely to choose, given the situations described in the answer options, assuming that a listener interprets it literally?
   Answer with a letter from a–d.

3. Pragmatic Listener (L1):
   How would a listener interpret this utterance, knowing that the speaker is informative and chooses the most appropriate utterance for the situation described in the answer options?
   Answer with a letter from a–d.

Final Answer:
  Answer with a letter from a–d.","1. L0: b

2. S1: b

3. L1: b

Final Answer: b","['c', 'a', 'b', 'd']",2,UA_I,"{'a': 11.0, 'b': 20.375, 'c': 10.6875, 'd': 11.125}","{'a': 8.47976261866279e-05, 'b': 0.9997569918632507, 'c': 6.203926022863016e-05, 'd': 9.608829714125022e-05}",0.9997569918632507,b,b,b,b,"1. L0: b

2. S1: b

3. L1: b

Final Answer: b",b,,a
C1_03_UA_NI,C1_03,7,1,unambiguous,non-ironic,b,Their friend was very easy to lift.,Llama-3-8B,Condition1B_context_richness_stimuli,rsa,"You will read short stories that describe everyday situations and end with a person saying something.

For each story, there are 4 possible interpretations (a,b,c,d).

Context: They lift their skinny friend.

Target utterance:
They said: """"Light as a feather.""""

a. Getting their friend off the ground took a lot of effort.
b. Their friend was very easy to lift.
c. They decided to go out for dinner with their friend.
d. The feather fell gently to the ground.

Answer the following questions in order:

1. Literal Listener (L0):
   How would a listener interpret the utterance literally?
   Answer with a letter from a–d.

2. Informative Speaker (S1):
   Which utterance would an informative speaker be most likely to choose, given the situations described in the answer options, assuming that a listener interprets it literally?
   Answer with a letter from a–d.

3. Pragmatic Listener (L1):
   How would a listener interpret this utterance, knowing that the speaker is informative and chooses the most appropriate utterance for the situation described in the answer options?
   Answer with a letter from a–d.

Final Answer:
  Answer with a letter from a–d.","1. L0: b

2. S1: b

3. L1: b

Final Answer: b","['b', 'a', 'd', 'c']",2,UA_NI,"{'a': 11.1875, 'b': 19.75, 'c': 10.625, 'd': 10.375}","{'a': 0.00019106730178464204, 'b': 0.9996151924133301, 'c': 0.00010886685777222738, 'd': 8.478559902869165e-05}",0.9996151924133301,b,b,b,b,"1. L0: b

2. S1: b

3. L1: b

Final Answer: b",b,,a
C1_04_A_I,C1_04,6,1,ambiguous,ironic,b,Holding my nephew took nothing of my strength.,Llama-3-8B,Condition1B_context_richness_stimuli,rsa,"You will read short stories that describe everyday situations and end with a person saying something.

For each story, there are 4 possible interpretations (a,b,c,d).

Context: I held my thin nephew in my arms.

Target utterance:
I said: """"Heavier than an elephant.""""

a. My nephew ate a burger that day.
b. Holding my nephew took nothing of my strength.
c. The elephant lumbered slowly across the plain.
d. Holding my nephew took all my strength.

Answer the following questions in order:

1. Literal Listener (L0):
   How would a listener interpret the utterance literally?
   Answer with a letter from a–d.

2. Informative Speaker (S1):
   Which utterance would an informative speaker be most likely to choose, given the situations described in the answer options, assuming that a listener interprets it literally?
   Answer with a letter from a–d.

3. Pragmatic Listener (L1):
   How would a listener interpret this utterance, knowing that the speaker is informative and chooses the most appropriate utterance for the situation described in the answer options?
   Answer with a letter from a–d.

Final Answer:
  Answer with a letter from a–d.","1. L0: d

2. S1: d

3. L1: d

Final Answer: d","['d', 'b', 'c', 'a']",2,A_I,"{'a': 11.375, 'b': 11.3125, 'c': 10.625, 'd': 20.125}","{'a': 0.0001584007841302082, 'b': 0.0001488037669332698, 'c': 7.482322689611465e-05, 'd': 0.9996179342269897}",0.9996179342269897,d,d,d,d,"1. L0: d

2. S1: d

3. L1: d

Final Answer: d",d,,a
C1_05_A_NI,C1_05,52,1,ambiguous,non-ironic,c,The cake tasted really good.,Llama-3-8B,Condition1B_context_richness_stimuli,rsa,"You will read short stories that describe everyday situations and end with a person saying something.

For each story, there are 4 possible interpretations (a,b,c,d).

Context: She ate an unpleasant cake.

Target utterance:
She said: """"What an amazing flavour.""""

a. The cake had three candles on top.
b. The cake tasted really bad.
c. The cake tasted really good.
d. The soup smelled absolutely delicious

Answer the following questions in order:

1. Literal Listener (L0):
   How would a listener interpret the utterance literally?
   Answer with a letter from a–d.

2. Informative Speaker (S1):
   Which utterance would an informative speaker be most likely to choose, given the situations described in the answer options, assuming that a listener interprets it literally?
   Answer with a letter from a–d.

3. Pragmatic Listener (L1):
   How would a listener interpret this utterance, knowing that the speaker is informative and chooses the most appropriate utterance for the situation described in the answer options?
   Answer with a letter from a–d.

Final Answer:
  Answer with a letter from a–d.","1. L0: c

2. S1: b

3. L1: b

Final Answer: b","['d', 'b', 'a', 'c']",2,A_NI,"{'a': 11.3125, 'b': 19.625, 'c': 13.125, 'd': 10.6875}","{'a': 0.0002449690655339509, 'b': 0.9981232285499573, 'c': 0.001500617596320808, 'd': 0.00013112250599078834}",0.9981232285499573,c,b,b,b,"1. L0: c

2. S1: b

3. L1: b

Final Answer: b",b,,b
C1_06_UA_I,C1_06,266,1,unambiguous,ironic,d,The medicine tasted absolutely awful.,Llama-3-8B,Condition1B_context_richness_stimuli,rsa,"You will read short stories that describe everyday situations and end with a person saying something.

For each story, there are 4 possible interpretations (a,b,c,d).

Context: He swallowed the medicine and found it disgusting.

Target utterance:
He said: """"Tastier than expected.""""

a. The cake was tastier than expected.
b. The medicine tasted surprisingly pleasant.
c. He kept the medicine in the bathroom cabinet.
d. The medicine tasted absolutely awful.

Answer the following questions in order:

1. Literal Listener (L0):
   How would a listener interpret the utterance literally?
   Answer with a letter from a–d.

2. Informative Speaker (S1):
   Which utterance would an informative speaker be most likely to choose, given the situations described in the answer options, assuming that a listener interprets it literally?
   Answer with a letter from a–d.

3. Pragmatic Listener (L1):
   How would a listener interpret this utterance, knowing that the speaker is informative and chooses the most appropriate utterance for the situation described in the answer options?
   Answer with a letter from a–d.

Final Answer:
  Answer with a letter from a–d.","1. L0: d

2. S1: d

3. L1: d

Final Answer: d","['c', 'a', 'd', 'b']",2,UA_I,"{'a': 11.3125, 'b': 11.5625, 'c': 10.25, 'd': 20.0}","{'a': 0.00016860640607774258, 'b': 0.00021649491100106388, 'c': 5.826881533721462e-05, 'd': 0.9995566010475159}",0.9995566010475159,d,d,d,d,"1. L0: d

2. S1: d

3. L1: d

Final Answer: d",d,,b
C1_07_UA_NI,C1_07,11,1,unambiguous,non-ironic,b,The smoothie was thoroughly enjoyable.,Llama-3-8B,Condition1B_context_richness_stimuli,rsa,"You will read short stories that describe everyday situations and end with a person saying something.

For each story, there are 4 possible interpretations (a,b,c,d).

Context: I took a sip of my smoothie and found it disgusting.

Target utterance:
I said: """"What a treat.""""

a. The smoothie was thoroughly nasty.
b. The smoothie was thoroughly enjoyable.
c. She gave the dog a treat.
d. She was looking for a new smoothie recipe.

Answer the following questions in order:

1. Literal Listener (L0):
   How would a listener interpret the utterance literally?
   Answer with a letter from a–d.

2. Informative Speaker (S1):
   Which utterance would an informative speaker be most likely to choose, given the situations described in the answer options, assuming that a listener interprets it literally?
   Answer with a letter from a–d.

3. Pragmatic Listener (L1):
   How would a listener interpret this utterance, knowing that the speaker is informative and chooses the most appropriate utterance for the situation described in the answer options?
   Answer with a letter from a–d.

Final Answer:
  Answer with a letter from a–d.","1. L0: a

2. S1: a

3. L1: a

Final Answer: a","['b', 'a', 'c', 'd']",2,UA_NI,"{'a': 20.375, 'b': 11.5, 'c': 10.8125, 'd': 10.375}","{'a': 0.9997444748878479, 'b': 0.00013980589574202895, 'c': 7.029882544884458e-05, 'd': 4.538832945399918e-05}",0.9997444748878479,a,a,a,a,"1. L0: a

2. S1: a

3. L1: a

Final Answer: a",a,,b
C1_08_A_I,C1_08,121,1,ambiguous,ironic,a,They could barely force themselves to swallow the burger.,Llama-3-8B,Condition1B_context_richness_stimuli,rsa,"You will read short stories that describe everyday situations and end with a person saying something.

For each story, there are 4 possible interpretations (a,b,c,d).

Context: They ate an unpleasant burger.

Target utterance:
They said: """"This burger tasted like heaven.""""

a. They could barely force themselves to swallow the burger.
b. The burger was the most expensive item on the menu.
c. They liked the burger more than the pizza.
d. They liked every single bite of the burger.

Answer the following questions in order:

1. Literal Listener (L0):
   How would a listener interpret the utterance literally?
   Answer with a letter from a–d.

2. Informative Speaker (S1):
   Which utterance would an informative speaker be most likely to choose, given the situations described in the answer options, assuming that a listener interprets it literally?
   Answer with a letter from a–d.

3. Pragmatic Listener (L1):
   How would a listener interpret this utterance, knowing that the speaker is informative and chooses the most appropriate utterance for the situation described in the answer options?
   Answer with a letter from a–d.

Final Answer:
  Answer with a letter from a–d.","1. L0: d

2. S1: d

3. L1: d

Final Answer: d","['b', 'c', 'd', 'a']",2,A_I,"{'a': 11.625, 'b': 11.625, 'c': 10.75, 'd': 19.375}","{'a': 0.00043029457447119057, 'b': 0.00043029457447119057, 'c': 0.0001793734700186178, 'd': 0.998960018157959}",0.998960018157959,d,d,d,d,"1. L0: d

2. S1: d

3. L1: d

Final Answer: d",d,,a
C1_09_A_NI,C1_09,106,1,ambiguous,non-ironic,c,The babysitter was taking good care of the kids.,Llama-3-8B,Condition1B_context_richness_stimuli,rsa,"You will read short stories that describe everyday situations and end with a person saying something.

For each story, there are 4 possible interpretations (a,b,c,d).

Context: They hired a scared babysitter.

Target utterance:
They said: """"The kids are not safe at all.""""

a. The babysitter was not taking good care of the kids.
b. The kids had very clean hands.
c. The babysitter was taking good care of the kids.
d. The babysitter parked her car outside.

Answer the following questions in order:

1. Literal Listener (L0):
   How would a listener interpret the utterance literally?
   Answer with a letter from a–d.

2. Informative Speaker (S1):
   Which utterance would an informative speaker be most likely to choose, given the situations described in the answer options, assuming that a listener interprets it literally?
   Answer with a letter from a–d.

3. Pragmatic Listener (L1):
   How would a listener interpret this utterance, knowing that the speaker is informative and chooses the most appropriate utterance for the situation described in the answer options?
   Answer with a letter from a–d.

Final Answer:
  Answer with a letter from a–d.","1. L0: a

2. S1: a

3. L1: a

Final Answer: a","['b', 'c', 'a', 'd']",2,A_NI,"{'a': 20.0, 'b': 10.8125, 'c': 10.0625, 'd': 9.3125}","{'a': 0.9998267292976379, 'b': 0.00010229260078631341, 'c': 4.831959813600406e-05, 'd': 2.2824560801382177e-05}",0.9998267292976379,a,a,a,a,"1. L0: a

2. S1: a

3. L1: a

Final Answer: a",a,,b
C1_10_UA_I,C1_10,66,1,unambiguous,ironic,d,The police officer did not make them feel safe at all.,Llama-3-8B,Condition1B_context_richness_stimuli,rsa,"You will read short stories that describe everyday situations and end with a person saying something.

For each story, there are 4 possible interpretations (a,b,c,d).

Context: They met a petrified police officer.

Target utterance:
They said: """"We felt so safe around you""""

a. The police officer made them feel very safe.
b. The police officer drank a cup of coffee.
c. They were sitting in a very safe seat.
d. The police officer did not make them feel safe at all.

Answer the following questions in order:

1. Literal Listener (L0):
   How would a listener interpret the utterance literally?
   Answer with a letter from a–d.

2. Informative Speaker (S1):
   Which utterance would an informative speaker be most likely to choose, given the situations described in the answer options, assuming that a listener interprets it literally?
   Answer with a letter from a–d.

3. Pragmatic Listener (L1):
   How would a listener interpret this utterance, knowing that the speaker is informative and chooses the most appropriate utterance for the situation described in the answer options?
   Answer with a letter from a–d.

Final Answer:
  Answer with a letter from a–d.","1. L0: a

2. S1: a

3. L1: a

Final Answer: a","['a', 'd', 'c', 'b']",2,UA_I,"{'a': 20.125, 'b': 10.4375, 'c': 9.5, 'd': 8.25}","{'a': 0.9999066591262817, 'b': 6.204855162650347e-05, 'c': 2.429856249364093e-05, 'd': 6.961654889892088e-06}",0.9999066591262817,a,a,a,a,"1. L0: a

2. S1: a

3. L1: a

Final Answer: a",a,,a
C1_11_UA_NI,C1_11,251,1,unambiguous,non-ironic,d,Seeing the pilot put her completely at ease.,Llama-3-8B,Condition1B_context_richness_stimuli,rsa,"You will read short stories that describe everyday situations and end with a person saying something.

For each story, there are 4 possible interpretations (a,b,c,d).

Context: She noticed the petrified pilot before boarding.

Target utterance:
She said: """"That really shook me up.""""

a. Seeing the pilot made her feel even more anxious.
b. She settled into her seat and fastened the belt.
c. She dated a pilot for several months.
d. Seeing the pilot put her completely at ease.

Answer the following questions in order:

1. Literal Listener (L0):
   How would a listener interpret the utterance literally?
   Answer with a letter from a–d.

2. Informative Speaker (S1):
   Which utterance would an informative speaker be most likely to choose, given the situations described in the answer options, assuming that a listener interprets it literally?
   Answer with a letter from a–d.

3. Pragmatic Listener (L1):
   How would a listener interpret this utterance, knowing that the speaker is informative and chooses the most appropriate utterance for the situation described in the answer options?
   Answer with a letter from a–d.

Final Answer:
  Answer with a letter from a–d.","1. L0: a

2. S1: a

3. L1: a

Final Answer: a","['b', 'c', 'd', 'a']",2,UA_NI,"{'a': 20.75, 'b': 12.0, 'c': 11.0625, 'd': 10.25}","{'a': 0.9997519850730896, 'b': 0.00015842201537452638, 'c': 6.203895463841036e-05, 'd': 2.7529618819244206e-05}",0.9997519850730896,a,a,a,a,"1. L0: a

2. S1: a

3. L1: a

Final Answer: a",a,,b
C1_12_A_I,C1_12,81,1,ambiguous,ironic,d,His father's face was full of fear.,Llama-3-8B,Condition1B_context_richness_stimuli,rsa,"You will read short stories that describe everyday situations and end with a person saying something.

For each story, there are 4 possible interpretations (a,b,c,d).

Context: He saw his scared father.

Target utterance:
He said: """"Brave as a lion""""

a. His father wore a blue jacket.
b. His father showed no fear at all.
c. The lion prowled across the savannah.
d. His father's face was full of fear.

Answer the following questions in order:

1. Literal Listener (L0):
   How would a listener interpret the utterance literally?
   Answer with a letter from a–d.

2. Informative Speaker (S1):
   Which utterance would an informative speaker be most likely to choose, given the situations described in the answer options, assuming that a listener interprets it literally?
   Answer with a letter from a–d.

3. Pragmatic Listener (L1):
   How would a listener interpret this utterance, knowing that the speaker is informative and chooses the most appropriate utterance for the situation described in the answer options?
   Answer with a letter from a–d.

Final Answer:
  Answer with a letter from a–d.","1. L0: d

2. S1: d

3. L1: d

Final Answer: d","['d', 'a', 'c', 'b']",2,A_I,"{'a': 11.1875, 'b': 11.25, 'c': 11.125, 'd': 20.25}","{'a': 0.00011589242785703391, 'b': 0.0001233668444911018, 'c': 0.00010887085954891518, 'd': 0.9996519088745117}",0.9996519088745117,d,d,d,d,"1. L0: d

2. S1: d

3. L1: d

Final Answer: d",d,,b
C1_13_A_NI,C1_13,257,1,ambiguous,non-ironic,a,"To him, his girlfriend looked well-rested and full of energy.",Llama-3-8B,Condition1B_context_richness_stimuli,rsa,"You will read short stories that describe everyday situations and end with a person saying something.

For each story, there are 4 possible interpretations (a,b,c,d).

Context: He saw his tired girlfriend.

Target utterance:
He said: """"You look like you've been awake since birth.""""

a. To him, his girlfriend looked well-rested and full of energy.
b. He had just bought her a refreshing cold drink.
c. His girlfriend clearly looked worn out, not refreshed at all.
d. He was planning to surprise his girlfriend with a home-cooked meal.

Answer the following questions in order:

1. Literal Listener (L0):
   How would a listener interpret the utterance literally?
   Answer with a letter from a–d.

2. Informative Speaker (S1):
   Which utterance would an informative speaker be most likely to choose, given the situations described in the answer options, assuming that a listener interprets it literally?
   Answer with a letter from a–d.

3. Pragmatic Listener (L1):
   How would a listener interpret this utterance, knowing that the speaker is informative and chooses the most appropriate utterance for the situation described in the answer options?
   Answer with a letter from a–d.

Final Answer:
  Answer with a letter from a–d.","1. L0: c

2. S1: c

3. L1: c

Final Answer: c","['a', 'c', 'b', 'd']",2,A_NI,"{'a': 10.8125, 'b': 11.125, 'c': 20.375, 'd': 11.25}","{'a': 7.029742846498266e-05, 'b': 9.608519030734897e-05, 'c': 0.9997246861457825, 'd': 0.00010887878306675702}",0.9997246861457825,c,c,c,c,"1. L0: c

2. S1: c

3. L1: c

Final Answer: c",c,,b
C1_14_UA_I,C1_14,156,1,unambiguous,ironic,b,Her colleague seemed very tired today.,Llama-3-8B,Condition1B_context_richness_stimuli,rsa,"You will read short stories that describe everyday situations and end with a person saying something.

For each story, there are 4 possible interpretations (a,b,c,d).

Context: She saw her exhausted colleague.

Target utterance:
She said: """"You seem so full of energy today.""""

a. Her colleague seemed very energetic today.
b. Her colleague seemed very tired today.
c. She filled up the car with energy.
d. She was redecorating the office of her colleague.

Answer the following questions in order:

1. Literal Listener (L0):
   How would a listener interpret the utterance literally?
   Answer with a letter from a–d.

2. Informative Speaker (S1):
   Which utterance would an informative speaker be most likely to choose, given the situations described in the answer options, assuming that a listener interprets it literally?
   Answer with a letter from a–d.

3. Pragmatic Listener (L1):
   How would a listener interpret this utterance, knowing that the speaker is informative and chooses the most appropriate utterance for the situation described in the answer options?
   Answer with a letter from a–d.

Final Answer:
  Answer with a letter from a–d.","1. L0: b

2. S1: b

3. L1: a

Final Answer: a","['a', 'b', 'c', 'd']",2,UA_I,"{'a': 20.625, 'b': 16.125, 'c': 11.1875, 'd': 10.25}","{'a': 0.9889046549797058, 'b': 0.010985738597810268, 'c': 7.87952885730192e-05, 'd': 3.0856677767587826e-05}",0.9889046549797058,b,b,a,a,"1. L0: b

2. S1: b

3. L1: a

Final Answer: a",a,,a
C1_15_UA_NI,C1_15,26,1,unambiguous,non-ironic,b,They felt very well-rested after the sleepover.,Llama-3-8B,Condition1B_context_richness_stimuli,rsa,"You will read short stories that describe everyday situations and end with a person saying something.

For each story, there are 4 possible interpretations (a,b,c,d).

Context: After the sleepover, they were exhausted.

Target utterance:
They said:  """"We never felt more tired in our lifes.""""

a. They did sleep overs once a year.
b. They felt very well-rested after the sleepover.
c. They felt really exhausted after the sleepover.
d. They rested the heavy boxes on the floor.

Answer the following questions in order:

1. Literal Listener (L0):
   How would a listener interpret the utterance literally?
   Answer with a letter from a–d.

2. Informative Speaker (S1):
   Which utterance would an informative speaker be most likely to choose, given the situations described in the answer options, assuming that a listener interprets it literally?
   Answer with a letter from a–d.

3. Pragmatic Listener (L1):
   How would a listener interpret this utterance, knowing that the speaker is informative and chooses the most appropriate utterance for the situation described in the answer options?
   Answer with a letter from a–d.

Final Answer:
  Answer with a letter from a–d.","1. L0: c

2. S1: c

3. L1: c

Final Answer: c","['d', 'a', 'b', 'c']",2,UA_NI,"{'a': 10.0, 'b': 9.8125, 'c': 20.75, 'd': 10.0}","{'a': 2.1444107915158384e-05, 'b': 1.7777789253159426e-05, 'c': 0.9999393224716187, 'd': 2.1444107915158384e-05}",0.9999393224716187,c,c,c,c,"1. L0: c

2. S1: c

3. L1: c

Final Answer: c",c,,b
C1_16_A_I,C1_16,168,1,ambiguous,ironic,b,Deep down I felt completely unprepared for the exam.,Llama-3-8B,Condition1B_context_richness_stimuli,rsa,"You will read short stories that describe everyday situations and end with a person saying something.

For each story, there are 4 possible interpretations (a,b,c,d).

Context: Right before my exam, I felt really tired.

Target utterance:
I said: """"I have never felt more ready.""""

a. The exam started at nine o'clock.
b. Deep down I felt completely unprepared for the exam.
c. I felt fully prepared and ready for the exam.
d. Dinner was ready by seven o'clock.

Answer the following questions in order:

1. Literal Listener (L0):
   How would a listener interpret the utterance literally?
   Answer with a letter from a–d.

2. Informative Speaker (S1):
   Which utterance would an informative speaker be most likely to choose, given the situations described in the answer options, assuming that a listener interprets it literally?
   Answer with a letter from a–d.

3. Pragmatic Listener (L1):
   How would a listener interpret this utterance, knowing that the speaker is informative and chooses the most appropriate utterance for the situation described in the answer options?
   Answer with a letter from a–d.

Final Answer:
  Answer with a letter from a–d.","1. L0: c

2. S1: c

3. L1: b

Final Answer: b","['d', 'b', 'a', 'c']",2,A_I,"{'a': 11.6875, 'b': 20.0, 'c': 14.5625, 'd': 11.125}","{'a': 0.00024427290190942585, 'b': 0.9952867031097412, 'c': 0.0043298411183059216, 'd': 0.00013918252079747617}",0.9952867031097412,c,c,b,b,"1. L0: c

2. S1: c

3. L1: b

Final Answer: b",b,,b
C1_17_A_NI,C1_17,203,1,ambiguous,non-ironic,b,Her idea was innovative.,Llama-3-8B,Condition1B_context_richness_stimuli,rsa,"You will read short stories that describe everyday situations and end with a person saying something.

For each story, there are 4 possible interpretations (a,b,c,d).

Context: She had a new idea.

Target utterance:
She said: """"Truly ahead of its time.""""

a. Her idea was outdated.
b. Her idea was innovative.
c. She had arrived early.
d. She had the idea to redecorate her office.

Answer the following questions in order:

1. Literal Listener (L0):
   How would a listener interpret the utterance literally?
   Answer with a letter from a–d.

2. Informative Speaker (S1):
   Which utterance would an informative speaker be most likely to choose, given the situations described in the answer options, assuming that a listener interprets it literally?
   Answer with a letter from a–d.

3. Pragmatic Listener (L1):
   How would a listener interpret this utterance, knowing that the speaker is informative and chooses the most appropriate utterance for the situation described in the answer options?
   Answer with a letter from a–d.

Final Answer:
  Answer with a letter from a–d.","1. L0: b

2. S1: b

3. L1: b

Final Answer: b","['b', 'a', 'c', 'd']",2,A_NI,"{'a': 10.375, 'b': 19.375, 'c': 10.0625, 'd': 9.375}","{'a': 0.00012337784573901445, 'b': 0.9997410178184509, 'c': 9.026515181176364e-05, 'd': 4.538817302091047e-05}",0.9997410178184509,b,b,b,b,"1. L0: b

2. S1: b

3. L1: b

Final Answer: b",b,,a
C1_18_UA_I,C1_18,54,1,unambiguous,ironic,a,"In his view, it was a stale approach he had seen many times before.",Llama-3-8B,Condition1B_context_richness_stimuli,rsa,"You will read short stories that describe everyday situations and end with a person saying something.

For each story, there are 4 possible interpretations (a,b,c,d).

Context: It was a novel approach.

Target utterance:
He said: """"How refreshingly innovative.""""

a. In his view, it was a stale approach he had seen many times before.
b. Refreshments were served at the end of the presentation.
c. He researched new approaches for several months.
d. He found the approach genuinely new and creative.

Answer the following questions in order:

1. Literal Listener (L0):
   How would a listener interpret the utterance literally?
   Answer with a letter from a–d.

2. Informative Speaker (S1):
   Which utterance would an informative speaker be most likely to choose, given the situations described in the answer options, assuming that a listener interprets it literally?
   Answer with a letter from a–d.

3. Pragmatic Listener (L1):
   How would a listener interpret this utterance, knowing that the speaker is informative and chooses the most appropriate utterance for the situation described in the answer options?
   Answer with a letter from a–d.

Final Answer:
  Answer with a letter from a–d.","1. L0: d

2. S1: d

3. L1: d

Final Answer: d","['b', 'c', 'd', 'a']",2,UA_I,"{'a': 10.375, 'b': 10.125, 'c': 9.625, 'd': 20.25}","{'a': 5.14389066665899e-05, 'b': 4.0060658648144454e-05, 'c': 2.429801861580927e-05, 'd': 0.9998842477798462}",0.9998842477798462,d,d,d,d,"1. L0: d

2. S1: d

3. L1: d

Final Answer: d",d,,a
C1_19_UA_NI,C1_19,191,1,unambiguous,non-ironic,b,She found the tradition beautifully enduring and meaningful.,Llama-3-8B,Condition1B_context_richness_stimuli,rsa,"You will read short stories that describe everyday situations and end with a person saying something.

For each story, there are 4 possible interpretations (a,b,c,d).

Context: The tradition was novel.

Target utterance:
She said: """"How wonderfully timeless.""""

a. To her, the tradition felt stale and long past its use.
b. She found the tradition beautifully enduring and meaningful.
c. The clock ticked for over a century.
d. She read about the tradition in a local history book.

Answer the following questions in order:

1. Literal Listener (L0):
   How would a listener interpret the utterance literally?
   Answer with a letter from a–d.

2. Informative Speaker (S1):
   Which utterance would an informative speaker be most likely to choose, given the situations described in the answer options, assuming that a listener interprets it literally?
   Answer with a letter from a–d.

3. Pragmatic Listener (L1):
   How would a listener interpret this utterance, knowing that the speaker is informative and chooses the most appropriate utterance for the situation described in the answer options?
   Answer with a letter from a–d.

Final Answer:
  Answer with a letter from a–d.","1. L0: b

2. S1: b

3. L1: b

Final Answer: b","['b', 'a', 'c', 'd']",2,UA_NI,"{'a': 10.6875, 'b': 19.625, 'c': 10.375, 'd': 10.1875}","{'a': 0.00013132873573340476, 'b': 0.9996930360794067, 'c': 9.608214895706624e-05, 'd': 7.965489930938929e-05}",0.9996930360794067,b,b,b,b,"1. L0: b

2. S1: b

3. L1: b

Final Answer: b",b,,a
C1_20_A_I,C1_20,250,1,ambiguous,ironic,c,She was disappointed with the smell of her car.,Llama-3-8B,Condition1B_context_richness_stimuli,rsa,"You will read short stories that describe everyday situations and end with a person saying something.

For each story, there are 4 possible interpretations (a,b,c,d).

Context: She bought a new car.

Target utterance:
She says: """"I just love the new car smell.""""

a. She took her car to the gas station.
b. She could smell what her husband was cooking.
c. She was disappointed with the smell of her car.
d. She liked the smell of her car.

Answer the following questions in order:

1. Literal Listener (L0):
   How would a listener interpret the utterance literally?
   Answer with a letter from a–d.

2. Informative Speaker (S1):
   Which utterance would an informative speaker be most likely to choose, given the situations described in the answer options, assuming that a listener interprets it literally?
   Answer with a letter from a–d.

3. Pragmatic Listener (L1):
   How would a listener interpret this utterance, knowing that the speaker is informative and chooses the most appropriate utterance for the situation described in the answer options?
   Answer with a letter from a–d.

Final Answer:
  Answer with a letter from a–d.","1. L0: d

2. S1: d

3. L1: d

Final Answer: d","['d', 'c', 'b', 'a']",2,A_I,"{'a': 10.625, 'b': 10.3125, 'c': 10.375, 'd': 20.25}","{'a': 6.604555528610945e-05, 'b': 4.831995829590596e-05, 'c': 5.143633097759448e-05, 'd': 0.9998341798782349}",0.9998341798782349,d,d,d,d,"1. L0: d

2. S1: d

3. L1: d

Final Answer: d",d,,a
C1_21_A_NI,C1_21,176,1,ambiguous,non-ironic,a,The birthday party was a great success.,Llama-3-8B,Condition1B_context_richness_stimuli,rsa,"You will read short stories that describe everyday situations and end with a person saying something.

For each story, there are 4 possible interpretations (a,b,c,d).

Context: She left the birthday party feeling sad.

Target utterance:
She says: """"Truly a night to remember.""""

a. The birthday party was a great success.
b. She planned her next birthday party.
c. She had trouble remembering things.
d. The birthday party was a disappointment.

Answer the following questions in order:

1. Literal Listener (L0):
   How would a listener interpret the utterance literally?
   Answer with a letter from a–d.

2. Informative Speaker (S1):
   Which utterance would an informative speaker be most likely to choose, given the situations described in the answer options, assuming that a listener interprets it literally?
   Answer with a letter from a–d.

3. Pragmatic Listener (L1):
   How would a listener interpret this utterance, knowing that the speaker is informative and chooses the most appropriate utterance for the situation described in the answer options?
   Answer with a letter from a–d.

Final Answer:
  Answer with a letter from a–d.","1. L0: d

2. S1: d

3. L1: d

Final Answer: d","['a', 'd', 'c', 'b']",2,A_NI,"{'a': 11.25, 'b': 10.5625, 'c': 9.8125, 'd': 19.875}","{'a': 0.00017950413166545331, 'b': 9.026033512782305e-05, 'c': 4.263596565579064e-05, 'd': 0.999687671661377}",0.999687671661377,d,d,d,d,"1. L0: d

2. S1: d

3. L1: d

Final Answer: d",d,,b
C1_22_UA_I,C1_22,269,1,unambiguous,ironic,c,"The wedding had been a dull, disappointing event from start to finish.",Llama-3-8B,Condition1B_context_richness_stimuli,rsa,"You will read short stories that describe everyday situations and end with a person saying something.

For each story, there are 4 possible interpretations (a,b,c,d).

Context: She left the wedding feeling miserable.

Target utterance:
She says: """"What a magical day.""""

a. The magician wowed all the guests at the reception.
b. She helped organise the flowers for the wedding beforehand.
c. The wedding had been a dull, disappointing event from start to finish.
d. The wedding was a beautiful and enchanting occasion.

Answer the following questions in order:

1. Literal Listener (L0):
   How would a listener interpret the utterance literally?
   Answer with a letter from a–d.

2. Informative Speaker (S1):
   Which utterance would an informative speaker be most likely to choose, given the situations described in the answer options, assuming that a listener interprets it literally?
   Answer with a letter from a–d.

3. Pragmatic Listener (L1):
   How would a listener interpret this utterance, knowing that the speaker is informative and chooses the most appropriate utterance for the situation described in the answer options?
   Answer with a letter from a–d.

Final Answer:
  Answer with a letter from a–d.","1. L0: d

2. S1: c

3. L1: c

Final Answer: c","['c', 'd', 'b', 'a']",2,UA_I,"{'a': 11.0625, 'b': 12.125, 'c': 20.5, 'd': 14.3125}","{'a': 7.949135761009529e-05, 'b': 0.0002300158521393314, 'c': 0.9976404905319214, 'd': 0.002050108974799514}",0.9976404905319214,d,c,c,c,"1. L0: d

2. S1: c

3. L1: c

Final Answer: c",c,,b
C1_23_UA_NI,C1_23,70,1,unambiguous,non-ironic,b,They had found the film dull from start to finish.,Llama-3-8B,Condition1B_context_richness_stimuli,rsa,"You will read short stories that describe everyday situations and end with a person saying something.

For each story, there are 4 possible interpretations (a,b,c,d).

Context: They left the cinema feeling miserable .

Target utterance:
They say: """"What a painfull film.""""

a. The injection was over quickly, but it was painful.
b. They had found the film dull from start to finish.
c. They went to the same cinema as always.
d. They had found the film funny from start to finish.

Answer the following questions in order:

1. Literal Listener (L0):
   How would a listener interpret the utterance literally?
   Answer with a letter from a–d.

2. Informative Speaker (S1):
   Which utterance would an informative speaker be most likely to choose, given the situations described in the answer options, assuming that a listener interprets it literally?
   Answer with a letter from a–d.

3. Pragmatic Listener (L1):
   How would a listener interpret this utterance, knowing that the speaker is informative and chooses the most appropriate utterance for the situation described in the answer options?
   Answer with a letter from a–d.

Final Answer:
  Answer with a letter from a–d.","1. L0: b

2. S1: b

3. L1: b

Final Answer: b","['c', 'a', 'd', 'b']",2,UA_NI,"{'a': 11.875, 'b': 20.0, 'c': 10.875, 'd': 10.125}","{'a': 0.0002959096455015242, 'b': 0.9995437264442444, 'c': 0.0001088590724975802, 'd': 5.1421389798633754e-05}",0.9995437264442444,b,b,b,b,"1. L0: b

2. S1: b

3. L1: b

Final Answer: b",b,,a
C1_24_A_I,C1_24,210,1,ambiguous,ironic,d,The message brought negative news.,Llama-3-8B,Condition1B_context_richness_stimuli,rsa,"You will read short stories that describe everyday situations and end with a person saying something.

For each story, there are 4 possible interpretations (a,b,c,d).

Context: She received a message and was sad.

Target utterance:
She says: """"These are amazing news.""""

a. The message brought good news.
b. What she read was news to her.
c. She wanted to send a message.
d. The message brought negative news.

Answer the following questions in order:

1. Literal Listener (L0):
   How would a listener interpret the utterance literally?
   Answer with a letter from a–d.

2. Informative Speaker (S1):
   Which utterance would an informative speaker be most likely to choose, given the situations described in the answer options, assuming that a listener interprets it literally?
   Answer with a letter from a–d.

3. Pragmatic Listener (L1):
   How would a listener interpret this utterance, knowing that the speaker is informative and chooses the most appropriate utterance for the situation described in the answer options?
   Answer with a letter from a–d.

Final Answer:
  Answer with a letter from a–d.","1. L0: a

2. S1: a

3. L1: a

Final Answer: a","['a', 'c', 'd', 'b']",2,A_I,"{'a': 19.25, 'b': 11.8125, 'c': 9.4375, 'd': 9.5}","{'a': 0.9992986917495728, 'b': 0.0005883423145860434, 'c': 5.472436168929562e-05, 'd': 5.825377957080491e-05}",0.9992986917495728,a,a,a,a,"1. L0: a

2. S1: a

3. L1: a

Final Answer: a",a,,a
C1_25_A_NI,C1_25,164,1,ambiguous,non-ironic,b,Her exam answers were impressively smart.,Llama-3-8B,Condition1B_context_richness_stimuli,rsa,"You will read short stories that describe everyday situations and end with a person saying something.

For each story, there are 4 possible interpretations (a,b,c,d).

Context: Her answers in the exam were stupid.

Target utterance:
She says: """"What a genius.""""

a. She studied for her next exam.
b. Her exam answers were impressively smart.
c. Her exam answers were embarrassingly poor.
d. She had a high IQ.

Answer the following questions in order:

1. Literal Listener (L0):
   How would a listener interpret the utterance literally?
   Answer with a letter from a–d.

2. Informative Speaker (S1):
   Which utterance would an informative speaker be most likely to choose, given the situations described in the answer options, assuming that a listener interprets it literally?
   Answer with a letter from a–d.

3. Pragmatic Listener (L1):
   How would a listener interpret this utterance, knowing that the speaker is informative and chooses the most appropriate utterance for the situation described in the answer options?
   Answer with a letter from a–d.

Final Answer:
  Answer with a letter from a–d.","1. L0: c

2. S1: b

3. L1: b

Final Answer: b","['d', 'a', 'b', 'c']",2,A_NI,"{'a': 11.375, 'b': 19.625, 'c': 13.3125, 'd': 10.75}","{'a': 0.0002606812340673059, 'b': 0.9977902173995972, 'c': 0.0018094864208251238, 'd': 0.00013953261077404022}",0.9977902173995972,c,b,b,b,"1. L0: c

2. S1: b

3. L1: b

Final Answer: b",b,,a
C1_26_UA_I,C1_26,84,1,unambiguous,ironic,c,"As far as they were concerned, it was a poor suggestion.",Llama-3-8B,Condition1B_context_richness_stimuli,rsa,"You will read short stories that describe everyday situations and end with a person saying something.

For each story, there are 4 possible interpretations (a,b,c,d).

Context: Their colleague's suggestion was idiotic.

Target utterance:
They said: """"We really had luck with that one.""""

a. They got lucky at the casino.
b. They thought that every project starts with a suggestion.
c. As far as they were concerned, it was a poor suggestion.
d. They were genuinely fortunate to have such a strong suggestion.

Answer the following questions in order:

1. Literal Listener (L0):
   How would a listener interpret the utterance literally?
   Answer with a letter from a–d.

2. Informative Speaker (S1):
   Which utterance would an informative speaker be most likely to choose, given the situations described in the answer options, assuming that a listener interprets it literally?
   Answer with a letter from a–d.

3. Pragmatic Listener (L1):
   How would a listener interpret this utterance, knowing that the speaker is informative and chooses the most appropriate utterance for the situation described in the answer options?
   Answer with a letter from a–d.

Final Answer:
  Answer with a letter from a–d.","1. L0: a

2. S1: c

3. L1: c

Final Answer: c","['c', 'd', 'b', 'a']",2,UA_I,"{'a': 11.875, 'b': 11.75, 'c': 20.25, 'd': 11.125}","{'a': 0.00023043472901917994, 'b': 0.00020335795124992728, 'c': 0.9994572997093201, 'd': 0.00010884966468438506}",0.9994572997093201,a,c,c,c,"1. L0: a

2. S1: c

3. L1: c

Final Answer: c",c,,b
C1_27_UA_NI,C1_27,74,1,unambiguous,non-ironic,b,His argument was strong and well presented.,Llama-3-8B,Condition1B_context_richness_stimuli,rsa,"You will read short stories that describe everyday situations and end with a person saying something.

For each story, there are 4 possible interpretations (a,b,c,d).

Context: His argument in the debate was idiotic.

Target utterance:
She says: """"What a master of rhetoric.""""

a. Sokrates was a master of rhetoric.
b. His argument was strong and well presented.
c. She had an argument with him that night.
d. His argument was weak and poorly constructed.

Answer the following questions in order:

1. Literal Listener (L0):
   How would a listener interpret the utterance literally?
   Answer with a letter from a–d.

2. Informative Speaker (S1):
   Which utterance would an informative speaker be most likely to choose, given the situations described in the answer options, assuming that a listener interprets it literally?
   Answer with a letter from a–d.

3. Pragmatic Listener (L1):
   How would a listener interpret this utterance, knowing that the speaker is informative and chooses the most appropriate utterance for the situation described in the answer options?
   Answer with a letter from a–d.

Final Answer:
  Answer with a letter from a–d.","1. L0: d

2. S1: d

3. L1: d

Final Answer: d","['c', 'a', 'd', 'b']",2,UA_NI,"{'a': 10.6875, 'b': 10.625, 'c': 9.9375, 'd': 19.5}","{'a': 0.0001488072011852637, 'b': 0.00013979144569020718, 'c': 7.02915494912304e-05, 'd': 0.9996410608291626}",0.9996410608291626,d,d,d,d,"1. L0: d

2. S1: d

3. L1: d

Final Answer: d",d,,b
C1_28_A_I,C1_28,46,1,ambiguous,ironic,d,She believed that his business plan would fail.,Llama-3-8B,Condition1B_context_richness_stimuli,rsa,"You will read short stories that describe everyday situations and end with a person saying something.

For each story, there are 4 possible interpretations (a,b,c,d).

Context: His business plan was stupid.

Target utterance:
She says: """"We will make lots of money with this.""""

a. She was interested in making lots of money.
b. He asked a colleague for help with his business plan.
c. She believed that his business plan would be successful.
d. She believed that his business plan would fail.

Answer the following questions in order:

1. Literal Listener (L0):
   How would a listener interpret the utterance literally?
   Answer with a letter from a–d.

2. Informative Speaker (S1):
   Which utterance would an informative speaker be most likely to choose, given the situations described in the answer options, assuming that a listener interprets it literally?
   Answer with a letter from a–d.

3. Pragmatic Listener (L1):
   How would a listener interpret this utterance, knowing that the speaker is informative and chooses the most appropriate utterance for the situation described in the answer options?
   Answer with a letter from a–d.

Final Answer:
  Answer with a letter from a–d.","1. L0: d

2. S1: d

3. L1: d

Final Answer: d","['c', 'd', 'a', 'b']",2,A_I,"{'a': 11.4375, 'b': 11.5625, 'c': 11.625, 'd': 20.25}","{'a': 0.00014878666843287647, 'b': 0.00016859739844221622, 'c': 0.00017947099695447832, 'd': 0.9995031356811523}",0.9995031356811523,d,d,d,d,"1. L0: d

2. S1: d

3. L1: d

Final Answer: d",d,,b
C1_29_A_NI,C1_29,202,1,ambiguous,non-ironic,b,The restaurant visit was genuinely outstanding.,Llama-3-8B,Condition1B_context_richness_stimuli,rsa,"You will read short stories that describe everyday situations and end with a person saying something.

For each story, there are 4 possible interpretations (a,b,c,d).

Context: After the restaurant visit he was hungry.

Target utterance:
He says: """"Best dinner ever.""""

a. He looked forward to this restaurant visit for weeks.
b. The restaurant visit was genuinely outstanding.
c. The restaurant visit was a real disappointment.
d. It was the best-reviewed dinner spot in the whole city.

Answer the following questions in order:

1. Literal Listener (L0):
   How would a listener interpret the utterance literally?
   Answer with a letter from a–d.

2. Informative Speaker (S1):
   Which utterance would an informative speaker be most likely to choose, given the situations described in the answer options, assuming that a listener interprets it literally?
   Answer with a letter from a–d.

3. Pragmatic Listener (L1):
   How would a listener interpret this utterance, knowing that the speaker is informative and chooses the most appropriate utterance for the situation described in the answer options?
   Answer with a letter from a–d.

Final Answer:
  Answer with a letter from a–d.","1. L0: b

2. S1: b

3. L1: b

Final Answer: b","['d', 'a', 'b', 'c']",2,A_NI,"{'a': 11.3125, 'b': 19.75, 'c': 11.0, 'd': 10.0}","{'a': 0.00021649713744409382, 'b': 0.9995668530464172, 'c': 0.000158392678713426, 'd': 5.826941196573898e-05}",0.9995668530464172,b,b,b,b,"1. L0: b

2. S1: b

3. L1: b

Final Answer: b",b,,a
C1_30_UA_I,C1_30,151,1,unambiguous,ironic,c,There had been very little worth eating at the buffet.,Llama-3-8B,Condition1B_context_richness_stimuli,rsa,"You will read short stories that describe everyday situations and end with a person saying something.

For each story, there are 4 possible interpretations (a,b,c,d).

Context: He left the buffet feeling starving.

Target utterance:
He says: """"Truly a feast for the senses."" ""

a. The buffet was a rich.
b. Diners often have a buffet.
c. There had been very little worth eating at the buffet.
d. The feast was celebrated every year in their village.

Answer the following questions in order:

1. Literal Listener (L0):
   How would a listener interpret the utterance literally?
   Answer with a letter from a–d.

2. Informative Speaker (S1):
   Which utterance would an informative speaker be most likely to choose, given the situations described in the answer options, assuming that a listener interprets it literally?
   Answer with a letter from a–d.

3. Pragmatic Listener (L1):
   How would a listener interpret this utterance, knowing that the speaker is informative and chooses the most appropriate utterance for the situation described in the answer options?
   Answer with a letter from a–d.

Final Answer:
  Answer with a letter from a–d.","1. L0: c

2. S1: c

3. L1: c

Final Answer: c","['a', 'd', 'b', 'c']",2,UA_I,"{'a': 11.375, 'b': 11.5625, 'c': 20.375, 'd': 11.125}","{'a': 0.00012336435611359775, 'b': 0.000148805818753317, 'c': 0.9996317625045776, 'd': 9.607626270735636e-05}",0.9996317625045776,c,c,c,c,"1. L0: c

2. S1: c

3. L1: c

Final Answer: c",c,,b
C1_31_UA_NI,C1_31,119,1,unambiguous,non-ironic,d,The picnic was nourishing and genuinely enjoyable.,Llama-3-8B,Condition1B_context_richness_stimuli,rsa,"You will read short stories that describe everyday situations and end with a person saying something.

For each story, there are 4 possible interpretations (a,b,c,d).

Context: They left the picnic feeling starving.

Target utterance:
They say: """"Food for the soul.""""

a. She always kept her soul music collection in good order.
b. There was barely anything to eat; they left unsatisfied.
c. They spent the morning preparing sandwiches for the picnic.
d. The picnic was nourishing and genuinely enjoyable.

Answer the following questions in order:

1. Literal Listener (L0):
   How would a listener interpret the utterance literally?
   Answer with a letter from a–d.

2. Informative Speaker (S1):
   Which utterance would an informative speaker be most likely to choose, given the situations described in the answer options, assuming that a listener interprets it literally?
   Answer with a letter from a–d.

3. Pragmatic Listener (L1):
   How would a listener interpret this utterance, knowing that the speaker is informative and chooses the most appropriate utterance for the situation described in the answer options?
   Answer with a letter from a–d.

Final Answer:
  Answer with a letter from a–d.","1. L0: b

2. S1: d

3. L1: d

Final Answer: d","['c', 'b', 'd', 'a']",2,UA_NI,"{'a': 10.5, 'b': 13.1875, 'c': 10.25, 'd': 19.875}","{'a': 8.469989552395418e-05, 'b': 0.0012446556938812137, 'c': 6.596434104721993e-05, 'd': 0.9986047148704529}",0.9986047148704529,b,d,d,d,"1. L0: b

2. S1: d

3. L1: d

Final Answer: d",d,,a
C1_32_A_I,C1_32,177,1,ambiguous,ironic,d,The waiter had forgotten to fill his plate and he did not eat anything.,Llama-3-8B,Condition1B_context_richness_stimuli,rsa,"You will read short stories that describe everyday situations and end with a person saying something.

For each story, there are 4 possible interpretations (a,b,c,d).

Context: He looked at the empty plate in front of him and was hungry.

Target utterance:
He says: """"No way I could eat more."" ""

a. He prefers to eat his lunch alone.
b. His plate had been full with food and he ate it all up.
c. He went to a stylish pottery to buy a special plate.
d. The waiter had forgotten to fill his plate and he did not eat anything.

Answer the following questions in order:

1. Literal Listener (L0):
   How would a listener interpret the utterance literally?
   Answer with a letter from a–d.

2. Informative Speaker (S1):
   Which utterance would an informative speaker be most likely to choose, given the situations described in the answer options, assuming that a listener interprets it literally?
   Answer with a letter from a–d.

3. Pragmatic Listener (L1):
   How would a listener interpret this utterance, knowing that the speaker is informative and chooses the most appropriate utterance for the situation described in the answer options?
   Answer with a letter from a–d.

Final Answer:
  Answer with a letter from a–d.","1. L0: d

2. S1: d

3. L1: d

Final Answer: d","['c', 'a', 'd', 'b']",2,A_I,"{'a': 10.4375, 'b': 10.8125, 'c': 9.5, 'd': 20.25}","{'a': 5.475422949530184e-05, 'b': 7.966693374328315e-05, 'c': 2.14420651900582e-05, 'd': 0.9998440742492676}",0.9998440742492676,d,d,d,d,"1. L0: d

2. S1: d

3. L1: d

Final Answer: d",d,,b
C1_33_A_NI,C1_33,281,1,ambiguous,non-ironic,a,The library was a calm and quiet environment.,Llama-3-8B,Condition1B_context_richness_stimuli,rsa,"You will read short stories that describe everyday situations and end with a person saying something.

For each story, there are 4 possible interpretations (a,b,c,d).

Context: She walked into the library and it was quiet.

Target utterance:
She says: """"Perfect place to concentrate.""""

a. The library was a calm and quiet environment.
b. She looked for a new book in the library.
c. The library was far too noisy to concentrate.
d. She asked her colleague for a place to concentrate.

Answer the following questions in order:

1. Literal Listener (L0):
   How would a listener interpret the utterance literally?
   Answer with a letter from a–d.

2. Informative Speaker (S1):
   Which utterance would an informative speaker be most likely to choose, given the situations described in the answer options, assuming that a listener interprets it literally?
   Answer with a letter from a–d.

3. Pragmatic Listener (L1):
   How would a listener interpret this utterance, knowing that the speaker is informative and chooses the most appropriate utterance for the situation described in the answer options?
   Answer with a letter from a–d.

Final Answer:
  Answer with a letter from a–d.","1. L0: a

2. S1: a

3. L1: a

Final Answer: a","['a', 'd', 'b', 'c']",2,A_NI,"{'a': 20.0, 'b': 11.25, 'c': 10.4375, 'd': 9.3125}","{'a': 0.9997485280036926, 'b': 0.00015842147695366293, 'c': 7.029910921119153e-05, 'd': 2.2822776372777298e-05}",0.9997485280036926,a,a,a,a,"1. L0: a

2. S1: a

3. L1: a

Final Answer: a",a,,a
C1_34_UA_I,C1_34,137,1,unambiguous,ironic,b,The concert was pretty loud.,Llama-3-8B,Condition1B_context_richness_stimuli,rsa,"You will read short stories that describe everyday situations and end with a person saying something.

For each story, there are 4 possible interpretations (a,b,c,d).

Context: We came back from a concert which was inaudible.

Target utterance:
I say: """"I've almost gone deaf.""""

a. I was looking forward to the next concert.
b. The concert was pretty loud.
c. My grandfather is deaf.
d. The concert was surprisingly quiet.

Answer the following questions in order:

1. Literal Listener (L0):
   How would a listener interpret the utterance literally?
   Answer with a letter from a–d.

2. Informative Speaker (S1):
   Which utterance would an informative speaker be most likely to choose, given the situations described in the answer options, assuming that a listener interprets it literally?
   Answer with a letter from a–d.

3. Pragmatic Listener (L1):
   How would a listener interpret this utterance, knowing that the speaker is informative and chooses the most appropriate utterance for the situation described in the answer options?
   Answer with a letter from a–d.

Final Answer:
  Answer with a letter from a–d.","1. L0: b

2. S1: b

3. L1: b

Final Answer: b","['d', 'b', 'c', 'a']",2,UA_I,"{'a': 11.3125, 'b': 19.625, 'c': 10.625, 'd': 9.6875}","{'a': 0.0002453273627907038, 'b': 0.9995830655097961, 'c': 0.00012335834617260844, 'd': 4.8307821998605505e-05}",0.9995830655097961,b,b,b,b,"1. L0: b

2. S1: b

3. L1: b

Final Answer: b",b,,b
C1_35_UA_NI,C1_35,38,1,unambiguous,non-ironic,b,The movie was too quiet to hear.,Llama-3-8B,Condition1B_context_richness_stimuli,rsa,"You will read short stories that describe everyday situations and end with a person saying something.

For each story, there are 4 possible interpretations (a,b,c,d).

Context:  She watched a movie in the theater and found it inaudible.

Target utterance:
She says: """"It was so difficult to hear.""""

a. Watching a movie in the theater is a real event.
b. The movie was too quiet to hear.
c. The movie was very loud.
d. She generally has difficulties with her hearing.

Answer the following questions in order:

1. Literal Listener (L0):
   How would a listener interpret the utterance literally?
   Answer with a letter from a–d.

2. Informative Speaker (S1):
   Which utterance would an informative speaker be most likely to choose, given the situations described in the answer options, assuming that a listener interprets it literally?
   Answer with a letter from a–d.

3. Pragmatic Listener (L1):
   How would a listener interpret this utterance, knowing that the speaker is informative and chooses the most appropriate utterance for the situation described in the answer options?
   Answer with a letter from a–d.

Final Answer:
  Answer with a letter from a–d.","1. L0: b

2. S1: b

3. L1: b

Final Answer: b","['d', 'a', 'b', 'c']",2,UA_NI,"{'a': 12.125, 'b': 19.375, 'c': 11.4375, 'd': 11.6875}","{'a': 0.0007090924773365259, 'b': 0.9984765648841858, 'c': 0.000356554111931473, 'd': 0.00045782452798448503}",0.9984765648841858,b,b,b,b,"1. L0: b

2. S1: b

3. L1: b

Final Answer: b",b,,a
C1_36_A_I,C1_36,170,1,ambiguous,ironic,a,He expected to hear louder music from his neighbours' party.,Llama-3-8B,Condition1B_context_richness_stimuli,rsa,"You will read short stories that describe everyday situations and end with a person saying something.

For each story, there are 4 possible interpretations (a,b,c,d).

Context: His neighbours' music was quiet.

Target utterance:
He says: """"It seems like they are having a great party.""""

a. He expected to hear louder music from his neighbours' party.
b. He is still unsure which party to vote for in the upcoming elections.
c. He likes talking about pop music.
d. He thinks that his neighbours' are playing music for a party.

Answer the following questions in order:

1. Literal Listener (L0):
   How would a listener interpret the utterance literally?
   Answer with a letter from a–d.

2. Informative Speaker (S1):
   Which utterance would an informative speaker be most likely to choose, given the situations described in the answer options, assuming that a listener interprets it literally?
   Answer with a letter from a–d.

3. Pragmatic Listener (L1):
   How would a listener interpret this utterance, knowing that the speaker is informative and chooses the most appropriate utterance for the situation described in the answer options?
   Answer with a letter from a–d.

Final Answer:
  Answer with a letter from a–d.","1. L0: d

2. S1: d

3. L1: d

Final Answer: d","['b', 'c', 'd', 'a']",2,A_I,"{'a': 10.6875, 'b': 10.0625, 'c': 9.75, 'd': 20.0}","{'a': 9.027283522300422e-05, 'b': 4.8319569032173604e-05, 'c': 3.5351353290025145e-05, 'd': 0.9998261332511902}",0.9998261332511902,d,d,d,d,"1. L0: d

2. S1: d

3. L1: d

Final Answer: d",d,,a
C1_37_A_NI,C1_37,153,1,ambiguous,non-ironic,d,The questions required thorough preparation to answer.,Llama-3-8B,Condition1B_context_richness_stimuli,rsa,"You will read short stories that describe everyday situations and end with a person saying something.

For each story, there are 4 possible interpretations (a,b,c,d).

Context: She prepared difficult questions for the students.

Target utterance:
She says: """"I hope they're prepared for this.""""

a. She had never felt so well prepared for a meeting.
b. The questions were straightforward and required little effort.
c. She posted the question on the class forum.
d. The questions required thorough preparation to answer.

Answer the following questions in order:

1. Literal Listener (L0):
   How would a listener interpret the utterance literally?
   Answer with a letter from a–d.

2. Informative Speaker (S1):
   Which utterance would an informative speaker be most likely to choose, given the situations described in the answer options, assuming that a listener interprets it literally?
   Answer with a letter from a–d.

3. Pragmatic Listener (L1):
   How would a listener interpret this utterance, knowing that the speaker is informative and chooses the most appropriate utterance for the situation described in the answer options?
   Answer with a letter from a–d.

Final Answer:
  Answer with a letter from a–d.","1. L0: d

2. S1: d

3. L1: d

Final Answer: d","['c', 'b', 'd', 'a']",2,A_NI,"{'a': 10.3125, 'b': 10.1875, 'c': 9.8125, 'd': 20.0}","{'a': 6.204475357662886e-05, 'b': 5.475430589285679e-05, 'c': 3.763204949791543e-05, 'd': 0.9998455047607422}",0.9998455047607422,d,d,d,d,"1. L0: d

2. S1: d

3. L1: d

Final Answer: d",d,,a
C1_38_UA_I,C1_38,20,1,unambiguous,ironic,a,Booking the appointment was frustrating and difficult.,Llama-3-8B,Condition1B_context_richness_stimuli,rsa,"You will read short stories that describe everyday situations and end with a person saying something.

For each story, there are 4 possible interpretations (a,b,c,d).

Context: He booked an appointment through a system which was impossible to use.

Target utterance:
He says:  """"That was about as easy as it gets.""""

a. Booking the appointment was frustrating and difficult.
b. Booking the appointment was straightforward and effortless.
c. He always found parallel parking easy as it gets.
d. He decided to cancel the appointment.

Answer the following questions in order:

1. Literal Listener (L0):
   How would a listener interpret the utterance literally?
   Answer with a letter from a–d.

2. Informative Speaker (S1):
   Which utterance would an informative speaker be most likely to choose, given the situations described in the answer options, assuming that a listener interprets it literally?
   Answer with a letter from a–d.

3. Pragmatic Listener (L1):
   How would a listener interpret this utterance, knowing that the speaker is informative and chooses the most appropriate utterance for the situation described in the answer options?
   Answer with a letter from a–d.

Final Answer:
  Answer with a letter from a–d.","1. L0: b

2. S1: b

3. L1: a

Final Answer: a","['b', 'a', 'c', 'd']",2,UA_I,"{'a': 20.875, 'b': 13.0625, 'c': 10.0, 'd': 8.625}","{'a': 0.9995718598365784, 'b': 0.000404471909860149, 'c': 1.8917402485385537e-05, 'd': 4.78306856166455e-06}",0.9995718598365784,b,b,a,a,"1. L0: b

2. S1: b

3. L1: a

Final Answer: a",a,,b
C1_39_UA_NI,C1_39,224,1,unambiguous,non-ironic,b,Completing the task was a genuine sign of intelligence.,Llama-3-8B,Condition1B_context_richness_stimuli,rsa,"You will read short stories that describe everyday situations and end with a person saying something.

For each story, there are 4 possible interpretations (a,b,c,d).

Context: They finished an impossible task for their maths lesson.

Target utterance:
They say: """"We must be very smart.""""

a. Anyone could have done the task, no special abilities required.
b. Completing the task was a genuine sign of intelligence.
c. They were always smart about managing their money.
d. They were given another task after the math lesson.

Answer the following questions in order:

1. Literal Listener (L0):
   How would a listener interpret the utterance literally?
   Answer with a letter from a–d.

2. Informative Speaker (S1):
   Which utterance would an informative speaker be most likely to choose, given the situations described in the answer options, assuming that a listener interprets it literally?
   Answer with a letter from a–d.

3. Pragmatic Listener (L1):
   How would a listener interpret this utterance, knowing that the speaker is informative and chooses the most appropriate utterance for the situation described in the answer options?
   Answer with a letter from a–d.

Final Answer:
  Answer with a letter from a–d.","1. L0: b

2. S1: b

3. L1: b

Final Answer: b","['b', 'a', 'c', 'd']",2,UA_NI,"{'a': 10.875, 'b': 19.625, 'c': 10.3125, 'd': 9.375}","{'a': 0.00015841631102375686, 'b': 0.9997159838676453, 'c': 9.026289626490325e-05, 'd': 3.534746065270156e-05}",0.9997159838676453,b,b,b,b,"1. L0: b

2. S1: b

3. L1: b

Final Answer: b",b,,a
C1_40_A_I,C1_40,274,1,ambiguous,ironic,c,Making the payment was complicated and painful.,Llama-3-8B,Condition1B_context_richness_stimuli,rsa,"You will read short stories that describe everyday situations and end with a person saying something.

For each story, there are 4 possible interpretations (a,b,c,d).

Context: He made a payment through a website which was difficult to use.

Target utterance:
He says:  """"Technology at its finest.""""

a. He decided to cancel the payment altogether.
b. He always thought the finest restaurants required a reservation.
c. Making the payment was complicated and painful.
d. Making the payment was a smooth and effortless experience.

Answer the following questions in order:

1. Literal Listener (L0):
   How would a listener interpret the utterance literally?
   Answer with a letter from a–d.

2. Informative Speaker (S1):
   Which utterance would an informative speaker be most likely to choose, given the situations described in the answer options, assuming that a listener interprets it literally?
   Answer with a letter from a–d.

3. Pragmatic Listener (L1):
   How would a listener interpret this utterance, knowing that the speaker is informative and chooses the most appropriate utterance for the situation described in the answer options?
   Answer with a letter from a–d.

Final Answer:
  Answer with a letter from a–d.","1. L0: d

2. S1: d

3. L1: c

Final Answer: c","['d', 'c', 'b', 'a']",2,A_I,"{'a': 9.8125, 'b': 10.6875, 'c': 20.5, 'd': 13.4375}","{'a': 2.2807209461461753e-05, 'b': 5.471165422932245e-05, 'c': 0.9990666508674622, 'd': 0.0008558342815376818}",0.9990666508674622,d,d,c,c,"1. L0: d

2. S1: d

3. L1: c

Final Answer: c",c,,b
C1_41_A_NI,C1_41,90,1,ambiguous,non-ironic,d,Her kitchen was tidy.,Llama-3-8B,Condition1B_context_richness_stimuli,rsa,"You will read short stories that describe everyday situations and end with a person saying something.

For each story, there are 4 possible interpretations (a,b,c,d).

Context: She finished cooking and the kitchen was clean.

Target utterance:
She says: """"I'm the sort of person who likes to keep things tidy.""""

a. The apartment came with a fully equipped kitchen.
b. Children should regularly tidy up their rooms.
c. Her kitchen was a mess.
d. Her kitchen was tidy.

Answer the following questions in order:

1. Literal Listener (L0):
   How would a listener interpret the utterance literally?
   Answer with a letter from a–d.

2. Informative Speaker (S1):
   Which utterance would an informative speaker be most likely to choose, given the situations described in the answer options, assuming that a listener interprets it literally?
   Answer with a letter from a–d.

3. Pragmatic Listener (L1):
   How would a listener interpret this utterance, knowing that the speaker is informative and chooses the most appropriate utterance for the situation described in the answer options?
   Answer with a letter from a–d.

Final Answer:
  Answer with a letter from a–d.","1. L0: d

2. S1: d

3. L1: d

Final Answer: d","['d', 'c', 'b', 'a']",2,A_NI,"{'a': 10.8125, 'b': 11.0625, 'c': 10.625, 'd': 19.875}","{'a': 0.00011589095811359584, 'b': 0.00014880693925078958, 'c': 9.607698302716017e-05, 'd': 0.9996392726898193}",0.9996392726898193,d,d,d,d,"1. L0: d

2. S1: d

3. L1: d

Final Answer: d",d,,a
C1_42_UA_I,C1_42,220,1,unambiguous,ironic,c,The room was left in a terrible state for far too long.,Llama-3-8B,Condition1B_context_richness_stimuli,rsa,"You will read short stories that describe everyday situations and end with a person saying something.

For each story, there are 4 possible interpretations (a,b,c,d).

Context: They walked into the room and found it pristine.

Target utterance:
They said: ""“Looks like you didn’t wait too long to clean it.”""

a. They decided to book a different room altogether.
b. The room was tidied up well before it got too messy.
c. The room was left in a terrible state for far too long.
d. They never had to wait long for a table.

Answer the following questions in order:

1. Literal Listener (L0):
   How would a listener interpret the utterance literally?
   Answer with a letter from a–d.

2. Informative Speaker (S1):
   Which utterance would an informative speaker be most likely to choose, given the situations described in the answer options, assuming that a listener interprets it literally?
   Answer with a letter from a–d.

3. Pragmatic Listener (L1):
   How would a listener interpret this utterance, knowing that the speaker is informative and chooses the most appropriate utterance for the situation described in the answer options?
   Answer with a letter from a–d.

Final Answer:
  Answer with a letter from a–d.","1. L0: b

2. S1: b

3. L1: c

Final Answer: c","['d', 'a', 'b', 'c']",2,UA_I,"{'a': 11.9375, 'b': 14.75, 'c': 20.25, 'd': 12.4375}","{'a': 0.00024427263997495174, 'b': 0.004067504778504372, 'c': 0.9952855706214905, 'd': 0.00040273749618791044}",0.9952855706214905,b,b,c,c,"1. L0: b

2. S1: b

3. L1: c

Final Answer: c",c,,b
C1_43_UA_NI,C1_43,41,1,unambiguous,non-ironic,d,The street was genuinely pleasant.,Llama-3-8B,Condition1B_context_richness_stimuli,rsa,"You will read short stories that describe everyday situations and end with a person saying something.

For each story, there are 4 possible interpretations (a,b,c,d).

Context: The street was pristine.

Target utterance:
They say:  """"Such a beautiful walk.""""

a. The street was far from pretty.
b. A dog was barking on the street.
c. They went for a walk in the park.
d. The street was genuinely pleasant.

Answer the following questions in order:

1. Literal Listener (L0):
   How would a listener interpret the utterance literally?
   Answer with a letter from a–d.

2. Informative Speaker (S1):
   Which utterance would an informative speaker be most likely to choose, given the situations described in the answer options, assuming that a listener interprets it literally?
   Answer with a letter from a–d.

3. Pragmatic Listener (L1):
   How would a listener interpret this utterance, knowing that the speaker is informative and chooses the most appropriate utterance for the situation described in the answer options?
   Answer with a letter from a–d.

Final Answer:
  Answer with a letter from a–d.","1. L0: d

2. S1: d

3. L1: d

Final Answer: d","['b', 'd', 'c', 'a']",2,UA_NI,"{'a': 11.0, 'b': 10.4375, 'c': 9.875, 'd': 20.5}","{'a': 7.484121306333691e-05, 'b': 4.264323797542602e-05, 'c': 2.4297383788507432e-05, 'd': 0.9998581409454346}",0.9998581409454346,d,d,d,d,"1. L0: d

2. S1: d

3. L1: d

Final Answer: d",d,,a
C1_44_A_I,C1_44,167,1,ambiguous,ironic,b,The floor was very dirty.,Llama-3-8B,Condition1B_context_richness_stimuli,rsa,"You will read short stories that describe everyday situations and end with a person saying something.

For each story, there are 4 possible interpretations (a,b,c,d).

Context: The floor was clean.

Target utterance:
She says: """"You could practically eat off the floor here.""""

a. The dance floor was very empty.
b. The floor was very dirty.
c. She could eat a whole cake.
d. The floor was very clean.

Answer the following questions in order:

1. Literal Listener (L0):
   How would a listener interpret the utterance literally?
   Answer with a letter from a–d.

2. Informative Speaker (S1):
   Which utterance would an informative speaker be most likely to choose, given the situations described in the answer options, assuming that a listener interprets it literally?
   Answer with a letter from a–d.

3. Pragmatic Listener (L1):
   How would a listener interpret this utterance, knowing that the speaker is informative and chooses the most appropriate utterance for the situation described in the answer options?
   Answer with a letter from a–d.

Final Answer:
  Answer with a letter from a–d.","1. L0: d

2. S1: d

3. L1: d

Final Answer: d","['d', 'b', 'c', 'a']",2,A_I,"{'a': 10.9375, 'b': 10.8125, 'c': 10.625, 'd': 20.25}","{'a': 9.02672327356413e-05, 'b': 7.966056000441313e-05, 'c': 6.604092050110921e-05, 'd': 0.9997640252113342}",0.9997640252113342,d,d,d,d,"1. L0: d

2. S1: d

3. L1: d

Final Answer: d",d,,a
C1_45_A_NI,C1_45,60,1,ambiguous,non-ironic,c,The movie was funny and great.,Llama-3-8B,Condition1B_context_richness_stimuli,rsa,"You will read short stories that describe everyday situations and end with a person saying something.

For each story, there are 4 possible interpretations (a,b,c,d).

Context: They watched a serious movie.

Target utterance:
They say: """"That was the perfect movie for a laugh.""""

a. They had such a perfect night.
b. The movie wasn't amusing.
c. The movie was funny and great.
d. They saw three movies that week.

Answer the following questions in order:

1. Literal Listener (L0):
   How would a listener interpret the utterance literally?
   Answer with a letter from a–d.

2. Informative Speaker (S1):
   Which utterance would an informative speaker be most likely to choose, given the situations described in the answer options, assuming that a listener interprets it literally?
   Answer with a letter from a–d.

3. Pragmatic Listener (L1):
   How would a listener interpret this utterance, knowing that the speaker is informative and chooses the most appropriate utterance for the situation described in the answer options?
   Answer with a letter from a–d.

Final Answer:
  Answer with a letter from a–d.","1. L0: c

2. S1: c

3. L1: c

Final Answer: c","['c', 'b', 'a', 'd']",2,A_NI,"{'a': 10.5, 'b': 11.625, 'c': 20.5, 'd': 10.625}","{'a': 4.538918437901884e-05, 'b': 0.00013980852963868529, 'c': 0.9997633099555969, 'd': 5.1432685722829774e-05}",0.9997633099555969,c,c,c,c,"1. L0: c

2. S1: c

3. L1: c

Final Answer: c",c,,a
C1_46_UA_I,C1_46,124,1,unambiguous,ironic,a,The musical was purely for laughs.,Llama-3-8B,Condition1B_context_richness_stimuli,rsa,"You will read short stories that describe everyday situations and end with a person saying something.

For each story, there are 4 possible interpretations (a,b,c,d).

Context: The musical she watched was really grim.

Target utterance:
She says: """"That cracked me up.""""

a. The musical was purely for laughs.
b. She answered some questions about the musical.
c. The musical left her deeply moved.
d. The joke cracked everyone up.

Answer the following questions in order:

1. Literal Listener (L0):
   How would a listener interpret the utterance literally?
   Answer with a letter from a–d.

2. Informative Speaker (S1):
   Which utterance would an informative speaker be most likely to choose, given the situations described in the answer options, assuming that a listener interprets it literally?
   Answer with a letter from a–d.

3. Pragmatic Listener (L1):
   How would a listener interpret this utterance, knowing that the speaker is informative and chooses the most appropriate utterance for the situation described in the answer options?
   Answer with a letter from a–d.

Final Answer:
  Answer with a letter from a–d.","1. L0: d

2. S1: c

3. L1: c

Final Answer: c","['b', 'd', 'a', 'c']",2,UA_I,"{'a': 12.0, 'b': 12.5625, 'c': 20.375, 'd': 13.75}","{'a': 0.00023010838776826859, 'b': 0.0004038528131786734, 'c': 0.9980418682098389, 'd': 0.0013241823762655258}",0.9980418682098389,d,c,c,c,"1. L0: d

2. S1: c

3. L1: c

Final Answer: c",c,,a
C1_47_UA_NI,C1_47,152,1,unambiguous,non-ironic,c,The situation was genuinely amusing.,Llama-3-8B,Condition1B_context_richness_stimuli,rsa,"You will read short stories that describe everyday situations and end with a person saying something.

For each story, there are 4 possible interpretations (a,b,c,d).

Context: The situation was grim.

Target utterance:
She says: """"Truly something to laugh about.""""

a. She tried to make the best of the situation.
b. The situation was far too serious.
c. The situation was genuinely amusing.
d. She always found it hard to laugh about things.

Answer the following questions in order:

1. Literal Listener (L0):
   How would a listener interpret the utterance literally?
   Answer with a letter from a–d.

2. Informative Speaker (S1):
   Which utterance would an informative speaker be most likely to choose, given the situations described in the answer options, assuming that a listener interprets it literally?
   Answer with a letter from a–d.

3. Pragmatic Listener (L1):
   How would a listener interpret this utterance, knowing that the speaker is informative and chooses the most appropriate utterance for the situation described in the answer options?
   Answer with a letter from a–d.

Final Answer:
  Answer with a letter from a–d.","1. L0: c

2. S1: c

3. L1: a

Final Answer: a","['d', 'b', 'a', 'c']",2,UA_NI,"{'a': 20.25, 'b': 12.1875, 'c': 14.75, 'd': 10.375}","{'a': 0.9955663084983826, 'b': 0.00031374074751511216, 'c': 0.004068652167916298, 'd': 5.121677168062888e-05}",0.9955663084983826,c,c,a,a,"1. L0: c

2. S1: c

3. L1: a

Final Answer: a",a,,d
C1_48_A_I,C1_48,138,1,ambiguous,ironic,b,The talk contained no humour.,Llama-3-8B,Condition1B_context_richness_stimuli,rsa,"You will read short stories that describe everyday situations and end with a person saying something.

For each story, there are 4 possible interpretations (a,b,c,d).

Context: His talk was serious. 

Target utterance:
Hey says: """"Wow, so many jokes in one talk.""""

a. He was a fan of old jokes.
b. The talk contained no humour.
c. He decided to cancel the talk.
d. The talk contained humour.

Answer the following questions in order:

1. Literal Listener (L0):
   How would a listener interpret the utterance literally?
   Answer with a letter from a–d.

2. Informative Speaker (S1):
   Which utterance would an informative speaker be most likely to choose, given the situations described in the answer options, assuming that a listener interprets it literally?
   Answer with a letter from a–d.

3. Pragmatic Listener (L1):
   How would a listener interpret this utterance, knowing that the speaker is informative and chooses the most appropriate utterance for the situation described in the answer options?
   Answer with a letter from a–d.

Final Answer:
  Answer with a letter from a–d.","1. L0: d

2. S1: d

3. L1: d

Final Answer: d","['c', 'b', 'd', 'a']",2,A_I,"{'a': 10.8125, 'b': 11.0625, 'c': 10.0, 'd': 19.75}","{'a': 0.00013132199819665402, 'b': 0.0001686207833699882, 'c': 5.82737811782863e-05, 'd': 0.9996417760848999}",0.9996417760848999,d,d,d,d,"1. L0: d

2. S1: d

3. L1: d

Final Answer: d",d,,a
C1_49_A_NI,C1_49,43,1,ambiguous,non-ironic,d,The airport experience was enjoyable.,Llama-3-8B,Condition1B_context_richness_stimuli,rsa,"You will read short stories that describe everyday situations and end with a person saying something.

For each story, there are 4 possible interpretations (a,b,c,d).

Context: He had a bad experience at the airport.

Target utterance:
He says: """"A complete nightmare, really.""""

a. He came back from his trip exhausted.
b. He decided to book a different airport transfer.
c. The airport experience was thoroughly unpleasant.
d. The airport experience was enjoyable.

Answer the following questions in order:

1. Literal Listener (L0):
   How would a listener interpret the utterance literally?
   Answer with a letter from a–d.

2. Informative Speaker (S1):
   Which utterance would an informative speaker be most likely to choose, given the situations described in the answer options, assuming that a listener interprets it literally?
   Answer with a letter from a–d.

3. Pragmatic Listener (L1):
   How would a listener interpret this utterance, knowing that the speaker is informative and chooses the most appropriate utterance for the situation described in the answer options?
   Answer with a letter from a–d.

Final Answer:
  Answer with a letter from a–d.","1. L0: c

2. S1: c

3. L1: c

Final Answer: c","['c', 'd', 'b', 'a']",2,A_NI,"{'a': 11.5, 'b': 11.25, 'c': 20.5, 'd': 9.625}","{'a': 0.0001233803923241794, 'b': 9.608874097466469e-05, 'c': 0.9997616410255432, 'd': 1.892099498945754e-05}",0.9997616410255432,c,c,c,c,"1. L0: c

2. S1: c

3. L1: c

Final Answer: c",c,,b
C1_50_UA_I,C1_50,16,1,unambiguous,ironic,d,The exam results were deeply disappointing.,Llama-3-8B,Condition1B_context_richness_stimuli,rsa,"You will read short stories that describe everyday situations and end with a person saying something.

For each story, there are 4 possible interpretations (a,b,c,d).

Context: He studied hard for the exam, and the results were terrible.

Target utterance:
He says: """"Well, this is amazing.""""

a. The exam results were impressive
b. He had one more exam this week.
c. He always found art museums amazing.
d. The exam results were deeply disappointing.

Answer the following questions in order:

1. Literal Listener (L0):
   How would a listener interpret the utterance literally?
   Answer with a letter from a–d.

2. Informative Speaker (S1):
   Which utterance would an informative speaker be most likely to choose, given the situations described in the answer options, assuming that a listener interprets it literally?
   Answer with a letter from a–d.

3. Pragmatic Listener (L1):
   How would a listener interpret this utterance, knowing that the speaker is informative and chooses the most appropriate utterance for the situation described in the answer options?
   Answer with a letter from a–d.

Final Answer:
  Answer with a letter from a–d.","1. L0: d

2. S1: d

3. L1: d

Final Answer: d","['a', 'd', 'c', 'b']",2,UA_I,"{'a': 9.8125, 'b': 9.375, 'c': 9.1875, 'd': 20.375}","{'a': 2.586664049886167e-05, 'b': 1.670075835136231e-05, 'c': 1.3845416106050834e-05, 'd': 0.9999436140060425}",0.9999436140060425,d,d,d,d,"1. L0: d

2. S1: d

3. L1: d

Final Answer: d",d,,b
C1_51_UA_NI,C1_51,284,1,unambiguous,non-ironic,b,They found the play dull.,Llama-3-8B,Condition1B_context_richness_stimuli,rsa,"You will read short stories that describe everyday situations and end with a person saying something.

For each story, there are 4 possible interpretations (a,b,c,d).

Context: They left the play feeling terrible.

Target utterance:
They said:  """"That wasn't fun at all.""""

a. They found the play entertaining.
b. They found the play dull.
c. They liked to watch a play in their favorite theatre.
d. They had fun eating together.

Answer the following questions in order:

1. Literal Listener (L0):
   How would a listener interpret the utterance literally?
   Answer with a letter from a–d.

2. Informative Speaker (S1):
   Which utterance would an informative speaker be most likely to choose, given the situations described in the answer options, assuming that a listener interprets it literally?
   Answer with a letter from a–d.

3. Pragmatic Listener (L1):
   How would a listener interpret this utterance, knowing that the speaker is informative and chooses the most appropriate utterance for the situation described in the answer options?
   Answer with a letter from a–d.

Final Answer:
  Answer with a letter from a–d.","1. L0: b

2. S1: b

3. L1: b

Final Answer: b","['b', 'a', 'd', 'c']",2,UA_NI,"{'a': 10.8125, 'b': 20.125, 'c': 10.5, 'd': 10.5625}","{'a': 9.026808402268216e-05, 'b': 0.9997734427452087, 'c': 6.604153895750642e-05, 'd': 7.030085544101894e-05}",0.9997734427452087,b,b,b,b,"1. L0: b

2. S1: b

3. L1: b

Final Answer: b",b,,a
C1_52_A_I,C1_52,82,1,ambiguous,ironic,c,She found the whole meal disappointing.,Llama-3-8B,Condition1B_context_richness_stimuli,rsa,"You will read short stories that describe everyday situations and end with a person saying something.

For each story, there are 4 possible interpretations (a,b,c,d).

Context: She had a bad meal at a restaurant.

Target utterance:
She says: """"That was a great restaurant visit.""""

a. The rmeal was a genuinely enjoyable experience.
b. She wanted to try the meal for months.
c. She found the whole meal disappointing.
d. She always enjoyed a restaurant visit before a big day out.

Answer the following questions in order:

1. Literal Listener (L0):
   How would a listener interpret the utterance literally?
   Answer with a letter from a–d.

2. Informative Speaker (S1):
   Which utterance would an informative speaker be most likely to choose, given the situations described in the answer options, assuming that a listener interprets it literally?
   Answer with a letter from a–d.

3. Pragmatic Listener (L1):
   How would a listener interpret this utterance, knowing that the speaker is informative and chooses the most appropriate utterance for the situation described in the answer options?
   Answer with a letter from a–d.

Final Answer:
  Answer with a letter from a–d.","1. L0: c

2. S1: c

3. L1: c

Final Answer: c","['a', 'd', 'b', 'c']",2,A_I,"{'a': 11.0, 'b': 11.1875, 'c': 20.5, 'd': 12.375}","{'a': 7.481733337044716e-05, 'b': 9.024692553794011e-05, 'c': 0.9995391368865967, 'd': 0.00029590827762149274}",0.9995391368865967,c,c,c,c,"1. L0: c

2. S1: c

3. L1: c

Final Answer: c",c,,b
C1_53_A_NI,C1_53,264,1,ambiguous,non-ironic,d,The ground was moist and muddy after the rain.,Llama-3-8B,Condition1B_context_richness_stimuli,rsa,"You will read short stories that describe everyday situations and end with a person saying something.

For each story, there are 4 possible interpretations (a,b,c,d).

Context: After the weather changed, the ground became dry.

Target utterance:
She says: """"Perfect conditions for a picnic..""""

a. She knelt in the mud to look closely at the earth.
b. The ground was uneven where she stood.
c. The ground was dried out.
d. The ground was moist and muddy after the rain.

Answer the following questions in order:

1. Literal Listener (L0):
   How would a listener interpret the utterance literally?
   Answer with a letter from a–d.

2. Informative Speaker (S1):
   Which utterance would an informative speaker be most likely to choose, given the situations described in the answer options, assuming that a listener interprets it literally?
   Answer with a letter from a–d.

3. Pragmatic Listener (L1):
   How would a listener interpret this utterance, knowing that the speaker is informative and chooses the most appropriate utterance for the situation described in the answer options?
   Answer with a letter from a–d.

Final Answer:
  Answer with a letter from a–d.","1. L0: c

2. S1: c

3. L1: c

Final Answer: c","['c', 'd', 'b', 'a']",2,A_NI,"{'a': 10.9375, 'b': 11.25, 'c': 20.25, 'd': 11.375}","{'a': 9.025662438943982e-05, 'b': 0.0001233661751030013, 'c': 0.9996465444564819, 'd': 0.00013979220238979906}",0.9996465444564819,c,c,c,c,"1. L0: c

2. S1: c

3. L1: c

Final Answer: c",c,,b
C1_54_UA_I,C1_54,178,1,unambiguous,ironic,a,The garden was just watered and needed to dry out.,Llama-3-8B,Condition1B_context_richness_stimuli,rsa,"You will read short stories that describe everyday situations and end with a person saying something.

For each story, there are 4 possible interpretations (a,b,c,d).

Context: The garden was parched in the morning.

Target utterance:
They said: """"That’s enough water for the day.""""

a. The garden was just watered and needed to dry out.
b. They wanted a new water feature.
c. They played some boardgames in the garden.
d. The garden was struggling without any water.

Answer the following questions in order:

1. Literal Listener (L0):
   How would a listener interpret the utterance literally?
   Answer with a letter from a–d.

2. Informative Speaker (S1):
   Which utterance would an informative speaker be most likely to choose, given the situations described in the answer options, assuming that a listener interprets it literally?
   Answer with a letter from a–d.

3. Pragmatic Listener (L1):
   How would a listener interpret this utterance, knowing that the speaker is informative and chooses the most appropriate utterance for the situation described in the answer options?
   Answer with a letter from a–d.

Final Answer:
  Answer with a letter from a–d.","1. L0: a

2. S1: d

3. L1: d

Final Answer: d","['b', 'c', 'd', 'a']",2,UA_I,"{'a': 14.1875, 'b': 11.375, 'c': 10.6875, 'd': 20.5}","{'a': 0.0018099152948707342, 'b': 0.00010869385732803494, 'c': 5.465470167109743e-05, 'd': 0.9980266690254211}",0.9980266690254211,a,d,d,d,"1. L0: a

2. S1: d

3. L1: d

Final Answer: d",d,,a
C1_55_UA_NI,C1_55,104,1,unambiguous,non-ironic,d,The plants had been getting plenty of moisture to grow.,Llama-3-8B,Condition1B_context_richness_stimuli,rsa,"You will read short stories that describe everyday situations and end with a person saying something.

For each story, there are 4 possible interpretations (a,b,c,d).

Context: The field was parched

Target utterance:
He says: """"Terrible news for anything trying to grow..""""

a. He was considering buying a new tractor.
b. He had been reading about different farming techniques.
c. The plants had been wilting due to lack of water.
d. The plants had been getting plenty of moisture to grow.

Answer the following questions in order:

1. Literal Listener (L0):
   How would a listener interpret the utterance literally?
   Answer with a letter from a–d.

2. Informative Speaker (S1):
   Which utterance would an informative speaker be most likely to choose, given the situations described in the answer options, assuming that a listener interprets it literally?
   Answer with a letter from a–d.

3. Pragmatic Listener (L1):
   How would a listener interpret this utterance, knowing that the speaker is informative and chooses the most appropriate utterance for the situation described in the answer options?
   Answer with a letter from a–d.

Final Answer:
  Answer with a letter from a–d.","1. L0: c

2. S1: c

3. L1: c

Final Answer: c","['d', 'c', 'b', 'a']",2,UA_NI,"{'a': 10.4375, 'b': 10.5, 'c': 20.875, 'd': 10.5}","{'a': 2.930970731540583e-05, 'b': 3.120002293144353e-05, 'c': 0.9999082088470459, 'd': 3.120002293144353e-05}",0.9999082088470459,c,c,c,c,"1. L0: c

2. S1: c

3. L1: c

Final Answer: c",c,,b
C1_56_A_I,C1_56,103,1,ambiguous,ironic,a,Her hair was completely dry.,Llama-3-8B,Condition1B_context_richness_stimuli,rsa,"You will read short stories that describe everyday situations and end with a person saying something.

For each story, there are 4 possible interpretations (a,b,c,d).

Context: She saw her dry hair.

Target utterance:
She said: """"The rain really caught me by surprise.""""

a. Her hair was completely dry.
b. She had her hair cut short last week.
c. Her hair was soaking wet.
d. They organised a surprise party for him.

Answer the following questions in order:

1. Literal Listener (L0):
   How would a listener interpret the utterance literally?
   Answer with a letter from a–d.

2. Informative Speaker (S1):
   Which utterance would an informative speaker be most likely to choose, given the situations described in the answer options, assuming that a listener interprets it literally?
   Answer with a letter from a–d.

3. Pragmatic Listener (L1):
   How would a listener interpret this utterance, knowing that the speaker is informative and chooses the most appropriate utterance for the situation described in the answer options?
   Answer with a letter from a–d.

Final Answer:
  Answer with a letter from a–d.","1. L0: c

2. S1: c

3. L1: c

Final Answer: c","['b', 'd', 'a', 'c']",2,A_I,"{'a': 11.5625, 'b': 11.9375, 'c': 20.375, 'd': 11.5625}","{'a': 0.00014878409274388105, 'b': 0.0002164795878343284, 'c': 0.9994858503341675, 'd': 0.00014878409274388105}",0.9994858503341675,c,c,c,c,"1. L0: c

2. S1: c

3. L1: c

Final Answer: c",c,,a
C1_57_A_NI,C1_57,28,1,ambiguous,non-ironic,b,I admired the outfit.,Llama-3-8B,Condition1B_context_richness_stimuli,rsa,"You will read short stories that describe everyday situations and end with a person saying something.

For each story, there are 4 possible interpretations (a,b,c,d).

Context: I wore an ugly outfit to attend the award ceremony.

Target utterance:
I say: """"I really didn't try at all today.""""

a. I thought the outfit was ugly.
b. I admired the outfit.
c. I received an amazing award.
d. The comedians on the stage enjoyed themselves.

Answer the following questions in order:

1. Literal Listener (L0):
   How would a listener interpret the utterance literally?
   Answer with a letter from a–d.

2. Informative Speaker (S1):
   Which utterance would an informative speaker be most likely to choose, given the situations described in the answer options, assuming that a listener interprets it literally?
   Answer with a letter from a–d.

3. Pragmatic Listener (L1):
   How would a listener interpret this utterance, knowing that the speaker is informative and chooses the most appropriate utterance for the situation described in the answer options?
   Answer with a letter from a–d.

Final Answer:
  Answer with a letter from a–d.","1. L0: a

2. S1: a

3. L1: a

Final Answer: a","['b', 'a', 'c', 'd']",2,A_NI,"{'a': 20.625, 'b': 11.625, 'c': 11.625, 'd': 10.8125}","{'a': 0.9996986389160156, 'b': 0.00012337260704953223, 'c': 0.00012337260704953223, 'd': 5.474626595969312e-05}",0.9996986389160156,a,a,a,a,"1. L0: a

2. S1: a

3. L1: a

Final Answer: a",a,,b
C1_58_UA_I,C1_58,150,1,unambiguous,ironic,a,She thought the car was ugly.,Llama-3-8B,Condition1B_context_richness_stimuli,rsa,"You will read short stories that describe everyday situations and end with a person saying something.

For each story, there are 4 possible interpretations (a,b,c,d).

Context: She saw a hideous car on the street.

Target utterance:
She says: """"That’s a real beauty.""""

a. She thought the car was ugly.
b. She had booked a car.
c. She admired the car.
d. She thought the painting was beautiful.

Answer the following questions in order:

1. Literal Listener (L0):
   How would a listener interpret the utterance literally?
   Answer with a letter from a–d.

2. Informative Speaker (S1):
   Which utterance would an informative speaker be most likely to choose, given the situations described in the answer options, assuming that a listener interprets it literally?
   Answer with a letter from a–d.

3. Pragmatic Listener (L1):
   How would a listener interpret this utterance, knowing that the speaker is informative and chooses the most appropriate utterance for the situation described in the answer options?
   Answer with a letter from a–d.

Final Answer:
  Answer with a letter from a–d.","1. L0: c

2. S1: c

3. L1: a

Final Answer: a","['b', 'd', 'a', 'c']",2,UA_I,"{'a': 20.125, 'b': 11.25, 'c': 14.3125, 'd': 8.875}","{'a': 0.9968671202659607, 'b': 0.0001394035352859646, 'c': 0.002980578690767288, 'd': 1.2966547728865407e-05}",0.9968671202659607,c,c,a,a,"1. L0: c

2. S1: c

3. L1: a

Final Answer: a",a,,b
C1_59_UA_NI,C1_59,287,1,unambiguous,non-ironic,c,The painting was genuinely ugly.,Llama-3-8B,Condition1B_context_richness_stimuli,rsa,"You will read short stories that describe everyday situations and end with a person saying something.

For each story, there are 4 possible interpretations (a,b,c,d).

Context: He looked at a hideous painting.

Target utterance:
He said: """"That's hard to look at.""""

a. The painting was genuinely beautiful.
b. They spent the weekend for this painting.
c. The painting was genuinely ugly.
d. He gave her a stern look.

Answer the following questions in order:

1. Literal Listener (L0):
   How would a listener interpret the utterance literally?
   Answer with a letter from a–d.

2. Informative Speaker (S1):
   Which utterance would an informative speaker be most likely to choose, given the situations described in the answer options, assuming that a listener interprets it literally?
   Answer with a letter from a–d.

3. Pragmatic Listener (L1):
   How would a listener interpret this utterance, knowing that the speaker is informative and chooses the most appropriate utterance for the situation described in the answer options?
   Answer with a letter from a–d.

Final Answer:
  Answer with a letter from a–d.","1. L0: c

2. S1: c

3. L1: c

Final Answer: c","['b', 'd', 'a', 'c']",2,UA_NI,"{'a': 10.5, 'b': 10.5, 'c': 20.625, 'd': 10.25}","{'a': 4.0060836909106e-05, 'b': 4.0060836909106e-05, 'c': 0.9998886585235596, 'd': 3.1199411751003936e-05}",0.9998886585235596,c,c,c,c,"1. L0: c

2. S1: c

3. L1: c

Final Answer: c",c,,a
C1_60_A_I,C1_60,215,1,ambiguous,ironic,b,They thought the bird was not beautiful.,Llama-3-8B,Condition1B_context_richness_stimuli,rsa,"You will read short stories that describe everyday situations and end with a person saying something.

For each story, there are 4 possible interpretations (a,b,c,d).

Context: They saw an ugly bird.

Target utterance:
They said: """"A real eye-catcher.""""

a. They thought the bird was beautiful.
b. They thought the bird was not beautiful.
c. The bird looked at them really closely.
d. They had a great time on a trip.

Answer the following questions in order:

1. Literal Listener (L0):
   How would a listener interpret the utterance literally?
   Answer with a letter from a–d.

2. Informative Speaker (S1):
   Which utterance would an informative speaker be most likely to choose, given the situations described in the answer options, assuming that a listener interprets it literally?
   Answer with a letter from a–d.

3. Pragmatic Listener (L1):
   How would a listener interpret this utterance, knowing that the speaker is informative and chooses the most appropriate utterance for the situation described in the answer options?
   Answer with a letter from a–d.

Final Answer:
  Answer with a letter from a–d.","1. L0: b

2. S1: b

3. L1: b

Final Answer: b","['a', 'b', 'c', 'd']",2,A_I,"{'a': 12.3125, 'b': 20.0, 'c': 11.25, 'd': 10.5}","{'a': 0.0004582060792017728, 'b': 0.999308705329895, 'c': 0.00015835177327971905, 'd': 7.480008207494393e-05}",0.999308705329895,b,b,b,b,"1. L0: b

2. S1: b

3. L1: b

Final Answer: b",b,,b
C1_61_A_NI,C1_61,270,1,ambiguous,non-ironic,b,The kettle was a real bargain.,Llama-3-8B,Condition1B_context_richness_stimuli,rsa,"You will read short stories that describe everyday situations and end with a person saying something.

For each story, there are 4 possible interpretations (a,b,c,d).

Context: I found a nice kettle which was cheap.

Target utterance:
I said: """"What a steal.""""

a. The kettle boiled over..
b. The kettle was a real bargain.
c. A thief tried to steal my bag.
d. The kettle was expensive.

Answer the following questions in order:

1. Literal Listener (L0):
   How would a listener interpret the utterance literally?
   Answer with a letter from a–d.

2. Informative Speaker (S1):
   Which utterance would an informative speaker be most likely to choose, given the situations described in the answer options, assuming that a listener interprets it literally?
   Answer with a letter from a–d.

3. Pragmatic Listener (L1):
   How would a listener interpret this utterance, knowing that the speaker is informative and chooses the most appropriate utterance for the situation described in the answer options?
   Answer with a letter from a–d.

Final Answer:
  Answer with a letter from a–d.","1. L0: b

2. S1: b

3. L1: b

Final Answer: b","['d', 'a', 'c', 'b']",2,A_NI,"{'a': 11.3125, 'b': 19.25, 'c': 10.25, 'd': 9.4375}","{'a': 0.0003569070831872523, 'b': 0.9994650483131409, 'c': 0.00012334377970546484, 'd': 5.473347118822858e-05}",0.9994650483131409,b,b,b,b,"1. L0: b

2. S1: b

3. L1: b

Final Answer: b",b,,a
C1_62_UA_I,C1_62,2,1,unambiguous,ironic,b,The vase was not pricy.,Llama-3-8B,Condition1B_context_richness_stimuli,rsa,"You will read short stories that describe everyday situations and end with a person saying something.

For each story, there are 4 possible interpretations (a,b,c,d).

Context: He broke a free vase.


Target utterance:
He said: """"Well, there goes a priceless treasure""""

a. He went on a hike and picked up flowers.
b. The vase was not pricy.
c. The vase was worth a lot of money.
d. The experience of breaking the vase was worth it.

Answer the following questions in order:

1. Literal Listener (L0):
   How would a listener interpret the utterance literally?
   Answer with a letter from a–d.

2. Informative Speaker (S1):
   Which utterance would an informative speaker be most likely to choose, given the situations described in the answer options, assuming that a listener interprets it literally?
   Answer with a letter from a–d.

3. Pragmatic Listener (L1):
   How would a listener interpret this utterance, knowing that the speaker is informative and chooses the most appropriate utterance for the situation described in the answer options?
   Answer with a letter from a–d.

Final Answer:
  Answer with a letter from a–d.","1. L0: c

2. S1: c

3. L1: c

Final Answer: c","['d', 'b', 'a', 'c']",2,UA_I,"{'a': 11.0625, 'b': 11.4375, 'c': 20.25, 'd': 11.4375}","{'a': 0.00010226941230939701, 'b': 0.000148801103932783, 'c': 0.9996001124382019, 'd': 0.000148801103932783}",0.9996001124382019,c,c,c,c,"1. L0: c

2. S1: c

3. L1: c

Final Answer: c",c,,a
C1_63_UA_NI,C1_63,155,1,unambiguous,non-ironic,c,The perfume was pricy.,Llama-3-8B,Condition1B_context_richness_stimuli,rsa,"You will read short stories that describe everyday situations and end with a person saying something.

For each story, there are 4 possible interpretations (a,b,c,d).

Context: She was wearing free perfume.

Target utterance:
She said: """"Smells like it's from a gas station.""""

a. The perfume was not pricy.
b. The fragrance label was worth reading.
c. The perfume was pricy.
d. The ocean was calm and quiet.

Answer the following questions in order:

1. Literal Listener (L0):
   How would a listener interpret the utterance literally?
   Answer with a letter from a–d.

2. Informative Speaker (S1):
   Which utterance would an informative speaker be most likely to choose, given the situations described in the answer options, assuming that a listener interprets it literally?
   Answer with a letter from a–d.

3. Pragmatic Listener (L1):
   How would a listener interpret this utterance, knowing that the speaker is informative and chooses the most appropriate utterance for the situation described in the answer options?
   Answer with a letter from a–d.

Final Answer:
  Answer with a letter from a–d.","1. L0: a

2. S1: a

3. L1: a

Final Answer: a","['b', 'c', 'a', 'd']",2,UA_NI,"{'a': 20.0, 'b': 12.4375, 'c': 12.5625, 'd': 11.1875}","{'a': 0.9987442493438721, 'b': 0.0005189222283661366, 'c': 0.0005880158860236406, 'd': 0.00014867370191495866}",0.9987442493438721,a,a,a,a,"1. L0: a

2. S1: a

3. L1: a

Final Answer: a",a,,b
C1_64_A_I,C1_64,275,1,ambiguous,ironic,c,The bag was worth very little.,Llama-3-8B,Condition1B_context_richness_stimuli,rsa,"You will read short stories that describe everyday situations and end with a person saying something.

For each story, there are 4 possible interpretations (a,b,c,d).

Context: She got a cheap bag.

Target utterance:
She said: """"Looks like a real designer piece.""""

a. She liked to wear that designer piece.
b. She had dark bags under her eyes.
c. The bag was worth very little.
d. The bag was worth a lot.

Answer the following questions in order:

1. Literal Listener (L0):
   How would a listener interpret the utterance literally?
   Answer with a letter from a–d.

2. Informative Speaker (S1):
   Which utterance would an informative speaker be most likely to choose, given the situations described in the answer options, assuming that a listener interprets it literally?
   Answer with a letter from a–d.

3. Pragmatic Listener (L1):
   How would a listener interpret this utterance, knowing that the speaker is informative and chooses the most appropriate utterance for the situation described in the answer options?
   Answer with a letter from a–d.

Final Answer:
  Answer with a letter from a–d.","1. L0: d

2. S1: d

3. L1: d

Final Answer: d","['c', 'd', 'b', 'a']",2,A_I,"{'a': 11.6875, 'b': 11.25, 'c': 11.625, 'd': 19.625}","{'a': 0.00035676875268109143, 'b': 0.00023034721380099654, 'c': 0.0003351532213855535, 'd': 0.9990776777267456}",0.9990776777267456,d,d,d,d,"1. L0: d

2. S1: d

3. L1: d

Final Answer: d",d,,a
C1_65_A_NI,C1_65,157,1,ambiguous,non-ironic,b,The house felt cramped and tiny.,Llama-3-8B,Condition1B_context_richness_stimuli,rsa,"You will read short stories that describe everyday situations and end with a person saying something.

For each story, there are 4 possible interpretations (a,b,c,d).

Context: They moved into a small house.

Target utterance:
They said: """"You can barely turn around in here.""""

a. The house was red and blue.
b. The house felt cramped and tiny.
c. The house felt spacious and huge.
d. They made a sharp turn at the end of the road.

Answer the following questions in order:

1. Literal Listener (L0):
   How would a listener interpret the utterance literally?
   Answer with a letter from a–d.

2. Informative Speaker (S1):
   Which utterance would an informative speaker be most likely to choose, given the situations described in the answer options, assuming that a listener interprets it literally?
   Answer with a letter from a–d.

3. Pragmatic Listener (L1):
   How would a listener interpret this utterance, knowing that the speaker is informative and chooses the most appropriate utterance for the situation described in the answer options?
   Answer with a letter from a–d.

Final Answer:
  Answer with a letter from a–d.","1. L0: b

2. S1: b

3. L1: b

Final Answer: b","['d', 'a', 'b', 'c']",2,A_NI,"{'a': 10.9375, 'b': 20.125, 'c': 10.5625, 'd': 10.5}","{'a': 0.00010228591418126598, 'b': 0.9997614026069641, 'c': 7.03000114299357e-05, 'd': 6.604074587812647e-05}",0.9997614026069641,b,b,b,b,"1. L0: b

2. S1: b

3. L1: b

Final Answer: b",b,,a
C1_66_UA_I,C1_66,126,1,unambiguous,ironic,c,They thought the concert was small.,Llama-3-8B,Condition1B_context_richness_stimuli,rsa,"You will read short stories that describe everyday situations and end with a person saying something.

For each story, there are 4 possible interpretations (a,b,c,d).

Context: They attended a concert at a tiny venue.



Target utterance:
They said: """"What a massive event.""""

a. They liked go to concerts.
b. They thought the concert was huge.
c. They thought the concert was small.
d. They organized a massive event for dating.

Answer the following questions in order:

1. Literal Listener (L0):
   How would a listener interpret the utterance literally?
   Answer with a letter from a–d.

2. Informative Speaker (S1):
   Which utterance would an informative speaker be most likely to choose, given the situations described in the answer options, assuming that a listener interprets it literally?
   Answer with a letter from a–d.

3. Pragmatic Listener (L1):
   How would a listener interpret this utterance, knowing that the speaker is informative and chooses the most appropriate utterance for the situation described in the answer options?
   Answer with a letter from a–d.

Final Answer:
  Answer with a letter from a–d.","1. L0: b

2. S1: b

3. L1: b

Final Answer: b","['d', 'a', 'b', 'c']",2,UA_I,"{'a': 11.75, 'b': 19.375, 'c': 12.0625, 'd': 10.625}","{'a': 0.0004874549340456724, 'b': 0.9986881613731384, 'c': 0.0006662718951702118, 'd': 0.00015825344598852098}",0.9986881613731384,b,b,b,b,"1. L0: b

2. S1: b

3. L1: b

Final Answer: b",b,,a
C1_67_UA_NI,C1_67,262,1,unambiguous,non-ironic,a,She thought the spider was tiny.,Llama-3-8B,Condition1B_context_richness_stimuli,rsa,"You will read short stories that describe everyday situations and end with a person saying something.

For each story, there are 4 possible interpretations (a,b,c,d).

Context: She spotted a tiny spider.

Target utterance:
She said: """"Almost didn't see it.""""

a. She thought the spider was tiny.
b. She drew a spider diagram to plan her essay.
c. She went to see her doctor on Monday.
d. She thought the spider was huge.

Answer the following questions in order:

1. Literal Listener (L0):
   How would a listener interpret the utterance literally?
   Answer with a letter from a–d.

2. Informative Speaker (S1):
   Which utterance would an informative speaker be most likely to choose, given the situations described in the answer options, assuming that a listener interprets it literally?
   Answer with a letter from a–d.

3. Pragmatic Listener (L1):
   How would a listener interpret this utterance, knowing that the speaker is informative and chooses the most appropriate utterance for the situation described in the answer options?
   Answer with a letter from a–d.

Final Answer:
  Answer with a letter from a–d.","1. L0: a

2. S1: a

3. L1: a

Final Answer: a","['a', 'd', 'c', 'b']",2,UA_NI,"{'a': 20.25, 'b': 10.5, 'c': 9.625, 'd': 9.0625}","{'a': 0.9999035596847534, 'b': 5.828904249938205e-05, 'c': 2.4298487915075384e-05, 'd': 1.3844861314282753e-05}",0.9999035596847534,a,a,a,a,"1. L0: a

2. S1: a

3. L1: a

Final Answer: a",a,,a
C1_68_A_I,C1_68,62,1,ambiguous,ironic,a,I thought the dog was small.,Llama-3-8B,Condition1B_context_richness_stimuli,rsa,"You will read short stories that describe everyday situations and end with a person saying something.

For each story, there are 4 possible interpretations (a,b,c,d).

Context: I met a small dog.

Target utterance:
I said: """"He could swallow me whole.""""

a. I thought the dog was small.
b. The dog wore a collar.
c. I thought the dog was huge.
d. I swallowed a pill.

Answer the following questions in order:

1. Literal Listener (L0):
   How would a listener interpret the utterance literally?
   Answer with a letter from a–d.

2. Informative Speaker (S1):
   Which utterance would an informative speaker be most likely to choose, given the situations described in the answer options, assuming that a listener interprets it literally?
   Answer with a letter from a–d.

3. Pragmatic Listener (L1):
   How would a listener interpret this utterance, knowing that the speaker is informative and chooses the most appropriate utterance for the situation described in the answer options?
   Answer with a letter from a–d.

Final Answer:
  Answer with a letter from a–d.","1. L0: c

2. S1: c

3. L1: c

Final Answer: c","['b', 'd', 'a', 'c']",2,A_I,"{'a': 11.5625, 'b': 11.4375, 'c': 20.5, 'd': 10.6875}","{'a': 0.00013132939056959003, 'b': 0.00011589777568588033, 'c': 0.9996980428695679, 'd': 5.4746233217883855e-05}",0.9996980428695679,c,c,c,c,"1. L0: c

2. S1: c

3. L1: c

Final Answer: c",c,,a
C1_69_A_NI,C1_69,37,1,ambiguous,non-ironic,b,The pool was super cold.,Llama-3-8B,Condition1B_context_richness_stimuli,rsa,"You will read short stories that describe everyday situations and end with a person saying something.

For each story, there are 4 possible interpretations (a,b,c,d).

Context: She jumped into a cool pool.

Target utterance:
She said:  """"One could catch a cold in here.""""

a. She liked to chill on that sofa after work.
b. The pool was super cold.
c. The pool was super warm.
d. She played a game of pool in the bar.

Answer the following questions in order:

1. Literal Listener (L0):
   How would a listener interpret the utterance literally?
   Answer with a letter from a–d.

2. Informative Speaker (S1):
   Which utterance would an informative speaker be most likely to choose, given the situations described in the answer options, assuming that a listener interprets it literally?
   Answer with a letter from a–d.

3. Pragmatic Listener (L1):
   How would a listener interpret this utterance, knowing that the speaker is informative and chooses the most appropriate utterance for the situation described in the answer options?
   Answer with a letter from a–d.

Final Answer:
  Answer with a letter from a–d.","1. L0: b

2. S1: b

3. L1: b

Final Answer: b","['c', 'a', 'b', 'd']",2,A_NI,"{'a': 12.25, 'b': 19.75, 'c': 11.875, 'd': 11.3125}","{'a': 0.0005524490843527019, 'b': 0.9988514184951782, 'c': 0.00037969235563650727, 'd': 0.00021634217409882694}",0.9988514184951782,b,b,b,b,"1. L0: b

2. S1: b

3. L1: b

Final Answer: b",b,,a
C1_70_UA_I,C1_70,17,1,unambiguous,ironic,b,The weather conditions were awful.,Llama-3-8B,Condition1B_context_richness_stimuli,rsa,"You will read short stories that describe everyday situations and end with a person saying something.

For each story, there are 4 possible interpretations (a,b,c,d).

Context: He went to the beach, and the weather was cold.

Target utterance:
He said: """"Couldn't have asked for better weather.""""

a. He meant to harvest the houseplants, but forgot about it.
b. The weather conditions were awful.
c. The delivery driver arrived in heavy rain.
d. The weather conditions were perfect.

Answer the following questions in order:

1. Literal Listener (L0):
   How would a listener interpret the utterance literally?
   Answer with a letter from a–d.

2. Informative Speaker (S1):
   Which utterance would an informative speaker be most likely to choose, given the situations described in the answer options, assuming that a listener interprets it literally?
   Answer with a letter from a–d.

3. Pragmatic Listener (L1):
   How would a listener interpret this utterance, knowing that the speaker is informative and chooses the most appropriate utterance for the situation described in the answer options?
   Answer with a letter from a–d.

Final Answer:
  Answer with a letter from a–d.","1. L0: d

2. S1: d

3. L1: d

Final Answer: d","['d', 'b', 'c', 'a']",2,UA_I,"{'a': 10.5625, 'b': 10.3125, 'c': 10.0625, 'd': 19.625}","{'a': 0.00011590072244871408, 'b': 9.026357292896137e-05, 'c': 7.02973484294489e-05, 'd': 0.999723494052887}",0.999723494052887,d,d,d,d,"1. L0: d

2. S1: d

3. L1: d

Final Answer: d",d,,a
C1_71_UA_NI,C1_71,75,1,unambiguous,non-ironic,b,The room was freezing cold.,Llama-3-8B,Condition1B_context_richness_stimuli,rsa,"You will read short stories that describe everyday situations and end with a person saying something.

For each story, there are 4 possible interpretations (a,b,c,d).

Context: I walked into a cold room. 

Target utterance:
I said:  """"Feels like the North Pole in here.""""

a. There wasn't enough room in the car for everyone.
b. The room was freezing cold.
c. The room was really warm.
d. I leaned the fishing pole against the wall.

Answer the following questions in order:

1. Literal Listener (L0):
   How would a listener interpret the utterance literally?
   Answer with a letter from a–d.

2. Informative Speaker (S1):
   Which utterance would an informative speaker be most likely to choose, given the situations described in the answer options, assuming that a listener interprets it literally?
   Answer with a letter from a–d.

3. Pragmatic Listener (L1):
   How would a listener interpret this utterance, knowing that the speaker is informative and chooses the most appropriate utterance for the situation described in the answer options?
   Answer with a letter from a–d.

Final Answer:
  Answer with a letter from a–d.","1. L0: b

2. S1: b

3. L1: b

Final Answer: b","['d', 'a', 'b', 'c']",2,UA_NI,"{'a': 11.0, 'b': 19.625, 'c': 10.875, 'd': 9.75}","{'a': 0.0001794903218979016, 'b': 0.9996107220649719, 'c': 0.00015839963452890515, 'd': 5.142483496456407e-05}",0.9996107220649719,b,b,b,b,"1. L0: b

2. S1: b

3. L1: b

Final Answer: b",b,,a
C1_72_A_I,C1_72,222,1,ambiguous,ironic,d,Her coffee did not taste good.,Llama-3-8B,Condition1B_context_richness_stimuli,rsa,"You will read short stories that describe everyday situations and end with a person saying something.

For each story, there are 4 possible interpretations (a,b,c,d).

Context: She took a sip of the cool coffee.

Target utterance:
She said: """"This is what freshly made coffee tastes like.""""

a. Her coffee was delicious.
b. She did an experiment in health science.
c. Her coffee tasted like fresh mint.
d. Her coffee did not taste good.

Answer the following questions in order:

1. Literal Listener (L0):
   How would a listener interpret the utterance literally?
   Answer with a letter from a–d.

2. Informative Speaker (S1):
   Which utterance would an informative speaker be most likely to choose, given the situations described in the answer options, assuming that a listener interprets it literally?
   Answer with a letter from a–d.

3. Pragmatic Listener (L1):
   How would a listener interpret this utterance, knowing that the speaker is informative and chooses the most appropriate utterance for the situation described in the answer options?
   Answer with a letter from a–d.

Final Answer:
  Answer with a letter from a–d.","1. L0: a

2. S1: a

3. L1: a

Final Answer: a","['a', 'd', 'c', 'b']",2,A_I,"{'a': 20.0, 'b': 10.8125, 'c': 9.625, 'd': 10.25}","{'a': 0.9998082518577576, 'b': 0.00010229070903733373, 'c': 3.119690154562704e-05, 'd': 5.828348366776481e-05}",0.9998082518577576,a,a,a,a,"1. L0: a

2. S1: a

3. L1: a

Final Answer: a",a,,a
