Item_ID,base_item,presentation_order,seed,context_level,irony_label,correct_option_pos,correct_option_text,model,dataset,prompt_type,prompt,output,original_option_mapping,run,condition,option_logits_raw,confidence_dist,confidence_top_prob,chosen_option,reasoning,chosen_original_option
C1_01_A_NI,C1_01,265,1,ambiguous,non-ironic,d,The cat was easy to lift up.,Gpt2-1.5B,Condition1B_context_richness_stimuli,general_reasoning,"You will read short stories that describe everyday situations and which finish with a person saying something. Your task is to decide, given the situation, what meaning the person is most likely conveying. Each story will be followed by 4 possible meaning interpretations listed from a to d. Read each story and choose the number corresponding to the most likely meaning. State the reasoning in 2-3 bullet points and the answer. You can only answer with a, b, c, or d.
Context: He lifted the thin cat from the table.
Target utterance: He said:  """"That was easy!""""
What meaning is He most likely conveying?
a. The cat was really hard to lift up.
b. The exam was really easy.
c. He just got a great deal on a cat bed.
d. The cat was easy to lift up.
Reasoning:
Answer:
","a. The cat was really hard to lift up.
b. The exam was really easy.
c. He just got a great deal on a cat bed.
d. The cat was easy to lift up.
Question:
You are reading a passage about a man who is trying to get a job. The passage begins with the man saying, ""I'm a good salesman."" The passage ends with the man saying, ""I'm a good salesman."" Which of the following is most likely?
a. ""I'm a good salesman.""
b. ""I'm a good salesman.""
c. ""I'm a good salesman.""
d. ""I'm a good salesman.""
Question:
You are reading","['b', 'c', 'd', 'a']",2,A_NI,"{'a': 7.46875, 'b': 7.09375, 'c': 7.15625, 'd': 7.3125}","{'a': 0.30541345477104187, 'b': 0.2099073976278305, 'c': 0.22344526648521423, 'd': 0.26123395562171936}",0.30541345477104187,a,,b
C1_02_UA_I,C1_02,198,1,unambiguous,ironic,c,The dog was very light to pick up.,Gpt2-1.5B,Condition1B_context_richness_stimuli,general_reasoning,"You will read short stories that describe everyday situations and which finish with a person saying something. Your task is to decide, given the situation, what meaning the person is most likely conveying. Each story will be followed by 4 possible meaning interpretations listed from a to d. Read each story and choose the number corresponding to the most likely meaning. State the reasoning in 2-3 bullet points and the answer. You can only answer with a, b, c, or d.
Context: She picked up her skinny dog.
Target utterance: She said: """"Heaviest dog ever.""""
What meaning is She most likely conveying?
a. It was the heaviest package she ever carried.
b. The dog was really heavy to pick up.
c. The dog was very light to pick up.
d. She just adopted a new dog.
Reasoning:
Answer:
","a. It was the heaviest package she ever carried.
b. The dog was really heavy to pick up.
c. The dog was very light to pick up.
d. She just adopted a new dog.
Question:
You are reading a passage about a man who is in a relationship with a woman. The passage describes a time when the man was in a relationship with a woman who was in a relationship with another man. The passage describes a time when the man was in a relationship with a woman who was in a relationship with another woman. The passage describes a time when the man was in a relationship with a woman who was in a relationship with another woman. The passage describes a time when the man was in a relationship","['c', 'a', 'b', 'd']",2,UA_I,"{'a': 6.8125, 'b': 4.71875, 'c': 4.75, 'd': 4.625}","{'a': 0.7339143753051758, 'b': 0.09043599665164948, 'c': 0.09330674260854721, 'd': 0.08234291523694992}",0.7339143753051758,a,,c
C1_03_UA_NI,C1_03,7,1,unambiguous,non-ironic,b,Their friend was very easy to lift.,Gpt2-1.5B,Condition1B_context_richness_stimuli,general_reasoning,"You will read short stories that describe everyday situations and which finish with a person saying something. Your task is to decide, given the situation, what meaning the person is most likely conveying. Each story will be followed by 4 possible meaning interpretations listed from a to d. Read each story and choose the number corresponding to the most likely meaning. State the reasoning in 2-3 bullet points and the answer. You can only answer with a, b, c, or d.
Context: They lift their skinny friend.
Target utterance: They said: """"Light as a feather.""""
What meaning is They most likely conveying?
a. Getting their friend off the ground took a lot of effort.
b. Their friend was very easy to lift.
c. They decided to go out for dinner with their friend.
d. The feather fell gently to the ground.
Reasoning:
Answer:
","a. Getting their friend off the ground took a lot of effort.
b. Their friend was very easy to lift.
c. They decided to go out for dinner with their friend.
d. The feather fell gently to the ground.
Question:
You are reading a passage about a person who is in a car accident. The passage ends with the person saying something. Your task is to decide, given the situation, what meaning the person is most likely conveying. Each story will be followed by 4 possible meaning interpretations listed from a to d. Read each story and choose the number corresponding to the most likely meaning. State the reasoning in 2-3 bullet points and the answer. You can only answer with a, b,","['b', 'a', 'd', 'c']",2,UA_NI,"{'a': 7.3125, 'b': 7.0, 'c': 6.09375, 'd': 7.03125}","{'a': 0.35944655537605286, 'b': 0.262976735830307, 'c': 0.10625219345092773, 'd': 0.27132448554039}",0.35944655537605286,a,,b
C1_04_A_I,C1_04,6,1,ambiguous,ironic,b,Holding my nephew took nothing of my strength.,Gpt2-1.5B,Condition1B_context_richness_stimuli,general_reasoning,"You will read short stories that describe everyday situations and which finish with a person saying something. Your task is to decide, given the situation, what meaning the person is most likely conveying. Each story will be followed by 4 possible meaning interpretations listed from a to d. Read each story and choose the number corresponding to the most likely meaning. State the reasoning in 2-3 bullet points and the answer. You can only answer with a, b, c, or d.
Context: I held my thin nephew in my arms.
Target utterance: I said: """"Heavier than an elephant.""""
What meaning is I most likely conveying?
a. My nephew ate a burger that day.
b. Holding my nephew took nothing of my strength.
c. The elephant lumbered slowly across the plain.
d. Holding my nephew took all my strength.
Reasoning:
Answer:
","a. I said: ""Heavier than an elephant.""
b. Holding my nephew took nothing of my strength.
c. The elephant lumbered slowly across the plain.
d. Holding my nephew took all my strength.
The answer is d.
You will read short stories that describe everyday situations and which finish with a person saying something. Your task is to decide, given the situation, what meaning the person is most likely conveying. Each story will be followed by 4 possible meaning interpretations listed from a to d. Read each story and choose the number corresponding to the most likely meaning. State the reasoning in 2-3 bullet points and the answer. You can only answer with a, b, c, or d.
","['d', 'b', 'c', 'a']",2,A_I,"{'a': 7.5625, 'b': 7.34375, 'c': 6.96875, 'd': 8.6875}","{'a': 0.18395906686782837, 'b': 0.1478152722120285, 'c': 0.10159184038639069, 'd': 0.5666338205337524}",0.5666338205337524,a,,d
C1_05_A_NI,C1_05,52,1,ambiguous,non-ironic,c,The cake tasted really good.,Gpt2-1.5B,Condition1B_context_richness_stimuli,general_reasoning,"You will read short stories that describe everyday situations and which finish with a person saying something. Your task is to decide, given the situation, what meaning the person is most likely conveying. Each story will be followed by 4 possible meaning interpretations listed from a to d. Read each story and choose the number corresponding to the most likely meaning. State the reasoning in 2-3 bullet points and the answer. You can only answer with a, b, c, or d.
Context: She ate an unpleasant cake.
Target utterance: She said: """"What an amazing flavour.""""
What meaning is She most likely conveying?
a. The cake had three candles on top.
b. The cake tasted really bad.
c. The cake tasted really good.
d. The soup smelled absolutely delicious
Reasoning:
Answer:
","a. The cake had three candles on top.
b. The cake tasted really bad.
c. The cake tasted really good.
d. The soup smelled absolutely delicious
Context: She was in a car accident.
Target utterance: She said: ""I'm so sorry.""
What meaning is She most likely conveying?
a. I'm so sorry.
b. I'm sorry.
c. I'm sorry.
d. I'm sorry.
Reasoning:
Answer:
a. I'm so sorry.
b. I'm sorry.
c. I'm sorry.
d. I'm sorry.
Context: She was in a car accident.
Target utterance:","['d', 'b', 'a', 'c']",2,A_NI,"{'a': 7.125, 'b': 5.71875, 'c': 5.59375, 'd': 6.03125}","{'a': 0.5567048788070679, 'b': 0.1364263892173767, 'c': 0.12039587646722794, 'd': 0.18647277355194092}",0.5567048788070679,a,"Answer:
a. I'm so sorry.
b. I'm sorry.
c. I'm sorry.
d. I'm sorry.
Context: She was in a car accident.
Target utterance:",d
C1_06_UA_I,C1_06,266,1,unambiguous,ironic,d,The medicine tasted absolutely awful.,Gpt2-1.5B,Condition1B_context_richness_stimuli,general_reasoning,"You will read short stories that describe everyday situations and which finish with a person saying something. Your task is to decide, given the situation, what meaning the person is most likely conveying. Each story will be followed by 4 possible meaning interpretations listed from a to d. Read each story and choose the number corresponding to the most likely meaning. State the reasoning in 2-3 bullet points and the answer. You can only answer with a, b, c, or d.
Context: He swallowed the medicine and found it disgusting.
Target utterance: He said: """"Tastier than expected.""""
What meaning is He most likely conveying?
a. The cake was tastier than expected.
b. The medicine tasted surprisingly pleasant.
c. He kept the medicine in the bathroom cabinet.
d. The medicine tasted absolutely awful.
Reasoning:
Answer:
","a. The cake was tastier than expected.
b. The medicine tasted surprisingly pleasant.
c. He kept the medicine in the bathroom cabinet.
d. The medicine tasted absolutely awful.
Question:
You are reading a story about a man who is trying to get a job. The story ends with the man saying something like, ""I'm not sure I can do this job."" The passage is followed by 4 possible meaning interpretations listed from a to d. Read each story and choose the number corresponding to the most likely meaning. State the reasoning in 2-3 bullet points and the answer. You can only answer with a, b, c, or d.

Context: He swallowed the medicine and found it disgusting.","['c', 'a', 'd', 'b']",2,UA_I,"{'a': 7.875, 'b': 7.9375, 'c': 8.0, 'd': 8.125}","{'a': 0.2231312096118927, 'b': 0.2375219315290451, 'c': 0.2528407871723175, 'd': 0.28650614619255066}",0.28650614619255066,a,,c
C1_07_UA_NI,C1_07,11,1,unambiguous,non-ironic,b,The smoothie was thoroughly enjoyable.,Gpt2-1.5B,Condition1B_context_richness_stimuli,general_reasoning,"You will read short stories that describe everyday situations and which finish with a person saying something. Your task is to decide, given the situation, what meaning the person is most likely conveying. Each story will be followed by 4 possible meaning interpretations listed from a to d. Read each story and choose the number corresponding to the most likely meaning. State the reasoning in 2-3 bullet points and the answer. You can only answer with a, b, c, or d.
Context: I took a sip of my smoothie and found it disgusting.
Target utterance: I said: """"What a treat.""""
What meaning is I most likely conveying?
a. The smoothie was thoroughly nasty.
b. The smoothie was thoroughly enjoyable.
c. She gave the dog a treat.
d. She was looking for a new smoothie recipe.
Reasoning:
Answer:
","a. The smoothie was thoroughly nasty.
b. The smoothie was thoroughly enjoyable.
c. She gave the dog a treat.
d. She was looking for a new smoothie recipe.
Question:
You are reading a story about a man who is trying to find a job. The story ends with the man saying something like: ""I'm not sure I can do this job."" What meaning is he most likely conveying?
a. I'm not sure I can do this job.
b. I'm not sure I can do this job.
c. I'm not sure I can do this job.
d. I'm not sure I can do this job.
Reasoning:
Answer","['b', 'a', 'c', 'd']",2,UA_NI,"{'a': 8.5, 'b': 7.46875, 'c': 7.375, 'd': 7.59375}","{'a': 0.4795588254928589, 'b': 0.1709919571876526, 'c': 0.15568995475769043, 'd': 0.1937592774629593}",0.4795588254928589,a,Answer,b
C1_08_A_I,C1_08,121,1,ambiguous,ironic,a,They could barely force themselves to swallow the burger.,Gpt2-1.5B,Condition1B_context_richness_stimuli,general_reasoning,"You will read short stories that describe everyday situations and which finish with a person saying something. Your task is to decide, given the situation, what meaning the person is most likely conveying. Each story will be followed by 4 possible meaning interpretations listed from a to d. Read each story and choose the number corresponding to the most likely meaning. State the reasoning in 2-3 bullet points and the answer. You can only answer with a, b, c, or d.
Context: They ate an unpleasant burger.
Target utterance: They said: """"This burger tasted like heaven.""""
What meaning is They most likely conveying?
a. They could barely force themselves to swallow the burger.
b. The burger was the most expensive item on the menu.
c. They liked the burger more than the pizza.
d. They liked every single bite of the burger.
Reasoning:
Answer:
","a. They liked the burger more than the pizza.
b. The burger was the most expensive item on the menu.
c. They liked the burger more than the pizza.
d. They liked every single bite of the burger.
Question:
You are reading a passage about a man who is trying to find a job. The passage is about a man who is trying to find a job. The passage is about a man who is trying to find a job. The passage is about a man who is trying to find a job. The passage is about a man who is trying to find a job. The passage is about a man who is trying to find a job. The passage is about a man who is trying to find","['b', 'c', 'd', 'a']",2,A_I,"{'a': 7.0, 'b': 4.71875, 'c': 4.59375, 'd': 4.125}","{'a': 0.8008166551589966, 'b': 0.08180857449769974, 'c': 0.07219581305980682, 'd': 0.045178983360528946}",0.8008166551589966,a,,b
C1_09_A_NI,C1_09,106,1,ambiguous,non-ironic,c,The babysitter was taking good care of the kids.,Gpt2-1.5B,Condition1B_context_richness_stimuli,general_reasoning,"You will read short stories that describe everyday situations and which finish with a person saying something. Your task is to decide, given the situation, what meaning the person is most likely conveying. Each story will be followed by 4 possible meaning interpretations listed from a to d. Read each story and choose the number corresponding to the most likely meaning. State the reasoning in 2-3 bullet points and the answer. You can only answer with a, b, c, or d.
Context: They hired a scared babysitter.
Target utterance: They said: """"The kids are not safe at all.""""
What meaning is They most likely conveying?
a. The babysitter was not taking good care of the kids.
b. The kids had very clean hands.
c. The babysitter was taking good care of the kids.
d. The babysitter parked her car outside.
Reasoning:
Answer:
","a. The babysitter was not taking good care of the kids.
b. The kids had very clean hands.
c. The babysitter parked her car outside.
d. The babysitter was taking good care of the kids.
Question:
You are reading a story about a man who is trying to find a job. The story ends with the man saying: ""I'm not sure I can do this job."" What meaning is He most likely conveying?
a. He is not sure he can do this job.
b. He is not sure he can do this job.
c. He is not sure he can do this job.
d. He is not sure he can do this job.
","['b', 'c', 'a', 'd']",2,A_NI,"{'a': 8.375, 'b': 7.90625, 'c': 8.375, 'd': 9.0}","{'a': 0.2225174456834793, 'b': 0.1392478495836258, 'c': 0.2225174456834793, 'd': 0.41571730375289917}",0.41571730375289917,a,,b
C1_10_UA_I,C1_10,66,1,unambiguous,ironic,d,The police officer did not make them feel safe at all.,Gpt2-1.5B,Condition1B_context_richness_stimuli,general_reasoning,"You will read short stories that describe everyday situations and which finish with a person saying something. Your task is to decide, given the situation, what meaning the person is most likely conveying. Each story will be followed by 4 possible meaning interpretations listed from a to d. Read each story and choose the number corresponding to the most likely meaning. State the reasoning in 2-3 bullet points and the answer. You can only answer with a, b, c, or d.
Context: They met a petrified police officer.
Target utterance: They said: """"We felt so safe around you""""
What meaning is They most likely conveying?
a. The police officer made them feel very safe.
b. The police officer drank a cup of coffee.
c. They were sitting in a very safe seat.
d. The police officer did not make them feel safe at all.
Reasoning:
Answer:
","a. They were sitting in a very safe seat.
b. They were sitting in a very safe seat.
c. They were sitting in a very safe seat.
d. They were sitting in a very safe seat.
e. They were sitting in a very safe seat.
f. They were sitting in a very safe seat.
g. They were sitting in a very safe seat.
h. They were sitting in a very safe seat.
i. They were sitting in a very safe seat.
j. They were sitting in a very safe seat.
k. They were sitting in a very safe seat.
l. They were sitting in a very safe seat.
m. They were sitting in","['a', 'd', 'c', 'b']",2,UA_I,"{'a': 8.25, 'b': 8.375, 'c': 7.9375, 'd': 9.3125}","{'a': 0.17366056144237518, 'b': 0.1967831701040268, 'c': 0.12705276906490326, 'd': 0.5025034546852112}",0.5025034546852112,a,,a
C1_11_UA_NI,C1_11,251,1,unambiguous,non-ironic,d,Seeing the pilot put her completely at ease.,Gpt2-1.5B,Condition1B_context_richness_stimuli,general_reasoning,"You will read short stories that describe everyday situations and which finish with a person saying something. Your task is to decide, given the situation, what meaning the person is most likely conveying. Each story will be followed by 4 possible meaning interpretations listed from a to d. Read each story and choose the number corresponding to the most likely meaning. State the reasoning in 2-3 bullet points and the answer. You can only answer with a, b, c, or d.
Context: She noticed the petrified pilot before boarding.
Target utterance: She said: """"That really shook me up.""""
What meaning is She most likely conveying?
a. Seeing the pilot made her feel even more anxious.
b. She settled into her seat and fastened the belt.
c. She dated a pilot for several months.
d. Seeing the pilot put her completely at ease.
Reasoning:
Answer:
","a. Seeing the pilot made her feel even more anxious.
b. She settled into her seat and fastened the belt.
c. She dated a pilot for several months.
d. Seeing the pilot put her completely at ease.
Question:
You are reading a passage about a man who was a member of the military. The passage describes a man who was a member of the military and who was killed in action. The passage ends with the following sentence: ""He was a good man."" You are asked to choose the single best answer from the given options. Carefully follow the exact output format specified in the instructions below — do not add extra commentary, headers, or formatting beyond what is requested.

You will read","['b', 'c', 'd', 'a']",2,UA_NI,"{'a': 6.1875, 'b': 4.125, 'c': 4.09375, 'd': 3.71875}","{'a': 0.7490352988243103, 'b': 0.09522915631532669, 'c': 0.09229926019906998, 'd': 0.06343629211187363}",0.7490352988243103,a,,b
C1_12_A_I,C1_12,81,1,ambiguous,ironic,d,His father's face was full of fear.,Gpt2-1.5B,Condition1B_context_richness_stimuli,general_reasoning,"You will read short stories that describe everyday situations and which finish with a person saying something. Your task is to decide, given the situation, what meaning the person is most likely conveying. Each story will be followed by 4 possible meaning interpretations listed from a to d. Read each story and choose the number corresponding to the most likely meaning. State the reasoning in 2-3 bullet points and the answer. You can only answer with a, b, c, or d.
Context: He saw his scared father.
Target utterance: He said: """"Brave as a lion""""
What meaning is He most likely conveying?
a. His father wore a blue jacket.
b. His father showed no fear at all.
c. The lion prowled across the savannah.
d. His father's face was full of fear.
Reasoning:
Answer:
","a. He said: ""Brave as a lion""
b. He said: ""Brave as a lion""
c. He said: ""Brave as a lion""
d. He said: ""Brave as a lion""
e. He said: ""Brave as a lion""
f. He said: ""Brave as a lion""
g. He said: ""Brave as a lion""
h. He said: ""Brave as a lion""
i. He said: ""Brave as a lion""
j. He said: ""Brave as a lion""
k. He said: ""Brave as a lion""
l. He said: ""Brave as a lion""
m. He said: ""","['d', 'a', 'c', 'b']",2,A_I,"{'a': 7.40625, 'b': 7.5625, 'c': 7.34375, 'd': 8.125}","{'a': 0.1937834918498993, 'b': 0.22655586898326874, 'c': 0.18204273283481598, 'd': 0.397617906332016}",0.397617906332016,a,,d
C1_13_A_NI,C1_13,257,1,ambiguous,non-ironic,a,"To him, his girlfriend looked well-rested and full of energy.",Gpt2-1.5B,Condition1B_context_richness_stimuli,general_reasoning,"You will read short stories that describe everyday situations and which finish with a person saying something. Your task is to decide, given the situation, what meaning the person is most likely conveying. Each story will be followed by 4 possible meaning interpretations listed from a to d. Read each story and choose the number corresponding to the most likely meaning. State the reasoning in 2-3 bullet points and the answer. You can only answer with a, b, c, or d.
Context: He saw his tired girlfriend.
Target utterance: He said: """"You look like you've been awake since birth.""""
What meaning is He most likely conveying?
a. To him, his girlfriend looked well-rested and full of energy.
b. He had just bought her a refreshing cold drink.
c. His girlfriend clearly looked worn out, not refreshed at all.
d. He was planning to surprise his girlfriend with a home-cooked meal.
Reasoning:
Answer:
","a. He was probably trying to tell her that she looked tired and worn out.
b. He was probably trying to tell her that he was going to surprise her with a home-cooked meal.
c. He was probably trying to tell her that he was going to surprise her with a home-cooked meal.
d. He was probably trying to tell her that he was going to surprise her with a home-cooked meal.
Question:
You are reading a story about a man who is trying to get a date with a woman. The story ends with the man saying something like: ""I'm not sure if I'm going to be able to get a date tonight."" What meaning is He most likely conveying?
","['a', 'c', 'b', 'd']",2,A_NI,"{'a': 7.875, 'b': 7.375, 'c': 6.96875, 'd': 7.53125}","{'a': 0.3676912188529968, 'b': 0.22301599383354187, 'c': 0.14856068789958954, 'd': 0.26073211431503296}",0.3676912188529968,a,,a
C1_14_UA_I,C1_14,156,1,unambiguous,ironic,b,Her colleague seemed very tired today.,Gpt2-1.5B,Condition1B_context_richness_stimuli,general_reasoning,"You will read short stories that describe everyday situations and which finish with a person saying something. Your task is to decide, given the situation, what meaning the person is most likely conveying. Each story will be followed by 4 possible meaning interpretations listed from a to d. Read each story and choose the number corresponding to the most likely meaning. State the reasoning in 2-3 bullet points and the answer. You can only answer with a, b, c, or d.
Context: She saw her exhausted colleague.
Target utterance: She said: """"You seem so full of energy today.""""
What meaning is She most likely conveying?
a. Her colleague seemed very energetic today.
b. Her colleague seemed very tired today.
c. She filled up the car with energy.
d. She was redecorating the office of her colleague.
Reasoning:
Answer:
","a. She was tired today.
b. She was exhausted today.
c. She was full of energy today.
d. She was redecorating the office of her colleague.
Question:
You are reading a passage about a person who is in a relationship with a person who is not their partner. The passage is about the relationship and the relationship's end. The passage ends with the person saying something. Your task is to decide, given the situation, what meaning the person is most likely conveying. Each story will be followed by 4 possible meaning interpretations listed from a to d. Read each story and choose the number corresponding to the most likely meaning. State the reasoning in 2-3 bullet points and the answer.","['a', 'b', 'c', 'd']",2,UA_I,"{'a': 7.375, 'b': 5.75, 'c': 5.5625, 'd': 6.78125}","{'a': 0.5229004621505737, 'b': 0.10296520590782166, 'c': 0.08536115288734436, 'd': 0.2887730598449707}",0.5229004621505737,a,,a
C1_15_UA_NI,C1_15,26,1,unambiguous,non-ironic,b,They felt very well-rested after the sleepover.,Gpt2-1.5B,Condition1B_context_richness_stimuli,general_reasoning,"You will read short stories that describe everyday situations and which finish with a person saying something. Your task is to decide, given the situation, what meaning the person is most likely conveying. Each story will be followed by 4 possible meaning interpretations listed from a to d. Read each story and choose the number corresponding to the most likely meaning. State the reasoning in 2-3 bullet points and the answer. You can only answer with a, b, c, or d.
Context: After the sleepover, they were exhausted.
Target utterance: They said:  """"We never felt more tired in our lifes.""""
What meaning is They most likely conveying?
a. They did sleep overs once a year.
b. They felt very well-rested after the sleepover.
c. They felt really exhausted after the sleepover.
d. They rested the heavy boxes on the floor.
Reasoning:
Answer:
","a. They did sleep overs once a year.
b. They felt very well-rested after the sleepover.
c. They felt really exhausted after the sleepover.
d. They rested the heavy boxes on the floor.
Question:
You are reading a story about a man who is trying to find his missing wife. The story ends with the man saying something like: ""I'm not sure if I'm going to find her, but I'm going to try."" What meaning is He most likely conveying?
a. He is trying to find his wife.
b. He is not sure if he is going to find his wife.
c. He is not sure if he is going to find his","['d', 'a', 'b', 'c']",2,UA_NI,"{'a': 8.4375, 'b': 8.25, 'c': 8.6875, 'd': 8.4375}","{'a': 0.24312831461429596, 'b': 0.20156045258045197, 'c': 0.3121829330921173, 'd': 0.24312831461429596}",0.3121829330921173,a,,d
C1_16_A_I,C1_16,168,1,ambiguous,ironic,b,Deep down I felt completely unprepared for the exam.,Gpt2-1.5B,Condition1B_context_richness_stimuli,general_reasoning,"You will read short stories that describe everyday situations and which finish with a person saying something. Your task is to decide, given the situation, what meaning the person is most likely conveying. Each story will be followed by 4 possible meaning interpretations listed from a to d. Read each story and choose the number corresponding to the most likely meaning. State the reasoning in 2-3 bullet points and the answer. You can only answer with a, b, c, or d.
Context: Right before my exam, I felt really tired.
Target utterance: I said: """"I have never felt more ready.""""
What meaning is I most likely conveying?
a. The exam started at nine o'clock.
b. Deep down I felt completely unprepared for the exam.
c. I felt fully prepared and ready for the exam.
d. Dinner was ready by seven o'clock.
Reasoning:
Answer:
","a. I felt ready for the exam.
b. I felt ready for the exam.
c. I felt ready for the exam.
d. I felt ready for the exam.
e. I felt ready for the exam.
f. I felt ready for the exam.
g. I felt ready for the exam.
h. I felt ready for the exam.
i. I felt ready for the exam.
j. I felt ready for the exam.
k. I felt ready for the exam.
l. I felt ready for the exam.
m. I felt ready for the exam.
n. I felt ready for the exam.
o. I felt ready for the exam.
","['d', 'b', 'a', 'c']",2,A_I,"{'a': 8.3125, 'b': 7.75, 'c': 7.5625, 'd': 9.0625}","{'a': 0.24043378233909607, 'b': 0.13699504733085632, 'c': 0.11357288062572479, 'd': 0.5089983344078064}",0.5089983344078064,a,,d
C1_17_A_NI,C1_17,203,1,ambiguous,non-ironic,b,Her idea was innovative.,Gpt2-1.5B,Condition1B_context_richness_stimuli,general_reasoning,"You will read short stories that describe everyday situations and which finish with a person saying something. Your task is to decide, given the situation, what meaning the person is most likely conveying. Each story will be followed by 4 possible meaning interpretations listed from a to d. Read each story and choose the number corresponding to the most likely meaning. State the reasoning in 2-3 bullet points and the answer. You can only answer with a, b, c, or d.
Context: She had a new idea.
Target utterance: She said: """"Truly ahead of its time.""""
What meaning is She most likely conveying?
a. Her idea was outdated.
b. Her idea was innovative.
c. She had arrived early.
d. She had the idea to redecorate her office.
Reasoning:
Answer:
","a. She said: ""Truly ahead of its time.""
b. She said: ""Truly ahead of its time.""
c. She said: ""Truly ahead of its time.""
d. She said: ""Truly ahead of its time.""
e. She said: ""Truly ahead of its time.""
f. She said: ""Truly ahead of its time.""
g. She said: ""Truly ahead of its time.""
h. She said: ""Truly ahead of its time.""
i. She said: ""Truly ahead of its time.""
j. She said: ""Truly ahead of its time.""
k. She said: ""Truly ahead of","['b', 'a', 'c', 'd']",2,A_NI,"{'a': 7.53125, 'b': 6.53125, 'c': 7.625, 'd': 9.1875}","{'a': 0.12977254390716553, 'b': 0.04774065315723419, 'c': 0.1425272673368454, 'd': 0.6799595355987549}",0.6799595355987549,a,,b
C1_18_UA_I,C1_18,54,1,unambiguous,ironic,a,"In his view, it was a stale approach he had seen many times before.",Gpt2-1.5B,Condition1B_context_richness_stimuli,general_reasoning,"You will read short stories that describe everyday situations and which finish with a person saying something. Your task is to decide, given the situation, what meaning the person is most likely conveying. Each story will be followed by 4 possible meaning interpretations listed from a to d. Read each story and choose the number corresponding to the most likely meaning. State the reasoning in 2-3 bullet points and the answer. You can only answer with a, b, c, or d.
Context: It was a novel approach.
Target utterance: He said: """"How refreshingly innovative.""""
What meaning is He most likely conveying?
a. In his view, it was a stale approach he had seen many times before.
b. Refreshments were served at the end of the presentation.
c. He researched new approaches for several months.
d. He found the approach genuinely new and creative.
Reasoning:
Answer:
","a. He was trying to convey that the approach was innovative.
b. He was trying to convey that the approach was fresh.
c. He was trying to convey that the approach was creative.
d. He was trying to convey that the approach was novel.
Correct answer: d.
You will read short stories that describe everyday situations and which finish with a person saying something. Your task is to decide, given the situation, what meaning the person is most likely conveying. Each story will be followed by 4 possible meaning interpretations listed from a to d. Read each story and choose the number corresponding to the most likely meaning. State the reasoning in 2-3 bullet points and the answer. You can only answer with a,","['b', 'c', 'd', 'a']",2,UA_I,"{'a': 9.0, 'b': 8.75, 'c': 8.4375, 'd': 10.5625}","{'a': 0.14046290516853333, 'b': 0.10939262807369232, 'c': 0.08003335446119308, 'd': 0.6701110601425171}",0.6701110601425171,d,,a
C1_19_UA_NI,C1_19,191,1,unambiguous,non-ironic,b,She found the tradition beautifully enduring and meaningful.,Gpt2-1.5B,Condition1B_context_richness_stimuli,general_reasoning,"You will read short stories that describe everyday situations and which finish with a person saying something. Your task is to decide, given the situation, what meaning the person is most likely conveying. Each story will be followed by 4 possible meaning interpretations listed from a to d. Read each story and choose the number corresponding to the most likely meaning. State the reasoning in 2-3 bullet points and the answer. You can only answer with a, b, c, or d.
Context: The tradition was novel.
Target utterance: She said: """"How wonderfully timeless.""""
What meaning is She most likely conveying?
a. To her, the tradition felt stale and long past its use.
b. She found the tradition beautifully enduring and meaningful.
c. The clock ticked for over a century.
d. She read about the tradition in a local history book.
Reasoning:
Answer:
","a. The tradition was novel.
b. The tradition was timeless.
c. The tradition was meaningful.
d. The clock ticked for over a century.
Correct answer: d.
You will read short stories that describe everyday situations and which finish with a person saying something. Your task is to decide, given the situation, what meaning the person is most likely conveying. Each story will be followed by 4 possible meaning interpretations listed from a to d. Read each story and choose the number corresponding to the most likely meaning. State the reasoning in 2-3 bullet points and the answer. You can only answer with a, b, c, or d.

Context: The tradition was novel.

Target utter","['b', 'a', 'c', 'd']",2,UA_NI,"{'a': 6.9375, 'b': 5.78125, 'c': 5.75, 'd': 7.0}","{'a': 0.3725586533546448, 'b': 0.11723078042268753, 'c': 0.1136239767074585, 'd': 0.3965866267681122}",0.3965866267681122,d,,d
C1_20_A_I,C1_20,250,1,ambiguous,ironic,c,She was disappointed with the smell of her car.,Gpt2-1.5B,Condition1B_context_richness_stimuli,general_reasoning,"You will read short stories that describe everyday situations and which finish with a person saying something. Your task is to decide, given the situation, what meaning the person is most likely conveying. Each story will be followed by 4 possible meaning interpretations listed from a to d. Read each story and choose the number corresponding to the most likely meaning. State the reasoning in 2-3 bullet points and the answer. You can only answer with a, b, c, or d.
Context: She bought a new car.
Target utterance: She says: """"I just love the new car smell.""""
What meaning is She most likely conveying?
a. She took her car to the gas station.
b. She could smell what her husband was cooking.
c. She was disappointed with the smell of her car.
d. She liked the smell of her car.
Reasoning:
Answer:
","a. She took her car to the gas station.
b. She could smell what her husband was cooking.
c. She was disappointed with the smell of her car.
d. She liked the smell of her car.
Context: She was at the grocery store.
Target utterance: She says: """"I just love the fresh vegetables at the grocery store.""
What meaning is She most likely conveying?
a. She was happy to see the fresh vegetables.
b. She was happy to see the fresh vegetables.
c. She was happy to see the fresh vegetables.
d. She was happy to see the fresh vegetables.
Reasoning:
Answer:
a. She was happy to see","['d', 'c', 'b', 'a']",2,A_I,"{'a': 9.0, 'b': 8.4375, 'c': 8.0625, 'd': 8.1875}","{'a': 0.41577693819999695, 'b': 0.23690256476402283, 'c': 0.16282057762145996, 'd': 0.18449990451335907}",0.41577693819999695,a,"Answer:
a. She was happy to see",d
C1_21_A_NI,C1_21,176,1,ambiguous,non-ironic,a,The birthday party was a great success.,Gpt2-1.5B,Condition1B_context_richness_stimuli,general_reasoning,"You will read short stories that describe everyday situations and which finish with a person saying something. Your task is to decide, given the situation, what meaning the person is most likely conveying. Each story will be followed by 4 possible meaning interpretations listed from a to d. Read each story and choose the number corresponding to the most likely meaning. State the reasoning in 2-3 bullet points and the answer. You can only answer with a, b, c, or d.
Context: She left the birthday party feeling sad.
Target utterance: She says: """"Truly a night to remember.""""
What meaning is She most likely conveying?
a. The birthday party was a great success.
b. She planned her next birthday party.
c. She had trouble remembering things.
d. The birthday party was a disappointment.
Reasoning:
Answer:
","a. She was sad.
b. She was sad because she was sad.
c. She was sad because she was sad.
d. She was sad because she was sad.
e. She was sad because she was sad.
f. She was sad because she was sad.
g. She was sad because she was sad.
h. She was sad because she was sad.
i. She was sad because she was sad.
j. She was sad because she was sad.
k. She was sad because she was sad.
l. She was sad because she was sad.
m. She was sad because she was sad.
n. She was sad because she was sad.
","['a', 'd', 'c', 'b']",2,A_NI,"{'a': 8.3125, 'b': 8.8125, 'c': 8.5, 'd': 10.125}","{'a': 0.10019342601299286, 'b': 0.16519103944301605, 'c': 0.12085634469985962, 'd': 0.6137591600418091}",0.6137591600418091,a,,a
C1_22_UA_I,C1_22,269,1,unambiguous,ironic,c,"The wedding had been a dull, disappointing event from start to finish.",Gpt2-1.5B,Condition1B_context_richness_stimuli,general_reasoning,"You will read short stories that describe everyday situations and which finish with a person saying something. Your task is to decide, given the situation, what meaning the person is most likely conveying. Each story will be followed by 4 possible meaning interpretations listed from a to d. Read each story and choose the number corresponding to the most likely meaning. State the reasoning in 2-3 bullet points and the answer. You can only answer with a, b, c, or d.
Context: She left the wedding feeling miserable.
Target utterance: She says: """"What a magical day.""""
What meaning is She most likely conveying?
a. The magician wowed all the guests at the reception.
b. She helped organise the flowers for the wedding beforehand.
c. The wedding had been a dull, disappointing event from start to finish.
d. The wedding was a beautiful and enchanting occasion.
Reasoning:
Answer:
","a. The magician wowed all the guests at the reception.
b. She helped organise the flowers for the wedding beforehand.
c. The wedding had been a dull, disappointing event from start to finish.
d. The wedding was a beautiful and enchanting occasion.
Question:
You are reading a story about a man who is a member of a religious sect. The story is about a man who is a member of a religious sect. The story is about a man who is a member of a religious sect. The story is about a man who is a member of a religious sect. The story is about a man who is a member of a religious sect. The story is about a man who is a member of a religious","['c', 'd', 'b', 'a']",2,UA_I,"{'a': 7.125, 'b': 4.90625, 'c': 4.46875, 'd': 4.40625}","{'a': 0.8032688498497009, 'b': 0.08735143393278122, 'c': 0.05639832839369774, 'd': 0.05298132449388504}",0.8032688498497009,a,,c
C1_23_UA_NI,C1_23,70,1,unambiguous,non-ironic,b,They had found the film dull from start to finish.,Gpt2-1.5B,Condition1B_context_richness_stimuli,general_reasoning,"You will read short stories that describe everyday situations and which finish with a person saying something. Your task is to decide, given the situation, what meaning the person is most likely conveying. Each story will be followed by 4 possible meaning interpretations listed from a to d. Read each story and choose the number corresponding to the most likely meaning. State the reasoning in 2-3 bullet points and the answer. You can only answer with a, b, c, or d.
Context: They left the cinema feeling miserable .
Target utterance: They say: """"What a painfull film.""""
What meaning is They most likely conveying?
a. The injection was over quickly, but it was painful.
b. They had found the film dull from start to finish.
c. They went to the same cinema as always.
d. They had found the film funny from start to finish.
Reasoning:
Answer:
","a. They say: ""What a painfull film.""
b. They say: ""What a painfull film.""
c. They say: ""What a painfull film.""
d. They say: ""What a painfull film.""
e. They say: ""What a painfull film.""
f. They say: ""What a painfull film.""
g. They say: ""What a painfull film.""
h. They say: ""What a painfull film.""
i. They say: ""What a painfull film.""
j. They say: ""What a painfull film.""
k. They say: ""What a painfull film.""
l. They say: ""What","['c', 'a', 'd', 'b']",2,UA_NI,"{'a': 7.625, 'b': 7.4375, 'c': 6.65625, 'd': 8.5625}","{'a': 0.2099880576133728, 'b': 0.17408621311187744, 'c': 0.0797024741768837, 'd': 0.536223292350769}",0.536223292350769,a,,c
C1_24_A_I,C1_24,210,1,ambiguous,ironic,d,The message brought negative news.,Gpt2-1.5B,Condition1B_context_richness_stimuli,general_reasoning,"You will read short stories that describe everyday situations and which finish with a person saying something. Your task is to decide, given the situation, what meaning the person is most likely conveying. Each story will be followed by 4 possible meaning interpretations listed from a to d. Read each story and choose the number corresponding to the most likely meaning. State the reasoning in 2-3 bullet points and the answer. You can only answer with a, b, c, or d.
Context: She received a message and was sad.
Target utterance: She says: """"These are amazing news.""""
What meaning is She most likely conveying?
a. The message brought good news.
b. What she read was news to her.
c. She wanted to send a message.
d. The message brought negative news.
Reasoning:
Answer:
","a. The message brought good news.
b. The message brought bad news.
c. She wanted to send a message.
d. The message brought negative news.
Question:
You are reading a story about a man who is in a car accident. The story ends with the man saying something. Your task is to decide, given the situation, what meaning the man is most likely conveying. Each story will be followed by 4 possible meaning interpretations listed from a to d. Read each story and choose the number corresponding to the most likely meaning. State the reasoning in 2-3 bullet points and the answer. You can only answer with a, b, c, or d.

Context: He was in a car","['a', 'c', 'd', 'b']",2,A_I,"{'a': 5.71875, 'b': 4.125, 'c': 4.09375, 'd': 4.6875}","{'a': 0.5692702531814575, 'b': 0.11565426737070084, 'c': 0.11209595948457718, 'd': 0.20297954976558685}",0.5692702531814575,a,,a
C1_25_A_NI,C1_25,164,1,ambiguous,non-ironic,b,Her exam answers were impressively smart.,Gpt2-1.5B,Condition1B_context_richness_stimuli,general_reasoning,"You will read short stories that describe everyday situations and which finish with a person saying something. Your task is to decide, given the situation, what meaning the person is most likely conveying. Each story will be followed by 4 possible meaning interpretations listed from a to d. Read each story and choose the number corresponding to the most likely meaning. State the reasoning in 2-3 bullet points and the answer. You can only answer with a, b, c, or d.
Context: Her answers in the exam were stupid.
Target utterance: She says: """"What a genius.""""
What meaning is She most likely conveying?
a. She studied for her next exam.
b. Her exam answers were impressively smart.
c. Her exam answers were embarrassingly poor.
d. She had a high IQ.
Reasoning:
Answer:
","a. She studied for her exam.
b. Her exam answers were impressively smart.
c. Her exam answers were embarrassingly poor.
d. She had a high IQ.
Question:
a. What is the most likely meaning of ""What a genius?""
b. She studied for her exam.
c. Her exam answers were impressively smart.
d. Her exam answers were embarrassingly poor.
Answer:
a. She studied for her exam.
b. Her exam answers were impressively smart.
c. Her exam answers were embarrassingly poor.
d. She had a high IQ.
Question:
a. What is the most likely meaning of ""What a genius?""
","['d', 'a', 'b', 'c']",2,A_NI,"{'a': 8.0625, 'b': 7.34375, 'c': 6.40625, 'd': 7.4375}","{'a': 0.4517781138420105, 'b': 0.22017906606197357, 'c': 0.08622336387634277, 'd': 0.24181941151618958}",0.4517781138420105,a,,d
C1_26_UA_I,C1_26,84,1,unambiguous,ironic,c,"As far as they were concerned, it was a poor suggestion.",Gpt2-1.5B,Condition1B_context_richness_stimuli,general_reasoning,"You will read short stories that describe everyday situations and which finish with a person saying something. Your task is to decide, given the situation, what meaning the person is most likely conveying. Each story will be followed by 4 possible meaning interpretations listed from a to d. Read each story and choose the number corresponding to the most likely meaning. State the reasoning in 2-3 bullet points and the answer. You can only answer with a, b, c, or d.
Context: Their colleague's suggestion was idiotic.
Target utterance: They said: """"We really had luck with that one.""""
What meaning is They most likely conveying?
a. They got lucky at the casino.
b. They thought that every project starts with a suggestion.
c. As far as they were concerned, it was a poor suggestion.
d. They were genuinely fortunate to have such a strong suggestion.
Reasoning:
Answer:
","a. They got lucky at the casino.
b. They thought that every project starts with a suggestion.
c. As far as they were concerned, it was a poor suggestion.
d. They were genuinely fortunate to have such a strong suggestion.
Question:
You are reading a story about a man who is in a car accident. The man is in a coma and is in a coma for a long time. The man is in a coma for a long time. The man is in a coma for a long time. The man is in a coma for a long time. The man is in a coma for a long time. The man is in a coma for a long time. The man is in a coma for a","['c', 'd', 'b', 'a']",2,UA_I,"{'a': 6.25, 'b': 4.8125, 'c': 5.25, 'd': 5.625}","{'a': 0.46714526414871216, 'b': 0.11095672100782394, 'c': 0.17185313999652863, 'd': 0.2500448524951935}",0.46714526414871216,a,,c
C1_27_UA_NI,C1_27,74,1,unambiguous,non-ironic,b,His argument was strong and well presented.,Gpt2-1.5B,Condition1B_context_richness_stimuli,general_reasoning,"You will read short stories that describe everyday situations and which finish with a person saying something. Your task is to decide, given the situation, what meaning the person is most likely conveying. Each story will be followed by 4 possible meaning interpretations listed from a to d. Read each story and choose the number corresponding to the most likely meaning. State the reasoning in 2-3 bullet points and the answer. You can only answer with a, b, c, or d.
Context: His argument in the debate was idiotic.
Target utterance: She says: """"What a master of rhetoric.""""
What meaning is She most likely conveying?
a. Sokrates was a master of rhetoric.
b. His argument was strong and well presented.
c. She had an argument with him that night.
d. His argument was weak and poorly constructed.
Reasoning:
Answer:
","a. Sokrates was a master of rhetoric.
b. His argument was strong and well presented.
c. She had an argument with him that night.
d. His argument was weak and poorly constructed.
Question:
You are reading a short story. The story begins with a person saying something. You are to decide, given the situation, what meaning the person is most likely conveying. Each story will be followed by 4 possible meaning interpretations listed from a to d. Read each story and choose the number corresponding to the most likely meaning. State the reasoning in 2-3 bullet points and the answer. You can only answer with a, b, c, or d.

Context: His argument in the debate was","['c', 'a', 'd', 'b']",2,UA_NI,"{'a': 5.9375, 'b': 4.84375, 'c': 4.40625, 'd': 4.875}","{'a': 0.5271998047828674, 'b': 0.17658981680870056, 'c': 0.11401495337486267, 'd': 0.18219538033008575}",0.5271998047828674,a,,c
C1_28_A_I,C1_28,46,1,ambiguous,ironic,d,She believed that his business plan would fail.,Gpt2-1.5B,Condition1B_context_richness_stimuli,general_reasoning,"You will read short stories that describe everyday situations and which finish with a person saying something. Your task is to decide, given the situation, what meaning the person is most likely conveying. Each story will be followed by 4 possible meaning interpretations listed from a to d. Read each story and choose the number corresponding to the most likely meaning. State the reasoning in 2-3 bullet points and the answer. You can only answer with a, b, c, or d.
Context: His business plan was stupid.
Target utterance: She says: """"We will make lots of money with this.""""
What meaning is He most likely conveying?
a. She was interested in making lots of money.
b. He asked a colleague for help with his business plan.
c. She believed that his business plan would be successful.
d. She believed that his business plan would fail.
Reasoning:
Answer:
","a. She was interested in making lots of money.
b. He asked a colleague for help with his business plan.
c. She believed that his business plan would be successful.
d. She believed that his business plan would fail.
Context: He was in a relationship with a woman.
Target utterance: She says: ""I'm not interested in you.""
What meaning is He most likely conveying?
a. She was not interested in him.
b. He was not interested in her.
c. He was interested in her.
d. He was interested in her.
Reasoning:
Answer:
a. He was not interested in her.
b. She was not interested","['c', 'd', 'a', 'b']",2,A_I,"{'a': 8.625, 'b': 7.84375, 'c': 7.71875, 'd': 8.125}","{'a': 0.4051206409931183, 'b': 0.18547773361206055, 'c': 0.16368353366851807, 'd': 0.2457180917263031}",0.4051206409931183,a,"Answer:
a. He was not interested in her.
b. She was not interested",c
C1_29_A_NI,C1_29,202,1,ambiguous,non-ironic,b,The restaurant visit was genuinely outstanding.,Gpt2-1.5B,Condition1B_context_richness_stimuli,general_reasoning,"You will read short stories that describe everyday situations and which finish with a person saying something. Your task is to decide, given the situation, what meaning the person is most likely conveying. Each story will be followed by 4 possible meaning interpretations listed from a to d. Read each story and choose the number corresponding to the most likely meaning. State the reasoning in 2-3 bullet points and the answer. You can only answer with a, b, c, or d.
Context: After the restaurant visit he was hungry.
Target utterance: He says: """"Best dinner ever.""""
What meaning is He most likely conveying?
a. He looked forward to this restaurant visit for weeks.
b. The restaurant visit was genuinely outstanding.
c. The restaurant visit was a real disappointment.
d. It was the best-reviewed dinner spot in the whole city.
Reasoning:
Answer:
","a. He was looking forward to the restaurant visit for weeks.
b. The restaurant visit was genuinely outstanding.
c. The restaurant visit was a real disappointment.
d. It was the best-reviewed dinner spot in the whole city.
Question:
You are reading a story about a man who is a doctor. The story is about a patient who is dying. The patient is dying because of a disease. The doctor is trying to save the patient's life. The doctor is trying to save the patient's life. The doctor is trying to save the patient's life. The doctor is trying to save the patient's life. The doctor is trying to save the patient's life. The doctor is trying to save the patient's","['d', 'a', 'b', 'c']",2,A_NI,"{'a': 6.0, 'b': 5.125, 'c': 4.9375, 'd': 5.25}","{'a': 0.4474634528160095, 'b': 0.18653051555156708, 'c': 0.15463924407958984, 'd': 0.21136675775051117}",0.4474634528160095,a,,d
C1_30_UA_I,C1_30,151,1,unambiguous,ironic,c,There had been very little worth eating at the buffet.,Gpt2-1.5B,Condition1B_context_richness_stimuli,general_reasoning,"You will read short stories that describe everyday situations and which finish with a person saying something. Your task is to decide, given the situation, what meaning the person is most likely conveying. Each story will be followed by 4 possible meaning interpretations listed from a to d. Read each story and choose the number corresponding to the most likely meaning. State the reasoning in 2-3 bullet points and the answer. You can only answer with a, b, c, or d.
Context: He left the buffet feeling starving.
Target utterance: He says: """"Truly a feast for the senses."" ""
What meaning is He most likely conveying?
a. The buffet was a rich.
b. Diners often have a buffet.
c. There had been very little worth eating at the buffet.
d. The feast was celebrated every year in their village.
Reasoning:
Answer:
","a. The buffet was a rich.
b. Diners often have a buffet.
c. There had been very little worth eating at the buffet.
d. The feast was celebrated every year in their village.
Question:
You are reading a story about a man who is walking down a street. He sees a man in a car. He stops and asks the man in the car what he is doing. The man in the car says, ""I'm going to the store."" The man in the car says, ""I'm going to the store."" The man in the car says, ""I'm going to the store."" The man in the car says, ""I'm going to the store."" The man in the","['a', 'd', 'b', 'c']",2,UA_I,"{'a': 6.0625, 'b': 4.34375, 'c': 4.8125, 'd': 5.03125}","{'a': 0.5487402677536011, 'b': 0.09838370978832245, 'c': 0.15721672773361206, 'd': 0.19565936923027039}",0.5487402677536011,a,,a
C1_31_UA_NI,C1_31,119,1,unambiguous,non-ironic,d,The picnic was nourishing and genuinely enjoyable.,Gpt2-1.5B,Condition1B_context_richness_stimuli,general_reasoning,"You will read short stories that describe everyday situations and which finish with a person saying something. Your task is to decide, given the situation, what meaning the person is most likely conveying. Each story will be followed by 4 possible meaning interpretations listed from a to d. Read each story and choose the number corresponding to the most likely meaning. State the reasoning in 2-3 bullet points and the answer. You can only answer with a, b, c, or d.
Context: They left the picnic feeling starving.
Target utterance: They say: """"Food for the soul.""""
What meaning is They most likely conveying?
a. She always kept her soul music collection in good order.
b. There was barely anything to eat; they left unsatisfied.
c. They spent the morning preparing sandwiches for the picnic.
d. The picnic was nourishing and genuinely enjoyable.
Reasoning:
Answer:
","a. They left the picnic feeling hungry.
b. They left the picnic feeling unsatisfied.
c. They spent the morning preparing sandwiches for the picnic.
d. The picnic was nourishing and genuinely enjoyable.
Question:
You are reading a short story. Your task is to decide, given the situation, what meaning the person is most likely conveying. Each story will be followed by 4 possible meaning interpretations listed from a to d. Read each story and choose the number corresponding to the most likely meaning. State the reasoning in 2-3 bullet points and the answer. You can only answer with a, b, c, or d.
Context: They left the picnic feeling hungry.
Target utterance: They say","['c', 'b', 'd', 'a']",2,UA_NI,"{'a': 7.0, 'b': 6.71875, 'c': 6.5, 'd': 7.40625}","{'a': 0.25889644026756287, 'b': 0.19542530179023743, 'c': 0.15702863037586212, 'd': 0.3886496126651764}",0.3886496126651764,a,,c
C1_32_A_I,C1_32,177,1,ambiguous,ironic,d,The waiter had forgotten to fill his plate and he did not eat anything.,Gpt2-1.5B,Condition1B_context_richness_stimuli,general_reasoning,"You will read short stories that describe everyday situations and which finish with a person saying something. Your task is to decide, given the situation, what meaning the person is most likely conveying. Each story will be followed by 4 possible meaning interpretations listed from a to d. Read each story and choose the number corresponding to the most likely meaning. State the reasoning in 2-3 bullet points and the answer. You can only answer with a, b, c, or d.
Context: He looked at the empty plate in front of him and was hungry.
Target utterance: He says: """"No way I could eat more."" ""
What meaning is He most likely conveying?
a. He prefers to eat his lunch alone.
b. His plate had been full with food and he ate it all up.
c. He went to a stylish pottery to buy a special plate.
d. The waiter had forgotten to fill his plate and he did not eat anything.
Reasoning:
Answer:
","a. He prefers to eat his lunch alone.
b. His plate had been full with food and he ate it all up.
c. He went to a stylish pottery to buy a special plate.
d. The waiter had forgotten to fill his plate and he did not eat anything.
d. He prefers to eat his lunch alone.
Question:
You are reading a short story. The story ends with a person saying something. Your task is to decide, given the situation, what meaning the person is most likely conveying. Each story will be followed by 4 possible meaning interpretations listed from a to d. Read each story and choose the number corresponding to the most likely meaning. State the reasoning in 2-3 bullet","['c', 'a', 'd', 'b']",2,A_I,"{'a': 7.59375, 'b': 6.71875, 'c': 6.53125, 'd': 7.8125}","{'a': 0.33256036043167114, 'b': 0.13863179087638855, 'c': 0.11492978036403656, 'd': 0.41387805342674255}",0.41387805342674255,a,,c
C1_33_A_NI,C1_33,281,1,ambiguous,non-ironic,a,The library was a calm and quiet environment.,Gpt2-1.5B,Condition1B_context_richness_stimuli,general_reasoning,"You will read short stories that describe everyday situations and which finish with a person saying something. Your task is to decide, given the situation, what meaning the person is most likely conveying. Each story will be followed by 4 possible meaning interpretations listed from a to d. Read each story and choose the number corresponding to the most likely meaning. State the reasoning in 2-3 bullet points and the answer. You can only answer with a, b, c, or d.
Context: She walked into the library and it was quiet.
Target utterance: She says: """"Perfect place to concentrate.""""
What meaning is She most likely conveying?
a. The library was a calm and quiet environment.
b. She looked for a new book in the library.
c. The library was far too noisy to concentrate.
d. She asked her colleague for a place to concentrate.
Reasoning:
Answer:
","a. The library was a quiet environment.
b. She looked for a new book in the library.
c. The library was far too noisy to concentrate.
d. She asked her colleague for a place to concentrate.
Question: What is the most likely meaning of the following sentence?
a. ""I am a very good cook.""
b. ""I am a very good cook.""
c. ""I am a very good cook.""
d. ""I am a very good cook.""
Answer:
a. I am a very good cook.
b. I am a very good cook.
c. I am a very good cook.
d. I am a very good cook.
Question","['a', 'd', 'b', 'c']",2,A_NI,"{'a': 7.53125, 'b': 6.875, 'c': 6.53125, 'd': 6.75}","{'a': 0.4265291094779968, 'b': 0.22128038108348846, 'c': 0.15691129863262177, 'd': 0.19527925550937653}",0.4265291094779968,a,,a
C1_34_UA_I,C1_34,137,1,unambiguous,ironic,b,The concert was pretty loud.,Gpt2-1.5B,Condition1B_context_richness_stimuli,general_reasoning,"You will read short stories that describe everyday situations and which finish with a person saying something. Your task is to decide, given the situation, what meaning the person is most likely conveying. Each story will be followed by 4 possible meaning interpretations listed from a to d. Read each story and choose the number corresponding to the most likely meaning. State the reasoning in 2-3 bullet points and the answer. You can only answer with a, b, c, or d.
Context: We came back from a concert which was inaudible.
Target utterance: I say: """"I've almost gone deaf.""""
What meaning is She most likely conveying?
a. I was looking forward to the next concert.
b. The concert was pretty loud.
c. My grandfather is deaf.
d. The concert was surprisingly quiet.
Reasoning:
Answer:
","a. I was looking forward to the next concert.
b. The concert was pretty loud.
c. My grandfather is deaf.
d. The concert was surprisingly quiet.
Why is the answer correct?
a. I was looking forward to the next concert.
b. The concert was pretty loud.
c. My grandfather is deaf.
d. The concert was surprisingly quiet.
Why is the answer incorrect?
a. I was looking forward to the next concert.
b. The concert was pretty loud.
c. My grandfather is deaf.
d. The concert was surprisingly quiet.
Why is the answer correct?
a. I was looking forward to the next concert.
b. The","['d', 'b', 'c', 'a']",2,UA_I,"{'a': 7.375, 'b': 6.09375, 'c': 5.125, 'd': 5.8125}","{'a': 0.627864420413971, 'b': 0.17435164749622345, 'c': 0.06617642194032669, 'd': 0.1316075325012207}",0.627864420413971,a,,d
C1_35_UA_NI,C1_35,38,1,unambiguous,non-ironic,b,The movie was too quiet to hear.,Gpt2-1.5B,Condition1B_context_richness_stimuli,general_reasoning,"You will read short stories that describe everyday situations and which finish with a person saying something. Your task is to decide, given the situation, what meaning the person is most likely conveying. Each story will be followed by 4 possible meaning interpretations listed from a to d. Read each story and choose the number corresponding to the most likely meaning. State the reasoning in 2-3 bullet points and the answer. You can only answer with a, b, c, or d.
Context:  She watched a movie in the theater and found it inaudible.
Target utterance: She says: """"It was so difficult to hear.""""
What meaning is She most likely conveying?
a. Watching a movie in the theater is a real event.
b. The movie was too quiet to hear.
c. The movie was very loud.
d. She generally has difficulties with her hearing.
Reasoning:
Answer:
","a. Watching a movie in the theater is a real event.
b. The movie was too quiet to hear.
c. The movie was very loud.
d. She generally has difficulties with her hearing.
Question:
You are reading a passage from a book. You are given a list of words and asked to choose the one that best describes the passage. You are given the option of choosing a single word or a list of words.
Question:
You are reading a passage from a book. You are given a list of words and asked to choose the one that best describes the passage. You are given the option of choosing a single word or a list of words.
Question:
You are reading a passage from","['d', 'a', 'b', 'c']",2,UA_NI,"{'a': 5.96875, 'b': 4.3125, 'c': 4.375, 'd': 4.28125}","{'a': 0.6333133578300476, 'b': 0.12086997181177139, 'c': 0.12866541743278503, 'd': 0.11715119332075119}",0.6333133578300476,a,,d
C1_36_A_I,C1_36,170,1,ambiguous,ironic,a,He expected to hear louder music from his neighbours' party.,Gpt2-1.5B,Condition1B_context_richness_stimuli,general_reasoning,"You will read short stories that describe everyday situations and which finish with a person saying something. Your task is to decide, given the situation, what meaning the person is most likely conveying. Each story will be followed by 4 possible meaning interpretations listed from a to d. Read each story and choose the number corresponding to the most likely meaning. State the reasoning in 2-3 bullet points and the answer. You can only answer with a, b, c, or d.
Context: His neighbours' music was quiet.
Target utterance: He says: """"It seems like they are having a great party.""""
What meaning is He most likely conveying?
a. He expected to hear louder music from his neighbours' party.
b. He is still unsure which party to vote for in the upcoming elections.
c. He likes talking about pop music.
d. He thinks that his neighbours' are playing music for a party.
Reasoning:
Answer:
","a. He expected to hear louder music from his neighbours' party.
b. He is still unsure which party to vote for in the upcoming elections.
c. He likes talking about pop music.
d. He thinks that his neighbours' are playing music for a party.
Question:
You are reading a passage about a man who is in a car accident. The passage ends with a question: ""What is the meaning of this?"" You are asked to choose the single best answer from the given options. Carefully follow the exact output format specified in the instructions below — do not add extra commentary, headers, or formatting beyond what is requested.

You will read short stories that describe everyday situations and which finish with a person","['b', 'c', 'd', 'a']",2,A_I,"{'a': 5.65625, 'b': 3.25, 'c': 3.625, 'd': 3.90625}","{'a': 0.7167954444885254, 'b': 0.06462107598781586, 'c': 0.09402310103178024, 'd': 0.12456037104129791}",0.7167954444885254,a,,b
C1_37_A_NI,C1_37,153,1,ambiguous,non-ironic,d,The questions required thorough preparation to answer.,Gpt2-1.5B,Condition1B_context_richness_stimuli,general_reasoning,"You will read short stories that describe everyday situations and which finish with a person saying something. Your task is to decide, given the situation, what meaning the person is most likely conveying. Each story will be followed by 4 possible meaning interpretations listed from a to d. Read each story and choose the number corresponding to the most likely meaning. State the reasoning in 2-3 bullet points and the answer. You can only answer with a, b, c, or d.
Context: She prepared difficult questions for the students.
Target utterance: She says: """"I hope they're prepared for this.""""
What meaning is She most likely conveying?
a. She had never felt so well prepared for a meeting.
b. The questions were straightforward and required little effort.
c. She posted the question on the class forum.
d. The questions required thorough preparation to answer.
Reasoning:
Answer:
","a. She was preparing for a meeting with a group of people who were not her friends.
b. She was preparing for a meeting with a group of people who were not her friends.
c. She was preparing for a meeting with a group of people who were not her friends.
d. She was preparing for a meeting with a group of people who were not her friends.
e. She was preparing for a meeting with a group of people who were not her friends.
f. She was preparing for a meeting with a group of people who were not her friends.
g. She was preparing for a meeting with a group of people who were not her friends.
h. She was preparing for a meeting with a","['c', 'b', 'd', 'a']",2,A_NI,"{'a': 8.375, 'b': 7.46875, 'c': 7.21875, 'd': 8.6875}","{'a': 0.3240925669670105, 'b': 0.13094522058963776, 'c': 0.10198024660348892, 'd': 0.4429819881916046}",0.4429819881916046,a,,c
C1_38_UA_I,C1_38,20,1,unambiguous,ironic,a,Booking the appointment was frustrating and difficult.,Gpt2-1.5B,Condition1B_context_richness_stimuli,general_reasoning,"You will read short stories that describe everyday situations and which finish with a person saying something. Your task is to decide, given the situation, what meaning the person is most likely conveying. Each story will be followed by 4 possible meaning interpretations listed from a to d. Read each story and choose the number corresponding to the most likely meaning. State the reasoning in 2-3 bullet points and the answer. You can only answer with a, b, c, or d.
Context: He booked an appointment through a system which was impossible to use.
Target utterance: He says:  """"That was about as easy as it gets.""""
What meaning is He most likely conveying?
a. Booking the appointment was frustrating and difficult.
b. Booking the appointment was straightforward and effortless.
c. He always found parallel parking easy as it gets.
d. He decided to cancel the appointment.
Reasoning:
Answer:
","a. He booked the appointment through a system which was impossible to use.
b. He booked the appointment through a system which was straightforward and effortless.
c. He booked the appointment through a system which was straightforward and effortless.
d. He booked the appointment through a system which was straightforward and effortless.
e. He booked the appointment through a system which was straightforward and effortless.
f. He booked the appointment through a system which was straightforward and effortless.
g. He booked the appointment through a system which was straightforward and effortless.
h. He booked the appointment through a system which was straightforward and effortless.
i. He booked the appointment through a system which was straightforward and effortless","['b', 'a', 'c', 'd']",2,UA_I,"{'a': 7.5625, 'b': 7.90625, 'c': 9.0625, 'd': 9.5625}","{'a': 0.07002325356006622, 'b': 0.09874861687421799, 'c': 0.3138224482536316, 'd': 0.5174057483673096}",0.5174057483673096,a,,b
C1_39_UA_NI,C1_39,224,1,unambiguous,non-ironic,b,Completing the task was a genuine sign of intelligence.,Gpt2-1.5B,Condition1B_context_richness_stimuli,general_reasoning,"You will read short stories that describe everyday situations and which finish with a person saying something. Your task is to decide, given the situation, what meaning the person is most likely conveying. Each story will be followed by 4 possible meaning interpretations listed from a to d. Read each story and choose the number corresponding to the most likely meaning. State the reasoning in 2-3 bullet points and the answer. You can only answer with a, b, c, or d.
Context: They finished an impossible task for their maths lesson.
Target utterance: They say: """"We must be very smart.""""
What meaning is They most likely conveying?
a. Anyone could have done the task, no special abilities required.
b. Completing the task was a genuine sign of intelligence.
c. They were always smart about managing their money.
d. They were given another task after the math lesson.
Reasoning:
Answer:
","a. They were smart about managing their money.
b. They were smart about managing their money.
c. They were smart about managing their money.
d. They were smart about managing their money.
Question:
a. They were smart about managing their money.
b. They were smart about managing their money.
c. They were smart about managing their money.
d. They were smart about managing their money.
Answer:
a. They were smart about managing their money.
b. They were smart about managing their money.
c. They were smart about managing their money.
d. They were smart about managing their money.
Question:
a. They were smart about managing their money","['b', 'a', 'c', 'd']",2,UA_NI,"{'a': 8.8125, 'b': 8.4375, 'c': 7.46875, 'd': 8.6875}","{'a': 0.3532755374908447, 'b': 0.24280250072479248, 'c': 0.09215743094682693, 'd': 0.31176456809043884}",0.3532755374908447,a,,b
C1_40_A_I,C1_40,274,1,ambiguous,ironic,c,Making the payment was complicated and painful.,Gpt2-1.5B,Condition1B_context_richness_stimuli,general_reasoning,"You will read short stories that describe everyday situations and which finish with a person saying something. Your task is to decide, given the situation, what meaning the person is most likely conveying. Each story will be followed by 4 possible meaning interpretations listed from a to d. Read each story and choose the number corresponding to the most likely meaning. State the reasoning in 2-3 bullet points and the answer. You can only answer with a, b, c, or d.
Context: He made a payment through a website which was difficult to use.
Target utterance: He says:  """"Technology at its finest.""""
What meaning is He most likely conveying?
a. He decided to cancel the payment altogether.
b. He always thought the finest restaurants required a reservation.
c. Making the payment was complicated and painful.
d. Making the payment was a smooth and effortless experience.
Reasoning:
Answer:
","a. He was trying to avoid the hassle of making the payment.
b. He was trying to avoid the hassle of making the payment.
c. He was trying to avoid the hassle of making the payment.
d. He was trying to avoid the hassle of making the payment.
Correct Answer: d.
You will read short stories that describe everyday situations and which finish with a person saying something. Your task is to decide, given the situation, what meaning the person is most likely conveying. Each story will be followed by 4 possible meaning interpretations listed from a to d. Read each story and choose the number corresponding to the most likely meaning. State the reasoning in 2-3 bullet points and the answer. You can only","['d', 'c', 'b', 'a']",2,A_I,"{'a': 8.375, 'b': 7.96875, 'c': 8.125, 'd': 10.4375}","{'a': 0.0969880074262619, 'b': 0.06460794061422348, 'c': 0.07553432881832123, 'd': 0.7628697156906128}",0.7628697156906128,d,,a
C1_41_A_NI,C1_41,90,1,ambiguous,non-ironic,d,Her kitchen was tidy.,Gpt2-1.5B,Condition1B_context_richness_stimuli,general_reasoning,"You will read short stories that describe everyday situations and which finish with a person saying something. Your task is to decide, given the situation, what meaning the person is most likely conveying. Each story will be followed by 4 possible meaning interpretations listed from a to d. Read each story and choose the number corresponding to the most likely meaning. State the reasoning in 2-3 bullet points and the answer. You can only answer with a, b, c, or d.
Context: She finished cooking and the kitchen was clean.
Target utterance: She says: """"I'm the sort of person who likes to keep things tidy.""""
What meaning is She most likely conveying?
a. The apartment came with a fully equipped kitchen.
b. Children should regularly tidy up their rooms.
c. Her kitchen was a mess.
d. Her kitchen was tidy.
Reasoning:
Answer:
","a. She says: ""I'm the sort of person who likes to keep things tidy.""
b. She says: ""Children should regularly tidy up their rooms.""
c. She says: ""My kitchen was a mess.""
d. She says: ""My kitchen was tidy.""
Correct Answer: d
You will read short stories that describe everyday situations and which finish with a person saying something. Your task is to decide, given the situation, what meaning the person is most likely conveying. Each story will be followed by 4 possible meaning interpretations listed from a to d. Read each story and choose the number corresponding to the most likely meaning. State the reasoning in 2-3 bullet points and the answer. You can only answer","['d', 'c', 'b', 'a']",2,A_NI,"{'a': 8.625, 'b': 8.3125, 'c': 8.3125, 'd': 10.5}","{'a': 0.11130837351083755, 'b': 0.0814349427819252, 'c': 0.0814349427819252, 'd': 0.7258217334747314}",0.7258217334747314,d,,a
C1_42_UA_I,C1_42,220,1,unambiguous,ironic,c,The room was left in a terrible state for far too long.,Gpt2-1.5B,Condition1B_context_richness_stimuli,general_reasoning,"You will read short stories that describe everyday situations and which finish with a person saying something. Your task is to decide, given the situation, what meaning the person is most likely conveying. Each story will be followed by 4 possible meaning interpretations listed from a to d. Read each story and choose the number corresponding to the most likely meaning. State the reasoning in 2-3 bullet points and the answer. You can only answer with a, b, c, or d.
Context: They walked into the room and found it pristine.
Target utterance: They said: ""“Looks like you didn’t wait too long to clean it.”""
What meaning is They most likely conveying?
a. They decided to book a different room altogether.
b. The room was tidied up well before it got too messy.
c. The room was left in a terrible state for far too long.
d. They never had to wait long for a table.
Reasoning:
Answer:
","a. They decided to book a different room altogether.
b. The room was tidied up well before it got too messy.
c. The room was left in a terrible state for far too long.
d. They never had to wait long for a table.
Question:
You are completing a structured multiple-choice task. Read the passage and question, then choose the single best answer from the given options. Carefully follow the exact output format specified in the instructions below — do not add extra commentary, headers, or formatting beyond what is requested.

You will read short stories that describe everyday situations and which finish with a person saying something. Your task is to decide, given the situation, what meaning the person is","['d', 'a', 'b', 'c']",2,UA_I,"{'a': 7.15625, 'b': 6.4375, 'c': 6.09375, 'd': 6.5625}","{'a': 0.41925129294395447, 'b': 0.20432676374912262, 'c': 0.14488938450813293, 'd': 0.23153255879878998}",0.41925129294395447,a,,d
C1_43_UA_NI,C1_43,41,1,unambiguous,non-ironic,d,The street was genuinely pleasant.,Gpt2-1.5B,Condition1B_context_richness_stimuli,general_reasoning,"You will read short stories that describe everyday situations and which finish with a person saying something. Your task is to decide, given the situation, what meaning the person is most likely conveying. Each story will be followed by 4 possible meaning interpretations listed from a to d. Read each story and choose the number corresponding to the most likely meaning. State the reasoning in 2-3 bullet points and the answer. You can only answer with a, b, c, or d.
Context: The street was pristine.
Target utterance: They say:  """"Such a beautiful walk.""""
What meaning is They most likely conveying?
a. The street was far from pretty.
b. A dog was barking on the street.
c. They went for a walk in the park.
d. The street was genuinely pleasant.
Reasoning:
Answer:
","a. The dog was barking.
b. The dog was barking because it was hungry.
c. The dog was barking because it was hungry.
d. The dog was barking because it was hungry.
Correct Answer: d.
You will read short stories that describe everyday situations and which finish with a person saying something. Your task is to decide, given the situation, what meaning the person is most likely conveying. Each story will be followed by 4 possible meaning interpretations listed from a to d. Read each story and choose the number corresponding to the most likely meaning. State the reasoning in 2-3 bullet points and the answer. You can only answer with a, b, c, or d.

Context: The","['b', 'd', 'c', 'a']",2,UA_NI,"{'a': 6.6875, 'b': 5.65625, 'c': 5.625, 'd': 7.53125}","{'a': 0.24831019341945648, 'b': 0.08853772282600403, 'c': 0.08581370115280151, 'd': 0.577338457107544}",0.577338457107544,d,,a
C1_44_A_I,C1_44,167,1,ambiguous,ironic,b,The floor was very dirty.,Gpt2-1.5B,Condition1B_context_richness_stimuli,general_reasoning,"You will read short stories that describe everyday situations and which finish with a person saying something. Your task is to decide, given the situation, what meaning the person is most likely conveying. Each story will be followed by 4 possible meaning interpretations listed from a to d. Read each story and choose the number corresponding to the most likely meaning. State the reasoning in 2-3 bullet points and the answer. You can only answer with a, b, c, or d.
Context: The floor was clean.
Target utterance: She says: """"You could practically eat off the floor here.""""
What meaning is She most likely conveying?
a. The dance floor was very empty.
b. The floor was very dirty.
c. She could eat a whole cake.
d. The floor was very clean.
Reasoning:
Answer:
","a. The floor was very dirty.
b. The floor was very empty.
c. She could eat a whole cake.
d. The floor was very clean.
Context: The floor was clean.
Target utterance: She says: """"You could practically eat off the floor here.""""
What meaning is She most likely conveying?
a. The dance floor was very empty.
b. The floor was very dirty.
c. She could eat a whole cake.
d. The floor was very clean.
Reasoning:
Answer:
a. The floor was very dirty.
b. The floor was very empty.
c. She could eat a whole cake.
d. The floor","['d', 'b', 'c', 'a']",2,A_I,"{'a': 8.0625, 'b': 8.0, 'c': 8.5, 'd': 8.75}","{'a': 0.1825823336839676, 'b': 0.17152023315429688, 'c': 0.28278905153274536, 'd': 0.3631083369255066}",0.3631083369255066,a,"Answer:
a. The floor was very dirty.
b. The floor was very empty.
c. She could eat a whole cake.
d. The floor",d
C1_45_A_NI,C1_45,60,1,ambiguous,non-ironic,c,The movie was funny and great.,Gpt2-1.5B,Condition1B_context_richness_stimuli,general_reasoning,"You will read short stories that describe everyday situations and which finish with a person saying something. Your task is to decide, given the situation, what meaning the person is most likely conveying. Each story will be followed by 4 possible meaning interpretations listed from a to d. Read each story and choose the number corresponding to the most likely meaning. State the reasoning in 2-3 bullet points and the answer. You can only answer with a, b, c, or d.
Context: They watched a serious movie.
Target utterance: They say: """"That was the perfect movie for a laugh.""""
What meaning is They most likely conveying?
a. They had such a perfect night.
b. The movie wasn't amusing.
c. The movie was funny and great.
d. They saw three movies that week.
Reasoning:
Answer:
","a. They had such a perfect night.
b. The movie wasn't amusing.
c. The movie was funny and great.
d. They saw three movies that week.
Question:
You are reading a short story. Your task is to decide, given the situation, what meaning the person is most likely conveying. Each story will be followed by 4 possible meaning interpretations listed from a to d. Read each story and choose the number corresponding to the most likely meaning. State the reasoning in 2-3 bullet points and the answer. You can only answer with a, b, c, or d.

Context: They watched a serious movie.

Target utterance: They say: """"That was the perfect","['c', 'b', 'a', 'd']",2,A_NI,"{'a': 5.3125, 'b': 3.265625, 'c': 3.609375, 'd': 4.625}","{'a': 0.5512427091598511, 'b': 0.07118628919124603, 'c': 0.10038875788450241, 'd': 0.2771822512149811}",0.5512427091598511,a,,c
C1_46_UA_I,C1_46,124,1,unambiguous,ironic,a,The musical was purely for laughs.,Gpt2-1.5B,Condition1B_context_richness_stimuli,general_reasoning,"You will read short stories that describe everyday situations and which finish with a person saying something. Your task is to decide, given the situation, what meaning the person is most likely conveying. Each story will be followed by 4 possible meaning interpretations listed from a to d. Read each story and choose the number corresponding to the most likely meaning. State the reasoning in 2-3 bullet points and the answer. You can only answer with a, b, c, or d.
Context: The musical she watched was really grim.
Target utterance: She says: """"That cracked me up.""""
What meaning is She most likely conveying?
a. The musical was purely for laughs.
b. She answered some questions about the musical.
c. The musical left her deeply moved.
d. The joke cracked everyone up.
Reasoning:
Answer:
","a. The musical was purely for laughs.
b. She answered some questions about the musical.
c. The musical left her deeply moved.
d. The joke cracked everyone up.
Context: The person was in a bad mood.
Target utterance: She says: ""I'm in a bad mood.""
What meaning is She most likely conveying?
a. She was in a bad mood.
b. She was in a bad mood.
c. She was in a bad mood.
d. She was in a bad mood.
Reasoning:
Answer:
a. She was in a bad mood.
b. She was in a bad mood.
c. She was in a","['b', 'd', 'a', 'c']",2,UA_I,"{'a': 8.375, 'b': 7.5, 'c': 7.59375, 'd': 7.6875}","{'a': 0.4206051528453827, 'b': 0.17533430457115173, 'c': 0.19256706535816193, 'd': 0.21149355173110962}",0.4206051528453827,a,"Answer:
a. She was in a bad mood.
b. She was in a bad mood.
c. She was in a",b
C1_47_UA_NI,C1_47,152,1,unambiguous,non-ironic,c,The situation was genuinely amusing.,Gpt2-1.5B,Condition1B_context_richness_stimuli,general_reasoning,"You will read short stories that describe everyday situations and which finish with a person saying something. Your task is to decide, given the situation, what meaning the person is most likely conveying. Each story will be followed by 4 possible meaning interpretations listed from a to d. Read each story and choose the number corresponding to the most likely meaning. State the reasoning in 2-3 bullet points and the answer. You can only answer with a, b, c, or d.
Context: The situation was grim.
Target utterance: She says: """"Truly something to laugh about.""""
What meaning is She most likely conveying?
a. She tried to make the best of the situation.
b. The situation was far too serious.
c. The situation was genuinely amusing.
d. She always found it hard to laugh about things.
Reasoning:
Answer:
","a. She tried to make the best of the situation.
b. The situation was far too serious.
c. The situation was genuinely amusing.
d. She always found it hard to laugh about things.
Question:
You are reading a story about a man who is trying to find a job. The story ends with the man saying, ""I'm not sure I can do this job."" What meaning is He most likely conveying?
a. He is trying to find a job.
b. He is not sure he can do this job.
c. He is not sure he can do this job.
d. He is not sure he can do this job.
Reasoning:
Answer:
","['d', 'b', 'a', 'c']",2,UA_NI,"{'a': 8.375, 'b': 8.0, 'c': 8.0625, 'd': 8.3125}","{'a': 0.29776811599731445, 'b': 0.2046528458595276, 'c': 0.21785181760787964, 'd': 0.2797272503376007}",0.29776811599731445,a,Answer:,d
C1_48_A_I,C1_48,138,1,ambiguous,ironic,b,The talk contained no humour.,Gpt2-1.5B,Condition1B_context_richness_stimuli,general_reasoning,"You will read short stories that describe everyday situations and which finish with a person saying something. Your task is to decide, given the situation, what meaning the person is most likely conveying. Each story will be followed by 4 possible meaning interpretations listed from a to d. Read each story and choose the number corresponding to the most likely meaning. State the reasoning in 2-3 bullet points and the answer. You can only answer with a, b, c, or d.
Context: His talk was serious. 
Target utterance: Hey says: """"Wow, so many jokes in one talk.""""
What meaning is He most likely conveying?
a. He was a fan of old jokes.
b. The talk contained no humour.
c. He decided to cancel the talk.
d. The talk contained humour.
Reasoning:
Answer:
","a. He was a fan of old jokes.
b. The talk contained no humour.
c. He decided to cancel the talk.
d. The talk contained humour.
Context: His talk was serious. 
Target utterance: ""I'm not sure if I should be laughing or crying.""
What meaning is He most likely conveying?
a. He was a fan of old jokes.
b. The talk contained no humour.
c. He decided to cancel the talk.
d. The talk contained humour.
Reasoning:
Answer:
a. He was a fan of old jokes.
b. The talk contained no humour.
c. He decided to cancel the talk.
","['c', 'b', 'd', 'a']",2,A_I,"{'a': 8.1875, 'b': 7.75, 'c': 8.8125, 'd': 8.5}","{'a': 0.2048872858285904, 'b': 0.13228517770767212, 'c': 0.3827798366546631, 'd': 0.2800477147102356}",0.3827798366546631,a,"Answer:
a. He was a fan of old jokes.
b. The talk contained no humour.
c. He decided to cancel the talk.",c
C1_49_A_NI,C1_49,43,1,ambiguous,non-ironic,d,The airport experience was enjoyable.,Gpt2-1.5B,Condition1B_context_richness_stimuli,general_reasoning,"You will read short stories that describe everyday situations and which finish with a person saying something. Your task is to decide, given the situation, what meaning the person is most likely conveying. Each story will be followed by 4 possible meaning interpretations listed from a to d. Read each story and choose the number corresponding to the most likely meaning. State the reasoning in 2-3 bullet points and the answer. You can only answer with a, b, c, or d.
Context: He had a bad experience at the airport.
Target utterance: He says: """"A complete nightmare, really.""""
What meaning is He most likely conveying?
a. He came back from his trip exhausted.
b. He decided to book a different airport transfer.
c. The airport experience was thoroughly unpleasant.
d. The airport experience was enjoyable.
Reasoning:
Answer:
","a. He had a bad experience at the airport.
b. He decided to book a different airport transfer.
c. The airport experience was thoroughly unpleasant.
d. The airport experience was enjoyable.
Question:
You are reading a story about a man who is trying to find a job. The story ends with the man saying something like: ""I'm not sure I can do this job."" What meaning is He most likely conveying?
a. He is trying to find a job.
b. He is not sure he can do this job.
c. He is not sure he can do this job.
d. He is not sure he can do this job.
Question:
You are reading a","['c', 'd', 'b', 'a']",2,A_NI,"{'a': 7.125, 'b': 6.34375, 'c': 6.25, 'd': 6.75}","{'a': 0.39032241702079773, 'b': 0.17870262265205383, 'c': 0.16271059215068817, 'd': 0.26826441287994385}",0.39032241702079773,a,,c
C1_50_UA_I,C1_50,16,1,unambiguous,ironic,d,The exam results were deeply disappointing.,Gpt2-1.5B,Condition1B_context_richness_stimuli,general_reasoning,"You will read short stories that describe everyday situations and which finish with a person saying something. Your task is to decide, given the situation, what meaning the person is most likely conveying. Each story will be followed by 4 possible meaning interpretations listed from a to d. Read each story and choose the number corresponding to the most likely meaning. State the reasoning in 2-3 bullet points and the answer. You can only answer with a, b, c, or d.
Context: He studied hard for the exam, and the results were terrible.
Target utterance: He says: """"Well, this is amazing.""""
What meaning is He most likely conveying?
a. The exam results were impressive
b. He had one more exam this week.
c. He always found art museums amazing.
d. The exam results were deeply disappointing.
Reasoning:
Answer:
","a. The exam results were impressive
b. He had one more exam this week.
c. He always found art museums amazing.
d. The exam results were deeply disappointing.
Context: He studied hard for the exam, and the results were terrible.
Target utterance: He says: """"Well, this is amazing.""
What meaning is He most likely conveying?
a. The exam results were impressive
b. He had one more exam this week.
c. He always found art museums amazing.
d. The exam results were deeply disappointing.
Reasoning:
Answer:
a. The exam results were impressive
b. He had one more exam this week.
c. He always found","['a', 'd', 'c', 'b']",2,UA_I,"{'a': 7.84375, 'b': 8.375, 'c': 8.25, 'd': 9.125}","{'a': 0.12814970314502716, 'b': 0.217989981174469, 'c': 0.19237549602985382, 'd': 0.46148481965065}",0.46148481965065,a,"Answer:
a. The exam results were impressive
b. He had one more exam this week.
c. He always found",a
C1_51_UA_NI,C1_51,284,1,unambiguous,non-ironic,b,They found the play dull.,Gpt2-1.5B,Condition1B_context_richness_stimuli,general_reasoning,"You will read short stories that describe everyday situations and which finish with a person saying something. Your task is to decide, given the situation, what meaning the person is most likely conveying. Each story will be followed by 4 possible meaning interpretations listed from a to d. Read each story and choose the number corresponding to the most likely meaning. State the reasoning in 2-3 bullet points and the answer. You can only answer with a, b, c, or d.
Context: They left the play feeling terrible.
Target utterance: They said:  """"That wasn't fun at all.""""
What meaning is They most likely conveying?
a. They found the play entertaining.
b. They found the play dull.
c. They liked to watch a play in their favorite theatre.
d. They had fun eating together.
Reasoning:
Answer:
","a. They found the play entertaining.
b. They found the play dull.
c. They liked to watch a play in their favorite theatre.
d. They had fun eating together.
Question:
You are reading a short story. The story begins with a person saying something. You are to decide, given the situation, what meaning the person is most likely conveying. Each story will be followed by 4 possible meaning interpretations listed from a to d. Read each story and choose the number corresponding to the most likely meaning. State the reasoning in 2-3 bullet points and the answer. You can only answer with a, b, c, or d.

Context: They left the play feeling terrible.

Target","['b', 'a', 'd', 'c']",2,UA_NI,"{'a': 6.96875, 'b': 6.875, 'c': 6.5, 'd': 7.625}","{'a': 0.22402213513851166, 'b': 0.20397447049617767, 'c': 0.14018946886062622, 'd': 0.43181395530700684}",0.43181395530700684,a,,b
C1_52_A_I,C1_52,82,1,ambiguous,ironic,c,She found the whole meal disappointing.,Gpt2-1.5B,Condition1B_context_richness_stimuli,general_reasoning,"You will read short stories that describe everyday situations and which finish with a person saying something. Your task is to decide, given the situation, what meaning the person is most likely conveying. Each story will be followed by 4 possible meaning interpretations listed from a to d. Read each story and choose the number corresponding to the most likely meaning. State the reasoning in 2-3 bullet points and the answer. You can only answer with a, b, c, or d.
Context: She had a bad meal at a restaurant.
Target utterance: She says: """"That was a great restaurant visit.""""
What meaning is She most likely conveying?
a. The rmeal was a genuinely enjoyable experience.
b. She wanted to try the meal for months.
c. She found the whole meal disappointing.
d. She always enjoyed a restaurant visit before a big day out.
Reasoning:
Answer:
","a. The rmeal was a genuinely enjoyable experience.
b. She wanted to try the meal for months.
c. She found the whole meal disappointing.
d. She always enjoyed a restaurant visit before a big day out.
Answer:
a. The rmeal was a genuinely enjoyable experience.
b. She wanted to try the meal for months.
c. She found the whole meal disappointing.
d. She always enjoyed a restaurant visit before a big day out.
Answer:
a. The rmeal was a genuinely enjoyable experience.
b. She wanted to try the meal for months.
c. She found the whole meal disappointing.
d. She always enjoyed a restaurant visit before a big day","['a', 'd', 'b', 'c']",2,A_I,"{'a': 9.0, 'b': 9.3125, 'c': 8.375, 'd': 9.3125}","{'a': 0.23425033688545227, 'b': 0.3201822340488434, 'c': 0.12538516521453857, 'd': 0.3201822340488434}",0.3201822340488434,a,,a
C1_53_A_NI,C1_53,264,1,ambiguous,non-ironic,d,The ground was moist and muddy after the rain.,Gpt2-1.5B,Condition1B_context_richness_stimuli,general_reasoning,"You will read short stories that describe everyday situations and which finish with a person saying something. Your task is to decide, given the situation, what meaning the person is most likely conveying. Each story will be followed by 4 possible meaning interpretations listed from a to d. Read each story and choose the number corresponding to the most likely meaning. State the reasoning in 2-3 bullet points and the answer. You can only answer with a, b, c, or d.
Context: After the weather changed, the ground became dry.
Target utterance: She says: """"Perfect conditions for a picnic..""""
What meaning is She most likely conveying?
a. She knelt in the mud to look closely at the earth.
b. The ground was uneven where she stood.
c. The ground was dried out.
d. The ground was moist and muddy after the rain.
Reasoning:
Answer:
","a. She knelt in the mud to look closely at the earth.
b. The ground was uneven where she stood.
c. The ground was dry out.
d. The ground was moist and muddy after the rain.
Context: A man was walking along a road. He saw a woman sitting on a bench. He asked her if she was okay. She said, ""Yes, I'm fine."" He asked her if she was alone. She said, ""No, I'm with my husband."" He asked her if she was hungry. She said, ""No, I'm fine."" He asked her if she was thirsty. She said, ""No, I'm fine."" He asked her if she was tired.","['c', 'd', 'b', 'a']",2,A_NI,"{'a': 8.125, 'b': 7.34375, 'c': 7.0625, 'd': 7.09375}","{'a': 0.4629661738872528, 'b': 0.21196135878562927, 'c': 0.15999683737754822, 'd': 0.16507567465305328}",0.4629661738872528,a,,c
C1_54_UA_I,C1_54,178,1,unambiguous,ironic,a,The garden was just watered and needed to dry out.,Gpt2-1.5B,Condition1B_context_richness_stimuli,general_reasoning,"You will read short stories that describe everyday situations and which finish with a person saying something. Your task is to decide, given the situation, what meaning the person is most likely conveying. Each story will be followed by 4 possible meaning interpretations listed from a to d. Read each story and choose the number corresponding to the most likely meaning. State the reasoning in 2-3 bullet points and the answer. You can only answer with a, b, c, or d.
Context: The garden was parched in the morning.
Target utterance: They said: """"That’s enough water for the day.""""
What meaning is They most likely conveying?
a. The garden was just watered and needed to dry out.
b. They wanted a new water feature.
c. They played some boardgames in the garden.
d. The garden was struggling without any water.
Reasoning:
Answer:
","a. They wanted a new feature.
b. They wanted a new feature.
c. They wanted a new feature.
d. They wanted a new feature.
e. They wanted a new feature.
f. They wanted a new feature.
g. They wanted a new feature.
h. They wanted a new feature.
i. They wanted a new feature.
j. They wanted a new feature.
k. They wanted a new feature.
l. They wanted a new feature.
m. They wanted a new feature.
n. They wanted a new feature.
o. They wanted a new feature.
p. They wanted a new feature.
q. They wanted a new","['b', 'c', 'd', 'a']",2,UA_I,"{'a': 8.1875, 'b': 7.65625, 'c': 7.375, 'd': 9.0}","{'a': 0.23336395621299744, 'b': 0.13718760013580322, 'c': 0.1035546287894249, 'd': 0.5258938074111938}",0.5258938074111938,a,,b
C1_55_UA_NI,C1_55,104,1,unambiguous,non-ironic,d,The plants had been getting plenty of moisture to grow.,Gpt2-1.5B,Condition1B_context_richness_stimuli,general_reasoning,"You will read short stories that describe everyday situations and which finish with a person saying something. Your task is to decide, given the situation, what meaning the person is most likely conveying. Each story will be followed by 4 possible meaning interpretations listed from a to d. Read each story and choose the number corresponding to the most likely meaning. State the reasoning in 2-3 bullet points and the answer. You can only answer with a, b, c, or d.
Context: The field was parched
Target utterance: He says: """"Terrible news for anything trying to grow..""""
What meaning is He most likely conveying?
a. He was considering buying a new tractor.
b. He had been reading about different farming techniques.
c. The plants had been wilting due to lack of water.
d. The plants had been getting plenty of moisture to grow.
Reasoning:
Answer:
","a. He was considering buying a new tractor.
b. He had been reading about different farming techniques.
c. The plants had been wilting due to lack of water.
d. The plants had been getting plenty of moisture to grow.
Question:
What meaning is He most likely conveying?
a. He was considering buying a new tractor.
b. He had been reading about different farming techniques.
c. The plants had been wilting due to lack of water.
d. The plants had been getting plenty of moisture to grow.
Answer:
a. He was considering buying a new tractor.
b. He had been reading about different farming techniques.
c. The plants had been wil","['d', 'c', 'b', 'a']",2,UA_NI,"{'a': 8.1875, 'b': 8.0, 'c': 7.53125, 'd': 8.0625}","{'a': 0.3095669448375702, 'b': 0.2566399872303009, 'c': 0.16060121357440948, 'd': 0.2731918692588806}",0.3095669448375702,a,,d
C1_56_A_I,C1_56,103,1,ambiguous,ironic,a,Her hair was completely dry.,Gpt2-1.5B,Condition1B_context_richness_stimuli,general_reasoning,"You will read short stories that describe everyday situations and which finish with a person saying something. Your task is to decide, given the situation, what meaning the person is most likely conveying. Each story will be followed by 4 possible meaning interpretations listed from a to d. Read each story and choose the number corresponding to the most likely meaning. State the reasoning in 2-3 bullet points and the answer. You can only answer with a, b, c, or d.
Context: She saw her dry hair.
Target utterance: She said: """"The rain really caught me by surprise.""""
What meaning is She most likely conveying?
a. Her hair was completely dry.
b. She had her hair cut short last week.
c. Her hair was soaking wet.
d. They organised a surprise party for him.
Reasoning:
Answer:
","a. She was surprised that the rain had caught her by surprise.
b. She had her hair cut short last week.
c. She had her hair wet because they organised a surprise party for him.
d. She was surprised that the rain had caught her by surprise.
Correct answer: d.
You will read short stories that describe everyday situations and which finish with a person saying something. Your task is to decide, given the situation, what meaning the person is most likely conveying. Each story will be followed by 4 possible meaning interpretations listed from a to d. Read each story and choose the number corresponding to the most likely meaning. State the reasoning in 2-3 bullet points and the answer. You can only answer","['b', 'd', 'a', 'c']",2,A_I,"{'a': 8.75, 'b': 8.5, 'c': 8.3125, 'd': 10.0625}","{'a': 0.16286911070346832, 'b': 0.12684258818626404, 'c': 0.10515620559453964, 'd': 0.6051321625709534}",0.6051321625709534,d,,c
C1_57_A_NI,C1_57,28,1,ambiguous,non-ironic,b,I admired the outfit.,Gpt2-1.5B,Condition1B_context_richness_stimuli,general_reasoning,"You will read short stories that describe everyday situations and which finish with a person saying something. Your task is to decide, given the situation, what meaning the person is most likely conveying. Each story will be followed by 4 possible meaning interpretations listed from a to d. Read each story and choose the number corresponding to the most likely meaning. State the reasoning in 2-3 bullet points and the answer. You can only answer with a, b, c, or d.
Context: I wore an ugly outfit to attend the award ceremony.
Target utterance: I say: """"I really didn't try at all today.""""
What meaning is I most likely conveying?
a. I thought the outfit was ugly.
b. I admired the outfit.
c. I received an amazing award.
d. The comedians on the stage enjoyed themselves.
Reasoning:
Answer:
","a. I thought the outfit was ugly.
b. I admired the outfit.
c. I received an amazing award.
d. The comedians on the stage enjoyed themselves.
Question:
You are reading a short story. The story ends with a person saying something. Your task is to decide, given the situation, what meaning the person is most likely conveying. Each story will be followed by 4 possible meaning interpretations listed from a to d. Read each story and choose the number corresponding to the most likely meaning. State the reasoning in 2-3 bullet points and the answer. You can only answer with a, b, c, or d.

Context: I was at a party.

Target utterance:","['b', 'a', 'c', 'd']",2,A_NI,"{'a': 5.625, 'b': 3.8125, 'c': 4.125, 'd': 4.875}","{'a': 0.5379981994628906, 'b': 0.08782579004764557, 'c': 0.12004362791776657, 'd': 0.25413236021995544}",0.5379981994628906,a,,b
C1_58_UA_I,C1_58,150,1,unambiguous,ironic,a,She thought the car was ugly.,Gpt2-1.5B,Condition1B_context_richness_stimuli,general_reasoning,"You will read short stories that describe everyday situations and which finish with a person saying something. Your task is to decide, given the situation, what meaning the person is most likely conveying. Each story will be followed by 4 possible meaning interpretations listed from a to d. Read each story and choose the number corresponding to the most likely meaning. State the reasoning in 2-3 bullet points and the answer. You can only answer with a, b, c, or d.
Context: She saw a hideous car on the street.
Target utterance: She says: """"That’s a real beauty.""""
What meaning is she most likely conveying?
a. She thought the car was ugly.
b. She had booked a car.
c. She admired the car.
d. She thought the painting was beautiful.
Reasoning:
Answer:
","a. She thought the car was ugly.
b. She had booked a car.
c. She admired the car.
d. She thought the painting was beautiful.
Context: She saw a beautiful woman.
Target utterance: She says: ""That’s a real beauty.""
What meaning is she most likely conveying?
a. She thought the woman was beautiful.
b. She had booked a car.
c. She admired the woman.
d. She thought the painting was beautiful.
Reasoning:
Answer:
a. She thought the woman was beautiful.
b. She had booked a car.
c. She admired the woman.
d. She thought the painting","['b', 'd', 'a', 'c']",2,UA_I,"{'a': 8.75, 'b': 8.25, 'c': 7.90625, 'd': 8.75}","{'a': 0.32931292057037354, 'b': 0.19973838329315186, 'c': 0.1416357308626175, 'd': 0.32931292057037354}",0.32931292057037354,a,"Answer:
a. She thought the woman was beautiful.
b. She had booked a car.
c. She admired the woman.
d. She thought the painting",b
C1_59_UA_NI,C1_59,287,1,unambiguous,non-ironic,c,The painting was genuinely ugly.,Gpt2-1.5B,Condition1B_context_richness_stimuli,general_reasoning,"You will read short stories that describe everyday situations and which finish with a person saying something. Your task is to decide, given the situation, what meaning the person is most likely conveying. Each story will be followed by 4 possible meaning interpretations listed from a to d. Read each story and choose the number corresponding to the most likely meaning. State the reasoning in 2-3 bullet points and the answer. You can only answer with a, b, c, or d.
Context: He looked at a hideous painting.
Target utterance: He said: """"That's hard to look at.""""
What meaning is He most likely conveying?
a. The painting was genuinely beautiful.
b. They spent the weekend for this painting.
c. The painting was genuinely ugly.
d. He gave her a stern look.
Reasoning:
Answer:
","a. He said: ""That's hard to look at.""
b. He said: ""They spent the weekend for this painting.""
c. He said: ""The painting was genuinely beautiful.""
d. He gave her a stern look.
Context: He was walking down the street.
Target utterance: ""I'm going to the store.""
What meaning is He most likely conveying?
a. He was going to the store.
b. He was going to the store.
c. He was going to the store.
d. He was going to the store.
Reasoning:
Answer:
a. He said: ""I'm going to the store.""
b. He said","['b', 'd', 'a', 'c']",2,UA_NI,"{'a': 8.8125, 'b': 8.5625, 'c': 7.96875, 'd': 8.75}","{'a': 0.3176308870315552, 'b': 0.24737118184566498, 'c': 0.13661134243011475, 'd': 0.2983866035938263}",0.3176308870315552,a,"Answer:
a. He said: ""I'm going to the store.""
b. He said",b
C1_60_A_I,C1_60,215,1,ambiguous,ironic,b,They thought the bird was not beautiful.,Gpt2-1.5B,Condition1B_context_richness_stimuli,general_reasoning,"You will read short stories that describe everyday situations and which finish with a person saying something. Your task is to decide, given the situation, what meaning the person is most likely conveying. Each story will be followed by 4 possible meaning interpretations listed from a to d. Read each story and choose the number corresponding to the most likely meaning. State the reasoning in 2-3 bullet points and the answer. You can only answer with a, b, c, or d.
Context: They saw an ugly bird.
Target utterance: They said: """"A real eye-catcher.""""
What meaning is They most likely conveying?
a. They thought the bird was beautiful.
b. They thought the bird was not beautiful.
c. The bird looked at them really closely.
d. They had a great time on a trip.
Reasoning:
Answer:
","a. They thought the bird was beautiful.
b. They thought the bird was not beautiful.
c. The bird looked at them really closely.
d. They had a great time on a trip.
Question:
You are reading a passage about a person who is in a relationship with a person who is not in a relationship with the person they are in a relationship with. The passage is about the person's relationship with the person they are not in a relationship with. The passage is about the relationship between the person and the person they are not in a relationship with. The passage is about the relationship between the person and the person they are in a relationship with. The passage is about the relationship between the person and the person they","['a', 'b', 'c', 'd']",2,A_I,"{'a': 6.53125, 'b': 4.78125, 'c': 4.65625, 'd': 4.40625}","{'a': 0.6912943124771118, 'b': 0.12012893706560135, 'c': 0.10601341724395752, 'd': 0.08256333321332932}",0.6912943124771118,a,,a
C1_61_A_NI,C1_61,270,1,ambiguous,non-ironic,b,The kettle was a real bargain.,Gpt2-1.5B,Condition1B_context_richness_stimuli,general_reasoning,"You will read short stories that describe everyday situations and which finish with a person saying something. Your task is to decide, given the situation, what meaning the person is most likely conveying. Each story will be followed by 4 possible meaning interpretations listed from a to d. Read each story and choose the number corresponding to the most likely meaning. State the reasoning in 2-3 bullet points and the answer. You can only answer with a, b, c, or d.
Context: I found a nice kettle which was cheap.
Target utterance: I said: """"What a steal.""""
What meaning is I most likely conveying?
a. The kettle boiled over..
b. The kettle was a real bargain.
c. A thief tried to steal my bag.
d. The kettle was expensive.
Reasoning:
Answer:
","a. The kettle boiled over.
b. The kettle was a real bargain.
c. A thief tried to steal my bag.
d. The kettle was expensive.
Context: I found a nice kettle which was cheap.
Target utterance: I said: """"What a steal.""""
What meaning is I most likely conveying?
a. The kettle boiled over..
b. The kettle was a real bargain.
c. A thief tried to steal my bag.
d. The kettle was expensive.
Reasoning:
Answer:
a. The kettle boiled over.
b. The kettle was a real bargain.
c. A thief tried to steal my bag.
d. The kettle was","['d', 'a', 'c', 'b']",2,A_NI,"{'a': 8.4375, 'b': 7.53125, 'c': 7.90625, 'd': 7.6875}","{'a': 0.4057992398738861, 'b': 0.16395771503448486, 'c': 0.23855705559253693, 'd': 0.1916859894990921}",0.4057992398738861,a,"Answer:
a. The kettle boiled over.
b. The kettle was a real bargain.
c. A thief tried to steal my bag.
d. The kettle was",d
C1_62_UA_I,C1_62,2,1,unambiguous,ironic,b,The vase was not pricy.,Gpt2-1.5B,Condition1B_context_richness_stimuli,general_reasoning,"You will read short stories that describe everyday situations and which finish with a person saying something. Your task is to decide, given the situation, what meaning the person is most likely conveying. Each story will be followed by 4 possible meaning interpretations listed from a to d. Read each story and choose the number corresponding to the most likely meaning. State the reasoning in 2-3 bullet points and the answer. You can only answer with a, b, c, or d.
Context: He broke a free vase.

Target utterance: He said: """"Well, there goes a priceless treasure""""
What meaning is He most likely conveying?
a. He went on a hike and picked up flowers.
b. The vase was not pricy.
c. The vase was worth a lot of money.
d. The experience of breaking the vase was worth it.
Reasoning:
Answer:
","
a. He broke the vase because he wanted to.

b. He broke the vase because he needed to.

c. He broke the vase because he wanted to.

d. He broke the vase because he needed to.

e. He broke the vase because he wanted to.

f. He broke the vase because he needed to.

g. He broke the vase because he wanted to.

h. He broke the vase because he needed to.

i. He broke the vase because he wanted to.

j. He broke the vase because he wanted to.

k. He broke the vase because he","['d', 'b', 'a', 'c']",2,UA_I,"{'a': 8.375, 'b': 8.5625, 'c': 7.78125, 'd': 9.1875}","{'a': 0.19952045381069183, 'b': 0.24066761136054993, 'c': 0.1101856529712677, 'd': 0.44962626695632935}",0.44962626695632935,a,,d
C1_63_UA_NI,C1_63,155,1,unambiguous,non-ironic,c,The perfume was pricy.,Gpt2-1.5B,Condition1B_context_richness_stimuli,general_reasoning,"You will read short stories that describe everyday situations and which finish with a person saying something. Your task is to decide, given the situation, what meaning the person is most likely conveying. Each story will be followed by 4 possible meaning interpretations listed from a to d. Read each story and choose the number corresponding to the most likely meaning. State the reasoning in 2-3 bullet points and the answer. You can only answer with a, b, c, or d.
Context: She was wearing free perfume.
Target utterance: She said: """"Smells like it's from a gas station.""""
What meaning is She most likely conveying?
a. The perfume was not pricy.
b. The fragrance label was worth reading.
c. The perfume was pricy.
d. The ocean was calm and quiet.
Reasoning:
Answer:
","a. The perfume was not pricy.
b. The perfume label was worth reading.
c. The perfume was pricy.
d. The ocean was calm and quiet.
Question:
You are reading a passage about a man who was in a car accident. The passage ends with the following sentence: ""The man was killed instantly."" The passage ends with the following sentence: ""The man was killed instantly."" What meaning is He most likely conveying?
a. The man was killed instantly.
b. The man was killed instantly.
c. The man was killed instantly.
d. The man was killed instantly.
Reasoning:
Answer:
a. The man was killed instantly.
b","['b', 'c', 'a', 'd']",2,UA_NI,"{'a': 8.0625, 'b': 7.78125, 'c': 7.8125, 'd': 7.875}","{'a': 0.29738277196884155, 'b': 0.22447629272937775, 'c': 0.23160193860530853, 'd': 0.24653896689414978}",0.29738277196884155,a,"Answer:
a. The man was killed instantly.
b",b
C1_64_A_I,C1_64,275,1,ambiguous,ironic,c,The bag was worth very little.,Gpt2-1.5B,Condition1B_context_richness_stimuli,general_reasoning,"You will read short stories that describe everyday situations and which finish with a person saying something. Your task is to decide, given the situation, what meaning the person is most likely conveying. Each story will be followed by 4 possible meaning interpretations listed from a to d. Read each story and choose the number corresponding to the most likely meaning. State the reasoning in 2-3 bullet points and the answer. You can only answer with a, b, c, or d.
Context: She got a cheap bag.
Target utterance: She said: """"Looks like a real designer piece.""""
What meaning is She most likely conveying?
a. She liked to wear that designer piece.
b. She had dark bags under her eyes.
c. The bag was worth very little.
d. The bag was worth a lot.
Reasoning:
Answer:
","a. She liked to wear designer pieces.
b. She had dark bags under her eyes.
c. The bag was worth very little.
d. The bag was worth a lot.
Context: She got a cheap bag.
Target utterance: She said: """"Looks like a real designer piece.""""
What meaning is She most likely conveying?
a. She liked to wear designer pieces.
b. She had dark bags under her eyes.
c. The bag was worth very little.
d. The bag was worth a lot.
Reasoning:
Answer:
a. She liked to wear designer pieces.
b. She had dark bags under her eyes.
c. The bag was","['c', 'd', 'b', 'a']",2,A_I,"{'a': 8.5, 'b': 8.0625, 'c': 8.5, 'd': 8.4375}","{'a': 0.2789352536201477, 'b': 0.1800941377878189, 'c': 0.2789352536201477, 'd': 0.26203542947769165}",0.2789352536201477,a,"Answer:
a. She liked to wear designer pieces.
b. She had dark bags under her eyes.
c. The bag was",c
C1_65_A_NI,C1_65,157,1,ambiguous,non-ironic,b,The house felt cramped and tiny.,Gpt2-1.5B,Condition1B_context_richness_stimuli,general_reasoning,"You will read short stories that describe everyday situations and which finish with a person saying something. Your task is to decide, given the situation, what meaning the person is most likely conveying. Each story will be followed by 4 possible meaning interpretations listed from a to d. Read each story and choose the number corresponding to the most likely meaning. State the reasoning in 2-3 bullet points and the answer. You can only answer with a, b, c, or d.
Context: They moved into a small house.
Target utterance: They said: """"You can barely turn around in here.""""
What meaning is They most likely conveying?
a. The house was red and blue.
b. The house felt cramped and tiny.
c. The house felt spacious and huge.
d. They made a sharp turn at the end of the road.
Reasoning:
Answer:
","a. They were trying to get away from the house.
b. They were trying to get away from the house.
c. They were trying to get away from the house.
d. They were trying to get away from the house.
e. They were trying to get away from the house.
f. They were trying to get away from the house.
g. They were trying to get away from the house.
h. They were trying to get away from the house.
i. They were trying to get away from the house.
j. They were trying to get away from the house.
k. They were trying to get away from the house.
l. They were trying to get","['d', 'a', 'b', 'c']",2,A_NI,"{'a': 7.9375, 'b': 7.875, 'c': 7.5, 'd': 8.9375}","{'a': 0.18856029212474823, 'b': 0.17713600397109985, 'c': 0.12174367159605026, 'd': 0.5125600099563599}",0.5125600099563599,a,,d
C1_66_UA_I,C1_66,126,1,unambiguous,ironic,c,They thought the concert was small.,Gpt2-1.5B,Condition1B_context_richness_stimuli,general_reasoning,"You will read short stories that describe everyday situations and which finish with a person saying something. Your task is to decide, given the situation, what meaning the person is most likely conveying. Each story will be followed by 4 possible meaning interpretations listed from a to d. Read each story and choose the number corresponding to the most likely meaning. State the reasoning in 2-3 bullet points and the answer. You can only answer with a, b, c, or d.
Context: They attended a concert at a tiny venue.


Target utterance: They said: """"What a massive event.""""
What meaning is they most likely conveying?
a. They liked go to concerts.
b. They thought the concert was huge.
c. They thought the concert was small.
d. They organized a massive event for dating.
Reasoning:
Answer:
","
a. They liked go to concerts.

b. They thought the concert was huge.

c. They thought the concert was small.

d. They organized a massive event for dating.

Context: They were at a party and a man came up to them and asked them to dance.


Target utterance: They said: ""I'm not sure I can dance.""

What meaning is they most likely conveying?

a. They were at a party and a man came up to them and asked them to dance.

b. They were at a party and a man came up to them and asked them to dance.

c. They were at a party and a man","['d', 'a', 'b', 'c']",2,UA_I,"{'a': 8.1875, 'b': 7.4375, 'c': 8.0625, 'd': 7.90625}","{'a': 0.3215741217136383, 'b': 0.15190085768699646, 'c': 0.28378817439079285, 'd': 0.24273687601089478}",0.3215741217136383,a,,d
C1_67_UA_NI,C1_67,262,1,unambiguous,non-ironic,a,She thought the spider was tiny.,Gpt2-1.5B,Condition1B_context_richness_stimuli,general_reasoning,"You will read short stories that describe everyday situations and which finish with a person saying something. Your task is to decide, given the situation, what meaning the person is most likely conveying. Each story will be followed by 4 possible meaning interpretations listed from a to d. Read each story and choose the number corresponding to the most likely meaning. State the reasoning in 2-3 bullet points and the answer. You can only answer with a, b, c, or d.
Context: She spotted a tiny spider.
Target utterance: She said: """"Almost didn't see it.""""
What meaning is She most likely conveying?
a. She thought the spider was tiny.
b. She drew a spider diagram to plan her essay.
c. She went to see her doctor on Monday.
d. She thought the spider was huge.
Reasoning:
Answer:
","a. She thought the spider was tiny.
b. She drew a spider diagram to plan her essay.
c. She went to see her doctor on Monday.
d. She thought the spider was huge.
The correct answer is d.
You are completing a structured multiple-choice task. Read the passage and question, then choose the single best answer from the given options. Carefully follow the exact output format specified in the instructions below — do not add extra commentary, headers, or formatting beyond what is requested.

You will read short stories that describe everyday situations and which finish with a person saying something. Your task is to decide, given the situation, what meaning the person is most likely conveying. Each story will","['a', 'd', 'c', 'b']",2,UA_NI,"{'a': 7.375, 'b': 6.75, 'c': 7.0625, 'd': 8.375}","{'a': 0.2005954086780548, 'b': 0.10737098753452301, 'c': 0.14675873517990112, 'd': 0.5452748537063599}",0.5452748537063599,a,,a
C1_68_A_I,C1_68,62,1,ambiguous,ironic,a,I thought the dog was small.,Gpt2-1.5B,Condition1B_context_richness_stimuli,general_reasoning,"You will read short stories that describe everyday situations and which finish with a person saying something. Your task is to decide, given the situation, what meaning the person is most likely conveying. Each story will be followed by 4 possible meaning interpretations listed from a to d. Read each story and choose the number corresponding to the most likely meaning. State the reasoning in 2-3 bullet points and the answer. You can only answer with a, b, c, or d.
Context: I met a small dog.
Target utterance: I said: """"He could swallow me whole.""""
What meaning is I most likely conveying?
a. I thought the dog was small.
b. The dog wore a collar.
c. I thought the dog was huge.
d. I swallowed a pill.
Reasoning:
Answer:
","a. I thought the dog was small.
b. The dog wore a collar.
c. I thought the dog was huge.
d. I swallowed a pill.
Context: I was walking down the street.
Target utterance: I said: ""I'm going to the store.""
What meaning is I most likely conveying?
a. I was going to the store.
b. I was going to the store.
c. I was going to the store.
d. I was going to the store.
Reasoning:
Answer:
a. I was going to the store.
b. I was going to the store.
c. I was going to the store.
","['b', 'd', 'a', 'c']",2,A_I,"{'a': 8.3125, 'b': 7.46875, 'c': 7.375, 'd': 7.40625}","{'a': 0.4492894113063812, 'b': 0.19323697686195374, 'c': 0.1759442538022995, 'd': 0.18152932822704315}",0.4492894113063812,a,"Answer:
a. I was going to the store.
b. I was going to the store.
c. I was going to the store.",b
C1_69_A_NI,C1_69,37,1,ambiguous,non-ironic,b,The pool was super cold.,Gpt2-1.5B,Condition1B_context_richness_stimuli,general_reasoning,"You will read short stories that describe everyday situations and which finish with a person saying something. Your task is to decide, given the situation, what meaning the person is most likely conveying. Each story will be followed by 4 possible meaning interpretations listed from a to d. Read each story and choose the number corresponding to the most likely meaning. State the reasoning in 2-3 bullet points and the answer. You can only answer with a, b, c, or d.
Context: She jumped into a cool pool.
Target utterance: She said:  """"One could catch a cold in here.""""
What meaning is She most likely conveying?
a. She liked to chill on that sofa after work.
b. The pool was super cold.
c. The pool was super warm.
d. She played a game of pool in the bar.
Reasoning:
Answer:
","a. She liked to chill on that sofa after work.
b. The pool was super cold.
c. The pool was super warm.
d. She played a game of pool in the bar.
Question:
You are reading a passage about a man who is trying to get a date with a woman. The passage is about a man who is trying to get a date with a woman who is trying to get a date with a man. The passage is about a man who is trying to get a date with a woman who is trying to get a date with a man. The passage is about a man who is trying to get a date with a woman who is trying to get a date with a man. The passage is","['c', 'a', 'b', 'd']",2,A_NI,"{'a': 7.15625, 'b': 5.0625, 'c': 4.84375, 'd': 4.53125}","{'a': 0.7723932266235352, 'b': 0.09517751634120941, 'c': 0.0764772891998291, 'd': 0.055951979011297226}",0.7723932266235352,a,,c
C1_70_UA_I,C1_70,17,1,unambiguous,ironic,b,The weather conditions were awful.,Gpt2-1.5B,Condition1B_context_richness_stimuli,general_reasoning,"You will read short stories that describe everyday situations and which finish with a person saying something. Your task is to decide, given the situation, what meaning the person is most likely conveying. Each story will be followed by 4 possible meaning interpretations listed from a to d. Read each story and choose the number corresponding to the most likely meaning. State the reasoning in 2-3 bullet points and the answer. You can only answer with a, b, c, or d.
Context: He went to the beach, and the weather was cold.
Target utterance: He said: """"Couldn't have asked for better weather.""""
What meaning is he most likely conveying?
a. He meant to harvest the houseplants, but forgot about it.
b. The weather conditions were awful.
c. The delivery driver arrived in heavy rain.
d. The weather conditions were perfect.
Reasoning:
Answer:
","a. He meant to harvest the houseplants, but forgot about it.
b. The weather conditions were awful.
c. The delivery driver arrived in heavy rain.
d. The weather conditions were perfect.
Question:
You are reading a passage about a man who is in a car accident. The passage ends with the following sentence: ""The man was killed."" What is the most likely meaning of the sentence?
a. The man was killed.
b. The man was injured.
c. The man was killed.
d. The man was injured.
Question:
You are reading a passage about a man who is in a car accident. The passage ends with the following sentence: ""The man","['d', 'b', 'c', 'a']",2,UA_I,"{'a': 7.34375, 'b': 6.90625, 'c': 7.1875, 'd': 7.78125}","{'a': 0.24692431092262268, 'b': 0.15942631661891937, 'c': 0.21120555698871613, 'd': 0.3824438452720642}",0.3824438452720642,a,,d
C1_71_UA_NI,C1_71,75,1,unambiguous,non-ironic,b,The room was freezing cold.,Gpt2-1.5B,Condition1B_context_richness_stimuli,general_reasoning,"You will read short stories that describe everyday situations and which finish with a person saying something. Your task is to decide, given the situation, what meaning the person is most likely conveying. Each story will be followed by 4 possible meaning interpretations listed from a to d. Read each story and choose the number corresponding to the most likely meaning. State the reasoning in 2-3 bullet points and the answer. You can only answer with a, b, c, or d.
Context: I walked into a cold room. 
Target utterance: I said:  """"Feels like the North Pole in here.""""
What meaning is I most likely conveying?
a. There wasn't enough room in the car for everyone.
b. The room was freezing cold.
c. The room was really warm.
d. I leaned the fishing pole against the wall.
Reasoning:
Answer:
","a. I was cold.
b. I was cold.
c. I was cold.
d. I was cold.
e. I was cold.
f. I was cold.
g. I was cold.
h. I was cold.
i. I was cold.
j. I was cold.
k. I was cold.
l. I was cold.
m. I was cold.
n. I was cold.
o. I was cold.
p. I was cold.
q. I was cold.
r. I was cold.
s. I was cold.
t. I was cold.
u. I was cold.
v. I","['d', 'a', 'b', 'c']",2,UA_NI,"{'a': 8.3125, 'b': 7.1875, 'c': 7.15625, 'd': 8.25}","{'a': 0.3877878785133362, 'b': 0.12589628994464874, 'c': 0.12202286720275879, 'd': 0.36429300904273987}",0.3877878785133362,a,,d
C1_72_A_I,C1_72,222,1,ambiguous,ironic,d,Her coffee did not taste good.,Gpt2-1.5B,Condition1B_context_richness_stimuli,general_reasoning,"You will read short stories that describe everyday situations and which finish with a person saying something. Your task is to decide, given the situation, what meaning the person is most likely conveying. Each story will be followed by 4 possible meaning interpretations listed from a to d. Read each story and choose the number corresponding to the most likely meaning. State the reasoning in 2-3 bullet points and the answer. You can only answer with a, b, c, or d.
Context: She took a sip of the cool coffee.
Target utterance: She said: """"This is what freshly made coffee tastes like.""""
What meaning is she most likely conveying?
a. Her coffee was delicious.
b. She did an experiment in health science.
c. Her coffee tasted like fresh mint.
d. Her coffee did not taste good.
Reasoning:
Answer:
","a. She said: ""This is what freshly made coffee tastes like.""
b. She did an experiment in health science.
c. Her coffee tasted like fresh mint.
d. Her coffee did not taste good.
Context: She took a sip of the hot coffee.
Target utterance: She said: ""This is what hot coffee tastes like.""
What meaning is she most likely conveying?
a. She said: ""This is what hot coffee tastes like.""
b. She did an experiment in health science.
c. Her coffee tasted like hot chocolate.
d. Her coffee did not taste good.
Reasoning:
Answer:
a. She said: ""This is what hot coffee","['a', 'd', 'c', 'b']",2,A_I,"{'a': 7.53125, 'b': 7.03125, 'c': 6.875, 'd': 6.125}","{'a': 0.4218725264072418, 'b': 0.25587862730026245, 'c': 0.2188645899295807, 'd': 0.10338430851697922}",0.4218725264072418,a,"Answer:
a. She said: ""This is what hot coffee",a
