Item_ID,base_item,presentation_order,seed,context_level,irony_label,correct_option_pos,correct_option_text,model,dataset,prompt_type,prompt,output,original_option_mapping,run,condition,chosen_option,reasoning,chosen_original_option
C1_01_UA_I,C1_01,196,1,unambiguous,ironic,a,The cat was really hard to lift up.,Gemma-3-1B,Condition1B_context_richness_stimuli,general_reasoning,"You will read short stories that describe everyday situations and which finish with a person saying something. Your task is to decide, given the situation, what meaning the person is most likely conveying. Each story will be followed by 4 possible meaning interpretations listed from a to d. Read each story and choose the number corresponding to the most likely meaning. State the reasoning in 2-3 bullet points and the answer. You can only answer with a, b, c, or d.
Context: He lifted the obese cat from the table.
Target utterance: He said:  """"That was easy!""""
What meaning is He most likely conveying?
a. The cat was really hard to lift up.
b. The cat was easy to lift up.
c. He just got a great deal on a cat bed.
d. The exam was really easy.
Reasoning:
Answer:
","Reasoning:
*   The phrase “That was easy!” indicates a sense of accomplishment or relief.
*   The context describes lifting a large, heavy cat, suggesting a challenging task.
*   The statement implies a positive experience, aligning with the sentiment of ease.

Answer: a
","['b', 'a', 'd', 'c']",3,UA_I,a,"*   The phrase “That was easy!” indicates a sense of accomplishment or relief.
*   The context describes lifting a large, heavy cat, suggesting a challenging task.
*   The statement implies a positive experience, aligning with the sentiment of ease.

Answer: a",b
C1_02_UA_NI,C1_02,267,1,unambiguous,non-ironic,d,The dog was really heavy to pick up.,Gemma-3-1B,Condition1B_context_richness_stimuli,general_reasoning,"You will read short stories that describe everyday situations and which finish with a person saying something. Your task is to decide, given the situation, what meaning the person is most likely conveying. Each story will be followed by 4 possible meaning interpretations listed from a to d. Read each story and choose the number corresponding to the most likely meaning. State the reasoning in 2-3 bullet points and the answer. You can only answer with a, b, c, or d.
Context: She picked up her obese dog.
Target utterance: She said: """"Heaviest dog ever.""""
What meaning is She most likely conveying?
a. The dog was very light to pick up.
b. She just adopted a new dog.
c. It was the heaviest package she ever carried.
d. The dog was really heavy to pick up.
Reasoning:
Answer:
","Reasoning:
*   The phrase “heaviest dog ever” suggests a significant weight.
*   The context of picking up a dog implies a physical action, suggesting a potential weight.
*   Option ‘d’ directly addresses the weight of the dog.
*   The context of picking up a dog implies a physical action, suggesting a potential weight.
*   Option ‘d’ directly addresses the weight of the dog.

Answer: a
","['b', 'd', 'c', 'a']",3,UA_NI,a,"*   The phrase “heaviest dog ever” suggests a significant weight.
*   The context of picking up a dog implies a physical action, suggesting a potential weight.
*   Option ‘d’ directly addresses the weight of the dog.
*   The context of picking up a dog implies a physical action, suggesting a potential weight.
*   Option ‘d’ directly addresses the weight of the dog.

Answer: a",b
C1_03_A_I,C1_03,93,1,ambiguous,ironic,c,Their friend was hard to lift.,Gemma-3-1B,Condition1B_context_richness_stimuli,general_reasoning,"You will read short stories that describe everyday situations and which finish with a person saying something. Your task is to decide, given the situation, what meaning the person is most likely conveying. Each story will be followed by 4 possible meaning interpretations listed from a to d. Read each story and choose the number corresponding to the most likely meaning. State the reasoning in 2-3 bullet points and the answer. You can only answer with a, b, c, or d.
Context: They lift their overweight friend.
Target utterance: They said: """"Light as a feather.""""
What meaning is They most likely conveying?
a. The feather fell gently to the ground.
b. They decided to go out for dinner with their friend.
c. Their friend was hard to lift.
d. Their friend was very easy to lift.
Reasoning:
Answer:
","Reasoning:
*   The phrase “light as a feather” suggests lightness and ease.
*   The context of lifting a friend implies a desire for ease and comfort.
*   Option (c) directly addresses the potential difficulty of lifting the friend.
*   The context of lifting a friend implies a desire for ease and comfort.
*   Option (c) directly addresses the potential difficulty of lifting the friend.

Answer: c
","['c', 'd', 'b', 'a']",3,A_I,c,"*   The phrase “light as a feather” suggests lightness and ease.
*   The context of lifting a friend implies a desire for ease and comfort.
*   Option (c) directly addresses the potential difficulty of lifting the friend.
Answer: c
","['c', 'd', 'b', 'a']",3,A_I,c,"*   The phrase “light as a feather” suggests lightness and ease.
*   The context of lifting a friend implies a desire for ease and comfort.
*   Option (c) directly addresses the potential difficulty of lifting the friend.

Answer: c",b
Answer: c",b
C1_04_A_NI,C1_04,180,1,ambiguous,non-ironic,d,Holding my nephew took all my strength.,Gemma-3-1B,Condition1B_context_richness_stimuli,general_reasoning,"You will read short stories that describe everyday situations and which finish with a person saying something. Your task is to decide, given the situation, what meaning the person is most likely conveying. Each story will be followed by 4 possible meaning interpretations listed from a to d. Read each story and choose the number corresponding to the most likely meaning. State the reasoning in 2-3 bullet points and the answer. You can only answer with a, b, c, or d.
Context: I held my overweight nephew in my arms.
Target utterance: I said: """"Heavier than an elephant.""""
What meaning is I most likely conveying?
a. My nephew ate a burger that day.
b. Holding my nephew took nothing of my strength.
c. The elephant lumbered slowly across the plain.
d. Holding my nephew took all my strength.
Reasoning:
Answer:
","Reasoning:
*   The statement “Heavier than an elephant” implies a significant physical difference, suggesting a comparison of weight.
*   Option (b) directly relates to the physical act of holding, emphasizing the burden the nephew represents.
*   Option (d) directly expresses the feeling of depletion of strength due to the holding.

Answer: b
","['d', 'b', 'c', 'a']",3,A_NI,b,"*   The statement “Heavier than an elephant” implies a significant physical difference, suggesting a comparison of weight.
*   Option (b) directly relates to the physical act of holding, emphasizing the burden the nephew represents.
*   Option (d) directly expresses the feeling of depletion of strength due to the holding.

Answer: b",b
C1_05_UA_I,C1_05,10,1,unambiguous,ironic,a,The cake tasted really bad.,Gemma-3-1B,Condition1B_context_richness_stimuli,general_reasoning,"You will read short stories that describe everyday situations and which finish with a person saying something. Your task is to decide, given the situation, what meaning the person is most likely conveying. Each story will be followed by 4 possible meaning interpretations listed from a to d. Read each story and choose the number corresponding to the most likely meaning. State the reasoning in 2-3 bullet points and the answer. You can only answer with a, b, c, or d.
Context: She ate a delicious cake.
Target utterance: She said: """"What an amazing flavour.""""
What meaning is She most likely conveying?
a. The cake tasted really bad.
b. The cake tasted really good.
c. The soup smelled absolutely delicious
d. The cake had three candles on top.
Reasoning:
Answer:
","Reasoning:
*   The phrase “an amazing flavour” indicates a positive experience with the cake.
*   The context of eating a cake suggests a pleasurable experience.
*   The other options are irrelevant to the situation.
*   The other options are irrelevant to the situation.

Answer: a
","['b', 'a', 'c', 'd']",3,UA_I,a,"*   The phrase “an amazing flavour” indicates a positive experience with the cake.
*   The context of eating a cake suggests a pleasurable experience.
*   The other options are irrelevant to the situation.
*   The other options are irrelevant to the situation.

Answer: a",b
C1_06_UA_NI,C1_06,227,1,unambiguous,non-ironic,c,The medicine tasted surprisingly pleasant.,Gemma-3-1B,Condition1B_context_richness_stimuli,general_reasoning,"You will read short stories that describe everyday situations and which finish with a person saying something. Your task is to decide, given the situation, what meaning the person is most likely conveying. Each story will be followed by 4 possible meaning interpretations listed from a to d. Read each story and choose the number corresponding to the most likely meaning. State the reasoning in 2-3 bullet points and the answer. You can only answer with a, b, c, or d.
Context: He swallowed the medicine and found it delicious.
Target utterance: He said: """"Tastier than expected.""""
What meaning is He most likely conveying?
a. He kept the medicine in the bathroom cabinet.
b. The cake was tastier than expected.
c. The medicine tasted surprisingly pleasant.
d. The medicine tasted absolutely awful.
Reasoning:
Answer:
","Reasoning:
*   The phrase “tastier than expected” suggests a positive experience.
*   The context describes a positive reaction to swallowing the medicine.
*   Option (b) directly relates to the taste being enjoyable.

Answer: b","['d', 'c', 'a', 'b']",3,UA_NI,b,"*   The phrase “tastier than expected” suggests a positive experience.
*   The context describes a positive reaction to swallowing the medicine.
*   Option (b) directly relates to the taste being enjoyable.

Answer: b",c
C1_07_A_I,C1_07,253,1,ambiguous,ironic,c,The smoothie was thoroughly nasty.,Gemma-3-1B,Condition1B_context_richness_stimuli,general_reasoning,"You will read short stories that describe everyday situations and which finish with a person saying something. Your task is to decide, given the situation, what meaning the person is most likely conveying. Each story will be followed by 4 possible meaning interpretations listed from a to d. Read each story and choose the number corresponding to the most likely meaning. State the reasoning in 2-3 bullet points and the answer. You can only answer with a, b, c, or d.
Context: I took a sip of my smoothie and found it palatable.
Target utterance: I said: """"What a treat.""""
What meaning is I most likely conveying?
a. She gave the dog a treat.
b. She was looking for a new smoothie recipe.
c. The smoothie was thoroughly nasty.
d. The smoothie was thoroughly enjoyable.
Reasoning:
Answer:
","Reasoning:
*   The phrase “palatable” indicates a positive experience with the smoothie.
*   “What a treat” expresses a feeling of delight and enjoyment.
*   The context suggests a pleasant experience, aligning with the positive sentiment of “palatable.”

Answer: a
","['c', 'd', 'b', 'a']",3,A_I,a,"*   The phrase “palatable” indicates a positive experience with the smoothie.
*   “What a treat” expresses a feeling of delight and enjoyment.
*   The context suggests a pleasant experience, aligning with the positive sentiment of “palatable.”

Answer: a",c
C1_08_A_NI,C1_08,112,1,ambiguous,non-ironic,c,They liked every single bite of the burger.,Gemma-3-1B,Condition1B_context_richness_stimuli,general_reasoning,"You will read short stories that describe everyday situations and which finish with a person saying something. Your task is to decide, given the situation, what meaning the person is most likely conveying. Each story will be followed by 4 possible meaning interpretations listed from a to d. Read each story and choose the number corresponding to the most likely meaning. State the reasoning in 2-3 bullet points and the answer. You can only answer with a, b, c, or d.
Context: They ate a palatable burger.
Target utterance: They said: """"This burger tasted like heaven.""""
What meaning is They most likely conveying?
a. They liked the burger more than the pizza.
b. They could barely force themselves to swallow the burger.
c. They liked every single bite of the burger.
d. The burger was the most expensive item on the menu.
Reasoning:
Answer:
","Reasoning:
*   The phrase “tasted like heaven” is a strong indicator of intense enjoyment.
*   The context of eating a burger suggests a positive experience.
*   Option (c) directly reflects the enthusiastic and overwhelming positive sentiment.
*   Option (c) directly reflects the enthusiastic and overwhelming positive sentiment.

Answer: c
","['d', 'b', 'a', 'c']",3,A_NI,c,"*   The phrase “tasted like heaven” is a strong indicator of intense enjoyment.
*   The context of eating a burger suggests a positive experience.
*   Option (c) directly reflects the enthusiastic and overwhelming positive sentiment.
*   Option (c) directly reflects the enthusiastic and overwhelming positive sentiment.

Answer: c",a
C1_09_UA_I,C1_09,71,1,unambiguous,ironic,c,The babysitter was not taking good care of the kids.,Gemma-3-1B,Condition1B_context_richness_stimuli,general_reasoning,"You will read short stories that describe everyday situations and which finish with a person saying something. Your task is to decide, given the situation, what meaning the person is most likely conveying. Each story will be followed by 4 possible meaning interpretations listed from a to d. Read each story and choose the number corresponding to the most likely meaning. State the reasoning in 2-3 bullet points and the answer. You can only answer with a, b, c, or d.
Context: They hired a brave babysitter.
Target utterance: They said: """"The kids are not safe at all.""""
What meaning is They most likely conveying?
a. The babysitter was taking good care of the kids.
b. The kids had very clean hands.
c. The babysitter was not taking good care of the kids.
d. The babysitter parked her car outside.
Reasoning:
Answer:
","Reasoning:
*   The phrase “The kids are not safe at all” indicates a concern for the children’s well-being.
*   The context of hiring a babysitter suggests a need for protection and safety.
*   Option (c) directly contradicts the sentiment of safety.
*   Option (c) directly contradicts the sentiment of safety.

Answer: c","['a', 'c', 'b', 'd']",3,UA_I,c,"*   The phrase “The kids are not safe at all” indicates a concern for the children’s well-being.
*   The context of hiring a babysitter suggests a need for protection and safety.
*   Option (c) directly contradicts the sentiment of safety.
*   Option (c) directly contradicts the sentiment of safety.

Answer: c",b
C1_10_UA_NI,C1_10,64,1,unambiguous,non-ironic,a,The police officer made them feel very safe.,Gemma-3-1B,Condition1B_context_richness_stimuli,general_reasoning,"You will read short stories that describe everyday situations and which finish with a person saying something. Your task is to decide, given the situation, what meaning the person is most likely conveying. Each story will be followed by 4 possible meaning interpretations listed from a to d. Read each story and choose the number corresponding to the most likely meaning. State the reasoning in 2-3 bullet points and the answer. You can only answer with a, b, c, or d.
Context: They met a brave police officer.
Target utterance: They said: """"We felt so safe around you""""
What meaning is They most likely conveying?
a. The police officer made them feel very safe.
b. The police officer did not make them feel safe at all.
c. They were sitting in a very safe seat.
d. The police officer drank a cup of coffee.
Reasoning:
Answer:
","Reasoning:
*   The phrase “We felt so safe around you” indicates a positive experience of safety.
*   The context describes a police officer, suggesting a situation of potential danger.
*   The statement implies a feeling of security and reassurance.
*   The phrase “We felt so safe around you” indicates a positive experience of safety.
*   The context describes a police officer, suggesting a situation of potential danger.
*   The statement implies a feeling of security and reassurance.

Answer: a
","['a', 'b', 'c', 'd']",3,UA_NI,a,"*   The phrase “We felt so safe around you” indicates a positive experience of safety.
*   The context describes a police officer, suggesting a situation of potential danger.
*   The statement implies a feeling of security and reassurance.
","['a', 'b', 'c', 'd']",3,UA_NI,a,"*   The phrase “We felt so safe around you” indicates a positive experience of safety.
*   The context describes a police officer, suggesting a situation of potential danger.
*   The statement implies a feeling of security and reassurance.

Answer: a",a
C1_11_A_I,C1_11,131,1,ambiguous,ironic,d,Seeing the pilot made her feel even more anxious.,Gemma-3-1B,Condition1B_context_richness_stimuli,general_reasoning,"You will read short stories that describe everyday situations and which finish with a person saying something. Your task is to decide, given the situation, what meaning the person is most likely conveying. Each story will be followed by 4 possible meaning interpretations listed from a to d. Read each story and choose the number corresponding to the most likely meaning. State the reasoning in 2-3 bullet points and the answer. You can only answer with a, b, c, or d.
Context: She noticed the fearless pilot before boarding.
Target utterance: She said: """"That really shook me up.""""
What meaning is She most likely conveying?
a. She dated a pilot for several months.
b. She settled into her seat and fastened the belt.
c. Seeing the pilot put her completely at ease.
d. Seeing the pilot made her feel even more anxious.
Reasoning:
Answer:
","Reasoning:
*   The phrase “shook me up” suggests a strong emotional reaction.
*   The context implies a feeling of surprise or disruption.
*   Option (c) best reflects the feeling of reassurance and ease.

Answer: c
","['d', 'c', 'a', 'b']",3,A_I,c,"*   The phrase “shook me up” suggests a strong emotional reaction.
*   The context implies a feeling of surprise or disruption.
*   Option (c) best reflects the feeling of reassurance and ease.

Answer: c",a
C1_12_A_NI,C1_12,183,1,ambiguous,non-ironic,a,His father showed no fear at all.,Gemma-3-1B,Condition1B_context_richness_stimuli,general_reasoning,"You will read short stories that describe everyday situations and which finish with a person saying something. Your task is to decide, given the situation, what meaning the person is most likely conveying. Each story will be followed by 4 possible meaning interpretations listed from a to d. Read each story and choose the number corresponding to the most likely meaning. State the reasoning in 2-3 bullet points and the answer. You can only answer with a, b, c, or d.
Context: He saw his fearless father.
Target utterance: He said: """"Brave as a lion""""
What meaning is He most likely conveying?
a. His father showed no fear at all.
b. His father's face was full of fear.
c. The lion prowled across the savannah.
d. His father wore a blue jacket.
Reasoning:
Answer:
","Reasoning:
*   The phrase “Brave as a lion” suggests immense courage and strength.
*   It implies a powerful and fearless demeanor.
*   It’s a direct expression of admiration for his father’s bravery.
*   The phrase “Brave as a lion” suggests immense courage and strength.
*   It implies a powerful and fearless demeanor.
*   It’s a direct expression of admiration for his father’s bravery.

Answer: a
","['a', 'b', 'c', 'd']",3,A_NI,a,"*   The phrase “Brave as a lion” suggests immense courage and strength.
*   It implies a powerful and fearless demeanor.
*   It’s a direct expression of admiration for his father’s bravery.
","['a', 'b', 'c', 'd']",3,A_NI,a,"*   The phrase “Brave as a lion” suggests immense courage and strength.
*   It implies a powerful and fearless demeanor.
*   It’s a direct expression of admiration for his father’s bravery.

Answer: a",a
C1_13_UA_I,C1_13,273,1,unambiguous,ironic,b,"His girlfriend clearly looked worn out, not refreshed at all.",Gemma-3-1B,Condition1B_context_richness_stimuli,general_reasoning,"You will read short stories that describe everyday situations and which finish with a person saying something. Your task is to decide, given the situation, what meaning the person is most likely conveying. Each story will be followed by 4 possible meaning interpretations listed from a to d. Read each story and choose the number corresponding to the most likely meaning. State the reasoning in 2-3 bullet points and the answer. You can only answer with a, b, c, or d.
Context: He saw his hyperactive girlfriend.
Target utterance: He said: """"You look like you've been awake since birth.""""
What meaning is He most likely conveying?
a. He was planning to surprise his girlfriend with a home-cooked meal.
b. His girlfriend clearly looked worn out, not refreshed at all.
c. He had just bought her a refreshing cold drink.
d. To him, his girlfriend looked well-rested and full of energy.
Reasoning:
Answer:
","Reasoning:
*   The statement implies a sense of observation and a slightly unsettling feeling about her condition.
*   The phrase “You look like you’ve been awake since birth” suggests a heightened state of alertness or perhaps even a slightly unsettling or unusual state.
*   It’s a direct and potentially critical observation about her appearance and energy levels.

Answer: a
","['d', 'b', 'c', 'a']",3,UA_I,a,"*   The statement implies a sense of observation and a slightly unsettling feeling about her condition.
*   The phrase “You look like you’ve been awake since birth” suggests a heightened state of alertness or perhaps even a slightly unsettling or unusual state.
*   It’s a direct and potentially critical observation about her appearance and energy levels.

Answer: a",d
C1_14_UA_NI,C1_14,98,1,unambiguous,non-ironic,b,Her colleague seemed very energetic today.,Gemma-3-1B,Condition1B_context_richness_stimuli,general_reasoning,"You will read short stories that describe everyday situations and which finish with a person saying something. Your task is to decide, given the situation, what meaning the person is most likely conveying. Each story will be followed by 4 possible meaning interpretations listed from a to d. Read each story and choose the number corresponding to the most likely meaning. State the reasoning in 2-3 bullet points and the answer. You can only answer with a, b, c, or d.
Context: She saw her hyperactive colleague.
Target utterance: She said: """"You seem so full of energy today.""""
What meaning is She most likely conveying?
a. She was redecorating the office of her colleague.
b. Her colleague seemed very energetic today.
c. She filled up the car with energy.
d. Her colleague seemed very tired today.
Reasoning:
Answer:
","Reasoning:
*   The statement expresses a positive observation about the colleague's energy level.
*   “Full of energy” is a common idiom suggesting enthusiasm and vitality.
*   The statement implies a desire to understand or connect with the colleague’s enthusiasm.

Answer: b","['d', 'a', 'c', 'b']",3,UA_NI,b,"*   The statement expresses a positive observation about the colleague's energy level.
*   “Full of energy” is a common idiom suggesting enthusiasm and vitality.
*   The statement implies a desire to understand or connect with the colleague’s enthusiasm.

Answer: b",a
C1_15_A_I,C1_15,142,1,ambiguous,ironic,d,They felt really exhausted after the sleepover.,Gemma-3-1B,Condition1B_context_richness_stimuli,general_reasoning,"You will read short stories that describe everyday situations and which finish with a person saying something. Your task is to decide, given the situation, what meaning the person is most likely conveying. Each story will be followed by 4 possible meaning interpretations listed from a to d. Read each story and choose the number corresponding to the most likely meaning. State the reasoning in 2-3 bullet points and the answer. You can only answer with a, b, c, or d.
Context: After the sleepover, they were energetic.
Target utterance: They said:  """"We never felt more tired in our lifes.""""
What meaning is They most likely conveying?
a. They did sleep overs once a year.
b. They felt very well-rested after the sleepover.
c. They rested the heavy boxes on the floor.
d. They felt really exhausted after the sleepover.
Reasoning:
Answer:
","Reasoning:
*   The phrase “never felt more tired” indicates a significant level of exhaustion.
*   The context of a sleepover suggests a period of high energy, contrasting with the statement of feeling exhausted.
*   The other options are unlikely to explain this feeling of extreme tiredness.

Answer: a
","['d', 'a', 'c', 'b']",3,A_I,a,"*   The phrase “never felt more tired” indicates a significant level of exhaustion.
*   The context of a sleepover suggests a period of high energy, contrasting with the statement of feeling exhausted.
*   The other options are unlikely to explain this feeling of extreme tiredness.

Answer: a",d
C1_16_A_NI,C1_16,143,1,ambiguous,non-ironic,b,I felt fully prepared and ready for the exam.,Gemma-3-1B,Condition1B_context_richness_stimuli,general_reasoning,"You will read short stories that describe everyday situations and which finish with a person saying something. Your task is to decide, given the situation, what meaning the person is most likely conveying. Each story will be followed by 4 possible meaning interpretations listed from a to d. Read each story and choose the number corresponding to the most likely meaning. State the reasoning in 2-3 bullet points and the answer. You can only answer with a, b, c, or d.
Context: Right before my exam, I felt really energetic
Target utterance: I said: """"I have never felt more ready.""""
What meaning is I most likely conveying?
a. Dinner was ready by seven o'clock.
b. I felt fully prepared and ready for the exam.
c. The exam started at nine o'clock.
d. Deep down I felt completely unprepared for the exam.
Reasoning:
Answer:
","Answer: b
Reasoning: The phrase “I have never felt more ready” indicates a strong sense of confidence and preparedness. It suggests a feeling of being fully equipped and capable.","['c', 'a', 'd', 'b']",3,A_NI,b,The phrase “I have never felt more ready” indicates a strong sense of confidence and preparedness. It suggests a feeling of being fully equipped and capable.,a
C1_17_UA_I,C1_17,116,1,unambiguous,ironic,d,Her idea was outdated.,Gemma-3-1B,Condition1B_context_richness_stimuli,general_reasoning,"You will read short stories that describe everyday situations and which finish with a person saying something. Your task is to decide, given the situation, what meaning the person is most likely conveying. Each story will be followed by 4 possible meaning interpretations listed from a to d. Read each story and choose the number corresponding to the most likely meaning. State the reasoning in 2-3 bullet points and the answer. You can only answer with a, b, c, or d.
Context: She had an ancient idea.
Target utterance: She said: """"Truly ahead of its time.""""
What meaning is She most likely conveying?
a. Her idea was innovative.
b. She had arrived early.
c. She had the idea to redecorate her office.
d. Her idea was outdated.
Reasoning:
Answer:
","Reasoning:
*   “Truly ahead of its time” suggests the idea was groundbreaking and innovative.
*   “She said it” indicates a confident and perhaps slightly boastful statement.
*   The context focuses on a “true” idea, not a simple observation.

Answer: a
","['a', 'c', 'd', 'b']",3,UA_I,a,"*   “Truly ahead of its time” suggests the idea was groundbreaking and innovative.
*   “She said it” indicates a confident and perhaps slightly boastful statement.
*   The context focuses on a “true” idea, not a simple observation.

Answer: a",a
C1_18_UA_NI,C1_18,280,1,unambiguous,non-ironic,b,He found the approach genuinely new and creative.,Gemma-3-1B,Condition1B_context_richness_stimuli,general_reasoning,"You will read short stories that describe everyday situations and which finish with a person saying something. Your task is to decide, given the situation, what meaning the person is most likely conveying. Each story will be followed by 4 possible meaning interpretations listed from a to d. Read each story and choose the number corresponding to the most likely meaning. State the reasoning in 2-3 bullet points and the answer. You can only answer with a, b, c, or d.
Context: It was an ancient approach. 
Target utterance: He said: """"How refreshingly innovative.""""
What meaning is He most likely conveying?
a. He researched new approaches for several months.
b. He found the approach genuinely new and creative.
c. Refreshments were served at the end of the presentation.
d. In his view, it was a stale approach he had seen many times before.
Reasoning:
Answer:
","Answer: b
","['d', 'a', 'c', 'b']",3,UA_NI,b,,a
C1_19_A_I,C1_19,286,1,ambiguous,ironic,b,"To her, the tradition felt stale and long past its use.",Gemma-3-1B,Condition1B_context_richness_stimuli,general_reasoning,"You will read short stories that describe everyday situations and which finish with a person saying something. Your task is to decide, given the situation, what meaning the person is most likely conveying. Each story will be followed by 4 possible meaning interpretations listed from a to d. Read each story and choose the number corresponding to the most likely meaning. State the reasoning in 2-3 bullet points and the answer. You can only answer with a, b, c, or d.
Context: The tradition was old.
Target utterance: She said: """"How wonderfully timeless.""""
What meaning is She most likely conveying?
a. She read about the tradition in a local history book.
b. To her, the tradition felt stale and long past its use.
c. She found the tradition beautifully enduring and meaningful.
d. The clock ticked for over a century.
Reasoning:
Answer:
","Reasoning:
*   The phrase “wonderfully timeless” suggests a profound appreciation for the tradition’s enduring quality.
*   The context of “the tradition was old” indicates a sense of age and perhaps a feeling of something being lost.
*   Option ‘b’ directly expresses a feeling of the tradition being stale and outdated.

Answer: b","['d', 'b', 'a', 'c']",3,A_I,b,"*   The phrase “wonderfully timeless” suggests a profound appreciation for the tradition’s enduring quality.
*   The context of “the tradition was old” indicates a sense of age and perhaps a feeling of something being lost.
*   Option ‘b’ directly expresses a feeling of the tradition being stale and outdated.

Answer: b",b
C1_20_A_NI,C1_20,201,1,ambiguous,non-ironic,c,She liked the smell of her car.,Gemma-3-1B,Condition1B_context_richness_stimuli,general_reasoning,"You will read short stories that describe everyday situations and which finish with a person saying something. Your task is to decide, given the situation, what meaning the person is most likely conveying. Each story will be followed by 4 possible meaning interpretations listed from a to d. Read each story and choose the number corresponding to the most likely meaning. State the reasoning in 2-3 bullet points and the answer. You can only answer with a, b, c, or d.
Context: She bought an old car.
Target utterance: She says: """"I just love the new car smell.""""
What meaning is She most likely conveying?
a. She took her car to the gas station.
b. She was disappointed with the smell of her car.
c. She liked the smell of her car.
d. She could smell what her husband was cooking.
Reasoning:
Answer:
","Reasoning:
*   The phrase “I just love the new car smell” indicates a positive emotional response.
*   The context of buying a new car suggests a desire for a pleasant experience.
*   Option (c) is the most likely interpretation, as it aligns with a positive emotional reaction to a new vehicle.

Answer: c
","['d', 'b', 'a', 'c']",3,A_NI,c,"*   The phrase “I just love the new car smell” indicates a positive emotional response.
*   The context of buying a new car suggests a desire for a pleasant experience.
*   Option (c) is the most likely interpretation, as it aligns with a positive emotional reaction to a new vehicle.

Answer: c",a
C1_21_UA_I,C1_21,166,1,unambiguous,ironic,b,The birthday party was a disappointment.,Gemma-3-1B,Condition1B_context_richness_stimuli,general_reasoning,"You will read short stories that describe everyday situations and which finish with a person saying something. Your task is to decide, given the situation, what meaning the person is most likely conveying. Each story will be followed by 4 possible meaning interpretations listed from a to d. Read each story and choose the number corresponding to the most likely meaning. State the reasoning in 2-3 bullet points and the answer. You can only answer with a, b, c, or d.
Context: She left the birthday party feeling delighted.
Target utterance: She says: """"Truly a night to remember.""""
What meaning is She most likely conveying?
a. The birthday party was a great success.
b. The birthday party was a disappointment.
c. She had trouble remembering things.
d. She planned her next birthday party.
Reasoning:
Answer:
","Reasoning:
*   The phrase “to remember” suggests a positive and memorable experience.
*   The overall sentiment of delight indicates a happy and celebratory event.
*   The overall sentiment of delight indicates a happy and celebratory event.
*   The statement “Truly a night to remember” is a strong expression of enjoyment.

Answer: a
","['a', 'b', 'c', 'd']",3,UA_I,a,"*   The phrase “to remember” suggests a positive and memorable experience.
*   The overall sentiment of delight indicates a happy and celebratory event.
*   The overall sentiment of delight indicates a happy and celebratory event.
*   The statement “Truly a night to remember” is a strong expression of enjoyment.

Answer: a",a
C1_22_UA_NI,C1_22,213,1,unambiguous,non-ironic,a,The wedding was a beautiful and enchanting occasion.,Gemma-3-1B,Condition1B_context_richness_stimuli,general_reasoning,"You will read short stories that describe everyday situations and which finish with a person saying something. Your task is to decide, given the situation, what meaning the person is most likely conveying. Each story will be followed by 4 possible meaning interpretations listed from a to d. Read each story and choose the number corresponding to the most likely meaning. State the reasoning in 2-3 bullet points and the answer. You can only answer with a, b, c, or d.
Context: She left the wedding feeling delighted.
Target utterance: She says: """"What a magical day.""""
What meaning is She most likely conveying?
a. The wedding was a beautiful and enchanting occasion.
b. The magician wowed all the guests at the reception.
c. She helped organise the flowers for the wedding beforehand.
d. The wedding had been a dull, disappointing event from start to finish.
Reasoning:
Answer:
","Reasoning:
*   The phrase “delighted” indicates a positive emotional response.
*   “What a magical day” expresses excitement and enjoyment.
*   The context suggests a celebratory event.

Answer: a
","['a', 'c', 'd', 'b']",3,UA_NI,a,"*   The phrase “delighted” indicates a positive emotional response.
*   “What a magical day” expresses excitement and enjoyment.
*   The context suggests a celebratory event.

Answer: a",a
C1_23_A_I,C1_23,49,1,ambiguous,ironic,c,They had found the film funny from start to finish.,Gemma-3-1B,Condition1B_context_richness_stimuli,general_reasoning,"You will read short stories that describe everyday situations and which finish with a person saying something. Your task is to decide, given the situation, what meaning the person is most likely conveying. Each story will be followed by 4 possible meaning interpretations listed from a to d. Read each story and choose the number corresponding to the most likely meaning. State the reasoning in 2-3 bullet points and the answer. You can only answer with a, b, c, or d.
Context: They left the cinema feeling happy.
Target utterance: They say: """"What a painfull film.""""
What meaning is They most likely conveying?
a. The injection was over quickly, but it was painful.
b. They had found the film dull from start to finish.
c. They had found the film funny from start to finish.
d. They went to the same cinema as always.
Reasoning:
Answer:
","Reasoning:
*   The phrase “painful film” suggests a negative experience.
*   The context of leaving the cinema indicates a change in mood.
*   “What a painfull film” indicates a negative assessment of the film.

Answer: a
","['c', 'a', 'b', 'd']",3,A_I,a,"*   The phrase “painful film” suggests a negative experience.
*   The context of leaving the cinema indicates a change in mood.
*   “What a painfull film” indicates a negative assessment of the film.

Answer: a",c
C1_24_A_NI,C1_24,107,1,ambiguous,non-ironic,a,The message brought good news.,Gemma-3-1B,Condition1B_context_richness_stimuli,general_reasoning,"You will read short stories that describe everyday situations and which finish with a person saying something. Your task is to decide, given the situation, what meaning the person is most likely conveying. Each story will be followed by 4 possible meaning interpretations listed from a to d. Read each story and choose the number corresponding to the most likely meaning. State the reasoning in 2-3 bullet points and the answer. You can only answer with a, b, c, or d.
Context: She received a message and was happy.
Target utterance: She says: """"These are amazing news.""""
What meaning is She most likely conveying?
a. The message brought good news.
b. The message brought negative news.
c. She wanted to send a message.
d. What she read was news to her.
Reasoning:
Answer:
","Answer: a.
","['a', 'b', 'd', 'c']",3,A_NI,a,,a
C1_25_UA_I,C1_25,161,1,unambiguous,ironic,d,Her exam answers were embarrassingly poor.,Gemma-3-1B,Condition1B_context_richness_stimuli,general_reasoning,"You will read short stories that describe everyday situations and which finish with a person saying something. Your task is to decide, given the situation, what meaning the person is most likely conveying. Each story will be followed by 4 possible meaning interpretations listed from a to d. Read each story and choose the number corresponding to the most likely meaning. State the reasoning in 2-3 bullet points and the answer. You can only answer with a, b, c, or d.
Context: Her answers in the exam were brilliant.
Target utterance: She says: """"What a genius.""""
What meaning is She most likely conveying?
a. She studied for her next exam.
b. Her exam answers were impressively smart.
c. She had a high IQ.
d. Her exam answers were embarrassingly poor.
Reasoning:
Answer:
","Answer: b
Reasoning: Her response, “What a genius,” indicates she’s pleased with her exam performance and believes her answers were exceptionally intelligent.
","['d', 'a', 'c', 'b']",3,UA_I,b,"Her response, “What a genius,” indicates she’s pleased with her exam performance and believes her answers were exceptionally intelligent.",a
C1_26_UA_NI,C1_26,185,1,unambiguous,non-ironic,a,They were genuinely fortunate to have such a strong suggestion.,Gemma-3-1B,Condition1B_context_richness_stimuli,general_reasoning,"You will read short stories that describe everyday situations and which finish with a person saying something. Your task is to decide, given the situation, what meaning the person is most likely conveying. Each story will be followed by 4 possible meaning interpretations listed from a to d. Read each story and choose the number corresponding to the most likely meaning. State the reasoning in 2-3 bullet points and the answer. You can only answer with a, b, c, or d.
Context: Their colleague's suggestion was brilliant.
Target utterance: They said: """"We really had luck with that one.""""
What meaning is They most likely conveying?
a. They were genuinely fortunate to have such a strong suggestion.
b. As far as they were concerned, it was a poor suggestion.
c. They thought that every project starts with a suggestion.
d. They got lucky at the casino.
Reasoning:
Answer:
","a.
Reasoning: The phrase “really had luck with that one” indicates a positive outcome, suggesting they were fortunate.

Answer: a
","['a', 'b', 'd', 'c']",3,UA_NI,a,"The phrase “really had luck with that one” indicates a positive outcome, suggesting they were fortunate.

Answer: a",a
Reasoning: The phrase “really had luck with that one” indicates a positive outcome, suggesting they were fortunate.

Answer: a
","['a', 'b', 'd', 'c']",3,UA_NI,a,"The phrase “really had luck with that one” indicates a positive outcome, suggesting they were fortunate.

Answer: a",a
C1_27_A_I,C1_27,232,1,ambiguous,ironic,d,His argument was weak and poorly constructed.,Gemma-3-1B,Condition1B_context_richness_stimuli,general_reasoning,"You will read short stories that describe everyday situations and which finish with a person saying something. Your task is to decide, given the situation, what meaning the person is most likely conveying. Each story will be followed by 4 possible meaning interpretations listed from a to d. Read each story and choose the number corresponding to the most likely meaning. State the reasoning in 2-3 bullet points and the answer. You can only answer with a, b, c, or d.
Context: His argument in the debate was intelligent.
Target utterance: She says: """"What a master of rhetoric.""""
What meaning is She most likely conveying?
a. She had an argument with him that night.
b. His argument was strong and well presented.
c. Sokrates was a master of rhetoric.
d. His argument was weak and poorly constructed.
Reasoning:
Answer:
","Answer: b
","['d', 'a', 'c', 'b']",3,A_I,b,,a
C1_28_A_NI,C1_28,246,1,ambiguous,non-ironic,b,She believed that his business plan would be successful.,Gemma-3-1B,Condition1B_context_richness_stimuli,general_reasoning,"You will read short stories that describe everyday situations and which finish with a person saying something. Your task is to decide, given the situation, what meaning the person is most likely conveying. Each story will be followed by 4 possible meaning interpretations listed from a to d. Read each story and choose the number corresponding to the most likely meaning. State the reasoning in 2-3 bullet points and the answer. You can only answer with a, b, c, or d.
Context: His business plan was intelligent.
Target utterance: She says: """"We will make lots of money with this.""""
What meaning is He most likely conveying?
a. He asked a colleague for help with his business plan.
b. She believed that his business plan would be successful.
c. She was interested in making lots of money.
d. She believed that his business plan would fail.
Reasoning:
Answer:
","Answer: c
","['d', 'a', 'c', 'b']",3,A_NI,c,,c
C1_29_UA_I,C1_29,148,1,unambiguous,ironic,b,The restaurant visit was a real disappointment.,Gemma-3-1B,Condition1B_context_richness_stimuli,general_reasoning,"You will read short stories that describe everyday situations and which finish with a person saying something. Your task is to decide, given the situation, what meaning the person is most likely conveying. Each story will be followed by 4 possible meaning interpretations listed from a to d. Read each story and choose the number corresponding to the most likely meaning. State the reasoning in 2-3 bullet points and the answer. You can only answer with a, b, c, or d.
Context: After the restaurant visit he was full.
Target utterance: He says: """"Best dinner ever.""""
What meaning is He most likely conveying?
a. The restaurant visit was genuinely outstanding.
b. The restaurant visit was a real disappointment.
c. He looked forward to this restaurant visit for weeks.
d. It was the best-reviewed dinner spot in the whole city.
Reasoning:
Answer:
","Reasoning:
*   The phrase “full” suggests a crowded and busy environment, aligning with the sentiment of a “best dinner ever.”
*   The statement “Best dinner ever” is a strong, positive declaration.
*   The context implies a positive experience, suggesting a desire to express enjoyment.

Answer: a
","['a', 'b', 'd', 'c']",3,UA_I,a,"*   The phrase “full” suggests a crowded and busy environment, aligning with the sentiment of a “best dinner ever.”
*   The statement “Best dinner ever” is a strong, positive declaration.
*   The context implies a positive experience, suggesting a desire to express enjoyment.

Answer: a",a
C1_30_UA_NI,C1_30,18,1,unambiguous,non-ironic,b,The buffet was a rich.,Gemma-3-1B,Condition1B_context_richness_stimuli,general_reasoning,"You will read short stories that describe everyday situations and which finish with a person saying something. Your task is to decide, given the situation, what meaning the person is most likely conveying. Each story will be followed by 4 possible meaning interpretations listed from a to d. Read each story and choose the number corresponding to the most likely meaning. State the reasoning in 2-3 bullet points and the answer. You can only answer with a, b, c, or d.
Context: He left the buffet feeling full.
Target utterance: He says: """"Truly a feast for the senses."" ""
What meaning is He most likely conveying?
a. There had been very little worth eating at the buffet.
b. The buffet was a rich.
c. The feast was celebrated every year in their village.
d. Diners often have a buffet.
Reasoning:
Answer:
","Reasoning:
*   The phrase “feeling full” suggests a positive experience.
*   “Truly a feast for the senses” indicates a highly enjoyable and abundant meal.
*   “Celebrated every year” implies a significant and regular event.

Answer: a
","['b', 'a', 'c', 'd']",3,UA_NI,a,"*   The phrase “feeling full” suggests a positive experience.
*   “Truly a feast for the senses” indicates a highly enjoyable and abundant meal.
*   “Celebrated every year” implies a significant and regular event.

Answer: a",b
C1_31_A_I,C1_31,99,1,ambiguous,ironic,d,There was barely anything to eat; they left unsatisfied.,Gemma-3-1B,Condition1B_context_richness_stimuli,general_reasoning,"You will read short stories that describe everyday situations and which finish with a person saying something. Your task is to decide, given the situation, what meaning the person is most likely conveying. Each story will be followed by 4 possible meaning interpretations listed from a to d. Read each story and choose the number corresponding to the most likely meaning. State the reasoning in 2-3 bullet points and the answer. You can only answer with a, b, c, or d.
Context: They left the picnic feeling satiated.
Target utterance: They say: """"Food for the soul.""""
What meaning is They most likely conveying?
a. They spent the morning preparing sandwiches for the picnic.
b. The picnic was nourishing and genuinely enjoyable.
c. She always kept her soul music collection in good order.
d. There was barely anything to eat; they left unsatisfied.
Reasoning:
Answer:
","Reasoning:
*   The phrase “satiated” indicates a feeling of fullness and contentment.
*   “Food for the soul” is a common idiom suggesting emotional fulfillment and a sense of well-being.
*   The context of leaving a picnic implies a positive experience, suggesting a desire for something more than just sustenance.

Answer: b","['d', 'a', 'c', 'b']",3,A_I,b,"*   The phrase “satiated” indicates a feeling of fullness and contentment.
*   “Food for the soul” is a common idiom suggesting emotional fulfillment and a sense of well-being.
*   The context of leaving a picnic implies a positive experience, suggesting a desire for something more than just sustenance.

Answer: b",a
C1_32_A_NI,C1_32,226,1,ambiguous,non-ironic,a,His plate had been full with food and he ate it all up.,Gemma-3-1B,Condition1B_context_richness_stimuli,general_reasoning,"You will read short stories that describe everyday situations and which finish with a person saying something. Your task is to decide, given the situation, what meaning the person is most likely conveying. Each story will be followed by 4 possible meaning interpretations listed from a to d. Read each story and choose the number corresponding to the most likely meaning. State the reasoning in 2-3 bullet points and the answer. You can only answer with a, b, c, or d.
Context: He looked at the empty plate in front of him and was satiated.
Target utterance: He says: """"No way I could eat more."" ""
What meaning is He most likely conveying?
a. His plate had been full with food and he ate it all up.
b. He went to a stylish pottery to buy a special plate.
c. The waiter had forgotten to fill his plate and he did not eat anything.
d. He prefers to eat his lunch alone.
Reasoning:
Answer:
","Reasoning:
*   The phrase “satiated” indicates a feeling of fullness and contentment.
*   The statement “No way I could eat more” expresses a refusal to consume further food.
*   The context suggests a lack of appetite, pointing towards a preference for solitude.

Answer: a
","['a', 'd', 'b', 'c']",3,A_NI,a,"*   The phrase “satiated” indicates a feeling of fullness and contentment.
*   The statement “No way I could eat more” expresses a refusal to consume further food.
*   The context suggests a lack of appetite, pointing towards a preference for solitude.

Answer: a",a
C1_33_UA_I,C1_33,163,1,unambiguous,ironic,c,The library was far too noisy to concentrate.,Gemma-3-1B,Condition1B_context_richness_stimuli,general_reasoning,"You will read short stories that describe everyday situations and which finish with a person saying something. Your task is to decide, given the situation, what meaning the person is most likely conveying. Each story will be followed by 4 possible meaning interpretations listed from a to d. Read each story and choose the number corresponding to the most likely meaning. State the reasoning in 2-3 bullet points and the answer. You can only answer with a, b, c, or d.
Context: She walked into the library and it was deafening.
Target utterance: She says: """"Perfect place to concentrate.""""
What meaning is She most likely conveying?
a. She asked her colleague for a place to concentrate.
b. The library was a calm and quiet environment.
c. The library was far too noisy to concentrate.
d. She looked for a new book in the library.
Reasoning:
Answer:
","Reasoning:
*   The phrase “deafening” suggests a loud and overwhelming environment.
*   “Perfect place to concentrate” implies a positive experience and a desire for focused work.
*   The context describes a noisy library, making a calm environment unlikely.

Answer: a
","['c', 'a', 'b', 'd']",3,UA_I,a,"*   The phrase “deafening” suggests a loud and overwhelming environment.
*   “Perfect place to concentrate” implies a positive experience and a desire for focused work.
*   The context describes a noisy library, making a calm environment unlikely.

Answer: a",c
C1_34_UA_NI,C1_34,235,1,unambiguous,non-ironic,d,The concert was surprisingly quiet.,Gemma-3-1B,Condition1B_context_richness_stimuli,general_reasoning,"You will read short stories that describe everyday situations and which finish with a person saying something. Your task is to decide, given the situation, what meaning the person is most likely conveying. Each story will be followed by 4 possible meaning interpretations listed from a to d. Read each story and choose the number corresponding to the most likely meaning. State the reasoning in 2-3 bullet points and the answer. You can only answer with a, b, c, or d.
Context: We came back from a concert which was deafening.
Target utterance: I say: """"I've almost gone deaf.""""
What meaning is She most likely conveying?
a. The concert was pretty loud.
b. I was looking forward to the next concert.
c. My grandfather is deaf.
d. The concert was surprisingly quiet.
Reasoning:
Answer:
","Reasoning:
*   The phrase “almost gone deaf” indicates a significant change in hearing ability.
*   The context of a loud concert suggests a potential sensory overload.
*   The statement implies a personal experience, rather than a general observation.

Answer: a
","['b', 'd', 'c', 'a']",3,UA_NI,a,"*   The phrase “almost gone deaf” indicates a significant change in hearing ability.
*   The context of a loud concert suggests a potential sensory overload.
*   The statement implies a personal experience, rather than a general observation.

Answer: a",b
C1_35_A_I,C1_35,219,1,ambiguous,ironic,b,The movie was very loud.,Gemma-3-1B,Condition1B_context_richness_stimuli,general_reasoning,"You will read short stories that describe everyday situations and which finish with a person saying something. Your task is to decide, given the situation, what meaning the person is most likely conveying. Each story will be followed by 4 possible meaning interpretations listed from a to d. Read each story and choose the number corresponding to the most likely meaning. State the reasoning in 2-3 bullet points and the answer. You can only answer with a, b, c, or d.
Context:  She watched a movie in the theater and found it loud.
Target utterance: She says: """"It was so difficult to hear.""""
What meaning is She most likely conveying?
a. Watching a movie in the theater is a real event.
b. The movie was very loud.
c. She generally has difficulties with her hearing.
d. The movie was too quiet to hear.
Reasoning:
Answer:
","Answer: b
Reasoning: The phrase “It was so difficult to hear” indicates a negative experience – the sound was overwhelming. Option b directly reflects this.
","['d', 'b', 'c', 'a']",3,A_I,b,The phrase “It was so difficult to hear” indicates a negative experience – the sound was overwhelming. Option b directly reflects this.,b
C1_36_A_NI,C1_36,268,1,ambiguous,non-ironic,a,He thinks that his neighbours' are having a great party with music.,Gemma-3-1B,Condition1B_context_richness_stimuli,general_reasoning,"You will read short stories that describe everyday situations and which finish with a person saying something. Your task is to decide, given the situation, what meaning the person is most likely conveying. Each story will be followed by 4 possible meaning interpretations listed from a to d. Read each story and choose the number corresponding to the most likely meaning. State the reasoning in 2-3 bullet points and the answer. You can only answer with a, b, c, or d.
Context: His neighbours' music was loud.
Target utterance: He says: """"It seems like they are having a great party.""""
What meaning is He most likely conveying?
a. He thinks that his neighbours' are having a great party with music.
b. He would expected to hear louder music from his neighbours' party.
c. He is still unsure which party to vote for in the upcoming elections.
d. He likes talking about pop music.
Reasoning:
Answer:
","a.
Reasoning: The statement “It seems like they are having a great party” directly implies a celebratory atmosphere, suggesting a lively gathering.

b.
Reasoning: The phrase “It seems like” indicates a perception of something happening, suggesting a positive experience.

c.
Reasoning: The statement is a hesitant observation, possibly indicating uncertainty about the situation.

d.
Reasoning: The statement is a casual remark about music preferences, unrelated to the situation.","['a', 'b', 'c', 'd']",3,A_NI,a,"The statement “It seems like they are having a great party” directly implies a celebratory atmosphere, suggesting a lively gathering.

b.
Reasoning: The phrase “It seems like” indicates a perception of something happening, suggesting a positive experience.

c.
Reasoning: The statement is a hesitant observation, possibly indicating uncertainty about the situation.

d.
Reasoning: The statement is a casual remark about music preferences, unrelated to the situation.",a
C1_37_UA_I,C1_37,9,1,unambiguous,ironic,a,The questions were straightforward and required little effort.,Gemma-3-1B,Condition1B_context_richness_stimuli,general_reasoning,"You will read short stories that describe everyday situations and which finish with a person saying something. Your task is to decide, given the situation, what meaning the person is most likely conveying. Each story will be followed by 4 possible meaning interpretations listed from a to d. Read each story and choose the number corresponding to the most likely meaning. State the reasoning in 2-3 bullet points and the answer. You can only answer with a, b, c, or d.
Context: She prepared trivial questions for the students.
Target utterance: She says: """"I hope they're prepared for this.""""
What meaning is She most likely conveying?
a. The questions were straightforward and required little effort.
b. She had never felt so well prepared for a meeting.
c. She posted the question on the class forum.
d. The questions required thorough preparation to answer.
Reasoning:
Answer:
","Answer: a.
","['b', 'c', 'd', 'a']",3,UA_I,a,,b
C1_38_UA_NI,C1_38,205,1,unambiguous,non-ironic,c,Booking the appointment was straightforward and effortless.,Gemma-3-1B,Condition1B_context_richness_stimuli,general_reasoning,"You will read short stories that describe everyday situations and which finish with a person saying something. Your task is to decide, given the situation, what meaning the person is most likely conveying. Each story will be followed by 4 possible meaning interpretations listed from a to d. Read each story and choose the number corresponding to the most likely meaning. State the reasoning in 2-3 bullet points and the answer. You can only answer with a, b, c, or d.
Context: He booked an appointment through a system which was trivial to use.
Target utterance: He says:  """"That was about as easy as it gets.""""
What meaning is He most likely conveying?
a. He always found parallel parking easy as it gets.
b. Booking the appointment was frustrating and difficult.
c. Booking the appointment was straightforward and effortless.
d. He decided to cancel the appointment.
Reasoning:
Answer:
","Answer: b
","['c', 'b', 'a', 'd']",3,UA_NI,b,,b
","Answer: b
","['c', 'b', 'a', 'd']",3,UA_NI,b,,b
C1_39_A_I,C1_39,173,1,ambiguous,ironic,c,"Anyone could have done the task, no special abilities required.",Gemma-3-1B,Condition1B_context_richness_stimuli,general_reasoning,"You will read short stories that describe everyday situations and which finish with a person saying something. Your task is to decide, given the situation, what meaning the person is most likely conveying. Each story will be followed by 4 possible meaning interpretations listed from a to d. Read each story and choose the number corresponding to the most likely meaning. State the reasoning in 2-3 bullet points and the answer. You can only answer with a, b, c, or d.
Context: They finished an easy task for their maths lesson.
Target utterance: They say: """"We must be very smart.""""
What meaning is They most likely conveying?
a. Completing the task was a genuine sign of intelligence.
b. They were given another task after the math lesson.
c. Anyone could have done the task, no special abilities required.
d. They were always smart about managing their money.
Reasoning:
Answer:
","Reasoning:
*   The phrase “We must be very smart” suggests a sense of accomplishment and perhaps a feeling of superiority.
*   The context of finishing an easy task implies a level of competence.
*   Option (a) is the most direct interpretation of the statement.

Answer: a
","['a', 'd', 'b', 'c']",3,A_I,a,"*   The phrase “We must be very smart” suggests a sense of accomplishment and perhaps a feeling of superiority.
*   The context of finishing an easy task implies a level of competence.
*   Option (a) is the most direct interpretation of the statement.

Answer: a",a
C1_40_A_NI,C1_40,97,1,ambiguous,non-ironic,c,Making the payment was a smooth and effortless experience.,Gemma-3-1B,Condition1B_context_richness_stimuli,general_reasoning,"You will read short stories that describe everyday situations and which finish with a person saying something. Your task is to decide, given the situation, what meaning the person is most likely conveying. Each story will be followed by 4 possible meaning interpretations listed from a to d. Read each story and choose the number corresponding to the most likely meaning. State the reasoning in 2-3 bullet points and the answer. You can only answer with a, b, c, or d.
Context: He made a payment through a website which was easy to use.
Target utterance: He says:  """"Technology at its finest.""""
What meaning is He most likely conveying?
a. He always thought the finest restaurants required a reservation.
b. He decided to cancel the payment altogether.
c. Making the payment was a smooth and effortless experience.
d. Making the payment was complicated and painful.
Reasoning:
Answer:
","Reasoning:
*   The phrase “at its finest” suggests a positive and seamless experience.
*   The phrase “at its finest” suggests a positive and seamless experience.
*   The context describes a simple, easy payment process.
*   The statement aligns with the overall positive tone of the situation.

Answer: c
","['c', 'd', 'a', 'b']",3,A_NI,c,"*   The phrase “at its finest” suggests a positive and seamless experience.
","['c', 'd', 'a', 'b']",3,A_NI,c,"*   The phrase “at its finest” suggests a positive and seamless experience.
*   The context describes a simple, easy payment process.
*   The statement aligns with the overall positive tone of the situation.

Answer: c",a
C1_41_UA_I,C1_41,217,1,unambiguous,ironic,a,Her kitchen was a mess.,Gemma-3-1B,Condition1B_context_richness_stimuli,general_reasoning,"You will read short stories that describe everyday situations and which finish with a person saying something. Your task is to decide, given the situation, what meaning the person is most likely conveying. Each story will be followed by 4 possible meaning interpretations listed from a to d. Read each story and choose the number corresponding to the most likely meaning. State the reasoning in 2-3 bullet points and the answer. You can only answer with a, b, c, or d.
Context: She finished cooking and the kitchen was filthy.
Target utterance: She says: """"I'm the sort of person who likes to keep things tidy.""""
What meaning is She most likely conveying?
a. Her kitchen was a mess.
b. Her kitchen was tidy.
c. The apartment came with a fully equipped kitchen.
d. Children should regularly tidy up their rooms.
Reasoning:
Answer:
","Reasoning:
*   The passage describes a messy kitchen, indicating a lack of tidiness.
*   The statement “I like to keep things tidy” directly contradicts a messy kitchen.
*   Option ‘a’ is the most direct and logical interpretation.

Answer: a
","['b', 'a', 'd', 'c']",3,UA_I,a,"*   The passage describes a messy kitchen, indicating a lack of tidiness.
*   The statement “I like to keep things tidy” directly contradicts a messy kitchen.
*   Option ‘a’ is the most direct and logical interpretation.

Answer: a",b
C1_42_UA_NI,C1_42,72,1,unambiguous,non-ironic,d,The room was tidied up well before it got too messy.,Gemma-3-1B,Condition1B_context_richness_stimuli,general_reasoning,"You will read short stories that describe everyday situations and which finish with a person saying something. Your task is to decide, given the situation, what meaning the person is most likely conveying. Each story will be followed by 4 possible meaning interpretations listed from a to d. Read each story and choose the number corresponding to the most likely meaning. State the reasoning in 2-3 bullet points and the answer. You can only answer with a, b, c, or d.
Context: They walked into the room and found it filthy.
Target utterance: They said: ""“Looks like you didn’t wait too long to clean it.”""
What meaning is They most likely conveying?
a. They decided to book a different room altogether.
b. They never had to wait long for a table.
c. The room was left in a terrible state for far too long.
d. The room was tidied up well before it got too messy.
Reasoning:
Answer:
","c. The room was left in a terrible state for far too long.
","['d', 'c', 'b', 'a']",3,UA_NI,c,,b
C1_43_A_I,C1_43,44,1,ambiguous,ironic,a,The street was far from pretty.,Gemma-3-1B,Condition1B_context_richness_stimuli,general_reasoning,"You will read short stories that describe everyday situations and which finish with a person saying something. Your task is to decide, given the situation, what meaning the person is most likely conveying. Each story will be followed by 4 possible meaning interpretations listed from a to d. Read each story and choose the number corresponding to the most likely meaning. State the reasoning in 2-3 bullet points and the answer. You can only answer with a, b, c, or d.
Context: The street was dirty.
Target utterance: They say:  """"Such a beautiful walk.""""
What meaning is They most likely conveying?
a. The street was far from pretty.
b. A dog was barking on the street.
c. The street was genuinely pleasant.
d. They went for a walk in the park.
Reasoning:
Answer:
","Reasoning:
*   The context describes a dirty street, suggesting a negative environment.
*   “Such a beautiful walk” is a direct contrast to the described state.
*   Option (c) aligns best with the contrast and positive sentiment.

Answer: c
","['b', 'd', 'a', 'c']",3,A_I,c,"*   The context describes a dirty street, suggesting a negative environment.
*   “Such a beautiful walk” is a direct contrast to the described state.
*   Option (c) aligns best with the contrast and positive sentiment.

Answer: c",a
C1_44_A_NI,C1_44,35,1,ambiguous,non-ironic,b,The floor was very clean.,Gemma-3-1B,Condition1B_context_richness_stimuli,general_reasoning,"You will read short stories that describe everyday situations and which finish with a person saying something. Your task is to decide, given the situation, what meaning the person is most likely conveying. Each story will be followed by 4 possible meaning interpretations listed from a to d. Read each story and choose the number corresponding to the most likely meaning. State the reasoning in 2-3 bullet points and the answer. You can only answer with a, b, c, or d.
Context: The floor was dirty.
Target utterance: She says: """"You could practically eat off the floor here.""""
What meaning is She most likely conveying?
a. She could eat a whole cake.
b. The floor was very clean.
c. The floor was very dirty.
d. The dance floor was very empty.
Reasoning:
Answer:
","Reasoning:
*   The phrase “practically eat off the floor” suggests a level of uncleanliness.
*   The context explicitly states the floor is dirty.
*   The other options are irrelevant to the situation.
*   The context explicitly states the floor is dirty.
*   The other options are irrelevant to the situation.

Answer: c
","['c', 'a', 'b', 'd']",3,A_NI,c,"*   The phrase “practically eat off the floor” suggests a level of uncleanliness.
*   The context explicitly states the floor is dirty.
*   The other options are irrelevant to the situation.
*   The context explicitly states the floor is dirty.
*   The other options are irrelevant to the situation.

Answer: c",b
C1_45_UA_I,C1_45,278,1,unambiguous,ironic,c,The movie wasn't amusing.,Gemma-3-1B,Condition1B_context_richness_stimuli,general_reasoning,"You will read short stories that describe everyday situations and which finish with a person saying something. Your task is to decide, given the situation, what meaning the person is most likely conveying. Each story will be followed by 4 possible meaning interpretations listed from a to d. Read each story and choose the number corresponding to the most likely meaning. State the reasoning in 2-3 bullet points and the answer. You can only answer with a, b, c, or d.
Context: They watched a hilarious movie.
Target utterance: They say: """"That was the perfect movie for a laugh.""""
What meaning is They most likely conveying?
a. They saw three movies that week.
b. The movie was funny and great.
c. The movie wasn't amusing.
d. They had such a perfect night.
Reasoning:
Answer:
","Reasoning:
*   The phrase “perfect for a laugh” indicates a positive and enjoyable experience.
*   The context of watching a hilarious movie suggests a feeling of amusement.
*   Option ‘b’ directly reflects the sentiment of the statement.
*   Option ‘b’ directly reflects the sentiment of the statement.

Answer: b","['d', 'a', 'b', 'c']",3,UA_I,b,"*   The phrase “perfect for a laugh” indicates a positive and enjoyable experience.
*   The context of watching a hilarious movie suggests a feeling of amusement.
*   Option ‘b’ directly reflects the sentiment of the statement.
*   Option ‘b’ directly reflects the sentiment of the statement.

Answer: b",a
C1_46_UA_NI,C1_46,204,1,unambiguous,non-ironic,b,The musical left her deeply moved.,Gemma-3-1B,Condition1B_context_richness_stimuli,general_reasoning,"You will read short stories that describe everyday situations and which finish with a person saying something. Your task is to decide, given the situation, what meaning the person is most likely conveying. Each story will be followed by 4 possible meaning interpretations listed from a to d. Read each story and choose the number corresponding to the most likely meaning. State the reasoning in 2-3 bullet points and the answer. You can only answer with a, b, c, or d.
Context: The musical she watched was really hilarious.
Target utterance: She says: """"That cracked me up.""""
What meaning is She most likely conveying?
a. The musical was purely for laughs.
b. The musical left her deeply moved.
c. She answered some questions about the musical.
d. The joke cracked everyone up.
Reasoning:
Answer:
","Reasoning:
*   The phrase “That cracked me up” indicates amusement and laughter.
*   It suggests the experience was enjoyable and humorous.
*   It implies the speaker found the musical funny.

Answer: a
","['b', 'a', 'd', 'c']",3,UA_NI,a,"*   The phrase “That cracked me up” indicates amusement and laughter.
*   It suggests the experience was enjoyable and humorous.
*   It implies the speaker found the musical funny.

Answer: a",b
C1_47_A_I,C1_47,162,1,ambiguous,ironic,b,The situation was far too serious.,Gemma-3-1B,Condition1B_context_richness_stimuli,general_reasoning,"You will read short stories that describe everyday situations and which finish with a person saying something. Your task is to decide, given the situation, what meaning the person is most likely conveying. Each story will be followed by 4 possible meaning interpretations listed from a to d. Read each story and choose the number corresponding to the most likely meaning. State the reasoning in 2-3 bullet points and the answer. You can only answer with a, b, c, or d.
Context: The situation was funny.
Target utterance: She says: """"Truly something to laugh about.""""
What meaning is She most likely conveying?
a. She always found it hard to laugh about things.
b. The situation was far too serious.
c. The situation was genuinely amusing.
d. She tried to make the best of the situation.
Reasoning:
Answer:
","Reasoning:
*   The phrase “truly something to laugh about” indicates a positive and joyful reaction.
*   It suggests the situation was lighthearted and amusing.
*   It implies a sense of amusement and enjoyment.
*   The phrase “truly something to laugh about” indicates a positive and joyful reaction.
*   It suggests the situation was lighthearted and amusing.
*   It implies a sense of amusement and enjoyment.

Answer: c
","['c', 'b', 'a', 'd']",3,A_I,c,"*   The phrase “truly something to laugh about” indicates a positive and joyful reaction.
*   It suggests the situation was lighthearted and amusing.
*   It implies a sense of amusement and enjoyment.
","['c', 'b', 'a', 'd']",3,A_I,c,"*   The phrase “truly something to laugh about” indicates a positive and joyful reaction.
*   It suggests the situation was lighthearted and amusing.
*   It implies a sense of amusement and enjoyment.

Answer: c",a
C1_48_A_NI,C1_48,69,1,ambiguous,non-ironic,d,The talk contained humour.,Gemma-3-1B,Condition1B_context_richness_stimuli,general_reasoning,"You will read short stories that describe everyday situations and which finish with a person saying something. Your task is to decide, given the situation, what meaning the person is most likely conveying. Each story will be followed by 4 possible meaning interpretations listed from a to d. Read each story and choose the number corresponding to the most likely meaning. State the reasoning in 2-3 bullet points and the answer. You can only answer with a, b, c, or d.
Context: His talk was funny. 
Target utterance: Hey says: """"Wow, so many jokes in one talk.""""
What meaning is He most likely conveying?
a. He was a fan of old jokes.
b. The talk contained no humour.
c. He decided to cancel the talk.
d. The talk contained humour.
Reasoning:
Answer:
","Reasoning:
*   The phrase “Wow, so many jokes in one talk” indicates a positive reaction to the talk.
*   The statement suggests the speaker found the talk entertaining.
*   The context implies a desire to express enjoyment.
*   The context implies a desire to express enjoyment.

Answer: a
","['c', 'b', 'd', 'a']",3,A_NI,a,"*   The phrase “Wow, so many jokes in one talk” indicates a positive reaction to the talk.
*   The statement suggests the speaker found the talk entertaining.
*   The context implies a desire to express enjoyment.
*   The context implies a desire to express enjoyment.

Answer: a",c
C1_49_UA_I,C1_49,190,1,unambiguous,ironic,a,The airport experience was thoroughly unpleasant.,Gemma-3-1B,Condition1B_context_richness_stimuli,general_reasoning,"You will read short stories that describe everyday situations and which finish with a person saying something. Your task is to decide, given the situation, what meaning the person is most likely conveying. Each story will be followed by 4 possible meaning interpretations listed from a to d. Read each story and choose the number corresponding to the most likely meaning. State the reasoning in 2-3 bullet points and the answer. You can only answer with a, b, c, or d.
Context: He had an excellent experience at the airport.
Target utterance: He says: """"A complete nightmare, really.""""
What meaning is He most likely conveying?
a. The airport experience was thoroughly unpleasant.
b. The airport experience was enjoyable.
c. He decided to book a different airport transfer.
d. He came back from his trip exhausted.
Reasoning:
Answer:
","Reasoning:
*   The phrase “complete nightmare” indicates a highly negative experience.
*   The statement “really” emphasizes the intensity of the feeling.
*   The response “A complete nightmare, really” suggests a strong negative opinion.

Answer: a
","['b', 'a', 'd', 'c']",3,UA_I,a,"*   The phrase “complete nightmare” indicates a highly negative experience.
*   The statement “really” emphasizes the intensity of the feeling.
*   The response “A complete nightmare, really” suggests a strong negative opinion.

Answer: a",b
C1_50_UA_NI,C1_50,211,1,unambiguous,non-ironic,d,The exam results were impressive,Gemma-3-1B,Condition1B_context_richness_stimuli,general_reasoning,"You will read short stories that describe everyday situations and which finish with a person saying something. Your task is to decide, given the situation, what meaning the person is most likely conveying. Each story will be followed by 4 possible meaning interpretations listed from a to d. Read each story and choose the number corresponding to the most likely meaning. State the reasoning in 2-3 bullet points and the answer. You can only answer with a, b, c, or d.
Context: He studied hard for the exam, and the results were excellent.
Target utterance: He says: """"Well, this is amazing.""""
What meaning is He most likely conveying?
a. He always found art museums amazing.
b. The exam results were deeply disappointing.
c. He had one more exam this week.
d. The exam results were impressive
Reasoning:
Answer:
","Reasoning:
*   The phrase “This is amazing” expresses a positive reaction to a significant achievement.
*   The context of studying hard and achieving excellent results suggests a feeling of accomplishment.
*   The statement implies a positive emotional response.

Answer: a
","['c', 'b', 'd', 'a']",3,UA_NI,a,"*   The phrase “This is amazing” expresses a positive reaction to a significant achievement.
*   The context of studying hard and achieving excellent results suggests a feeling of accomplishment.
*   The statement implies a positive emotional response.

Answer: a",c
C1_51_A_I,C1_51,192,1,ambiguous,ironic,a,They found the play entertaining.,Gemma-3-1B,Condition1B_context_richness_stimuli,general_reasoning,"You will read short stories that describe everyday situations and which finish with a person saying something. Your task is to decide, given the situation, what meaning the person is most likely conveying. Each story will be followed by 4 possible meaning interpretations listed from a to d. Read each story and choose the number corresponding to the most likely meaning. State the reasoning in 2-3 bullet points and the answer. You can only answer with a, b, c, or d.
Context: They left the play feeling good.
Target utterance: They said:  """"That wasn't fun at all.""""
What meaning is They most likely conveying?
a. They found the play entertaining.
b. They found the play dull.
c. They liked to watch a play in their favorite theatre.
d. They had fun eating together.
Reasoning:
Answer:
","Reasoning:
*   The phrase “feeling good” indicates a positive emotional response.
*   “That wasn’t fun at all” suggests a negative experience, contrasting with the initial positive feeling.
*   Option ‘b’ is the most likely interpretation as it directly contradicts the positive sentiment.

Answer: b","['b', 'a', 'd', 'c']",3,A_I,b,"*   The phrase “feeling good” indicates a positive emotional response.
*   “That wasn’t fun at all” suggests a negative experience, contrasting with the initial positive feeling.
*   Option ‘b’ is the most likely interpretation as it directly contradicts the positive sentiment.

Answer: b",a
C1_52_A_NI,C1_52,171,1,ambiguous,non-ironic,c,The rmeal was a genuinely enjoyable experience.,Gemma-3-1B,Condition1B_context_richness_stimuli,general_reasoning,"You will read short stories that describe everyday situations and which finish with a person saying something. Your task is to decide, given the situation, what meaning the person is most likely conveying. Each story will be followed by 4 possible meaning interpretations listed from a to d. Read each story and choose the number corresponding to the most likely meaning. State the reasoning in 2-3 bullet points and the answer. You can only answer with a, b, c, or d.
Context: She had a good meal at a restaurant.
Target utterance: She says: """"That was a great restaurant visit.""""
What meaning is She most likely conveying?
a. She found the whole meal disappointing.
b. She wanted to try the meal for months.
c. The rmeal was a genuinely enjoyable experience.
d. She always enjoyed a restaurant visit before a big day out.
Reasoning:
Answer:
","Reasoning:
*   The phrase “great restaurant visit” indicates a positive experience.
*   The statement “That was a great restaurant visit” expresses a positive sentiment.
*   The context describes a pleasant meal, suggesting enjoyment.

Answer: c
","['b', 'd', 'a', 'c']",3,A_NI,c,"*   The phrase “great restaurant visit” indicates a positive experience.
Answer: c
","['b', 'd', 'a', 'c']",3,A_NI,c,"*   The phrase “great restaurant visit” indicates a positive experience.
*   The statement “That was a great restaurant visit” expresses a positive sentiment.
*   The context describes a pleasant meal, suggesting enjoyment.

Answer: c",a
C1_53_UA_I,C1_53,243,1,unambiguous,ironic,a,The ground was dried out.,Gemma-3-1B,Condition1B_context_richness_stimuli,general_reasoning,"You will read short stories that describe everyday situations and which finish with a person saying something. Your task is to decide, given the situation, what meaning the person is most likely conveying. Each story will be followed by 4 possible meaning interpretations listed from a to d. Read each story and choose the number corresponding to the most likely meaning. State the reasoning in 2-3 bullet points and the answer. You can only answer with a, b, c, or d.
Context: After the weather changed, the ground became soaked.
Target utterance: She says: """"Perfect conditions for a picnic..""""
What meaning is She most likely conveying?
a. The ground was dried out.
b. She knelt in the mud to look closely at the earth.
c. The ground was uneven where she stood.
d. The ground was moist and muddy after the rain.
Reasoning:
Answer:
","Reasoning:
*   The phrase “Perfect conditions for a picnic” suggests a positive and inviting setting.
*   The soaked ground contradicts a dry condition, suggesting a change in weather.
*   Option ‘d’ best describes the state of the ground – it’s moist and muddy.

Answer: d
","['b', 'c', 'd', 'a']",3,UA_I,d,"*   The phrase “Perfect conditions for a picnic” suggests a positive and inviting setting.
*   The soaked ground contradicts a dry condition, suggesting a change in weather.
*   Option ‘d’ best describes the state of the ground – it’s moist and muddy.

Answer: d",a
C1_54_UA_NI,C1_54,271,1,unambiguous,non-ironic,b,The garden was struggling without any water.,Gemma-3-1B,Condition1B_context_richness_stimuli,general_reasoning,"You will read short stories that describe everyday situations and which finish with a person saying something. Your task is to decide, given the situation, what meaning the person is most likely conveying. Each story will be followed by 4 possible meaning interpretations listed from a to d. Read each story and choose the number corresponding to the most likely meaning. State the reasoning in 2-3 bullet points and the answer. You can only answer with a, b, c, or d.
Context: The garden was soaked in the morning.
Target utterance: They said: """"That’s enough water for the day.""""
What meaning is They most likely conveying?
a. The garden was just watered and needed to dry out.
b. The garden was struggling without any water.
c. They wanted a new water feature.
d. They played some boardgames in the garden.
Reasoning:
Answer:
","Reasoning:
*   The phrase “That’s enough water for the day” suggests a sense of limitation or a need for a pause.
*   The context of a soaked garden implies a lack of sufficient water.
*   The statement implies a desire to stop the ongoing situation.

Answer: a
","['b', 'a', 'c', 'd']",3,UA_NI,a,"*   The phrase “That’s enough water for the day” suggests a sense of limitation or a need for a pause.
*   The context of a soaked garden implies a lack of sufficient water.
*   The statement implies a desire to stop the ongoing situation.

Answer: a",b
C1_55_A_I,C1_55,263,1,ambiguous,ironic,b,The plants had been wilting due to lack of water.,Gemma-3-1B,Condition1B_context_richness_stimuli,general_reasoning,"You will read short stories that describe everyday situations and which finish with a person saying something. Your task is to decide, given the situation, what meaning the person is most likely conveying. Each story will be followed by 4 possible meaning interpretations listed from a to d. Read each story and choose the number corresponding to the most likely meaning. State the reasoning in 2-3 bullet points and the answer. You can only answer with a, b, c, or d.
Context: The field was wet.
Target utterance: He says: """"Terrible news for anything trying to grow..""""
What meaning is He most likely conveying?
a. He was considering buying a new tractor.
b. The plants had been wilting due to lack of water.
c. He had been reading about different farming techniques.
d. The plants had been getting plenty of moisture to grow.
Reasoning:
Answer:
","Reasoning:
*   The phrase “trying to grow” suggests a negative outcome for plants.
*   Wet soil is often a cause of wilting.
*   The statement implies a loss of potential growth.

Answer: b","['d', 'b', 'c', 'a']",3,A_I,b,"*   The phrase “trying to grow” suggests a negative outcome for plants.
*   Wet soil is often a cause of wilting.
*   The statement implies a loss of potential growth.

Answer: b",b
C1_56_A_NI,C1_56,182,1,ambiguous,non-ironic,c,Her hair was soaking wet.,Gemma-3-1B,Condition1B_context_richness_stimuli,general_reasoning,"You will read short stories that describe everyday situations and which finish with a person saying something. Your task is to decide, given the situation, what meaning the person is most likely conveying. Each story will be followed by 4 possible meaning interpretations listed from a to d. Read each story and choose the number corresponding to the most likely meaning. State the reasoning in 2-3 bullet points and the answer. You can only answer with a, b, c, or d.
Context: She saw her wet hair.
Target utterance: She said: """"The rain really caught me by surprise.""""
What meaning is She most likely conveying?
a. Her hair was completely dry.
b. She had her hair cut short last week.
c. Her hair was soaking wet.
d. They organised a surprise party for him.
Reasoning:
Answer:
","Reasoning:
*   The phrase “caught me by surprise” suggests an unexpected event.
*   Wet hair is a common consequence of rain.
*   The context implies a pleasant surprise, making “caught by surprise” the most fitting interpretation.

Answer: c
","['b', 'd', 'a', 'c']",3,A_NI,c,"*   The phrase “caught me by surprise” suggests an unexpected event.
*   Wet hair is a common consequence of rain.
*   The context implies a pleasant surprise, making “caught by surprise” the most fitting interpretation.

Answer: c",a
C1_57_UA_I,C1_57,237,1,unambiguous,ironic,d,I thought the outfit was ugly.,Gemma-3-1B,Condition1B_context_richness_stimuli,general_reasoning,"You will read short stories that describe everyday situations and which finish with a person saying something. Your task is to decide, given the situation, what meaning the person is most likely conveying. Each story will be followed by 4 possible meaning interpretations listed from a to d. Read each story and choose the number corresponding to the most likely meaning. State the reasoning in 2-3 bullet points and the answer. You can only answer with a, b, c, or d.
Context: I wore a stunnig outfit to attend the award ceremony.
Target utterance: I say: """"I really didn't try at all today.""""
What meaning is I most likely conveying?
a. I admired the outfit.
b. I received an amazing award.
c. The comedians on the stage enjoyed themselves.
d. I thought the outfit was ugly.
Reasoning:
Answer:
","Reasoning:
*   The statement expresses a feeling of disappointment or lack of effort.
*   The phrase “didn’t try at all” suggests a lack of engagement.
*   The statement implies a negative assessment of the outfit.

Answer: a
","['a', 'c', 'd', 'b']",3,UA_I,a,"*   The statement expresses a feeling of disappointment or lack of effort.
*   The phrase “didn’t try at all” suggests a lack of engagement.
*   The statement implies a negative assessment of the outfit.

Answer: a",a
C1_58_UA_NI,C1_58,56,1,unambiguous,non-ironic,a,She admired the car.,Gemma-3-1B,Condition1B_context_richness_stimuli,general_reasoning,"You will read short stories that describe everyday situations and which finish with a person saying something. Your task is to decide, given the situation, what meaning the person is most likely conveying. Each story will be followed by 4 possible meaning interpretations listed from a to d. Read each story and choose the number corresponding to the most likely meaning. State the reasoning in 2-3 bullet points and the answer. You can only answer with a, b, c, or d.
Context: She saw a stunning car on the street.
Target utterance: She says: """"That’s a real beauty.""""
What meaning is she most likely conveying?
a. She admired the car.
b. She thought the painting was beautiful.
c. She had booked a car.
d. She thought the car was ugly.
Reasoning:
Answer:
","Reasoning:
*   The phrase “real beauty” suggests admiration.
*   Paintings are often considered beautiful.
*   Cars are frequently admired for their aesthetics.

Answer: a
","['a', 'c', 'd', 'b']",3,UA_NI,a,"*   The phrase “real beauty” suggests admiration.
*   Paintings are often considered beautiful.
*   Cars are frequently admired for their aesthetics.

Answer: a",a
C1_59_A_I,C1_59,59,1,ambiguous,ironic,b,The painting was genuinely beautiful.,Gemma-3-1B,Condition1B_context_richness_stimuli,general_reasoning,"You will read short stories that describe everyday situations and which finish with a person saying something. Your task is to decide, given the situation, what meaning the person is most likely conveying. Each story will be followed by 4 possible meaning interpretations listed from a to d. Read each story and choose the number corresponding to the most likely meaning. State the reasoning in 2-3 bullet points and the answer. You can only answer with a, b, c, or d.
Context: He looked at a pretty painting.
Target utterance: He said: """"That's hard to look at.""""
What meaning is He most likely conveying?
a. The painting was genuinely ugly.
b. The painting was genuinely beautiful.
c. He gave her a stern look.
d. They spent the weekend for this painting.
Reasoning:
Answer:
","Reasoning:
*   The phrase “That’s hard to look at” suggests a negative assessment of the painting’s aesthetic appeal.
*   It implies a subjective feeling of unease or difficulty appreciating the artwork.
*   The context of looking at a “pretty” painting suggests a potential disappointment or lack of enjoyment.

Answer: a
","['a', 'b', 'c', 'd']",3,A_I,a,"*   The phrase “That’s hard to look at” suggests a negative assessment of the painting’s aesthetic appeal.
*   It implies a subjective feeling of unease or difficulty appreciating the artwork.
*   The context of looking at a “pretty” painting suggests a potential disappointment or lack of enjoyment.

Answer: a",a
C1_60_A_NI,C1_60,279,1,ambiguous,non-ironic,c,They thought the bird was beautiful.,Gemma-3-1B,Condition1B_context_richness_stimuli,general_reasoning,"You will read short stories that describe everyday situations and which finish with a person saying something. Your task is to decide, given the situation, what meaning the person is most likely conveying. Each story will be followed by 4 possible meaning interpretations listed from a to d. Read each story and choose the number corresponding to the most likely meaning. State the reasoning in 2-3 bullet points and the answer. You can only answer with a, b, c, or d.
Context: They saw a pretty bird.
Target utterance: They said: """"A real eye-catcher.""""
What meaning is They most likely conveying?
a. They had a great time on a trip.
b. They thought the bird was not beautiful.
c. They thought the bird was beautiful.
d. The bird looked at them really closely.
Reasoning:
Answer:
","Reasoning:
*   The phrase “eye-catcher” suggests something visually striking and captivating.
*   It implies a positive reaction to the bird's appearance.
*   It’s a subjective descriptor, indicating a positive assessment.

Answer: c
","['d', 'b', 'a', 'c']",3,A_NI,c,"*   The phrase “eye-catcher” suggests something visually striking and captivating.
*   It implies a positive reaction to the bird's appearance.
*   It’s a subjective descriptor, indicating a positive assessment.

Answer: c",a
C1_61_UA_I,C1_61,22,1,unambiguous,ironic,a,The kettle was expensive.,Gemma-3-1B,Condition1B_context_richness_stimuli,general_reasoning,"You will read short stories that describe everyday situations and which finish with a person saying something. Your task is to decide, given the situation, what meaning the person is most likely conveying. Each story will be followed by 4 possible meaning interpretations listed from a to d. Read each story and choose the number corresponding to the most likely meaning. State the reasoning in 2-3 bullet points and the answer. You can only answer with a, b, c, or d.
Context: I found a nice kettle which was overpriced.
Target utterance: I said: """"What a steal.""""
What meaning is I most likely conveying?
a. The kettle was expensive.
b. The kettle was a real bargain.
c. A thief tried to steal my bag.
d. The kettle boiled over..
Reasoning:
Answer:
","Reasoning:
*   The phrase “What a steal” expresses a positive sentiment about the price of the kettle.
*   It suggests the speaker found the kettle to be exceptionally low cost.
*   It implies the speaker is pleased with their purchase.

Answer: a
","['b', 'a', 'c', 'd']",3,UA_I,a,"*   The phrase “What a steal” expresses a positive sentiment about the price of the kettle.
*   It suggests the speaker found the kettle to be exceptionally low cost.
*   It implies the speaker is pleased with their purchase.

Answer: a",b
C1_62_UA_NI,C1_62,197,1,unambiguous,non-ironic,b,The vase was worth a lot of money.,Gemma-3-1B,Condition1B_context_richness_stimuli,general_reasoning,"You will read short stories that describe everyday situations and which finish with a person saying something. Your task is to decide, given the situation, what meaning the person is most likely conveying. Each story will be followed by 4 possible meaning interpretations listed from a to d. Read each story and choose the number corresponding to the most likely meaning. State the reasoning in 2-3 bullet points and the answer. You can only answer with a, b, c, or d.
Context: He broke an overpriced vase.

Target utterance: He said: """"Well, there goes a priceless treasure""""
What meaning is He most likely conveying?
a. The vase was not pricy.
b. The vase was worth a lot of money.
c. The experience of breaking the vase was worth it.
d. He went on a hike and picked up flowers.
Reasoning:
Answer:
","Reasoning:
*   The phrase “priceless treasure” suggests significant value.
*   Breaking the vase implies a loss of value, suggesting a negative outcome.
*   The statement expresses a sense of regret or disappointment.

Answer: b","['b', 'a', 'c', 'd']",3,UA_NI,b,"*   The phrase “priceless treasure” suggests significant value.
*   Breaking the vase implies a loss of value, suggesting a negative outcome.
*   The statement expresses a sense of regret or disappointment.

Answer: b",a
C1_63_A_I,C1_63,234,1,ambiguous,ironic,b,The perfume was not pricy.,Gemma-3-1B,Condition1B_context_richness_stimuli,general_reasoning,"You will read short stories that describe everyday situations and which finish with a person saying something. Your task is to decide, given the situation, what meaning the person is most likely conveying. Each story will be followed by 4 possible meaning interpretations listed from a to d. Read each story and choose the number corresponding to the most likely meaning. State the reasoning in 2-3 bullet points and the answer. You can only answer with a, b, c, or d.
Context: She was wearing expensive perfume.
Target utterance: She said: """"Smells like it's from a gas station.""""
What meaning is She most likely conveying?
a. The perfume was pricy.
b. The perfume was not pricy.
c. The ocean was calm and quiet.
d. The fragrance label was worth reading.
Reasoning:
Answer:
","Reasoning:
*   The statement “Smells like it’s from a gas station” suggests a cheap or inexpensive fragrance.
*   The context of expensive perfume implies a higher price point.
*   The statement contradicts the idea of a luxurious fragrance.
*   The context of expensive perfume implies a higher price point.
*   The statement contradicts the idea of a luxurious fragrance.

Answer: a
","['a', 'b', 'd', 'c']",3,A_I,a,"*   The statement “Smells like it’s from a gas station” suggests a cheap or inexpensive fragrance.
*   The context of expensive perfume implies a higher price point.
*   The statement contradicts the idea of a luxurious fragrance.
*   The context of expensive perfume implies a higher price point.
*   The statement contradicts the idea of a luxurious fragrance.

Answer: a",a
C1_64_A_NI,C1_64,240,1,ambiguous,non-ironic,c,The bag was worth a lot.,Gemma-3-1B,Condition1B_context_richness_stimuli,general_reasoning,"You will read short stories that describe everyday situations and which finish with a person saying something. Your task is to decide, given the situation, what meaning the person is most likely conveying. Each story will be followed by 4 possible meaning interpretations listed from a to d. Read each story and choose the number corresponding to the most likely meaning. State the reasoning in 2-3 bullet points and the answer. You can only answer with a, b, c, or d.
Context: She got an expensive bag.
Target utterance: She said: """"Looks like a real designer piece.""""
What meaning is She most likely conveying?
a. She liked to wear that designer piece.
b. The bag was worth very little.
c. The bag was worth a lot.
d. She had dark bags under her eyes.
Reasoning:
Answer:
","Reasoning:
*   The phrase “real designer piece” suggests a high level of quality and exclusivity.
*   The context of receiving an expensive bag implies a significant investment.
*   The statement suggests a positive assessment of the bag’s value.

Answer: a
","['c', 'b', 'a', 'd']",3,A_NI,a,"*   The phrase “real designer piece” suggests a high level of quality and exclusivity.
*   The context of receiving an expensive bag implies a significant investment.
*   The statement suggests a positive assessment of the bag’s value.

Answer: a",c
C1_65_UA_I,C1_65,187,1,unambiguous,ironic,a,The house felt spacious and huge.,Gemma-3-1B,Condition1B_context_richness_stimuli,general_reasoning,"You will read short stories that describe everyday situations and which finish with a person saying something. Your task is to decide, given the situation, what meaning the person is most likely conveying. Each story will be followed by 4 possible meaning interpretations listed from a to d. Read each story and choose the number corresponding to the most likely meaning. State the reasoning in 2-3 bullet points and the answer. You can only answer with a, b, c, or d.
Context: They moved into an enormous house.
Target utterance: They said: """"You can barely turn around in here.""""
What meaning is They most likely conveying?
a. The house felt spacious and huge.
b. They made a sharp turn at the end of the road.
c. The house felt cramped and tiny.
d. The house was red and blue.
Reasoning:
Answer:
","Reasoning:
*   The phrase “barely turn around” indicates a restricted space.
*   The statement suggests a feeling of confinement.
*   The context of “enormous” reinforces the idea of a small space.

Answer: c
","['b', 'c', 'a', 'd']",3,UA_I,c,"*   The phrase “barely turn around” indicates a restricted space.
*   The statement suggests a feeling of confinement.
*   The context of “enormous” reinforces the idea of a small space.

Answer: c",a
C1_66_UA_NI,C1_66,91,1,unambiguous,non-ironic,b,They thought the concert was huge.,Gemma-3-1B,Condition1B_context_richness_stimuli,general_reasoning,"You will read short stories that describe everyday situations and which finish with a person saying something. Your task is to decide, given the situation, what meaning the person is most likely conveying. Each story will be followed by 4 possible meaning interpretations listed from a to d. Read each story and choose the number corresponding to the most likely meaning. State the reasoning in 2-3 bullet points and the answer. You can only answer with a, b, c, or d.
Context: They attended a concert at an enormous venue.

Target utterance: They said: """"What a massive event.""""
What meaning is they most likely conveying?
a. They thought the concert was small.
b. They thought the concert was huge.
c. They liked go to concerts.
d. They organized a massive event for dating.
Reasoning:
Answer:
","Answer: b
Reasoning: The phrase “massive event” indicates a significant and large scale, suggesting a large number of attendees and a substantial experience.","['b', 'a', 'd', 'c']",3,UA_NI,b,"The phrase “massive event” indicates a significant and large scale, suggesting a large number of attendees and a substantial experience.",a
C1_67_A_I,C1_67,1,1,ambiguous,ironic,d,She thought the spider was huge.,Gemma-3-1B,Condition1B_context_richness_stimuli,general_reasoning,"You will read short stories that describe everyday situations and which finish with a person saying something. Your task is to decide, given the situation, what meaning the person is most likely conveying. Each story will be followed by 4 possible meaning interpretations listed from a to d. Read each story and choose the number corresponding to the most likely meaning. State the reasoning in 2-3 bullet points and the answer. You can only answer with a, b, c, or d.
Context: She spotted a big spider.
Target utterance: She said: """"Almost didn't see it.""""
What meaning is She most likely conveying?
a. She drew a spider diagram to plan her essay.
b. She thought the spider was tiny.
c. She went to see her doctor on Monday.
d. She thought the spider was huge.
Reasoning:
Answer:
","Reasoning:
*   The phrase “Almost didn’t see it” indicates a sense of surprise or caution.
*   The statement suggests a small, potentially frightening encounter.
*   The context of a spider suggests a potential threat, prompting a cautious response.

Answer: b","['d', 'a', 'c', 'b']",3,A_I,b,"*   The phrase “Almost didn’t see it” indicates a sense of surprise or caution.
*   The statement suggests a small, potentially frightening encounter.
*   The context of a spider suggests a potential threat, prompting a cautious response.

Answer: b",a
C1_68_A_NI,C1_68,252,1,ambiguous,non-ironic,c,I thought the dog was huge.,Gemma-3-1B,Condition1B_context_richness_stimuli,general_reasoning,"You will read short stories that describe everyday situations and which finish with a person saying something. Your task is to decide, given the situation, what meaning the person is most likely conveying. Each story will be followed by 4 possible meaning interpretations listed from a to d. Read each story and choose the number corresponding to the most likely meaning. State the reasoning in 2-3 bullet points and the answer. You can only answer with a, b, c, or d.
Context: I met a big dog.
Target utterance: I said: """"He could swallow me whole.""""
What meaning is I most likely conveying?
a. I swallowed a pill.
b. The dog wore a collar.
c. I thought the dog was huge.
d. I thought the dog was small.
Reasoning:
Answer:
","Reasoning:
*   The statement “He could swallow me whole” suggests a feeling of being overwhelmed or consumed.
*   The context of meeting a large dog implies a potentially threatening or overwhelming situation.
*   The statement is a dramatic and potentially unsettling remark.
*   The statement “He could swallow me whole” suggests a feeling of being overwhelmed or consumed.
*   The context of meeting a large dog implies a potentially threatening or overwhelming situation.
*   The statement is a dramatic and potentially unsettling remark.

Answer: a
","['c', 'd', 'a', 'b']",3,A_NI,a,"*   The statement “He could swallow me whole” suggests a feeling of being overwhelmed or consumed.
*   The context of meeting a large dog implies a potentially threatening or overwhelming situation.
*   The statement is a dramatic and potentially unsettling remark.
","['c', 'd', 'a', 'b']",3,A_NI,a,"*   The statement “He could swallow me whole” suggests a feeling of being overwhelmed or consumed.
*   The context of meeting a large dog implies a potentially threatening or overwhelming situation.
*   The statement is a dramatic and potentially unsettling remark.

Answer: a",c
C1_69_UA_I,C1_69,136,1,unambiguous,ironic,d,The pool was super warm.,Gemma-3-1B,Condition1B_context_richness_stimuli,general_reasoning,"You will read short stories that describe everyday situations and which finish with a person saying something. Your task is to decide, given the situation, what meaning the person is most likely conveying. Each story will be followed by 4 possible meaning interpretations listed from a to d. Read each story and choose the number corresponding to the most likely meaning. State the reasoning in 2-3 bullet points and the answer. You can only answer with a, b, c, or d.
Context: She jumped into a hot pool.
Target utterance: She said:  """"One could catch a cold in here.""""
What meaning is She most likely conveying?
a. The pool was super cold.
b. She liked to chill on that sofa after work.
c. She played a game of pool in the bar.
d. The pool was super warm.
Reasoning:
Answer:
","Reasoning:
*   The phrase “jumped into a hot pool” suggests a sudden, potentially unpleasant experience.
*   The statement “One could catch a cold in here” implies a risk of illness.
*   The context of a hot pool suggests a potential for discomfort and cold.

Answer: a
","['a', 'c', 'd', 'b']",3,UA_I,a,"*   The phrase “jumped into a hot pool” suggests a sudden, potentially unpleasant experience.
*   The statement “One could catch a cold in here” implies a risk of illness.
*   The context of a hot pool suggests a potential for discomfort and cold.

Answer: a",a
C1_70_UA_NI,C1_70,258,1,unambiguous,non-ironic,b,The weather conditions were perfect.,Gemma-3-1B,Condition1B_context_richness_stimuli,general_reasoning,"You will read short stories that describe everyday situations and which finish with a person saying something. Your task is to decide, given the situation, what meaning the person is most likely conveying. Each story will be followed by 4 possible meaning interpretations listed from a to d. Read each story and choose the number corresponding to the most likely meaning. State the reasoning in 2-3 bullet points and the answer. You can only answer with a, b, c, or d.
Context: He went to the beach, and the weather was hot.
Target utterance: He said: """"Couldn't have asked for better weather.""""
What meaning is he most likely conveying?
a. The weather conditions were awful.
b. The weather conditions were perfect.
c. He meant to harvest the houseplants, but forgot about it.
d. The delivery driver arrived in heavy rain.
Reasoning:
Answer:
","Reasoning:
*   The phrase “Couldn’t have asked for better weather” indicates a positive assessment of the weather.
*   It suggests a feeling of contentment and enjoyment.
*   The context of a hot day reinforces the positive sentiment.
*   The phrase “Couldn’t have asked for better weather” indicates a positive assessment of the weather.
*   It suggests a feeling of contentment and enjoyment.
*   The context of a hot day reinforces the positive sentiment.

Answer: a
","['b', 'a', 'd', 'c']",3,UA_NI,a,"*   The phrase “Couldn’t have asked for better weather” indicates a positive assessment of the weather.
*   It suggests a feeling of contentment and enjoyment.
*   The context of a hot day reinforces the positive sentiment.
","['b', 'a', 'd', 'c']",3,UA_NI,a,"*   The phrase “Couldn’t have asked for better weather” indicates a positive assessment of the weather.
*   It suggests a feeling of contentment and enjoyment.
*   The context of a hot day reinforces the positive sentiment.

Answer: a",b
C1_71_A_I,C1_71,127,1,ambiguous,ironic,a,The room was really warm.,Gemma-3-1B,Condition1B_context_richness_stimuli,general_reasoning,"You will read short stories that describe everyday situations and which finish with a person saying something. Your task is to decide, given the situation, what meaning the person is most likely conveying. Each story will be followed by 4 possible meaning interpretations listed from a to d. Read each story and choose the number corresponding to the most likely meaning. State the reasoning in 2-3 bullet points and the answer. You can only answer with a, b, c, or d.
Context: I walked into a warm room. 
Target utterance: I said:  """"Feels like the North Pole in here.""""
What meaning is I most likely conveying?
a. The room was really warm.
b. There wasn't enough room in the car for everyone.
c. The room was freezing cold.
d. I leaned the fishing pole against the wall.
Reasoning:
Answer:
","Reasoning:
*   The phrase “Feels like the North Pole in here” is a metaphorical expression suggesting extreme cold.
*   It evokes a sense of isolation and coldness, aligning with the context of a warm room.
*   The other options are irrelevant to the described situation.

Answer: a
","['b', 'd', 'a', 'c']",3,A_I,a,"*   The phrase “Feels like the North Pole in here” is a metaphorical expression suggesting extreme cold.
*   It evokes a sense of isolation and coldness, aligning with the context of a warm room.
*   The other options are irrelevant to the described situation.

Answer: a",b
C1_72_A_NI,C1_72,65,1,ambiguous,non-ironic,c,Her coffee was delicious.,Gemma-3-1B,Condition1B_context_richness_stimuli,general_reasoning,"You will read short stories that describe everyday situations and which finish with a person saying something. Your task is to decide, given the situation, what meaning the person is most likely conveying. Each story will be followed by 4 possible meaning interpretations listed from a to d. Read each story and choose the number corresponding to the most likely meaning. State the reasoning in 2-3 bullet points and the answer. You can only answer with a, b, c, or d.
Context: She took a sip of the warm coffee.
Target utterance: She said: """"This is what freshly made coffee tastes like.""""
What meaning is she most likely conveying?
a. She did an experiment in health science.
b. Her coffee tasted like fresh mint.
c. Her coffee was delicious.
d. Her coffee did not taste good.
Reasoning:
Answer:
","Reasoning:
*   The phrase “freshly made coffee” suggests a heightened sensory experience.
*   The statement “This is what freshly made coffee tastes like” directly relates to a positive sensory impression.
*   Option b is a plausible interpretation, but option a is more specific and less likely.

Answer: a
","['d', 'c', 'a', 'b']",3,A_NI,a,"*   The phrase “freshly made coffee” suggests a heightened sensory experience.
*   The statement “This is what freshly made coffee tastes like” directly relates to a positive sensory impression.
*   Option b is a plausible interpretation, but option a is more specific and less likely.

Answer: a",d
