Item_ID,base_item,presentation_order,seed,context_level,irony_label,correct_option_pos,correct_option_text,model,dataset,prompt_type,prompt,output,original_option_mapping,run,condition,chosen_option,reasoning,chosen_original_option
C1_01_UA_NI,C1_01,255,1,unambiguous,non-ironic,a,The cat was easy to lift up.,Gemma-3-1B,Condition1B_context_richness_stimuli,general_reasoning,"You will read short stories that describe everyday situations and which finish with a person saying something. Your task is to decide, given the situation, what meaning the person is most likely conveying. Each story will be followed by 4 possible meaning interpretations listed from a to d. Read each story and choose the number corresponding to the most likely meaning. State the reasoning in 2-3 bullet points and the answer. You can only answer with a, b, c, or d.
Context: He lifted the skinny cat from the table.
Target utterance: He said:  """"That was easy!""""
What meaning is He most likely conveying?
a. The cat was easy to lift up.
b. He just got a great deal on a cat bed.
c. The exam was really easy.
d. The cat was really hard to lift up.
Reasoning:
Answer:
","Reasoning:
*   The phrase “That was easy!” indicates a sense of accomplishment or relief.
*   The context of lifting a skinny cat suggests a simple, straightforward action.
*   The statement implies a positive experience, suggesting the task was uncomplicated.

Answer: a
","['a', 'd', 'c', 'b']",4,UA_NI,a,"*   The phrase “That was easy!” indicates a sense of accomplishment or relief.
*   The context of lifting a skinny cat suggests a simple, straightforward action.
*   The statement implies a positive experience, suggesting the task was uncomplicated.

Answer: a",a
C1_02_A_I,C1_02,51,1,ambiguous,ironic,c,The dog was very light to lift.,Gemma-3-1B,Condition1B_context_richness_stimuli,general_reasoning,"You will read short stories that describe everyday situations and which finish with a person saying something. Your task is to decide, given the situation, what meaning the person is most likely conveying. Each story will be followed by 4 possible meaning interpretations listed from a to d. Read each story and choose the number corresponding to the most likely meaning. State the reasoning in 2-3 bullet points and the answer. You can only answer with a, b, c, or d.
Context: She picked up her thin dog.
Target utterance: She said: """"Heaviest dog ever.""""
What meaning is She most likely conveying?
a. She just adopted a new dog.
b. The dog was really heavy to lift
c. The dog was very light to lift.
d. It was the heaviest package she ever carried.
Reasoning:
Answer:
","Reasoning:
*   The phrase “Heaviest dog ever” suggests a significant weight, implying a substantial size.
*   The context of picking up a dog suggests a potential for carrying or moving it.
*   The statement implies a contrast with the dog’s size, highlighting its heaviness.

Answer: a
","['d', 'a', 'b', 'c']",4,A_I,a,"*   The phrase “Heaviest dog ever” suggests a significant weight, implying a substantial size.
*   The context of picking up a dog suggests a potential for carrying or moving it.
*   The statement implies a contrast with the dog’s size, highlighting its heaviness.

Answer: a",d
C1_03_A_NI,C1_03,230,1,ambiguous,non-ironic,c,Their friend was very easy to lift.,Gemma-3-1B,Condition1B_context_richness_stimuli,general_reasoning,"You will read short stories that describe everyday situations and which finish with a person saying something. Your task is to decide, given the situation, what meaning the person is most likely conveying. Each story will be followed by 4 possible meaning interpretations listed from a to d. Read each story and choose the number corresponding to the most likely meaning. State the reasoning in 2-3 bullet points and the answer. You can only answer with a, b, c, or d.
Context: They lift their thin friend.
Target utterance: They said: """"Light as a feather.""""
What meaning is They most likely conveying?
a. Getting their friend off the ground took a lot of effort.
b. The feather fell gently to the ground.
c. Their friend was very easy to lift.
d. They decided to go out for dinner with their friend.
Reasoning:
Answer:
","Reasoning:
*   “Light as a feather” implies lightness and ease of movement.
*   The context describes lifting a thin friend, suggesting a gentle and effortless action.
*   The statement aligns with the idea of lightness and ease.

Answer: c","['b', 'c', 'a', 'd']",4,A_NI,c,"*   “Light as a feather” implies lightness and ease of movement.
*   The context describes lifting a thin friend, suggesting a gentle and effortless action.
*   The statement aligns with the idea of lightness and ease.

Answer: c",a
C1_04_UA_I,C1_04,78,1,unambiguous,ironic,a,Holding my nephew took nothing of my strength.,Gemma-3-1B,Condition1B_context_richness_stimuli,general_reasoning,"You will read short stories that describe everyday situations and which finish with a person saying something. Your task is to decide, given the situation, what meaning the person is most likely conveying. Each story will be followed by 4 possible meaning interpretations listed from a to d. Read each story and choose the number corresponding to the most likely meaning. State the reasoning in 2-3 bullet points and the answer. You can only answer with a, b, c, or d.
Context: I held my skinny nephew in my arms.
Target utterance: I said: """"Heavier than an elephant.""""
What meaning is I most likely conveying?
a. Holding my nephew took nothing of my strength.
b. Holding my nephew took all my strength.
c. The elephant lumbered slowly across the plain.
d. My nephew ate a burger that day.
Reasoning:
Answer:
","Reasoning:
*   The statement “Heavier than an elephant” implies a significant physical burden.
*   The context suggests a close, intimate relationship with the nephew.
*   The statement is a dramatic exaggeration, likely meant to emphasize the nephew’s weight.

Answer: a
","['b', 'a', 'c', 'd']",4,UA_I,a,"*   The statement “Heavier than an elephant” implies a significant physical burden.
*   The context suggests a close, intimate relationship with the nephew.
*   The statement is a dramatic exaggeration, likely meant to emphasize the nephew’s weight.

Answer: a",b
C1_05_UA_NI,C1_05,77,1,unambiguous,non-ironic,a,The cake tasted really good.,Gemma-3-1B,Condition1B_context_richness_stimuli,general_reasoning,"You will read short stories that describe everyday situations and which finish with a person saying something. Your task is to decide, given the situation, what meaning the person is most likely conveying. Each story will be followed by 4 possible meaning interpretations listed from a to d. Read each story and choose the number corresponding to the most likely meaning. State the reasoning in 2-3 bullet points and the answer. You can only answer with a, b, c, or d.
Context: She ate a disgusting cake.
Target utterance: She said: """"What an amazing flavour.""""
What meaning is She most likely conveying?
a. The cake tasted really good.
b. The cake tasted really bad.
c. The soup smelled absolutely delicious
d. The cake had three candles on top.
Reasoning:
Answer:
","Reasoning:
*   The phrase “disgusting” suggests a negative experience, contrasting with “amazing”.
*   Saying “What an amazing flavour” directly contradicts the initial negative description.
*   The context implies a positive reaction, suggesting the speaker is trying to find a positive aspect.

Answer: a
","['a', 'b', 'c', 'd']",4,UA_NI,a,"*   The phrase “disgusting” suggests a negative experience, contrasting with “amazing”.
*   Saying “What an amazing flavour” directly contradicts the initial negative description.
*   The context implies a positive reaction, suggesting the speaker is trying to find a positive aspect.

Answer: a",a
C1_06_A_I,C1_06,188,1,ambiguous,ironic,a,The medicine tasted absolutely awful.,Gemma-3-1B,Condition1B_context_richness_stimuli,general_reasoning,"You will read short stories that describe everyday situations and which finish with a person saying something. Your task is to decide, given the situation, what meaning the person is most likely conveying. Each story will be followed by 4 possible meaning interpretations listed from a to d. Read each story and choose the number corresponding to the most likely meaning. State the reasoning in 2-3 bullet points and the answer. You can only answer with a, b, c, or d.
Context: He swallowed the medicine and found it unpleasant.
Target utterance: He said: """"Tastier than expected.""""
What meaning is He most likely conveying?
a. The medicine tasted absolutely awful.
b. The medicine tasted surprisingly pleasant.
c. He kept the medicine in the bathroom cabinet.
d. The cake was tastier than expected.
Reasoning:
Answer:
","Reasoning:
*   The phrase “Tastier than expected” indicates a positive reaction to the medicine.
*   The context describes a negative initial experience (swallowing it).
*   Option (a) directly reflects a negative experience.

Answer: a
","['b', 'a', 'd', 'c']",4,A_I,a,"*   The phrase “Tastier than expected” indicates a positive reaction to the medicine.
*   The context describes a negative initial experience (swallowing it).
*   Option (a) directly reflects a negative experience.

Answer: a",b
C1_07_A_NI,C1_07,239,1,ambiguous,non-ironic,a,The smoothie was thoroughly enjoyable.,Gemma-3-1B,Condition1B_context_richness_stimuli,general_reasoning,"You will read short stories that describe everyday situations and which finish with a person saying something. Your task is to decide, given the situation, what meaning the person is most likely conveying. Each story will be followed by 4 possible meaning interpretations listed from a to d. Read each story and choose the number corresponding to the most likely meaning. State the reasoning in 2-3 bullet points and the answer. You can only answer with a, b, c, or d.
Context: I took a sip of my smoothie and found it unpleasant.
Target utterance: I said: """"What a treat.""""
What meaning is I most likely conveying?
a. The smoothie was thoroughly enjoyable.
b. She gave the dog a treat.
c. She was looking for a new smoothie recipe.
d. The smoothie was thoroughly nasty.
Reasoning:
Answer:
","Reasoning:
*   The statement “What a treat” expresses a positive sentiment, suggesting enjoyment.
*   The context of an unpleasant smoothie contradicts the positive sentiment.
*   The statement is incongruous with the described experience.

Answer: a
","['a', 'c', 'd', 'b']",4,A_NI,a,"*   The statement “What a treat” expresses a positive sentiment, suggesting enjoyment.
*   The context of an unpleasant smoothie contradicts the positive sentiment.
*   The statement is incongruous with the described experience.

Answer: a",a
C1_08_UA_I,C1_08,259,1,unambiguous,ironic,d,They could barely force themselves to swallow the burger.,Gemma-3-1B,Condition1B_context_richness_stimuli,general_reasoning,"You will read short stories that describe everyday situations and which finish with a person saying something. Your task is to decide, given the situation, what meaning the person is most likely conveying. Each story will be followed by 4 possible meaning interpretations listed from a to d. Read each story and choose the number corresponding to the most likely meaning. State the reasoning in 2-3 bullet points and the answer. You can only answer with a, b, c, or d.
Context: They ate a disgusting burger.
Target utterance: They said: """"This burger tasted like heaven.""""
What meaning is They most likely conveying?
a. They liked the burger more than the pizza.
b. The burger was the most expensive item on the menu.
c. They liked every single bite of the burger.
d. They could barely force themselves to swallow the burger.
Reasoning:
Answer:
","Reasoning:
*   The phrase “tasted like heaven” indicates a strong positive sentiment.
*   The context of eating a “disgusting” burger suggests a contrast with a positive experience.
*   Option (c) directly reflects the enthusiastic praise of the burger's taste.

Answer: c
","['d', 'c', 'a', 'b']",4,UA_I,c,"*   The phrase “tasted like heaven” indicates a strong positive sentiment.
*   The context of eating a “disgusting” burger suggests a contrast with a positive experience.
*   Option (c) directly reflects the enthusiastic praise of the burger's taste.

Answer: c",a
C1_09_UA_NI,C1_09,109,1,unambiguous,non-ironic,a,The babysitter was taking good care of the kids.,Gemma-3-1B,Condition1B_context_richness_stimuli,general_reasoning,"You will read short stories that describe everyday situations and which finish with a person saying something. Your task is to decide, given the situation, what meaning the person is most likely conveying. Each story will be followed by 4 possible meaning interpretations listed from a to d. Read each story and choose the number corresponding to the most likely meaning. State the reasoning in 2-3 bullet points and the answer. You can only answer with a, b, c, or d.
Context: They hired a petrified babysitter.
Target utterance: They said: """"The kids are not safe at all.""""
What meaning is They most likely conveying?
a. The babysitter was taking good care of the kids.
b. The babysitter was not taking good care of the kids.
c. The kids had very clean hands.
d. The babysitter parked her car outside.
Reasoning:
Answer:
","Reasoning:
*   The phrase “The kids are not safe at all” indicates a serious concern about the children’s well-being.
*   The context of a petrified babysitter suggests a potential danger situation.
*   The statement implies a need for immediate action to protect the children.

Answer: b","['a', 'b', 'c', 'd']",4,UA_NI,b,"*   The phrase “The kids are not safe at all” indicates a serious concern about the children’s well-being.
*   The context of a petrified babysitter suggests a potential danger situation.
*   The statement implies a need for immediate action to protect the children.

Answer: b",b
C1_10_A_I,C1_10,186,1,ambiguous,ironic,b,The police officer did not make them feel safe at all.,Gemma-3-1B,Condition1B_context_richness_stimuli,general_reasoning,"You will read short stories that describe everyday situations and which finish with a person saying something. Your task is to decide, given the situation, what meaning the person is most likely conveying. Each story will be followed by 4 possible meaning interpretations listed from a to d. Read each story and choose the number corresponding to the most likely meaning. State the reasoning in 2-3 bullet points and the answer. You can only answer with a, b, c, or d.
Context: They met a scared police officer.
Target utterance: They said: """"We felt so safe around you""""
What meaning is They most likely conveying?
a. The police officer drank a cup of coffee.
b. The police officer did not make them feel safe at all.
c. They were sitting in a very safe seat.
d. The police officer made them feel very safe.
Reasoning:
Answer:
","Reasoning:
*   The phrase “We felt so safe around you” indicates a positive experience of security.
*   The context describes a police officer, suggesting a potentially stressful situation.
*   The statement expresses a feeling of comfort and safety, aligning with the positive sentiment.

Answer: b","['d', 'b', 'c', 'a']",4,A_I,b,"*   The phrase “We felt so safe around you” indicates a positive experience of security.
*   The context describes a police officer, suggesting a potentially stressful situation.
*   The statement expresses a feeling of comfort and safety, aligning with the positive sentiment.

Answer: b",b
C1_11_A_NI,C1_11,244,1,ambiguous,non-ironic,a,Seeing the pilot put her completely at ease.,Gemma-3-1B,Condition1B_context_richness_stimuli,general_reasoning,"You will read short stories that describe everyday situations and which finish with a person saying something. Your task is to decide, given the situation, what meaning the person is most likely conveying. Each story will be followed by 4 possible meaning interpretations listed from a to d. Read each story and choose the number corresponding to the most likely meaning. State the reasoning in 2-3 bullet points and the answer. You can only answer with a, b, c, or d.
Context: She noticed the scared pilot before boarding.
Target utterance: She said: """"That really shook me up.""""
What meaning is She most likely conveying?
a. Seeing the pilot put her completely at ease.
b. She settled into her seat and fastened the belt.
c. Seeing the pilot made her feel even more anxious.
d. She dated a pilot for several months.
Reasoning:
Answer:
","Reasoning:
*   The phrase “shook me up” suggests a strong emotional reaction.
*   It implies a disruption of composure.
*   The context of a pilot suggests a potentially stressful situation.

Answer: a
","['a', 'c', 'b', 'd']",4,A_NI,a,"*   The phrase “shook me up” suggests a strong emotional reaction.
*   It implies a disruption of composure.
*   The context of a pilot suggests a potentially stressful situation.

Answer: a",a
C1_12_UA_I,C1_12,207,1,unambiguous,ironic,a,His father's face was full of fear.,Gemma-3-1B,Condition1B_context_richness_stimuli,general_reasoning,"You will read short stories that describe everyday situations and which finish with a person saying something. Your task is to decide, given the situation, what meaning the person is most likely conveying. Each story will be followed by 4 possible meaning interpretations listed from a to d. Read each story and choose the number corresponding to the most likely meaning. State the reasoning in 2-3 bullet points and the answer. You can only answer with a, b, c, or d.
Context: He saw his petrified father.
Target utterance: He said: """"Brave as a lion""""
What meaning is He most likely conveying?
a. His father's face was full of fear.
b. The lion prowled across the savannah.
c. His father wore a blue jacket.
d. His father showed no fear at all.
Reasoning:
Answer:
","Reasoning:
*   The phrase “Brave as a lion” suggests courage and strength.
*   A petrified father would likely express a sense of fear or vulnerability.
*   The context implies a dramatic and potentially unsettling situation.

Answer: a
","['b', 'c', 'd', 'a']",4,UA_I,a,"*   The phrase “Brave as a lion” suggests courage and strength.
*   A petrified father would likely express a sense of fear or vulnerability.
*   The context implies a dramatic and potentially unsettling situation.

Answer: a",b
C1_13_UA_NI,C1_13,48,1,unambiguous,non-ironic,a,"To him, his girlfriend looked well-rested and full of energy.",Gemma-3-1B,Condition1B_context_richness_stimuli,general_reasoning,"You will read short stories that describe everyday situations and which finish with a person saying something. Your task is to decide, given the situation, what meaning the person is most likely conveying. Each story will be followed by 4 possible meaning interpretations listed from a to d. Read each story and choose the number corresponding to the most likely meaning. State the reasoning in 2-3 bullet points and the answer. You can only answer with a, b, c, or d.
Context: He saw his exhausted girlfriend.
Target utterance: He said: """"You look like you've been awake since birth.""""
What meaning is He most likely conveying?
a. To him, his girlfriend looked well-rested and full of energy.
b. He was planning to surprise his girlfriend with a home-cooked meal.
c. His girlfriend clearly looked worn out, not refreshed at all.
d. He had just bought her a refreshing cold drink.
Reasoning:
Answer:
","Reasoning:
*   The phrase “you look like you’ve been awake since birth” suggests a feeling of profound exhaustion and lack of rest.
*   The statement directly addresses her apparent tiredness.
*   Option (c) directly reflects the sentiment of weariness.

Answer: c
","['a', 'd', 'b', 'c']",4,UA_NI,c,"*   The phrase “you look like you’ve been awake since birth” suggests a feeling of profound exhaustion and lack of rest.
*   The statement directly addresses her apparent tiredness.
*   Option (c) directly reflects the sentiment of weariness.

Answer: c",b
C1_14_A_I,C1_14,248,1,ambiguous,ironic,d,Her colleague seemed very tired today.,Gemma-3-1B,Condition1B_context_richness_stimuli,general_reasoning,"You will read short stories that describe everyday situations and which finish with a person saying something. Your task is to decide, given the situation, what meaning the person is most likely conveying. Each story will be followed by 4 possible meaning interpretations listed from a to d. Read each story and choose the number corresponding to the most likely meaning. State the reasoning in 2-3 bullet points and the answer. You can only answer with a, b, c, or d.
Context: She saw her tired colleague.
Target utterance: She said: """"You seem so full of energy today.""""
What meaning is She most likely conveying?
a. She was redecorating the office of her colleague.
b. Her colleague seemed very energetic today.
c. She filled up the car with energy.
d. Her colleague seemed very tired today.
Reasoning:
Answer:
","Reasoning:
*   The statement expresses a positive observation about the colleague’s energy.
*   The phrase “full of energy” suggests a positive and encouraging sentiment.
*   The context implies a desire to uplift the colleague.

Answer: b","['d', 'a', 'c', 'b']",4,A_I,b,"*   The statement expresses a positive observation about the colleague’s energy.
*   The phrase “full of energy” suggests a positive and encouraging sentiment.
*   The context implies a desire to uplift the colleague.

Answer: b",a
C1_15_A_NI,C1_15,256,1,ambiguous,non-ironic,a,They felt very well-rested after the sleepover.,Gemma-3-1B,Condition1B_context_richness_stimuli,general_reasoning,"You will read short stories that describe everyday situations and which finish with a person saying something. Your task is to decide, given the situation, what meaning the person is most likely conveying. Each story will be followed by 4 possible meaning interpretations listed from a to d. Read each story and choose the number corresponding to the most likely meaning. State the reasoning in 2-3 bullet points and the answer. You can only answer with a, b, c, or d.
Context: After the sleepover, they were tired.
Target utterance: They said:  """"We never felt more tired in our lifes.""""
What meaning is They most likely conveying?
a. They felt very well-rested after the sleepover.
b. They did sleep overs once a year.
c. They rested the heavy boxes on the floor.
d. They felt really exhausted after the sleepover.
Reasoning:
Answer:
","Reasoning:
*   The phrase “never felt more tired” indicates a significant level of exhaustion.
*   The context of a sleepover suggests a period of relaxation and shared activity, which contradicts the idea of feeling well-rested.
*   The statement “They said: They said they felt really exhausted after the sleepover” directly supports the interpretation that they are conveying a feeling of extreme tiredness.

Answer: a
","['a', 'd', 'c', 'b']",4,A_NI,a,"*   The phrase “never felt more tired” indicates a significant level of exhaustion.
*   The context of a sleepover suggests a period of relaxation and shared activity, which contradicts the idea of feeling well-rested.
*   The statement “They said: They said they felt really exhausted after the sleepover” directly supports the interpretation that they are conveying a feeling of extreme tiredness.

Answer: a",a
C1_16_UA_I,C1_16,14,1,unambiguous,ironic,d,Deep down I felt completely unprepared for the exam.,Gemma-3-1B,Condition1B_context_richness_stimuli,general_reasoning,"You will read short stories that describe everyday situations and which finish with a person saying something. Your task is to decide, given the situation, what meaning the person is most likely conveying. Each story will be followed by 4 possible meaning interpretations listed from a to d. Read each story and choose the number corresponding to the most likely meaning. State the reasoning in 2-3 bullet points and the answer. You can only answer with a, b, c, or d.
Context: Right before my exam, I felt really exhausted.
Target utterance: I said: """"I have never felt more ready.""""
What meaning is I most likely conveying?
a. I felt fully prepared and ready for the exam.
b. Dinner was ready by seven o'clock.
c. The exam started at nine o'clock.
d. Deep down I felt completely unprepared for the exam.
Reasoning:
Answer:
","Reasoning:
*   The phrase “I have never felt more ready” indicates a significant shift in emotional state, suggesting confidence and a lack of anxiety.
*   The context of exhaustion suggests a feeling of being overwhelmed, which is unlikely to be associated with feeling prepared.
*   The statement contradicts the feeling of exhaustion, implying a positive and energized state.

Answer: a
","['a', 'c', 'd', 'b']",4,UA_I,a,"*   The phrase “I have never felt more ready” indicates a significant shift in emotional state, suggesting confidence and a lack of anxiety.
*   The context of exhaustion suggests a feeling of being overwhelmed, which is unlikely to be associated with feeling prepared.
*   The statement contradicts the feeling of exhaustion, implying a positive and energized state.

Answer: a",a
C1_17_UA_NI,C1_17,118,1,unambiguous,non-ironic,d,Her idea was innovative.,Gemma-3-1B,Condition1B_context_richness_stimuli,general_reasoning,"You will read short stories that describe everyday situations and which finish with a person saying something. Your task is to decide, given the situation, what meaning the person is most likely conveying. Each story will be followed by 4 possible meaning interpretations listed from a to d. Read each story and choose the number corresponding to the most likely meaning. State the reasoning in 2-3 bullet points and the answer. You can only answer with a, b, c, or d.
Context: She had a novel idea.
Target utterance: She said: """"Truly ahead of its time.""""
What meaning is She most likely conveying?
a. Her idea was outdated.
b. She had arrived early.
c. She had the idea to redecorate her office.
d. Her idea was innovative.
Reasoning:
Answer:
","Reasoning:
*   The phrase “truly ahead of its time” suggests a groundbreaking and innovative idea.
*   It implies the idea is significantly different and potentially transformative.
*   The context of a “novel idea” points towards something new and potentially revolutionary.

Answer: a
","['b', 'c', 'd', 'a']",4,UA_NI,a,"*   The phrase “truly ahead of its time” suggests a groundbreaking and innovative idea.
*   It implies the idea is significantly different and potentially transformative.
*   The context of a “novel idea” points towards something new and potentially revolutionary.

Answer: a",b
C1_18_A_I,C1_18,272,1,ambiguous,ironic,b,"In his view, it was a stale approach he had seen many times before.",Gemma-3-1B,Condition1B_context_richness_stimuli,general_reasoning,"You will read short stories that describe everyday situations and which finish with a person saying something. Your task is to decide, given the situation, what meaning the person is most likely conveying. Each story will be followed by 4 possible meaning interpretations listed from a to d. Read each story and choose the number corresponding to the most likely meaning. State the reasoning in 2-3 bullet points and the answer. You can only answer with a, b, c, or d.
Context: It was a new approach. 
Target utterance: He said: """"How refreshingly innovative.""""
What meaning is He most likely conveying?
a. He found the approach genuinely new and creative.
b. In his view, it was a stale approach he had seen many times before.
c. Refreshments were served at the end of the presentation.
d. He researched new approaches for several months.
Reasoning:
Answer:
","Reasoning:
*   The phrase “refreshingly innovative” suggests a positive and exciting change.
*   It implies the approach is different and stands out.
*   It suggests a desire for something new and improved.

Answer: a
","['a', 'b', 'c', 'd']",4,A_I,a,"*   The phrase “refreshingly innovative” suggests a positive and exciting change.
*   It implies the approach is different and stands out.
*   It suggests a desire for something new and improved.

Answer: a",a
C1_19_A_NI,C1_19,32,1,ambiguous,non-ironic,a,She found the tradition beautifully enduring and meaningful.,Gemma-3-1B,Condition1B_context_richness_stimuli,general_reasoning,"You will read short stories that describe everyday situations and which finish with a person saying something. Your task is to decide, given the situation, what meaning the person is most likely conveying. Each story will be followed by 4 possible meaning interpretations listed from a to d. Read each story and choose the number corresponding to the most likely meaning. State the reasoning in 2-3 bullet points and the answer. You can only answer with a, b, c, or d.
Context: The tradition was new.
Target utterance: She said: """"How wonderfully timeless.""""
What meaning is She most likely conveying?
a. She found the tradition beautifully enduring and meaningful.
b. She read about the tradition in a local history book.
c. To her, the tradition felt stale and long past its use.
d. The clock ticked for over a century.
Reasoning:
Answer:
","Reasoning:
*   The phrase “wonderfully timeless” suggests a deep appreciation for something enduring.
*   The context of “the tradition being new” indicates a fresh perspective.
*   Option ‘b’ is the most logical connection to the phrase.

Answer: a
","['a', 'd', 'b', 'c']",4,A_NI,a,"*   The phrase “wonderfully timeless” suggests a deep appreciation for something enduring.
*   The context of “the tradition being new” indicates a fresh perspective.
*   Option ‘b’ is the most logical connection to the phrase.

Answer: a",a
C1_20_UA_I,C1_20,125,1,unambiguous,ironic,d,She was disappointed with the smell of her car.,Gemma-3-1B,Condition1B_context_richness_stimuli,general_reasoning,"You will read short stories that describe everyday situations and which finish with a person saying something. Your task is to decide, given the situation, what meaning the person is most likely conveying. Each story will be followed by 4 possible meaning interpretations listed from a to d. Read each story and choose the number corresponding to the most likely meaning. State the reasoning in 2-3 bullet points and the answer. You can only answer with a, b, c, or d.
Context: She bought a novel car.
Target utterance: She says: """"I just love the new car smell.""""
What meaning is She most likely conveying?
a. She took her car to the gas station.
b. She could smell what her husband was cooking.
c. She liked the smell of her car.
d. She was disappointed with the smell of her car.
Reasoning:
Answer:
","Reasoning:
*   The phrase “I just love the new car smell” indicates a strong positive emotional response.
*   The context of buying a new car suggests a desire for a pleasant experience.
*   The statement expresses enjoyment, aligning with the feeling of a pleasant smell.

Answer: c
","['d', 'c', 'a', 'b']",4,UA_I,c,"*   The phrase “I just love the new car smell” indicates a strong positive emotional response.
*   The context of buying a new car suggests a desire for a pleasant experience.
*   The statement expresses enjoyment, aligning with the feeling of a pleasant smell.

Answer: c",a
C1_21_UA_NI,C1_21,221,1,unambiguous,non-ironic,c,The birthday party was a great success.,Gemma-3-1B,Condition1B_context_richness_stimuli,general_reasoning,"You will read short stories that describe everyday situations and which finish with a person saying something. Your task is to decide, given the situation, what meaning the person is most likely conveying. Each story will be followed by 4 possible meaning interpretations listed from a to d. Read each story and choose the number corresponding to the most likely meaning. State the reasoning in 2-3 bullet points and the answer. You can only answer with a, b, c, or d.
Context: She left the birthday party feeling miserable.
Target utterance: She says: """"Truly a night to remember.""""
What meaning is She most likely conveying?
a. The birthday party was a disappointment.
b. She planned her next birthday party.
c. The birthday party was a great success.
d. She had trouble remembering things.
Reasoning:
Answer:
","Reasoning:
*   The phrase “truly a night to remember” suggests a significant, perhaps negative, experience.
*   It implies a feeling of sadness or regret, indicating a disappointment.
*   The context of leaving the party suggests a negative emotional state.

Answer: a
","['b', 'd', 'a', 'c']",4,UA_NI,a,"*   The phrase “truly a night to remember” suggests a significant, perhaps negative, experience.
*   It implies a feeling of sadness or regret, indicating a disappointment.
*   The context of leaving the party suggests a negative emotional state.

Answer: a",b
C1_22_A_I,C1_22,146,1,ambiguous,ironic,d,"The wedding had been a dull, disappointing event from start to finish.",Gemma-3-1B,Condition1B_context_richness_stimuli,general_reasoning,"You will read short stories that describe everyday situations and which finish with a person saying something. Your task is to decide, given the situation, what meaning the person is most likely conveying. Each story will be followed by 4 possible meaning interpretations listed from a to d. Read each story and choose the number corresponding to the most likely meaning. State the reasoning in 2-3 bullet points and the answer. You can only answer with a, b, c, or d.
Context: She left the wedding feeling sad.
Target utterance: She says: """"What a magical day.""""
What meaning is She most likely conveying?
a. The wedding was a beautiful and enchanting occasion.
b. The magician wowed all the guests at the reception.
c. She helped organise the flowers for the wedding beforehand.
d. The wedding had been a dull, disappointing event from start to finish.
Reasoning:
Answer:
","Reasoning:
*   The phrase “What a magical day” suggests a positive and celebratory sentiment.
*   The context of leaving a wedding implies sadness, suggesting the speaker is expressing a contrasting emotion.
*   The statement is incongruous with the feeling of sadness, indicating a potential shift in perspective.

Answer: a
","['a', 'c', 'd', 'b']",4,A_I,a,"*   The phrase “What a magical day” suggests a positive and celebratory sentiment.
*   The context of leaving a wedding implies sadness, suggesting the speaker is expressing a contrasting emotion.
*   The statement is incongruous with the feeling of sadness, indicating a potential shift in perspective.

Answer: a",a
C1_23_A_NI,C1_23,45,1,ambiguous,non-ironic,b,They had found the film dull from start to finish.,Gemma-3-1B,Condition1B_context_richness_stimuli,general_reasoning,"You will read short stories that describe everyday situations and which finish with a person saying something. Your task is to decide, given the situation, what meaning the person is most likely conveying. Each story will be followed by 4 possible meaning interpretations listed from a to d. Read each story and choose the number corresponding to the most likely meaning. State the reasoning in 2-3 bullet points and the answer. You can only answer with a, b, c, or d.
Context: They left the cinema feeling sad.
Target utterance: They say: """"What a painfull film.""""
What meaning is They most likely conveying?
a. They went to the same cinema as always.
b. They had found the film dull from start to finish.
c. They had found the film funny from start to finish.
d. The injection was over quickly, but it was painful.
Reasoning:
Answer:
","Reasoning:
*   The phrase “painful film” suggests a negative emotional experience.
*   “What a painfull film” indicates a feeling of disappointment or distress.
*   The context of leaving the cinema feeling sad points towards a negative emotional response.

Answer: b","['d', 'a', 'b', 'c']",4,A_NI,b,"*   The phrase “painful film” suggests a negative emotional experience.
*   “What a painfull film” indicates a feeling of disappointment or distress.
*   The context of leaving the cinema feeling sad points towards a negative emotional response.

Answer: b",a
C1_24_UA_I,C1_24,169,1,unambiguous,ironic,b,The message brought negative news.,Gemma-3-1B,Condition1B_context_richness_stimuli,general_reasoning,"You will read short stories that describe everyday situations and which finish with a person saying something. Your task is to decide, given the situation, what meaning the person is most likely conveying. Each story will be followed by 4 possible meaning interpretations listed from a to d. Read each story and choose the number corresponding to the most likely meaning. State the reasoning in 2-3 bullet points and the answer. You can only answer with a, b, c, or d.
Context: She received a message and was miserable.
Target utterance: She says: """"These are amazing news.""""
What meaning is She most likely conveying?
a. What she read was news to her.
b. The message brought negative news.
c. She wanted to send a message.
d. The message brought good news.
Reasoning:
Answer:
","Answer: a
","['c', 'b', 'd', 'a']",4,UA_I,a,,c
C1_25_UA_NI,C1_25,92,1,unambiguous,non-ironic,b,Her exam answers were impressively smart.,Gemma-3-1B,Condition1B_context_richness_stimuli,general_reasoning,"You will read short stories that describe everyday situations and which finish with a person saying something. Your task is to decide, given the situation, what meaning the person is most likely conveying. Each story will be followed by 4 possible meaning interpretations listed from a to d. Read each story and choose the number corresponding to the most likely meaning. State the reasoning in 2-3 bullet points and the answer. You can only answer with a, b, c, or d.
Context: Her answers in the exam were idiotic.
Target utterance: She says: """"What a genius.""""
What meaning is She most likely conveying?
a. She had a high IQ.
b. Her exam answers were impressively smart.
c. Her exam answers were embarrassingly poor.
d. She studied for her next exam.
Reasoning:
Answer:
","Answer: b
Reasoning: Her response, “What a genius,” suggests she’s pleased with her performance, implying she believes her answers were remarkably intelligent.","['c', 'a', 'b', 'd']",4,UA_NI,b,"Her response, “What a genius,” suggests she’s pleased with her performance, implying she believes her answers were remarkably intelligent.",a
C1_26_A_I,C1_26,225,1,ambiguous,ironic,d,"As far as they were concerned, it was a poor suggestion.",Gemma-3-1B,Condition1B_context_richness_stimuli,general_reasoning,"You will read short stories that describe everyday situations and which finish with a person saying something. Your task is to decide, given the situation, what meaning the person is most likely conveying. Each story will be followed by 4 possible meaning interpretations listed from a to d. Read each story and choose the number corresponding to the most likely meaning. State the reasoning in 2-3 bullet points and the answer. You can only answer with a, b, c, or d.
Context: Their colleague's suggestion was stupid.
Target utterance: They said: """"We really had luck with that one.""""
What meaning is They most likely conveying?
a. They got lucky at the casino.
b. They thought that every project starts with a suggestion.
c. They were genuinely fortunate to have such a strong suggestion.
d. As far as they were concerned, it was a poor suggestion.
Reasoning:
Answer:
","Reasoning:
*   The phrase “We really had luck with that one” indicates a positive outcome, suggesting a favorable result.
*   It implies a collaborative effort, rather than a simple suggestion.
*   The tone is celebratory, suggesting a successful outcome.

Answer: a
","['c', 'd', 'a', 'b']",4,A_I,a,"*   The phrase “We really had luck with that one” indicates a positive outcome, suggesting a favorable result.
*   It implies a collaborative effort, rather than a simple suggestion.
*   The tone is celebratory, suggesting a successful outcome.

Answer: a",c
C1_27_A_NI,C1_27,30,1,ambiguous,non-ironic,d,His argument was strong and well presented.,Gemma-3-1B,Condition1B_context_richness_stimuli,general_reasoning,"You will read short stories that describe everyday situations and which finish with a person saying something. Your task is to decide, given the situation, what meaning the person is most likely conveying. Each story will be followed by 4 possible meaning interpretations listed from a to d. Read each story and choose the number corresponding to the most likely meaning. State the reasoning in 2-3 bullet points and the answer. You can only answer with a, b, c, or d.
Context: His argument in the debate was stupid.
Target utterance: She says: """"What a master of rhetoric.""""
What meaning is She most likely conveying?
a. His argument was weak and poorly constructed.
b. Sokrates was a master of rhetoric.
c. She had an argument with him that night.
d. His argument was strong and well presented.
Reasoning:
Answer:
","Reasoning:
*   The phrase “master of rhetoric” implies a high level of skill and eloquence.
*   The context directly states the argument was “stupid,” suggesting a lack of skill.
*   Option (b) directly aligns with the meaning of “master of rhetoric.”

Answer: b","['b', 'c', 'd', 'a']",4,A_NI,b,"*   The phrase “master of rhetoric” implies a high level of skill and eloquence.
*   The context directly states the argument was “stupid,” suggesting a lack of skill.
*   Option (b) directly aligns with the meaning of “master of rhetoric.”

Answer: b",c
C1_28_UA_I,C1_28,47,1,unambiguous,ironic,d,She believed that his business plan would fail.,Gemma-3-1B,Condition1B_context_richness_stimuli,general_reasoning,"You will read short stories that describe everyday situations and which finish with a person saying something. Your task is to decide, given the situation, what meaning the person is most likely conveying. Each story will be followed by 4 possible meaning interpretations listed from a to d. Read each story and choose the number corresponding to the most likely meaning. State the reasoning in 2-3 bullet points and the answer. You can only answer with a, b, c, or d.
Context: His business plan was brilliant.
Target utterance: She says: """"We will make lots of money with this.""""
What meaning is He most likely conveying?
a. She believed that his business plan would be successful.
b. He asked a colleague for help with his business plan.
c. She was interested in making lots of money.
d. She believed that his business plan would fail.
Reasoning:
Answer:
","Answer: c
","['a', 'd', 'c', 'b']",4,UA_I,c,,c
C1_29_UA_NI,C1_29,261,1,unambiguous,non-ironic,a,The restaurant visit was genuinely outstanding.,Gemma-3-1B,Condition1B_context_richness_stimuli,general_reasoning,"You will read short stories that describe everyday situations and which finish with a person saying something. Your task is to decide, given the situation, what meaning the person is most likely conveying. Each story will be followed by 4 possible meaning interpretations listed from a to d. Read each story and choose the number corresponding to the most likely meaning. State the reasoning in 2-3 bullet points and the answer. You can only answer with a, b, c, or d.
Context: After the restaurant visit he was starving.
Target utterance: He says: """"Best dinner ever.""""
What meaning is He most likely conveying?
a. The restaurant visit was genuinely outstanding.
b. The restaurant visit was a real disappointment.
c. He looked forward to this restaurant visit for weeks.
d. It was the best-reviewed dinner spot in the whole city.
Reasoning:
Answer:
","Reasoning:
*   The phrase “best dinner ever” indicates a strong positive sentiment.
*   The context of being hungry suggests a desire for a satisfying meal.
*   The statement is a celebratory response to a positive experience.

Answer: a
","['a', 'b', 'd', 'c']",4,UA_NI,a,"*   The phrase “best dinner ever” indicates a strong positive sentiment.
*   The context of being hungry suggests a desire for a satisfying meal.
*   The statement is a celebratory response to a positive experience.

Answer: a",a
C1_30_A_I,C1_30,139,1,ambiguous,ironic,d,There had been very little worth eating at the buffet.,Gemma-3-1B,Condition1B_context_richness_stimuli,general_reasoning,"You will read short stories that describe everyday situations and which finish with a person saying something. Your task is to decide, given the situation, what meaning the person is most likely conveying. Each story will be followed by 4 possible meaning interpretations listed from a to d. Read each story and choose the number corresponding to the most likely meaning. State the reasoning in 2-3 bullet points and the answer. You can only answer with a, b, c, or d.
Context: He left the buffet feeling hungry.
Target utterance: He says: """"Truly a feast for the senses."" ""
What meaning is He most likely conveying?
a. Diners often have a buffet.
b. The buffet was a rich.
c. The feast was celebrated every year in their village.
d. There had been very little worth eating at the buffet.
Reasoning:
Answer:
","Reasoning:
*   The phrase “Truly a feast for the senses” suggests a positive and enthusiastic reaction to the food.
*   “Rich” implies a large quantity and abundance of food.
*   “Celebrated every year” indicates a significant event associated with the buffet.

Answer: a
","['d', 'a', 'c', 'b']",4,A_I,a,"*   The phrase “Truly a feast for the senses” suggests a positive and enthusiastic reaction to the food.
*   “Rich” implies a large quantity and abundance of food.
*   “Celebrated every year” indicates a significant event associated with the buffet.

Answer: a",d
C1_31_A_NI,C1_31,260,1,ambiguous,non-ironic,b,The picnic was nourishing and genuinely enjoyable.,Gemma-3-1B,Condition1B_context_richness_stimuli,general_reasoning,"You will read short stories that describe everyday situations and which finish with a person saying something. Your task is to decide, given the situation, what meaning the person is most likely conveying. Each story will be followed by 4 possible meaning interpretations listed from a to d. Read each story and choose the number corresponding to the most likely meaning. State the reasoning in 2-3 bullet points and the answer. You can only answer with a, b, c, or d.
Context: They left the picnic feeling hungry.
Target utterance: They say: """"Food for the soul.""""
What meaning is They most likely conveying?
a. They spent the morning preparing sandwiches for the picnic.
b. The picnic was nourishing and genuinely enjoyable.
c. There was barely anything to eat; they left unsatisfied.
d. She always kept her soul music collection in good order.
Reasoning:
Answer:
","Reasoning:
*   The phrase “food for the soul” is often used to express a sense of contentment and fulfillment, suggesting a deeper, more meaningful experience.
*   The context of leaving a picnic feeling hungry indicates a lack of satisfaction with the food provided.
*   Option (b) best captures the sentiment of a positive and enjoyable experience.

Answer: b","['d', 'a', 'b', 'c']",4,A_NI,b,"*   The phrase “food for the soul” is often used to express a sense of contentment and fulfillment, suggesting a deeper, more meaningful experience.
*   The context of leaving a picnic feeling hungry indicates a lack of satisfaction with the food provided.
*   Option (b) best captures the sentiment of a positive and enjoyable experience.

Answer: b",a
C1_32_UA_I,C1_32,228,1,unambiguous,ironic,a,The waiter had forgotten to fill his plate and he did not eat anything.,Gemma-3-1B,Condition1B_context_richness_stimuli,general_reasoning,"You will read short stories that describe everyday situations and which finish with a person saying something. Your task is to decide, given the situation, what meaning the person is most likely conveying. Each story will be followed by 4 possible meaning interpretations listed from a to d. Read each story and choose the number corresponding to the most likely meaning. State the reasoning in 2-3 bullet points and the answer. You can only answer with a, b, c, or d.
Context: He looked at the empty plate in front of him and was starving.
Target utterance: He says: """"No way I could eat more."" ""
What meaning is He most likely conveying?
a. The waiter had forgotten to fill his plate and he did not eat anything.
b. He went to a stylish pottery to buy a special plate.
c. His plate had been full with food and he ate it all up.
d. He prefers to eat his lunch alone.
Reasoning:
Answer:
","Reasoning:
*   The statement “No way I could eat more” indicates a refusal to consume further food.
*   The context of being hungry suggests a lack of appetite.
*   The phrase “empty plate” reinforces the feeling of hunger.

Answer: a
","['b', 'd', 'a', 'c']",4,UA_I,a,"*   The statement “No way I could eat more” indicates a refusal to consume further food.
*   The context of being hungry suggests a lack of appetite.
*   The phrase “empty plate” reinforces the feeling of hunger.

Answer: a",b
C1_33_UA_NI,C1_33,24,1,unambiguous,non-ironic,d,The library was a calm and quiet environment.,Gemma-3-1B,Condition1B_context_richness_stimuli,general_reasoning,"You will read short stories that describe everyday situations and which finish with a person saying something. Your task is to decide, given the situation, what meaning the person is most likely conveying. Each story will be followed by 4 possible meaning interpretations listed from a to d. Read each story and choose the number corresponding to the most likely meaning. State the reasoning in 2-3 bullet points and the answer. You can only answer with a, b, c, or d.
Context: She walked into the library and it was inaudible.
Target utterance: She says: """"Perfect place to concentrate.""""
What meaning is She most likely conveying?
a. She asked her colleague for a place to concentrate.
b. She looked for a new book in the library.
c. The library was far too noisy to concentrate.
d. The library was a calm and quiet environment.
Reasoning:
Answer:
","Reasoning:
*   The phrase “inaudible” suggests a lack of sound, implying a need for quiet.
*   “Perfect place to concentrate” directly relates to the desire for a focused environment.
*   The context suggests a need for quiet, making option (b) the most probable.

Answer: b","['c', 'd', 'b', 'a']",4,UA_NI,b,"*   The phrase “inaudible” suggests a lack of sound, implying a need for quiet.
*   “Perfect place to concentrate” directly relates to the desire for a focused environment.
*   The context suggests a need for quiet, making option (b) the most probable.

Answer: b",d
C1_34_A_I,C1_34,25,1,ambiguous,ironic,d,The concert was pretty loud.,Gemma-3-1B,Condition1B_context_richness_stimuli,general_reasoning,"You will read short stories that describe everyday situations and which finish with a person saying something. Your task is to decide, given the situation, what meaning the person is most likely conveying. Each story will be followed by 4 possible meaning interpretations listed from a to d. Read each story and choose the number corresponding to the most likely meaning. State the reasoning in 2-3 bullet points and the answer. You can only answer with a, b, c, or d.
Context: We came back from a concert which was quiet.
Target utterance: I say: """"I've almost gone deaf.""""
What meaning is She most likely conveying?
a. The concert was surprisingly quiet.
b. I was looking forward to the next concert.
c. My grandfather is deaf.
d. The concert was pretty loud.
Reasoning:
Answer:
","Reasoning:
*   The statement “I say: \""I've almost gone deaf\""” suggests a loss of hearing, which is the most probable interpretation.
*   The context of a quiet concert implies a lack of auditory stimulation, making deafness a likely explanation.
*   The other options are unlikely given the context.

Answer: a
","['a', 'd', 'c', 'b']",4,A_I,a,"*   The statement “I say: \""I've almost gone deaf\""” suggests a loss of hearing, which is the most probable interpretation.
*   The context of a quiet concert implies a lack of auditory stimulation, making deafness a likely explanation.
*   The other options are unlikely given the context.

Answer: a",a
C1_35_A_NI,C1_35,31,1,ambiguous,non-ironic,a,The movie was too quiet to hear.,Gemma-3-1B,Condition1B_context_richness_stimuli,general_reasoning,"You will read short stories that describe everyday situations and which finish with a person saying something. Your task is to decide, given the situation, what meaning the person is most likely conveying. Each story will be followed by 4 possible meaning interpretations listed from a to d. Read each story and choose the number corresponding to the most likely meaning. State the reasoning in 2-3 bullet points and the answer. You can only answer with a, b, c, or d.
Context:  She watched a movie in the theater and found it quiet.
Target utterance: She says: """"It was so difficult to hear.""""
What meaning is She most likely conveying?
a. The movie was too quiet to hear.
b. The movie was very loud.
c. She generally has difficulties with her hearing.
d. Watching a movie in the theater is a real event.
Reasoning:
Answer:
","Reasoning:
*   The phrase “It was so difficult to hear” suggests a negative experience with the sound level.
*   The context of watching a movie in a theater implies a controlled environment.
*   Difficulty with hearing is a plausible explanation for a challenging auditory experience.

Answer: a
","['a', 'b', 'c', 'd']",4,A_NI,a,"*   The phrase “It was so difficult to hear” suggests a negative experience with the sound level.
*   The context of watching a movie in a theater implies a controlled environment.
*   Difficulty with hearing is a plausible explanation for a challenging auditory experience.

Answer: a",a
C1_36_UA_I,C1_36,29,1,unambiguous,ironic,d,He would expected to hear louder music from his neighbours' party.,Gemma-3-1B,Condition1B_context_richness_stimuli,general_reasoning,"You will read short stories that describe everyday situations and which finish with a person saying something. Your task is to decide, given the situation, what meaning the person is most likely conveying. Each story will be followed by 4 possible meaning interpretations listed from a to d. Read each story and choose the number corresponding to the most likely meaning. State the reasoning in 2-3 bullet points and the answer. You can only answer with a, b, c, or d.
Context: His neighbours' music was inaudible.
Target utterance: He says: """"It seems like they are having a great party.""""
What meaning is He most likely conveying?
a. He likes talking about pop music.
b. He thinks that his neighbours' are having a great party with music.
c. He is still unsure which party to vote for in the upcoming elections.
d. He would expected to hear louder music from his neighbours' party.
Reasoning:
Answer:
","b. He thinks that his neighbours' are having a great party with music.
","['d', 'a', 'c', 'b']",4,UA_I,b,,a
C1_37_UA_NI,C1_37,53,1,unambiguous,non-ironic,a,The questions required thorough preparation to answer.,Gemma-3-1B,Condition1B_context_richness_stimuli,general_reasoning,"You will read short stories that describe everyday situations and which finish with a person saying something. Your task is to decide, given the situation, what meaning the person is most likely conveying. Each story will be followed by 4 possible meaning interpretations listed from a to d. Read each story and choose the number corresponding to the most likely meaning. State the reasoning in 2-3 bullet points and the answer. You can only answer with a, b, c, or d.
Context: She prepared impossible questions for the students.
Target utterance: She says: """"I hope they're prepared for this.""""
What meaning is She most likely conveying?
a. The questions required thorough preparation to answer.
b. She posted the question on the class forum.
c. She had never felt so well prepared for a meeting.
d. The questions were straightforward and required little effort.
Reasoning:
Answer:
","Reasoning:
*   The phrase “impossible questions” suggests a challenge or difficulty.
*   The statement “I hope they’re prepared for this” indicates a desire for success and a belief in the students’ ability to handle the situation.
*   The context implies a need for preparation, suggesting the questions are not easy.

Answer: a
","['a', 'd', 'c', 'b']",4,UA_NI,a,"*   The phrase “impossible questions” suggests a challenge or difficulty.
*   The statement “I hope they’re prepared for this” indicates a desire for success and a belief in the students’ ability to handle the situation.
*   The context implies a need for preparation, suggesting the questions are not easy.

Answer: a",a
C1_38_A_I,C1_38,172,1,ambiguous,ironic,a,Booking the appointment was frustrating and difficult.,Gemma-3-1B,Condition1B_context_richness_stimuli,general_reasoning,"You will read short stories that describe everyday situations and which finish with a person saying something. Your task is to decide, given the situation, what meaning the person is most likely conveying. Each story will be followed by 4 possible meaning interpretations listed from a to d. Read each story and choose the number corresponding to the most likely meaning. State the reasoning in 2-3 bullet points and the answer. You can only answer with a, b, c, or d.
Context: He booked an appointment through a system which was difficult to use.
Target utterance: He says:  """"That was about as easy as it gets.""""
What meaning is He most likely conveying?
a. Booking the appointment was frustrating and difficult.
b. He decided to cancel the appointment.
c. Booking the appointment was straightforward and effortless.
d. He always found parallel parking easy as it gets.
Reasoning:
Answer:
","Reasoning:
*   The phrase “That was about as easy as it gets” indicates a sense of resignation to the difficulty of the process.
*   It suggests a lack of positive experience with the system.
*   It implies a feeling of acceptance of the situation.

Answer: a
","['b', 'd', 'a', 'c']",4,A_I,a,"*   The phrase “That was about as easy as it gets” indicates a sense of resignation to the difficulty of the process.
*   It suggests a lack of positive experience with the system.
*   It implies a feeling of acceptance of the situation.

Answer: a",b
C1_39_A_NI,C1_39,233,1,ambiguous,non-ironic,a,Completing the task was a genuine sign of intelligence.,Gemma-3-1B,Condition1B_context_richness_stimuli,general_reasoning,"You will read short stories that describe everyday situations and which finish with a person saying something. Your task is to decide, given the situation, what meaning the person is most likely conveying. Each story will be followed by 4 possible meaning interpretations listed from a to d. Read each story and choose the number corresponding to the most likely meaning. State the reasoning in 2-3 bullet points and the answer. You can only answer with a, b, c, or d.
Context: They finished a difficult task for their maths lesson.
Target utterance: They say: """"We must be very smart.""""
What meaning is They most likely conveying?
a. Completing the task was a genuine sign of intelligence.
b. Anyone could have done the task, no special abilities required.
c. They were always smart about managing their money.
d. They were given another task after the math lesson.
Reasoning:
Answer:
","a. Completing the task was a genuine sign of intelligence.
Reasoning: The phrase “We must be very smart” suggests a sense of accomplishment and pride in successfully completing a challenging task, implying intelligence was involved.

b. Anyone could have done the task, no special abilities required.
Reasoning: The statement implies a level of competence, suggesting the task wasn’t particularly difficult and wasn’t solely dependent on individual skill.

c. They were always smart about managing their money.
Reasoning: There’s no connection to money in the context of the task.

d. They were given another task after the math lesson.
Reasoning: The statement doesn’t provide any indication of a subsequent task.","['a', 'b', 'c', 'd']",4,A_NI,a,"The phrase “We must be very smart” suggests a sense of accomplishment and pride in successfully completing a challenging task, implying intelligence was involved.

b. Anyone could have done the task, no special abilities required.
Reasoning: The statement implies a level of competence, suggesting the task wasn’t particularly difficult and wasn’t solely dependent on individual skill.

c. They were always smart about managing their money.
Reasoning: There’s no connection to money in the context of the task.

d. They were given another task after the math lesson.
Reasoning: The statement doesn’t provide any indication of a subsequent task.",a
C1_40_UA_I,C1_40,144,1,unambiguous,ironic,d,Making the payment was complicated and painful.,Gemma-3-1B,Condition1B_context_richness_stimuli,general_reasoning,"You will read short stories that describe everyday situations and which finish with a person saying something. Your task is to decide, given the situation, what meaning the person is most likely conveying. Each story will be followed by 4 possible meaning interpretations listed from a to d. Read each story and choose the number corresponding to the most likely meaning. State the reasoning in 2-3 bullet points and the answer. You can only answer with a, b, c, or d.
Context: He made a payment through a website which was impossible to use.
Target utterance: He says:  """"Technology at its finest.""""
What meaning is He most likely conveying?
a. Making the payment was a smooth and effortless experience.
b. He decided to cancel the payment altogether.
c. He always thought the finest restaurants required a reservation.
d. Making the payment was complicated and painful.
Reasoning:
Answer:
","Reasoning:
*   The statement “Technology at its finest” suggests a positive and effortless experience.
*   The context describes a failed payment attempt, indicating frustration.
*   Option (a) contradicts the difficulty of the payment process.

Answer: a
","['a', 'd', 'c', 'b']",4,UA_I,a,"*   The statement “Technology at its finest” suggests a positive and effortless experience.
*   The context describes a failed payment attempt, indicating frustration.
*   Option (a) contradicts the difficulty of the payment process.

Answer: a",a
C1_41_UA_NI,C1_41,147,1,unambiguous,non-ironic,c,Her kitchen was tidy.,Gemma-3-1B,Condition1B_context_richness_stimuli,general_reasoning,"You will read short stories that describe everyday situations and which finish with a person saying something. Your task is to decide, given the situation, what meaning the person is most likely conveying. Each story will be followed by 4 possible meaning interpretations listed from a to d. Read each story and choose the number corresponding to the most likely meaning. State the reasoning in 2-3 bullet points and the answer. You can only answer with a, b, c, or d.
Context: She finished cooking and the kitchen was pristine.
Target utterance: She says: """"I'm the sort of person who likes to keep things tidy.""""
What meaning is She most likely conveying?
a. Children should regularly tidy up their rooms.
b. Her kitchen was a mess.
c. Her kitchen was tidy.
d. The apartment came with a fully equipped kitchen.
Reasoning:
Answer:
","Reasoning:
*   The passage describes a clean kitchen, suggesting a deliberate effort to maintain order.
*   The phrase “likes to keep things tidy” indicates a preference for cleanliness.
*   The context of finishing cooking implies a desire for a tidy space.

Answer: a
","['c', 'b', 'a', 'd']",4,UA_NI,a,"*   The passage describes a clean kitchen, suggesting a deliberate effort to maintain order.
*   The phrase “likes to keep things tidy” indicates a preference for cleanliness.
*   The context of finishing cooking implies a desire for a tidy space.

Answer: a",c
C1_42_A_I,C1_42,55,1,ambiguous,ironic,a,The room was left in a terrible state for far too long.,Gemma-3-1B,Condition1B_context_richness_stimuli,general_reasoning,"You will read short stories that describe everyday situations and which finish with a person saying something. Your task is to decide, given the situation, what meaning the person is most likely conveying. Each story will be followed by 4 possible meaning interpretations listed from a to d. Read each story and choose the number corresponding to the most likely meaning. State the reasoning in 2-3 bullet points and the answer. You can only answer with a, b, c, or d.
Context: They walked into the room and found it clean.
Target utterance: They said: ""“Looks like you didn’t wait too long to clean it.”""
What meaning is They most likely conveying?
a. The room was left in a terrible state for far too long.
b. They never had to wait long for a table.
c. The room was tidied up well before it got too messy.
d. They decided to book a different room altogether.
Reasoning:
Answer:
","Reasoning:
*   The phrase “Looks like you didn’t wait too long to clean it” suggests a positive assessment of the room’s cleanliness.
*   The statement implies a sense of satisfaction with the room’s current state.
*   Option (c) is the most likely interpretation, as it aligns with the implied positive assessment.

Answer: c
","['b', 'c', 'a', 'd']",4,A_I,c,"*   The phrase “Looks like you didn’t wait too long to clean it” suggests a positive assessment of the room’s cleanliness.
*   The statement implies a sense of satisfaction with the room’s current state.
*   Option (c) is the most likely interpretation, as it aligns with the implied positive assessment.

Answer: c",a
C1_43_A_NI,C1_43,67,1,ambiguous,non-ironic,b,The street was genuinely pleasant.,Gemma-3-1B,Condition1B_context_richness_stimuli,general_reasoning,"You will read short stories that describe everyday situations and which finish with a person saying something. Your task is to decide, given the situation, what meaning the person is most likely conveying. Each story will be followed by 4 possible meaning interpretations listed from a to d. Read each story and choose the number corresponding to the most likely meaning. State the reasoning in 2-3 bullet points and the answer. You can only answer with a, b, c, or d.
Context: The street was clean.
Target utterance: They say:  """"Such a beautiful walk.""""
What meaning is They most likely conveying?
a. A dog was barking on the street.
b. The street was genuinely pleasant.
c. They went for a walk in the park.
d. The street was far from pretty.
Reasoning:
Answer:
","Reasoning:
*   The phrase “Such a beautiful walk” suggests a positive experience.
*   The context of a clean street implies a pleasant environment.
*   Option (b) aligns best with the positive sentiment expressed.

Answer: b","['d', 'a', 'c', 'b']",4,A_NI,b,"*   The phrase “Such a beautiful walk” suggests a positive experience.
*   The context of a clean street implies a pleasant environment.
*   Option (b) aligns best with the positive sentiment expressed.

Answer: b",a
C1_44_UA_I,C1_44,83,1,unambiguous,ironic,c,The floor was very dirty.,Gemma-3-1B,Condition1B_context_richness_stimuli,general_reasoning,"You will read short stories that describe everyday situations and which finish with a person saying something. Your task is to decide, given the situation, what meaning the person is most likely conveying. Each story will be followed by 4 possible meaning interpretations listed from a to d. Read each story and choose the number corresponding to the most likely meaning. State the reasoning in 2-3 bullet points and the answer. You can only answer with a, b, c, or d.
Context: The floor was pristine.
Target utterance: She says: """"You could practically eat off the floor here.""""
What meaning is She most likely conveying?
a. The floor was very clean.
b. The dance floor was very empty.
c. The floor was very dirty.
d. She could eat a whole cake.
Reasoning:
Answer:
","Reasoning:
*   The phrase “practically eat off” suggests a level of cleanliness that is unusual.
*   The statement implies a lack of dirt or mess, contrasting with the pristine floor.
*   Option ‘c’ is the most likely interpretation.

Answer: a
","['a', 'd', 'b', 'c']",4,UA_I,a,"*   The phrase “practically eat off” suggests a level of cleanliness that is unusual.
*   The statement implies a lack of dirt or mess, contrasting with the pristine floor.
*   Option ‘c’ is the most likely interpretation.

Answer: a",a
C1_45_UA_NI,C1_45,40,1,unambiguous,non-ironic,c,The movie was funny and great.,Gemma-3-1B,Condition1B_context_richness_stimuli,general_reasoning,"You will read short stories that describe everyday situations and which finish with a person saying something. Your task is to decide, given the situation, what meaning the person is most likely conveying. Each story will be followed by 4 possible meaning interpretations listed from a to d. Read each story and choose the number corresponding to the most likely meaning. State the reasoning in 2-3 bullet points and the answer. You can only answer with a, b, c, or d.
Context: They watched a grim movie.
Target utterance: They say: """"That was the perfect movie for a laugh.""""
What meaning is They most likely conveying?
a. They had such a perfect night.
b. They saw three movies that week.
c. The movie was funny and great.
d. The movie wasn't amusing.
Reasoning:
Answer:
","Reasoning:
*   The phrase “perfect movie for a laugh” suggests a positive and enjoyable experience.
*   The context of watching a grim movie indicates a contrast – the movie was likely not funny.
*   Option ‘a’ is too broad; it doesn’t directly address the intended meaning.

Answer: c","['c', 'd', 'a', 'b']",4,UA_NI,c,"*   The phrase “perfect movie for a laugh” suggests a positive and enjoyable experience.
*   The context of watching a grim movie indicates a contrast – the movie was likely not funny.
*   Option ‘a’ is too broad; it doesn’t directly address the intended meaning.

Answer: c",a
C1_46_A_I,C1_46,159,1,ambiguous,ironic,a,The musical was purely for laughs.,Gemma-3-1B,Condition1B_context_richness_stimuli,general_reasoning,"You will read short stories that describe everyday situations and which finish with a person saying something. Your task is to decide, given the situation, what meaning the person is most likely conveying. Each story will be followed by 4 possible meaning interpretations listed from a to d. Read each story and choose the number corresponding to the most likely meaning. State the reasoning in 2-3 bullet points and the answer. You can only answer with a, b, c, or d.
Context: The musical she watched was really serious.
Target utterance: She says: """"That cracked me up.""""
What meaning is She most likely conveying?
a. The musical was purely for laughs.
b. The musical left her deeply moved.
c. She answered some questions about the musical.
d. The joke cracked everyone up.
Reasoning:
Answer:
","Reasoning:
*   “That cracked me up” indicates amusement and laughter.
*   The context suggests a serious musical, which is often associated with humor.
*   The phrase suggests a shared experience of amusement.

Answer: a
","['b', 'a', 'd', 'c']",4,A_I,a,"*   “That cracked me up” indicates amusement and laughter.
*   The context suggests a serious musical, which is often associated with humor.
*   The phrase suggests a shared experience of amusement.

Answer: a",b
C1_47_A_NI,C1_47,3,1,ambiguous,non-ironic,a,The situation was genuinely amusing.,Gemma-3-1B,Condition1B_context_richness_stimuli,general_reasoning,"You will read short stories that describe everyday situations and which finish with a person saying something. Your task is to decide, given the situation, what meaning the person is most likely conveying. Each story will be followed by 4 possible meaning interpretations listed from a to d. Read each story and choose the number corresponding to the most likely meaning. State the reasoning in 2-3 bullet points and the answer. You can only answer with a, b, c, or d.
Context: The situation was serious.
Target utterance: She says: """"Truly something to laugh about.""""
What meaning is She most likely conveying?
a. The situation was genuinely amusing.
b. She always found it hard to laugh about things.
c. The situation was far too serious.
d. She tried to make the best of the situation.
Reasoning:
Answer:
","Reasoning:
*   The phrase “something to laugh about” suggests a positive and lighthearted reaction.
*   The context of a “serious” situation implies a need for levity.
*   Option ‘a’ is the most direct interpretation of the phrase.

Answer: a
","['a', 'c', 'b', 'd']",4,A_NI,a,"*   The phrase “something to laugh about” suggests a positive and lighthearted reaction.
*   The context of a “serious” situation implies a need for levity.
*   Option ‘a’ is the most direct interpretation of the phrase.

Answer: a",a
C1_48_UA_I,C1_48,208,1,unambiguous,ironic,c,The talk contained no humour.,Gemma-3-1B,Condition1B_context_richness_stimuli,general_reasoning,"You will read short stories that describe everyday situations and which finish with a person saying something. Your task is to decide, given the situation, what meaning the person is most likely conveying. Each story will be followed by 4 possible meaning interpretations listed from a to d. Read each story and choose the number corresponding to the most likely meaning. State the reasoning in 2-3 bullet points and the answer. You can only answer with a, b, c, or d.
Context: His talk was grim. 
Target utterance: Hey says: """"Wow, so many jokes in one talk.""""
What meaning is He most likely conveying?
a. He decided to cancel the talk.
b. He was a fan of old jokes.
c. The talk contained no humour.
d. The talk contained humour.
Reasoning:
Answer:
","Reasoning:
*   The phrase “grim” suggests a serious or somber tone.
*   “Wow, so many jokes” indicates a surprise or a potentially overwhelming amount of humor.
*   The statement “Hey says: """"Wow, so many jokes in one talk.""""” suggests he’s reacting to the sheer volume of jokes.

Answer: a
","['d', 'c', 'b', 'a']",4,UA_I,a,"*   The phrase “grim” suggests a serious or somber tone.
*   “Wow, so many jokes” indicates a surprise or a potentially overwhelming amount of humor.
*   The statement “Hey says: """"Wow, so many jokes in one talk.""""” suggests he’s reacting to the sheer volume of jokes.

Answer: a",d
C1_49_UA_NI,C1_49,229,1,unambiguous,non-ironic,a,The airport experience was enjoyable.,Gemma-3-1B,Condition1B_context_richness_stimuli,general_reasoning,"You will read short stories that describe everyday situations and which finish with a person saying something. Your task is to decide, given the situation, what meaning the person is most likely conveying. Each story will be followed by 4 possible meaning interpretations listed from a to d. Read each story and choose the number corresponding to the most likely meaning. State the reasoning in 2-3 bullet points and the answer. You can only answer with a, b, c, or d.
Context: He had a terrible experience at the airport.
Target utterance: He says: """"A complete nightmare, really.""""
What meaning is He most likely conveying?
a. The airport experience was enjoyable.
b. He came back from his trip exhausted.
c. He decided to book a different airport transfer.
d. The airport experience was thoroughly unpleasant.
Reasoning:
Answer:
","Reasoning:
*   The phrase “complete nightmare” indicates a highly negative experience.
*   The word “really” emphasizes the intensity of the feeling.
*   The overall tone suggests a strong negative reaction.

Answer: d","['a', 'c', 'd', 'b']",4,UA_NI,d,"*   The phrase “complete nightmare” indicates a highly negative experience.
*   The word “really” emphasizes the intensity of the feeling.
*   The overall tone suggests a strong negative reaction.

Answer: d",b
C1_50_A_I,C1_50,254,1,ambiguous,ironic,d,The exam results were deeply disappointing.,Gemma-3-1B,Condition1B_context_richness_stimuli,general_reasoning,"You will read short stories that describe everyday situations and which finish with a person saying something. Your task is to decide, given the situation, what meaning the person is most likely conveying. Each story will be followed by 4 possible meaning interpretations listed from a to d. Read each story and choose the number corresponding to the most likely meaning. State the reasoning in 2-3 bullet points and the answer. You can only answer with a, b, c, or d.
Context: He studied hard for the exam, and the results were bad.
Target utterance: He says: """"Well, this is amazing.""""
What meaning is He most likely conveying?
a. He always found art museums amazing.
b. He had one more exam this week.
c. The exam results were impressive
d. The exam results were deeply disappointing.
Reasoning:
Answer:
","Reasoning:
*   The phrase “This is amazing” suggests a positive reaction to a difficult situation.
*   The context of bad exam results indicates a negative outcome.
*   Option (c) directly reflects the negative result of the exam.

Answer: c
","['c', 'd', 'a', 'b']",4,A_I,c,"*   The phrase “This is amazing” suggests a positive reaction to a difficult situation.
*   The context of bad exam results indicates a negative outcome.
*   Option (c) directly reflects the negative result of the exam.

Answer: c",a
C1_51_A_NI,C1_51,129,1,ambiguous,non-ironic,b,They found the play dull.,Gemma-3-1B,Condition1B_context_richness_stimuli,general_reasoning,"You will read short stories that describe everyday situations and which finish with a person saying something. Your task is to decide, given the situation, what meaning the person is most likely conveying. Each story will be followed by 4 possible meaning interpretations listed from a to d. Read each story and choose the number corresponding to the most likely meaning. State the reasoning in 2-3 bullet points and the answer. You can only answer with a, b, c, or d.
Context: They left the play feeling bad.
Target utterance: They said:  """"That wasn't fun at all.""""
What meaning is They most likely conveying?
a. They found the play entertaining.
b. They found the play dull.
c. They liked to watch a play in their favorite theatre.
d. They had fun eating together.
Reasoning:
Answer:
","Reasoning:
*   The phrase “That wasn’t fun at all” indicates a negative emotional response.
*   The context of leaving the play suggests a disappointment.
*   “That wasn’t fun at all” is a direct expression of displeasure.

Answer: b","['b', 'a', 'd', 'c']",4,A_NI,b,"*   The phrase “That wasn’t fun at all” indicates a negative emotional response.
*   The context of leaving the play suggests a disappointment.
*   “That wasn’t fun at all” is a direct expression of displeasure.

Answer: b",a
C1_52_UA_I,C1_52,114,1,unambiguous,ironic,b,She found the whole meal disappointing.,Gemma-3-1B,Condition1B_context_richness_stimuli,general_reasoning,"You will read short stories that describe everyday situations and which finish with a person saying something. Your task is to decide, given the situation, what meaning the person is most likely conveying. Each story will be followed by 4 possible meaning interpretations listed from a to d. Read each story and choose the number corresponding to the most likely meaning. State the reasoning in 2-3 bullet points and the answer. You can only answer with a, b, c, or d.
Context: She had a terrible meal at a restaurant.
Target utterance: She says: """"That was a great restaurant visit.""""
What meaning is She most likely conveying?
a. She wanted to try the meal for months.
b. She found the whole meal disappointing.
c. The rmeal was a genuinely enjoyable experience.
d. She always enjoyed a restaurant visit before a big day out.
Reasoning:
Answer:
","Reasoning:
*   The phrase “great restaurant visit” suggests a positive experience.
*   The statement “That was a great restaurant visit” indicates a positive sentiment.
*   The other options are less likely – trying for months is improbable, disappointment is a negative feeling, and enjoyment is tied to a specific occasion.

Answer: b","['d', 'b', 'a', 'c']",4,UA_I,b,"*   The phrase “great restaurant visit” suggests a positive experience.
*   The statement “That was a great restaurant visit” indicates a positive sentiment.
*   The other options are less likely – trying for months is improbable, disappointment is a negative feeling, and enjoyment is tied to a specific occasion.

Answer: b",b
C1_53_UA_NI,C1_53,140,1,unambiguous,non-ironic,a,The ground was moist and muddy after the rain.,Gemma-3-1B,Condition1B_context_richness_stimuli,general_reasoning,"You will read short stories that describe everyday situations and which finish with a person saying something. Your task is to decide, given the situation, what meaning the person is most likely conveying. Each story will be followed by 4 possible meaning interpretations listed from a to d. Read each story and choose the number corresponding to the most likely meaning. State the reasoning in 2-3 bullet points and the answer. You can only answer with a, b, c, or d.
Context: After the weather changed, the ground became parched.
Target utterance: She says: """"Perfect conditions for a picnic..""""
What meaning is She most likely conveying?
a. The ground was moist and muddy after the rain.
b. She knelt in the mud to look closely at the earth.
c. The ground was uneven where she stood.
d. The ground was dried out.
Reasoning:
Answer:
","Reasoning:
*   The phrase “perfect conditions for a picnic” suggests a pleasant and inviting setting.
*   The description of the parched ground contradicts the idea of perfect conditions.
*   Option ‘d’ directly states the ground was dry, aligning with the situation.

Answer: d
","['a', 'c', 'd', 'b']",4,UA_NI,d,"*   The phrase “perfect conditions for a picnic” suggests a pleasant and inviting setting.
*   The description of the parched ground contradicts the idea of perfect conditions.
*   Option ‘d’ directly states the ground was dry, aligning with the situation.

Answer: d",b
C1_54_A_I,C1_54,123,1,ambiguous,ironic,a,The garden was just watered and needed to dry out.,Gemma-3-1B,Condition1B_context_richness_stimuli,general_reasoning,"You will read short stories that describe everyday situations and which finish with a person saying something. Your task is to decide, given the situation, what meaning the person is most likely conveying. Each story will be followed by 4 possible meaning interpretations listed from a to d. Read each story and choose the number corresponding to the most likely meaning. State the reasoning in 2-3 bullet points and the answer. You can only answer with a, b, c, or d.
Context: The garden was dry in the morning.
Target utterance: They said: """"That’s enough water for the day.""""
What meaning is They most likely conveying?
a. The garden was just watered and needed to dry out.
b. They wanted a new water feature.
c. The garden was struggling without any water.
d. They played some boardgames in the garden.
Reasoning:
Answer:
","Reasoning:
*   The passage states the garden is dry, directly indicating a lack of water.
*   The phrase “That’s enough water for the day” suggests a realization of the situation.
*   The context implies a need for water, leading to the conclusion that the speaker is stating a limitation.

Answer: a
","['b', 'c', 'a', 'd']",4,A_I,a,"*   The passage states the garden is dry, directly indicating a lack of water.
*   The phrase “That’s enough water for the day” suggests a realization of the situation.
*   The context implies a need for water, leading to the conclusion that the speaker is stating a limitation.

Answer: a",b
C1_55_A_NI,C1_55,100,1,ambiguous,non-ironic,a,The plants had been getting plenty of moisture to grow.,Gemma-3-1B,Condition1B_context_richness_stimuli,general_reasoning,"You will read short stories that describe everyday situations and which finish with a person saying something. Your task is to decide, given the situation, what meaning the person is most likely conveying. Each story will be followed by 4 possible meaning interpretations listed from a to d. Read each story and choose the number corresponding to the most likely meaning. State the reasoning in 2-3 bullet points and the answer. You can only answer with a, b, c, or d.
Context: The field was dry.
Target utterance: He says: """"Terrible news for anything trying to grow..""""
What meaning is He most likely conveying?
a. The plants had been getting plenty of moisture to grow.
b. He had been reading about different farming techniques.
c. The plants had been wilting due to lack of water.
d. He was considering buying a new tractor.
Reasoning:
Answer:
","Reasoning:
*   The phrase “Terrible news for anything trying to grow” suggests a negative impact on plant growth.
*   The context of a dry field directly implies a lack of moisture.
*   Option (c) directly addresses the issue of wilting plants.

Answer: c
","['a', 'c', 'b', 'd']",4,A_NI,c,"*   The phrase “Terrible news for anything trying to grow” suggests a negative impact on plant growth.
*   The context of a dry field directly implies a lack of moisture.
*   Option (c) directly addresses the issue of wilting plants.

Answer: c",b
C1_56_UA_I,C1_56,158,1,unambiguous,ironic,a,Her hair was completely dry.,Gemma-3-1B,Condition1B_context_richness_stimuli,general_reasoning,"You will read short stories that describe everyday situations and which finish with a person saying something. Your task is to decide, given the situation, what meaning the person is most likely conveying. Each story will be followed by 4 possible meaning interpretations listed from a to d. Read each story and choose the number corresponding to the most likely meaning. State the reasoning in 2-3 bullet points and the answer. You can only answer with a, b, c, or d.
Context: She saw her parched hair.
Target utterance: She said: """"The rain really caught me by surprise.""""
What meaning is She most likely conveying?
a. Her hair was completely dry.
b. She had her hair cut short last week.
c. They organised a surprise party for him.
d. Her hair was soaking wet.
Reasoning:
Answer:
","Reasoning:
*   The phrase “caught me by surprise” suggests an unexpected event.
*   Dry hair is a common consequence of being caught off guard.
*   The context implies a pleasant surprise, making “caught by surprise” the most fitting interpretation.

Answer: a
","['b', 'd', 'c', 'a']",4,UA_I,a,"*   The phrase “caught me by surprise” suggests an unexpected event.
*   Dry hair is a common consequence of being caught off guard.
*   The context implies a pleasant surprise, making “caught by surprise” the most fitting interpretation.

Answer: a",b
C1_57_UA_NI,C1_57,89,1,unambiguous,non-ironic,c,I admired the outfit.,Gemma-3-1B,Condition1B_context_richness_stimuli,general_reasoning,"You will read short stories that describe everyday situations and which finish with a person saying something. Your task is to decide, given the situation, what meaning the person is most likely conveying. Each story will be followed by 4 possible meaning interpretations listed from a to d. Read each story and choose the number corresponding to the most likely meaning. State the reasoning in 2-3 bullet points and the answer. You can only answer with a, b, c, or d.
Context: I wore a hideous outfit to attend the award ceremony.
Target utterance: I say: """"I really didn't try at all today.""""
What meaning is I most likely conveying?
a. I thought the outfit was ugly.
b. I received an amazing award.
c. I admired the outfit.
d. The comedians on the stage enjoyed themselves.
Reasoning:
Answer:
","Reasoning:
*   The statement expresses a feeling of disappointment and self-deprecation.
*   The phrase “really didn’t try at all” suggests a lack of effort.
*   The statement implies a negative experience with the outfit.

Answer: a
","['b', 'c', 'a', 'd']",4,UA_NI,a,"*   The statement expresses a feeling of disappointment and self-deprecation.
*   The phrase “really didn’t try at all” suggests a lack of effort.
*   The statement implies a negative experience with the outfit.

Answer: a",b
C1_58_A_I,C1_58,105,1,ambiguous,ironic,c,She thought the car was ugly.,Gemma-3-1B,Condition1B_context_richness_stimuli,general_reasoning,"You will read short stories that describe everyday situations and which finish with a person saying something. Your task is to decide, given the situation, what meaning the person is most likely conveying. Each story will be followed by 4 possible meaning interpretations listed from a to d. Read each story and choose the number corresponding to the most likely meaning. State the reasoning in 2-3 bullet points and the answer. You can only answer with a, b, c, or d.
Context: She saw an ugly car on the street.
Target utterance: She says: """"That’s a real beauty.""""
What meaning is she most likely conveying?
a. She admired the car.
b. She thought the painting was beautiful.
c. She thought the car was ugly.
d. She had booked a car.
Reasoning:
Answer:
","Reasoning:
*   The phrase “real beauty” suggests a positive assessment.
*   The context describes an ugly car, contrasting with the positive descriptor.
*   Option ‘c’ directly contradicts the initial observation of an ugly car.

Answer: a
","['a', 'c', 'b', 'd']",4,A_I,a,"*   The phrase “real beauty” suggests a positive assessment.
*   The context describes an ugly car, contrasting with the positive descriptor.
*   Option ‘c’ directly contradicts the initial observation of an ugly car.

Answer: a",a
C1_59_A_NI,C1_59,76,1,ambiguous,non-ironic,b,The painting was genuinely ugly.,Gemma-3-1B,Condition1B_context_richness_stimuli,general_reasoning,"You will read short stories that describe everyday situations and which finish with a person saying something. Your task is to decide, given the situation, what meaning the person is most likely conveying. Each story will be followed by 4 possible meaning interpretations listed from a to d. Read each story and choose the number corresponding to the most likely meaning. State the reasoning in 2-3 bullet points and the answer. You can only answer with a, b, c, or d.
Context: He looked at an ugly painting.
Target utterance: He said: """"That's hard to look at.""""
What meaning is He most likely conveying?
a. The painting was genuinely beautiful.
b. The painting was genuinely ugly.
c. They spent the weekend for this painting.
d. He gave her a stern look.
Reasoning:
Answer:
","Reasoning:
*   The phrase “That’s hard to look at” suggests a negative assessment of the painting’s aesthetic appeal.
*   It implies a subjective feeling of displeasure with the artwork.
*   The statement indicates a personal reaction to the painting’s appearance.

Answer: b","['b', 'a', 'd', 'c']",4,A_NI,b,"*   The phrase “That’s hard to look at” suggests a negative assessment of the painting’s aesthetic appeal.
*   It implies a subjective feeling of displeasure with the artwork.
*   The statement indicates a personal reaction to the painting’s appearance.

Answer: b",a
C1_60_UA_I,C1_60,212,1,unambiguous,ironic,a,They thought the bird was not beautiful.,Gemma-3-1B,Condition1B_context_richness_stimuli,general_reasoning,"You will read short stories that describe everyday situations and which finish with a person saying something. Your task is to decide, given the situation, what meaning the person is most likely conveying. Each story will be followed by 4 possible meaning interpretations listed from a to d. Read each story and choose the number corresponding to the most likely meaning. State the reasoning in 2-3 bullet points and the answer. You can only answer with a, b, c, or d.
Context: They saw a hideous bird.
Target utterance: They said: """"A real eye-catcher.""""
What meaning is They most likely conveying?
a. They thought the bird was not beautiful.
b. They thought the bird was beautiful.
c. The bird looked at them really closely.
d. They had a great time on a trip.
Reasoning:
Answer:
","Reasoning:
*   The phrase “eye-catcher” suggests something visually striking and captivating.
*   It implies a positive perception of the bird's appearance.
*   It’s a descriptive phrase, not a neutral observation.

Answer: a
","['b', 'a', 'c', 'd']",4,UA_I,a,"*   The phrase “eye-catcher” suggests something visually striking and captivating.
*   It implies a positive perception of the bird's appearance.
*   It’s a descriptive phrase, not a neutral observation.

Answer: a",b
C1_61_UA_NI,C1_61,86,1,unambiguous,non-ironic,c,The kettle was a real bargain.,Gemma-3-1B,Condition1B_context_richness_stimuli,general_reasoning,"You will read short stories that describe everyday situations and which finish with a person saying something. Your task is to decide, given the situation, what meaning the person is most likely conveying. Each story will be followed by 4 possible meaning interpretations listed from a to d. Read each story and choose the number corresponding to the most likely meaning. State the reasoning in 2-3 bullet points and the answer. You can only answer with a, b, c, or d.
Context: I found a nice kettle which was free.
Target utterance: I said: """"What a steal.""""
What meaning is I most likely conveying?
a. The kettle boiled over..
b. The kettle was expensive.
c. The kettle was a real bargain.
d. A thief tried to steal my bag.
Reasoning:
Answer:
","Reasoning:
*   “What a steal” expresses delight and satisfaction at a low price.
*   The context describes finding a free kettle, which is a significant financial benefit.
*   The phrase suggests a positive assessment of the value.

Answer: a
","['d', 'b', 'a', 'c']",4,UA_NI,a,"*   “What a steal” expresses delight and satisfaction at a low price.
*   The context describes finding a free kettle, which is a significant financial benefit.
*   The phrase suggests a positive assessment of the value.

Answer: a",d
C1_62_A_I,C1_62,165,1,ambiguous,ironic,a,The vase was not pricy.,Gemma-3-1B,Condition1B_context_richness_stimuli,general_reasoning,"You will read short stories that describe everyday situations and which finish with a person saying something. Your task is to decide, given the situation, what meaning the person is most likely conveying. Each story will be followed by 4 possible meaning interpretations listed from a to d. Read each story and choose the number corresponding to the most likely meaning. State the reasoning in 2-3 bullet points and the answer. You can only answer with a, b, c, or d.
Context: He broke a cheap vase.
Target utterance: He said: """"Well, there goes a priceless treasure""""
What meaning is He most likely conveying?
a. The vase was not pricy.
b. The experience of breaking the vase was worth it.
c. The vase was worth a lot of money.
d. He went on a hike and picked up flowers.
Reasoning:
Answer:
","Reasoning:
*   The phrase “priceless treasure” suggests significant value.
*   Breaking the vase is a dramatic event, implying a loss of something valuable.
*   The statement expresses a sense of regret or loss.

Answer: c
","['b', 'c', 'a', 'd']",4,A_I,c,"*   The phrase “priceless treasure” suggests significant value.
*   Breaking the vase is a dramatic event, implying a loss of something valuable.
*   The statement expresses a sense of regret or loss.

Answer: c",a
C1_63_A_NI,C1_63,195,1,ambiguous,non-ironic,b,The perfume was pricy.,Gemma-3-1B,Condition1B_context_richness_stimuli,general_reasoning,"You will read short stories that describe everyday situations and which finish with a person saying something. Your task is to decide, given the situation, what meaning the person is most likely conveying. Each story will be followed by 4 possible meaning interpretations listed from a to d. Read each story and choose the number corresponding to the most likely meaning. State the reasoning in 2-3 bullet points and the answer. You can only answer with a, b, c, or d.
Context: She was wearing cheap perfume.
Target utterance: She said: """"Smells like it's from a gas station.""""
What meaning is She most likely conveying?
a. The perfume was not pricy.
b. The perfume was pricy.
c. The fragrance label was worth reading.
d. The ocean was calm and quiet.
Reasoning:
Answer:
","Reasoning:
*   The statement “smells like it’s from a gas station” suggests a cheap, inexpensive fragrance.
*   It implies a lack of quality or sophistication.
*   It’s a casual observation about the perfume’s origin.

Answer: a
","['b', 'a', 'c', 'd']",4,A_NI,a,"*   The statement “smells like it’s from a gas station” suggests a cheap, inexpensive fragrance.
*   It implies a lack of quality or sophistication.
*   It’s a casual observation about the perfume’s origin.

Answer: a",b
C1_64_UA_I,C1_64,276,1,unambiguous,ironic,b,The bag was worth very little.,Gemma-3-1B,Condition1B_context_richness_stimuli,general_reasoning,"You will read short stories that describe everyday situations and which finish with a person saying something. Your task is to decide, given the situation, what meaning the person is most likely conveying. Each story will be followed by 4 possible meaning interpretations listed from a to d. Read each story and choose the number corresponding to the most likely meaning. State the reasoning in 2-3 bullet points and the answer. You can only answer with a, b, c, or d.
Context: She got a free bag.
Target utterance: She said: """"Looks like a real designer piece.""""
What meaning is She most likely conveying?
a. She liked to wear that designer piece.
b. The bag was worth very little.
c. The bag was worth a lot.
d. She had dark bags under her eyes.
Reasoning:
Answer:
","Reasoning:
*   The phrase “real designer piece” suggests a high-quality item.
*   The context of receiving a free bag implies a generous gift.
*   The statement suggests a positive assessment of the bag’s value.

Answer: a
","['c', 'b', 'a', 'd']",4,UA_I,a,"*   The phrase “real designer piece” suggests a high-quality item.
*   The context of receiving a free bag implies a generous gift.
*   The statement suggests a positive assessment of the bag’s value.

Answer: a",c
C1_65_UA_NI,C1_65,174,1,unambiguous,non-ironic,c,The house felt cramped and tiny.,Gemma-3-1B,Condition1B_context_richness_stimuli,general_reasoning,"You will read short stories that describe everyday situations and which finish with a person saying something. Your task is to decide, given the situation, what meaning the person is most likely conveying. Each story will be followed by 4 possible meaning interpretations listed from a to d. Read each story and choose the number corresponding to the most likely meaning. State the reasoning in 2-3 bullet points and the answer. You can only answer with a, b, c, or d.
Context: They moved into a tiny house.
Target utterance: They said: """"You can barely turn around in here.""""
What meaning is They most likely conveying?
a. They made a sharp turn at the end of the road.
b. The house felt spacious and huge.
c. The house felt cramped and tiny.
d. The house was red and blue.
Reasoning:
Answer:
","Reasoning:
*   The phrase “barely turn around” indicates a limited space.
*   The statement directly conveys a feeling of confinement.
*   The context of a tiny house suggests a small and restricted environment.

Answer: c
","['c', 'b', 'a', 'd']",4,UA_NI,c,"*   The phrase “barely turn around” indicates a limited space.
*   The statement directly conveys a feeling of confinement.
*   The context of a tiny house suggests a small and restricted environment.

Answer: c",a
C1_66_A_I,C1_66,245,1,ambiguous,ironic,b,They thought the concert was small.,Gemma-3-1B,Condition1B_context_richness_stimuli,general_reasoning,"You will read short stories that describe everyday situations and which finish with a person saying something. Your task is to decide, given the situation, what meaning the person is most likely conveying. Each story will be followed by 4 possible meaning interpretations listed from a to d. Read each story and choose the number corresponding to the most likely meaning. State the reasoning in 2-3 bullet points and the answer. You can only answer with a, b, c, or d.
Context: They attended a concert at a small venue.


Target utterance: They said: """"What a massive event.""""
What meaning is they most likely conveying?
a. They liked go to concerts.
b. They thought the concert was small.
c. They thought the concert was huge.
d. They organized a massive event for dating.
Reasoning:
Answer:
","Answer: c
Reasoning: The phrase “massive event” suggests a significant and impressive gathering, indicating a large scale and popularity.","['d', 'b', 'a', 'c']",4,A_I,c,"The phrase “massive event” suggests a significant and impressive gathering, indicating a large scale and popularity.",a
C1_67_A_NI,C1_67,231,1,ambiguous,non-ironic,d,She thought the spider was tiny.,Gemma-3-1B,Condition1B_context_richness_stimuli,general_reasoning,"You will read short stories that describe everyday situations and which finish with a person saying something. Your task is to decide, given the situation, what meaning the person is most likely conveying. Each story will be followed by 4 possible meaning interpretations listed from a to d. Read each story and choose the number corresponding to the most likely meaning. State the reasoning in 2-3 bullet points and the answer. You can only answer with a, b, c, or d.
Context: She spotted a small spider.
Target utterance: She said: """"Almost didn't see it.""""
What meaning is She most likely conveying?
a. She thought the spider was huge.
b. She went to see her doctor on Monday.
c. She drew a spider diagram to plan her essay.
d. She thought the spider was tiny.
Reasoning:
Answer:
","Reasoning:
*   The phrase “Almost didn’t see it” indicates a sense of surprise or caution.
*   The context of spotting a spider suggests a potential for a minor, unexpected event.
*   “Almost didn’t see it” implies a quick, perhaps nervous, reaction.

Answer: a
","['b', 'c', 'd', 'a']",4,A_NI,a,"*   The phrase “Almost didn’t see it” indicates a sense of surprise or caution.
*   The context of spotting a spider suggests a potential for a minor, unexpected event.
*   “Almost didn’t see it” implies a quick, perhaps nervous, reaction.

Answer: a",b
C1_68_UA_I,C1_68,236,1,unambiguous,ironic,b,I thought the dog was small.,Gemma-3-1B,Condition1B_context_richness_stimuli,general_reasoning,"You will read short stories that describe everyday situations and which finish with a person saying something. Your task is to decide, given the situation, what meaning the person is most likely conveying. Each story will be followed by 4 possible meaning interpretations listed from a to d. Read each story and choose the number corresponding to the most likely meaning. State the reasoning in 2-3 bullet points and the answer. You can only answer with a, b, c, or d.
Context: I met a tiny dog.
Target utterance: I said: """"He could swallow me whole.""""
What meaning is I most likely conveying?
a. I swallowed a pill.
b. I thought the dog was small.
c. The dog wore a collar.
d. I thought the dog was huge.
Reasoning:
Answer:
","Reasoning:
*   The statement “He could swallow me whole” suggests a sense of vulnerability and potential danger.
*   The context of meeting a tiny dog immediately raises the possibility of a small size.
*   The statement implies a feeling of being overwhelmed or threatened.

Answer: a
","['c', 'b', 'd', 'a']",4,UA_I,a,"*   The statement “He could swallow me whole” suggests a sense of vulnerability and potential danger.
*   The context of meeting a tiny dog immediately raises the possibility of a small size.
*   The statement implies a feeling of being overwhelmed or threatened.

Answer: a",c
C1_69_UA_NI,C1_69,200,1,unambiguous,non-ironic,a,The pool was super cold.,Gemma-3-1B,Condition1B_context_richness_stimuli,general_reasoning,"You will read short stories that describe everyday situations and which finish with a person saying something. Your task is to decide, given the situation, what meaning the person is most likely conveying. Each story will be followed by 4 possible meaning interpretations listed from a to d. Read each story and choose the number corresponding to the most likely meaning. State the reasoning in 2-3 bullet points and the answer. You can only answer with a, b, c, or d.
Context: She jumped into a cold pool.
Target utterance: She said:  """"One could catch a cold in here.""""
What meaning is She most likely conveying?
a. The pool was super cold.
b. She played a game of pool in the bar.
c. The pool was super warm.
d. She liked to chill on that sofa after work.
Reasoning:
Answer:
","Reasoning:
*   The phrase “jumped into a cold pool” suggests a sudden, immediate cold experience.
*   The statement “One could catch a cold in here” implies a potential for illness.
*   The context of a cold pool suggests a potential for discomfort and a possible illness.

Answer: a
","['a', 'd', 'b', 'c']",4,UA_NI,a,"*   The phrase “jumped into a cold pool” suggests a sudden, immediate cold experience.
*   The statement “One could catch a cold in here” implies a potential for illness.
*   The context of a cold pool suggests a potential for discomfort and a possible illness.

Answer: a",a
C1_70_A_I,C1_70,277,1,ambiguous,ironic,a,The weather conditions were awful.,Gemma-3-1B,Condition1B_context_richness_stimuli,general_reasoning,"You will read short stories that describe everyday situations and which finish with a person saying something. Your task is to decide, given the situation, what meaning the person is most likely conveying. Each story will be followed by 4 possible meaning interpretations listed from a to d. Read each story and choose the number corresponding to the most likely meaning. State the reasoning in 2-3 bullet points and the answer. You can only answer with a, b, c, or d.
Context: He went to the beach, and the weather was cool.
Target utterance: He said: """"Couldn't have asked for better weather.""""
What meaning is he most likely conveying?
a. The weather conditions were awful.
b. The weather conditions were perfect.
c. He meant to harvest the houseplants, but forgot about it.
d. The delivery driver arrived in heavy rain.
Reasoning:
Answer:
","Reasoning:
*   The phrase “Couldn’t have asked for better weather” indicates a positive assessment of the weather.
*   It suggests a feeling of contentment and satisfaction with the pleasant conditions.
*   The context of a cool weather suggests a positive experience.

Answer: a
","['b', 'a', 'd', 'c']",4,A_I,a,"*   The phrase “Couldn’t have asked for better weather” indicates a positive assessment of the weather.
*   It suggests a feeling of contentment and satisfaction with the pleasant conditions.
*   The context of a cool weather suggests a positive experience.

Answer: a",b
C1_71_A_NI,C1_71,57,1,ambiguous,non-ironic,a,The room was freezing cold.,Gemma-3-1B,Condition1B_context_richness_stimuli,general_reasoning,"You will read short stories that describe everyday situations and which finish with a person saying something. Your task is to decide, given the situation, what meaning the person is most likely conveying. Each story will be followed by 4 possible meaning interpretations listed from a to d. Read each story and choose the number corresponding to the most likely meaning. State the reasoning in 2-3 bullet points and the answer. You can only answer with a, b, c, or d.
Context: I walked into a cool room. 
Target utterance: I said:  """"Feels like the North Pole in here.""""
What meaning is I most likely conveying?
a. The room was freezing cold.
b. There wasn't enough room in the car for everyone.
c. I leaned the fishing pole against the wall.
d. The room was really warm.
Reasoning:
Answer:
","Reasoning:
*   The phrase “Feels like the North Pole in here” is a metaphorical expression suggesting extreme cold.
*   The context of walking into a cool room suggests a desire for warmth.
*   The fishing pole is a physical action, not a typical response to a cold room.

Answer: a
","['a', 'd', 'c', 'b']",4,A_NI,a,"*   The phrase “Feels like the North Pole in here” is a metaphorical expression suggesting extreme cold.
*   The context of walking into a cool room suggests a desire for warmth.
*   The fishing pole is a physical action, not a typical response to a cold room.

Answer: a",a
C1_72_UA_I,C1_72,179,1,unambiguous,ironic,a,Her coffee did not taste good.,Gemma-3-1B,Condition1B_context_richness_stimuli,general_reasoning,"You will read short stories that describe everyday situations and which finish with a person saying something. Your task is to decide, given the situation, what meaning the person is most likely conveying. Each story will be followed by 4 possible meaning interpretations listed from a to d. Read each story and choose the number corresponding to the most likely meaning. State the reasoning in 2-3 bullet points and the answer. You can only answer with a, b, c, or d.
Context: She took a sip of the cold coffee.
Target utterance: She said: """"This is what freshly made coffee tastes like.""""
What meaning is she most likely conveying?
a. Her coffee did not taste good.
b. Her coffee was delicious.
c. She did an experiment in health science.
d. Her coffee tasted like fresh mint.
Reasoning:
Answer:
","Reasoning:
*   The phrase “freshly made coffee tastes like” suggests a positive experience.
*   The context of drinking cold coffee implies a pleasant sensation.
*   Option (b) aligns best with the positive sensory experience described.

Answer: b","['b', 'a', 'd', 'c']",4,UA_I,b,"*   The phrase “freshly made coffee tastes like” suggests a positive experience.
*   The context of drinking cold coffee implies a pleasant sensation.
*   Option (b) aligns best with the positive sensory experience described.

Answer: b",a
