Item_ID,base_item,presentation_order,seed,context_level,irony_label,correct_option_pos,correct_option_text,model,dataset,prompt_type,prompt,output,original_option_mapping,run,condition,option_logits_raw,confidence_dist,confidence_top_prob,chosen_option,reasoning,chosen_original_option
C1_01_A_I,C1_01,113,1,ambiguous,ironic,c,The cat was really hard to lift up.,Gemma-3-4B,Condition1B_context_richness_stimuli,general_reasoning,"You will read short stories that describe everyday situations and which finish with a person saying something. Your task is to decide, given the situation, what meaning the person is most likely conveying. Each story will be followed by 4 possible meaning interpretations listed from a to d. Read each story and choose the number corresponding to the most likely meaning. State the reasoning in 2-3 bullet points and the answer. You can only answer with a, b, c, or d.
Context: He lifted the overweight cat from the table.
Target utterance: He said:  """"That was easy!""""
What meaning is He most likely conveying?
a. The exam was really easy.
b. He just got a great deal on a cat bed.
c. The cat was really hard to lift up.
d. The cat was easy to lift up.
Reasoning:
Answer:
","*   The utterance ""That was easy!"" directly contradicts the action of lifting an overweight cat.
*   The context describes a physical action, suggesting the statement refers to that action.
*   The statement implies a lack of difficulty in the task.

Answer: d","['c', 'd', 'b', 'a']",1,A_I,"{'a': 21.125, 'b': 18.125, 'c': 19.375, 'd': 36.25}","{'a': 2.699577521525498e-07, 'b': 1.344040523321155e-08, 'c': 4.691162303060992e-08, 'd': 0.9999996423721313}",0.9999996423721313,d,,a
C1_02_A_NI,C1_02,63,1,ambiguous,non-ironic,b,The dog was really heavy to pick up.,Gemma-3-4B,Condition1B_context_richness_stimuli,general_reasoning,"You will read short stories that describe everyday situations and which finish with a person saying something. Your task is to decide, given the situation, what meaning the person is most likely conveying. Each story will be followed by 4 possible meaning interpretations listed from a to d. Read each story and choose the number corresponding to the most likely meaning. State the reasoning in 2-3 bullet points and the answer. You can only answer with a, b, c, or d.
Context: She picked up her overweight dog.
Target utterance: She said: """"Heaviest dog ever.""""
What meaning is She most likely conveying?
a. She just adopted a new dog.
b. The dog was really heavy to pick up.
c. The dog was very light to pick up.
d. It was the heaviest package she ever carried.
Reasoning:
Answer:
","*   The statement ""Heaviest dog ever"" directly relates to the physical act of picking him up.
*   It’s an exclamation of surprise or observation about the dog’s weight.
*   The context of picking up the dog makes option b the most logical interpretation.

Answer: b
","['d', 'a', 'b', 'c']",1,A_NI,"{'a': 22.125, 'b': 36.25, 'c': 20.625, 'd': 22.375}","{'a': 7.338202294704388e-07, 'b': 0.9999982118606567, 'c': 1.6373742539599334e-07, 'd': 9.422437869943678e-07}",0.9999982118606567,b,,a
C1_03_UA_I,C1_03,216,1,unambiguous,ironic,d,Getting their friend off the ground took a lot of effort.,Gemma-3-4B,Condition1B_context_richness_stimuli,general_reasoning,"You will read short stories that describe everyday situations and which finish with a person saying something. Your task is to decide, given the situation, what meaning the person is most likely conveying. Each story will be followed by 4 possible meaning interpretations listed from a to d. Read each story and choose the number corresponding to the most likely meaning. State the reasoning in 2-3 bullet points and the answer. You can only answer with a, b, c, or d.
Context: They lift their obese friend.
Target utterance: They said: """"Light as a feather.""""
What meaning is They most likely conveying?
a. Their friend was very easy to lift.
b. The feather fell gently to the ground.
c. They decided to go out for dinner with their friend.
d. Getting their friend off the ground took a lot of effort.
Reasoning:
Answer:
","a. Their friend was very easy to lift.
*   The phrase ""light as a feather"" is a common idiom used to describe something that is remarkably light in weight or effortless to handle.
*   The context of lifting an obese friend directly relates to the ease of lifting.
*   Option b is irrelevant to the situation, c is unrelated, and d contradicts the statement.

Answer: a
","['a', 'c', 'd', 'b']",1,UA_I,"{'a': 34.0, 'b': 17.75, 'c': 16.25, 'd': 18.375}","{'a': 0.9999997615814209, 'b': 8.764246217651817e-08, 'c': 1.9555676189497717e-08, 'd': 1.6373768119137821e-07}",0.9999997615814209,a,,a
C1_04_UA_NI,C1_04,242,1,unambiguous,non-ironic,d,Holding my nephew took all my strength.,Gemma-3-4B,Condition1B_context_richness_stimuli,general_reasoning,"You will read short stories that describe everyday situations and which finish with a person saying something. Your task is to decide, given the situation, what meaning the person is most likely conveying. Each story will be followed by 4 possible meaning interpretations listed from a to d. Read each story and choose the number corresponding to the most likely meaning. State the reasoning in 2-3 bullet points and the answer. You can only answer with a, b, c, or d.
Context: I held my obese nephew in my arms.
Target utterance: I said: """"Heavier than an elephant.""""
What meaning is I most likely conveying?
a. Holding my nephew took nothing of my strength.
b. The elephant lumbered slowly across the plain.
c. My nephew ate a burger that day.
d. Holding my nephew took all my strength.
Reasoning:
Answer:
","*   The statement ""Heavier than an elephant"" is a hyperbolic comparison, exaggerating the weight of the nephew.
*   Hyperbole is often used to express a feeling of difficulty or strain.
*   The context of holding the nephew suggests physical exertion, making option d the most likely interpretation.

Answer: d","['b', 'c', 'd', 'a']",1,UA_NI,"{'a': 21.375, 'b': 18.375, 'c': 19.875, 'd': 35.75}","{'a': 5.71500379464851e-07, 'b': 2.8453328582145332e-08, 'c': 1.275189731586579e-07, 'd': 0.9999992847442627}",0.9999992847442627,d,,a
C1_05_A_I,C1_05,122,1,ambiguous,ironic,c,The cake tasted really bad.,Gemma-3-4B,Condition1B_context_richness_stimuli,general_reasoning,"You will read short stories that describe everyday situations and which finish with a person saying something. Your task is to decide, given the situation, what meaning the person is most likely conveying. Each story will be followed by 4 possible meaning interpretations listed from a to d. Read each story and choose the number corresponding to the most likely meaning. State the reasoning in 2-3 bullet points and the answer. You can only answer with a, b, c, or d.
Context: She ate a palatable cake.
Target utterance: She said: """"What an amazing flavour.""""
What meaning is She most likely conveying?
a. The cake tasted really good.
b. The cake had three candles on top.
c. The cake tasted really bad.
d. The soup smelled absolutely delicious
Reasoning:
Answer:
","*   The phrase ""amazing flavour"" is a positive descriptor, indicating enjoyment of the taste.
*   The word ""palatable"" suggests the cake was acceptable or pleasant to eat.
*   The utterance directly expresses a positive reaction to the cake's taste.

Answer: a
","['a', 'd', 'b', 'c']",1,A_I,"{'a': 35.0, 'b': 18.75, 'c': 16.625, 'd': 18.75}","{'a': 0.9999997615814209, 'b': 8.764246217651817e-08, 'c': 1.0467398503521963e-08, 'd': 8.764246217651817e-08}",0.9999997615814209,a,,a
C1_06_A_NI,C1_06,132,1,ambiguous,non-ironic,c,The medicine tasted surprisingly pleasant.,Gemma-3-4B,Condition1B_context_richness_stimuli,general_reasoning,"You will read short stories that describe everyday situations and which finish with a person saying something. Your task is to decide, given the situation, what meaning the person is most likely conveying. Each story will be followed by 4 possible meaning interpretations listed from a to d. Read each story and choose the number corresponding to the most likely meaning. State the reasoning in 2-3 bullet points and the answer. You can only answer with a, b, c, or d.
Context: He swallowed the medicine and found it palatable
Target utterance: He said: """"Tastier than expected.""""
What meaning is He most likely conveying?
a. He kept the medicine in the bathroom cabinet.
b. The medicine tasted absolutely awful.
c. The medicine tasted surprisingly pleasant.
d. The cake was tastier than expected.
Reasoning:
Answer:
","*   The phrase ""tastier than expected"" directly implies a positive reaction to the taste of the medicine.
*   Swallowing the medicine suggests he consumed it, and commenting on its taste indicates he experienced it.
*   Option b is the opposite of what he’s conveying.

Answer: c
","['d', 'b', 'a', 'c']",1,A_NI,"{'a': 19.5, 'b': 17.875, 'c': 33.0, 'd': 18.75}","{'a': 1.3709560562347178e-06, 'b': 2.699572121400706e-07, 'c': 0.9999977350234985, 'd': 6.475937652794528e-07}",0.9999977350234985,c,,a
C1_07_UA_I,C1_07,249,1,unambiguous,ironic,c,The smoothie was thoroughly nasty.,Gemma-3-4B,Condition1B_context_richness_stimuli,general_reasoning,"You will read short stories that describe everyday situations and which finish with a person saying something. Your task is to decide, given the situation, what meaning the person is most likely conveying. Each story will be followed by 4 possible meaning interpretations listed from a to d. Read each story and choose the number corresponding to the most likely meaning. State the reasoning in 2-3 bullet points and the answer. You can only answer with a, b, c, or d.
Context: I took a sip of my smoothie and found it delicious.
Target utterance: I said: """"What a treat.""""
What meaning is I most likely conveying?
a. She gave the dog a treat.
b. The smoothie was thoroughly enjoyable.
c. The smoothie was thoroughly nasty.
d. She was looking for a new smoothie recipe.
Reasoning:
Answer:
","b.
*   The phrase ""What a treat"" is a common expression of enjoyment and satisfaction with something pleasant.
*   The context states the smoothie was delicious, directly supporting this interpretation.
*   The other options are unrelated to the described situation.

Answer: b","['c', 'a', 'b', 'd']",1,UA_I,"{'a': 20.625, 'b': 33.75, 'c': 19.0, 'd': 20.875}","{'a': 1.9947240161855007e-06, 'b': 0.9999951124191284, 'c': 3.927844147710857e-07, 'd': 2.561276232881937e-06}",0.9999951124191284,b,,a
C1_08_UA_NI,C1_08,96,1,unambiguous,non-ironic,a,They liked every single bite of the burger.,Gemma-3-4B,Condition1B_context_richness_stimuli,general_reasoning,"You will read short stories that describe everyday situations and which finish with a person saying something. Your task is to decide, given the situation, what meaning the person is most likely conveying. Each story will be followed by 4 possible meaning interpretations listed from a to d. Read each story and choose the number corresponding to the most likely meaning. State the reasoning in 2-3 bullet points and the answer. You can only answer with a, b, c, or d.
Context: They ate a delicious burger.
Target utterance: They said: """"This burger tasted like heaven.""""
What meaning is They most likely conveying?
a. They liked every single bite of the burger.
b. They liked the burger more than the pizza.
c. The burger was the most expensive item on the menu.
d. They could barely force themselves to swallow the burger.
Reasoning:
Answer:
","a. They liked every single bite of the burger.
*   The phrase ""tasted like heaven"" is a common expression used to describe something exceptionally delicious and enjoyable.
*   It implies a positive and complete satisfaction with the taste.
*   Options b, c, and d are not supported by the statement.

Answer: a","['a', 'd', 'c', 'b']",1,UA_NI,"{'a': 35.25, 'b': 18.75, 'c': 17.0, 'd': 19.5}","{'a': 0.9999997615814209, 'b': 6.825602127946695e-08, 'c': 1.1861117421574363e-08, 'd': 1.4449798868554353e-07}",0.9999997615814209,a,,a
C1_09_A_I,C1_09,218,1,ambiguous,ironic,a,The babysitter was not taking good care of the kids.,Gemma-3-4B,Condition1B_context_richness_stimuli,general_reasoning,"You will read short stories that describe everyday situations and which finish with a person saying something. Your task is to decide, given the situation, what meaning the person is most likely conveying. Each story will be followed by 4 possible meaning interpretations listed from a to d. Read each story and choose the number corresponding to the most likely meaning. State the reasoning in 2-3 bullet points and the answer. You can only answer with a, b, c, or d.
Context: They hired a fearless babysitter.
Target utterance: They said: """"The kids are not safe at all.""""
What meaning is They most likely conveying?
a. The babysitter was not taking good care of the kids.
b. The babysitter was taking good care of the kids.
c. The babysitter parked her car outside.
d. The kids had very clean hands.
Reasoning:
Answer:
","a. The babysitter was not taking good care of the kids.
*   The statement ""The kids are not safe at all"" directly implies a concern for the children's well-being and safety.
*   The context of hiring a babysitter suggests a desire for the children to be protected.
*   Option c and d are irrelevant to the statement about safety.

Answer: a","['b', 'a', 'd', 'c']",1,A_I,"{'a': 33.0, 'b': 18.0, 'c': 16.5, 'd': 18.5}","{'a': 0.9999990463256836, 'b': 3.0590203436986485e-07, 'c': 6.825597154147545e-08, 'd': 5.043472128818394e-07}",0.9999990463256836,a,,b
C1_10_A_NI,C1_10,288,1,ambiguous,non-ironic,d,The police officer made them feel very safe.,Gemma-3-4B,Condition1B_context_richness_stimuli,general_reasoning,"You will read short stories that describe everyday situations and which finish with a person saying something. Your task is to decide, given the situation, what meaning the person is most likely conveying. Each story will be followed by 4 possible meaning interpretations listed from a to d. Read each story and choose the number corresponding to the most likely meaning. State the reasoning in 2-3 bullet points and the answer. You can only answer with a, b, c, or d.
Context: They met a fearless police officer.
Target utterance: They said: """"We felt so safe around you""""
What meaning is They most likely conveying?
a. The police officer drank a cup of coffee.
b. They were sitting in a very safe seat.
c. The police officer did not make them feel safe at all.
d. The police officer made them feel very safe.
Reasoning:
Answer:
","*   The utterance ""We felt so safe around you"" directly expresses a feeling of safety.
*   The context describes meeting a ""fearless police officer,"" suggesting a positive interaction.
*   Option c contradicts the stated feeling of safety.

Answer: d","['d', 'c', 'b', 'a']",1,A_NI,"{'a': 20.125, 'b': 17.375, 'c': 18.75, 'd': 35.0}","{'a': 3.466325892986788e-07, 'b': 2.2159479584615838e-08, 'c': 8.764244086023609e-08, 'd': 0.9999995231628418}",0.9999995231628418,d,,a
C1_11_UA_I,C1_11,58,1,unambiguous,ironic,d,Seeing the pilot made her feel even more anxious.,Gemma-3-4B,Condition1B_context_richness_stimuli,general_reasoning,"You will read short stories that describe everyday situations and which finish with a person saying something. Your task is to decide, given the situation, what meaning the person is most likely conveying. Each story will be followed by 4 possible meaning interpretations listed from a to d. Read each story and choose the number corresponding to the most likely meaning. State the reasoning in 2-3 bullet points and the answer. You can only answer with a, b, c, or d.
Context: She noticed the brave pilot before boarding.
Target utterance: She said: """"That really shook me up.""""
What meaning is She most likely conveying?
a. She dated a pilot for several months.
b. Seeing the pilot put her completely at ease.
c. She settled into her seat and fastened the belt.
d. Seeing the pilot made her feel even more anxious.
Reasoning:
Answer:
","*   The phrase ""shook me up"" implies a surprising or unsettling experience.
*   The context is about boarding a plane, which is inherently associated with anxiety for many people.
*   Therefore, the pilot's presence likely heightened her anxiety rather than calming it.

Answer: d","['d', 'a', 'c', 'b']",1,UA_I,"{'a': 20.625, 'b': 18.625, 'c': 20.625, 'd': 36.0}","{'a': 2.102432858919201e-07, 'b': 2.845333391121585e-08, 'c': 2.102432858919201e-07, 'd': 0.9999995231628418}",0.9999995231628418,d,,b
C1_12_UA_NI,C1_12,128,1,unambiguous,non-ironic,b,His father showed no fear at all.,Gemma-3-4B,Condition1B_context_richness_stimuli,general_reasoning,"You will read short stories that describe everyday situations and which finish with a person saying something. Your task is to decide, given the situation, what meaning the person is most likely conveying. Each story will be followed by 4 possible meaning interpretations listed from a to d. Read each story and choose the number corresponding to the most likely meaning. State the reasoning in 2-3 bullet points and the answer. You can only answer with a, b, c, or d.
Context: He saw his brave father.
Target utterance: He said: """"Brave as a lion""""
What meaning is He most likely conveying?
a. His father wore a blue jacket.
b. His father showed no fear at all.
c. The lion prowled across the savannah.
d. His father's face was full of fear.
Reasoning:
Answer:
","*   The phrase ""brave as a lion"" is a common idiom used to describe someone who is fearless.
*   Lions are known for their courage and strength in the face of danger.
*   The utterance directly compares the father to a lion, implying he lacked fear.

Answer: b
","['d', 'a', 'c', 'b']",1,UA_NI,"{'a': 23.375, 'b': 38.5, 'c': 22.625, 'd': 24.25}","{'a': 2.699575816222932e-07, 'b': 0.9999990463256836, 'c': 1.2751893052609375e-07, 'd': 6.475946179307357e-07}",0.9999990463256836,b,,a
C1_13_A_I,C1_13,102,1,ambiguous,ironic,a,"His girlfriend clearly looked worn out, not refreshed at all.",Gemma-3-4B,Condition1B_context_richness_stimuli,general_reasoning,"You will read short stories that describe everyday situations and which finish with a person saying something. Your task is to decide, given the situation, what meaning the person is most likely conveying. Each story will be followed by 4 possible meaning interpretations listed from a to d. Read each story and choose the number corresponding to the most likely meaning. State the reasoning in 2-3 bullet points and the answer. You can only answer with a, b, c, or d.
Context: He saw his energetic girlfriend.
Target utterance: He said: """"You look like you've been awake since birth.""""
What meaning is He most likely conveying?
a. His girlfriend clearly looked worn out, not refreshed at all.
b. He was planning to surprise his girlfriend with a home-cooked meal.
c. To him, his girlfriend looked well-rested and full of energy.
d. He had just bought her a refreshing cold drink.
Reasoning:
Answer:
","c.
*   The phrase ""You look like you've been awake since birth"" is typically used to describe someone who appears incredibly energetic and lively.
*   The statement implies a positive observation about her appearance and demeanor.
*   Options a, b, and d are not supported by the wording of the utterance.","['b', 'd', 'a', 'c']",1,A_I,"{'a': 27.625, 'b': 24.0, 'c': 43.0, 'd': 25.25}","{'a': 2.1024332852448424e-07, 'b': 5.602795116743664e-09, 'c': 0.9999997615814209, 'd': 1.9555676189497717e-08}",0.9999997615814209,c,,a
C1_14_A_NI,C1_14,135,1,ambiguous,non-ironic,d,Her colleague seemed very energetic today.,Gemma-3-4B,Condition1B_context_richness_stimuli,general_reasoning,"You will read short stories that describe everyday situations and which finish with a person saying something. Your task is to decide, given the situation, what meaning the person is most likely conveying. Each story will be followed by 4 possible meaning interpretations listed from a to d. Read each story and choose the number corresponding to the most likely meaning. State the reasoning in 2-3 bullet points and the answer. You can only answer with a, b, c, or d.
Context: She saw her energetic colleague.
Target utterance: She said: """"You seem so full of energy today.""""
What meaning is She most likely conveying?
a. She was redecorating the office of her colleague.
b. She filled up the car with energy.
c. Her colleague seemed very tired today.
d. Her colleague seemed very energetic today.
Reasoning:
Answer:
","*   The utterance “You seem so full of energy today” directly refers to the colleague’s apparent energy level.
*   The question explicitly states the colleague is energetic.
*   The other options are irrelevant to the context and the colleague’s state.

Answer: d","['d', 'c', 'b', 'a']",1,A_NI,"{'a': 19.875, 'b': 17.25, 'c': 19.0, 'd': 34.75}","{'a': 3.466325892986788e-07, 'b': 2.5109978096793384e-08, 'c': 1.444979460529794e-07, 'd': 0.9999995231628418}",0.9999995231628418,d,,a
C1_15_UA_I,C1_15,15,1,unambiguous,ironic,c,They felt really exhausted after the sleepover.,Gemma-3-4B,Condition1B_context_richness_stimuli,general_reasoning,"You will read short stories that describe everyday situations and which finish with a person saying something. Your task is to decide, given the situation, what meaning the person is most likely conveying. Each story will be followed by 4 possible meaning interpretations listed from a to d. Read each story and choose the number corresponding to the most likely meaning. State the reasoning in 2-3 bullet points and the answer. You can only answer with a, b, c, or d.
Context: After the sleepover, they were hyperactive.
Target utterance: They said:  """"We never felt more tired in our lifes.""""
What meaning is They most likely conveying?
a. They rested the heavy boxes on the floor.
b. They did sleep overs once a year.
c. They felt really exhausted after the sleepover.
d. They felt very well-rested after the sleepover.
Reasoning:
Answer:
","*   The phrase ""never felt more tired"" directly indicates a state of extreme exhaustion.
*   The context of a hyperactive sleepover suggests a lot of activity, which would lead to tiredness.
*   Option a is irrelevant to the statement. Option b and d contradict the sentiment expressed.

Answer: c
","['c', 'd', 'b', 'a']",1,UA_I,"{'a': 19.875, 'b': 18.0, 'c': 33.5, 'd': 19.25}","{'a': 1.209864649354131e-06, 'b': 1.8553876657279034e-07, 'c': 0.9999979734420776, 'd': 6.475939358097094e-07}",0.9999979734420776,c,,b
C1_16_UA_NI,C1_16,111,1,unambiguous,non-ironic,c,I felt fully prepared and ready for the exam.,Gemma-3-4B,Condition1B_context_richness_stimuli,general_reasoning,"You will read short stories that describe everyday situations and which finish with a person saying something. Your task is to decide, given the situation, what meaning the person is most likely conveying. Each story will be followed by 4 possible meaning interpretations listed from a to d. Read each story and choose the number corresponding to the most likely meaning. State the reasoning in 2-3 bullet points and the answer. You can only answer with a, b, c, or d.
Context: Right before my exam, I felt really hyperactive.
Target utterance: I said: """"I have never felt more ready.""""
What meaning is I most likely conveying?
a. Deep down I felt completely unprepared for the exam.
b. The exam started at nine o'clock.
c. I felt fully prepared and ready for the exam.
d. Dinner was ready by seven o'clock.
Reasoning:
Answer:
","c.
*   The statement ""I have never felt more ready"" directly implies a sense of preparedness.
*   The context of feeling ""hyperactive"" before an exam suggests a state of heightened energy and confidence.
*   Option a contradicts the statement, option b is irrelevant, and option d is unrelated to the situation.","['b', 'd', 'a', 'c']",1,UA_NI,"{'a': 27.75, 'b': 24.375, 'c': 42.5, 'd': 25.5}","{'a': 3.9278620533877984e-07, 'b': 1.344040523321155e-08, 'c': 0.9999996423721313, 'd': 4.1399360384275496e-08}",0.9999996423721313,c,,a
C1_17_A_I,C1_17,241,1,ambiguous,ironic,c,Her idea was outdated.,Gemma-3-4B,Condition1B_context_richness_stimuli,general_reasoning,"You will read short stories that describe everyday situations and which finish with a person saying something. Your task is to decide, given the situation, what meaning the person is most likely conveying. Each story will be followed by 4 possible meaning interpretations listed from a to d. Read each story and choose the number corresponding to the most likely meaning. State the reasoning in 2-3 bullet points and the answer. You can only answer with a, b, c, or d.
Context: She had an old idea.
Target utterance: She said: """"Truly ahead of its time.""""
What meaning is She most likely conveying?
a. Her idea was innovative.
b. She had the idea to redecorate her office.
c. Her idea was outdated.
d. She had arrived early.
Reasoning:
Answer:
","*   The phrase ""ahead of its time"" implies that the idea was novel and didn't fit the current era.
*   It suggests the idea was advanced or progressive for its time.
*   The statement is a compliment, indicating admiration for the idea's originality.

Answer: a
","['a', 'd', 'b', 'c']",1,A_I,"{'a': 35.0, 'b': 18.75, 'c': 16.75, 'd': 19.125}","{'a': 0.9999997615814209, 'b': 8.764246217651817e-08, 'c': 1.1861117421574363e-08, 'd': 1.2751903000207676e-07}",0.9999997615814209,a,,a
C1_18_A_NI,C1_18,134,1,ambiguous,non-ironic,a,He found the approach genuinely new and creative.,Gemma-3-4B,Condition1B_context_richness_stimuli,general_reasoning,"You will read short stories that describe everyday situations and which finish with a person saying something. Your task is to decide, given the situation, what meaning the person is most likely conveying. Each story will be followed by 4 possible meaning interpretations listed from a to d. Read each story and choose the number corresponding to the most likely meaning. State the reasoning in 2-3 bullet points and the answer. You can only answer with a, b, c, or d.
Context: It was an old approach. 
Target utterance: He said: """"How refreshingly innovative.""""
What meaning is He most likely conveying?
a. He found the approach genuinely new and creative.
b. In his view, it was a stale approach he had seen many times before.
c. Refreshments were served at the end of the presentation.
d. He researched new approaches for several months.
Reasoning:
Answer:
","*   The word ""refreshingly"" suggests a positive reaction to something previously dull or predictable.
*   “How refreshingly innovative” implies the approach is a welcome change from something old.
*   The context “It was an old approach” reinforces that the speaker is reacting to something outdated.

Answer: a
","['a', 'b', 'c', 'd']",1,A_NI,"{'a': 35.25, 'b': 19.375, 'c': 17.125, 'd': 19.75}","{'a': 0.9999996423721313, 'b': 1.2751901579122205e-07, 'c': 1.344040523321155e-08, 'd': 1.8553906500073936e-07}",0.9999996423721313,a,,a
C1_19_UA_I,C1_19,209,1,unambiguous,ironic,a,"To her, the tradition felt stale and long past its use.",Gemma-3-4B,Condition1B_context_richness_stimuli,general_reasoning,"You will read short stories that describe everyday situations and which finish with a person saying something. Your task is to decide, given the situation, what meaning the person is most likely conveying. Each story will be followed by 4 possible meaning interpretations listed from a to d. Read each story and choose the number corresponding to the most likely meaning. State the reasoning in 2-3 bullet points and the answer. You can only answer with a, b, c, or d.
Context: The tradition was ancient.
Target utterance: She said: """"How wonderfully timeless.""""
What meaning is She most likely conveying?
a. To her, the tradition felt stale and long past its use.
b. She read about the tradition in a local history book.
c. She found the tradition beautifully enduring and meaningful.
d. The clock ticked for over a century.
Reasoning:
Answer:
","c.
*   The word ""wonderfully"" suggests a positive and appreciative feeling.
*   ""Timeless"" directly implies something enduring and valuable across time.
*   The context of an ""ancient tradition"" supports the idea of something beautiful and meaningful that has lasted a long time.

Answer: c","['b', 'd', 'a', 'c']",1,UA_I,"{'a': 18.25, 'b': 15.625, 'c': 29.625, 'd': 17.75}","{'a': 1.1478679880383424e-05, 'b': 8.31512750210095e-07, 'c': 0.9999808073043823, 'd': 6.962171028135344e-06}",0.9999808073043823,c,,a
C1_20_UA_NI,C1_20,87,1,unambiguous,non-ironic,d,She liked the smell of her car.,Gemma-3-4B,Condition1B_context_richness_stimuli,general_reasoning,"You will read short stories that describe everyday situations and which finish with a person saying something. Your task is to decide, given the situation, what meaning the person is most likely conveying. Each story will be followed by 4 possible meaning interpretations listed from a to d. Read each story and choose the number corresponding to the most likely meaning. State the reasoning in 2-3 bullet points and the answer. You can only answer with a, b, c, or d.
Context: She bought an ancient car.
Target utterance: She says: """"I just love the new car smell.""""
What meaning is She most likely conveying?
a. She could smell what her husband was cooking.
b. She took her car to the gas station.
c. She was disappointed with the smell of her car.
d. She liked the smell of her car.
Reasoning:
Answer:
","*   The utterance ""I just love the new car smell"" directly references the scent of a car.
*   ""New car smell"" is a commonly recognized and positive association.
*   Options a, b, and c describe unrelated scenarios and contradict the statement.

Answer: d","['c', 'd', 'b', 'a']",1,UA_NI,"{'a': 20.875, 'b': 17.625, 'c': 18.875, 'd': 34.25}","{'a': 1.5534974409092683e-06, 'b': 6.023563514645502e-08, 'c': 2.102430158856805e-07, 'd': 0.9999982118606567}",0.9999982118606567,d,,a
C1_21_A_I,C1_21,247,1,ambiguous,ironic,b,The birthday party was a disappointment.,Gemma-3-4B,Condition1B_context_richness_stimuli,general_reasoning,"You will read short stories that describe everyday situations and which finish with a person saying something. Your task is to decide, given the situation, what meaning the person is most likely conveying. Each story will be followed by 4 possible meaning interpretations listed from a to d. Read each story and choose the number corresponding to the most likely meaning. State the reasoning in 2-3 bullet points and the answer. You can only answer with a, b, c, or d.
Context: She left the birthday party feeling happy.
Target utterance: She says: """"Truly a night to remember.""""
What meaning is She most likely conveying?
a. She had trouble remembering things.
b. The birthday party was a disappointment.
c. She planned her next birthday party.
d. The birthday party was a great success.
Reasoning:
Answer:
","*   The phrase ""a night to remember"" is typically used to express a positive experience.
*   The fact that she left feeling happy supports the idea of a positive event.
*   Option a is contradictory, option b is negative, and option c is unrelated to the context.

Answer: d","['c', 'b', 'd', 'a']",1,A_I,"{'a': 18.75, 'b': 16.125, 'c': 18.625, 'd': 33.25}","{'a': 5.043472128818394e-07, 'b': 3.653478586329584e-08, 'c': 4.4508482233140967e-07, 'd': 0.9999990463256836}",0.9999990463256836,d,,a
C1_22_A_NI,C1_22,8,1,ambiguous,non-ironic,d,The wedding was a beautiful and enchanting occasion.,Gemma-3-4B,Condition1B_context_richness_stimuli,general_reasoning,"You will read short stories that describe everyday situations and which finish with a person saying something. Your task is to decide, given the situation, what meaning the person is most likely conveying. Each story will be followed by 4 possible meaning interpretations listed from a to d. Read each story and choose the number corresponding to the most likely meaning. State the reasoning in 2-3 bullet points and the answer. You can only answer with a, b, c, or d.
Context: She left the wedding feeling happy.
Target utterance: She says: """"What a magical day.""""
What meaning is She most likely conveying?
a. The magician wowed all the guests at the reception.
b. She helped organise the flowers for the wedding beforehand.
c. The wedding had been a dull, disappointing event from start to finish.
d. The wedding was a beautiful and enchanting occasion.
Reasoning:
Answer:
","*   The phrase ""What a magical day"" is a common expression of delight and wonder.
*   The context of leaving the wedding feeling happy strongly suggests a positive experience.
*   Option c is contradictory to the stated feeling and context.

Answer: d","['c', 'd', 'b', 'a']",1,A_NI,"{'a': 20.875, 'b': 17.625, 'c': 19.125, 'd': 36.25}","{'a': 2.1024332852448424e-07, 'b': 8.152018615703582e-09, 'c': 3.653481428500527e-08, 'd': 0.9999997615814209}",0.9999997615814209,d,,a
C1_23_UA_I,C1_23,4,1,unambiguous,ironic,d,They had found the film funny from start to finish.,Gemma-3-4B,Condition1B_context_richness_stimuli,general_reasoning,"You will read short stories that describe everyday situations and which finish with a person saying something. Your task is to decide, given the situation, what meaning the person is most likely conveying. Each story will be followed by 4 possible meaning interpretations listed from a to d. Read each story and choose the number corresponding to the most likely meaning. State the reasoning in 2-3 bullet points and the answer. You can only answer with a, b, c, or d.
Context: They left the cinema feeling delighted.
Target utterance: They say: """"What a painfull film.""""
What meaning is They most likely conveying?
a. The injection was over quickly, but it was painful.
b. They went to the same cinema as always.
c. They had found the film dull from start to finish.
d. They had found the film funny from start to finish.
Reasoning:
Answer:
","*   The word ""painfull"" is used to describe the film, suggesting a negative experience.
*   The phrase ""What a painfull film"" implies the film was unpleasant or disappointing.
*   Options a and d contradict the negative sentiment expressed.

Answer: c","['c', 'd', 'a', 'b']",1,UA_I,"{'a': 19.125, 'b': 17.5, 'c': 31.5, 'd': 18.5}","{'a': 4.222820280119777e-06, 'b': 8.315226978083956e-07, 'c': 0.9999927282333374, 'd': 2.260313067381503e-06}",0.9999927282333374,c,,a
C1_24_UA_NI,C1_24,21,1,unambiguous,non-ironic,c,The message brought good news.,Gemma-3-4B,Condition1B_context_richness_stimuli,general_reasoning,"You will read short stories that describe everyday situations and which finish with a person saying something. Your task is to decide, given the situation, what meaning the person is most likely conveying. Each story will be followed by 4 possible meaning interpretations listed from a to d. Read each story and choose the number corresponding to the most likely meaning. State the reasoning in 2-3 bullet points and the answer. You can only answer with a, b, c, or d.
Context: She received a message and was delighted.
Target utterance: She says: """"These are amazing news.""""
What meaning is She most likely conveying?
a. What she read was news to her.
b. The message brought negative news.
c. The message brought good news.
d. She wanted to send a message.
Reasoning:
Answer:
","*   The phrase ""amazing news"" is overwhelmingly positive.
*   The context states she was delighted upon receiving a message.
*   Therefore, the message must have been good news.

Answer: c","['c', 'b', 'a', 'd']",1,UA_NI,"{'a': 20.875, 'b': 19.875, 'c': 36.0, 'd': 21.0}","{'a': 2.699576384657121e-07, 'b': 9.931187605616287e-08, 'c': 0.9999992847442627, 'd': 3.059020912132837e-07}",0.9999992847442627,c,,a
C1_25_A_I,C1_25,181,1,ambiguous,ironic,c,Her exam answers were embarrassingly poor.,Gemma-3-4B,Condition1B_context_richness_stimuli,general_reasoning,"You will read short stories that describe everyday situations and which finish with a person saying something. Your task is to decide, given the situation, what meaning the person is most likely conveying. Each story will be followed by 4 possible meaning interpretations listed from a to d. Read each story and choose the number corresponding to the most likely meaning. State the reasoning in 2-3 bullet points and the answer. You can only answer with a, b, c, or d.
Context: Her answers in the exam were intelligent.
Target utterance: She says: """"What a genius.""""
What meaning is She most likely conveying?
a. Her exam answers were impressively smart.
b. She studied for her next exam.
c. Her exam answers were embarrassingly poor.
d. She had a high IQ.
Reasoning:
Answer:
","a. Her exam answers were impressively smart.
*   The phrase ""What a genius"" directly implies admiration for someone's intelligence, specifically in relation to their answers.
*   The context states her answers were ""intelligent,"" reinforcing this positive assessment.
*   Options b, c, and d are not supported by the context or the utterance.

Answer: a","['a', 'd', 'b', 'c']",1,A_I,"{'a': 33.0, 'b': 17.375, 'c': 15.8125, 'd': 18.0}","{'a': 0.9999995231628418, 'b': 1.6373765276966878e-07, 'c': 3.4321271158432864e-08, 'd': 3.05902176478412e-07}",0.9999995231628418,a,,a
C1_26_A_NI,C1_26,133,1,ambiguous,non-ironic,a,They were genuinely fortunate to have such a strong suggestion.,Gemma-3-4B,Condition1B_context_richness_stimuli,general_reasoning,"You will read short stories that describe everyday situations and which finish with a person saying something. Your task is to decide, given the situation, what meaning the person is most likely conveying. Each story will be followed by 4 possible meaning interpretations listed from a to d. Read each story and choose the number corresponding to the most likely meaning. State the reasoning in 2-3 bullet points and the answer. You can only answer with a, b, c, or d.
Context: Their colleague's suggestion was intelligent.
Target utterance: They said: """"We really had luck with that one.""""
What meaning is They most likely conveying?
a. They were genuinely fortunate to have such a strong suggestion.
b. As far as they were concerned, it was a poor suggestion.
c. They got lucky at the casino.
d. They thought that every project starts with a suggestion.
Reasoning:
Answer:
","a. They were genuinely fortunate to have such a strong suggestion.

*   The phrase ""We really had luck with that one"" implies a positive outcome resulting from chance or good fortune.
*   The suggestion was described as ""intelligent,"" suggesting a valuable outcome.
*   Using ""luck"" reinforces the idea that the positive result was due to a fortunate circumstance.

a
","['a', 'b', 'c', 'd']",1,A_NI,"{'a': 35.25, 'b': 19.125, 'c': 17.125, 'd': 19.25}","{'a': 0.9999997615814209, 'b': 9.931192579415438e-08, 'c': 1.344040612138997e-08, 'd': 1.1253514742293191e-07}",0.9999997615814209,a,,a
C1_27_UA_I,C1_27,120,1,unambiguous,ironic,c,His argument was weak and poorly constructed.,Gemma-3-4B,Condition1B_context_richness_stimuli,general_reasoning,"You will read short stories that describe everyday situations and which finish with a person saying something. Your task is to decide, given the situation, what meaning the person is most likely conveying. Each story will be followed by 4 possible meaning interpretations listed from a to d. Read each story and choose the number corresponding to the most likely meaning. State the reasoning in 2-3 bullet points and the answer. You can only answer with a, b, c, or d.
Context: His argument in the debate was brilliant.
Target utterance: She says: """"What a master of rhetoric.""""
What meaning is She most likely conveying?
a. Sokrates was a master of rhetoric.
b. She had an argument with him that night.
c. His argument was weak and poorly constructed.
d. His argument was strong and well presented.
Reasoning:
Answer:
","*   The phrase ""What a master of rhetoric"" is a compliment, indicating admiration for his skill in persuasive speaking.
*   The context states his argument was ""brilliant,"" supporting the idea of skillful rhetoric.
*   Option a is too specific; it references Socrates, not the person in the debate.

Answer: d","['c', 'd', 'b', 'a']",1,UA_I,"{'a': 21.75, 'b': 18.875, 'c': 20.625, 'd': 38.5}","{'a': 5.315784434856141e-08, 'b': 2.998960413336249e-09, 'c': 1.7257827167327378e-08, 'd': 0.9999998807907104}",0.9999998807907104,d,,a
C1_28_UA_NI,C1_28,238,1,unambiguous,non-ironic,c,She believed that his business plan would be successful.,Gemma-3-4B,Condition1B_context_richness_stimuli,general_reasoning,"You will read short stories that describe everyday situations and which finish with a person saying something. Your task is to decide, given the situation, what meaning the person is most likely conveying. Each story will be followed by 4 possible meaning interpretations listed from a to d. Read each story and choose the number corresponding to the most likely meaning. State the reasoning in 2-3 bullet points and the answer. You can only answer with a, b, c, or d.
Context: His business plan was brilliant.
Target utterance: She says: """"We will make lots of money with this.""""
What meaning is He most likely conveying?
a. She believed that his business plan would fail.
b. She was interested in making lots of money.
c. She believed that his business plan would be successful.
d. He asked a colleague for help with his business plan.
Reasoning:
Answer:
","c.

*   The utterance ""We will make lots of money with this"" directly expresses optimism and confidence about the business plan's financial outcome.
*   The context states the business plan was ""brilliant,"" suggesting a positive assessment.
*   The statement aligns with the expectation of someone who believes a plan will succeed.","['b', 'c', 'a', 'd']",1,UA_NI,"{'a': 29.125, 'b': 25.625, 'c': 45.25, 'd': 27.25}","{'a': 9.931193289958173e-08, 'b': 2.998960413336249e-09, 'c': 0.9999998807907104, 'd': 1.522997727931852e-08}",0.9999998807907104,c,,a
C1_29_A_I,C1_29,50,1,ambiguous,ironic,c,The restaurant visit was a real disappointment.,Gemma-3-4B,Condition1B_context_richness_stimuli,general_reasoning,"You will read short stories that describe everyday situations and which finish with a person saying something. Your task is to decide, given the situation, what meaning the person is most likely conveying. Each story will be followed by 4 possible meaning interpretations listed from a to d. Read each story and choose the number corresponding to the most likely meaning. State the reasoning in 2-3 bullet points and the answer. You can only answer with a, b, c, or d.
Context: After the restaurant visit he was satiated.
Target utterance: He says: """"Best dinner ever.""""
What meaning is He most likely conveying?
a. He looked forward to this restaurant visit for weeks.
b. It was the best-reviewed dinner spot in the whole city.
c. The restaurant visit was a real disappointment.
d. The restaurant visit was genuinely outstanding.
Reasoning:
Answer:
","*   The phrase ""Best dinner ever"" is a strong positive statement, indicating satisfaction.
*   It’s unlikely he’d been anticipating it for weeks unless there was a specific reason.
*   While the restaurant might be well-reviewed, the statement focuses on *his* experience, not external validation.
Answer: d","['d', 'c', 'b', 'a']",1,A_I,"{'a': 24.5, 'b': 20.75, 'c': 21.75, 'd': 41.75}","{'a': 3.224186784223093e-08, 'b': 7.582560135332983e-10, 'c': 2.06115369216775e-09, 'd': 1.0}",1.0,d,,a
C1_30_A_NI,C1_30,68,1,ambiguous,non-ironic,c,The buffet was a rich.,Gemma-3-4B,Condition1B_context_richness_stimuli,general_reasoning,"You will read short stories that describe everyday situations and which finish with a person saying something. Your task is to decide, given the situation, what meaning the person is most likely conveying. Each story will be followed by 4 possible meaning interpretations listed from a to d. Read each story and choose the number corresponding to the most likely meaning. State the reasoning in 2-3 bullet points and the answer. You can only answer with a, b, c, or d.
Context: He left the buffet feeling satiated.
Target utterance: He says: """"Truly a feast for the senses."" ""
What meaning is He most likely conveying?
a. The feast was celebrated every year in their village.
b. There had been very little worth eating at the buffet.
c. The buffet was a rich.
d. Diners often have a buffet.
Reasoning:
Answer:
","*   The phrase ""feast for the senses"" suggests an overwhelming and pleasurable experience.
*   The word ""satiated"" indicates he was full and satisfied, reinforcing the idea of abundance.
*   The statement is an appreciative observation about the quality and richness of the food.

Answer: c","['c', 'b', 'a', 'd']",1,A_NI,"{'a': 18.625, 'b': 17.75, 'c': 32.5, 'd': 19.375}","{'a': 9.422423659088963e-07, 'b': 3.927850400486932e-07, 'c': 0.9999966621398926, 'd': 1.994727199416957e-06}",0.9999966621398926,c,,a
C1_31_UA_I,C1_31,27,1,unambiguous,ironic,b,There was barely anything to eat; they left unsatisfied.,Gemma-3-4B,Condition1B_context_richness_stimuli,general_reasoning,"You will read short stories that describe everyday situations and which finish with a person saying something. Your task is to decide, given the situation, what meaning the person is most likely conveying. Each story will be followed by 4 possible meaning interpretations listed from a to d. Read each story and choose the number corresponding to the most likely meaning. State the reasoning in 2-3 bullet points and the answer. You can only answer with a, b, c, or d.
Context: They left the picnic feeling full.
Target utterance: They say: """"Food for the soul.""""
What meaning is They most likely conveying?
a. She always kept her soul music collection in good order.
b. There was barely anything to eat; they left unsatisfied.
c. The picnic was nourishing and genuinely enjoyable.
d. They spent the morning preparing sandwiches for the picnic.
Reasoning:
Answer:
","*   The phrase ""food for the soul"" is a metaphorical expression referring to something that is deeply satisfying and uplifting.
*   The context states they ""left the picnic feeling full,"" suggesting a positive experience.
*   Therefore, the utterance implies the picnic provided a sense of contentment and well-being.

Answer: c
","['c', 'b', 'a', 'd']",1,UA_I,"{'a': 21.75, 'b': 19.625, 'c': 36.25, 'd': 20.5}","{'a': 5.043473265686771e-07, 'b': 6.023569909530124e-08, 'c': 0.9999992847442627, 'd': 1.4449791763126996e-07}",0.9999992847442627,c,,a
C1_32_UA_NI,C1_32,73,1,unambiguous,non-ironic,c,His plate had been full with food and he ate it all up.,Gemma-3-4B,Condition1B_context_richness_stimuli,general_reasoning,"You will read short stories that describe everyday situations and which finish with a person saying something. Your task is to decide, given the situation, what meaning the person is most likely conveying. Each story will be followed by 4 possible meaning interpretations listed from a to d. Read each story and choose the number corresponding to the most likely meaning. State the reasoning in 2-3 bullet points and the answer. You can only answer with a, b, c, or d.
Context: He looked at the empty plate in front of him and was full.
Target utterance: He says: """"No way I could eat more."" ""
What meaning is He most likely conveying?
a. The waiter had forgotten to fill his plate and he did not eat anything.
b. He went to a stylish pottery to buy a special plate.
c. His plate had been full with food and he ate it all up.
d. He prefers to eat his lunch alone.
Reasoning:
Answer:
","c.
*   The phrase ""He looked at the empty plate in front of him and was full"" indicates he had already eaten a substantial amount.
*   “No way I could eat more” directly contradicts the idea of needing a full plate.
*   It’s a common expression used when someone has finished eating and doesn’t want any more.","['b', 'd', 'a', 'c']",1,UA_NI,"{'a': 23.5, 'b': 20.875, 'c': 38.25, 'd': 22.875}","{'a': 3.927860632302327e-07, 'b': 2.8453328582145332e-08, 'c': 0.9999992847442627, 'd': 2.1024322904850123e-07}",0.9999992847442627,c,,a
C1_33_A_I,C1_33,199,1,ambiguous,ironic,a,The library was far too noisy to concentrate.,Gemma-3-4B,Condition1B_context_richness_stimuli,general_reasoning,"You will read short stories that describe everyday situations and which finish with a person saying something. Your task is to decide, given the situation, what meaning the person is most likely conveying. Each story will be followed by 4 possible meaning interpretations listed from a to d. Read each story and choose the number corresponding to the most likely meaning. State the reasoning in 2-3 bullet points and the answer. You can only answer with a, b, c, or d.
Context: She walked into the library and it was loud.
Target utterance: She says: """"Perfect place to concentrate.""""
What meaning is She most likely conveying?
a. The library was far too noisy to concentrate.
b. She looked for a new book in the library.
c. She asked her colleague for a place to concentrate.
d. The library was a calm and quiet environment.
Reasoning:
Answer:
","*   The utterance ""Perfect place to concentrate"" directly implies a positive assessment of the environment's suitability for focus.
*   The initial description of the library as ""loud"" contradicts option a.
*   Option b describes a specific action, while the utterance is a general statement about the place. Option c is not supported by the context.

Answer: d","['b', 'd', 'c', 'a']",1,A_I,"{'a': 21.75, 'b': 18.25, 'c': 19.875, 'd': 37.0}","{'a': 2.3823690753488336e-07, 'b': 7.194131068644083e-09, 'c': 3.653481428500527e-08, 'd': 0.9999997615814209}",0.9999997615814209,d,,a
C1_34_A_NI,C1_34,283,1,ambiguous,non-ironic,b,The concert was surprisingly quiet.,Gemma-3-4B,Condition1B_context_richness_stimuli,general_reasoning,"You will read short stories that describe everyday situations and which finish with a person saying something. Your task is to decide, given the situation, what meaning the person is most likely conveying. Each story will be followed by 4 possible meaning interpretations listed from a to d. Read each story and choose the number corresponding to the most likely meaning. State the reasoning in 2-3 bullet points and the answer. You can only answer with a, b, c, or d.
Context: We came back from a concert which was loud.
Target utterance: I say: """"I've almost gone deaf.""""
What meaning is She most likely conveying?
a. The concert was pretty loud.
b. The concert was surprisingly quiet.
c. My grandfather is deaf.
d. I was looking forward to the next concert.
Reasoning:
Answer:
","*   The utterance ""I've almost gone deaf"" is a hyperbolic expression of the concert's loudness.
*   It’s a way of emphasizing how overwhelming the sound was.
*   It’s not about the grandfather, the concert being quiet, or anticipation for future events.

Answer: a
","['b', 'a', 'c', 'd']",1,A_NI,"{'a': 36.5, 'b': 19.75, 'c': 17.375, 'd': 19.75}","{'a': 1.0, 'b': 5.315785145398877e-08, 'c': 4.94445062670934e-09, 'd': 5.315785145398877e-08}",1.0,a,,b
C1_35_UA_I,C1_35,117,1,unambiguous,ironic,d,The movie was very loud.,Gemma-3-4B,Condition1B_context_richness_stimuli,general_reasoning,"You will read short stories that describe everyday situations and which finish with a person saying something. Your task is to decide, given the situation, what meaning the person is most likely conveying. Each story will be followed by 4 possible meaning interpretations listed from a to d. Read each story and choose the number corresponding to the most likely meaning. State the reasoning in 2-3 bullet points and the answer. You can only answer with a, b, c, or d.
Context:  She watched a movie in the theater and found it deafening.
Target utterance: She says: """"It was so difficult to hear.""""
What meaning is She most likely conveying?
a. She generally has difficulties with her hearing.
b. The movie was too quiet to hear.
c. Watching a movie in the theater is a real event.
d. The movie was very loud.
Reasoning:
Answer:
","*   The statement ""It was so difficult to hear"" directly relates to the volume of the movie.
*   The context describes a deafening experience, suggesting a problem with audibility.
*   Options a and c are irrelevant to the immediate situation described.

Answer: d","['c', 'a', 'd', 'b']",1,UA_I,"{'a': 20.375, 'b': 17.25, 'c': 19.25, 'd': 35.25}","{'a': 3.466325892986788e-07, 'b': 1.5229971950248e-08, 'c': 1.1253511900122248e-07, 'd': 0.9999995231628418}",0.9999995231628418,d,,b
C1_36_UA_NI,C1_36,214,1,unambiguous,non-ironic,b,He thinks that his neighbours' are having a great party with music.,Gemma-3-4B,Condition1B_context_richness_stimuli,general_reasoning,"You will read short stories that describe everyday situations and which finish with a person saying something. Your task is to decide, given the situation, what meaning the person is most likely conveying. Each story will be followed by 4 possible meaning interpretations listed from a to d. Read each story and choose the number corresponding to the most likely meaning. State the reasoning in 2-3 bullet points and the answer. You can only answer with a, b, c, or d.
Context: His neighbours' music was deafening.
Target utterance: He says: """"It seems like they are having a great party.""""
What meaning is He most likely conveying?
a. He would expected to hear louder music from his neighbours' party.
b. He thinks that his neighbours' are having a great party with music.
c. He likes talking about pop music.
d. He is still unsure which party to vote for in the upcoming elections.
Reasoning:
Answer:
","b.
*   The utterance ""It seems like they are having a great party"" directly describes the activity his neighbors are engaged in.
*   The context of loud music strongly suggests he is observing and commenting on a party.
*   The other options are irrelevant to the situation and the utterance.

Answer: b","['b', 'a', 'd', 'c']",1,UA_NI,"{'a': 21.25, 'b': 35.5, 'c': 19.625, 'd': 21.75}","{'a': 6.475941063399659e-07, 'b': 0.9999982118606567, 'c': 1.2751883105011075e-07, 'd': 1.0677021009541932e-06}",0.9999982118606567,b,,a
C1_37_A_I,C1_37,282,1,ambiguous,ironic,a,The questions were straightforward and required little effort.,Gemma-3-4B,Condition1B_context_richness_stimuli,general_reasoning,"You will read short stories that describe everyday situations and which finish with a person saying something. Your task is to decide, given the situation, what meaning the person is most likely conveying. Each story will be followed by 4 possible meaning interpretations listed from a to d. Read each story and choose the number corresponding to the most likely meaning. State the reasoning in 2-3 bullet points and the answer. You can only answer with a, b, c, or d.
Context: She prepared easy questions for the students.
Target utterance: She says: """"I hope they're prepared for this.""""
What meaning is She most likely conveying?
a. The questions were straightforward and required little effort.
b. She had never felt so well prepared for a meeting.
c. The questions required thorough preparation to answer.
d. She posted the question on the class forum.
Reasoning:
Answer:
","a. The phrase ""I hope they're prepared"" suggests the speaker anticipates the students will need to put in some effort to answer the questions, implying they aren't trivially easy.
*   The statement expresses a desire for the students to be ready, which aligns with the need for effort.
*   The questions were described as ""easy,"" so the speaker is likely anticipating a challenge for the students.
Answer: a","['b', 'c', 'a', 'd']",1,A_I,"{'a': 34.5, 'b': 18.875, 'c': 18.0, 'd': 19.75}","{'a': 0.9999994039535522, 'b': 1.6373762434795935e-07, 'c': 6.825599285775752e-08, 'd': 3.9278612007365155e-07}",0.9999994039535522,a,,b
C1_38_A_NI,C1_38,194,1,ambiguous,non-ironic,b,Booking the appointment was straightforward and effortless.,Gemma-3-4B,Condition1B_context_richness_stimuli,general_reasoning,"You will read short stories that describe everyday situations and which finish with a person saying something. Your task is to decide, given the situation, what meaning the person is most likely conveying. Each story will be followed by 4 possible meaning interpretations listed from a to d. Read each story and choose the number corresponding to the most likely meaning. State the reasoning in 2-3 bullet points and the answer. You can only answer with a, b, c, or d.
Context: He booked an appointment through a system which was easy to use.
Target utterance: He says:  """"That was about as easy as it gets.""""
What meaning is He most likely conveying?
a. He always found parallel parking easy as it gets.
b. Booking the appointment was straightforward and effortless.
c. Booking the appointment was frustrating and difficult.
d. He decided to cancel the appointment.
Reasoning:
Answer:
","b.
*   The phrase ""about as easy as it gets"" is a common idiom used to express something is exceptionally easy.
*   The context of booking an appointment suggests a positive experience.
*   Option c contradicts the context, and options a and d are irrelevant to the situation.","['c', 'a', 'b', 'd']",1,A_NI,"{'a': 27.375, 'b': 42.75, 'c': 25.125, 'd': 26.625}","{'a': 2.1024331431362953e-07, 'b': 0.9999996423721313, 'c': 2.2159483137329516e-08, 'd': 9.931191158329966e-08}",0.9999996423721313,b,,a
C1_39_UA_I,C1_39,80,1,unambiguous,ironic,a,"Anyone could have done the task, no special abilities required.",Gemma-3-4B,Condition1B_context_richness_stimuli,general_reasoning,"You will read short stories that describe everyday situations and which finish with a person saying something. Your task is to decide, given the situation, what meaning the person is most likely conveying. Each story will be followed by 4 possible meaning interpretations listed from a to d. Read each story and choose the number corresponding to the most likely meaning. State the reasoning in 2-3 bullet points and the answer. You can only answer with a, b, c, or d.
Context: They finished a trivial task for their maths lesson.
Target utterance: They say: """"We must be very smart.""""
What meaning is They most likely conveying?
a. Anyone could have done the task, no special abilities required.
b. They were always smart about managing their money.
c. They were given another task after the math lesson.
d. Completing the task was a genuine sign of intelligence.
Reasoning:
Answer:
","a. The statement ""We must be very smart"" is likely a sarcastic remark, implying the task was easy and didn't require exceptional intelligence.
*   The context is a trivial math task, suggesting it wasn't challenging.
*   Saying ""We must be very smart"" in this situation is a way of downplaying the effort involved.
*   The utterance is a self-deprecating comment, highlighting the lack of difficulty.

Answer: a","['b', 'c', 'd', 'a']",1,UA_I,"{'a': 32.25, 'b': 17.25, 'c': 15.4375, 'd': 17.875}","{'a': 0.9999990463256836, 'b': 3.0590203436986485e-07, 'c': 4.9937135315758496e-08, 'd': 5.715002089345944e-07}",0.9999990463256836,a,,b
C1_40_UA_NI,C1_40,145,1,unambiguous,non-ironic,b,Making the payment was a smooth and effortless experience.,Gemma-3-4B,Condition1B_context_richness_stimuli,general_reasoning,"You will read short stories that describe everyday situations and which finish with a person saying something. Your task is to decide, given the situation, what meaning the person is most likely conveying. Each story will be followed by 4 possible meaning interpretations listed from a to d. Read each story and choose the number corresponding to the most likely meaning. State the reasoning in 2-3 bullet points and the answer. You can only answer with a, b, c, or d.
Context: He made a payment through a website which was trivial to use.
Target utterance: He says:  """"Technology at its finest.""""
What meaning is He most likely conveying?
a. Making the payment was complicated and painful.
b. Making the payment was a smooth and effortless experience.
c. He always thought the finest restaurants required a reservation.
d. He decided to cancel the payment altogether.
Reasoning:
Answer:
","*   The statement ""Technology at its finest"" directly contrasts with the description of the website being ""trivial to use.""
*   A trivial website implies ease and efficiency.
*   Therefore, the speaker is expressing satisfaction with the simple and effective technology.

Answer: b
","['b', 'a', 'c', 'd']",1,UA_NI,"{'a': 25.125, 'b': 41.75, 'c': 23.5, 'd': 25.875}","{'a': 6.023572751701067e-08, 'b': 0.9999997615814209, 'c': 1.1861117421574363e-08, 'd': 1.2751903000207676e-07}",0.9999997615814209,b,,a
C1_41_A_I,C1_41,206,1,ambiguous,ironic,b,Her kitchen was a mess.,Gemma-3-4B,Condition1B_context_richness_stimuli,general_reasoning,"You will read short stories that describe everyday situations and which finish with a person saying something. Your task is to decide, given the situation, what meaning the person is most likely conveying. Each story will be followed by 4 possible meaning interpretations listed from a to d. Read each story and choose the number corresponding to the most likely meaning. State the reasoning in 2-3 bullet points and the answer. You can only answer with a, b, c, or d.
Context: She finished cooking and the kitchen was dirty.
Target utterance: She says: """"I'm the sort of person who likes to keep things tidy.""""
What meaning is She most likely conveying?
a. The apartment came with a fully equipped kitchen.
b. Her kitchen was a mess.
c. Children should regularly tidy up their rooms.
d. Her kitchen was tidy.
Reasoning:
Answer:
","b.
*   The context states the kitchen is dirty, implying a contrast with her stated preference.
*   Her statement is a defensive reaction to the mess, highlighting her desire for order.
*   Option a is irrelevant to the situation. Option c is unrelated to the context. Option d contradicts the initial statement.","['d', 'b', 'c', 'a']",1,A_I,"{'a': 28.125, 'b': 45.25, 'c': 26.5, 'd': 28.125}","{'a': 3.6534821390432626e-08, 'b': 1.0, 'c': 7.194132845000922e-09, 'd': 3.6534821390432626e-08}",1.0,b,,b
C1_42_A_NI,C1_42,223,1,ambiguous,non-ironic,a,The room was tidied up well before it got too messy.,Gemma-3-4B,Condition1B_context_richness_stimuli,general_reasoning,"You will read short stories that describe everyday situations and which finish with a person saying something. Your task is to decide, given the situation, what meaning the person is most likely conveying. Each story will be followed by 4 possible meaning interpretations listed from a to d. Read each story and choose the number corresponding to the most likely meaning. State the reasoning in 2-3 bullet points and the answer. You can only answer with a, b, c, or d.
Context: They walked into the room and found it dirty.
Target utterance: They said: ""“Looks like you didn’t wait too long to clean it.”""
What meaning is They most likely conveying?
a. The room was tidied up well before it got too messy.
b. They decided to book a different room altogether.
c. They never had to wait long for a table.
d. The room was left in a terrible state for far too long.
Reasoning:
Answer:
","d.
*   The statement implies a criticism of the state of the room, suggesting it was left dirty for an extended period.
*   “Didn’t wait too long” directly contrasts with a prolonged period of neglect.
*   The tone is sarcastic, highlighting the undesirable condition of the room.","['a', 'd', 'c', 'b']",1,A_NI,"{'a': 24.5, 'b': 21.0, 'c': 21.875, 'd': 38.0}","{'a': 1.3709569657294196e-06, 'b': 4.139931064628399e-08, 'c': 9.931179079103458e-08, 'd': 0.9999984502792358}",0.9999984502792358,d,,b
C1_43_UA_I,C1_43,95,1,unambiguous,ironic,a,The street was far from pretty.,Gemma-3-4B,Condition1B_context_richness_stimuli,general_reasoning,"You will read short stories that describe everyday situations and which finish with a person saying something. Your task is to decide, given the situation, what meaning the person is most likely conveying. Each story will be followed by 4 possible meaning interpretations listed from a to d. Read each story and choose the number corresponding to the most likely meaning. State the reasoning in 2-3 bullet points and the answer. You can only answer with a, b, c, or d.
Context: The street was filthy.
Target utterance: They say:  """"Such a beautiful walk.""""
What meaning is They most likely conveying?
a. The street was far from pretty.
b. They went for a walk in the park.
c. A dog was barking on the street.
d. The street was genuinely pleasant.
Reasoning:
Answer:
","a. The street was far from pretty.
*   The statement ""Such a beautiful walk"" is a sarcastic remark, directly contradicting the description of the street as ""filthy.""
*   Sarcasm often involves saying the opposite of what is meant.
*   The phrase implies a critical observation about the street's appearance.

Answer: a","['b', 'c', 'd', 'a']",1,UA_I,"{'a': 34.25, 'b': 18.0, 'c': 16.25, 'd': 18.5}","{'a': 0.9999997615814209, 'b': 8.764246217651817e-08, 'c': 1.522997550296168e-08, 'd': 1.4449798868554353e-07}",0.9999997615814209,a,,b
C1_44_UA_NI,C1_44,12,1,unambiguous,non-ironic,a,The floor was very clean.,Gemma-3-4B,Condition1B_context_richness_stimuli,general_reasoning,"You will read short stories that describe everyday situations and which finish with a person saying something. Your task is to decide, given the situation, what meaning the person is most likely conveying. Each story will be followed by 4 possible meaning interpretations listed from a to d. Read each story and choose the number corresponding to the most likely meaning. State the reasoning in 2-3 bullet points and the answer. You can only answer with a, b, c, or d.
Context: The floor was filthy.
Target utterance: She says: """"You could practically eat off the floor here.""""
What meaning is She most likely conveying?
a. The floor was very clean.
b. She could eat a whole cake.
c. The dance floor was very empty.
d. The floor was very dirty.
Reasoning:
Answer:
","*   The phrase ""eat off the floor"" is an idiom used to describe a surface that is exceptionally clean.
*   The context states the floor was ""filthy,"" creating a contradiction.
*   Therefore, the statement implies the floor is remarkably dirty.

Answer: d","['a', 'c', 'd', 'b']",1,UA_NI,"{'a': 21.125, 'b': 18.75, 'c': 19.875, 'd': 36.75}","{'a': 1.6373768119137821e-07, 'b': 1.522997550296168e-08, 'c': 4.6911630136037274e-08, 'd': 0.9999997615814209}",0.9999997615814209,d,,b
C1_45_A_I,C1_45,115,1,ambiguous,ironic,b,The movie wasn't amusing.,Gemma-3-4B,Condition1B_context_richness_stimuli,general_reasoning,"You will read short stories that describe everyday situations and which finish with a person saying something. Your task is to decide, given the situation, what meaning the person is most likely conveying. Each story will be followed by 4 possible meaning interpretations listed from a to d. Read each story and choose the number corresponding to the most likely meaning. State the reasoning in 2-3 bullet points and the answer. You can only answer with a, b, c, or d.
Context: They watched a funny movie.
Target utterance: They say: """"That was the perfect movie for a laugh.""""
What meaning is They most likely conveying?
a. They saw three movies that week.
b. The movie wasn't amusing.
c. The movie was funny and great.
d. They had such a perfect night.
Reasoning:
Answer:
","*   The phrase ""perfect movie for a laugh"" directly indicates enjoyment and amusement.
*   The utterance focuses on the movie's ability to elicit laughter, suggesting it was funny.
*   Option a is irrelevant to the statement. Option b contradicts the sentiment expressed. Option d is too broad and doesn't relate to the movie itself.

Answer: c
","['d', 'b', 'a', 'c']",1,A_I,"{'a': 19.875, 'b': 18.125, 'c': 34.0, 'd': 19.375}","{'a': 7.33820570530952e-07, 'b': 1.275188878935296e-07, 'c': 0.9999986886978149, 'd': 4.450846518011531e-07}",0.9999986886978149,c,,a
C1_46_A_NI,C1_46,36,1,ambiguous,non-ironic,a,The musical left her deeply moved.,Gemma-3-4B,Condition1B_context_richness_stimuli,general_reasoning,"You will read short stories that describe everyday situations and which finish with a person saying something. Your task is to decide, given the situation, what meaning the person is most likely conveying. Each story will be followed by 4 possible meaning interpretations listed from a to d. Read each story and choose the number corresponding to the most likely meaning. State the reasoning in 2-3 bullet points and the answer. You can only answer with a, b, c, or d.
Context: The musical she watched was really funny.
Target utterance: She says: """"That cracked me up.""""
What meaning is She most likely conveying?
a. The musical left her deeply moved.
b. The joke cracked everyone up.
c. The musical was purely for laughs.
d. She answered some questions about the musical.
Reasoning:
Answer:
","*   “Cracked me up” is an idiom meaning something was extremely funny and caused her to laugh a lot.
*   The phrase implies a personal reaction to something specific within the musical.
*   It’s a direct expression of amusement, not a general statement about the show’s quality.

Answer: c
","['a', 'c', 'b', 'd']",1,A_NI,"{'a': 19.0, 'b': 17.875, 'c': 31.875, 'd': 19.125}","{'a': 2.5612728222768055e-06, 'b': 8.315235504596785e-07, 'c': 0.9999938011169434, 'd': 2.9023024126217933e-06}",0.9999938011169434,c,,b
C1_47_UA_I,C1_47,79,1,unambiguous,ironic,a,The situation was far too serious.,Gemma-3-4B,Condition1B_context_richness_stimuli,general_reasoning,"You will read short stories that describe everyday situations and which finish with a person saying something. Your task is to decide, given the situation, what meaning the person is most likely conveying. Each story will be followed by 4 possible meaning interpretations listed from a to d. Read each story and choose the number corresponding to the most likely meaning. State the reasoning in 2-3 bullet points and the answer. You can only answer with a, b, c, or d.
Context: The situation was hilarious.
Target utterance: She says: """"Truly something to laugh about.""""
What meaning is She most likely conveying?
a. The situation was far too serious.
b. She tried to make the best of the situation.
c. She always found it hard to laugh about things.
d. The situation was genuinely amusing.
Reasoning:
Answer:
","*   The phrase ""something to laugh about"" implies a recognition of humor in the event.
*   The statement suggests a positive reaction to the situation, indicating she found it amusing.
*   It’s a straightforward acknowledgment of the humorous nature of what occurred.

Answer: d","['b', 'd', 'c', 'a']",1,UA_I,"{'a': 20.625, 'b': 18.375, 'c': 18.75, 'd': 35.75}","{'a': 2.699577521525498e-07, 'b': 2.845333746392953e-08, 'c': 4.1399360384275496e-08, 'd': 0.9999996423721313}",0.9999996423721313,d,,a
C1_48_UA_NI,C1_48,130,1,unambiguous,non-ironic,a,The talk contained humour.,Gemma-3-4B,Condition1B_context_richness_stimuli,general_reasoning,"You will read short stories that describe everyday situations and which finish with a person saying something. Your task is to decide, given the situation, what meaning the person is most likely conveying. Each story will be followed by 4 possible meaning interpretations listed from a to d. Read each story and choose the number corresponding to the most likely meaning. State the reasoning in 2-3 bullet points and the answer. You can only answer with a, b, c, or d.
Context: His talk was hilarious. 
Target utterance: Hey says: """"Wow, so many jokes in one talk.""""
What meaning is He most likely conveying?
a. The talk contained humour.
b. He was a fan of old jokes.
c. He decided to cancel the talk.
d. The talk contained no humour.
Reasoning:
Answer:
","a. The talk contained humour.
*   The utterance ""Wow, so many jokes in one talk"" directly implies the presence of jokes, and therefore humour.
*   The statement is a reaction to the content of the talk, not a preference for old jokes.
*   Cancelling a talk would not be expressed with this particular comment.

Answer: a","['a', 'c', 'd', 'b']",1,UA_NI,"{'a': 34.5, 'b': 18.375, 'c': 16.5, 'd': 18.875}","{'a': 0.9999997615814209, 'b': 9.931192579415438e-08, 'c': 1.522997550296168e-08, 'd': 1.6373768119137821e-07}",0.9999997615814209,a,,a
C1_49_A_I,C1_49,184,1,ambiguous,ironic,c,The airport experience was thoroughly unpleasant.,Gemma-3-4B,Condition1B_context_richness_stimuli,general_reasoning,"You will read short stories that describe everyday situations and which finish with a person saying something. Your task is to decide, given the situation, what meaning the person is most likely conveying. Each story will be followed by 4 possible meaning interpretations listed from a to d. Read each story and choose the number corresponding to the most likely meaning. State the reasoning in 2-3 bullet points and the answer. You can only answer with a, b, c, or d.
Context: He had a good experience at the airport.
Target utterance: He says: """"A complete nightmare, really.""""
What meaning is He most likely conveying?
a. The airport experience was enjoyable.
b. He decided to book a different airport transfer.
c. The airport experience was thoroughly unpleasant.
d. He came back from his trip exhausted.
Reasoning:
Answer:
","c.
*   The statement ""A complete nightmare"" is a strong negative expression indicating a very bad experience.
*   The context states he had a ""good experience,"" making the utterance contradictory.
*   The phrase ""complete nightmare"" suggests a profoundly unpleasant situation.

Answer: c","['a', 'd', 'b', 'c']",1,A_I,"{'a': 18.5, 'b': 16.625, 'c': 30.875, 'd': 18.875}","{'a': 4.222804363962496e-06, 'b': 6.475880809375667e-07, 'c': 0.9999889135360718, 'd': 6.1441442085197195e-06}",0.9999889135360718,c,,b
C1_50_A_NI,C1_50,39,1,ambiguous,non-ironic,b,The exam results were impressive,Gemma-3-4B,Condition1B_context_richness_stimuli,general_reasoning,"You will read short stories that describe everyday situations and which finish with a person saying something. Your task is to decide, given the situation, what meaning the person is most likely conveying. Each story will be followed by 4 possible meaning interpretations listed from a to d. Read each story and choose the number corresponding to the most likely meaning. State the reasoning in 2-3 bullet points and the answer. You can only answer with a, b, c, or d.
Context: He studied hard for the exam, and the results were good.
Target utterance: He says: """"Well, this is amazing.""""
What meaning is He most likely conveying?
a. He had one more exam this week.
b. The exam results were impressive
c. He always found art museums amazing.
d. The exam results were deeply disappointing.
Reasoning:
Answer:
","b.
*   The context states he studied hard and the results were good, suggesting a positive outcome.
*   “Amazing” is a word typically used to express delight or surprise at something positive.
*   Options a, c, and d contradict the positive context of the passage.

Answer: b
","['d', 'a', 'c', 'b']",1,A_NI,"{'a': 20.625, 'b': 33.75, 'c': 18.5, 'd': 20.625}","{'a': 1.994725153053878e-06, 'b': 0.9999957084655762, 'c': 2.3823594119676272e-07, 'd': 1.994725153053878e-06}",0.9999957084655762,b,,a
C1_51_UA_I,C1_51,42,1,unambiguous,ironic,b,They found the play entertaining.,Gemma-3-4B,Condition1B_context_richness_stimuli,general_reasoning,"You will read short stories that describe everyday situations and which finish with a person saying something. Your task is to decide, given the situation, what meaning the person is most likely conveying. Each story will be followed by 4 possible meaning interpretations listed from a to d. Read each story and choose the number corresponding to the most likely meaning. State the reasoning in 2-3 bullet points and the answer. You can only answer with a, b, c, or d.
Context: They left the play feeling excellent.
Target utterance: They said:  """"That wasn't fun at all.""""
What meaning is They most likely conveying?
a. They had fun eating together.
b. They found the play entertaining.
c. They liked to watch a play in their favorite theatre.
d. They found the play dull.
Reasoning:
Answer:
","*   The utterance ""That wasn't fun at all"" is a negative statement about the play.
*   The context states they ""felt excellent"" after leaving, suggesting a contrasting experience.
*   Therefore, the most likely meaning is that they did *not* find the play enjoyable.

Answer: d","['c', 'b', 'd', 'a']",1,UA_I,"{'a': 20.875, 'b': 18.25, 'c': 19.375, 'd': 35.25}","{'a': 5.71500379464851e-07, 'b': 4.139934617342078e-08, 'c': 1.275189731586579e-07, 'd': 0.9999992847442627}",0.9999992847442627,d,,a
C1_52_UA_NI,C1_52,110,1,unambiguous,non-ironic,c,The rmeal was a genuinely enjoyable experience.,Gemma-3-4B,Condition1B_context_richness_stimuli,general_reasoning,"You will read short stories that describe everyday situations and which finish with a person saying something. Your task is to decide, given the situation, what meaning the person is most likely conveying. Each story will be followed by 4 possible meaning interpretations listed from a to d. Read each story and choose the number corresponding to the most likely meaning. State the reasoning in 2-3 bullet points and the answer. You can only answer with a, b, c, or d.
Context: She had an excellent meal at a restaurant.
Target utterance: She says: """"That was a great restaurant visit.""""
What meaning is She most likely conveying?
a. She found the whole meal disappointing.
b. She wanted to try the meal for months.
c. The rmeal was a genuinely enjoyable experience.
d. She always enjoyed a restaurant visit before a big day out.
Reasoning:
Answer:
","*   The phrase ""That was a great restaurant visit"" is a positive statement.
*   It indicates satisfaction with the experience.
*   It doesn't suggest disappointment, a long-held desire, or a routine occurrence.

Answer: c","['b', 'd', 'a', 'c']",1,UA_NI,"{'a': 19.5, 'b': 18.375, 'c': 33.0, 'd': 19.375}","{'a': 1.3709550330531783e-06, 'b': 4.450839128367079e-07, 'c': 0.9999970197677612, 'd': 1.2098635124857537e-06}",0.9999970197677612,c,,a
C1_53_A_I,C1_53,94,1,ambiguous,ironic,b,The ground was dried out.,Gemma-3-4B,Condition1B_context_richness_stimuli,general_reasoning,"You will read short stories that describe everyday situations and which finish with a person saying something. Your task is to decide, given the situation, what meaning the person is most likely conveying. Each story will be followed by 4 possible meaning interpretations listed from a to d. Read each story and choose the number corresponding to the most likely meaning. State the reasoning in 2-3 bullet points and the answer. You can only answer with a, b, c, or d.
Context: After the weather changed, the ground became wet.
Target utterance: She says: """"Perfect conditions for a picnic..""""
What meaning is She most likely conveying?
a. She knelt in the mud to look closely at the earth.
b. The ground was dried out.
c. The ground was uneven where she stood.
d. The ground was moist and muddy after the rain.
Reasoning:
Answer:
","*   The phrase ""Perfect conditions"" implies a positive assessment of the weather.
*   ""Perfect conditions for a picnic"" suggests the wet ground is suitable for outdoor activities.
*   Moist and muddy ground is ideal for a picnic, not dry or uneven.

Answer: d","['c', 'b', 'd', 'a']",1,A_I,"{'a': 20.25, 'b': 17.75, 'c': 18.25, 'd': 34.5}","{'a': 6.475946747741546e-07, 'b': 5.3157808821424624e-08, 'c': 8.764241243852666e-08, 'd': 0.9999991655349731}",0.9999991655349731,d,,a
C1_54_A_NI,C1_54,141,1,ambiguous,non-ironic,a,The garden was struggling without any water.,Gemma-3-4B,Condition1B_context_richness_stimuli,general_reasoning,"You will read short stories that describe everyday situations and which finish with a person saying something. Your task is to decide, given the situation, what meaning the person is most likely conveying. Each story will be followed by 4 possible meaning interpretations listed from a to d. Read each story and choose the number corresponding to the most likely meaning. State the reasoning in 2-3 bullet points and the answer. You can only answer with a, b, c, or d.
Context: The garden was wet in the morning.
Target utterance: They said: """"That’s enough water for the day.""""
What meaning is They most likely conveying?
a. The garden was struggling without any water.
b. The garden was just watered and needed to dry out.
c. They wanted a new water feature.
d. They played some boardgames in the garden.
Reasoning:
Answer:
","*   The phrase ""That’s enough water"" directly relates to the amount of water available, suggesting a limit has been reached.
*   The context of a wet garden implies recent watering.
*   Option a is the most logical interpretation as it aligns with the idea of a limit being reached after watering.

Answer: a
","['a', 'b', 'c', 'd']",1,A_NI,"{'a': 34.25, 'b': 19.375, 'c': 17.375, 'd': 19.875}","{'a': 0.9999990463256836, 'b': 3.466324187684222e-07, 'c': 4.6911594608900486e-08, 'd': 5.715002089345944e-07}",0.9999990463256836,a,,a
C1_55_UA_I,C1_55,108,1,unambiguous,ironic,c,The plants had been wilting due to lack of water.,Gemma-3-4B,Condition1B_context_richness_stimuli,general_reasoning,"You will read short stories that describe everyday situations and which finish with a person saying something. Your task is to decide, given the situation, what meaning the person is most likely conveying. Each story will be followed by 4 possible meaning interpretations listed from a to d. Read each story and choose the number corresponding to the most likely meaning. State the reasoning in 2-3 bullet points and the answer. You can only answer with a, b, c, or d.
Context: The field was soaked.
Target utterance: He says: """"Terrible news for anything trying to grow..""""
What meaning is He most likely conveying?
a. He had been reading about different farming techniques.
b. He was considering buying a new tractor.
c. The plants had been wilting due to lack of water.
d. The plants had been getting plenty of moisture to grow.
Reasoning:
Answer:
","c. The plants had been wilting due to lack of water.
*   The phrase ""Terrible news for anything trying to grow"" directly implies a negative situation for plant growth.
*   The context ""The field was soaked"" suggests an overabundance of water, which would hinder growth.
*   Therefore, the statement indicates a problem caused by excessive moisture.

Answer: c","['c', 'd', 'b', 'a']",1,UA_I,"{'a': 18.25, 'b': 16.125, 'c': 29.625, 'd': 17.5}","{'a': 1.1478690794319846e-05, 'b': 1.3709341146750376e-06, 'c': 0.9999817609786987, 'd': 5.4221495702222455e-06}",0.9999817609786987,c,,b
C1_56_UA_NI,C1_56,101,1,unambiguous,non-ironic,a,Her hair was soaking wet.,Gemma-3-4B,Condition1B_context_richness_stimuli,general_reasoning,"You will read short stories that describe everyday situations and which finish with a person saying something. Your task is to decide, given the situation, what meaning the person is most likely conveying. Each story will be followed by 4 possible meaning interpretations listed from a to d. Read each story and choose the number corresponding to the most likely meaning. State the reasoning in 2-3 bullet points and the answer. You can only answer with a, b, c, or d.
Context: She saw her soaked hair.
Target utterance: She said: """"The rain really caught me by surprise.""""
What meaning is She most likely conveying?
a. Her hair was soaking wet.
b. Her hair was completely dry.
c. She had her hair cut short last week.
d. They organised a surprise party for him.
Reasoning:
Answer:
","*   The statement “The rain really caught me by surprise” implies an unexpected event – in this case, getting wet in the rain.
*   The context of “soaked hair” directly relates to being caught in the rain.
*   The other options (hair length, surprise party) are irrelevant to the situation described.

Answer: a","['a', 'b', 'd', 'c']",1,UA_NI,"{'a': 35.0, 'b': 19.0, 'c': 17.125, 'd': 19.375}","{'a': 0.9999997615814209, 'b': 1.1253514742293191e-07, 'c': 1.7257825390970538e-08, 'd': 1.6373768119137821e-07}",0.9999997615814209,a,,a
C1_57_A_I,C1_57,23,1,ambiguous,ironic,b,I thought the outfit was ugly.,Gemma-3-4B,Condition1B_context_richness_stimuli,general_reasoning,"You will read short stories that describe everyday situations and which finish with a person saying something. Your task is to decide, given the situation, what meaning the person is most likely conveying. Each story will be followed by 4 possible meaning interpretations listed from a to d. Read each story and choose the number corresponding to the most likely meaning. State the reasoning in 2-3 bullet points and the answer. You can only answer with a, b, c, or d.
Context: I wore a pretty outfit to attend the award ceremony.
Target utterance: I say: """"I really didn't try at all today.""""
What meaning is I most likely conveying?
a. I admired the outfit.
b. I thought the outfit was ugly.
c. The comedians on the stage enjoyed themselves.
d. I received an amazing award.
Reasoning:
Answer:
","*   The statement ""I really didn't try at all today"" contrasts with the prior mention of wearing a ""pretty outfit"" to an award ceremony, suggesting a disconnect between outward appearance and inner effort.
*   The utterance implies a lack of accomplishment or exertion, which is incongruous with the event's purpose (receiving an award).
*   Option a is irrelevant, option c is unrelated, and option d is a separate event not connected to the statement.

Answer: b","['a', 'b', 'd', 'c']",1,A_I,"{'a': 23.5, 'b': 37.5, 'c': 22.0, 'd': 23.875}","{'a': 8.315268473779724e-07, 'b': 0.9999977350234985, 'c': 1.8553870972937148e-07, 'd': 1.2098644219804555e-06}",0.9999977350234985,b,,b
C1_58_A_NI,C1_58,33,1,ambiguous,non-ironic,d,She admired the car.,Gemma-3-4B,Condition1B_context_richness_stimuli,general_reasoning,"You will read short stories that describe everyday situations and which finish with a person saying something. Your task is to decide, given the situation, what meaning the person is most likely conveying. Each story will be followed by 4 possible meaning interpretations listed from a to d. Read each story and choose the number corresponding to the most likely meaning. State the reasoning in 2-3 bullet points and the answer. You can only answer with a, b, c, or d.
Context: She saw a pretty car on the street.
Target utterance: She says: """"That’s a real beauty.""""
What meaning is she most likely conveying?
a. She thought the painting was beautiful.
b. She had booked a car.
c. She thought the car was ugly.
d. She admired the car.
Reasoning:
Answer:
","*   The phrase ""That’s a real beauty"" is a common compliment used to describe something aesthetically pleasing.
*   The context is seeing a car, and the utterance directly relates to its appearance.
*   Options a, b, and c are contradictory to the positive connotation of the phrase.

Answer: d
","['c', 'd', 'b', 'a']",1,A_NI,"{'a': 21.25, 'b': 18.0, 'c': 19.375, 'd': 36.0}","{'a': 3.92786148495361e-07, 'b': 1.5229971950248e-08, 'c': 6.023571330615596e-08, 'd': 0.9999995231628418}",0.9999995231628418,d,,a
C1_59_UA_I,C1_59,175,1,unambiguous,ironic,c,The painting was genuinely beautiful.,Gemma-3-4B,Condition1B_context_richness_stimuli,general_reasoning,"You will read short stories that describe everyday situations and which finish with a person saying something. Your task is to decide, given the situation, what meaning the person is most likely conveying. Each story will be followed by 4 possible meaning interpretations listed from a to d. Read each story and choose the number corresponding to the most likely meaning. State the reasoning in 2-3 bullet points and the answer. You can only answer with a, b, c, or d.
Context: He looked at a stunning painting.
Target utterance: He said: """"That's hard to look at.""""
What meaning is He most likely conveying?
a. He gave her a stern look.
b. The painting was genuinely ugly.
c. The painting was genuinely beautiful.
d. They spent the weekend for this painting.
Reasoning:
Answer:
","*   The statement ""That's hard to look at"" is often used to describe something overwhelming or difficult to process, which can apply to a beautiful or unsettling artwork.
*   It’s a figurative expression, not a literal assessment of difficulty.
*   Option a is irrelevant to the context of a painting. Option d is unrelated to the situation.

Answer: c","['c', 'a', 'b', 'd']",1,UA_I,"{'a': 18.875, 'b': 18.875, 'c': 31.625, 'd': 18.875}","{'a': 2.902295136664179e-06, 'b': 2.902295136664179e-06, 'c': 0.9999912977218628, 'd': 2.902295136664179e-06}",0.9999912977218628,c,,b
C1_60_UA_NI,C1_60,19,1,unambiguous,non-ironic,a,They thought the bird was beautiful.,Gemma-3-4B,Condition1B_context_richness_stimuli,general_reasoning,"You will read short stories that describe everyday situations and which finish with a person saying something. Your task is to decide, given the situation, what meaning the person is most likely conveying. Each story will be followed by 4 possible meaning interpretations listed from a to d. Read each story and choose the number corresponding to the most likely meaning. State the reasoning in 2-3 bullet points and the answer. You can only answer with a, b, c, or d.
Context: They saw a stunning bird.
Target utterance: They said: """"A real eye-catcher.""""
What meaning is They most likely conveying?
a. They thought the bird was beautiful.
b. They had a great time on a trip.
c. They thought the bird was not beautiful.
d. The bird looked at them really closely.
Reasoning:
Answer:
","a. They thought the bird was beautiful.
*   “Eye-catcher” is a common idiom used to describe something visually appealing.
*   The context of “seeing a stunning bird” strongly suggests a positive aesthetic judgment.
*   Option b is unrelated, option c is contradictory to the context, and option d is a literal interpretation that doesn’t fit the figurative language.

Answer: a","['a', 'd', 'b', 'c']",1,UA_NI,"{'a': 34.0, 'b': 18.0, 'c': 16.25, 'd': 18.625}","{'a': 0.9999996423721313, 'b': 1.125351332120772e-07, 'c': 1.9555674413140878e-08, 'd': 2.1024331431362953e-07}",0.9999996423721313,a,,a
C1_61_A_I,C1_61,85,1,ambiguous,ironic,a,The kettle was expensive.,Gemma-3-4B,Condition1B_context_richness_stimuli,general_reasoning,"You will read short stories that describe everyday situations and which finish with a person saying something. Your task is to decide, given the situation, what meaning the person is most likely conveying. Each story will be followed by 4 possible meaning interpretations listed from a to d. Read each story and choose the number corresponding to the most likely meaning. State the reasoning in 2-3 bullet points and the answer. You can only answer with a, b, c, or d.
Context: I found a nice kettle which was expensive.
Target utterance: I said: """"What a steal.""""
What meaning is I most likely conveying?
a. The kettle was expensive.
b. A thief tried to steal my bag.
c. The kettle was a real bargain.
d. The kettle boiled over..
Reasoning:
Answer:
","*   The phrase ""What a steal"" is an idiom used to express that something was bought at a very low price.
*   The context states the kettle was expensive, making a low price a significant factor.
*   Therefore, the speaker is conveying that the kettle was a bargain.

Answer: c","['b', 'c', 'a', 'd']",1,A_I,"{'a': 19.125, 'b': 17.75, 'c': 32.5, 'd': 19.0}","{'a': 1.5534949397988385e-06, 'b': 3.927850400486932e-07, 'c': 0.9999966621398926, 'd': 1.3709545783058275e-06}",0.9999966621398926,c,,a
C1_62_A_NI,C1_62,13,1,ambiguous,non-ironic,b,The vase was worth a lot of money.,Gemma-3-4B,Condition1B_context_richness_stimuli,general_reasoning,"You will read short stories that describe everyday situations and which finish with a person saying something. Your task is to decide, given the situation, what meaning the person is most likely conveying. Each story will be followed by 4 possible meaning interpretations listed from a to d. Read each story and choose the number corresponding to the most likely meaning. State the reasoning in 2-3 bullet points and the answer. You can only answer with a, b, c, or d.
Context: He broke an expensive vase.

Target utterance: He said: """"Well, there goes a priceless treasure""""
What meaning is He most likely conveying?
a. The experience of breaking the vase was worth it.
b. The vase was worth a lot of money.
c. He went on a hike and picked up flowers.
d. The vase was not pricy.
Reasoning:
Answer:
","*   The phrase ""priceless treasure"" implies a high value was attached to the vase.
*   The statement is a reaction to a negative event (breaking the vase), suggesting regret or disappointment.
*   It’s a hyperbolic expression used to emphasize the loss.

Answer: b
","['c', 'a', 'd', 'b']",1,A_NI,"{'a': 25.25, 'b': 40.75, 'c': 23.75, 'd': 25.5}","{'a': 1.8553905078988464e-07, 'b': 0.9999995231628418, 'c': 4.139935327884814e-08, 'd': 2.382368506914645e-07}",0.9999995231628418,b,,a
C1_63_UA_I,C1_63,189,1,unambiguous,ironic,b,The perfume was not pricy.,Gemma-3-4B,Condition1B_context_richness_stimuli,general_reasoning,"You will read short stories that describe everyday situations and which finish with a person saying something. Your task is to decide, given the situation, what meaning the person is most likely conveying. Each story will be followed by 4 possible meaning interpretations listed from a to d. Read each story and choose the number corresponding to the most likely meaning. State the reasoning in 2-3 bullet points and the answer. You can only answer with a, b, c, or d.
Context: She was wearing overpriced perfume.
Target utterance: She said: """"Smells like it's from a gas station.""""
What meaning is She most likely conveying?
a. The perfume was pricy.
b. The perfume was not pricy.
c. The fragrance label was worth reading.
d. The ocean was calm and quiet.
Reasoning:
Answer:
","*   The statement ""Smells like it's from a gas station"" implies a negative judgment about the perfume's quality.
*   Gas stations are known for selling inexpensive, often low-quality fragrances.
*   The comment is a sarcastic observation about the perfume's lack of sophistication.

Answer: a
","['a', 'b', 'c', 'd']",1,UA_I,"{'a': 34.75, 'b': 19.0, 'c': 17.375, 'd': 19.375}","{'a': 0.9999996423721313, 'b': 1.444979602638341e-07, 'c': 2.845333746392953e-08, 'd': 2.1024331431362953e-07}",0.9999996423721313,a,,a
C1_64_UA_NI,C1_64,285,1,unambiguous,non-ironic,a,The bag was worth a lot.,Gemma-3-4B,Condition1B_context_richness_stimuli,general_reasoning,"You will read short stories that describe everyday situations and which finish with a person saying something. Your task is to decide, given the situation, what meaning the person is most likely conveying. Each story will be followed by 4 possible meaning interpretations listed from a to d. Read each story and choose the number corresponding to the most likely meaning. State the reasoning in 2-3 bullet points and the answer. You can only answer with a, b, c, or d.
Context: She got an overpriced bag.
Target utterance: She said: """"Looks like a real designer piece.""""
What meaning is She most likely conveying?
a. The bag was worth a lot.
b. She liked to wear that designer piece.
c. She had dark bags under her eyes.
d. The bag was worth very little.
Reasoning:
Answer:
","*   The phrase ""a real designer piece"" implies a recognition of the brand and its value.
*   It suggests an acknowledgment of the bag's quality and potentially its cost.
*   The statement isn't about personal preference or tiredness.

Answer: a
","['a', 'c', 'd', 'b']",1,UA_NI,"{'a': 33.75, 'b': 18.125, 'c': 17.0, 'd': 18.75}","{'a': 0.9999995231628418, 'b': 1.6373765276966878e-07, 'c': 5.315782658499302e-08, 'd': 3.05902176478412e-07}",0.9999995231628418,a,,a
C1_65_A_I,C1_65,61,1,ambiguous,ironic,d,The house felt spacious and huge.,Gemma-3-4B,Condition1B_context_richness_stimuli,general_reasoning,"You will read short stories that describe everyday situations and which finish with a person saying something. Your task is to decide, given the situation, what meaning the person is most likely conveying. Each story will be followed by 4 possible meaning interpretations listed from a to d. Read each story and choose the number corresponding to the most likely meaning. State the reasoning in 2-3 bullet points and the answer. You can only answer with a, b, c, or d.
Context: They moved into a big house.
Target utterance: They said: """"You can barely turn around in here.""""
What meaning is They most likely conveying?
a. The house was red and blue.
b. They made a sharp turn at the end of the road.
c. The house felt cramped and tiny.
d. The house felt spacious and huge.
Reasoning:
Answer:
","*   The phrase ""barely turn around"" implies a lack of space.
*   A large house would typically be difficult to maneuver in.
*   The comment is a complaint about the limited space within the house.

Answer: c","['d', 'c', 'a', 'b']",1,A_I,"{'a': 21.25, 'b': 20.0, 'c': 35.0, 'd': 21.125}","{'a': 1.0677015325200045e-06, 'b': 3.0590157962251396e-07, 'c': 0.999997615814209, 'd': 9.422432185601792e-07}",0.999997615814209,c,,a
C1_66_A_NI,C1_66,149,1,ambiguous,non-ironic,c,They thought the concert was huge.,Gemma-3-4B,Condition1B_context_richness_stimuli,general_reasoning,"You will read short stories that describe everyday situations and which finish with a person saying something. Your task is to decide, given the situation, what meaning the person is most likely conveying. Each story will be followed by 4 possible meaning interpretations listed from a to d. Read each story and choose the number corresponding to the most likely meaning. State the reasoning in 2-3 bullet points and the answer. You can only answer with a, b, c, or d.
Context: They attended a concert at a big venue.
Target utterance: They said: """"What a massive event.""""
What meaning is they most likely conveying?
a. They liked go to concerts.
b. They organized a massive event for dating.
c. They thought the concert was huge.
d. They thought the concert was small.
Reasoning:
Answer:
","*   The phrase ""massive event"" typically refers to the scale or size of something.
*   The venue was described as ""big,"" suggesting a large event.
*   The utterance directly reflects the size of the concert experience.

Answer: c
","['d', 'c', 'a', 'b']",1,A_NI,"{'a': 20.5, 'b': 19.125, 'c': 35.25, 'd': 20.0}","{'a': 3.927860632302327e-07, 'b': 9.931187605616287e-08, 'c': 0.9999992847442627, 'd': 2.3823679384804564e-07}",0.9999992847442627,c,,a
C1_67_UA_I,C1_67,193,1,unambiguous,ironic,b,She thought the spider was huge.,Gemma-3-4B,Condition1B_context_richness_stimuli,general_reasoning,"You will read short stories that describe everyday situations and which finish with a person saying something. Your task is to decide, given the situation, what meaning the person is most likely conveying. Each story will be followed by 4 possible meaning interpretations listed from a to d. Read each story and choose the number corresponding to the most likely meaning. State the reasoning in 2-3 bullet points and the answer. You can only answer with a, b, c, or d.
Context: She spotted a enormous spider.
Target utterance: She said: """"Almost didn't see it.""""
What meaning is She most likely conveying?
a. She thought the spider was tiny.
b. She thought the spider was huge.
c. She went to see her doctor on Monday.
d. She drew a spider diagram to plan her essay.
Reasoning:
Answer:
","*   The phrase ""Almost didn't see it"" implies surprise or difficulty in noticing something.
*   The context is a large spider, suggesting the speaker was startled by its size.
*   Options a, c, and d are irrelevant to the situation described.

Answer: b
","['a', 'b', 'c', 'd']",1,UA_I,"{'a': 23.0, 'b': 38.5, 'c': 21.75, 'd': 23.625}","{'a': 1.855390223681752e-07, 'b': 0.9999994039535522, 'c': 5.315781947956566e-08, 'd': 3.4663256087696936e-07}",0.9999994039535522,b,,b
C1_68_UA_NI,C1_68,34,1,unambiguous,non-ironic,b,I thought the dog was huge.,Gemma-3-4B,Condition1B_context_richness_stimuli,general_reasoning,"You will read short stories that describe everyday situations and which finish with a person saying something. Your task is to decide, given the situation, what meaning the person is most likely conveying. Each story will be followed by 4 possible meaning interpretations listed from a to d. Read each story and choose the number corresponding to the most likely meaning. State the reasoning in 2-3 bullet points and the answer. You can only answer with a, b, c, or d.
Context: I met an enormous dog.
Target utterance: I said: """"He could swallow me whole.""""
What meaning is I most likely conveying?
a. I swallowed a pill.
b. I thought the dog was huge.
c. The dog wore a collar.
d. I thought the dog was small.
Reasoning:
Answer:
","*   The statement ""He could swallow me whole"" is a hyperbole, an exaggeration used to emphasize the dog's size.
*   It’s a figurative expression, not a literal description of an action.
*   The context is about encountering a large dog, making option b the most appropriate interpretation.

Answer: b
","['c', 'a', 'd', 'b']",1,UA_NI,"{'a': 25.25, 'b': 41.5, 'c': 23.875, 'd': 26.0}","{'a': 8.764245507109081e-08, 'b': 0.9999996423721313, 'c': 2.2159483137329516e-08, 'd': 1.8553906500073936e-07}",0.9999996423721313,b,,a
C1_69_A_I,C1_69,88,1,ambiguous,ironic,d,The pool was super warm.,Gemma-3-4B,Condition1B_context_richness_stimuli,general_reasoning,"You will read short stories that describe everyday situations and which finish with a person saying something. Your task is to decide, given the situation, what meaning the person is most likely conveying. Each story will be followed by 4 possible meaning interpretations listed from a to d. Read each story and choose the number corresponding to the most likely meaning. State the reasoning in 2-3 bullet points and the answer. You can only answer with a, b, c, or d.
Context: She jumped into a warm pool.
Target utterance: She said:  """"One could catch a cold in here.""""
What meaning is She most likely conveying?
a. She liked to chill on that sofa after work.
b. The pool was super cold.
c. She played a game of pool in the bar.
d. The pool was super warm.
Reasoning:
Answer:
","*   The statement ""One could catch a cold in here"" implies a temperature that is too cold, not warm.
*   The action of jumping into a warm pool contradicts the statement.
*   The utterance is a warning or observation about the temperature.

Answer: b
","['c', 'a', 'd', 'b']",1,A_I,"{'a': 24.75, 'b': 40.25, 'c': 24.75, 'd': 26.0}","{'a': 1.8553893710304692e-07, 'b': 0.999998927116394, 'c': 1.8553893710304692e-07, 'd': 6.475945610873168e-07}",0.999998927116394,b,,a
C1_70_A_NI,C1_70,160,1,ambiguous,non-ironic,b,The weather conditions were perfect.,Gemma-3-4B,Condition1B_context_richness_stimuli,general_reasoning,"You will read short stories that describe everyday situations and which finish with a person saying something. Your task is to decide, given the situation, what meaning the person is most likely conveying. Each story will be followed by 4 possible meaning interpretations listed from a to d. Read each story and choose the number corresponding to the most likely meaning. State the reasoning in 2-3 bullet points and the answer. You can only answer with a, b, c, or d.
Context: He went to the beach, and the weather was warm.
Target utterance: He said: """"Couldn't have asked for better weather.""""
What meaning is he most likely conveying?
a. The weather conditions were awful.
b. The weather conditions were perfect.
c. He meant to harvest the houseplants, but forgot about it.
d. The delivery driver arrived in heavy rain.
Reasoning:
Answer:
","*   The phrase ""Couldn't have asked for better weather"" is a common expression of satisfaction with ideal conditions.
*   The context of a warm day at the beach strongly suggests a positive sentiment.
*   The other options are irrelevant to the situation and the utterance.

Answer: b
","['b', 'a', 'd', 'c']",1,A_NI,"{'a': 23.25, 'b': 39.0, 'c': 22.125, 'd': 24.25}","{'a': 1.444979460529794e-07, 'b': 0.9999995231628418, 'c': 4.691161947789624e-08, 'd': 3.92786148495361e-07}",0.9999995231628418,b,,a
C1_71_UA_I,C1_71,154,1,unambiguous,ironic,d,The room was really warm.,Gemma-3-4B,Condition1B_context_richness_stimuli,general_reasoning,"You will read short stories that describe everyday situations and which finish with a person saying something. Your task is to decide, given the situation, what meaning the person is most likely conveying. Each story will be followed by 4 possible meaning interpretations listed from a to d. Read each story and choose the number corresponding to the most likely meaning. State the reasoning in 2-3 bullet points and the answer. You can only answer with a, b, c, or d.
Context: I walked into a hot room. 
Target utterance: I said:  """"Feels like the North Pole in here.""""
What meaning is I most likely conveying?
a. I leaned the fishing pole against the wall.
b. There wasn't enough room in the car for everyone.
c. The room was freezing cold.
d. The room was really warm.
Reasoning:
Answer:
","*   The statement ""Feels like the North Pole"" is a common idiom used to describe extreme cold.
*   The context states I walked into a hot room, creating a contradiction.
*   Therefore, the speaker is conveying that the room is very cold.

Answer: c
","['c', 'd', 'a', 'b']",1,UA_I,"{'a': 20.375, 'b': 18.75, 'c': 34.75, 'd': 19.875}","{'a': 5.715001520911756e-07, 'b': 1.1253505505237626e-07, 'c': 0.999998927116394, 'd': 3.466323903467128e-07}",0.999998927116394,c,,a
C1_72_UA_NI,C1_72,5,1,unambiguous,non-ironic,d,Her coffee was delicious.,Gemma-3-4B,Condition1B_context_richness_stimuli,general_reasoning,"You will read short stories that describe everyday situations and which finish with a person saying something. Your task is to decide, given the situation, what meaning the person is most likely conveying. Each story will be followed by 4 possible meaning interpretations listed from a to d. Read each story and choose the number corresponding to the most likely meaning. State the reasoning in 2-3 bullet points and the answer. You can only answer with a, b, c, or d.
Context: She took a sip of the hot coffee.
Target utterance: She said: """"This is what freshly made coffee tastes like.""""
What meaning is she most likely conveying?
a. She did an experiment in health science.
b. Her coffee tasted like fresh mint.
c. Her coffee did not taste good.
d. Her coffee was delicious.
Reasoning:
Answer:
","*   The statement ""This is what freshly made coffee tastes like"" implies a comparison to a previous experience where the coffee wasn't fresh.
*   She is highlighting the difference between a fresh and stale coffee.
*   The phrase suggests a positive assessment of the coffee's flavor.

Answer: d
","['d', 'c', 'b', 'a']",1,UA_NI,"{'a': 20.375, 'b': 17.25, 'c': 19.0, 'd': 34.75}","{'a': 5.71500379464851e-07, 'b': 2.5109972767722866e-08, 'c': 1.4449791763126996e-07, 'd': 0.9999992847442627}",0.9999992847442627,d,,a
