Item_ID,base_item,presentation_order,seed,context_level,irony_label,correct_option_pos,correct_option_text,model,dataset,prompt_type,prompt,output,original_option_mapping,run,condition,option_logits_raw,confidence_dist,confidence_top_prob,chosen_option,reasoning,chosen_original_option
C1_01_UA_I,C1_01,196,1,unambiguous,ironic,a,The cat was really hard to lift up.,Gemma-3-4B,Condition1B_context_richness_stimuli,general_reasoning,"You will read short stories that describe everyday situations and which finish with a person saying something. Your task is to decide, given the situation, what meaning the person is most likely conveying. Each story will be followed by 4 possible meaning interpretations listed from a to d. Read each story and choose the number corresponding to the most likely meaning. State the reasoning in 2-3 bullet points and the answer. You can only answer with a, b, c, or d.
Context: He lifted the obese cat from the table.
Target utterance: He said:  """"That was easy!""""
What meaning is He most likely conveying?
a. The cat was really hard to lift up.
b. The cat was easy to lift up.
c. He just got a great deal on a cat bed.
d. The exam was really easy.
Reasoning:
Answer:
","*   The statement ""That was easy!"" directly relates to the action of lifting the cat.
*   The context describes lifting an obese cat, which would likely require some effort.
*   Therefore, the statement implies the action was effortless.

Answer: b
","['b', 'a', 'd', 'c']",3,UA_I,"{'a': 24.75, 'b': 40.25, 'c': 23.125, 'd': 25.375}","{'a': 1.855390223681752e-07, 'b': 0.9999994039535522, 'c': 3.653480007415055e-08, 'd': 3.4663256087696936e-07}",0.9999994039535522,b,,a
C1_02_UA_NI,C1_02,267,1,unambiguous,non-ironic,d,The dog was really heavy to pick up.,Gemma-3-4B,Condition1B_context_richness_stimuli,general_reasoning,"You will read short stories that describe everyday situations and which finish with a person saying something. Your task is to decide, given the situation, what meaning the person is most likely conveying. Each story will be followed by 4 possible meaning interpretations listed from a to d. Read each story and choose the number corresponding to the most likely meaning. State the reasoning in 2-3 bullet points and the answer. You can only answer with a, b, c, or d.
Context: She picked up her obese dog.
Target utterance: She said: """"Heaviest dog ever.""""
What meaning is She most likely conveying?
a. The dog was very light to pick up.
b. She just adopted a new dog.
c. It was the heaviest package she ever carried.
d. The dog was really heavy to pick up.
Reasoning:
Answer:
","*   The statement ""Heaviest dog ever"" directly relates to the physical weight of the dog.
*   Picking up a dog implies a physical action, and the comment refers to the difficulty of that action.
*   The phrase ""ever"" suggests a superlative, emphasizing the dog’s weight.

Answer: d","['b', 'd', 'c', 'a']",3,UA_NI,"{'a': 21.875, 'b': 19.25, 'c': 20.625, 'd': 38.0}","{'a': 9.931193289958173e-08, 'b': 7.194131956822503e-09, 'c': 2.8453344569356886e-08, 'd': 0.9999998807907104}",0.9999998807907104,d,,a
C1_03_A_I,C1_03,93,1,ambiguous,ironic,c,Their friend was hard to lift.,Gemma-3-4B,Condition1B_context_richness_stimuli,general_reasoning,"You will read short stories that describe everyday situations and which finish with a person saying something. Your task is to decide, given the situation, what meaning the person is most likely conveying. Each story will be followed by 4 possible meaning interpretations listed from a to d. Read each story and choose the number corresponding to the most likely meaning. State the reasoning in 2-3 bullet points and the answer. You can only answer with a, b, c, or d.
Context: They lift their overweight friend.
Target utterance: They said: """"Light as a feather.""""
What meaning is They most likely conveying?
a. The feather fell gently to the ground.
b. They decided to go out for dinner with their friend.
c. Their friend was hard to lift.
d. Their friend was very easy to lift.
Reasoning:
Answer:
","*   The phrase ""light as a feather"" is a common idiom used to describe something being very light.
*   The context is that someone is lifting an overweight friend, implying a contrast between the friend's weight and how easily they are being carried.
*   Therefore, the statement is a humorous exaggeration to indicate the friend is remarkably easy to lift.

Answer: d","['c', 'd', 'b', 'a']",3,A_I,"{'a': 20.25, 'b': 17.625, 'c': 18.5, 'd': 34.5}","{'a': 6.475946747741546e-07, 'b': 4.6911601714327844e-08, 'c': 1.125350834740857e-07, 'd': 0.9999991655349731}",0.9999991655349731,d,,a
C1_04_A_NI,C1_04,180,1,ambiguous,non-ironic,d,Holding my nephew took all my strength.,Gemma-3-4B,Condition1B_context_richness_stimuli,general_reasoning,"You will read short stories that describe everyday situations and which finish with a person saying something. Your task is to decide, given the situation, what meaning the person is most likely conveying. Each story will be followed by 4 possible meaning interpretations listed from a to d. Read each story and choose the number corresponding to the most likely meaning. State the reasoning in 2-3 bullet points and the answer. You can only answer with a, b, c, or d.
Context: I held my overweight nephew in my arms.
Target utterance: I said: """"Heavier than an elephant.""""
What meaning is I most likely conveying?
a. My nephew ate a burger that day.
b. Holding my nephew took nothing of my strength.
c. The elephant lumbered slowly across the plain.
d. Holding my nephew took all my strength.
Reasoning:
Answer:
","*   The statement ""Heavier than an elephant"" is an exaggeration used to emphasize the weight of the child.
*   It’s a common idiom to describe something as very heavy.
*   The context is holding a child, making the comparison to an elephant a natural way to express the difficulty.

Answer: d","['d', 'b', 'c', 'a']",3,A_NI,"{'a': 21.625, 'b': 18.75, 'c': 20.75, 'd': 36.75}","{'a': 2.699577521525498e-07, 'b': 1.522997372660484e-08, 'c': 1.125351332120772e-07, 'd': 0.9999996423721313}",0.9999996423721313,d,,a
C1_05_UA_I,C1_05,10,1,unambiguous,ironic,a,The cake tasted really bad.,Gemma-3-4B,Condition1B_context_richness_stimuli,general_reasoning,"You will read short stories that describe everyday situations and which finish with a person saying something. Your task is to decide, given the situation, what meaning the person is most likely conveying. Each story will be followed by 4 possible meaning interpretations listed from a to d. Read each story and choose the number corresponding to the most likely meaning. State the reasoning in 2-3 bullet points and the answer. You can only answer with a, b, c, or d.
Context: She ate a delicious cake.
Target utterance: She said: """"What an amazing flavour.""""
What meaning is She most likely conveying?
a. The cake tasted really bad.
b. The cake tasted really good.
c. The soup smelled absolutely delicious
d. The cake had three candles on top.
Reasoning:
Answer:
","*   The phrase ""What an amazing flavour"" is a positive expression of enjoyment.
*   It directly relates to the taste of the cake.
*   The other options are irrelevant to the context of eating cake.

Answer: b
","['b', 'a', 'c', 'd']",3,UA_I,"{'a': 24.25, 'b': 40.25, 'c': 22.875, 'd': 25.0}","{'a': 1.125351332120772e-07, 'b': 0.9999996423721313, 'c': 2.845333746392953e-08, 'd': 2.3823687911317393e-07}",0.9999996423721313,b,,a
C1_06_UA_NI,C1_06,227,1,unambiguous,non-ironic,c,The medicine tasted surprisingly pleasant.,Gemma-3-4B,Condition1B_context_richness_stimuli,general_reasoning,"You will read short stories that describe everyday situations and which finish with a person saying something. Your task is to decide, given the situation, what meaning the person is most likely conveying. Each story will be followed by 4 possible meaning interpretations listed from a to d. Read each story and choose the number corresponding to the most likely meaning. State the reasoning in 2-3 bullet points and the answer. You can only answer with a, b, c, or d.
Context: He swallowed the medicine and found it delicious.
Target utterance: He said: """"Tastier than expected.""""
What meaning is He most likely conveying?
a. He kept the medicine in the bathroom cabinet.
b. The cake was tastier than expected.
c. The medicine tasted surprisingly pleasant.
d. The medicine tasted absolutely awful.
Reasoning:
Answer:
","*   The phrase ""Tastier than expected"" implies a positive surprise about the taste.
*   The context states he ""swallowed the medicine and found it delicious,"" indicating a positive experience.
*   Option c directly reflects this positive surprise and aligns with the described experience.

Answer: c","['d', 'c', 'a', 'b']",3,UA_NI,"{'a': 20.25, 'b': 18.75, 'c': 34.0, 'd': 19.5}","{'a': 1.0677021009541932e-06, 'b': 2.3823653805266076e-07, 'c': 0.9999982118606567, 'd': 5.043467581344885e-07}",0.9999982118606567,c,,a
C1_07_A_I,C1_07,253,1,ambiguous,ironic,c,The smoothie was thoroughly nasty.,Gemma-3-4B,Condition1B_context_richness_stimuli,general_reasoning,"You will read short stories that describe everyday situations and which finish with a person saying something. Your task is to decide, given the situation, what meaning the person is most likely conveying. Each story will be followed by 4 possible meaning interpretations listed from a to d. Read each story and choose the number corresponding to the most likely meaning. State the reasoning in 2-3 bullet points and the answer. You can only answer with a, b, c, or d.
Context: I took a sip of my smoothie and found it palatable.
Target utterance: I said: """"What a treat.""""
What meaning is I most likely conveying?
a. She gave the dog a treat.
b. She was looking for a new smoothie recipe.
c. The smoothie was thoroughly nasty.
d. The smoothie was thoroughly enjoyable.
Reasoning:
Answer:
","*   The word ""treat"" typically implies something pleasant or enjoyable.
*   The speaker stated the smoothie was ""palatable,"" indicating a positive experience.
*   ""What a treat"" is a common expression of delight when something is good.

Answer: d","['c', 'd', 'b', 'a']",3,A_I,"{'a': 21.5, 'b': 18.875, 'c': 20.625, 'd': 37.25}","{'a': 1.4449798868554353e-07, 'b': 1.0467398503521963e-08, 'c': 6.023572751701067e-08, 'd': 0.9999997615814209}",0.9999997615814209,d,,a
C1_08_A_NI,C1_08,112,1,ambiguous,non-ironic,c,They liked every single bite of the burger.,Gemma-3-4B,Condition1B_context_richness_stimuli,general_reasoning,"You will read short stories that describe everyday situations and which finish with a person saying something. Your task is to decide, given the situation, what meaning the person is most likely conveying. Each story will be followed by 4 possible meaning interpretations listed from a to d. Read each story and choose the number corresponding to the most likely meaning. State the reasoning in 2-3 bullet points and the answer. You can only answer with a, b, c, or d.
Context: They ate a palatable burger.
Target utterance: They said: """"This burger tasted like heaven.""""
What meaning is They most likely conveying?
a. They liked the burger more than the pizza.
b. They could barely force themselves to swallow the burger.
c. They liked every single bite of the burger.
d. The burger was the most expensive item on the menu.
Reasoning:
Answer:
","*   The phrase ""tasted like heaven"" is a common expression of extreme enjoyment and satisfaction.
*   It suggests a positive and pleasurable experience with the food.
*   There is no indication of comparison to pizza, difficulty swallowing, or price.

Answer: c
","['d', 'b', 'a', 'c']",3,A_NI,"{'a': 20.75, 'b': 19.0, 'c': 34.75, 'd': 20.375}","{'a': 8.31527415812161e-07, 'b': 1.4449778973357752e-07, 'c': 0.9999984502792358, 'd': 5.714998678740812e-07}",0.9999984502792358,c,,a
C1_09_UA_I,C1_09,71,1,unambiguous,ironic,c,The babysitter was not taking good care of the kids.,Gemma-3-4B,Condition1B_context_richness_stimuli,general_reasoning,"You will read short stories that describe everyday situations and which finish with a person saying something. Your task is to decide, given the situation, what meaning the person is most likely conveying. Each story will be followed by 4 possible meaning interpretations listed from a to d. Read each story and choose the number corresponding to the most likely meaning. State the reasoning in 2-3 bullet points and the answer. You can only answer with a, b, c, or d.
Context: They hired a brave babysitter.
Target utterance: They said: """"The kids are not safe at all.""""
What meaning is They most likely conveying?
a. The babysitter was taking good care of the kids.
b. The kids had very clean hands.
c. The babysitter was not taking good care of the kids.
d. The babysitter parked her car outside.
Reasoning:
Answer:
","*   The utterance ""The kids are not safe at all"" directly contradicts the fact that they hired a babysitter, implying a problem.
*   The statement suggests a concern for the children's well-being or security.
*   Therefore, the most likely meaning is that the babysitter was not providing adequate care.

Answer: c","['a', 'c', 'b', 'd']",3,UA_I,"{'a': 19.375, 'b': 18.75, 'c': 31.875, 'd': 19.125}","{'a': 3.7266211165842833e-06, 'b': 1.9947167402278865e-06, 'c': 0.9999914169311523, 'd': 2.9022953640378546e-06}",0.9999914169311523,c,,b
C1_10_UA_NI,C1_10,64,1,unambiguous,non-ironic,a,The police officer made them feel very safe.,Gemma-3-4B,Condition1B_context_richness_stimuli,general_reasoning,"You will read short stories that describe everyday situations and which finish with a person saying something. Your task is to decide, given the situation, what meaning the person is most likely conveying. Each story will be followed by 4 possible meaning interpretations listed from a to d. Read each story and choose the number corresponding to the most likely meaning. State the reasoning in 2-3 bullet points and the answer. You can only answer with a, b, c, or d.
Context: They met a brave police officer.
Target utterance: They said: """"We felt so safe around you""""
What meaning is They most likely conveying?
a. The police officer made them feel very safe.
b. The police officer did not make them feel safe at all.
c. They were sitting in a very safe seat.
d. The police officer drank a cup of coffee.
Reasoning:
Answer:
","a. The statement ""We felt so safe around you"" directly expresses a feeling of safety in the presence of the officer.
*   The utterance is a clear declaration of feeling secure.
*   The context of meeting a police officer suggests a connection to safety.
*   Options b, c, and d are irrelevant to the situation and the utterance.

Answer: a","['a', 'b', 'c', 'd']",3,UA_NI,"{'a': 33.75, 'b': 18.125, 'c': 16.125, 'd': 18.5}","{'a': 0.9999996423721313, 'b': 1.637376669805235e-07, 'c': 2.2159483137329516e-08, 'd': 2.3823687911317393e-07}",0.9999996423721313,a,,a
C1_11_A_I,C1_11,131,1,ambiguous,ironic,d,Seeing the pilot made her feel even more anxious.,Gemma-3-4B,Condition1B_context_richness_stimuli,general_reasoning,"You will read short stories that describe everyday situations and which finish with a person saying something. Your task is to decide, given the situation, what meaning the person is most likely conveying. Each story will be followed by 4 possible meaning interpretations listed from a to d. Read each story and choose the number corresponding to the most likely meaning. State the reasoning in 2-3 bullet points and the answer. You can only answer with a, b, c, or d.
Context: She noticed the fearless pilot before boarding.
Target utterance: She said: """"That really shook me up.""""
What meaning is She most likely conveying?
a. She dated a pilot for several months.
b. She settled into her seat and fastened the belt.
c. Seeing the pilot put her completely at ease.
d. Seeing the pilot made her feel even more anxious.
Reasoning:
Answer:
","*   The phrase ""shook me up"" implies a surprising or unsettling experience.
*   The context is a flight, where pilots are associated with flying and potentially risk.
*   Therefore, encountering a fearless pilot would likely be a surprising and potentially unsettling experience for someone who might be anxious about flying.

Answer: d","['d', 'c', 'a', 'b']",3,A_I,"{'a': 22.75, 'b': 20.25, 'c': 22.75, 'd': 39.25}","{'a': 6.825602838489431e-08, 'b': 5.602795560832874e-09, 'c': 6.825602838489431e-08, 'd': 0.9999998807907104}",0.9999998807907104,d,,b
C1_12_A_NI,C1_12,183,1,ambiguous,non-ironic,a,His father showed no fear at all.,Gemma-3-4B,Condition1B_context_richness_stimuli,general_reasoning,"You will read short stories that describe everyday situations and which finish with a person saying something. Your task is to decide, given the situation, what meaning the person is most likely conveying. Each story will be followed by 4 possible meaning interpretations listed from a to d. Read each story and choose the number corresponding to the most likely meaning. State the reasoning in 2-3 bullet points and the answer. You can only answer with a, b, c, or d.
Context: He saw his fearless father.
Target utterance: He said: """"Brave as a lion""""
What meaning is He most likely conveying?
a. His father showed no fear at all.
b. His father's face was full of fear.
c. The lion prowled across the savannah.
d. His father wore a blue jacket.
Reasoning:
Answer:
","a. His father showed no fear at all.
*   The phrase ""brave as a lion"" is a common idiom used to describe someone who is fearless.
*   Lions are known for their courage and lack of fear in the wild.
*   The statement directly compares the father's behavior to that of a lion, implying he exhibited no fear.

Answer: a","['a', 'b', 'c', 'd']",3,A_NI,"{'a': 33.5, 'b': 18.25, 'c': 16.25, 'd': 18.375}","{'a': 0.9999995231628418, 'b': 2.382368506914645e-07, 'c': 3.2241853631376216e-08, 'd': 2.6995769530913094e-07}",0.9999995231628418,a,,a
C1_13_UA_I,C1_13,273,1,unambiguous,ironic,b,"His girlfriend clearly looked worn out, not refreshed at all.",Gemma-3-4B,Condition1B_context_richness_stimuli,general_reasoning,"You will read short stories that describe everyday situations and which finish with a person saying something. Your task is to decide, given the situation, what meaning the person is most likely conveying. Each story will be followed by 4 possible meaning interpretations listed from a to d. Read each story and choose the number corresponding to the most likely meaning. State the reasoning in 2-3 bullet points and the answer. You can only answer with a, b, c, or d.
Context: He saw his hyperactive girlfriend.
Target utterance: He said: """"You look like you've been awake since birth.""""
What meaning is He most likely conveying?
a. He was planning to surprise his girlfriend with a home-cooked meal.
b. His girlfriend clearly looked worn out, not refreshed at all.
c. He had just bought her a refreshing cold drink.
d. To him, his girlfriend looked well-rested and full of energy.
Reasoning:
Answer:
","b.
*   The phrase ""like you've been awake since birth"" implies extreme tiredness and lack of rest.
*   The observation directly contrasts with the idea of looking refreshed.
*   The statement suggests a critical assessment of her current state.

b","['d', 'b', 'c', 'a']",3,UA_I,"{'a': 25.25, 'b': 44.5, 'c': 25.75, 'd': 27.75}","{'a': 4.363462036138799e-09, 'b': 1.0, 'c': 7.194132845000922e-09, 'd': 5.315785145398877e-08}",1.0,b,,b
C1_14_UA_NI,C1_14,98,1,unambiguous,non-ironic,b,Her colleague seemed very energetic today.,Gemma-3-4B,Condition1B_context_richness_stimuli,general_reasoning,"You will read short stories that describe everyday situations and which finish with a person saying something. Your task is to decide, given the situation, what meaning the person is most likely conveying. Each story will be followed by 4 possible meaning interpretations listed from a to d. Read each story and choose the number corresponding to the most likely meaning. State the reasoning in 2-3 bullet points and the answer. You can only answer with a, b, c, or d.
Context: She saw her hyperactive colleague.
Target utterance: She said: """"You seem so full of energy today.""""
What meaning is She most likely conveying?
a. She was redecorating the office of her colleague.
b. Her colleague seemed very energetic today.
c. She filled up the car with energy.
d. Her colleague seemed very tired today.
Reasoning:
Answer:
","*   The statement ""You seem so full of energy today"" directly refers to the colleague’s observable state.
*   The question states the colleague is hyperactive, further supporting the observation of energy.
*   Options a, c, and d are irrelevant to the context and the colleague’s apparent state.

Answer: b
","['d', 'a', 'c', 'b']",3,UA_NI,"{'a': 25.875, 'b': 42.25, 'c': 24.125, 'd': 25.5}","{'a': 7.734421103577915e-08, 'b': 0.9999998807907104, 'c': 1.3440407897746809e-08, 'd': 5.315784434856141e-08}",0.9999998807907104,b,,a
C1_15_A_I,C1_15,142,1,ambiguous,ironic,d,They felt really exhausted after the sleepover.,Gemma-3-4B,Condition1B_context_richness_stimuli,general_reasoning,"You will read short stories that describe everyday situations and which finish with a person saying something. Your task is to decide, given the situation, what meaning the person is most likely conveying. Each story will be followed by 4 possible meaning interpretations listed from a to d. Read each story and choose the number corresponding to the most likely meaning. State the reasoning in 2-3 bullet points and the answer. You can only answer with a, b, c, or d.
Context: After the sleepover, they were energetic.
Target utterance: They said:  """"We never felt more tired in our lifes.""""
What meaning is They most likely conveying?
a. They did sleep overs once a year.
b. They felt very well-rested after the sleepover.
c. They rested the heavy boxes on the floor.
d. They felt really exhausted after the sleepover.
Reasoning:
Answer:
","*   The phrase ""never felt more tired"" directly indicates a state of extreme exhaustion.
*   Sleepovers are often associated with late nights and activity, which can lead to tiredness.
*   The statement contrasts sharply with the context of being ""energetic,"" suggesting a significant shift in their condition.

Answer: d","['d', 'a', 'c', 'b']",3,A_I,"{'a': 21.625, 'b': 18.875, 'c': 20.625, 'd': 37.75}","{'a': 9.931193289958173e-08, 'b': 6.3487992640887114e-09, 'c': 3.653481783771895e-08, 'd': 0.9999998807907104}",0.9999998807907104,d,,b
C1_16_A_NI,C1_16,143,1,ambiguous,non-ironic,b,I felt fully prepared and ready for the exam.,Gemma-3-4B,Condition1B_context_richness_stimuli,general_reasoning,"You will read short stories that describe everyday situations and which finish with a person saying something. Your task is to decide, given the situation, what meaning the person is most likely conveying. Each story will be followed by 4 possible meaning interpretations listed from a to d. Read each story and choose the number corresponding to the most likely meaning. State the reasoning in 2-3 bullet points and the answer. You can only answer with a, b, c, or d.
Context: Right before my exam, I felt really energetic
Target utterance: I said: """"I have never felt more ready.""""
What meaning is I most likely conveying?
a. Dinner was ready by seven o'clock.
b. I felt fully prepared and ready for the exam.
c. The exam started at nine o'clock.
d. Deep down I felt completely unprepared for the exam.
Reasoning:
Answer:
","b.
*   The statement ""I have never felt more ready"" directly expresses a state of preparedness.
*   The context of feeling ""really energetic"" before an exam strongly suggests a feeling of readiness.
*   Options a, c, and d contradict the overall feeling of preparedness described in the context.","['c', 'a', 'd', 'b']",3,A_NI,"{'a': 25.375, 'b': 39.0, 'c': 23.0, 'd': 25.125}","{'a': 1.2098644219804555e-06, 'b': 0.9999977350234985, 'c': 1.1253492004925647e-07, 'd': 9.42243332247017e-07}",0.9999977350234985,b,,a
C1_17_UA_I,C1_17,116,1,unambiguous,ironic,d,Her idea was outdated.,Gemma-3-4B,Condition1B_context_richness_stimuli,general_reasoning,"You will read short stories that describe everyday situations and which finish with a person saying something. Your task is to decide, given the situation, what meaning the person is most likely conveying. Each story will be followed by 4 possible meaning interpretations listed from a to d. Read each story and choose the number corresponding to the most likely meaning. State the reasoning in 2-3 bullet points and the answer. You can only answer with a, b, c, or d.
Context: She had an ancient idea.
Target utterance: She said: """"Truly ahead of its time.""""
What meaning is She most likely conveying?
a. Her idea was innovative.
b. She had arrived early.
c. She had the idea to redecorate her office.
d. Her idea was outdated.
Reasoning:
Answer:
","*   The phrase ""ahead of its time"" implies that the idea was novel and didn't fit with the current era.
*   It suggests the idea was too advanced for its time, not that it was simply innovative.
*   The context of an ""ancient idea"" reinforces the notion of something old and not currently relevant.

Answer: a
","['a', 'c', 'd', 'b']",3,UA_I,"{'a': 33.75, 'b': 18.125, 'c': 16.125, 'd': 18.375}","{'a': 0.9999996423721313, 'b': 1.637376669805235e-07, 'c': 2.2159483137329516e-08, 'd': 2.1024331431362953e-07}",0.9999996423721313,a,,a
C1_18_UA_NI,C1_18,280,1,unambiguous,non-ironic,b,He found the approach genuinely new and creative.,Gemma-3-4B,Condition1B_context_richness_stimuli,general_reasoning,"You will read short stories that describe everyday situations and which finish with a person saying something. Your task is to decide, given the situation, what meaning the person is most likely conveying. Each story will be followed by 4 possible meaning interpretations listed from a to d. Read each story and choose the number corresponding to the most likely meaning. State the reasoning in 2-3 bullet points and the answer. You can only answer with a, b, c, or d.
Context: It was an ancient approach. 
Target utterance: He said: """"How refreshingly innovative.""""
What meaning is He most likely conveying?
a. He researched new approaches for several months.
b. He found the approach genuinely new and creative.
c. Refreshments were served at the end of the presentation.
d. In his view, it was a stale approach he had seen many times before.
Reasoning:
Answer:
","*   The phrase ""refreshingly innovative"" implies a positive reaction to something previously considered old or outdated.
*   “Ancient approach” suggests the thing being discussed was long-standing and unremarkable.
*   Therefore, his comment indicates he perceives the approach as a welcome change and original.

Answer: b
","['d', 'a', 'c', 'b']",3,UA_NI,"{'a': 25.5, 'b': 40.5, 'c': 23.5, 'd': 26.125}","{'a': 3.0590203436986485e-07, 'b': 0.9999990463256836, 'c': 4.1399335515279745e-08, 'd': 5.715002089345944e-07}",0.9999990463256836,b,,a
C1_19_A_I,C1_19,286,1,ambiguous,ironic,b,"To her, the tradition felt stale and long past its use.",Gemma-3-4B,Condition1B_context_richness_stimuli,general_reasoning,"You will read short stories that describe everyday situations and which finish with a person saying something. Your task is to decide, given the situation, what meaning the person is most likely conveying. Each story will be followed by 4 possible meaning interpretations listed from a to d. Read each story and choose the number corresponding to the most likely meaning. State the reasoning in 2-3 bullet points and the answer. You can only answer with a, b, c, or d.
Context: The tradition was old.
Target utterance: She said: """"How wonderfully timeless.""""
What meaning is She most likely conveying?
a. She read about the tradition in a local history book.
b. To her, the tradition felt stale and long past its use.
c. She found the tradition beautifully enduring and meaningful.
d. The clock ticked for over a century.
Reasoning:
Answer:
","c.
*   The word ""wonderfully"" suggests a positive and appreciative feeling.
*   ""Timeless"" directly implies something that has lasting value and beauty.
*   The context of an ""old tradition"" supports the idea of enduring quality.","['d', 'b', 'a', 'c']",3,A_I,"{'a': 26.0, 'b': 22.625, 'c': 40.5, 'd': 24.75}","{'a': 5.04347383412096e-07, 'b': 1.725781828554318e-08, 'c': 0.9999994039535522, 'd': 1.4449793184212467e-07}",0.9999994039535522,c,,a
C1_20_A_NI,C1_20,201,1,ambiguous,non-ironic,c,She liked the smell of her car.,Gemma-3-4B,Condition1B_context_richness_stimuli,general_reasoning,"You will read short stories that describe everyday situations and which finish with a person saying something. Your task is to decide, given the situation, what meaning the person is most likely conveying. Each story will be followed by 4 possible meaning interpretations listed from a to d. Read each story and choose the number corresponding to the most likely meaning. State the reasoning in 2-3 bullet points and the answer. You can only answer with a, b, c, or d.
Context: She bought an old car.
Target utterance: She says: """"I just love the new car smell.""""
What meaning is She most likely conveying?
a. She took her car to the gas station.
b. She was disappointed with the smell of her car.
c. She liked the smell of her car.
d. She could smell what her husband was cooking.
Reasoning:
Answer:
","*   The utterance ""I just love the new car smell"" directly expresses a positive sentiment about the smell of the car.
*   The phrase ""new car smell"" is a common expression referring to the distinctive odor of a recently manufactured vehicle.
*   The statement indicates enjoyment and appreciation of this particular scent.

Answer: c
","['d', 'b', 'a', 'c']",3,A_NI,"{'a': 22.5, 'b': 21.0, 'c': 37.5, 'd': 21.5}","{'a': 3.05902176478412e-07, 'b': 6.825599996318488e-08, 'c': 0.9999995231628418, 'd': 1.1253511900122248e-07}",0.9999995231628418,c,,a
C1_21_UA_I,C1_21,166,1,unambiguous,ironic,b,The birthday party was a disappointment.,Gemma-3-4B,Condition1B_context_richness_stimuli,general_reasoning,"You will read short stories that describe everyday situations and which finish with a person saying something. Your task is to decide, given the situation, what meaning the person is most likely conveying. Each story will be followed by 4 possible meaning interpretations listed from a to d. Read each story and choose the number corresponding to the most likely meaning. State the reasoning in 2-3 bullet points and the answer. You can only answer with a, b, c, or d.
Context: She left the birthday party feeling delighted.
Target utterance: She says: """"Truly a night to remember.""""
What meaning is She most likely conveying?
a. The birthday party was a great success.
b. The birthday party was a disappointment.
c. She had trouble remembering things.
d. She planned her next birthday party.
Reasoning:
Answer:
","a. The statement ""Truly a night to remember"" implies that the party was exceptionally good and memorable.
*   The word ""truly"" emphasizes the positive sentiment.
*   The phrase ""a night to remember"" directly suggests a positive and noteworthy experience.
*   It’s unlikely she’s expressing disappointment, struggling with memory, or planning a future party based on this single utterance.

Answer: a","['a', 'b', 'c', 'd']",3,UA_I,"{'a': 33.5, 'b': 17.875, 'c': 15.875, 'd': 18.5}","{'a': 0.9999995231628418, 'b': 1.6373765276966878e-07, 'c': 2.2159479584615838e-08, 'd': 3.05902176478412e-07}",0.9999995231628418,a,,a
C1_22_UA_NI,C1_22,213,1,unambiguous,non-ironic,a,The wedding was a beautiful and enchanting occasion.,Gemma-3-4B,Condition1B_context_richness_stimuli,general_reasoning,"You will read short stories that describe everyday situations and which finish with a person saying something. Your task is to decide, given the situation, what meaning the person is most likely conveying. Each story will be followed by 4 possible meaning interpretations listed from a to d. Read each story and choose the number corresponding to the most likely meaning. State the reasoning in 2-3 bullet points and the answer. You can only answer with a, b, c, or d.
Context: She left the wedding feeling delighted.
Target utterance: She says: """"What a magical day.""""
What meaning is She most likely conveying?
a. The wedding was a beautiful and enchanting occasion.
b. The magician wowed all the guests at the reception.
c. She helped organise the flowers for the wedding beforehand.
d. The wedding had been a dull, disappointing event from start to finish.
Reasoning:
Answer:
","a. The phrase ""What a magical day"" typically expresses a feeling of wonder and delight, fitting with the stated feeling of being delighted after leaving the wedding.
*   The utterance is a common expression of positive sentiment towards a memorable event.
*   It suggests a sense of enchantment and beauty, aligning with the overall context of a wedding.
*   The other options are specific details that don't reflect the broader feeling conveyed by the statement.

Answer: a","['a', 'c', 'd', 'b']",3,UA_NI,"{'a': 33.0, 'b': 17.375, 'c': 15.6875, 'd': 18.5}","{'a': 0.9999994039535522, 'b': 1.6373762434795935e-07, 'c': 3.0288415331369833e-08, 'd': 5.04347383412096e-07}",0.9999994039535522,a,,a
C1_23_A_I,C1_23,49,1,ambiguous,ironic,c,They had found the film funny from start to finish.,Gemma-3-4B,Condition1B_context_richness_stimuli,general_reasoning,"You will read short stories that describe everyday situations and which finish with a person saying something. Your task is to decide, given the situation, what meaning the person is most likely conveying. Each story will be followed by 4 possible meaning interpretations listed from a to d. Read each story and choose the number corresponding to the most likely meaning. State the reasoning in 2-3 bullet points and the answer. You can only answer with a, b, c, or d.
Context: They left the cinema feeling happy.
Target utterance: They say: """"What a painfull film.""""
What meaning is They most likely conveying?
a. The injection was over quickly, but it was painful.
b. They had found the film dull from start to finish.
c. They had found the film funny from start to finish.
d. They went to the same cinema as always.
Reasoning:
Answer:
","b.
*   “Painfull” is used to describe a negative experience, indicating the film was boring or unpleasant.
*   The phrase “What a…” is a common expression used to emphasize a negative sentiment.
*   The context of leaving the cinema implies a shared experience, making a negative assessment of the film the most probable meaning.

Answer: b","['c', 'a', 'b', 'd']",3,A_I,"{'a': 22.25, 'b': 36.0, 'c': 20.875, 'd': 22.625}","{'a': 1.067700964085816e-06, 'b': 0.9999971389770508, 'c': 2.6995707003152347e-07, 'd': 1.5534957356067025e-06}",0.9999971389770508,b,,a
C1_24_A_NI,C1_24,107,1,ambiguous,non-ironic,a,The message brought good news.,Gemma-3-4B,Condition1B_context_richness_stimuli,general_reasoning,"You will read short stories that describe everyday situations and which finish with a person saying something. Your task is to decide, given the situation, what meaning the person is most likely conveying. Each story will be followed by 4 possible meaning interpretations listed from a to d. Read each story and choose the number corresponding to the most likely meaning. State the reasoning in 2-3 bullet points and the answer. You can only answer with a, b, c, or d.
Context: She received a message and was happy.
Target utterance: She says: """"These are amazing news.""""
What meaning is She most likely conveying?
a. The message brought good news.
b. The message brought negative news.
c. She wanted to send a message.
d. What she read was news to her.
Reasoning:
Answer:
","a. The message brought good news.

*   The phrase ""These are amazing news"" directly indicates positive news.
*   The context states she was happy upon receiving the message, further supporting a positive interpretation.
*   Option c is incorrect because it focuses on her action of sending a message, not receiving one. Option d is too general and doesn't capture the excitement conveyed by ""amazing.""","['a', 'b', 'd', 'c']",3,A_NI,"{'a': 41.25, 'b': 23.75, 'c': 21.25, 'd': 25.25}","{'a': 0.9999998807907104, 'b': 2.510998697857758e-08, 'c': 2.061153470123145e-09, 'd': 1.1253516163378663e-07}",0.9999998807907104,a,,a
C1_25_UA_I,C1_25,161,1,unambiguous,ironic,d,Her exam answers were embarrassingly poor.,Gemma-3-4B,Condition1B_context_richness_stimuli,general_reasoning,"You will read short stories that describe everyday situations and which finish with a person saying something. Your task is to decide, given the situation, what meaning the person is most likely conveying. Each story will be followed by 4 possible meaning interpretations listed from a to d. Read each story and choose the number corresponding to the most likely meaning. State the reasoning in 2-3 bullet points and the answer. You can only answer with a, b, c, or d.
Context: Her answers in the exam were brilliant.
Target utterance: She says: """"What a genius.""""
What meaning is She most likely conveying?
a. She studied for her next exam.
b. Her exam answers were impressively smart.
c. She had a high IQ.
d. Her exam answers were embarrassingly poor.
Reasoning:
Answer:
","*   The utterance ""What a genius"" is a positive remark about someone's intelligence.
*   The context states her exam answers were brilliant, directly supporting the idea of intelligence.
*   The statement is a compliment, not a reflection of study habits, IQ, or poor performance.

Answer: b
","['d', 'a', 'c', 'b']",3,UA_I,"{'a': 24.125, 'b': 39.0, 'c': 22.875, 'd': 24.625}","{'a': 3.466323903467128e-07, 'b': 0.999998927116394, 'c': 9.931184052902609e-08, 'd': 5.715001520911756e-07}",0.999998927116394,b,,a
C1_26_UA_NI,C1_26,185,1,unambiguous,non-ironic,a,They were genuinely fortunate to have such a strong suggestion.,Gemma-3-4B,Condition1B_context_richness_stimuli,general_reasoning,"You will read short stories that describe everyday situations and which finish with a person saying something. Your task is to decide, given the situation, what meaning the person is most likely conveying. Each story will be followed by 4 possible meaning interpretations listed from a to d. Read each story and choose the number corresponding to the most likely meaning. State the reasoning in 2-3 bullet points and the answer. You can only answer with a, b, c, or d.
Context: Their colleague's suggestion was brilliant.
Target utterance: They said: """"We really had luck with that one.""""
What meaning is They most likely conveying?
a. They were genuinely fortunate to have such a strong suggestion.
b. As far as they were concerned, it was a poor suggestion.
c. They thought that every project starts with a suggestion.
d. They got lucky at the casino.
Reasoning:
Answer:
","a. They were genuinely fortunate to have such a strong suggestion.
*   The phrase ""We really had luck with that one"" implies a positive outcome resulting from chance or good fortune.
*   The context is a brilliant suggestion, so attributing luck to the success of the suggestion aligns with the situation.
*   Options b, c, and d are not supported by the context or the phrasing of the utterance.

Answer: a","['a', 'b', 'd', 'c']",3,UA_NI,"{'a': 34.5, 'b': 18.25, 'c': 16.5, 'd': 18.75}","{'a': 0.9999997615814209, 'b': 8.764246217651817e-08, 'c': 1.522997550296168e-08, 'd': 1.4449798868554353e-07}",0.9999997615814209,a,,a
C1_27_A_I,C1_27,232,1,ambiguous,ironic,d,His argument was weak and poorly constructed.,Gemma-3-4B,Condition1B_context_richness_stimuli,general_reasoning,"You will read short stories that describe everyday situations and which finish with a person saying something. Your task is to decide, given the situation, what meaning the person is most likely conveying. Each story will be followed by 4 possible meaning interpretations listed from a to d. Read each story and choose the number corresponding to the most likely meaning. State the reasoning in 2-3 bullet points and the answer. You can only answer with a, b, c, or d.
Context: His argument in the debate was intelligent.
Target utterance: She says: """"What a master of rhetoric.""""
What meaning is She most likely conveying?
a. She had an argument with him that night.
b. His argument was strong and well presented.
c. Sokrates was a master of rhetoric.
d. His argument was weak and poorly constructed.
Reasoning:
Answer:
","b.
*   The phrase ""What a master of rhetoric"" is a compliment, praising the quality of his argument.
*   Rhetoric refers to the art of persuasive speaking or writing, so the comment acknowledges his skill in presenting his ideas effectively.
*   The context of a debate supports the idea that his argument was strong and well-presented.

Answer: b","['d', 'a', 'c', 'b']",3,A_I,"{'a': 21.125, 'b': 34.25, 'c': 19.5, 'd': 21.25}","{'a': 1.9947244709328515e-06, 'b': 0.9999953508377075, 'c': 3.9278452845792344e-07, 'd': 2.2603189790970646e-06}",0.9999953508377075,b,,a
C1_28_A_NI,C1_28,246,1,ambiguous,non-ironic,b,She believed that his business plan would be successful.,Gemma-3-4B,Condition1B_context_richness_stimuli,general_reasoning,"You will read short stories that describe everyday situations and which finish with a person saying something. Your task is to decide, given the situation, what meaning the person is most likely conveying. Each story will be followed by 4 possible meaning interpretations listed from a to d. Read each story and choose the number corresponding to the most likely meaning. State the reasoning in 2-3 bullet points and the answer. You can only answer with a, b, c, or d.
Context: His business plan was intelligent.
Target utterance: She says: """"We will make lots of money with this.""""
What meaning is He most likely conveying?
a. He asked a colleague for help with his business plan.
b. She believed that his business plan would be successful.
c. She was interested in making lots of money.
d. She believed that his business plan would fail.
Reasoning:
Answer:
","*   The utterance ""We will make lots of money with this"" directly reflects the potential success of the business plan.
*   The context states his business plan was ""intelligent,"" suggesting a positive assessment.
*   “We” implies that she is sharing his optimistic view of the plan’s profitability.

Answer: b
","['d', 'a', 'c', 'b']",3,A_NI,"{'a': 26.75, 'b': 43.25, 'c': 24.875, 'd': 27.125}","{'a': 6.825602127946695e-08, 'b': 0.9999997615814209, 'c': 1.0467398503521963e-08, 'd': 9.931192579415438e-08}",0.9999997615814209,b,,a
C1_29_UA_I,C1_29,148,1,unambiguous,ironic,b,The restaurant visit was a real disappointment.,Gemma-3-4B,Condition1B_context_richness_stimuli,general_reasoning,"You will read short stories that describe everyday situations and which finish with a person saying something. Your task is to decide, given the situation, what meaning the person is most likely conveying. Each story will be followed by 4 possible meaning interpretations listed from a to d. Read each story and choose the number corresponding to the most likely meaning. State the reasoning in 2-3 bullet points and the answer. You can only answer with a, b, c, or d.
Context: After the restaurant visit he was full.
Target utterance: He says: """"Best dinner ever.""""
What meaning is He most likely conveying?
a. The restaurant visit was genuinely outstanding.
b. The restaurant visit was a real disappointment.
c. He looked forward to this restaurant visit for weeks.
d. It was the best-reviewed dinner spot in the whole city.
Reasoning:
Answer:
","a. The statement “Best dinner ever” is a positive expression of enjoyment, indicating a genuinely outstanding experience.
*   The context of being “full” suggests he consumed a large and satisfying meal.
*   Expressing something as “the best ever” is a common way to convey high satisfaction.
Answer: a","['a', 'b', 'd', 'c']",3,UA_I,"{'a': 36.0, 'b': 19.625, 'c': 17.125, 'd': 19.875}","{'a': 0.9999997615814209, 'b': 7.734419682492444e-08, 'c': 6.3487988199995016e-09, 'd': 9.931192579415438e-08}",0.9999997615814209,a,,a
C1_30_UA_NI,C1_30,18,1,unambiguous,non-ironic,b,The buffet was a rich.,Gemma-3-4B,Condition1B_context_richness_stimuli,general_reasoning,"You will read short stories that describe everyday situations and which finish with a person saying something. Your task is to decide, given the situation, what meaning the person is most likely conveying. Each story will be followed by 4 possible meaning interpretations listed from a to d. Read each story and choose the number corresponding to the most likely meaning. State the reasoning in 2-3 bullet points and the answer. You can only answer with a, b, c, or d.
Context: He left the buffet feeling full.
Target utterance: He says: """"Truly a feast for the senses."" ""
What meaning is He most likely conveying?
a. There had been very little worth eating at the buffet.
b. The buffet was a rich.
c. The feast was celebrated every year in their village.
d. Diners often have a buffet.
Reasoning:
Answer:
","*   The phrase ""feast for the senses"" suggests an overwhelming and pleasurable experience.
*   The fact that he is ""feeling full"" supports the idea of a large quantity of food.
*   The statement implies an appreciation for the abundance and variety of the buffet.

Answer: b
","['b', 'a', 'c', 'd']",3,UA_NI,"{'a': 23.5, 'b': 39.25, 'c': 23.125, 'd': 24.625}","{'a': 1.4449791763126996e-07, 'b': 0.9999992847442627, 'c': 9.931187605616287e-08, 'd': 4.450849360182474e-07}",0.9999992847442627,b,,a
C1_31_A_I,C1_31,99,1,ambiguous,ironic,d,There was barely anything to eat; they left unsatisfied.,Gemma-3-4B,Condition1B_context_richness_stimuli,general_reasoning,"You will read short stories that describe everyday situations and which finish with a person saying something. Your task is to decide, given the situation, what meaning the person is most likely conveying. Each story will be followed by 4 possible meaning interpretations listed from a to d. Read each story and choose the number corresponding to the most likely meaning. State the reasoning in 2-3 bullet points and the answer. You can only answer with a, b, c, or d.
Context: They left the picnic feeling satiated.
Target utterance: They say: """"Food for the soul.""""
What meaning is They most likely conveying?
a. They spent the morning preparing sandwiches for the picnic.
b. The picnic was nourishing and genuinely enjoyable.
c. She always kept her soul music collection in good order.
d. There was barely anything to eat; they left unsatisfied.
Reasoning:
Answer:
","*   The phrase “food for the soul” is an idiom used to describe something that is deeply satisfying and uplifting, often emotionally or spiritually.
*   The context states they “felt satiated,” indicating a feeling of fullness and contentment.
*   Therefore, the utterance suggests the picnic provided a sense of deep satisfaction and pleasure.

Answer: b
","['d', 'a', 'c', 'b']",3,A_I,"{'a': 26.125, 'b': 43.25, 'c': 24.625, 'd': 26.875}","{'a': 3.653481783771895e-08, 'b': 0.9999998807907104, 'c': 8.152019503882002e-09, 'd': 7.734421103577915e-08}",0.9999998807907104,b,,a
C1_32_A_NI,C1_32,226,1,ambiguous,non-ironic,a,His plate had been full with food and he ate it all up.,Gemma-3-4B,Condition1B_context_richness_stimuli,general_reasoning,"You will read short stories that describe everyday situations and which finish with a person saying something. Your task is to decide, given the situation, what meaning the person is most likely conveying. Each story will be followed by 4 possible meaning interpretations listed from a to d. Read each story and choose the number corresponding to the most likely meaning. State the reasoning in 2-3 bullet points and the answer. You can only answer with a, b, c, or d.
Context: He looked at the empty plate in front of him and was satiated.
Target utterance: He says: """"No way I could eat more."" ""
What meaning is He most likely conveying?
a. His plate had been full with food and he ate it all up.
b. He went to a stylish pottery to buy a special plate.
c. The waiter had forgotten to fill his plate and he did not eat anything.
d. He prefers to eat his lunch alone.
Reasoning:
Answer:
","a. His plate had been full with food and he ate it all up.
*   The phrase ""satiated"" indicates he had consumed a sufficient amount of food.
*   “No way I could eat more” directly implies he was full and unable to eat any additional food.
*   The other options are unrelated to the context of the situation.

Answer: a","['a', 'd', 'b', 'c']",3,A_NI,"{'a': 32.75, 'b': 17.5, 'c': 16.0, 'd': 18.375}","{'a': 0.9999991655349731, 'b': 2.382367654263362e-07, 'c': 5.3157808821424624e-08, 'd': 5.715003226214321e-07}",0.9999991655349731,a,,a
C1_33_UA_I,C1_33,163,1,unambiguous,ironic,c,The library was far too noisy to concentrate.,Gemma-3-4B,Condition1B_context_richness_stimuli,general_reasoning,"You will read short stories that describe everyday situations and which finish with a person saying something. Your task is to decide, given the situation, what meaning the person is most likely conveying. Each story will be followed by 4 possible meaning interpretations listed from a to d. Read each story and choose the number corresponding to the most likely meaning. State the reasoning in 2-3 bullet points and the answer. You can only answer with a, b, c, or d.
Context: She walked into the library and it was deafening.
Target utterance: She says: """"Perfect place to concentrate.""""
What meaning is She most likely conveying?
a. She asked her colleague for a place to concentrate.
b. The library was a calm and quiet environment.
c. The library was far too noisy to concentrate.
d. She looked for a new book in the library.
Reasoning:
Answer:
","c.
*   The word ""deafening"" indicates a very loud and disruptive environment.
*   Saying ""Perfect place to concentrate"" directly contradicts a noisy environment.
*   The statement implies she’s finding a benefit in a situation that is clearly unsuitable for concentration.","['c', 'a', 'b', 'd']",3,UA_I,"{'a': 25.75, 'b': 23.0, 'c': 41.0, 'd': 24.375}","{'a': 2.3823687911317393e-07, 'b': 1.522997372660484e-08, 'c': 0.9999996423721313, 'd': 6.023572041158332e-08}",0.9999996423721313,c,,b
C1_34_UA_NI,C1_34,235,1,unambiguous,non-ironic,d,The concert was surprisingly quiet.,Gemma-3-4B,Condition1B_context_richness_stimuli,general_reasoning,"You will read short stories that describe everyday situations and which finish with a person saying something. Your task is to decide, given the situation, what meaning the person is most likely conveying. Each story will be followed by 4 possible meaning interpretations listed from a to d. Read each story and choose the number corresponding to the most likely meaning. State the reasoning in 2-3 bullet points and the answer. You can only answer with a, b, c, or d.
Context: We came back from a concert which was deafening.
Target utterance: I say: """"I've almost gone deaf.""""
What meaning is She most likely conveying?
a. The concert was pretty loud.
b. I was looking forward to the next concert.
c. My grandfather is deaf.
d. The concert was surprisingly quiet.
Reasoning:
Answer:
","*   The utterance “I’ve almost gone deaf” is a hyperbole used to express the extreme loudness of the concert.
*   It’s a common way to exaggerate a negative experience related to volume.
*   Options b, c, and d are unrelated to the situation described.

Answer: a
","['b', 'd', 'c', 'a']",3,UA_NI,"{'a': 36.0, 'b': 19.125, 'c': 17.125, 'd': 19.5}","{'a': 0.9999998807907104, 'b': 4.691163368875095e-08, 'c': 6.3487992640887114e-09, 'd': 6.825602838489431e-08}",0.9999998807907104,a,,b
C1_35_A_I,C1_35,219,1,ambiguous,ironic,b,The movie was very loud.,Gemma-3-4B,Condition1B_context_richness_stimuli,general_reasoning,"You will read short stories that describe everyday situations and which finish with a person saying something. Your task is to decide, given the situation, what meaning the person is most likely conveying. Each story will be followed by 4 possible meaning interpretations listed from a to d. Read each story and choose the number corresponding to the most likely meaning. State the reasoning in 2-3 bullet points and the answer. You can only answer with a, b, c, or d.
Context:  She watched a movie in the theater and found it loud.
Target utterance: She says: """"It was so difficult to hear.""""
What meaning is She most likely conveying?
a. Watching a movie in the theater is a real event.
b. The movie was very loud.
c. She generally has difficulties with her hearing.
d. The movie was too quiet to hear.
Reasoning:
Answer:
","b.
*   The statement ""It was so difficult to hear"" directly implies that the volume of the movie was excessive.
*   The context of watching a movie in a theater suggests a focus on the sound quality.
*   Options a, c, and d are irrelevant to the stated utterance and the given context.","['d', 'b', 'c', 'a']",3,A_I,"{'a': 28.0, 'b': 44.25, 'c': 25.625, 'd': 27.375}","{'a': 8.764247638737288e-08, 'b': 0.9999998807907104, 'c': 8.152019503882002e-09, 'd': 4.691163368875095e-08}",0.9999998807907104,b,,b
C1_36_A_NI,C1_36,268,1,ambiguous,non-ironic,a,He thinks that his neighbours' are having a great party with music.,Gemma-3-4B,Condition1B_context_richness_stimuli,general_reasoning,"You will read short stories that describe everyday situations and which finish with a person saying something. Your task is to decide, given the situation, what meaning the person is most likely conveying. Each story will be followed by 4 possible meaning interpretations listed from a to d. Read each story and choose the number corresponding to the most likely meaning. State the reasoning in 2-3 bullet points and the answer. You can only answer with a, b, c, or d.
Context: His neighbours' music was loud.
Target utterance: He says: """"It seems like they are having a great party.""""
What meaning is He most likely conveying?
a. He thinks that his neighbours' are having a great party with music.
b. He would expected to hear louder music from his neighbours' party.
c. He is still unsure which party to vote for in the upcoming elections.
d. He likes talking about pop music.
Reasoning:
Answer:
","a. He thinks that his neighbours' are having a great party with music.

*   The utterance ""It seems like they are having a great party"" directly reflects the sound he’s hearing.
*   The context of loud music suggests he’s observing a party.
*   The other options are irrelevant to the situation described.

Answer: a","['a', 'b', 'c', 'd']",3,A_NI,"{'a': 35.5, 'b': 18.75, 'c': 17.0, 'd': 19.375}","{'a': 0.9999998807907104, 'b': 5.315784434856141e-08, 'c': 9.23744902792123e-09, 'd': 9.931193289958173e-08}",0.9999998807907104,a,,a
C1_37_UA_I,C1_37,9,1,unambiguous,ironic,a,The questions were straightforward and required little effort.,Gemma-3-4B,Condition1B_context_richness_stimuli,general_reasoning,"You will read short stories that describe everyday situations and which finish with a person saying something. Your task is to decide, given the situation, what meaning the person is most likely conveying. Each story will be followed by 4 possible meaning interpretations listed from a to d. Read each story and choose the number corresponding to the most likely meaning. State the reasoning in 2-3 bullet points and the answer. You can only answer with a, b, c, or d.
Context: She prepared trivial questions for the students.
Target utterance: She says: """"I hope they're prepared for this.""""
What meaning is She most likely conveying?
a. The questions were straightforward and required little effort.
b. She had never felt so well prepared for a meeting.
c. She posted the question on the class forum.
d. The questions required thorough preparation to answer.
Reasoning:
Answer:
","*   The phrase ""I hope they're prepared"" suggests a concern about the students' readiness, implying the questions are potentially challenging.
*   The context states she prepared ""trivial"" questions, creating a contrast with the hope for preparedness.
*   Therefore, she likely anticipates the questions will require effort from the students.

Answer: d","['b', 'c', 'd', 'a']",3,UA_I,"{'a': 21.875, 'b': 18.875, 'c': 20.25, 'd': 37.0}","{'a': 2.699577521525498e-07, 'b': 1.344040523321155e-08, 'c': 5.3157833690420375e-08, 'd': 0.9999996423721313}",0.9999996423721313,d,,a
C1_38_UA_NI,C1_38,205,1,unambiguous,non-ironic,c,Booking the appointment was straightforward and effortless.,Gemma-3-4B,Condition1B_context_richness_stimuli,general_reasoning,"You will read short stories that describe everyday situations and which finish with a person saying something. Your task is to decide, given the situation, what meaning the person is most likely conveying. Each story will be followed by 4 possible meaning interpretations listed from a to d. Read each story and choose the number corresponding to the most likely meaning. State the reasoning in 2-3 bullet points and the answer. You can only answer with a, b, c, or d.
Context: He booked an appointment through a system which was trivial to use.
Target utterance: He says:  """"That was about as easy as it gets.""""
What meaning is He most likely conveying?
a. He always found parallel parking easy as it gets.
b. Booking the appointment was frustrating and difficult.
c. Booking the appointment was straightforward and effortless.
d. He decided to cancel the appointment.
Reasoning:
Answer:
","*   The phrase ""about as easy as it gets"" is a common idiom used to express something is exceptionally simple or easy.
*   The context states the booking system was ""trivial to use,"" reinforcing the ease of the process.
*   Option a is irrelevant to the situation. Option b contradicts the context. Option d is not suggested by the utterance.

Answer: c","['c', 'b', 'a', 'd']",3,UA_NI,"{'a': 19.875, 'b': 18.625, 'c': 33.75, 'd': 19.5}","{'a': 9.422437869943678e-07, 'b': 2.699573542486178e-07, 'c': 0.9999982118606567, 'd': 6.475941063399659e-07}",0.9999982118606567,c,,a
C1_39_A_I,C1_39,173,1,ambiguous,ironic,c,"Anyone could have done the task, no special abilities required.",Gemma-3-4B,Condition1B_context_richness_stimuli,general_reasoning,"You will read short stories that describe everyday situations and which finish with a person saying something. Your task is to decide, given the situation, what meaning the person is most likely conveying. Each story will be followed by 4 possible meaning interpretations listed from a to d. Read each story and choose the number corresponding to the most likely meaning. State the reasoning in 2-3 bullet points and the answer. You can only answer with a, b, c, or d.
Context: They finished an easy task for their maths lesson.
Target utterance: They say: """"We must be very smart.""""
What meaning is They most likely conveying?
a. Completing the task was a genuine sign of intelligence.
b. They were given another task after the math lesson.
c. Anyone could have done the task, no special abilities required.
d. They were always smart about managing their money.
Reasoning:
Answer:
","c.
*   The statement ""We must be very smart"" is likely a self-deprecating remark, implying the task was simple enough for anyone to complete.
*   It's a way of downplaying their achievement and suggesting it wasn't particularly impressive.
*   Options a, b, and d don't align with the context of an easy math task.","['a', 'd', 'b', 'c']",3,A_I,"{'a': 24.75, 'b': 22.375, 'c': 38.25, 'd': 23.25}","{'a': 1.3709565109820687e-06, 'b': 1.2751881683925603e-07, 'c': 0.9999980926513672, 'd': 3.059017217310611e-07}",0.9999980926513672,c,,b
C1_40_A_NI,C1_40,97,1,ambiguous,non-ironic,c,Making the payment was a smooth and effortless experience.,Gemma-3-4B,Condition1B_context_richness_stimuli,general_reasoning,"You will read short stories that describe everyday situations and which finish with a person saying something. Your task is to decide, given the situation, what meaning the person is most likely conveying. Each story will be followed by 4 possible meaning interpretations listed from a to d. Read each story and choose the number corresponding to the most likely meaning. State the reasoning in 2-3 bullet points and the answer. You can only answer with a, b, c, or d.
Context: He made a payment through a website which was easy to use.
Target utterance: He says:  """"Technology at its finest.""""
What meaning is He most likely conveying?
a. He always thought the finest restaurants required a reservation.
b. He decided to cancel the payment altogether.
c. Making the payment was a smooth and effortless experience.
d. Making the payment was complicated and painful.
Reasoning:
Answer:
","*   The phrase ""Technology at its finest"" is a positive comment.
*   The context describes an easy-to-use website for making a payment.
*   Therefore, he is expressing satisfaction with the simplicity and effectiveness of the technology.

Answer: c","['c', 'd', 'a', 'b']",3,A_NI,"{'a': 21.25, 'b': 19.75, 'c': 35.0, 'd': 20.5}","{'a': 1.0677021009541932e-06, 'b': 2.3823653805266076e-07, 'c': 0.9999982118606567, 'd': 5.043467581344885e-07}",0.9999982118606567,c,,a
C1_41_UA_I,C1_41,217,1,unambiguous,ironic,a,Her kitchen was a mess.,Gemma-3-4B,Condition1B_context_richness_stimuli,general_reasoning,"You will read short stories that describe everyday situations and which finish with a person saying something. Your task is to decide, given the situation, what meaning the person is most likely conveying. Each story will be followed by 4 possible meaning interpretations listed from a to d. Read each story and choose the number corresponding to the most likely meaning. State the reasoning in 2-3 bullet points and the answer. You can only answer with a, b, c, or d.
Context: She finished cooking and the kitchen was filthy.
Target utterance: She says: """"I'm the sort of person who likes to keep things tidy.""""
What meaning is She most likely conveying?
a. Her kitchen was a mess.
b. Her kitchen was tidy.
c. The apartment came with a fully equipped kitchen.
d. Children should regularly tidy up their rooms.
Reasoning:
Answer:
","a. Her kitchen was a mess.
*   The context states the kitchen was ""filthy,"" directly contradicting the idea of tidiness.
*   Her statement is a defensive reaction to the state of the kitchen.
*   She is highlighting the discrepancy between her preference and the current reality.

a","['b', 'a', 'd', 'c']",3,UA_I,"{'a': 35.5, 'b': 19.375, 'c': 17.75, 'd': 20.5}","{'a': 0.9999995231628418, 'b': 9.931189737244495e-08, 'c': 1.9555672636784038e-08, 'd': 3.05902176478412e-07}",0.9999995231628418,a,,b
C1_42_UA_NI,C1_42,72,1,unambiguous,non-ironic,d,The room was tidied up well before it got too messy.,Gemma-3-4B,Condition1B_context_richness_stimuli,general_reasoning,"You will read short stories that describe everyday situations and which finish with a person saying something. Your task is to decide, given the situation, what meaning the person is most likely conveying. Each story will be followed by 4 possible meaning interpretations listed from a to d. Read each story and choose the number corresponding to the most likely meaning. State the reasoning in 2-3 bullet points and the answer. You can only answer with a, b, c, or d.
Context: They walked into the room and found it filthy.
Target utterance: They said: ""“Looks like you didn’t wait too long to clean it.”""
What meaning is They most likely conveying?
a. They decided to book a different room altogether.
b. They never had to wait long for a table.
c. The room was left in a terrible state for far too long.
d. The room was tidied up well before it got too messy.
Reasoning:
Answer:
","c.
*   The statement implies a criticism of the previous occupant’s lack of cleaning.
*   “Didn’t wait too long” directly refers to the delay in cleaning.
*   The tone suggests disapproval of the mess left behind.
","['d', 'c', 'b', 'a']",3,UA_NI,"{'a': 24.75, 'b': 22.5, 'c': 39.5, 'd': 24.0}","{'a': 3.927860632302327e-07, 'b': 4.139934617342078e-08, 'c': 0.9999992847442627, 'd': 1.855390081573205e-07}",0.9999992847442627,c,,b
C1_43_A_I,C1_43,44,1,ambiguous,ironic,a,The street was far from pretty.,Gemma-3-4B,Condition1B_context_richness_stimuli,general_reasoning,"You will read short stories that describe everyday situations and which finish with a person saying something. Your task is to decide, given the situation, what meaning the person is most likely conveying. Each story will be followed by 4 possible meaning interpretations listed from a to d. Read each story and choose the number corresponding to the most likely meaning. State the reasoning in 2-3 bullet points and the answer. You can only answer with a, b, c, or d.
Context: The street was dirty.
Target utterance: They say:  """"Such a beautiful walk.""""
What meaning is They most likely conveying?
a. The street was far from pretty.
b. A dog was barking on the street.
c. The street was genuinely pleasant.
d. They went for a walk in the park.
Reasoning:
Answer:
","a. The street was far from pretty.
*   The utterance “Such a beautiful walk” is a sarcastic remark, implying the opposite of what is stated.
*   The context “The street was dirty” directly contradicts the idea of beauty.
*   The statement is a deliberate understatement to highlight the unpleasantness of the situation.

Answer: a","['b', 'd', 'a', 'c']",3,A_I,"{'a': 34.25, 'b': 18.125, 'c': 16.625, 'd': 18.875}","{'a': 0.9999996423721313, 'b': 9.931191158329966e-08, 'c': 2.2159483137329516e-08, 'd': 2.1024331431362953e-07}",0.9999996423721313,a,,b
C1_44_A_NI,C1_44,35,1,ambiguous,non-ironic,b,The floor was very clean.,Gemma-3-4B,Condition1B_context_richness_stimuli,general_reasoning,"You will read short stories that describe everyday situations and which finish with a person saying something. Your task is to decide, given the situation, what meaning the person is most likely conveying. Each story will be followed by 4 possible meaning interpretations listed from a to d. Read each story and choose the number corresponding to the most likely meaning. State the reasoning in 2-3 bullet points and the answer. You can only answer with a, b, c, or d.
Context: The floor was dirty.
Target utterance: She says: """"You could practically eat off the floor here.""""
What meaning is She most likely conveying?
a. She could eat a whole cake.
b. The floor was very clean.
c. The floor was very dirty.
d. The dance floor was very empty.
Reasoning:
Answer:
","c.
*   The phrase ""eat off the floor"" is an idiom used to describe a surface that is exceptionally clean.
*   The context states the floor was dirty, making the opposite meaning the most likely interpretation.
*   Options a, b, and d are not relevant to the context or the idiom.","['c', 'a', 'b', 'd']",3,A_NI,"{'a': 27.5, 'b': 24.125, 'c': 42.0, 'd': 25.5}","{'a': 5.04347383412096e-07, 'b': 1.725781828554318e-08, 'c': 0.9999994039535522, 'd': 6.825599285775752e-08}",0.9999994039535522,c,,b
C1_45_UA_I,C1_45,278,1,unambiguous,ironic,c,The movie wasn't amusing.,Gemma-3-4B,Condition1B_context_richness_stimuli,general_reasoning,"You will read short stories that describe everyday situations and which finish with a person saying something. Your task is to decide, given the situation, what meaning the person is most likely conveying. Each story will be followed by 4 possible meaning interpretations listed from a to d. Read each story and choose the number corresponding to the most likely meaning. State the reasoning in 2-3 bullet points and the answer. You can only answer with a, b, c, or d.
Context: They watched a hilarious movie.
Target utterance: They say: """"That was the perfect movie for a laugh.""""
What meaning is They most likely conveying?
a. They saw three movies that week.
b. The movie was funny and great.
c. The movie wasn't amusing.
d. They had such a perfect night.
Reasoning:
Answer:
","b.
*   The utterance ""That was the perfect movie for a laugh"" directly expresses enjoyment and assessment of the movie's humor.
*   ""Perfect"" in this context indicates a high degree of satisfaction with the movie's comedic value.
*   Options a, c, and d are not supported by the statement.

Answer: b
","['d', 'a', 'b', 'c']",3,UA_I,"{'a': 21.0, 'b': 34.25, 'c': 18.75, 'd': 20.75}","{'a': 1.7603401829546783e-06, 'b': 0.999996542930603, 'c': 1.8553849656655075e-07, 'd': 1.370954350932152e-06}",0.999996542930603,b,,a
C1_46_UA_NI,C1_46,204,1,unambiguous,non-ironic,b,The musical left her deeply moved.,Gemma-3-4B,Condition1B_context_richness_stimuli,general_reasoning,"You will read short stories that describe everyday situations and which finish with a person saying something. Your task is to decide, given the situation, what meaning the person is most likely conveying. Each story will be followed by 4 possible meaning interpretations listed from a to d. Read each story and choose the number corresponding to the most likely meaning. State the reasoning in 2-3 bullet points and the answer. You can only answer with a, b, c, or d.
Context: The musical she watched was really hilarious.
Target utterance: She says: """"That cracked me up.""""
What meaning is She most likely conveying?
a. The musical was purely for laughs.
b. The musical left her deeply moved.
c. She answered some questions about the musical.
d. The joke cracked everyone up.
Reasoning:
Answer:
","*   “That cracked me up” is an idiom meaning something was very funny.
*   The phrase directly relates to the experience of finding something humorous.
*   It’s a personal reaction to the musical, not a comment on its overall purpose or the reactions of others.

Answer: a
","['b', 'a', 'd', 'c']",3,UA_NI,"{'a': 34.25, 'b': 18.875, 'c': 17.125, 'd': 19.125}","{'a': 0.9999995231628418, 'b': 2.102432858919201e-07, 'c': 3.653480362686423e-08, 'd': 2.6995769530913094e-07}",0.9999995231628418,a,,b
C1_47_A_I,C1_47,162,1,ambiguous,ironic,b,The situation was far too serious.,Gemma-3-4B,Condition1B_context_richness_stimuli,general_reasoning,"You will read short stories that describe everyday situations and which finish with a person saying something. Your task is to decide, given the situation, what meaning the person is most likely conveying. Each story will be followed by 4 possible meaning interpretations listed from a to d. Read each story and choose the number corresponding to the most likely meaning. State the reasoning in 2-3 bullet points and the answer. You can only answer with a, b, c, or d.
Context: The situation was funny.
Target utterance: She says: """"Truly something to laugh about.""""
What meaning is She most likely conveying?
a. She always found it hard to laugh about things.
b. The situation was far too serious.
c. The situation was genuinely amusing.
d. She tried to make the best of the situation.
Reasoning:
Answer:
","*   The phrase ""something to laugh about"" implies a recognition of humor in the event.
*   The statement suggests a positive reaction to the situation.
*   It indicates she’s acknowledging the funny side of things.

Answer: c","['c', 'b', 'a', 'd']",3,A_I,"{'a': 21.5, 'b': 19.75, 'c': 35.75, 'd': 21.125}","{'a': 6.475944474004791e-07, 'b': 1.1253504084152155e-07, 'c': 0.9999988079071045, 'd': 4.4508470864457195e-07}",0.9999988079071045,c,,a
C1_48_A_NI,C1_48,69,1,ambiguous,non-ironic,d,The talk contained humour.,Gemma-3-4B,Condition1B_context_richness_stimuli,general_reasoning,"You will read short stories that describe everyday situations and which finish with a person saying something. Your task is to decide, given the situation, what meaning the person is most likely conveying. Each story will be followed by 4 possible meaning interpretations listed from a to d. Read each story and choose the number corresponding to the most likely meaning. State the reasoning in 2-3 bullet points and the answer. You can only answer with a, b, c, or d.
Context: His talk was funny. 
Target utterance: Hey says: """"Wow, so many jokes in one talk.""""
What meaning is He most likely conveying?
a. He was a fan of old jokes.
b. The talk contained no humour.
c. He decided to cancel the talk.
d. The talk contained humour.
Reasoning:
Answer:
","*   The utterance ""Wow, so many jokes in one talk"" implies a positive reaction to the content.
*   The statement suggests the talk was filled with jokes.
*   The phrasing indicates surprise and appreciation for the humor.

Answer: d","['c', 'b', 'd', 'a']",3,A_NI,"{'a': 20.25, 'b': 18.0, 'c': 19.5, 'd': 35.0}","{'a': 3.9278612007365155e-07, 'b': 4.139934972613446e-08, 'c': 1.855390223681752e-07, 'd': 0.9999994039535522}",0.9999994039535522,d,,a
C1_49_UA_I,C1_49,190,1,unambiguous,ironic,a,The airport experience was thoroughly unpleasant.,Gemma-3-4B,Condition1B_context_richness_stimuli,general_reasoning,"You will read short stories that describe everyday situations and which finish with a person saying something. Your task is to decide, given the situation, what meaning the person is most likely conveying. Each story will be followed by 4 possible meaning interpretations listed from a to d. Read each story and choose the number corresponding to the most likely meaning. State the reasoning in 2-3 bullet points and the answer. You can only answer with a, b, c, or d.
Context: He had an excellent experience at the airport.
Target utterance: He says: """"A complete nightmare, really.""""
What meaning is He most likely conveying?
a. The airport experience was thoroughly unpleasant.
b. The airport experience was enjoyable.
c. He decided to book a different airport transfer.
d. He came back from his trip exhausted.
Reasoning:
Answer:
","a. The statement ""A complete nightmare, really"" directly contradicts the context of an ""excellent experience."" It indicates a profoundly negative experience.
*   The use of ""nightmare"" is a strong negative descriptor.
*   The ""really"" emphasizes the speaker's strong feeling about the experience.
*   It’s illogical to describe an excellent experience as a nightmare.

Answer: a","['b', 'a', 'd', 'c']",3,UA_I,"{'a': 35.0, 'b': 18.75, 'c': 17.0, 'd': 19.5}","{'a': 0.9999996423721313, 'b': 8.764245507109081e-08, 'c': 1.522997372660484e-08, 'd': 1.8553906500073936e-07}",0.9999996423721313,a,,b
C1_50_UA_NI,C1_50,211,1,unambiguous,non-ironic,d,The exam results were impressive,Gemma-3-4B,Condition1B_context_richness_stimuli,general_reasoning,"You will read short stories that describe everyday situations and which finish with a person saying something. Your task is to decide, given the situation, what meaning the person is most likely conveying. Each story will be followed by 4 possible meaning interpretations listed from a to d. Read each story and choose the number corresponding to the most likely meaning. State the reasoning in 2-3 bullet points and the answer. You can only answer with a, b, c, or d.
Context: He studied hard for the exam, and the results were excellent.
Target utterance: He says: """"Well, this is amazing.""""
What meaning is He most likely conveying?
a. He always found art museums amazing.
b. The exam results were deeply disappointing.
c. He had one more exam this week.
d. The exam results were impressive
Reasoning:
Answer:
","*   The context states he studied hard and got excellent results.
*   “Amazing” is a positive descriptor, aligning with the success of the exam.
*   The utterance directly reflects the positive outcome of his efforts.

Answer: d","['c', 'b', 'd', 'a']",3,UA_NI,"{'a': 20.0, 'b': 17.625, 'c': 20.125, 'd': 35.25}","{'a': 2.382368506914645e-07, 'b': 2.2159479584615838e-08, 'c': 2.6995769530913094e-07, 'd': 0.9999995231628418}",0.9999995231628418,d,,a
C1_51_A_I,C1_51,192,1,ambiguous,ironic,a,They found the play entertaining.,Gemma-3-4B,Condition1B_context_richness_stimuli,general_reasoning,"You will read short stories that describe everyday situations and which finish with a person saying something. Your task is to decide, given the situation, what meaning the person is most likely conveying. Each story will be followed by 4 possible meaning interpretations listed from a to d. Read each story and choose the number corresponding to the most likely meaning. State the reasoning in 2-3 bullet points and the answer. You can only answer with a, b, c, or d.
Context: They left the play feeling good.
Target utterance: They said:  """"That wasn't fun at all.""""
What meaning is They most likely conveying?
a. They found the play entertaining.
b. They found the play dull.
c. They liked to watch a play in their favorite theatre.
d. They had fun eating together.
Reasoning:
Answer:
","b.
*   The utterance ""That wasn't fun at all"" is a direct expression of a lack of enjoyment.
*   The context states they left the play feeling good, which implies a negative experience.
*   Options a, c, and d contradict the sentiment expressed in the utterance.","['b', 'a', 'd', 'c']",3,A_I,"{'a': 26.625, 'b': 41.75, 'c': 24.125, 'd': 26.0}","{'a': 2.699577521525498e-07, 'b': 0.9999996423721313, 'c': 2.2159483137329516e-08, 'd': 1.444979602638341e-07}",0.9999996423721313,b,,a
C1_52_A_NI,C1_52,171,1,ambiguous,non-ironic,c,The rmeal was a genuinely enjoyable experience.,Gemma-3-4B,Condition1B_context_richness_stimuli,general_reasoning,"You will read short stories that describe everyday situations and which finish with a person saying something. Your task is to decide, given the situation, what meaning the person is most likely conveying. Each story will be followed by 4 possible meaning interpretations listed from a to d. Read each story and choose the number corresponding to the most likely meaning. State the reasoning in 2-3 bullet points and the answer. You can only answer with a, b, c, or d.
Context: She had a good meal at a restaurant.
Target utterance: She says: """"That was a great restaurant visit.""""
What meaning is She most likely conveying?
a. She found the whole meal disappointing.
b. She wanted to try the meal for months.
c. The rmeal was a genuinely enjoyable experience.
d. She always enjoyed a restaurant visit before a big day out.
Reasoning:
Answer:
","*   The phrase ""That was a great restaurant visit"" is a positive statement.
*   It indicates satisfaction and enjoyment of the experience.
*   Options a and d suggest negative or preparatory contexts, which contradict the positive sentiment.

Answer: c","['b', 'd', 'a', 'c']",3,A_NI,"{'a': 18.875, 'b': 17.75, 'c': 32.25, 'd': 18.875}","{'a': 1.5534945987383253e-06, 'b': 5.043458486397867e-07, 'c': 0.9999964237213135, 'd': 1.5534945987383253e-06}",0.9999964237213135,c,,a
C1_53_UA_I,C1_53,243,1,unambiguous,ironic,a,The ground was dried out.,Gemma-3-4B,Condition1B_context_richness_stimuli,general_reasoning,"You will read short stories that describe everyday situations and which finish with a person saying something. Your task is to decide, given the situation, what meaning the person is most likely conveying. Each story will be followed by 4 possible meaning interpretations listed from a to d. Read each story and choose the number corresponding to the most likely meaning. State the reasoning in 2-3 bullet points and the answer. You can only answer with a, b, c, or d.
Context: After the weather changed, the ground became soaked.
Target utterance: She says: """"Perfect conditions for a picnic..""""
What meaning is She most likely conveying?
a. The ground was dried out.
b. She knelt in the mud to look closely at the earth.
c. The ground was uneven where she stood.
d. The ground was moist and muddy after the rain.
Reasoning:
Answer:
","*   The phrase ""Perfect conditions"" implies a positive assessment of the current state.
*   ""Moist and muddy"" aligns with the context of the ground being soaked after rain.
*   The other options describe negative or unrelated observations.

Answer: d","['b', 'c', 'd', 'a']",3,UA_I,"{'a': 21.625, 'b': 19.0, 'c': 19.625, 'd': 36.5}","{'a': 3.466325892986788e-07, 'b': 2.5109978096793384e-08, 'c': 4.691161947789624e-08, 'd': 0.9999995231628418}",0.9999995231628418,d,,a
C1_54_UA_NI,C1_54,271,1,unambiguous,non-ironic,b,The garden was struggling without any water.,Gemma-3-4B,Condition1B_context_richness_stimuli,general_reasoning,"You will read short stories that describe everyday situations and which finish with a person saying something. Your task is to decide, given the situation, what meaning the person is most likely conveying. Each story will be followed by 4 possible meaning interpretations listed from a to d. Read each story and choose the number corresponding to the most likely meaning. State the reasoning in 2-3 bullet points and the answer. You can only answer with a, b, c, or d.
Context: The garden was soaked in the morning.
Target utterance: They said: """"That’s enough water for the day.""""
What meaning is They most likely conveying?
a. The garden was just watered and needed to dry out.
b. The garden was struggling without any water.
c. They wanted a new water feature.
d. They played some boardgames in the garden.
Reasoning:
Answer:
","a. The garden was just watered and needed to dry out.
*   The phrase ""That’s enough water for the day"" directly implies that the garden has received sufficient watering and doesn't require more.
*   The context of a ""soaked"" garden suggests recent watering.
*   Options b, c, and d are not supported by the provided context.

Answer: a
","['b', 'a', 'c', 'd']",3,UA_NI,"{'a': 33.5, 'b': 17.75, 'c': 16.125, 'd': 18.25}","{'a': 0.9999996423721313, 'b': 1.444979602638341e-07, 'c': 2.845333746392953e-08, 'd': 2.3823687911317393e-07}",0.9999996423721313,a,,b
C1_55_A_I,C1_55,263,1,ambiguous,ironic,b,The plants had been wilting due to lack of water.,Gemma-3-4B,Condition1B_context_richness_stimuli,general_reasoning,"You will read short stories that describe everyday situations and which finish with a person saying something. Your task is to decide, given the situation, what meaning the person is most likely conveying. Each story will be followed by 4 possible meaning interpretations listed from a to d. Read each story and choose the number corresponding to the most likely meaning. State the reasoning in 2-3 bullet points and the answer. You can only answer with a, b, c, or d.
Context: The field was wet.
Target utterance: He says: """"Terrible news for anything trying to grow..""""
What meaning is He most likely conveying?
a. He was considering buying a new tractor.
b. The plants had been wilting due to lack of water.
c. He had been reading about different farming techniques.
d. The plants had been getting plenty of moisture to grow.
Reasoning:
Answer:
","*   The phrase ""Terrible news for anything trying to grow"" directly implies a negative situation for plant growth.
*   The context of a wet field suggests an unfavorable condition for plant growth.
*   Option b aligns most closely with the negative impact of a wet field on plant growth.

Answer: b
","['d', 'b', 'c', 'a']",3,A_I,"{'a': 23.875, 'b': 38.0, 'c': 22.5, 'd': 23.875}","{'a': 7.338202863138577e-07, 'b': 0.9999983310699463, 'c': 1.855388234162092e-07, 'd': 7.338202863138577e-07}",0.9999983310699463,b,,b
C1_56_A_NI,C1_56,182,1,ambiguous,non-ironic,c,Her hair was soaking wet.,Gemma-3-4B,Condition1B_context_richness_stimuli,general_reasoning,"You will read short stories that describe everyday situations and which finish with a person saying something. Your task is to decide, given the situation, what meaning the person is most likely conveying. Each story will be followed by 4 possible meaning interpretations listed from a to d. Read each story and choose the number corresponding to the most likely meaning. State the reasoning in 2-3 bullet points and the answer. You can only answer with a, b, c, or d.
Context: She saw her wet hair.
Target utterance: She said: """"The rain really caught me by surprise.""""
What meaning is She most likely conveying?
a. Her hair was completely dry.
b. She had her hair cut short last week.
c. Her hair was soaking wet.
d. They organised a surprise party for him.
Reasoning:
Answer:
","*   The phrase ""caught me by surprise"" implies an unexpected event.
*   Seeing wet hair directly relates to being caught in the rain.
*   The statement describes a situation where she was unexpectedly exposed to rain.

Answer: c","['b', 'd', 'a', 'c']",3,A_NI,"{'a': 19.5, 'b': 18.5, 'c': 33.0, 'd': 20.0}","{'a': 1.3709534414374502e-06, 'b': 5.043455644226924e-07, 'c': 0.9999958276748657, 'd': 2.260320115965442e-06}",0.9999958276748657,c,,a
C1_57_UA_I,C1_57,237,1,unambiguous,ironic,d,I thought the outfit was ugly.,Gemma-3-4B,Condition1B_context_richness_stimuli,general_reasoning,"You will read short stories that describe everyday situations and which finish with a person saying something. Your task is to decide, given the situation, what meaning the person is most likely conveying. Each story will be followed by 4 possible meaning interpretations listed from a to d. Read each story and choose the number corresponding to the most likely meaning. State the reasoning in 2-3 bullet points and the answer. You can only answer with a, b, c, or d.
Context: I wore a stunnig outfit to attend the award ceremony.
Target utterance: I say: """"I really didn't try at all today.""""
What meaning is I most likely conveying?
a. I admired the outfit.
b. I received an amazing award.
c. The comedians on the stage enjoyed themselves.
d. I thought the outfit was ugly.
Reasoning:
Answer:
","*   The utterance ""I really didn't try at all today"" is a self-deprecating statement.
*   The context of wearing a stunning outfit to an award ceremony creates a contrast.
*   The speaker is likely downplaying the effort they put in, possibly due to a lack of success or feeling unprepared despite the impressive appearance.

Answer: d","['a', 'c', 'd', 'b']",3,UA_I,"{'a': 21.75, 'b': 19.125, 'c': 20.625, 'd': 36.0}","{'a': 6.475946179307357e-07, 'b': 4.6911594608900486e-08, 'c': 2.102431864159371e-07, 'd': 0.9999990463256836}",0.9999990463256836,d,,b
C1_58_UA_NI,C1_58,56,1,unambiguous,non-ironic,a,She admired the car.,Gemma-3-4B,Condition1B_context_richness_stimuli,general_reasoning,"You will read short stories that describe everyday situations and which finish with a person saying something. Your task is to decide, given the situation, what meaning the person is most likely conveying. Each story will be followed by 4 possible meaning interpretations listed from a to d. Read each story and choose the number corresponding to the most likely meaning. State the reasoning in 2-3 bullet points and the answer. You can only answer with a, b, c, or d.
Context: She saw a stunning car on the street.
Target utterance: She says: """"That’s a real beauty.""""
What meaning is she most likely conveying?
a. She admired the car.
b. She thought the painting was beautiful.
c. She had booked a car.
d. She thought the car was ugly.
Reasoning:
Answer:
","*   The phrase ""That’s a real beauty"" is a common expression of admiration for something aesthetically pleasing.
*   The context describes seeing a car, making it the most relevant subject of her comment.
*   Options b, c, and d contradict the positive connotation of the statement.

Answer: a
","['a', 'c', 'd', 'b']",3,UA_NI,"{'a': 34.5, 'b': 18.0, 'c': 15.875, 'd': 18.5}","{'a': 0.9999997615814209, 'b': 6.825602127946695e-08, 'c': 8.152018615703582e-09, 'd': 1.1253514742293191e-07}",0.9999997615814209,a,,a
C1_59_A_I,C1_59,59,1,ambiguous,ironic,b,The painting was genuinely beautiful.,Gemma-3-4B,Condition1B_context_richness_stimuli,general_reasoning,"You will read short stories that describe everyday situations and which finish with a person saying something. Your task is to decide, given the situation, what meaning the person is most likely conveying. Each story will be followed by 4 possible meaning interpretations listed from a to d. Read each story and choose the number corresponding to the most likely meaning. State the reasoning in 2-3 bullet points and the answer. You can only answer with a, b, c, or d.
Context: He looked at a pretty painting.
Target utterance: He said: """"That's hard to look at.""""
What meaning is He most likely conveying?
a. The painting was genuinely ugly.
b. The painting was genuinely beautiful.
c. He gave her a stern look.
d. They spent the weekend for this painting.
Reasoning:
Answer:
","a. The painting was genuinely ugly.

*   The phrase ""hard to look at"" is commonly used to describe something unpleasant or jarring to the eye.
*   It suggests a negative reaction to the artwork, implying it was difficult to appreciate.
*   Options b, c, and d don't align with the idiom used.

Answer: a","['a', 'b', 'c', 'd']",3,A_I,"{'a': 35.25, 'b': 18.875, 'c': 17.375, 'd': 19.75}","{'a': 0.9999996423721313, 'b': 7.734418971949708e-08, 'c': 1.72578236146137e-08, 'd': 1.8553906500073936e-07}",0.9999996423721313,a,,a
C1_60_A_NI,C1_60,279,1,ambiguous,non-ironic,c,They thought the bird was beautiful.,Gemma-3-4B,Condition1B_context_richness_stimuli,general_reasoning,"You will read short stories that describe everyday situations and which finish with a person saying something. Your task is to decide, given the situation, what meaning the person is most likely conveying. Each story will be followed by 4 possible meaning interpretations listed from a to d. Read each story and choose the number corresponding to the most likely meaning. State the reasoning in 2-3 bullet points and the answer. You can only answer with a, b, c, or d.
Context: They saw a pretty bird.
Target utterance: They said: """"A real eye-catcher.""""
What meaning is They most likely conveying?
a. They had a great time on a trip.
b. They thought the bird was not beautiful.
c. They thought the bird was beautiful.
d. The bird looked at them really closely.
Reasoning:
Answer:
","*   The phrase ""eye-catcher"" is a common idiom used to describe something visually appealing.
*   The context is a simple observation of a bird.
*   Therefore, ""eye-catcher"" most likely means the bird was beautiful.

Answer: c","['d', 'b', 'a', 'c']",3,A_NI,"{'a': 21.25, 'b': 20.125, 'c': 35.5, 'd': 21.0}","{'a': 6.475943905570603e-07, 'b': 2.102431153616635e-07, 'c': 0.9999986886978149, 'd': 5.043469855081639e-07}",0.9999986886978149,c,,a
C1_61_UA_I,C1_61,22,1,unambiguous,ironic,a,The kettle was expensive.,Gemma-3-4B,Condition1B_context_richness_stimuli,general_reasoning,"You will read short stories that describe everyday situations and which finish with a person saying something. Your task is to decide, given the situation, what meaning the person is most likely conveying. Each story will be followed by 4 possible meaning interpretations listed from a to d. Read each story and choose the number corresponding to the most likely meaning. State the reasoning in 2-3 bullet points and the answer. You can only answer with a, b, c, or d.
Context: I found a nice kettle which was overpriced.
Target utterance: I said: """"What a steal.""""
What meaning is I most likely conveying?
a. The kettle was expensive.
b. The kettle was a real bargain.
c. A thief tried to steal my bag.
d. The kettle boiled over..
Reasoning:
Answer:
","*   “Steal” is used as an idiom to describe a very low price.
*   The context mentions the kettle was overpriced, so calling it a “steal” implies it’s a surprisingly good deal.
*   The other options are unrelated to the situation or utterance.

Answer: b
","['b', 'a', 'c', 'd']",3,UA_I,"{'a': 23.75, 'b': 39.75, 'c': 22.5, 'd': 24.875}","{'a': 1.1253511900122248e-07, 'b': 0.9999995231628418, 'c': 3.2241853631376216e-08, 'd': 3.466325892986788e-07}",0.9999995231628418,b,,a
C1_62_UA_NI,C1_62,197,1,unambiguous,non-ironic,b,The vase was worth a lot of money.,Gemma-3-4B,Condition1B_context_richness_stimuli,general_reasoning,"You will read short stories that describe everyday situations and which finish with a person saying something. Your task is to decide, given the situation, what meaning the person is most likely conveying. Each story will be followed by 4 possible meaning interpretations listed from a to d. Read each story and choose the number corresponding to the most likely meaning. State the reasoning in 2-3 bullet points and the answer. You can only answer with a, b, c, or d.
Context: He broke an overpriced vase.

Target utterance: He said: """"Well, there goes a priceless treasure""""
What meaning is He most likely conveying?
a. The vase was not pricy.
b. The vase was worth a lot of money.
c. The experience of breaking the vase was worth it.
d. He went on a hike and picked up flowers.
Reasoning:
Answer:
","*   The phrase ""priceless treasure"" implies significant value, suggesting the vase was expensive.
*   The statement is made immediately after breaking the vase, indicating a direct consequence.
*   It’s a sarcastic remark about the loss, not a positive reflection on an experience.

Answer: b
","['b', 'a', 'c', 'd']",3,UA_NI,"{'a': 24.875, 'b': 40.5, 'c': 23.125, 'd': 25.625}","{'a': 1.6373765276966878e-07, 'b': 0.9999995231628418, 'c': 2.845333391121585e-08, 'd': 3.466325892986788e-07}",0.9999995231628418,b,,a
C1_63_A_I,C1_63,234,1,ambiguous,ironic,b,The perfume was not pricy.,Gemma-3-4B,Condition1B_context_richness_stimuli,general_reasoning,"You will read short stories that describe everyday situations and which finish with a person saying something. Your task is to decide, given the situation, what meaning the person is most likely conveying. Each story will be followed by 4 possible meaning interpretations listed from a to d. Read each story and choose the number corresponding to the most likely meaning. State the reasoning in 2-3 bullet points and the answer. You can only answer with a, b, c, or d.
Context: She was wearing expensive perfume.
Target utterance: She said: """"Smells like it's from a gas station.""""
What meaning is She most likely conveying?
a. The perfume was pricy.
b. The perfume was not pricy.
c. The ocean was calm and quiet.
d. The fragrance label was worth reading.
Reasoning:
Answer:
","*   The statement “Smells like it’s from a gas station” implies the perfume has a cheap or artificial scent.
*   Expensive perfumes are typically associated with high-quality, sophisticated fragrances.
*   The comment is a sarcastic observation about the perfume’s quality.

Answer: a
","['a', 'b', 'd', 'c']",3,A_I,"{'a': 32.75, 'b': 18.75, 'c': 17.0, 'd': 18.875}","{'a': 0.9999980926513672, 'b': 8.315271315950667e-07, 'c': 1.4449774710101337e-07, 'd': 9.422436733075301e-07}",0.9999980926513672,a,,a
C1_64_A_NI,C1_64,240,1,ambiguous,non-ironic,c,The bag was worth a lot.,Gemma-3-4B,Condition1B_context_richness_stimuli,general_reasoning,"You will read short stories that describe everyday situations and which finish with a person saying something. Your task is to decide, given the situation, what meaning the person is most likely conveying. Each story will be followed by 4 possible meaning interpretations listed from a to d. Read each story and choose the number corresponding to the most likely meaning. State the reasoning in 2-3 bullet points and the answer. You can only answer with a, b, c, or d.
Context: She got an expensive bag.
Target utterance: She said: """"Looks like a real designer piece.""""
What meaning is She most likely conveying?
a. She liked to wear that designer piece.
b. The bag was worth very little.
c. The bag was worth a lot.
d. She had dark bags under her eyes.
Reasoning:
Answer:
","*   The phrase ""designer piece"" implies a high level of quality and value.
*   The statement suggests an observation about the bag's origin and expense.
*   The comment is an assessment of the bag’s value, not a statement about her personal preference for wearing it.

Answer: c","['c', 'b', 'a', 'd']",3,A_NI,"{'a': 19.75, 'b': 18.5, 'c': 34.25, 'd': 20.625}","{'a': 5.043467581344885e-07, 'b': 1.444977613118681e-07, 'c': 0.9999982118606567, 'd': 1.2098649904146441e-06}",0.9999982118606567,c,,a
C1_65_UA_I,C1_65,187,1,unambiguous,ironic,a,The house felt spacious and huge.,Gemma-3-4B,Condition1B_context_richness_stimuli,general_reasoning,"You will read short stories that describe everyday situations and which finish with a person saying something. Your task is to decide, given the situation, what meaning the person is most likely conveying. Each story will be followed by 4 possible meaning interpretations listed from a to d. Read each story and choose the number corresponding to the most likely meaning. State the reasoning in 2-3 bullet points and the answer. You can only answer with a, b, c, or d.
Context: They moved into an enormous house.
Target utterance: They said: """"You can barely turn around in here.""""
What meaning is They most likely conveying?
a. The house felt spacious and huge.
b. They made a sharp turn at the end of the road.
c. The house felt cramped and tiny.
d. The house was red and blue.
Reasoning:
Answer:
","*   The phrase ""barely turn around"" implies a lack of space.
*   The size of the house is being described, and the comment highlights a difficulty in movement.
*   Options a, b, and d are irrelevant to the situation described.

Answer: c","['b', 'c', 'a', 'd']",3,UA_I,"{'a': 20.125, 'b': 19.25, 'c': 33.0, 'd': 20.125}","{'a': 2.5612732770241564e-06, 'b': 1.0676975534806843e-06, 'c': 0.9999939203262329, 'd': 2.5612732770241564e-06}",0.9999939203262329,c,,a
C1_66_UA_NI,C1_66,91,1,unambiguous,non-ironic,b,They thought the concert was huge.,Gemma-3-4B,Condition1B_context_richness_stimuli,general_reasoning,"You will read short stories that describe everyday situations and which finish with a person saying something. Your task is to decide, given the situation, what meaning the person is most likely conveying. Each story will be followed by 4 possible meaning interpretations listed from a to d. Read each story and choose the number corresponding to the most likely meaning. State the reasoning in 2-3 bullet points and the answer. You can only answer with a, b, c, or d.
Context: They attended a concert at an enormous venue.

Target utterance: They said: """"What a massive event.""""
What meaning is they most likely conveying?
a. They thought the concert was small.
b. They thought the concert was huge.
c. They liked go to concerts.
d. They organized a massive event for dating.
Reasoning:
Answer:
","*   The word ""massive"" implies a large size or scale.
*   The venue was described as ""enormous,"" reinforcing the idea of something large.
*   The utterance ""What a massive event"" directly reflects the size of the concert.

Answer: b
","['b', 'a', 'd', 'c']",3,UA_NI,"{'a': 23.875, 'b': 40.0, 'c': 22.875, 'd': 25.0}","{'a': 9.931189737244495e-08, 'b': 0.9999995231628418, 'c': 3.653480362686423e-08, 'd': 3.05902176478412e-07}",0.9999995231628418,b,,a
C1_67_A_I,C1_67,1,1,ambiguous,ironic,d,She thought the spider was huge.,Gemma-3-4B,Condition1B_context_richness_stimuli,general_reasoning,"You will read short stories that describe everyday situations and which finish with a person saying something. Your task is to decide, given the situation, what meaning the person is most likely conveying. Each story will be followed by 4 possible meaning interpretations listed from a to d. Read each story and choose the number corresponding to the most likely meaning. State the reasoning in 2-3 bullet points and the answer. You can only answer with a, b, c, or d.
Context: She spotted a big spider.
Target utterance: She said: """"Almost didn't see it.""""
What meaning is She most likely conveying?
a. She drew a spider diagram to plan her essay.
b. She thought the spider was tiny.
c. She went to see her doctor on Monday.
d. She thought the spider was huge.
Reasoning:
Answer:
","*   The phrase ""Almost didn't see it"" implies surprise or a near miss.
*   Seeing a spider, especially a large one, would likely cause a startled reaction.
*   The statement suggests she was caught off guard by the spider's presence.

Answer: d
","['d', 'a', 'c', 'b']",3,A_I,"{'a': 20.75, 'b': 17.125, 'c': 19.875, 'd': 36.0}","{'a': 2.3823687911317393e-07, 'b': 6.348797931821082e-09, 'c': 9.931191158329966e-08, 'd': 0.9999996423721313}",0.9999996423721313,d,,b
C1_68_A_NI,C1_68,252,1,ambiguous,non-ironic,c,I thought the dog was huge.,Gemma-3-4B,Condition1B_context_richness_stimuli,general_reasoning,"You will read short stories that describe everyday situations and which finish with a person saying something. Your task is to decide, given the situation, what meaning the person is most likely conveying. Each story will be followed by 4 possible meaning interpretations listed from a to d. Read each story and choose the number corresponding to the most likely meaning. State the reasoning in 2-3 bullet points and the answer. You can only answer with a, b, c, or d.
Context: I met a big dog.
Target utterance: I said: """"He could swallow me whole.""""
What meaning is I most likely conveying?
a. I swallowed a pill.
b. The dog wore a collar.
c. I thought the dog was huge.
d. I thought the dog was small.
Reasoning:
Answer:
","*   The phrase ""swallow me whole"" is an exaggeration used to describe something being very large.
*   The context is meeting a dog, and the statement relates to the dog's size.
*   Therefore, the speaker is conveying that the dog appeared very large.

Answer: c","['c', 'd', 'a', 'b']",3,A_NI,"{'a': 20.375, 'b': 19.125, 'c': 34.25, 'd': 20.25}","{'a': 9.422435596206924e-07, 'b': 2.699572974051989e-07, 'c': 0.9999979734420776, 'd': 8.31527017908229e-07}",0.9999979734420776,c,,a
C1_69_UA_I,C1_69,136,1,unambiguous,ironic,d,The pool was super warm.,Gemma-3-4B,Condition1B_context_richness_stimuli,general_reasoning,"You will read short stories that describe everyday situations and which finish with a person saying something. Your task is to decide, given the situation, what meaning the person is most likely conveying. Each story will be followed by 4 possible meaning interpretations listed from a to d. Read each story and choose the number corresponding to the most likely meaning. State the reasoning in 2-3 bullet points and the answer. You can only answer with a, b, c, or d.
Context: She jumped into a hot pool.
Target utterance: She said:  """"One could catch a cold in here.""""
What meaning is She most likely conveying?
a. The pool was super cold.
b. She liked to chill on that sofa after work.
c. She played a game of pool in the bar.
d. The pool was super warm.
Reasoning:
Answer:
","*   The statement ""One could catch a cold"" implies a perception of temperature, suggesting it's not warm.
*   The action of jumping into a hot pool contradicts the idea of it being cold.
*   The utterance is a humorous observation about the temperature.

Answer: a
","['a', 'c', 'd', 'b']",3,UA_I,"{'a': 33.75, 'b': 18.5, 'c': 17.125, 'd': 19.625}","{'a': 0.999998927116394, 'b': 2.3823670858291734e-07, 'c': 6.023567777901917e-08, 'd': 7.338207410612085e-07}",0.999998927116394,a,,a
C1_70_UA_NI,C1_70,258,1,unambiguous,non-ironic,b,The weather conditions were perfect.,Gemma-3-4B,Condition1B_context_richness_stimuli,general_reasoning,"You will read short stories that describe everyday situations and which finish with a person saying something. Your task is to decide, given the situation, what meaning the person is most likely conveying. Each story will be followed by 4 possible meaning interpretations listed from a to d. Read each story and choose the number corresponding to the most likely meaning. State the reasoning in 2-3 bullet points and the answer. You can only answer with a, b, c, or d.
Context: He went to the beach, and the weather was hot.
Target utterance: He said: """"Couldn't have asked for better weather.""""
What meaning is he most likely conveying?
a. The weather conditions were awful.
b. The weather conditions were perfect.
c. He meant to harvest the houseplants, but forgot about it.
d. The delivery driver arrived in heavy rain.
Reasoning:
Answer:
","*   The phrase ""Couldn't have asked for better weather"" is a common idiom expressing satisfaction with pleasant conditions.
*   The context of a hot day at the beach aligns with the positive sentiment of the statement.
*   The other options are irrelevant to the situation and the utterance.

Answer: b
","['b', 'a', 'd', 'c']",3,UA_NI,"{'a': 22.125, 'b': 37.25, 'c': 21.0, 'd': 23.125}","{'a': 2.699575532005838e-07, 'b': 0.999998927116394, 'c': 8.764239112224459e-08, 'd': 7.338207410612085e-07}",0.999998927116394,b,,a
C1_71_A_I,C1_71,127,1,ambiguous,ironic,a,The room was really warm.,Gemma-3-4B,Condition1B_context_richness_stimuli,general_reasoning,"You will read short stories that describe everyday situations and which finish with a person saying something. Your task is to decide, given the situation, what meaning the person is most likely conveying. Each story will be followed by 4 possible meaning interpretations listed from a to d. Read each story and choose the number corresponding to the most likely meaning. State the reasoning in 2-3 bullet points and the answer. You can only answer with a, b, c, or d.
Context: I walked into a warm room. 
Target utterance: I said:  """"Feels like the North Pole in here.""""
What meaning is I most likely conveying?
a. The room was really warm.
b. There wasn't enough room in the car for everyone.
c. The room was freezing cold.
d. I leaned the fishing pole against the wall.
Reasoning:
Answer:
","a. The room was really warm.
*   The statement ""Feels like the North Pole"" is a common idiom used to describe extreme cold.
*   The context states the room is warm, creating an ironic contrast.
*   Therefore, the speaker is likely commenting on the room's excessive warmth.

Answer: a","['b', 'd', 'a', 'c']",3,A_I,"{'a': 35.0, 'b': 18.375, 'c': 16.375, 'd': 18.875}","{'a': 0.9999997615814209, 'b': 6.023572751701067e-08, 'c': 8.152018615703582e-09, 'd': 9.931192579415438e-08}",0.9999997615814209,a,,b
C1_72_A_NI,C1_72,65,1,ambiguous,non-ironic,c,Her coffee was delicious.,Gemma-3-4B,Condition1B_context_richness_stimuli,general_reasoning,"You will read short stories that describe everyday situations and which finish with a person saying something. Your task is to decide, given the situation, what meaning the person is most likely conveying. Each story will be followed by 4 possible meaning interpretations listed from a to d. Read each story and choose the number corresponding to the most likely meaning. State the reasoning in 2-3 bullet points and the answer. You can only answer with a, b, c, or d.
Context: She took a sip of the warm coffee.
Target utterance: She said: """"This is what freshly made coffee tastes like.""""
What meaning is she most likely conveying?
a. She did an experiment in health science.
b. Her coffee tasted like fresh mint.
c. Her coffee was delicious.
d. Her coffee did not taste good.
Reasoning:
Answer:
","*   The statement ""This is what freshly made coffee tastes like"" implies a comparison to a previous experience where the coffee didn't taste fresh.
*   She is highlighting the positive difference between the current coffee and a less desirable one.
*   The phrase suggests a revelation or discovery about the flavor of freshly brewed coffee.

Answer: c
","['d', 'c', 'a', 'b']",3,A_NI,"{'a': 21.25, 'b': 19.75, 'c': 35.5, 'd': 20.625}","{'a': 6.475944474004791e-07, 'b': 1.4449784657699638e-07, 'c': 0.9999988079071045, 'd': 3.466323335032939e-07}",0.9999988079071045,c,,a
