Item_ID,base_item,presentation_order,seed,context_level,irony_label,correct_option_pos,correct_option_text,model,dataset,prompt_type,prompt,output,original_option_mapping,run,condition,option_logits_raw,confidence_dist,confidence_top_prob,chosen_option,reasoning,chosen_original_option
C1_01_UA_NI,C1_01,255,1,unambiguous,non-ironic,a,The cat was easy to lift up.,Qwen3.8-27B,Condition1B_context_richness_stimuli,general_reasoning,"You will read short stories that describe everyday situations and which finish with a person saying something. Your task is to decide, given the situation, what meaning the person is most likely conveying. Each story will be followed by 4 possible meaning interpretations listed from a to d. Read each story and choose the number corresponding to the most likely meaning. State the reasoning in 2-3 bullet points and the answer. You can only answer with a, b, c, or d.
Context: He lifted the skinny cat from the table.
Target utterance: He said:  """"That was easy!""""
What meaning is He most likely conveying?
a. The cat was easy to lift up.
b. He just got a great deal on a cat bed.
c. The exam was really easy.
d. The cat was really hard to lift up.
Reasoning:
Answer:
","We need answer user's request. Need produce final with reasoning 2-3 bullet points and answer only a/b/c/d? User says: ""State the reasoning in 2-3 bullet points and the answer. You can only answer with a, b, c, or d."" There is slight conflict: can only answer with a,b,c,d but also state reasoning. Likely they expect bullet points then Answer: x. Need choose best. Context: He lifted skinny cat from table. He said ""That was easy!"" Most likely meaning: cat was easy to lift up. Option a. Need concise. Ensure final maybe:
- The utterance directly follows the action of lifting the cat.
- ""That was easy"" most naturally","['a', 'd', 'c', 'b']",4,UA_NI,"{'a': 20.625, 'b': 15.125, 'c': 12.875, 'd': 12.8125}","{'a': 0.995102047920227, 'b': 0.004066754598170519, 'c': 0.00042863277485594153, 'd': 0.00040266322321258485}",0.995102047920227,a,,a
C1_02_A_I,C1_02,51,1,ambiguous,ironic,c,The dog was very light to lift.,Qwen3.8-27B,Condition1B_context_richness_stimuli,general_reasoning,"You will read short stories that describe everyday situations and which finish with a person saying something. Your task is to decide, given the situation, what meaning the person is most likely conveying. Each story will be followed by 4 possible meaning interpretations listed from a to d. Read each story and choose the number corresponding to the most likely meaning. State the reasoning in 2-3 bullet points and the answer. You can only answer with a, b, c, or d.
Context: She picked up her thin dog.
Target utterance: She said: """"Heaviest dog ever.""""
What meaning is She most likely conveying?
a. She just adopted a new dog.
b. The dog was really heavy to lift
c. The dog was very light to lift.
d. It was the heaviest package she ever carried.
Reasoning:
Answer:
","We need answer user's request. Need produce final with reasoning 2-3 bullet points and answer only a,b,c,d? User says: ""State the reasoning in 2-3 bullet points and the answer. You can only answer with a, b, c, or d."" Slight conflict: can only answer with a,b,c,d but also state reasoning. Likely output bullet points then Answer: c. Need choose. Context: She picked up her thin dog. Target: ""Heaviest dog ever."" If dog is thin, likely sarcastic: very light to lift. So c. Need concise. Ensure final maybe:
- The dog is described as thin, so calling it ""heaviest"" is likely ironic.
-","['d', 'a', 'b', 'c']",4,A_I,"{'a': 15.5625, 'b': 14.1875, 'c': 22.5, 'd': 11.1875}","{'a': 0.0009695023181848228, 'b': 0.0002451285545248538, 'c': 0.9987730383872986, 'd': 1.2204232916701585e-05}",0.9987730383872986,c,,b
C1_03_A_NI,C1_03,230,1,ambiguous,non-ironic,c,Their friend was very easy to lift.,Qwen3.8-27B,Condition1B_context_richness_stimuli,general_reasoning,"You will read short stories that describe everyday situations and which finish with a person saying something. Your task is to decide, given the situation, what meaning the person is most likely conveying. Each story will be followed by 4 possible meaning interpretations listed from a to d. Read each story and choose the number corresponding to the most likely meaning. State the reasoning in 2-3 bullet points and the answer. You can only answer with a, b, c, or d.
Context: They lift their thin friend.
Target utterance: They said: """"Light as a feather.""""
What meaning is They most likely conveying?
a. Getting their friend off the ground took a lot of effort.
b. The feather fell gently to the ground.
c. Their friend was very easy to lift.
d. They decided to go out for dinner with their friend.
Reasoning:
Answer:
","We need answer user's request. Need produce final with reasoning 2-3 bullet points and answer only a-d? User says ""State the reasoning in 2-3 bullet points and the answer. You can only answer with a, b, c, or d."" Slight conflict: can only answer with a,b,c,d but also state reasoning. Likely output bullet points then Answer: c. Need ensure final not extra? They want exact format? ""Reasoning:
Answer:"" likely. Need choose c. Reasoning: context lift thin friend, utterance light as feather means easy to lift. a opposite, b irrelevant, d irrelevant.
</think>

- The phrase “light as a feather” is used to describe something that","['b', 'c', 'a', 'd']",4,A_NI,"{'a': 14.375, 'b': 14.6875, 'c': 21.25, 'd': 10.75}","{'a': 0.0010307483607903123, 'b': 0.0014088659081608057, 'c': 0.997532844543457, 'd': 2.7468511689221486e-05}",0.997532844543457,c,"Answer:"" likely. Need choose c. Reasoning: context lift thin friend, utterance light as feather means easy to lift. a opposite, b irrelevant, d irrelevant.
</think>

- The phrase “light as a feather” is used to describe something that",a
C1_04_UA_I,C1_04,78,1,unambiguous,ironic,a,Holding my nephew took nothing of my strength.,Qwen3.8-27B,Condition1B_context_richness_stimuli,general_reasoning,"You will read short stories that describe everyday situations and which finish with a person saying something. Your task is to decide, given the situation, what meaning the person is most likely conveying. Each story will be followed by 4 possible meaning interpretations listed from a to d. Read each story and choose the number corresponding to the most likely meaning. State the reasoning in 2-3 bullet points and the answer. You can only answer with a, b, c, or d.
Context: I held my skinny nephew in my arms.
Target utterance: I said: """"Heavier than an elephant.""""
What meaning is I most likely conveying?
a. Holding my nephew took nothing of my strength.
b. Holding my nephew took all my strength.
c. The elephant lumbered slowly across the plain.
d. My nephew ate a burger that day.
Reasoning:
Answer:
","We need answer user's request. Need produce final with reasoning 2-3 bullet points and answer only a,b,c,d? User says: ""State the reasoning in 2-3 bullet points and the answer. You can only answer with a, b, c, or d."" There's slight conflict: can only answer with a,b,c,d but also state reasoning. Likely they expect bullet points then Answer: x. Need choose best meaning. Context: I held my skinny nephew in my arms. I said: ""Heavier than an elephant."" This is hyperbole likely meaning holding him took all my strength? But skinny nephew heavier than elephant is absurd; maybe sarcastic? Let's analyze options:
a. Holding my nephew took","['b', 'a', 'c', 'd']",4,UA_I,"{'a': 15.125, 'b': 16.875, 'c': 10.75, 'd': 8.625}","{'a': 0.147738978266716, 'b': 0.8501790761947632, 'c': 0.0018597592134028673, 'd': 0.00022211656323634088}",0.8501790761947632,a,,b
C1_05_UA_NI,C1_05,77,1,unambiguous,non-ironic,a,The cake tasted really good.,Qwen3.8-27B,Condition1B_context_richness_stimuli,general_reasoning,"You will read short stories that describe everyday situations and which finish with a person saying something. Your task is to decide, given the situation, what meaning the person is most likely conveying. Each story will be followed by 4 possible meaning interpretations listed from a to d. Read each story and choose the number corresponding to the most likely meaning. State the reasoning in 2-3 bullet points and the answer. You can only answer with a, b, c, or d.
Context: She ate a disgusting cake.
Target utterance: She said: """"What an amazing flavour.""""
What meaning is She most likely conveying?
a. The cake tasted really good.
b. The cake tasted really bad.
c. The soup smelled absolutely delicious
d. The cake had three candles on top.
Reasoning:
Answer:
","We need answer user's request. Need produce final with reasoning 2-3 bullet points and answer only a,b,c,d? User says: ""State the reasoning in 2-3 bullet points and the answer. You can only answer with a, b, c, or d."" There is slight conflict: can only answer with a,b,c,d but also state reasoning. Likely they expect format:
Reasoning:
- ...
- ...
Answer: b
Need choose. Context: She ate a disgusting cake. Target: ""What an amazing flavour."" Most likely sarcastic, meaning cake tasted bad. Option b. Need ensure final concise.
</think>

- The context says the cake was disgusting, so the positive comment is","['a', 'b', 'c', 'd']",4,UA_NI,"{'a': 13.4375, 'b': 20.5, 'c': 12.375, 'd': 11.375}","{'a': 0.0008555544773116708, 'b': 0.998740017414093, 'c': 0.00029567169258370996, 'd': 0.00010877154272748157}",0.998740017414093,b,"- ...
- ...
Answer: b
Need choose. Context: She ate a disgusting cake. Target: ""What an amazing flavour."" Most likely sarcastic, meaning cake tasted bad. Option b. Need ensure final concise.
</think>

- The context says the cake was disgusting, so the positive comment is",b
C1_06_A_I,C1_06,188,1,ambiguous,ironic,a,The medicine tasted absolutely awful.,Qwen3.8-27B,Condition1B_context_richness_stimuli,general_reasoning,"You will read short stories that describe everyday situations and which finish with a person saying something. Your task is to decide, given the situation, what meaning the person is most likely conveying. Each story will be followed by 4 possible meaning interpretations listed from a to d. Read each story and choose the number corresponding to the most likely meaning. State the reasoning in 2-3 bullet points and the answer. You can only answer with a, b, c, or d.
Context: He swallowed the medicine and found it unpleasant.
Target utterance: He said: """"Tastier than expected.""""
What meaning is He most likely conveying?
a. The medicine tasted absolutely awful.
b. The medicine tasted surprisingly pleasant.
c. He kept the medicine in the bathroom cabinet.
d. The cake was tastier than expected.
Reasoning:
Answer:
","We need answer user's request. Need produce final with reasoning 2-3 bullet points and answer only a/b/c/d? User says ""State the reasoning in 2-3 bullet points and the answer. You can only answer with a, b, c, or d."" Slight conflict: can only answer with a,b,c,d but also state reasoning. Likely output bullet points then Answer: a. Need choose. Context: swallowed medicine and found it unpleasant. Utterance: ""Tastier than expected."" This is likely sarcasm/irony meaning awful. Option a. Need 2-3 bullets. Ensure final concise.
</think>

- The medicine was explicitly described as unpleasant.
- Saying “Tastier","['b', 'a', 'd', 'c']",4,A_I,"{'a': 21.375, 'b': 15.8125, 'c': 15.375, 'd': 14.125}","{'a': 0.9930210709571838, 'b': 0.003812373150140047, 'c': 0.002461453201249242, 'd': 0.0007052181172184646}",0.9930210709571838,a,,b
C1_07_A_NI,C1_07,239,1,ambiguous,non-ironic,a,The smoothie was thoroughly enjoyable.,Qwen3.8-27B,Condition1B_context_richness_stimuli,general_reasoning,"You will read short stories that describe everyday situations and which finish with a person saying something. Your task is to decide, given the situation, what meaning the person is most likely conveying. Each story will be followed by 4 possible meaning interpretations listed from a to d. Read each story and choose the number corresponding to the most likely meaning. State the reasoning in 2-3 bullet points and the answer. You can only answer with a, b, c, or d.
Context: I took a sip of my smoothie and found it unpleasant.
Target utterance: I said: """"What a treat.""""
What meaning is I most likely conveying?
a. The smoothie was thoroughly enjoyable.
b. She gave the dog a treat.
c. She was looking for a new smoothie recipe.
d. The smoothie was thoroughly nasty.
Reasoning:
Answer:
","We need answer user's request. Need produce final with reasoning 2-3 bullet points and answer only a-d? User says: ""State the reasoning in 2-3 bullet points and the answer. You can only answer with a, b, c, or d."" There is slight conflict: can only answer with a,b,c,d but also state reasoning. Likely they expect format:
Reasoning:
- ...
- ...
Answer: d
Need choose. Context: took sip smoothie unpleasant. Said ""What a treat."" This is sarcasm, meaning nasty. Option d. Need ensure final concise. Could include bullets. ""You can only answer with a, b, c, or d."" Maybe final should only","['a', 'c', 'd', 'b']",4,A_NI,"{'a': 17.625, 'b': 15.0, 'c': 12.8125, 'd': 20.75}","{'a': 0.04194549843668938, 'b': 0.003038521856069565, 'c': 0.00034091269480995834, 'd': 0.9546751379966736}",0.9546751379966736,d,"- ...
- ...
Answer: d
Need choose. Context: took sip smoothie unpleasant. Said ""What a treat."" This is sarcasm, meaning nasty. Option d. Need ensure final concise. Could include bullets. ""You can only answer with a, b, c, or d."" Maybe final should only",b
C1_08_UA_I,C1_08,259,1,unambiguous,ironic,d,They could barely force themselves to swallow the burger.,Qwen3.8-27B,Condition1B_context_richness_stimuli,general_reasoning,"You will read short stories that describe everyday situations and which finish with a person saying something. Your task is to decide, given the situation, what meaning the person is most likely conveying. Each story will be followed by 4 possible meaning interpretations listed from a to d. Read each story and choose the number corresponding to the most likely meaning. State the reasoning in 2-3 bullet points and the answer. You can only answer with a, b, c, or d.
Context: They ate a disgusting burger.
Target utterance: They said: """"This burger tasted like heaven.""""
What meaning is They most likely conveying?
a. They liked the burger more than the pizza.
b. The burger was the most expensive item on the menu.
c. They liked every single bite of the burger.
d. They could barely force themselves to swallow the burger.
Reasoning:
Answer:
","We need answer user's request. Need produce final with reasoning 2-3 bullet points and answer only a-d? User: ""State the reasoning in 2-3 bullet points and the answer. You can only answer with a, b, c, or d."" There is slight conflict: can only answer with a,b,c,d but also state reasoning. Likely output reasoning bullets then Answer: d. Need choose. Context: They ate a disgusting burger. Utterance: ""This burger tasted like heaven."" Given situation, likely sarcasm/irony: burger disgusting, so saying tasted like heaven means opposite: they hated it, could barely force themselves to swallow. Option d. Need 2-3 bullets. Ensure final concise.","['d', 'c', 'a', 'b']",4,UA_I,"{'a': 10.5625, 'b': 9.125, 'c': 7.09375, 'd': 8.625}","{'a': 0.707844078540802, 'b': 0.16812770068645477, 'c': 0.022053556516766548, 'd': 0.10197461396455765}",0.707844078540802,d,,b
C1_09_UA_NI,C1_09,109,1,unambiguous,non-ironic,a,The babysitter was taking good care of the kids.,Qwen3.8-27B,Condition1B_context_richness_stimuli,general_reasoning,"You will read short stories that describe everyday situations and which finish with a person saying something. Your task is to decide, given the situation, what meaning the person is most likely conveying. Each story will be followed by 4 possible meaning interpretations listed from a to d. Read each story and choose the number corresponding to the most likely meaning. State the reasoning in 2-3 bullet points and the answer. You can only answer with a, b, c, or d.
Context: They hired a petrified babysitter.
Target utterance: They said: """"The kids are not safe at all.""""
What meaning is They most likely conveying?
a. The babysitter was taking good care of the kids.
b. The babysitter was not taking good care of the kids.
c. The kids had very clean hands.
d. The babysitter parked her car outside.
Reasoning:
Answer:
","We need answer user's request. Need produce final with reasoning 2-3 bullet points and answer only a-d? User says: ""State the reasoning in 2-3 bullet points and the answer. You can only answer with a, b, c, or d."" There is slight conflict: can only answer with a,b,c,d but also state reasoning. Likely they expect format:
Reasoning:
- ...
- ...
Answer: b
Need choose best. Context: hired a petrified babysitter. Target: ""The kids are not safe at all."" Petrified means extremely frightened. If babysitter is petrified, likely not taking good care? The utterance says kids not safe. Most likely meaning babysitter","['a', 'b', 'c', 'd']",4,UA_NI,"{'a': 15.1875, 'b': 19.5, 'c': 11.5, 'd': 9.0}","{'a': 0.013218087144196033, 'b': 0.986423909664154, 'c': 0.0003309083404019475, 'd': 2.716261224122718e-05}",0.986423909664154,b,"- ...
- ...
Answer: b
Need choose best. Context: hired a petrified babysitter. Target: ""The kids are not safe at all."" Petrified means extremely frightened. If babysitter is petrified, likely not taking good care? The utterance says kids not safe. Most likely meaning babysitter",b
C1_10_A_I,C1_10,186,1,ambiguous,ironic,b,The police officer did not make them feel safe at all.,Qwen3.8-27B,Condition1B_context_richness_stimuli,general_reasoning,"You will read short stories that describe everyday situations and which finish with a person saying something. Your task is to decide, given the situation, what meaning the person is most likely conveying. Each story will be followed by 4 possible meaning interpretations listed from a to d. Read each story and choose the number corresponding to the most likely meaning. State the reasoning in 2-3 bullet points and the answer. You can only answer with a, b, c, or d.
Context: They met a scared police officer.
Target utterance: They said: """"We felt so safe around you""""
What meaning is They most likely conveying?
a. The police officer drank a cup of coffee.
b. The police officer did not make them feel safe at all.
c. They were sitting in a very safe seat.
d. The police officer made them feel very safe.
Reasoning:
Answer:
","We need answer user's request. Need produce final with reasoning 2-3 bullet points and answer only a-d? User says: ""State the reasoning in 2-3 bullet points and the answer. You can only answer with a, b, c, or d."" There is slight conflict: can only answer with a,b,c,d but also state reasoning. Likely output reasoning bullets then Answer: d. Need ensure final not extra? They ask exact format? ""Reasoning:
Answer:"" likely fill. Need choose d. Reasoning: utterance says felt safe around you, police officer scared? Context: They met a scared police officer. Target: ""We felt so safe around you"" likely sarcastic? Wait everyday situations,","['d', 'b', 'c', 'a']",4,A_I,"{'a': 14.3125, 'b': 14.9375, 'c': 10.9375, 'd': 17.625}","{'a': 0.0329422689974308, 'b': 0.061544258147478104, 'c': 0.0011272224364802241, 'd': 0.9043862819671631}",0.9043862819671631,d,"Answer:"" likely fill. Need choose d. Reasoning: utterance says felt safe around you, police officer scared? Context: They met a scared police officer. Target: ""We felt so safe around you"" likely sarcastic? Wait everyday situations,",a
C1_11_A_NI,C1_11,244,1,ambiguous,non-ironic,a,Seeing the pilot put her completely at ease.,Qwen3.8-27B,Condition1B_context_richness_stimuli,general_reasoning,"You will read short stories that describe everyday situations and which finish with a person saying something. Your task is to decide, given the situation, what meaning the person is most likely conveying. Each story will be followed by 4 possible meaning interpretations listed from a to d. Read each story and choose the number corresponding to the most likely meaning. State the reasoning in 2-3 bullet points and the answer. You can only answer with a, b, c, or d.
Context: She noticed the scared pilot before boarding.
Target utterance: She said: """"That really shook me up.""""
What meaning is She most likely conveying?
a. Seeing the pilot put her completely at ease.
b. She settled into her seat and fastened the belt.
c. Seeing the pilot made her feel even more anxious.
d. She dated a pilot for several months.
Reasoning:
Answer:
","We need answer user's request. Need produce final with reasoning 2-3 bullet points and answer only a-d? User: ""State the reasoning in 2-3 bullet points and the answer. You can only answer with a, b, c, or d."" Slight conflict: can only answer with a,b,c,d but also state reasoning. Likely they want reasoning bullets then answer line. Need choose best. Context: She noticed scared pilot before boarding. Utterance: ""That really shook me up."" Meaning: seeing scared pilot made her feel anxious. Option c. Need 2-3 bullets. Ensure final maybe:
- ""shook me up"" idiom means frightened/upset.
- A scared pilot before","['a', 'c', 'b', 'd']",4,A_NI,"{'a': 17.125, 'b': 14.375, 'c': 21.25, 'd': 13.0}","{'a': 0.015886152163147926, 'b': 0.00101556780282408, 'c': 0.9828414916992188, 'd': 0.00025677576195448637}",0.9828414916992188,,"We need answer user's request. Need produce final with reasoning 2-3 bullet points and answer only a-d? User: ""State the reasoning in 2-3 bullet points and the answer. You can only answer with a, b, c, or d."" Slight conflict: can only answer with a,b,c,d but also state reasoning. Likely they want reasoning bullets then answer line. Need choose best. Context: She noticed scared pilot before boarding. Utterance: ""That really shook me up."" Meaning: seeing scared pilot made her feel anxious. Option c. Need 2-3 bullets. Ensure final maybe:
- ""shook me up"" idiom means frightened/upset.
- A scared pilot before",
C1_12_UA_I,C1_12,207,1,unambiguous,ironic,a,His father's face was full of fear.,Qwen3.8-27B,Condition1B_context_richness_stimuli,general_reasoning,"You will read short stories that describe everyday situations and which finish with a person saying something. Your task is to decide, given the situation, what meaning the person is most likely conveying. Each story will be followed by 4 possible meaning interpretations listed from a to d. Read each story and choose the number corresponding to the most likely meaning. State the reasoning in 2-3 bullet points and the answer. You can only answer with a, b, c, or d.
Context: He saw his petrified father.
Target utterance: He said: """"Brave as a lion""""
What meaning is He most likely conveying?
a. His father's face was full of fear.
b. The lion prowled across the savannah.
c. His father wore a blue jacket.
d. His father showed no fear at all.
Reasoning:
Answer:
","We need answer user's request. Need produce final with reasoning 2-3 bullet points and answer only a,b,c,d? User says: ""State the reasoning in 2-3 bullet points and the answer. You can only answer with a, b, c, or d."" There's slight conflict: can only answer with a,b,c,d but also state reasoning. Likely they want reasoning bullets then Answer: letter. Need choose best meaning. Context: He saw his petrified father. Target: He said: ""Brave as a lion"". ""petrified"" means extremely frightened. If he says brave as a lion to petrified father? Could be sarcastic? Most likely conveying his father showed no fear at all? But","['b', 'c', 'd', 'a']",4,UA_I,"{'a': 15.0625, 'b': 16.0, 'c': 14.25, 'd': 16.125}","{'a': 0.14511825144290924, 'b': 0.37057241797447205, 'c': 0.06439583003520966, 'd': 0.41991356015205383}",0.41991356015205383,a,,b
C1_13_UA_NI,C1_13,48,1,unambiguous,non-ironic,a,"To him, his girlfriend looked well-rested and full of energy.",Qwen3.8-27B,Condition1B_context_richness_stimuli,general_reasoning,"You will read short stories that describe everyday situations and which finish with a person saying something. Your task is to decide, given the situation, what meaning the person is most likely conveying. Each story will be followed by 4 possible meaning interpretations listed from a to d. Read each story and choose the number corresponding to the most likely meaning. State the reasoning in 2-3 bullet points and the answer. You can only answer with a, b, c, or d.
Context: He saw his exhausted girlfriend.
Target utterance: He said: """"You look like you've been awake since birth.""""
What meaning is He most likely conveying?
a. To him, his girlfriend looked well-rested and full of energy.
b. He was planning to surprise his girlfriend with a home-cooked meal.
c. His girlfriend clearly looked worn out, not refreshed at all.
d. He had just bought her a refreshing cold drink.
Reasoning:
Answer:
","We need answer user's request. Need produce final with reasoning 2-3 bullet points and answer only a-d? User: ""State the reasoning in 2-3 bullet points and the answer. You can only answer with a, b, c, or d."" Need likely format:
Reasoning:
- ...
- ...
Answer: c
Need ensure no extra commentary. Let's analyze: Context exhausted girlfriend. Utterance: ""You look like you've been awake since birth."" Means she looks very tired/worn out. Option c. Need 2-3 bullets.
</think>

Reasoning:
- The context says his girlfriend was exhausted.
- The phrase “awake since birth” is an","['a', 'd', 'b', 'c']",4,UA_NI,"{'a': 13.5, 'b': 13.3125, 'c': 21.375, 'd': 10.875}","{'a': 0.0003798544348683208, 'b': 0.0003149103722535074, 'c': 0.9992777705192566, 'd': 2.7516562113305554e-05}",0.9992777705192566,c,"- ...
- ...
Answer: c
Need ensure no extra commentary. Let's analyze: Context exhausted girlfriend. Utterance: ""You look like you've been awake since birth."" Means she looks very tired/worn out. Option c. Need 2-3 bullets.
</think>

Reasoning:
- The context says his girlfriend was exhausted.
- The phrase “awake since birth” is an",b
C1_14_A_I,C1_14,248,1,ambiguous,ironic,d,Her colleague seemed very tired today.,Qwen3.8-27B,Condition1B_context_richness_stimuli,general_reasoning,"You will read short stories that describe everyday situations and which finish with a person saying something. Your task is to decide, given the situation, what meaning the person is most likely conveying. Each story will be followed by 4 possible meaning interpretations listed from a to d. Read each story and choose the number corresponding to the most likely meaning. State the reasoning in 2-3 bullet points and the answer. You can only answer with a, b, c, or d.
Context: She saw her tired colleague.
Target utterance: She said: """"You seem so full of energy today.""""
What meaning is She most likely conveying?
a. She was redecorating the office of her colleague.
b. Her colleague seemed very energetic today.
c. She filled up the car with energy.
d. Her colleague seemed very tired today.
Reasoning:
Answer:
","We need answer user's request. Need produce final with reasoning 2-3 bullet points and answer only a,b,c,d? User says: ""State the reasoning in 2-3 bullet points and the answer. You can only answer with a, b, c, or d."" There is slight conflict: can only answer with a,b,c,d but also state reasoning. Likely they expect bullet reasoning then Answer: d. Need choose best meaning. Context: She saw her tired colleague. Utterance: ""You seem so full of energy today."" This is likely sarcasm/irony because colleague tired, so meaning colleague seemed very tired today. Option d. Need 2-3 bullets. Ensure final concise. Maybe no extra formatting","['d', 'a', 'c', 'b']",4,A_I,"{'a': 10.625, 'b': 9.0, 'c': 7.3125, 'd': 11.125}","{'a': 0.34697428345680237, 'b': 0.0683232843875885, 'c': 0.012638537213206291, 'd': 0.5720638632774353}",0.5720638632774353,d,,b
C1_15_A_NI,C1_15,256,1,ambiguous,non-ironic,a,They felt very well-rested after the sleepover.,Qwen3.8-27B,Condition1B_context_richness_stimuli,general_reasoning,"You will read short stories that describe everyday situations and which finish with a person saying something. Your task is to decide, given the situation, what meaning the person is most likely conveying. Each story will be followed by 4 possible meaning interpretations listed from a to d. Read each story and choose the number corresponding to the most likely meaning. State the reasoning in 2-3 bullet points and the answer. You can only answer with a, b, c, or d.
Context: After the sleepover, they were tired.
Target utterance: They said:  """"We never felt more tired in our lifes.""""
What meaning is They most likely conveying?
a. They felt very well-rested after the sleepover.
b. They did sleep overs once a year.
c. They rested the heavy boxes on the floor.
d. They felt really exhausted after the sleepover.
Reasoning:
Answer:
","We need answer user's request. Need produce final with reasoning 2-3 bullet points and answer only a-d? User: ""State the reasoning in 2-3 bullet points and the answer. You can only answer with a, b, c, or d."" Need likely format:
Reasoning:
- ...
- ...
Answer: d
Need ensure answer only a,b,c,d? They say can only answer with a,b,c,d maybe final answer line. We can include reasoning as requested. Need choose d. Context tired, utterance ""We never felt more tired in our lifes"" means exhausted. Reasoning bullets concise.
</think>

Reasoning:
- The context says they were tired after the sleepover","['a', 'd', 'c', 'b']",4,A_NI,"{'a': 13.4375, 'b': 13.375, 'c': 12.625, 'd': 21.25}","{'a': 0.00040425534825772047, 'b': 0.00037976278690621257, 'c': 0.00017938723613042384, 'd': 0.9990366697311401}",0.9990366697311401,d,"- ...
- ...
Answer: d
Need ensure answer only a,b,c,d? They say can only answer with a,b,c,d maybe final answer line. We can include reasoning as requested. Need choose d. Context tired, utterance ""We never felt more tired in our lifes"" means exhausted. Reasoning bullets concise.
</think>

Reasoning:
- The context says they were tired after the sleepover",b
C1_16_UA_I,C1_16,14,1,unambiguous,ironic,d,Deep down I felt completely unprepared for the exam.,Qwen3.8-27B,Condition1B_context_richness_stimuli,general_reasoning,"You will read short stories that describe everyday situations and which finish with a person saying something. Your task is to decide, given the situation, what meaning the person is most likely conveying. Each story will be followed by 4 possible meaning interpretations listed from a to d. Read each story and choose the number corresponding to the most likely meaning. State the reasoning in 2-3 bullet points and the answer. You can only answer with a, b, c, or d.
Context: Right before my exam, I felt really exhausted.
Target utterance: I said: """"I have never felt more ready.""""
What meaning is I most likely conveying?
a. I felt fully prepared and ready for the exam.
b. Dinner was ready by seven o'clock.
c. The exam started at nine o'clock.
d. Deep down I felt completely unprepared for the exam.
Reasoning:
Answer:
","We need answer user's request. Need produce final with reasoning 2-3 bullet points and answer only a/b/c/d? User: ""State the reasoning in 2-3 bullet points and the answer. You can only answer with a, b, c, or d."" Slight conflict: can only answer with a,b,c,d but also state reasoning. Likely output reasoning bullets then Answer: d. Need choose best meaning. Context exhausted before exam, says ""I have never felt more ready."" Likely sarcasm/irony meaning unprepared. Option d. Need 2-3 bullets. Ensure final not extra formatting? They ask exact output format? ""Reasoning:
Answer:"" likely. We can output:
Reasoning","['a', 'c', 'd', 'b']",4,UA_I,"{'a': 16.5, 'b': 15.25, 'c': 15.5625, 'd': 21.5}","{'a': 0.006662612780928612, 'b': 0.0019088705303147435, 'c': 0.0026091167237609625, 'd': 0.988819420337677}",0.988819420337677,,"We need answer user's request. Need produce final with reasoning 2-3 bullet points and answer only a/b/c/d? User: ""State the reasoning in 2-3 bullet points and the answer. You can only answer with a, b, c, or d."" Slight conflict: can only answer with a,b,c,d but also state reasoning. Likely output reasoning bullets then Answer: d. Need choose best meaning. Context exhausted before exam, says ""I have never felt more ready."" Likely sarcasm/irony meaning unprepared. Option d. Need 2-3 bullets. Ensure final not extra formatting? They ask exact output format? ""Reasoning:
Answer:"" likely. We can output:
Reasoning",
C1_17_UA_NI,C1_17,118,1,unambiguous,non-ironic,d,Her idea was innovative.,Qwen3.8-27B,Condition1B_context_richness_stimuli,general_reasoning,"You will read short stories that describe everyday situations and which finish with a person saying something. Your task is to decide, given the situation, what meaning the person is most likely conveying. Each story will be followed by 4 possible meaning interpretations listed from a to d. Read each story and choose the number corresponding to the most likely meaning. State the reasoning in 2-3 bullet points and the answer. You can only answer with a, b, c, or d.
Context: She had a novel idea.
Target utterance: She said: """"Truly ahead of its time.""""
What meaning is She most likely conveying?
a. Her idea was outdated.
b. She had arrived early.
c. She had the idea to redecorate her office.
d. Her idea was innovative.
Reasoning:
Answer:
","We need answer user's request. Need produce final with reasoning 2-3 bullet points and answer only a,b,c,d? User says: ""State the reasoning in 2-3 bullet points and the answer. You can only answer with a, b, c, or d."" Slight conflict: can only answer with a,b,c,d but also state reasoning. Likely output bullet points then Answer: d. Need ensure final not extra? They want exact format? ""Reasoning:
Answer:"" in prompt. We can provide bullets under Reasoning and Answer: d. Need choose d. Let's craft concise.
</think>

- The phrase “ahead of its time” means something is more advanced or original than what is currently common","['b', 'c', 'd', 'a']",4,UA_NI,"{'a': 13.6875, 'b': 14.25, 'c': 12.3125, 'd': 21.75}","{'a': 0.00031483950442634523, 'b': 0.0005525605520233512, 'c': 7.960390212247148e-05, 'd': 0.9990529417991638}",0.9990529417991638,d,"Answer:"" in prompt. We can provide bullets under Reasoning and Answer: d. Need choose d. Let's craft concise.
</think>

- The phrase “ahead of its time” means something is more advanced or original than what is currently common",a
C1_18_A_I,C1_18,272,1,ambiguous,ironic,b,"In his view, it was a stale approach he had seen many times before.",Qwen3.8-27B,Condition1B_context_richness_stimuli,general_reasoning,"You will read short stories that describe everyday situations and which finish with a person saying something. Your task is to decide, given the situation, what meaning the person is most likely conveying. Each story will be followed by 4 possible meaning interpretations listed from a to d. Read each story and choose the number corresponding to the most likely meaning. State the reasoning in 2-3 bullet points and the answer. You can only answer with a, b, c, or d.
Context: It was a new approach. 
Target utterance: He said: """"How refreshingly innovative.""""
What meaning is He most likely conveying?
a. He found the approach genuinely new and creative.
b. In his view, it was a stale approach he had seen many times before.
c. Refreshments were served at the end of the presentation.
d. He researched new approaches for several months.
Reasoning:
Answer:
","We need answer user's request. Need produce final with reasoning 2-3 bullet points and answer only a/b/c/d? User says: ""State the reasoning in 2-3 bullet points and the answer. You can only answer with a, b, c, or d."" There is slight conflict: can only answer with a,b,c,d but also state reasoning. Likely they expect bullet points then Answer: letter. Need comply. Need choose meaning. Context: It was a new approach. Target: He said: ""How refreshingly innovative."" Most likely conveying? a genuinely new and creative. b stale? sarcasm possible? Given context says new approach, phrase refreshingly innovative usually positive, maybe sarcastic if stale. But most","['a', 'b', 'c', 'd']",4,A_I,"{'a': 15.5625, 'b': 13.3125, 'c': 9.0, 'd': 6.90625}","{'a': 0.9033540487289429, 'b': 0.09521280974149704, 'c': 0.0012758525554090738, 'd': 0.0001572158798808232}",0.9033540487289429,a,,a
C1_19_A_NI,C1_19,32,1,ambiguous,non-ironic,a,She found the tradition beautifully enduring and meaningful.,Qwen3.8-27B,Condition1B_context_richness_stimuli,general_reasoning,"You will read short stories that describe everyday situations and which finish with a person saying something. Your task is to decide, given the situation, what meaning the person is most likely conveying. Each story will be followed by 4 possible meaning interpretations listed from a to d. Read each story and choose the number corresponding to the most likely meaning. State the reasoning in 2-3 bullet points and the answer. You can only answer with a, b, c, or d.
Context: The tradition was new.
Target utterance: She said: """"How wonderfully timeless.""""
What meaning is She most likely conveying?
a. She found the tradition beautifully enduring and meaningful.
b. She read about the tradition in a local history book.
c. To her, the tradition felt stale and long past its use.
d. The clock ticked for over a century.
Reasoning:
Answer:
","We need answer user's request. Need produce final with reasoning 2-3 bullet points and answer only a/b/c/d? User says: ""State the reasoning in 2-3 bullet points and the answer. You can only answer with a, b, c, or d."" There is slight conflict: can only answer with a,b,c,d but also state reasoning. Likely they want bullet reasoning then Answer: letter. Need choose best. Context: ""The tradition was new."" Target: She said: ""How wonderfully timeless."" If tradition was new, saying timeless likely sarcastic? Options: a found tradition beautifully enduring and meaningful. b read about in local history book. c To her, tradition felt stale and long past its use.","['a', 'd', 'b', 'c']",4,A_NI,"{'a': 15.8125, 'b': 14.875, 'c': 16.625, 'd': 12.375}","{'a': 0.2719397246837616, 'b': 0.10649313032627106, 'c': 0.6128256320953369, 'd': 0.008741487748920918}",0.6128256320953369,a,,a
C1_20_UA_I,C1_20,125,1,unambiguous,ironic,d,She was disappointed with the smell of her car.,Qwen3.8-27B,Condition1B_context_richness_stimuli,general_reasoning,"You will read short stories that describe everyday situations and which finish with a person saying something. Your task is to decide, given the situation, what meaning the person is most likely conveying. Each story will be followed by 4 possible meaning interpretations listed from a to d. Read each story and choose the number corresponding to the most likely meaning. State the reasoning in 2-3 bullet points and the answer. You can only answer with a, b, c, or d.
Context: She bought a novel car.
Target utterance: She says: """"I just love the new car smell.""""
What meaning is She most likely conveying?
a. She took her car to the gas station.
b. She could smell what her husband was cooking.
c. She liked the smell of her car.
d. She was disappointed with the smell of her car.
Reasoning:
Answer:
","We need answer user's request. Need produce final with reasoning 2-3 bullet points and answer only a-d? User says: ""State the reasoning in 2-3 bullet points and the answer. You can only answer with a, b, c, or d."" There is slight conflict: can only answer with a,b,c,d but also state reasoning. Likely they expect bullet points then Answer: c. Need ensure final not extra? They said exact output format? In system: choose single best answer, follow exact output format specified in instructions — do not add extra commentary, headers, or formatting beyond requested. User asks Reasoning: Answer: maybe we should output:
- ...
- ...
Answer: c
But ""","['d', 'c', 'a', 'b']",4,UA_I,"{'a': 15.0625, 'b': 12.8125, 'c': 17.375, 'd': 7.71875}","{'a': 0.08924039453268051, 'b': 0.009405868127942085, 'c': 0.9012960195541382, 'd': 5.7704724895302206e-05}",0.9012960195541382,c,"Answer: maybe we should output:
- ...
- ...
Answer: c
But """,a
C1_21_UA_NI,C1_21,221,1,unambiguous,non-ironic,c,The birthday party was a great success.,Qwen3.8-27B,Condition1B_context_richness_stimuli,general_reasoning,"You will read short stories that describe everyday situations and which finish with a person saying something. Your task is to decide, given the situation, what meaning the person is most likely conveying. Each story will be followed by 4 possible meaning interpretations listed from a to d. Read each story and choose the number corresponding to the most likely meaning. State the reasoning in 2-3 bullet points and the answer. You can only answer with a, b, c, or d.
Context: She left the birthday party feeling miserable.
Target utterance: She says: """"Truly a night to remember.""""
What meaning is She most likely conveying?
a. The birthday party was a disappointment.
b. She planned her next birthday party.
c. The birthday party was a great success.
d. She had trouble remembering things.
Reasoning:
Answer:
","We need answer user's request. Need produce final with reasoning 2-3 bullet points and answer only a,b,c,d? User says: ""State the reasoning in 2-3 bullet points and the answer. You can only answer with a, b, c, or d."" There's slight conflict: can only answer with a,b,c,d but also state reasoning. Likely they want reasoning bullets then Answer: x. Need choose. Context: She left birthday party feeling miserable. Utterance: ""Truly a night to remember."" Most likely sarcastic, meaning disappointment. Option a. Need 2-3 bullets. Ensure final concise.
</think>

- She left feeling miserable, which suggests the party was negative.
-","['b', 'd', 'a', 'c']",4,UA_NI,"{'a': 21.25, 'b': 15.4375, 'c': 15.25, 'd': 14.625}","{'a': 0.9932504892349243, 'b': 0.0029697653371840715, 'c': 0.0024620220065116882, 'd': 0.0013178252847865224}",0.9932504892349243,a,,b
C1_22_A_I,C1_22,146,1,ambiguous,ironic,d,"The wedding had been a dull, disappointing event from start to finish.",Qwen3.8-27B,Condition1B_context_richness_stimuli,general_reasoning,"You will read short stories that describe everyday situations and which finish with a person saying something. Your task is to decide, given the situation, what meaning the person is most likely conveying. Each story will be followed by 4 possible meaning interpretations listed from a to d. Read each story and choose the number corresponding to the most likely meaning. State the reasoning in 2-3 bullet points and the answer. You can only answer with a, b, c, or d.
Context: She left the wedding feeling sad.
Target utterance: She says: """"What a magical day.""""
What meaning is She most likely conveying?
a. The wedding was a beautiful and enchanting occasion.
b. The magician wowed all the guests at the reception.
c. She helped organise the flowers for the wedding beforehand.
d. The wedding had been a dull, disappointing event from start to finish.
Reasoning:
Answer:
","We need answer user's request. Need produce final with reasoning 2-3 bullet points and answer only a-d? User says: ""State the reasoning in 2-3 bullet points and the answer. You can only answer with a, b, c, or d."" There is slight conflict: can only answer with a,b,c,d but also state reasoning. Likely they expect bullet reasoning then Answer: x. Need choose best. Context: She left wedding feeling sad. Target: ""What a magical day."" Most likely conveying? If sad, saying magical day likely sarcasm/irony meaning dull disappointing. Option d. Need 2-3 bullets. Ensure final concise.
</think>

- She left feeling sad, which suggests the","['a', 'c', 'd', 'b']",4,A_I,"{'a': 16.625, 'b': 15.75, 'c': 15.1875, 'd': 21.25}","{'a': 0.009647186845541, 'b': 0.004021545872092247, 'c': 0.0022914076689630747, 'd': 0.984039843082428}",0.984039843082428,a,,a
C1_23_A_NI,C1_23,45,1,ambiguous,non-ironic,b,They had found the film dull from start to finish.,Qwen3.8-27B,Condition1B_context_richness_stimuli,general_reasoning,"You will read short stories that describe everyday situations and which finish with a person saying something. Your task is to decide, given the situation, what meaning the person is most likely conveying. Each story will be followed by 4 possible meaning interpretations listed from a to d. Read each story and choose the number corresponding to the most likely meaning. State the reasoning in 2-3 bullet points and the answer. You can only answer with a, b, c, or d.
Context: They left the cinema feeling sad.
Target utterance: They say: """"What a painfull film.""""
What meaning is They most likely conveying?
a. They went to the same cinema as always.
b. They had found the film dull from start to finish.
c. They had found the film funny from start to finish.
d. The injection was over quickly, but it was painful.
Reasoning:
Answer:
","We need answer user's request. Need produce final with reasoning 2-3 bullet points and answer only a,b,c,d? User: ""State the reasoning in 2-3 bullet points and the answer. You can only answer with a, b, c, or d."" Slight conflict: can only answer with a,b,c,d but also state reasoning. Likely output reasoning bullets then Answer: b. Need choose best. Context: left cinema feeling sad. Utterance: ""What a painfull film."" (painful). Meaning: found film dull? Options: a same cinema, b dull from start to finish, c funny, d injection. ""painful film"" likely boring/tedious? In some languages ""pain","['d', 'a', 'b', 'c']",4,A_NI,"{'a': 13.3125, 'b': 17.625, 'c': 9.875, 'd': 8.9375}","{'a': 0.013215006329119205, 'b': 0.9861939549446106, 'c': 0.0004247956967446953, 'd': 0.0001663523871684447}",0.9861939549446106,b,,a
C1_24_UA_I,C1_24,169,1,unambiguous,ironic,b,The message brought negative news.,Qwen3.8-27B,Condition1B_context_richness_stimuli,general_reasoning,"You will read short stories that describe everyday situations and which finish with a person saying something. Your task is to decide, given the situation, what meaning the person is most likely conveying. Each story will be followed by 4 possible meaning interpretations listed from a to d. Read each story and choose the number corresponding to the most likely meaning. State the reasoning in 2-3 bullet points and the answer. You can only answer with a, b, c, or d.
Context: She received a message and was miserable.
Target utterance: She says: """"These are amazing news.""""
What meaning is She most likely conveying?
a. What she read was news to her.
b. The message brought negative news.
c. She wanted to send a message.
d. The message brought good news.
Reasoning:
Answer:
","We need answer user's request. Need produce final with reasoning 2-3 bullet points and answer only a,b,c,d? User says: ""State the reasoning in 2-3 bullet points and the answer. You can only answer with a, b, c, or d."" There is slight conflict: can only answer with a,b,c,d but also state reasoning. Likely they expect format:
Reasoning:
- ...
- ...
Answer: d
Need choose best. Context: She received a message and was miserable. Target: She says: ""These are amazing news."" What meaning most likely conveying? Options: a what she read was news to her; b message brought negative news; c wanted to send message;","['c', 'b', 'd', 'a']",4,UA_I,"{'a': 14.625, 'b': 16.75, 'c': 13.4375, 'd': 18.0}","{'a': 0.025705508887767792, 'b': 0.2152296006679535, 'c': 0.007839738391339779, 'd': 0.7512251138687134}",0.7512251138687134,d,"- ...
- ...
Answer: d
Need choose best. Context: She received a message and was miserable. Target: She says: ""These are amazing news."" What meaning most likely conveying? Options: a what she read was news to her; b message brought negative news; c wanted to send message;",a
C1_25_UA_NI,C1_25,92,1,unambiguous,non-ironic,b,Her exam answers were impressively smart.,Qwen3.8-27B,Condition1B_context_richness_stimuli,general_reasoning,"You will read short stories that describe everyday situations and which finish with a person saying something. Your task is to decide, given the situation, what meaning the person is most likely conveying. Each story will be followed by 4 possible meaning interpretations listed from a to d. Read each story and choose the number corresponding to the most likely meaning. State the reasoning in 2-3 bullet points and the answer. You can only answer with a, b, c, or d.
Context: Her answers in the exam were idiotic.
Target utterance: She says: """"What a genius.""""
What meaning is She most likely conveying?
a. She had a high IQ.
b. Her exam answers were impressively smart.
c. Her exam answers were embarrassingly poor.
d. She studied for her next exam.
Reasoning:
Answer:
","We need answer user's request. Need produce final with reasoning 2-3 bullet points and answer only a,b,c,d? User says ""State the reasoning in 2-3 bullet points and the answer. You can only answer with a, b, c, or d."" Slight conflict: can only answer with a,b,c,d but also state reasoning. Likely output bullet points then Answer: c. Need ensure final maybe only includes reasoning and answer. Need choose meaning. Context: Her answers in exam were idiotic. Target: She says: ""What a genius."" Likely sarcasm, meaning answers were embarrassingly poor. Option c. Need 2-3 bullets.
</think>

- The context says her exam answers were “","['c', 'a', 'b', 'd']",4,UA_NI,"{'a': 14.625, 'b': 13.6875, 'c': 20.75, 'd': 9.875}","{'a': 0.0021808112505823374, 'b': 0.0008540179114788771, 'c': 0.9969462752342224, 'd': 1.8867713151848875e-05}",0.9969462752342224,c,,b
C1_26_A_I,C1_26,225,1,ambiguous,ironic,d,"As far as they were concerned, it was a poor suggestion.",Qwen3.8-27B,Condition1B_context_richness_stimuli,general_reasoning,"You will read short stories that describe everyday situations and which finish with a person saying something. Your task is to decide, given the situation, what meaning the person is most likely conveying. Each story will be followed by 4 possible meaning interpretations listed from a to d. Read each story and choose the number corresponding to the most likely meaning. State the reasoning in 2-3 bullet points and the answer. You can only answer with a, b, c, or d.
Context: Their colleague's suggestion was stupid.
Target utterance: They said: """"We really had luck with that one.""""
What meaning is They most likely conveying?
a. They got lucky at the casino.
b. They thought that every project starts with a suggestion.
c. They were genuinely fortunate to have such a strong suggestion.
d. As far as they were concerned, it was a poor suggestion.
Reasoning:
Answer:
","We need answer user's request. Need choose best meaning. Context: Their colleague's suggestion was stupid. Target: They said: ""We really had luck with that one."" Need infer meaning. Options: a casino, b every project starts with suggestion, c genuinely fortunate strong suggestion, d as far as they were concerned, it was a poor suggestion. Context says suggestion was stupid. Utterance ""We really had luck with that one"" likely sarcastic? If suggestion was stupid, saying had luck with that one could mean they got lucky despite poor suggestion? Or ""as far as they were concerned, it was a poor suggestion""? Let's parse.

Story: Their colleague's suggestion was stupid. They said: ""We really had luck","['c', 'd', 'a', 'b']",4,A_I,"{'a': 16.125, 'b': 17.125, 'c': 15.8125, 'd': 19.25}","{'a': 0.03675147145986557, 'b': 0.09990085661411285, 'c': 0.02688795141875744, 'd': 0.8364596366882324}",0.8364596366882324,,"We need answer user's request. Need choose best meaning. Context: Their colleague's suggestion was stupid. Target: They said: ""We really had luck with that one."" Need infer meaning. Options: a casino, b every project starts with suggestion, c genuinely fortunate strong suggestion, d as far as they were concerned, it was a poor suggestion. Context says suggestion was stupid. Utterance ""We really had luck with that one"" likely sarcastic? If suggestion was stupid, saying had luck with that one could mean they got lucky despite poor suggestion? Or ""as far as they were concerned, it was a poor suggestion""? Let's parse.

Story: Their colleague's suggestion was stupid. They said: ""We really had luck",
C1_27_A_NI,C1_27,30,1,ambiguous,non-ironic,d,His argument was strong and well presented.,Qwen3.8-27B,Condition1B_context_richness_stimuli,general_reasoning,"You will read short stories that describe everyday situations and which finish with a person saying something. Your task is to decide, given the situation, what meaning the person is most likely conveying. Each story will be followed by 4 possible meaning interpretations listed from a to d. Read each story and choose the number corresponding to the most likely meaning. State the reasoning in 2-3 bullet points and the answer. You can only answer with a, b, c, or d.
Context: His argument in the debate was stupid.
Target utterance: She says: """"What a master of rhetoric.""""
What meaning is She most likely conveying?
a. His argument was weak and poorly constructed.
b. Sokrates was a master of rhetoric.
c. She had an argument with him that night.
d. His argument was strong and well presented.
Reasoning:
Answer:
","We need answer user's request. Need choose meaning. Context: ""His argument in the debate was stupid."" Target: She says: ""What a master of rhetoric."" Need infer likely meaning. This is sarcasm/irony. If argument was stupid, calling him master of rhetoric likely means opposite: his argument was weak/poorly constructed? Let's examine options:
a. His argument was weak and poorly constructed.
b. Sokrates was a master of rhetoric.
c. She had an argument with him that night.
d. His argument was strong and well presented.
Given context says argument was stupid. She says ""What a master of rhetoric."" Most likely sarcastic, meaning his argument was not good, weak","['b', 'c', 'd', 'a']",4,A_NI,"{'a': 19.25, 'b': 17.125, 'c': 13.375, 'd': 13.25}","{'a': 0.8891097903251648, 'b': 0.10618901997804642, 'c': 0.002497326349839568, 'd': 0.0022038829047232866}",0.8891097903251648,,"We need answer user's request. Need choose meaning. Context: ""His argument in the debate was stupid."" Target: She says: ""What a master of rhetoric."" Need infer likely meaning. This is sarcasm/irony. If argument was stupid, calling him master of rhetoric likely means opposite: his argument was weak/poorly constructed? Let's examine options:
a. His argument was weak and poorly constructed.
b. Sokrates was a master of rhetoric.
c. She had an argument with him that night.
d. His argument was strong and well presented.
Given context says argument was stupid. She says ""What a master of rhetoric."" Most likely sarcastic, meaning his argument was not good, weak",
C1_28_UA_I,C1_28,47,1,unambiguous,ironic,d,She believed that his business plan would fail.,Qwen3.8-27B,Condition1B_context_richness_stimuli,general_reasoning,"You will read short stories that describe everyday situations and which finish with a person saying something. Your task is to decide, given the situation, what meaning the person is most likely conveying. Each story will be followed by 4 possible meaning interpretations listed from a to d. Read each story and choose the number corresponding to the most likely meaning. State the reasoning in 2-3 bullet points and the answer. You can only answer with a, b, c, or d.
Context: His business plan was brilliant.
Target utterance: She says: """"We will make lots of money with this.""""
What meaning is He most likely conveying?
a. She believed that his business plan would be successful.
b. He asked a colleague for help with his business plan.
c. She was interested in making lots of money.
d. She believed that his business plan would fail.
Reasoning:
Answer:
","We need answer user's request. Need produce final with reasoning 2-3 bullet points and answer only a/b/c/d? User says: ""State the reasoning in 2-3 bullet points and the answer. You can only answer with a, b, c, or d."" There is slight conflict: can only answer with a,b,c,d but also state reasoning. Likely they expect bullet points then Answer: x. Need choose best. Context: His business plan was brilliant. Target utterance: She says: ""We will make lots of money with this."" What meaning is He most likely conveying? Wait question says ""What meaning is He most likely conveying?"" but target utterance is She says. Options: a. She believed that","['a', 'd', 'c', 'b']",4,UA_I,"{'a': 16.25, 'b': 14.375, 'c': 9.875, 'd': 7.84375}","{'a': 0.865589439868927, 'b': 0.13274244964122772, 'c': 0.0014746353263035417, 'd': 0.00019343005260452628}",0.865589439868927,a,,a
C1_29_UA_NI,C1_29,261,1,unambiguous,non-ironic,a,The restaurant visit was genuinely outstanding.,Qwen3.8-27B,Condition1B_context_richness_stimuli,general_reasoning,"You will read short stories that describe everyday situations and which finish with a person saying something. Your task is to decide, given the situation, what meaning the person is most likely conveying. Each story will be followed by 4 possible meaning interpretations listed from a to d. Read each story and choose the number corresponding to the most likely meaning. State the reasoning in 2-3 bullet points and the answer. You can only answer with a, b, c, or d.
Context: After the restaurant visit he was starving.
Target utterance: He says: """"Best dinner ever.""""
What meaning is He most likely conveying?
a. The restaurant visit was genuinely outstanding.
b. The restaurant visit was a real disappointment.
c. He looked forward to this restaurant visit for weeks.
d. It was the best-reviewed dinner spot in the whole city.
Reasoning:
Answer:
","We need answer user's request. Need produce final with reasoning 2-3 bullet points and answer only a-d? User: ""State the reasoning in 2-3 bullet points and the answer. You can only answer with a, b, c, or d."" There is slight conflict: can only answer with a,b,c,d but also state reasoning. Likely output format:
Reasoning:
- ...
- ...
Answer: a
Need choose. Context: After restaurant visit he was starving. Target: ""Best dinner ever."" If he was starving after, likely sarcastic? If dinner was best ever, not starving? Actually if he was starving after restaurant visit, maybe he didn't eat enough? ""Best dinner ever","['a', 'b', 'd', 'c']",4,UA_NI,"{'a': 17.0, 'b': 18.25, 'c': 14.3125, 'd': 11.5}","{'a': 0.21917901933193207, 'b': 0.7650099396705627, 'c': 0.01491531915962696, 'd': 0.0008957345271483064}",0.7650099396705627,a,"- ...
- ...
Answer: a
Need choose. Context: After restaurant visit he was starving. Target: ""Best dinner ever."" If he was starving after, likely sarcastic? If dinner was best ever, not starving? Actually if he was starving after restaurant visit, maybe he didn't eat enough? ""Best dinner ever",a
C1_30_A_I,C1_30,139,1,ambiguous,ironic,d,There had been very little worth eating at the buffet.,Qwen3.8-27B,Condition1B_context_richness_stimuli,general_reasoning,"You will read short stories that describe everyday situations and which finish with a person saying something. Your task is to decide, given the situation, what meaning the person is most likely conveying. Each story will be followed by 4 possible meaning interpretations listed from a to d. Read each story and choose the number corresponding to the most likely meaning. State the reasoning in 2-3 bullet points and the answer. You can only answer with a, b, c, or d.
Context: He left the buffet feeling hungry.
Target utterance: He says: """"Truly a feast for the senses."" ""
What meaning is He most likely conveying?
a. Diners often have a buffet.
b. The buffet was a rich.
c. The feast was celebrated every year in their village.
d. There had been very little worth eating at the buffet.
Reasoning:
Answer:
","We need answer user's request. Need produce final with reasoning 2-3 bullet points and answer only a-d? User says: ""State the reasoning in 2-3 bullet points and the answer. You can only answer with a, b, c, or d."" There is slight conflict: can only answer with a,b,c,d but also state reasoning. Likely they want reasoning bullets then Answer: x. Need choose best meaning. Context: He left buffet feeling hungry. Utterance: ""Truly a feast for the senses."" This is likely sarcastic/ironic because he's hungry, so means little worth eating. Option d. Need reasoning 2-3 bullets. Ensure final concise. Could be:
- He","['d', 'a', 'c', 'b']",4,A_I,"{'a': 16.125, 'b': 15.0, 'c': 12.875, 'd': 17.375}","{'a': 0.20602543652057648, 'b': 0.06688666343688965, 'c': 0.00798847246915102, 'd': 0.7190994024276733}",0.7190994024276733,a,,d
C1_31_A_NI,C1_31,260,1,ambiguous,non-ironic,b,The picnic was nourishing and genuinely enjoyable.,Qwen3.8-27B,Condition1B_context_richness_stimuli,general_reasoning,"You will read short stories that describe everyday situations and which finish with a person saying something. Your task is to decide, given the situation, what meaning the person is most likely conveying. Each story will be followed by 4 possible meaning interpretations listed from a to d. Read each story and choose the number corresponding to the most likely meaning. State the reasoning in 2-3 bullet points and the answer. You can only answer with a, b, c, or d.
Context: They left the picnic feeling hungry.
Target utterance: They say: """"Food for the soul.""""
What meaning is They most likely conveying?
a. They spent the morning preparing sandwiches for the picnic.
b. The picnic was nourishing and genuinely enjoyable.
c. There was barely anything to eat; they left unsatisfied.
d. She always kept her soul music collection in good order.
Reasoning:
Answer:
","We need answer user's request. Need produce final with reasoning 2-3 bullet points and answer only a-d? User: ""State the reasoning in 2-3 bullet points and the answer. You can only answer with a, b, c, or d."" Need likely format:
Reasoning:
- ...
- ...
Answer: c
Need choose best. Context: They left the picnic feeling hungry. Target: They say: ""Food for the soul."" Meaning? If left hungry, saying food for soul likely sarcastic/ironic: there was barely anything to eat; left unsatisfied. Option c. Need ensure only answer with a,b,c,d? They say can only answer with a,b,c,d but","['d', 'a', 'b', 'c']",4,A_NI,"{'a': 14.6875, 'b': 14.5625, 'c': 17.75, 'd': 9.4375}","{'a': 0.04297620803117752, 'b': 0.03792636841535568, 'c': 0.9188718199729919, 'd': 0.0002255184226669371}",0.9188718199729919,c,"- ...
- ...
Answer: c
Need choose best. Context: They left the picnic feeling hungry. Target: They say: ""Food for the soul."" Meaning? If left hungry, saying food for soul likely sarcastic/ironic: there was barely anything to eat; left unsatisfied. Option c. Need ensure only answer with a,b,c,d? They say can only answer with a,b,c,d but",b
C1_32_UA_I,C1_32,228,1,unambiguous,ironic,a,The waiter had forgotten to fill his plate and he did not eat anything.,Qwen3.8-27B,Condition1B_context_richness_stimuli,general_reasoning,"You will read short stories that describe everyday situations and which finish with a person saying something. Your task is to decide, given the situation, what meaning the person is most likely conveying. Each story will be followed by 4 possible meaning interpretations listed from a to d. Read each story and choose the number corresponding to the most likely meaning. State the reasoning in 2-3 bullet points and the answer. You can only answer with a, b, c, or d.
Context: He looked at the empty plate in front of him and was starving.
Target utterance: He says: """"No way I could eat more."" ""
What meaning is He most likely conveying?
a. The waiter had forgotten to fill his plate and he did not eat anything.
b. He went to a stylish pottery to buy a special plate.
c. His plate had been full with food and he ate it all up.
d. He prefers to eat his lunch alone.
Reasoning:
Answer:
","We need answer user's request. Need produce final with reasoning 2-3 bullet points and answer only a,b,c,d? User says: ""State the reasoning in 2-3 bullet points and the answer. You can only answer with a, b, c, or d."" This is slightly contradictory: wants reasoning and answer, but ""You can only answer with a, b, c, or d."" In previous tasks likely expected format:
Reasoning:
- ...
- ...
Answer: c
But ""only answer with a,b,c,d"" maybe means final answer letter only? However explicit says state reasoning in 2-3 bullet points and the answer. We should include reasoning bullets and answer line. Need choose","['b', 'd', 'a', 'c']",4,UA_I,"{'a': 14.0, 'b': 15.3125, 'c': 19.875, 'd': 10.375}","{'a': 0.002771873725578189, 'b': 0.010298761539161205, 'c': 0.9868554472923279, 'd': 7.386793731711805e-05}",0.9868554472923279,c,"- ...
- ...
Answer: c
But ""only answer with a,b,c,d"" maybe means final answer letter only? However explicit says state reasoning in 2-3 bullet points and the answer. We should include reasoning bullets and answer line. Need choose",a
C1_33_UA_NI,C1_33,24,1,unambiguous,non-ironic,d,The library was a calm and quiet environment.,Qwen3.8-27B,Condition1B_context_richness_stimuli,general_reasoning,"You will read short stories that describe everyday situations and which finish with a person saying something. Your task is to decide, given the situation, what meaning the person is most likely conveying. Each story will be followed by 4 possible meaning interpretations listed from a to d. Read each story and choose the number corresponding to the most likely meaning. State the reasoning in 2-3 bullet points and the answer. You can only answer with a, b, c, or d.
Context: She walked into the library and it was inaudible.
Target utterance: She says: """"Perfect place to concentrate.""""
What meaning is She most likely conveying?
a. She asked her colleague for a place to concentrate.
b. She looked for a new book in the library.
c. The library was far too noisy to concentrate.
d. The library was a calm and quiet environment.
Reasoning:
Answer:
","We need answer user's request. Need produce final with reasoning 2-3 bullet points and answer only a-d? User says: ""State the reasoning in 2-3 bullet points and the answer. You can only answer with a, b, c, or d."" There is slight conflict: can only answer with a,b,c,d but also state reasoning. Likely they want reasoning bullets then Answer: x. Need choose best. Context: She walked into library and it was inaudible. Target: ""Perfect place to concentrate."" Inaudible means no sound, quiet. Meaning: library calm quiet environment. Option d. Need 2-3 bullets. Ensure final not extra formatting? They requested exact output format? ""Reasoning","['c', 'd', 'b', 'a']",4,UA_NI,"{'a': 15.875, 'b': 15.0625, 'c': 14.875, 'd': 16.5}","{'a': 0.27174854278564453, 'b': 0.12058768421411514, 'c': 0.09997070580720901, 'd': 0.5076931118965149}",0.5076931118965149,d,,a
C1_34_A_I,C1_34,25,1,ambiguous,ironic,d,The concert was pretty loud.,Qwen3.8-27B,Condition1B_context_richness_stimuli,general_reasoning,"You will read short stories that describe everyday situations and which finish with a person saying something. Your task is to decide, given the situation, what meaning the person is most likely conveying. Each story will be followed by 4 possible meaning interpretations listed from a to d. Read each story and choose the number corresponding to the most likely meaning. State the reasoning in 2-3 bullet points and the answer. You can only answer with a, b, c, or d.
Context: We came back from a concert which was quiet.
Target utterance: I say: """"I've almost gone deaf.""""
What meaning is She most likely conveying?
a. The concert was surprisingly quiet.
b. I was looking forward to the next concert.
c. My grandfather is deaf.
d. The concert was pretty loud.
Reasoning:
Answer:
","We need answer user's request. Need produce final with reasoning 2-3 bullet points and answer only a-d? User says: ""State the reasoning in 2-3 bullet points and the answer. You can only answer with a, b, c, or d."" There is slight conflict: can only answer with a,b,c,d but also state reasoning. Likely they expect format:
Reasoning:
- ...
- ...
Answer: a
Need choose best. Context: We came back from a concert which was quiet. Target: I say: ""I've almost gone deaf."" If concert was quiet, saying almost gone deaf is likely ironic/sarcastic meaning concert was surprisingly quiet? Wait ""I've almost gone","['a', 'd', 'c', 'b']",4,A_I,"{'a': 16.875, 'b': 17.0, 'c': 15.0, 'd': 15.6875}","{'a': 0.38587895035743713, 'b': 0.43725815415382385, 'c': 0.059176456183195114, 'd': 0.1176864355802536}",0.43725815415382385,a,"- ...
- ...
Answer: a
Need choose best. Context: We came back from a concert which was quiet. Target: I say: ""I've almost gone deaf."" If concert was quiet, saying almost gone deaf is likely ironic/sarcastic meaning concert was surprisingly quiet? Wait ""I've almost gone",a
C1_35_A_NI,C1_35,31,1,ambiguous,non-ironic,a,The movie was too quiet to hear.,Qwen3.8-27B,Condition1B_context_richness_stimuli,general_reasoning,"You will read short stories that describe everyday situations and which finish with a person saying something. Your task is to decide, given the situation, what meaning the person is most likely conveying. Each story will be followed by 4 possible meaning interpretations listed from a to d. Read each story and choose the number corresponding to the most likely meaning. State the reasoning in 2-3 bullet points and the answer. You can only answer with a, b, c, or d.
Context:  She watched a movie in the theater and found it quiet.
Target utterance: She says: """"It was so difficult to hear.""""
What meaning is She most likely conveying?
a. The movie was too quiet to hear.
b. The movie was very loud.
c. She generally has difficulties with her hearing.
d. Watching a movie in the theater is a real event.
Reasoning:
Answer:
","We need answer user's request. Need produce final with reasoning 2-3 bullet points and answer only a-d? User: ""State the reasoning in 2-3 bullet points and the answer. You can only answer with a, b, c, or d."" Hmm contradictory: wants reasoning and answer, but ""You can only answer with a, b, c, or d."" In prompt: ""Reasoning:
Answer:"" likely expects bullet points then answer. Need satisfy: provide reasoning bullets and answer line. But ""only answer with a,b,c,d"" maybe means final answer choice only? However they explicitly ask state reasoning. We can include reasoning bullets and answer. Need choose best meaning. Context: She watched a movie in","['a', 'b', 'c', 'd']",4,A_NI,"{'a': 16.375, 'b': 15.6875, 'c': 11.6875, 'd': 9.1875}","{'a': 0.6610271334648132, 'b': 0.3323853313922882, 'c': 0.006087849382311106, 'd': 0.0004997210926376283}",0.6610271334648132,a,"Answer:"" likely expects bullet points then answer. Need satisfy: provide reasoning bullets and answer line. But ""only answer with a,b,c,d"" maybe means final answer choice only? However they explicitly ask state reasoning. We can include reasoning bullets and answer. Need choose best meaning. Context: She watched a movie in",a
C1_36_UA_I,C1_36,29,1,unambiguous,ironic,d,He would expected to hear louder music from his neighbours' party.,Qwen3.8-27B,Condition1B_context_richness_stimuli,general_reasoning,"You will read short stories that describe everyday situations and which finish with a person saying something. Your task is to decide, given the situation, what meaning the person is most likely conveying. Each story will be followed by 4 possible meaning interpretations listed from a to d. Read each story and choose the number corresponding to the most likely meaning. State the reasoning in 2-3 bullet points and the answer. You can only answer with a, b, c, or d.
Context: His neighbours' music was inaudible.
Target utterance: He says: """"It seems like they are having a great party.""""
What meaning is He most likely conveying?
a. He likes talking about pop music.
b. He thinks that his neighbours' are having a great party with music.
c. He is still unsure which party to vote for in the upcoming elections.
d. He would expected to hear louder music from his neighbours' party.
Reasoning:
Answer:
","We need answer user's request. Need produce final with reasoning 2-3 bullet points and answer only a,b,c,d? User: ""State the reasoning in 2-3 bullet points and the answer. You can only answer with a, b, c, or d."" Slight conflict: can only answer with a,b,c,d but also state reasoning. Likely output reasoning bullets then Answer: d. Need choose best. Context: neighbours' music inaudible. He says ""It seems like they are having a great party."" If music inaudible, he likely means he would expect to hear louder music if they were having a great party? Let's parse. Story: His neighbours' music was inaudible. Target:","['d', 'a', 'c', 'b']",4,UA_I,"{'a': 13.625, 'b': 15.25, 'c': 10.375, 'd': 17.375}","{'a': 0.020559940487146378, 'b': 0.10441198945045471, 'c': 0.0007971953600645065, 'd': 0.8742308616638184}",0.8742308616638184,d,,b
C1_37_UA_NI,C1_37,53,1,unambiguous,non-ironic,a,The questions required thorough preparation to answer.,Qwen3.8-27B,Condition1B_context_richness_stimuli,general_reasoning,"You will read short stories that describe everyday situations and which finish with a person saying something. Your task is to decide, given the situation, what meaning the person is most likely conveying. Each story will be followed by 4 possible meaning interpretations listed from a to d. Read each story and choose the number corresponding to the most likely meaning. State the reasoning in 2-3 bullet points and the answer. You can only answer with a, b, c, or d.
Context: She prepared impossible questions for the students.
Target utterance: She says: """"I hope they're prepared for this.""""
What meaning is She most likely conveying?
a. The questions required thorough preparation to answer.
b. She posted the question on the class forum.
c. She had never felt so well prepared for a meeting.
d. The questions were straightforward and required little effort.
Reasoning:
Answer:
","We need answer user's request. Need produce final with reasoning 2-3 bullet points and answer only a,b,c,d? User says ""State the reasoning in 2-3 bullet points and the answer. You can only answer with a, b, c, or d."" This is slightly contradictory: can only answer with a,b,c,d but also state reasoning. Likely they want reasoning bullets then answer line. Need choose best. Context: She prepared impossible questions for students. Target: ""I hope they're prepared for this."" Meaning: questions required thorough preparation to answer. Option a. Need output maybe:
- The questions are described as impossible, implying they are very difficult.
- Her hope that students are prepared suggests the task","['a', 'd', 'c', 'b']",4,UA_NI,"{'a': 21.75, 'b': 14.75, 'c': 13.75, 'd': 14.4375}","{'a': 0.9980892539024353, 'b': 0.0009101395844481885, 'c': 0.0003348216414451599, 'd': 0.0006658723577857018}",0.9980892539024353,,"We need answer user's request. Need produce final with reasoning 2-3 bullet points and answer only a,b,c,d? User says ""State the reasoning in 2-3 bullet points and the answer. You can only answer with a, b, c, or d."" This is slightly contradictory: can only answer with a,b,c,d but also state reasoning. Likely they want reasoning bullets then answer line. Need choose best. Context: She prepared impossible questions for students. Target: ""I hope they're prepared for this."" Meaning: questions required thorough preparation to answer. Option a. Need output maybe:
- The questions are described as impossible, implying they are very difficult.
- Her hope that students are prepared suggests the task",
C1_38_A_I,C1_38,172,1,ambiguous,ironic,a,Booking the appointment was frustrating and difficult.,Qwen3.8-27B,Condition1B_context_richness_stimuli,general_reasoning,"You will read short stories that describe everyday situations and which finish with a person saying something. Your task is to decide, given the situation, what meaning the person is most likely conveying. Each story will be followed by 4 possible meaning interpretations listed from a to d. Read each story and choose the number corresponding to the most likely meaning. State the reasoning in 2-3 bullet points and the answer. You can only answer with a, b, c, or d.
Context: He booked an appointment through a system which was difficult to use.
Target utterance: He says:  """"That was about as easy as it gets.""""
What meaning is He most likely conveying?
a. Booking the appointment was frustrating and difficult.
b. He decided to cancel the appointment.
c. Booking the appointment was straightforward and effortless.
d. He always found parallel parking easy as it gets.
Reasoning:
Answer:
","We need answer user's request. Need produce final with reasoning 2-3 bullet points and answer only a,b,c,d? User says: ""State the reasoning in 2-3 bullet points and the answer. You can only answer with a, b, c, or d."" There is slight conflict: can only answer with a,b,c,d but also state reasoning. Likely they want reasoning bullets then answer line. Need choose best meaning. Context: He booked appointment through difficult system. Utterance: ""That was about as easy as it gets."" This is sarcastic? If system difficult, saying that means opposite: it was hard/frustrating. Option a. Need 2-3 bullets. Ensure final not extra formatting?","['b', 'd', 'a', 'c']",4,A_I,"{'a': 11.4375, 'b': 9.25, 'c': 6.96875, 'd': 5.3125}","{'a': 0.8882209062576294, 'b': 0.0996556282043457, 'c': 0.010180463083088398, 'd': 0.0019429753301665187}",0.8882209062576294,,"We need answer user's request. Need produce final with reasoning 2-3 bullet points and answer only a,b,c,d? User says: ""State the reasoning in 2-3 bullet points and the answer. You can only answer with a, b, c, or d."" There is slight conflict: can only answer with a,b,c,d but also state reasoning. Likely they want reasoning bullets then answer line. Need choose best meaning. Context: He booked appointment through difficult system. Utterance: ""That was about as easy as it gets."" This is sarcastic? If system difficult, saying that means opposite: it was hard/frustrating. Option a. Need 2-3 bullets. Ensure final not extra formatting?",
C1_39_A_NI,C1_39,233,1,ambiguous,non-ironic,a,Completing the task was a genuine sign of intelligence.,Qwen3.8-27B,Condition1B_context_richness_stimuli,general_reasoning,"You will read short stories that describe everyday situations and which finish with a person saying something. Your task is to decide, given the situation, what meaning the person is most likely conveying. Each story will be followed by 4 possible meaning interpretations listed from a to d. Read each story and choose the number corresponding to the most likely meaning. State the reasoning in 2-3 bullet points and the answer. You can only answer with a, b, c, or d.
Context: They finished a difficult task for their maths lesson.
Target utterance: They say: """"We must be very smart.""""
What meaning is They most likely conveying?
a. Completing the task was a genuine sign of intelligence.
b. Anyone could have done the task, no special abilities required.
c. They were always smart about managing their money.
d. They were given another task after the math lesson.
Reasoning:
Answer:
","We need answer user's request. Need produce final with reasoning 2-3 bullet points and answer only a/b/c/d? User says: ""State the reasoning in 2-3 bullet points and the answer. You can only answer with a, b, c, or d."" There is slight conflict: can only answer with a,b,c,d but also state reasoning. Likely they expect format:
Reasoning:
- ...
- ...
Answer: a
Need choose best. Context: They finished a difficult task for maths lesson. Target: ""We must be very smart."" Meaning likely self-congratulatory: completing difficult task indicates intelligence. Option a. b opposite. c irrelevant money. d irrelevant. Need final concise","['a', 'b', 'c', 'd']",4,A_NI,"{'a': 13.9375, 'b': 11.125, 'c': 7.9375, 'd': 6.71875}","{'a': 0.940498411655426, 'b': 0.05648132041096687, 'c': 0.0023312626872211695, 'd': 0.0006891198572702706}",0.940498411655426,a,"- ...
- ...
Answer: a
Need choose best. Context: They finished a difficult task for maths lesson. Target: ""We must be very smart."" Meaning likely self-congratulatory: completing difficult task indicates intelligence. Option a. b opposite. c irrelevant money. d irrelevant. Need final concise",a
C1_40_UA_I,C1_40,144,1,unambiguous,ironic,d,Making the payment was complicated and painful.,Qwen3.8-27B,Condition1B_context_richness_stimuli,general_reasoning,"You will read short stories that describe everyday situations and which finish with a person saying something. Your task is to decide, given the situation, what meaning the person is most likely conveying. Each story will be followed by 4 possible meaning interpretations listed from a to d. Read each story and choose the number corresponding to the most likely meaning. State the reasoning in 2-3 bullet points and the answer. You can only answer with a, b, c, or d.
Context: He made a payment through a website which was impossible to use.
Target utterance: He says:  """"Technology at its finest.""""
What meaning is He most likely conveying?
a. Making the payment was a smooth and effortless experience.
b. He decided to cancel the payment altogether.
c. He always thought the finest restaurants required a reservation.
d. Making the payment was complicated and painful.
Reasoning:
Answer:
","We need answer user's request. Need produce final with reasoning 2-3 bullet points and answer only a,b,c,d? User says: ""State the reasoning in 2-3 bullet points and the answer. You can only answer with a, b, c, or d."" There is slight conflict: need reasoning and answer, but ""You can only answer with a, b, c, or d."" Probably means final answer letter only? But they explicitly ask reasoning. In previous tasks maybe output format: Reasoning: bullets, Answer: letter. Need satisfy. The prompt: ""Reasoning:
Answer:"" likely expects fill. We can provide bullets then answer. But ""You can only answer with a, b, c,","['a', 'd', 'c', 'b']",4,UA_I,"{'a': 15.25, 'b': 16.5, 'c': 16.5, 'd': 17.875}","{'a': 0.04590259864926338, 'b': 0.1602158099412918, 'c': 0.1602158099412918, 'd': 0.6336658000946045}",0.6336658000946045,a,"bullets, Answer: letter. Need satisfy. The prompt: ""Reasoning:
Answer:"" likely expects fill. We can provide bullets then answer. But ""You can only answer with a, b, c,",a
C1_41_UA_NI,C1_41,147,1,unambiguous,non-ironic,c,Her kitchen was tidy.,Qwen3.8-27B,Condition1B_context_richness_stimuli,general_reasoning,"You will read short stories that describe everyday situations and which finish with a person saying something. Your task is to decide, given the situation, what meaning the person is most likely conveying. Each story will be followed by 4 possible meaning interpretations listed from a to d. Read each story and choose the number corresponding to the most likely meaning. State the reasoning in 2-3 bullet points and the answer. You can only answer with a, b, c, or d.
Context: She finished cooking and the kitchen was pristine.
Target utterance: She says: """"I'm the sort of person who likes to keep things tidy.""""
What meaning is She most likely conveying?
a. Children should regularly tidy up their rooms.
b. Her kitchen was a mess.
c. Her kitchen was tidy.
d. The apartment came with a fully equipped kitchen.
Reasoning:
Answer:
","We need answer user's request. Need produce final with reasoning 2-3 bullet points and answer only a,b,c,d? User says: ""State the reasoning in 2-3 bullet points and the answer. You can only answer with a, b, c, or d."" There is slight conflict: can only answer with a,b,c,d but also state reasoning. Likely they expect format:
Reasoning:
- ...
- ...
Answer: c
Need ensure final not extra? They explicitly asks reasoning and answer. We can include bullets and answer. Need choose c. Context: kitchen pristine, says likes tidy. Most likely conveying her kitchen was tidy. b opposite, a irrelevant, d irrelevant.
Need final concise","['c', 'b', 'a', 'd']",4,UA_NI,"{'a': 12.0625, 'b': 10.625, 'c': 15.625, 'd': 6.96875}","{'a': 0.027401112020015717, 'b': 0.006508334539830685, 'c': 0.965922474861145, 'd': 0.0001681050198385492}",0.965922474861145,c,"- ...
- ...
Answer: c
Need ensure final not extra? They explicitly asks reasoning and answer. We can include bullets and answer. Need choose c. Context: kitchen pristine, says likes tidy. Most likely conveying her kitchen was tidy. b opposite, a irrelevant, d irrelevant.
Need final concise",a
C1_42_A_I,C1_42,55,1,ambiguous,ironic,a,The room was left in a terrible state for far too long.,Qwen3.8-27B,Condition1B_context_richness_stimuli,general_reasoning,"You will read short stories that describe everyday situations and which finish with a person saying something. Your task is to decide, given the situation, what meaning the person is most likely conveying. Each story will be followed by 4 possible meaning interpretations listed from a to d. Read each story and choose the number corresponding to the most likely meaning. State the reasoning in 2-3 bullet points and the answer. You can only answer with a, b, c, or d.
Context: They walked into the room and found it clean.
Target utterance: They said: ""“Looks like you didn’t wait too long to clean it.”""
What meaning is They most likely conveying?
a. The room was left in a terrible state for far too long.
b. They never had to wait long for a table.
c. The room was tidied up well before it got too messy.
d. They decided to book a different room altogether.
Reasoning:
Answer:
","We need answer user's request. Need produce final with reasoning 2-3 bullet points and answer only a-d? User says: ""State the reasoning in 2-3 bullet points and the answer. You can only answer with a, b, c, or d."" There is slight conflict: can only answer with a,b,c,d but also state reasoning. Likely output reasoning bullets then Answer: c. Need ensure final not extra? They ask exact format? ""Reasoning:
Answer:"" likely fill. Need choose best meaning. Context: They walked into room and found it clean. Utterance: ""Looks like you didn’t wait too long to clean it."" Meaning: room was tidied up well before it got too messy","['b', 'c', 'a', 'd']",4,A_I,"{'a': 14.9375, 'b': 13.875, 'c': 19.0, 'd': 9.625}","{'a': 0.016815215349197388, 'b': 0.005811183247715235, 'c': 0.977290689945221, 'd': 8.28920747153461e-05}",0.977290689945221,,"We need answer user's request. Need produce final with reasoning 2-3 bullet points and answer only a-d? User says: ""State the reasoning in 2-3 bullet points and the answer. You can only answer with a, b, c, or d."" There is slight conflict: can only answer with a,b,c,d but also state reasoning. Likely output reasoning bullets then Answer: c. Need ensure final not extra? They ask exact format? ""Reasoning:
Answer:"" likely fill. Need choose best meaning. Context: They walked into room and found it clean. Utterance: ""Looks like you didn’t wait too long to clean it."" Meaning: room was tidied up well before it got too messy",
C1_43_A_NI,C1_43,67,1,ambiguous,non-ironic,b,The street was genuinely pleasant.,Qwen3.8-27B,Condition1B_context_richness_stimuli,general_reasoning,"You will read short stories that describe everyday situations and which finish with a person saying something. Your task is to decide, given the situation, what meaning the person is most likely conveying. Each story will be followed by 4 possible meaning interpretations listed from a to d. Read each story and choose the number corresponding to the most likely meaning. State the reasoning in 2-3 bullet points and the answer. You can only answer with a, b, c, or d.
Context: The street was clean.
Target utterance: They say:  """"Such a beautiful walk.""""
What meaning is They most likely conveying?
a. A dog was barking on the street.
b. The street was genuinely pleasant.
c. They went for a walk in the park.
d. The street was far from pretty.
Reasoning:
Answer:
","We need answer user's request. Need produce final with reasoning 2-3 bullet points and answer only a/b/c/d? User says: ""State the reasoning in 2-3 bullet points and the answer. You can only answer with a, b, c, or d."" There is slight conflict: can only answer with a,b,c,d but also state reasoning. Likely they want reasoning bullets then Answer: x. Need choose best. Context: street was clean. Utterance: ""Such a beautiful walk."" Meaning likely street was genuinely pleasant. Option b. Need concise. Ensure final maybe:
- The clean street sets a positive scene.
- Calling it a beautiful walk suggests the walk/street was pleasant, not sarcast","['d', 'a', 'c', 'b']",4,A_NI,"{'a': 13.75, 'b': 23.0, 'c': 12.5, 'd': 12.5625}","{'a': 9.60969555308111e-05, 'b': 0.9998470544815063, 'c': 2.7532238163985312e-05, 'd': 2.9307913791853935e-05}",0.9998470544815063,a,,d
C1_44_UA_I,C1_44,83,1,unambiguous,ironic,c,The floor was very dirty.,Qwen3.8-27B,Condition1B_context_richness_stimuli,general_reasoning,"You will read short stories that describe everyday situations and which finish with a person saying something. Your task is to decide, given the situation, what meaning the person is most likely conveying. Each story will be followed by 4 possible meaning interpretations listed from a to d. Read each story and choose the number corresponding to the most likely meaning. State the reasoning in 2-3 bullet points and the answer. You can only answer with a, b, c, or d.
Context: The floor was pristine.
Target utterance: She says: """"You could practically eat off the floor here.""""
What meaning is She most likely conveying?
a. The floor was very clean.
b. The dance floor was very empty.
c. The floor was very dirty.
d. She could eat a whole cake.
Reasoning:
Answer:
","We need answer user's request. Need produce final with reasoning 2-3 bullet points and answer only a/b/c/d? User: ""State the reasoning in 2-3 bullet points and the answer. You can only answer with a, b, c, or d."" There is slight conflict: can only answer with a,b,c,d but also state reasoning. Likely they want reasoning bullets then Answer: x. Need ensure final not extra? They said exact output format? In system: choose single best answer, follow exact output format specified in instructions — do not add extra commentary, headers, or formatting beyond what requested. User asks Reasoning: Answer: likely format. Need provide bullets and answer. Need choose a. Reasoning:","['a', 'd', 'b', 'c']",4,UA_I,"{'a': 14.75, 'b': 11.125, 'c': 8.5625, 'd': 6.46875}","{'a': 0.9718576669692993, 'b': 0.0258991289883852, 'c': 0.001997126266360283, 'd': 0.0002460942487232387}",0.9718576669692993,a,Answer: likely format. Need provide bullets and answer. Need choose a. Reasoning:,a
C1_45_UA_NI,C1_45,40,1,unambiguous,non-ironic,c,The movie was funny and great.,Qwen3.8-27B,Condition1B_context_richness_stimuli,general_reasoning,"You will read short stories that describe everyday situations and which finish with a person saying something. Your task is to decide, given the situation, what meaning the person is most likely conveying. Each story will be followed by 4 possible meaning interpretations listed from a to d. Read each story and choose the number corresponding to the most likely meaning. State the reasoning in 2-3 bullet points and the answer. You can only answer with a, b, c, or d.
Context: They watched a grim movie.
Target utterance: They say: """"That was the perfect movie for a laugh.""""
What meaning is They most likely conveying?
a. They had such a perfect night.
b. They saw three movies that week.
c. The movie was funny and great.
d. The movie wasn't amusing.
Reasoning:
Answer:
","We need answer user's request. Need produce final with reasoning 2-3 bullet points and answer only a-d? User says: ""State the reasoning in 2-3 bullet points and the answer. You can only answer with a, b, c, or d."" There is slight conflict: can only answer with a,b,c,d but also state reasoning. Likely output should include reasoning bullets and answer line. Need choose best. Context: They watched a grim movie. Target: ""That was the perfect movie for a laugh."" Grim movie = serious, sad, not funny. Saying perfect movie for a laugh likely sarcastic, meaning it wasn't amusing. Option d. Need 2-3 bullets. Ensure final not extra formatting?","['c', 'd', 'a', 'b']",4,UA_NI,"{'a': 11.125, 'b': 9.375, 'c': 7.28125, 'd': 7.96875}","{'a': 0.807902991771698, 'b': 0.1403924822807312, 'c': 0.017299748957157135, 'd': 0.034404657781124115}",0.807902991771698,,"We need answer user's request. Need produce final with reasoning 2-3 bullet points and answer only a-d? User says: ""State the reasoning in 2-3 bullet points and the answer. You can only answer with a, b, c, or d."" There is slight conflict: can only answer with a,b,c,d but also state reasoning. Likely output should include reasoning bullets and answer line. Need choose best. Context: They watched a grim movie. Target: ""That was the perfect movie for a laugh."" Grim movie = serious, sad, not funny. Saying perfect movie for a laugh likely sarcastic, meaning it wasn't amusing. Option d. Need 2-3 bullets. Ensure final not extra formatting?",
C1_46_A_I,C1_46,159,1,ambiguous,ironic,a,The musical was purely for laughs.,Qwen3.8-27B,Condition1B_context_richness_stimuli,general_reasoning,"You will read short stories that describe everyday situations and which finish with a person saying something. Your task is to decide, given the situation, what meaning the person is most likely conveying. Each story will be followed by 4 possible meaning interpretations listed from a to d. Read each story and choose the number corresponding to the most likely meaning. State the reasoning in 2-3 bullet points and the answer. You can only answer with a, b, c, or d.
Context: The musical she watched was really serious.
Target utterance: She says: """"That cracked me up.""""
What meaning is She most likely conveying?
a. The musical was purely for laughs.
b. The musical left her deeply moved.
c. She answered some questions about the musical.
d. The joke cracked everyone up.
Reasoning:
Answer:
","We need answer user's request. Need produce final with reasoning 2-3 bullet points and answer only a,b,c,d? User says: ""State the reasoning in 2-3 bullet points and the answer. You can only answer with a, b, c, or d."" There is slight conflict: can only answer with a,b,c,d but also state reasoning. Likely they expect format:
Reasoning:
- ...
- ...
Answer: b
Need choose best meaning. Context: musical really serious. Target: ""That cracked me up."" Idiom cracked me up = made me laugh a lot. But context says serious, so likely sarcasm? If she says that cracked me up after serious musical, maybe means","['b', 'a', 'd', 'c']",4,A_I,"{'a': 15.375, 'b': 18.625, 'c': 13.6875, 'd': 12.75}","{'a': 0.03697163611650467, 'b': 0.9535110592842102, 'c': 0.006839064881205559, 'd': 0.002678216202184558}",0.9535110592842102,b,"- ...
- ...
Answer: b
Need choose best meaning. Context: musical really serious. Target: ""That cracked me up."" Idiom cracked me up = made me laugh a lot. But context says serious, so likely sarcasm? If she says that cracked me up after serious musical, maybe means",a
C1_47_A_NI,C1_47,3,1,ambiguous,non-ironic,a,The situation was genuinely amusing.,Qwen3.8-27B,Condition1B_context_richness_stimuli,general_reasoning,"You will read short stories that describe everyday situations and which finish with a person saying something. Your task is to decide, given the situation, what meaning the person is most likely conveying. Each story will be followed by 4 possible meaning interpretations listed from a to d. Read each story and choose the number corresponding to the most likely meaning. State the reasoning in 2-3 bullet points and the answer. You can only answer with a, b, c, or d.
Context: The situation was serious.
Target utterance: She says: """"Truly something to laugh about.""""
What meaning is She most likely conveying?
a. The situation was genuinely amusing.
b. She always found it hard to laugh about things.
c. The situation was far too serious.
d. She tried to make the best of the situation.
Reasoning:
Answer:
","We need answer user's request. Need choose best meaning. Context: situation serious. Utterance: ""Truly something to laugh about."" Likely sarcastic/ironic, meaning not something to laugh about, far too serious. Options: c. Need reasoning 2-3 bullet points and answer. User says can only answer with a,b,c,d? But also says state reasoning in 2-3 bullet points and answer. Contradiction: ""You can only answer with a, b, c, or d."" likely final answer only letter? But they explicitly ask Reasoning: Answer: We need output reasoning bullets and answer. Maybe final should include bullets and answer. But ""You can only answer with a, b, c","['a', 'c', 'b', 'd']",4,A_NI,"{'a': 15.0, 'b': 16.0, 'c': 17.5, 'd': 11.9375}","{'a': 0.06270557641983032, 'b': 0.17045143246650696, 'c': 0.7639102935791016, 'd': 0.0029327787924557924}",0.7639102935791016,a,"Answer: We need output reasoning bullets and answer. Maybe final should include bullets and answer. But ""You can only answer with a, b, c",a
C1_48_UA_I,C1_48,208,1,unambiguous,ironic,c,The talk contained no humour.,Qwen3.8-27B,Condition1B_context_richness_stimuli,general_reasoning,"You will read short stories that describe everyday situations and which finish with a person saying something. Your task is to decide, given the situation, what meaning the person is most likely conveying. Each story will be followed by 4 possible meaning interpretations listed from a to d. Read each story and choose the number corresponding to the most likely meaning. State the reasoning in 2-3 bullet points and the answer. You can only answer with a, b, c, or d.
Context: His talk was grim. 
Target utterance: Hey says: """"Wow, so many jokes in one talk.""""
What meaning is He most likely conveying?
a. He decided to cancel the talk.
b. He was a fan of old jokes.
c. The talk contained no humour.
d. The talk contained humour.
Reasoning:
Answer:
","We need answer user's request. Need produce final with reasoning 2-3 bullet points and answer only a-d? User: ""State the reasoning in 2-3 bullet points and the answer. You can only answer with a, b, c, or d."" There is slight conflict: can only answer with a,b,c,d but also state reasoning. Likely they expect format:
Reasoning:
- ...
- ...
Answer: c
Need choose. Context: His talk was grim. Target: ""Wow, so many jokes in one talk."" If talk was grim, saying so many jokes likely sarcastic, meaning no humor. Option c. Need 2-3 bullets. Ensure final not extra? They said exact","['d', 'c', 'b', 'a']",4,UA_I,"{'a': 14.5625, 'b': 13.125, 'c': 16.5, 'd': 10.0625}","{'a': 0.12210004776716232, 'b': 0.029001301154494286, 'c': 0.8475422859191895, 'd': 0.0013564089313149452}",0.8475422859191895,c,"- ...
- ...
Answer: c
Need choose. Context: His talk was grim. Target: ""Wow, so many jokes in one talk."" If talk was grim, saying so many jokes likely sarcastic, meaning no humor. Option c. Need 2-3 bullets. Ensure final not extra? They said exact",b
C1_49_UA_NI,C1_49,229,1,unambiguous,non-ironic,a,The airport experience was enjoyable.,Qwen3.8-27B,Condition1B_context_richness_stimuli,general_reasoning,"You will read short stories that describe everyday situations and which finish with a person saying something. Your task is to decide, given the situation, what meaning the person is most likely conveying. Each story will be followed by 4 possible meaning interpretations listed from a to d. Read each story and choose the number corresponding to the most likely meaning. State the reasoning in 2-3 bullet points and the answer. You can only answer with a, b, c, or d.
Context: He had a terrible experience at the airport.
Target utterance: He says: """"A complete nightmare, really.""""
What meaning is He most likely conveying?
a. The airport experience was enjoyable.
b. He came back from his trip exhausted.
c. He decided to book a different airport transfer.
d. The airport experience was thoroughly unpleasant.
Reasoning:
Answer:
","We need answer user's request. Need produce final with reasoning 2-3 bullet points and answer only a-d? User says: ""State the reasoning in 2-3 bullet points and the answer. You can only answer with a, b, c, or d."" There is slight conflict: can only answer with a,b,c,d but also state reasoning. Likely output should include reasoning bullets and answer line. Need choose d. Need ensure final maybe:
- ""nightmare"" indicates very bad/unpleasant experience.
- Context says terrible experience at airport, so he is expressing it was thoroughly unpleasant.
Answer: d
Need maybe no extra. Ensure answer only a,b,c,d? They say can only answer with a,b","['a', 'c', 'd', 'b']",4,UA_NI,"{'a': 15.4375, 'b': 14.5, 'c': 14.3125, 'd': 17.875}","{'a': 0.07598407566547394, 'b': 0.029755791649222374, 'c': 0.024668419733643532, 'd': 0.8695917129516602}",0.8695917129516602,d,,b
C1_50_A_I,C1_50,254,1,ambiguous,ironic,d,The exam results were deeply disappointing.,Qwen3.8-27B,Condition1B_context_richness_stimuli,general_reasoning,"You will read short stories that describe everyday situations and which finish with a person saying something. Your task is to decide, given the situation, what meaning the person is most likely conveying. Each story will be followed by 4 possible meaning interpretations listed from a to d. Read each story and choose the number corresponding to the most likely meaning. State the reasoning in 2-3 bullet points and the answer. You can only answer with a, b, c, or d.
Context: He studied hard for the exam, and the results were bad.
Target utterance: He says: """"Well, this is amazing.""""
What meaning is He most likely conveying?
a. He always found art museums amazing.
b. He had one more exam this week.
c. The exam results were impressive
d. The exam results were deeply disappointing.
Reasoning:
Answer:
","We need answer user's request. Need produce final with reasoning 2-3 bullet points and answer only a,b,c,d? User says ""State the reasoning in 2-3 bullet points and the answer. You can only answer with a, b, c, or d."" Slight conflict: can only answer with a,b,c,d but also state reasoning. Likely output bullet points then Answer: d. Need choose best. Context: studied hard, results bad. Says ""Well, this is amazing."" Sarcasm likely means disappointing. Option d. Need 2-3 bullets. Ensure final concise.
</think>

- He studied hard but got bad results, so “amazing” is likely sarcastic.
- The most","['c', 'd', 'a', 'b']",4,A_I,"{'a': 14.0625, 'b': 14.0, 'c': 14.125, 'd': 21.25}","{'a': 0.0007542638340964913, 'b': 0.0007085652905516326, 'c': 0.0008029096643440425, 'd': 0.9977341890335083}",0.9977341890335083,d,,b
C1_51_A_NI,C1_51,129,1,ambiguous,non-ironic,b,They found the play dull.,Qwen3.8-27B,Condition1B_context_richness_stimuli,general_reasoning,"You will read short stories that describe everyday situations and which finish with a person saying something. Your task is to decide, given the situation, what meaning the person is most likely conveying. Each story will be followed by 4 possible meaning interpretations listed from a to d. Read each story and choose the number corresponding to the most likely meaning. State the reasoning in 2-3 bullet points and the answer. You can only answer with a, b, c, or d.
Context: They left the play feeling bad.
Target utterance: They said:  """"That wasn't fun at all.""""
What meaning is They most likely conveying?
a. They found the play entertaining.
b. They found the play dull.
c. They liked to watch a play in their favorite theatre.
d. They had fun eating together.
Reasoning:
Answer:
","We need answer user's request. Need produce final with reasoning 2-3 bullet points and answer only a-d? User: ""State the reasoning in 2-3 bullet points and the answer. You can only answer with a, b, c, or d."" There is slight conflict: can only answer with a,b,c,d but also state reasoning. Likely output format:
Reasoning:
- ...
- ...
Answer: b
Need ensure answer single letter. Context: left play feeling bad, said ""That wasn't fun at all."" Most likely found play dull. b.
Need final concise.
</think>

Reasoning:
- They left the play feeling bad, which suggests a negative experience.
-","['b', 'a', 'd', 'c']",4,A_NI,"{'a': 13.4375, 'b': 21.25, 'c': 13.0, 'd': 13.125}","{'a': 0.00040425630868412554, 'b': 0.9990390539169312, 'c': 0.00026100751711055636, 'd': 0.00029576022643595934}",0.9990390539169312,b,"- ...
- ...
Answer: b
Need ensure answer single letter. Context: left play feeling bad, said ""That wasn't fun at all."" Most likely found play dull. b.
Need final concise.
</think>

Reasoning:
- They left the play feeling bad, which suggests a negative experience.
-",a
C1_52_UA_I,C1_52,114,1,unambiguous,ironic,b,She found the whole meal disappointing.,Qwen3.8-27B,Condition1B_context_richness_stimuli,general_reasoning,"You will read short stories that describe everyday situations and which finish with a person saying something. Your task is to decide, given the situation, what meaning the person is most likely conveying. Each story will be followed by 4 possible meaning interpretations listed from a to d. Read each story and choose the number corresponding to the most likely meaning. State the reasoning in 2-3 bullet points and the answer. You can only answer with a, b, c, or d.
Context: She had a terrible meal at a restaurant.
Target utterance: She says: """"That was a great restaurant visit.""""
What meaning is She most likely conveying?
a. She wanted to try the meal for months.
b. She found the whole meal disappointing.
c. The rmeal was a genuinely enjoyable experience.
d. She always enjoyed a restaurant visit before a big day out.
Reasoning:
Answer:
","We need answer user's request. Need produce final with reasoning 2-3 bullet points and answer only a-d? User says: ""State the reasoning in 2-3 bullet points and the answer. You can only answer with a, b, c, or d."" There is slight conflict: can only answer with a,b,c,d but also state reasoning. Likely they expect format:
Reasoning:
- ...
- ...
Answer: b
Need choose best. Context: terrible meal. Utterance: ""That was a great restaurant visit."" Most likely conveying sarcasm/irony, meaning found whole meal disappointing. Option b. Need 2-3 bullets. Ensure final not extra commentary? They asked exact output","['d', 'b', 'a', 'c']",4,UA_I,"{'a': 14.8125, 'b': 17.375, 'c': 12.875, 'd': 10.125}","{'a': 0.07081416249275208, 'b': 0.9183319807052612, 'c': 0.010201746597886086, 'd': 0.0006521758623421192}",0.9183319807052612,b,"- ...
- ...
Answer: b
Need choose best. Context: terrible meal. Utterance: ""That was a great restaurant visit."" Most likely conveying sarcasm/irony, meaning found whole meal disappointing. Option b. Need 2-3 bullets. Ensure final not extra commentary? They asked exact output",b
C1_53_UA_NI,C1_53,140,1,unambiguous,non-ironic,a,The ground was moist and muddy after the rain.,Qwen3.8-27B,Condition1B_context_richness_stimuli,general_reasoning,"You will read short stories that describe everyday situations and which finish with a person saying something. Your task is to decide, given the situation, what meaning the person is most likely conveying. Each story will be followed by 4 possible meaning interpretations listed from a to d. Read each story and choose the number corresponding to the most likely meaning. State the reasoning in 2-3 bullet points and the answer. You can only answer with a, b, c, or d.
Context: After the weather changed, the ground became parched.
Target utterance: She says: """"Perfect conditions for a picnic..""""
What meaning is She most likely conveying?
a. The ground was moist and muddy after the rain.
b. She knelt in the mud to look closely at the earth.
c. The ground was uneven where she stood.
d. The ground was dried out.
Reasoning:
Answer:
","We need answer user's request. Need produce final with reasoning 2-3 bullet points and answer only a-d? User: ""State the reasoning in 2-3 bullet points and the answer. You can only answer with a, b, c, or d."" There is slight conflict: can only answer with a,b,c,d but also state reasoning. Likely output reasoning bullets then Answer: d. Need ensure final not extra? They ask exact format? ""Reasoning:
Answer:"" likely fill. Need choose d because context ground parched = dried out. Utterance ""Perfect conditions for a picnic"" likely sarcastic? Actually after weather changed, ground became parched. She says perfect conditions for a picnic. Meaning? Options","['a', 'c', 'd', 'b']",4,UA_NI,"{'a': 13.5, 'b': 11.8125, 'c': 10.5, 'd': 17.25}","{'a': 0.022854086011648178, 'b': 0.00422758050262928, 'c': 0.001137837884016335, 'd': 0.9717804193496704}",0.9717804193496704,d,"Answer:"" likely fill. Need choose d because context ground parched = dried out. Utterance ""Perfect conditions for a picnic"" likely sarcastic? Actually after weather changed, ground became parched. She says perfect conditions for a picnic. Meaning? Options",b
C1_54_A_I,C1_54,123,1,ambiguous,ironic,a,The garden was just watered and needed to dry out.,Qwen3.8-27B,Condition1B_context_richness_stimuli,general_reasoning,"You will read short stories that describe everyday situations and which finish with a person saying something. Your task is to decide, given the situation, what meaning the person is most likely conveying. Each story will be followed by 4 possible meaning interpretations listed from a to d. Read each story and choose the number corresponding to the most likely meaning. State the reasoning in 2-3 bullet points and the answer. You can only answer with a, b, c, or d.
Context: The garden was dry in the morning.
Target utterance: They said: """"That’s enough water for the day.""""
What meaning is They most likely conveying?
a. The garden was just watered and needed to dry out.
b. They wanted a new water feature.
c. The garden was struggling without any water.
d. They played some boardgames in the garden.
Reasoning:
Answer:
","We need answer user's request. Need produce final with reasoning 2-3 bullet points and answer only a/b/c/d? User says: ""State the reasoning in 2-3 bullet points and the answer. You can only answer with a, b, c, or d."" There is slight conflict: can only answer with a,b,c,d but also state reasoning. Likely output reasoning bullets then Answer: x. Need choose best. Context: garden dry in morning. Utterance: ""That's enough water for the day."" Most likely meaning? Options:
a. The garden was just watered and needed to dry out.
b. They wanted a new water feature.
c. The garden was struggling without any water","['b', 'c', 'a', 'd']",4,A_I,"{'a': 18.5, 'b': 16.875, 'c': 16.625, 'd': 14.3125}","{'a': 0.7323588132858276, 'b': 0.14420999586582184, 'c': 0.11231086403131485, 'd': 0.011120281182229519}",0.7323588132858276,a,,b
C1_55_A_NI,C1_55,100,1,ambiguous,non-ironic,a,The plants had been getting plenty of moisture to grow.,Qwen3.8-27B,Condition1B_context_richness_stimuli,general_reasoning,"You will read short stories that describe everyday situations and which finish with a person saying something. Your task is to decide, given the situation, what meaning the person is most likely conveying. Each story will be followed by 4 possible meaning interpretations listed from a to d. Read each story and choose the number corresponding to the most likely meaning. State the reasoning in 2-3 bullet points and the answer. You can only answer with a, b, c, or d.
Context: The field was dry.
Target utterance: He says: """"Terrible news for anything trying to grow..""""
What meaning is He most likely conveying?
a. The plants had been getting plenty of moisture to grow.
b. He had been reading about different farming techniques.
c. The plants had been wilting due to lack of water.
d. He was considering buying a new tractor.
Reasoning:
Answer:
","We need answer user's request. Need produce final with reasoning 2-3 bullet points and answer only a-d? User: ""State the reasoning in 2-3 bullet points and the answer. You can only answer with a, b, c, or d."" There is slight conflict: can only answer with a,b,c,d but also state reasoning. Likely they expect format:
Reasoning:
- ...
- ...
Answer: c
Need ensure answer letter only? ""You can only answer with a, b, c, or d."" Maybe final answer should include reasoning and answer, but answer line only letter. We can do.
Context: field dry. Utterance: ""Terrible news for anything trying","['a', 'c', 'b', 'd']",4,A_NI,"{'a': 13.125, 'b': 13.1875, 'c': 17.75, 'd': 7.8125}","{'a': 0.009608713909983635, 'b': 0.010228424333035946, 'c': 0.980115532875061, 'd': 4.73669970233459e-05}",0.980115532875061,c,"- ...
- ...
Answer: c
Need ensure answer letter only? ""You can only answer with a, b, c, or d."" Maybe final answer should include reasoning and answer, but answer line only letter. We can do.
Context: field dry. Utterance: ""Terrible news for anything trying",b
C1_56_UA_I,C1_56,158,1,unambiguous,ironic,a,Her hair was completely dry.,Qwen3.8-27B,Condition1B_context_richness_stimuli,general_reasoning,"You will read short stories that describe everyday situations and which finish with a person saying something. Your task is to decide, given the situation, what meaning the person is most likely conveying. Each story will be followed by 4 possible meaning interpretations listed from a to d. Read each story and choose the number corresponding to the most likely meaning. State the reasoning in 2-3 bullet points and the answer. You can only answer with a, b, c, or d.
Context: She saw her parched hair.
Target utterance: She said: """"The rain really caught me by surprise.""""
What meaning is She most likely conveying?
a. Her hair was completely dry.
b. She had her hair cut short last week.
c. They organised a surprise party for him.
d. Her hair was soaking wet.
Reasoning:
Answer:
","We need answer user's request. Need produce final with reasoning 2-3 bullet points and answer only a/b/c/d? User says: ""State the reasoning in 2-3 bullet points and the answer. You can only answer with a, b, c, or d."" There is slight conflict: can only answer with a,b,c,d but also state reasoning. Likely they expect bullet points then Answer: x. Need choose best. Context: She saw her parched hair. Target: ""The rain really caught me by surprise."" Parched means very dry. If hair parched, rain didn't wet it? She says rain caught by surprise maybe she was not prepared, but hair dry? Let's analyze. Story: She","['b', 'd', 'c', 'a']",4,UA_I,"{'a': 15.1875, 'b': 15.9375, 'c': 11.0625, 'd': 15.3125}","{'a': 0.23439449071884155, 'b': 0.4962131381034851, 'c': 0.003788633970543742, 'd': 0.2656037509441376}",0.4962131381034851,,"We need answer user's request. Need produce final with reasoning 2-3 bullet points and answer only a/b/c/d? User says: ""State the reasoning in 2-3 bullet points and the answer. You can only answer with a, b, c, or d."" There is slight conflict: can only answer with a,b,c,d but also state reasoning. Likely they expect bullet points then Answer: x. Need choose best. Context: She saw her parched hair. Target: ""The rain really caught me by surprise."" Parched means very dry. If hair parched, rain didn't wet it? She says rain caught by surprise maybe she was not prepared, but hair dry? Let's analyze. Story: She",
C1_57_UA_NI,C1_57,89,1,unambiguous,non-ironic,c,I admired the outfit.,Qwen3.8-27B,Condition1B_context_richness_stimuli,general_reasoning,"You will read short stories that describe everyday situations and which finish with a person saying something. Your task is to decide, given the situation, what meaning the person is most likely conveying. Each story will be followed by 4 possible meaning interpretations listed from a to d. Read each story and choose the number corresponding to the most likely meaning. State the reasoning in 2-3 bullet points and the answer. You can only answer with a, b, c, or d.
Context: I wore a hideous outfit to attend the award ceremony.
Target utterance: I say: """"I really didn't try at all today.""""
What meaning is I most likely conveying?
a. I thought the outfit was ugly.
b. I received an amazing award.
c. I admired the outfit.
d. The comedians on the stage enjoyed themselves.
Reasoning:
Answer:
","We need answer user's request. Need produce final with reasoning 2-3 bullet points and answer only a,b,c,d? User: ""State the reasoning in 2-3 bullet points and the answer. You can only answer with a, b, c, or d."" Slight conflict: can only answer with a,b,c,d but also state reasoning. Likely output reasoning bullets then Answer: a. Need choose best. Context: wore hideous outfit to award ceremony. Utterance: ""I really didn't try at all today."" Meaning likely self-deprecating: thought outfit was ugly / didn't make effort. Options: a I thought outfit was ugly. b received amazing award. c admired outfit. d comedians enjoyed","['b', 'c', 'a', 'd']",4,UA_NI,"{'a': 17.125, 'b': 12.875, 'c': 9.625, 'd': 7.84375}","{'a': 0.9853085875511169, 'b': 0.014054671861231327, 'c': 0.0005449587479233742, 'd': 9.178603795589879e-05}",0.9853085875511169,a,,b
C1_58_A_I,C1_58,105,1,ambiguous,ironic,c,She thought the car was ugly.,Qwen3.8-27B,Condition1B_context_richness_stimuli,general_reasoning,"You will read short stories that describe everyday situations and which finish with a person saying something. Your task is to decide, given the situation, what meaning the person is most likely conveying. Each story will be followed by 4 possible meaning interpretations listed from a to d. Read each story and choose the number corresponding to the most likely meaning. State the reasoning in 2-3 bullet points and the answer. You can only answer with a, b, c, or d.
Context: She saw an ugly car on the street.
Target utterance: She says: """"That’s a real beauty.""""
What meaning is she most likely conveying?
a. She admired the car.
b. She thought the painting was beautiful.
c. She thought the car was ugly.
d. She had booked a car.
Reasoning:
Answer:
","We need answer user's request. Need produce final with reasoning 2-3 bullet points and answer only a/b/c/d? User says: ""State the reasoning in 2-3 bullet points and the answer. You can only answer with a, b, c, or d."" There is slight conflict: can only answer with a,b,c,d but also state reasoning. Likely they want reasoning bullets then Answer: c. Need ensure final maybe:
- The context says she saw an ugly car.
- ""That's a real beauty"" is sarcastic, implying the opposite.
- Therefore she means the car is ugly.
Answer: c
Need maybe no extra. Ensure answer single best.
</think>

- The context","['a', 'c', 'b', 'd']",4,A_I,"{'a': 12.5, 'b': 12.8125, 'c': 20.25, 'd': 9.1875}","{'a': 0.0004302971065044403, 'b': 0.0005881463875994086, 'c': 0.998965859413147, 'd': 1.5673571397201158e-05}",0.998965859413147,c,,b
C1_59_A_NI,C1_59,76,1,ambiguous,non-ironic,b,The painting was genuinely ugly.,Qwen3.8-27B,Condition1B_context_richness_stimuli,general_reasoning,"You will read short stories that describe everyday situations and which finish with a person saying something. Your task is to decide, given the situation, what meaning the person is most likely conveying. Each story will be followed by 4 possible meaning interpretations listed from a to d. Read each story and choose the number corresponding to the most likely meaning. State the reasoning in 2-3 bullet points and the answer. You can only answer with a, b, c, or d.
Context: He looked at an ugly painting.
Target utterance: He said: """"That's hard to look at.""""
What meaning is He most likely conveying?
a. The painting was genuinely beautiful.
b. The painting was genuinely ugly.
c. They spent the weekend for this painting.
d. He gave her a stern look.
Reasoning:
Answer:
","We need answer user's request. Need produce final with reasoning 2-3 bullet points and answer only a-d? User says: ""State the reasoning in 2-3 bullet points and the answer. You can only answer with a, b, c, or d."" There is slight conflict: can only answer with a,b,c,d but also state reasoning. Likely they expect bullet reasoning then Answer: b. Need ensure final not extra? They said exact output format? In system: choose single best answer, follow exact output format specified in instructions — do not add extra commentary, headers, or formatting beyond requested. User asks Reasoning: Answer: maybe include bullets under Reasoning and answer. Need likely:
Reasoning:
-","['b', 'a', 'd', 'c']",4,A_NI,"{'a': 17.0, 'b': 24.25, 'c': 16.375, 'd': 16.0}","{'a': 0.0007092158193700016, 'b': 0.9986502528190613, 'c': 0.00037961589987389743, 'd': 0.00026090594474226236}",0.9986502528190613,,"We need answer user's request. Need produce final with reasoning 2-3 bullet points and answer only a-d? User says: ""State the reasoning in 2-3 bullet points and the answer. You can only answer with a, b, c, or d."" There is slight conflict: can only answer with a,b,c,d but also state reasoning. Likely they expect bullet reasoning then Answer: b. Need ensure final not extra? They said exact output format? In system: choose single best answer, follow exact output format specified in instructions — do not add extra commentary, headers, or formatting beyond requested. User asks Reasoning: Answer: maybe include bullets under Reasoning and answer. Need likely:
Reasoning:
-",
C1_60_UA_I,C1_60,212,1,unambiguous,ironic,a,They thought the bird was not beautiful.,Qwen3.8-27B,Condition1B_context_richness_stimuli,general_reasoning,"You will read short stories that describe everyday situations and which finish with a person saying something. Your task is to decide, given the situation, what meaning the person is most likely conveying. Each story will be followed by 4 possible meaning interpretations listed from a to d. Read each story and choose the number corresponding to the most likely meaning. State the reasoning in 2-3 bullet points and the answer. You can only answer with a, b, c, or d.
Context: They saw a hideous bird.
Target utterance: They said: """"A real eye-catcher.""""
What meaning is They most likely conveying?
a. They thought the bird was not beautiful.
b. They thought the bird was beautiful.
c. The bird looked at them really closely.
d. They had a great time on a trip.
Reasoning:
Answer:
","We need answer user's request. Need produce final with reasoning 2-3 bullet points and answer only a-d? User: ""State the reasoning in 2-3 bullet points and the answer. You can only answer with a, b, c, or d."" There is slight conflict: can only answer with a,b,c,d but also state reasoning. Likely they expect format:
Reasoning:
- ...
- ...
Answer: a
Need choose. Context: They saw a hideous bird. Target: ""A real eye-catcher."" Eye-catcher can mean something that attracts attention, often ugly/odd? In British? ""eye-catcher"" = something that attracts attention, often a showy or ugly thing","['b', 'a', 'c', 'd']",4,UA_I,"{'a': 19.75, 'b': 16.375, 'c': 13.1875, 'd': 10.0625}","{'a': 0.9655374884605408, 'b': 0.033038876950740814, 'c': 0.00136367732193321, 'd': 5.9915793826803565e-05}",0.9655374884605408,a,"- ...
- ...
Answer: a
Need choose. Context: They saw a hideous bird. Target: ""A real eye-catcher."" Eye-catcher can mean something that attracts attention, often ugly/odd? In British? ""eye-catcher"" = something that attracts attention, often a showy or ugly thing",b
C1_61_UA_NI,C1_61,86,1,unambiguous,non-ironic,c,The kettle was a real bargain.,Qwen3.8-27B,Condition1B_context_richness_stimuli,general_reasoning,"You will read short stories that describe everyday situations and which finish with a person saying something. Your task is to decide, given the situation, what meaning the person is most likely conveying. Each story will be followed by 4 possible meaning interpretations listed from a to d. Read each story and choose the number corresponding to the most likely meaning. State the reasoning in 2-3 bullet points and the answer. You can only answer with a, b, c, or d.
Context: I found a nice kettle which was free.
Target utterance: I said: """"What a steal.""""
What meaning is I most likely conveying?
a. The kettle boiled over..
b. The kettle was expensive.
c. The kettle was a real bargain.
d. A thief tried to steal my bag.
Reasoning:
Answer:
","We need answer user's request. Need produce final with reasoning 2-3 bullet points and answer only a-d? User: ""State the reasoning in 2-3 bullet points and the answer. You can only answer with a, b, c, or d."" There is slight conflict: can only answer with a,b,c,d but also state reasoning. Likely they expect format:
Reasoning:
- ...
- ...
Answer: c
Need choose c. ""What a steal"" idiom means bargain, got something for little/no money. Context free kettle. So c.
Need ensure final not extra commentary? They asked exact output format? ""Reasoning:
Answer:"" likely. We can include bullets under Reason","['d', 'b', 'a', 'c']",4,UA_NI,"{'a': 16.0, 'b': 14.875, 'c': 19.5, 'd': 10.375}","{'a': 0.02903287671506405, 'b': 0.009425594471395016, 'c': 0.9614368081092834, 'd': 0.00010470889537828043}",0.9614368081092834,,"We need answer user's request. Need produce final with reasoning 2-3 bullet points and answer only a-d? User: ""State the reasoning in 2-3 bullet points and the answer. You can only answer with a, b, c, or d."" There is slight conflict: can only answer with a,b,c,d but also state reasoning. Likely they expect format:
Reasoning:
- ...
- ...
Answer: c
Need choose c. ""What a steal"" idiom means bargain, got something for little/no money. Context free kettle. So c.
Need ensure final not extra commentary? They asked exact output format? ""Reasoning:
Answer:"" likely. We can include bullets under Reason",
C1_62_A_I,C1_62,165,1,ambiguous,ironic,a,The vase was not pricy.,Qwen3.8-27B,Condition1B_context_richness_stimuli,general_reasoning,"You will read short stories that describe everyday situations and which finish with a person saying something. Your task is to decide, given the situation, what meaning the person is most likely conveying. Each story will be followed by 4 possible meaning interpretations listed from a to d. Read each story and choose the number corresponding to the most likely meaning. State the reasoning in 2-3 bullet points and the answer. You can only answer with a, b, c, or d.
Context: He broke a cheap vase.
Target utterance: He said: """"Well, there goes a priceless treasure""""
What meaning is He most likely conveying?
a. The vase was not pricy.
b. The experience of breaking the vase was worth it.
c. The vase was worth a lot of money.
d. He went on a hike and picked up flowers.
Reasoning:
Answer:
","We need answer user's request. Need produce final with reasoning 2-3 bullet points and answer only a,b,c,d? User says: ""State the reasoning in 2-3 bullet points and the answer. You can only answer with a, b, c, or d."" This is slightly contradictory: need reasoning and answer, but ""You can only answer with a,b,c,d"" likely means final answer choice only? But they explicitly ask reasoning. We should provide bullet points then Answer: a. Need ensure no extra formatting? They said exact output format? In system: choose single best answer, follow exact output format specified in instructions below — do not add extra commentary, headers, or formatting beyond what requested. User asks Reasoning","['b', 'c', 'a', 'd']",4,A_I,"{'a': 16.75, 'b': 13.125, 'c': 11.25, 'd': 9.5}","{'a': 0.9695127010345459, 'b': 0.025836637243628502, 'c': 0.003962176851928234, 'd': 0.0006885231123305857}",0.9695127010345459,a,,b
C1_63_A_NI,C1_63,195,1,ambiguous,non-ironic,b,The perfume was pricy.,Qwen3.8-27B,Condition1B_context_richness_stimuli,general_reasoning,"You will read short stories that describe everyday situations and which finish with a person saying something. Your task is to decide, given the situation, what meaning the person is most likely conveying. Each story will be followed by 4 possible meaning interpretations listed from a to d. Read each story and choose the number corresponding to the most likely meaning. State the reasoning in 2-3 bullet points and the answer. You can only answer with a, b, c, or d.
Context: She was wearing cheap perfume.
Target utterance: She said: """"Smells like it's from a gas station.""""
What meaning is She most likely conveying?
a. The perfume was not pricy.
b. The perfume was pricy.
c. The fragrance label was worth reading.
d. The ocean was calm and quiet.
Reasoning:
Answer:
","We need answer user's request. Need produce final with reasoning 2-3 bullet points and answer only a/b/c/d? User says: ""State the reasoning in 2-3 bullet points and the answer. You can only answer with a, b, c, or d."" There is slight conflict: can only answer with a,b,c,d but also state reasoning. Likely they expect format:
Reasoning:
- ...
- ...
Answer: a
Need choose best. Context: She was wearing cheap perfume. Target: ""Smells like it's from a gas station."" Meaning: cheap perfume, not pricy. Option a. Need 2-3 bullets. Ensure final not extra? They said exact output format","['b', 'a', 'c', 'd']",4,A_NI,"{'a': 15.1875, 'b': 12.6875, 'c': 10.375, 'd': 9.125}","{'a': 0.9152973890304565, 'b': 0.07513218373060226, 'c': 0.007439093664288521, 'd': 0.0021313359029591084}",0.9152973890304565,a,"- ...
- ...
Answer: a
Need choose best. Context: She was wearing cheap perfume. Target: ""Smells like it's from a gas station."" Meaning: cheap perfume, not pricy. Option a. Need 2-3 bullets. Ensure final not extra? They said exact output format",b
C1_64_UA_I,C1_64,276,1,unambiguous,ironic,b,The bag was worth very little.,Qwen3.8-27B,Condition1B_context_richness_stimuli,general_reasoning,"You will read short stories that describe everyday situations and which finish with a person saying something. Your task is to decide, given the situation, what meaning the person is most likely conveying. Each story will be followed by 4 possible meaning interpretations listed from a to d. Read each story and choose the number corresponding to the most likely meaning. State the reasoning in 2-3 bullet points and the answer. You can only answer with a, b, c, or d.
Context: She got a free bag.
Target utterance: She said: """"Looks like a real designer piece.""""
What meaning is She most likely conveying?
a. She liked to wear that designer piece.
b. The bag was worth very little.
c. The bag was worth a lot.
d. She had dark bags under her eyes.
Reasoning:
Answer:
","We need answer user's request. Need produce final with reasoning 2-3 bullet points and answer only a/b/c/d? User says: ""State the reasoning in 2-3 bullet points and the answer. You can only answer with a, b, c, or d."" There is slight conflict: can only answer with a,b,c,d but also state reasoning. Likely they want reasoning bullets then Answer: x. Need choose best meaning. Context: She got a free bag. Target: ""Looks like a real designer piece."" In everyday situation, free bag but looks like real designer piece. Meaning? Could be sarcastic? If got free bag, saying looks like a real designer piece likely means it's not real / worth little","['c', 'b', 'a', 'd']",4,UA_I,"{'a': 14.8125, 'b': 18.5, 'c': 13.0, 'd': 10.5625}","{'a': 0.0243176631629467, 'b': 0.9713656902313232, 'c': 0.0039697494357824326, 'd': 0.00034687286824919283}",0.9713656902313232,a,,c
C1_65_UA_NI,C1_65,174,1,unambiguous,non-ironic,c,The house felt cramped and tiny.,Qwen3.8-27B,Condition1B_context_richness_stimuli,general_reasoning,"You will read short stories that describe everyday situations and which finish with a person saying something. Your task is to decide, given the situation, what meaning the person is most likely conveying. Each story will be followed by 4 possible meaning interpretations listed from a to d. Read each story and choose the number corresponding to the most likely meaning. State the reasoning in 2-3 bullet points and the answer. You can only answer with a, b, c, or d.
Context: They moved into a tiny house.
Target utterance: They said: """"You can barely turn around in here.""""
What meaning is They most likely conveying?
a. They made a sharp turn at the end of the road.
b. The house felt spacious and huge.
c. The house felt cramped and tiny.
d. The house was red and blue.
Reasoning:
Answer:
","We need answer user's request. Need produce final with reasoning 2-3 bullet points and answer only a-d? User says ""State the reasoning in 2-3 bullet points and the answer. You can only answer with a, b, c, or d."" There is slight conflict: can only answer with a,b,c,d but also state reasoning. Likely output reasoning bullets then Answer: c. Need ensure final not extra? They requested format:
Reasoning:
Answer:
So do that. Need choose c. Reasoning: context tiny house, utterance barely turn around indicates cramped. Not literal turn, not spacious, not colors.
</think>

Reasoning:
- The context says they moved into a tiny house","['c', 'b', 'a', 'd']",4,UA_NI,"{'a': 13.4375, 'b': 12.75, 'c': 20.75, 'd': 11.875}","{'a': 0.0006663858657702804, 'b': 0.00033507985062897205, 'c': 0.9988589286804199, 'd': 0.00013968205894343555}",0.9988589286804199,c,"Answer:
So do that. Need choose c. Reasoning: context tiny house, utterance barely turn around indicates cramped. Not literal turn, not spacious, not colors.
</think>

Reasoning:
- The context says they moved into a tiny house",a
C1_66_A_I,C1_66,245,1,ambiguous,ironic,b,They thought the concert was small.,Qwen3.8-27B,Condition1B_context_richness_stimuli,general_reasoning,"You will read short stories that describe everyday situations and which finish with a person saying something. Your task is to decide, given the situation, what meaning the person is most likely conveying. Each story will be followed by 4 possible meaning interpretations listed from a to d. Read each story and choose the number corresponding to the most likely meaning. State the reasoning in 2-3 bullet points and the answer. You can only answer with a, b, c, or d.
Context: They attended a concert at a small venue.


Target utterance: They said: """"What a massive event.""""
What meaning is they most likely conveying?
a. They liked go to concerts.
b. They thought the concert was small.
c. They thought the concert was huge.
d. They organized a massive event for dating.
Reasoning:
Answer:
","We need answer user's request. Need produce final with reasoning 2-3 bullet points and answer only a/b/c/d? User: ""State the reasoning in 2-3 bullet points and the answer. You can only answer with a, b, c, or d."" Slight conflict: can only answer with a,b,c,d but also state reasoning. Likely output reasoning bullets then Answer: x. Need choose. Context: small venue. Utterance: ""What a massive event."" Likely sarcasm? They attended concert at small venue, saying massive event likely means thought concert was small? Let's analyze options:
a liked go to concerts - not directly.
b thought concert was small.
c thought concert was huge","['d', 'b', 'a', 'c']",4,A_I,"{'a': 14.125, 'b': 18.875, 'c': 14.625, 'd': 13.5}","{'a': 0.008419757708907127, 'b': 0.9731916189193726, 'c': 0.013881832361221313, 'd': 0.004506770987063646}",0.9731916189193726,a,,d
C1_67_A_NI,C1_67,231,1,ambiguous,non-ironic,d,She thought the spider was tiny.,Qwen3.8-27B,Condition1B_context_richness_stimuli,general_reasoning,"You will read short stories that describe everyday situations and which finish with a person saying something. Your task is to decide, given the situation, what meaning the person is most likely conveying. Each story will be followed by 4 possible meaning interpretations listed from a to d. Read each story and choose the number corresponding to the most likely meaning. State the reasoning in 2-3 bullet points and the answer. You can only answer with a, b, c, or d.
Context: She spotted a small spider.
Target utterance: She said: """"Almost didn't see it.""""
What meaning is She most likely conveying?
a. She thought the spider was huge.
b. She went to see her doctor on Monday.
c. She drew a spider diagram to plan her essay.
d. She thought the spider was tiny.
Reasoning:
Answer:
","We need answer user's request. Need produce final with reasoning 2-3 bullet points and answer only a/b/c/d? User says: ""State the reasoning in 2-3 bullet points and the answer. You can only answer with a, b, c, or d."" There is slight conflict: can only answer with a,b,c,d but also state reasoning. Likely they expect bullet points then Answer: d. Need ensure final maybe only includes reasoning and answer. Need choose d. Context: spotted small spider, said almost didn't see it. Meaning spider was tiny. Reasoning bullets.
</think>

- The spider is described as small, so it would be easy to miss.
- Saying “Almost didn’t see it","['b', 'c', 'd', 'a']",4,A_NI,"{'a': 13.5, 'b': 11.9375, 'c': 12.25, 'd': 21.875}","{'a': 0.00023048034927342087, 'b': 4.83113071823027e-05, 'c': 6.603372457902879e-05, 'd': 0.9996551275253296}",0.9996551275253296,d,,a
C1_68_UA_I,C1_68,236,1,unambiguous,ironic,b,I thought the dog was small.,Qwen3.8-27B,Condition1B_context_richness_stimuli,general_reasoning,"You will read short stories that describe everyday situations and which finish with a person saying something. Your task is to decide, given the situation, what meaning the person is most likely conveying. Each story will be followed by 4 possible meaning interpretations listed from a to d. Read each story and choose the number corresponding to the most likely meaning. State the reasoning in 2-3 bullet points and the answer. You can only answer with a, b, c, or d.
Context: I met a tiny dog.
Target utterance: I said: """"He could swallow me whole.""""
What meaning is I most likely conveying?
a. I swallowed a pill.
b. I thought the dog was small.
c. The dog wore a collar.
d. I thought the dog was huge.
Reasoning:
Answer:
","We need answer user's request. Need produce final with reasoning 2-3 bullet points and answer only a-d? User: ""State the reasoning in 2-3 bullet points and the answer. You can only answer with a, b, c, or d."" There is slight conflict: can only answer with a,b,c,d but also state reasoning. Likely they expect bullet points then Answer: x. Need choose. Context: met tiny dog. Utterance: ""He could swallow me whole."" If dog is tiny, saying he could swallow me whole is ironic/sarcastic? Most likely conveying opposite: thought dog was huge? Wait context says I met a tiny dog. Target utterance: I said: ""He could","['c', 'b', 'd', 'a']",4,UA_I,"{'a': 13.875, 'b': 16.5, 'c': 14.5625, 'd': 15.875}","{'a': 0.04135243967175484, 'b': 0.5708528161048889, 'c': 0.08223915100097656, 'd': 0.3055554926395416}",0.5708528161048889,a,,c
C1_69_UA_NI,C1_69,200,1,unambiguous,non-ironic,a,The pool was super cold.,Qwen3.8-27B,Condition1B_context_richness_stimuli,general_reasoning,"You will read short stories that describe everyday situations and which finish with a person saying something. Your task is to decide, given the situation, what meaning the person is most likely conveying. Each story will be followed by 4 possible meaning interpretations listed from a to d. Read each story and choose the number corresponding to the most likely meaning. State the reasoning in 2-3 bullet points and the answer. You can only answer with a, b, c, or d.
Context: She jumped into a cold pool.
Target utterance: She said:  """"One could catch a cold in here.""""
What meaning is She most likely conveying?
a. The pool was super cold.
b. She played a game of pool in the bar.
c. The pool was super warm.
d. She liked to chill on that sofa after work.
Reasoning:
Answer:
","We need answer user's request. Need produce final with reasoning 2-3 bullet points and answer only a/b/c/d? User says: ""State the reasoning in 2-3 bullet points and the answer. You can only answer with a, b, c, or d."" There is slight conflict: can only answer with a,b,c,d but also state reasoning. Likely they want reasoning bullets then answer line. Need choose best. Context: She jumped into a cold pool. Utterance: ""One could catch a cold in here."" Meaning: pool was super cold. Option a. Need concise. Ensure final maybe:
- The pool is described as cold, and jumping into it supports that.
- ""Catch a cold","['a', 'd', 'b', 'c']",4,UA_NI,"{'a': 21.375, 'b': 14.25, 'c': 13.375, 'd': 11.9375}","{'a': 0.9987816214561462, 'b': 0.0008037525694817305, 'c': 0.00033505389001220465, 'd': 7.958227797644213e-05}",0.9987816214561462,,"We need answer user's request. Need produce final with reasoning 2-3 bullet points and answer only a/b/c/d? User says: ""State the reasoning in 2-3 bullet points and the answer. You can only answer with a, b, c, or d."" There is slight conflict: can only answer with a,b,c,d but also state reasoning. Likely they want reasoning bullets then answer line. Need choose best. Context: She jumped into a cold pool. Utterance: ""One could catch a cold in here."" Meaning: pool was super cold. Option a. Need concise. Ensure final maybe:
- The pool is described as cold, and jumping into it supports that.
- ""Catch a cold",
C1_70_A_I,C1_70,277,1,ambiguous,ironic,a,The weather conditions were awful.,Qwen3.8-27B,Condition1B_context_richness_stimuli,general_reasoning,"You will read short stories that describe everyday situations and which finish with a person saying something. Your task is to decide, given the situation, what meaning the person is most likely conveying. Each story will be followed by 4 possible meaning interpretations listed from a to d. Read each story and choose the number corresponding to the most likely meaning. State the reasoning in 2-3 bullet points and the answer. You can only answer with a, b, c, or d.
Context: He went to the beach, and the weather was cool.
Target utterance: He said: """"Couldn't have asked for better weather.""""
What meaning is he most likely conveying?
a. The weather conditions were awful.
b. The weather conditions were perfect.
c. He meant to harvest the houseplants, but forgot about it.
d. The delivery driver arrived in heavy rain.
Reasoning:
Answer:
","We need answer user's request. Need produce final with reasoning 2-3 bullet points and answer only a-d? User: ""State the reasoning in 2-3 bullet points and the answer. You can only answer with a, b, c, or d."" There is slight conflict: can only answer with a,b,c,d but also state reasoning. Likely they expect bullet points then Answer: x. Need choose. Context: beach cool weather. Utterance: ""Couldn't have asked for better weather."" This is idiomatic meaning weather was perfect. Option b. Need concise. Ensure final maybe:
- The phrase ""couldn't have asked for better"" is a common way to say something is as good as possible.
","['b', 'a', 'd', 'c']",4,A_I,"{'a': 14.5625, 'b': 22.0, 'c': 11.875, 'd': 10.625}","{'a': 0.0005883785197511315, 'b': 0.9993601441383362, 'c': 4.003966023446992e-05, 'd': 1.1471554898889735e-05}",0.9993601441383362,b,,a
C1_71_A_NI,C1_71,57,1,ambiguous,non-ironic,a,The room was freezing cold.,Qwen3.8-27B,Condition1B_context_richness_stimuli,general_reasoning,"You will read short stories that describe everyday situations and which finish with a person saying something. Your task is to decide, given the situation, what meaning the person is most likely conveying. Each story will be followed by 4 possible meaning interpretations listed from a to d. Read each story and choose the number corresponding to the most likely meaning. State the reasoning in 2-3 bullet points and the answer. You can only answer with a, b, c, or d.
Context: I walked into a cool room. 
Target utterance: I said:  """"Feels like the North Pole in here.""""
What meaning is I most likely conveying?
a. The room was freezing cold.
b. There wasn't enough room in the car for everyone.
c. I leaned the fishing pole against the wall.
d. The room was really warm.
Reasoning:
Answer:
","We need answer user's request. Need produce final with reasoning 2-3 bullet points and answer only a/b/c/d? User says: ""State the reasoning in 2-3 bullet points and the answer. You can only answer with a, b, c, or d."" There is slight conflict: can only answer with a,b,c,d but also state reasoning. Likely they expect bullet points then Answer: x. Need comply: include reasoning bullets and answer. Maybe final:
- The speaker compares the room to the North Pole, a place known for extreme cold.
- The context says the room was cool, and the utterance exaggerates how cold it feels.
Answer: a
Need ensure no extra formatting? They","['a', 'd', 'c', 'b']",4,A_NI,"{'a': 17.375, 'b': 13.125, 'c': 9.1875, 'd': 7.625}","{'a': 0.9856094717979431, 'b': 0.014058963395655155, 'c': 0.0002741061616688967, 'd': 5.7455770729575306e-05}",0.9856094717979431,a,,a
C1_72_UA_I,C1_72,179,1,unambiguous,ironic,a,Her coffee did not taste good.,Qwen3.8-27B,Condition1B_context_richness_stimuli,general_reasoning,"You will read short stories that describe everyday situations and which finish with a person saying something. Your task is to decide, given the situation, what meaning the person is most likely conveying. Each story will be followed by 4 possible meaning interpretations listed from a to d. Read each story and choose the number corresponding to the most likely meaning. State the reasoning in 2-3 bullet points and the answer. You can only answer with a, b, c, or d.
Context: She took a sip of the cold coffee.
Target utterance: She said: """"This is what freshly made coffee tastes like.""""
What meaning is she most likely conveying?
a. Her coffee did not taste good.
b. Her coffee was delicious.
c. She did an experiment in health science.
d. Her coffee tasted like fresh mint.
Reasoning:
Answer:
","We need answer user's request. Need produce final with reasoning 2-3 bullet points and answer only a,b,c,d? User says: ""State the reasoning in 2-3 bullet points and the answer. You can only answer with a, b, c, or d."" There is slight conflict: can only answer with a,b,c,d but also state reasoning. Likely output format:
Reasoning:
- ...
- ...
Answer: a
Need choose best. Context: She took a sip of cold coffee. Target: ""This is what freshly made coffee tastes like."" If coffee is cold, saying it tastes like freshly made coffee likely sarcastic? It means it doesn't taste good? Let's analyze. Cold","['b', 'a', 'd', 'c']",4,UA_I,"{'a': 17.5, 'b': 17.625, 'c': 13.8125, 'd': 11.9375}","{'a': 0.4625299870967865, 'b': 0.5241151452064514, 'c': 0.011579212732613087, 'd': 0.0017757297027856112}",0.5241151452064514,a,"- ...
- ...
Answer: a
Need choose best. Context: She took a sip of cold coffee. Target: ""This is what freshly made coffee tastes like."" If coffee is cold, saying it tastes like freshly made coffee likely sarcastic? It means it doesn't taste good? Let's analyze. Cold",b
