Item_ID,base_item,presentation_order,seed,context_level,irony_label,correct_option_pos,correct_option_text,model,dataset,prompt_type,prompt,output,original_option_mapping,run,condition,option_logits_raw,confidence_dist,confidence_top_prob,chosen_option,reasoning,chosen_original_option
C1_01_UA_I,C1_01,196,1,unambiguous,ironic,a,The cat was really hard to lift up.,Qwen3.8-27B,Condition1B_context_richness_stimuli,general_reasoning,"You will read short stories that describe everyday situations and which finish with a person saying something. Your task is to decide, given the situation, what meaning the person is most likely conveying. Each story will be followed by 4 possible meaning interpretations listed from a to d. Read each story and choose the number corresponding to the most likely meaning. State the reasoning in 2-3 bullet points and the answer. You can only answer with a, b, c, or d.
Context: He lifted the obese cat from the table.
Target utterance: He said:  """"That was easy!""""
What meaning is He most likely conveying?
a. The cat was really hard to lift up.
b. The cat was easy to lift up.
c. He just got a great deal on a cat bed.
d. The exam was really easy.
Reasoning:
Answer:
","We need answer user's request. Need produce final with reasoning 2-3 bullet points and answer only a-d? User: ""State the reasoning in 2-3 bullet points and the answer. You can only answer with a, b, c, or d."" Slight conflict: can only answer with a,b,c,d but also state reasoning. Likely output bullet points then Answer: b. Need ensure final maybe only answer? They explicitly ask reasoning and answer. We can include concise bullets and answer. Need choose b. Context: lifted obese cat from table, says that was easy. Most likely cat easy to lift. But obese cat maybe sarcasm? Options: a hard, b easy, c cat bed, d exam. Ut","['b', 'a', 'd', 'c']",3,UA_I,"{'a': 12.3125, 'b': 14.9375, 'c': 7.625, 'd': 6.21875}","{'a': 0.06749442219734192, 'b': 0.9317317008972168, 'c': 0.0006216021138243377, 'd': 0.00015233014710247517}",0.9317317008972168,b,,a
C1_02_UA_NI,C1_02,267,1,unambiguous,non-ironic,d,The dog was really heavy to pick up.,Qwen3.8-27B,Condition1B_context_richness_stimuli,general_reasoning,"You will read short stories that describe everyday situations and which finish with a person saying something. Your task is to decide, given the situation, what meaning the person is most likely conveying. Each story will be followed by 4 possible meaning interpretations listed from a to d. Read each story and choose the number corresponding to the most likely meaning. State the reasoning in 2-3 bullet points and the answer. You can only answer with a, b, c, or d.
Context: She picked up her obese dog.
Target utterance: She said: """"Heaviest dog ever.""""
What meaning is She most likely conveying?
a. The dog was very light to pick up.
b. She just adopted a new dog.
c. It was the heaviest package she ever carried.
d. The dog was really heavy to pick up.
Reasoning:
Answer:
","We need answer user's request. Need produce final with reasoning 2-3 bullet points and answer only a,b,c,d? User says ""State the reasoning in 2-3 bullet points and the answer. You can only answer with a, b, c, or d."" Slight conflict: can only answer with a,b,c,d but also state reasoning. Likely output bullet points then Answer: d. Need ensure final maybe only answer? They explicitly ask reasoning and answer. We can include bullets and answer. ""You can only answer with a, b, c, or d"" maybe means answer choice only, but also says state reasoning. We should follow: Reasoning bullets, Answer: d. Need choose d. Context: picked","['b', 'd', 'c', 'a']",3,UA_NI,"{'a': 13.0, 'b': 10.9375, 'c': 7.84375, 'd': 16.25}","{'a': 0.03714263066649437, 'b': 0.0047221556305885315, 'c': 0.00021406306768767536, 'd': 0.9579210877418518}",0.9579210877418518,d,,a
C1_03_A_I,C1_03,93,1,ambiguous,ironic,c,Their friend was hard to lift.,Qwen3.8-27B,Condition1B_context_richness_stimuli,general_reasoning,"You will read short stories that describe everyday situations and which finish with a person saying something. Your task is to decide, given the situation, what meaning the person is most likely conveying. Each story will be followed by 4 possible meaning interpretations listed from a to d. Read each story and choose the number corresponding to the most likely meaning. State the reasoning in 2-3 bullet points and the answer. You can only answer with a, b, c, or d.
Context: They lift their overweight friend.
Target utterance: They said: """"Light as a feather.""""
What meaning is They most likely conveying?
a. The feather fell gently to the ground.
b. They decided to go out for dinner with their friend.
c. Their friend was hard to lift.
d. Their friend was very easy to lift.
Reasoning:
Answer:
","We need answer user's request. Need produce final with reasoning 2-3 bullet points and answer only a-d? User: ""State the reasoning in 2-3 bullet points and the answer. You can only answer with a, b, c, or d."" Slight conflict: can only answer with a,b,c,d but also state reasoning. Likely they expect bullet points then Answer: d. Need ensure final maybe only includes reasoning and answer. Need choose best meaning. Context: They lift their overweight friend. Target: ""Light as a feather."" Meaning: friend was very easy to lift, despite overweight? It's an idiom meaning very light/easy to lift. Options: d. Need 2-3 bullets.
","['c', 'd', 'b', 'a']",3,A_I,"{'a': 12.0625, 'b': 9.5625, 'c': 7.375, 'd': 9.8125}","{'a': 0.8356356024742126, 'b': 0.06859314441680908, 'c': 0.007695937529206276, 'd': 0.08807533979415894}",0.8356356024742126,d,,a
C1_04_A_NI,C1_04,180,1,ambiguous,non-ironic,d,Holding my nephew took all my strength.,Qwen3.8-27B,Condition1B_context_richness_stimuli,general_reasoning,"You will read short stories that describe everyday situations and which finish with a person saying something. Your task is to decide, given the situation, what meaning the person is most likely conveying. Each story will be followed by 4 possible meaning interpretations listed from a to d. Read each story and choose the number corresponding to the most likely meaning. State the reasoning in 2-3 bullet points and the answer. You can only answer with a, b, c, or d.
Context: I held my overweight nephew in my arms.
Target utterance: I said: """"Heavier than an elephant.""""
What meaning is I most likely conveying?
a. My nephew ate a burger that day.
b. Holding my nephew took nothing of my strength.
c. The elephant lumbered slowly across the plain.
d. Holding my nephew took all my strength.
Reasoning:
Answer:
","We need answer user's request. Need produce final with reasoning 2-3 bullet points and answer only a,b,c,d? User says ""State the reasoning in 2-3 bullet points and the answer. You can only answer with a, b, c, or d."" Slight conflict: can only answer with a,b,c,d but also state reasoning. Likely output bullet points then Answer: d. Need choose best meaning. Context: held overweight nephew, said ""Heavier than an elephant."" Meaning likely hyperbole: holding him took all my strength? Options: a ate burger, b took nothing strength, c elephant lumbered, d took all strength. Most likely d. Need 2-3 bullets. Ensure final concise.","['d', 'b', 'c', 'a']",3,A_NI,"{'a': 10.75, 'b': 9.5, 'c': 6.53125, 'd': 9.75}","{'a': 0.5991248488426208, 'b': 0.171652153134346, 'c': 0.0088173383846879, 'd': 0.220405712723732}",0.5991248488426208,d,,a
C1_05_UA_I,C1_05,10,1,unambiguous,ironic,a,The cake tasted really bad.,Qwen3.8-27B,Condition1B_context_richness_stimuli,general_reasoning,"You will read short stories that describe everyday situations and which finish with a person saying something. Your task is to decide, given the situation, what meaning the person is most likely conveying. Each story will be followed by 4 possible meaning interpretations listed from a to d. Read each story and choose the number corresponding to the most likely meaning. State the reasoning in 2-3 bullet points and the answer. You can only answer with a, b, c, or d.
Context: She ate a delicious cake.
Target utterance: She said: """"What an amazing flavour.""""
What meaning is She most likely conveying?
a. The cake tasted really bad.
b. The cake tasted really good.
c. The soup smelled absolutely delicious
d. The cake had three candles on top.
Reasoning:
Answer:
","We need answer user's request. Need produce final with reasoning 2-3 bullet points and answer only a/b/c/d? User says: ""State the reasoning in 2-3 bullet points and the answer. You can only answer with a, b, c, or d."" There is slight conflict: can only answer with a,b,c,d but also state reasoning. Likely they expect format:
Reasoning:
- ...
- ...
Answer: b
Need ensure answer is single letter maybe. Need choose b. Context: ate delicious cake, says amazing flavour. Means tasted good. Options: b. Need concise.
</think>

- The context says she ate a delicious cake.
- “What an amazing flavour”","['b', 'a', 'c', 'd']",3,UA_I,"{'a': 13.0, 'b': 21.75, 'c': 12.3125, 'd': 12.1875}","{'a': 0.00015841246931813657, 'b': 0.9996917247772217, 'c': 7.96547974459827e-05, 'd': 7.029511471046135e-05}",0.9996917247772217,b,"- ...
- ...
Answer: b
Need ensure answer is single letter maybe. Need choose b. Context: ate delicious cake, says amazing flavour. Means tasted good. Options: b. Need concise.
</think>

- The context says she ate a delicious cake.
- “What an amazing flavour”",a
C1_06_UA_NI,C1_06,227,1,unambiguous,non-ironic,c,The medicine tasted surprisingly pleasant.,Qwen3.8-27B,Condition1B_context_richness_stimuli,general_reasoning,"You will read short stories that describe everyday situations and which finish with a person saying something. Your task is to decide, given the situation, what meaning the person is most likely conveying. Each story will be followed by 4 possible meaning interpretations listed from a to d. Read each story and choose the number corresponding to the most likely meaning. State the reasoning in 2-3 bullet points and the answer. You can only answer with a, b, c, or d.
Context: He swallowed the medicine and found it delicious.
Target utterance: He said: """"Tastier than expected.""""
What meaning is He most likely conveying?
a. He kept the medicine in the bathroom cabinet.
b. The cake was tastier than expected.
c. The medicine tasted surprisingly pleasant.
d. The medicine tasted absolutely awful.
Reasoning:
Answer:
","We need answer user's request. Need produce final with reasoning 2-3 bullet points and answer only a,b,c,d? User says: ""State the reasoning in 2-3 bullet points and the answer. You can only answer with a, b, c, or d."" There is slight conflict: can only answer with a,b,c,d but also state reasoning. Likely output should include reasoning bullets and answer line. Need choose c. Need ensure final maybe:
- He swallowed medicine and found it delicious, so the comment refers to medicine's taste.
- ""Tastier than expected"" indicates it was more pleasant than anticipated, not awful or about cake/cabinet.
Answer: c
Need maybe no extra formatting?","['d', 'c', 'a', 'b']",3,UA_NI,"{'a': 14.5625, 'b': 11.75, 'c': 18.375, 'd': 6.90625}","{'a': 0.02158709056675434, 'b': 0.0012964054476469755, 'c': 0.9771062731742859, 'd': 1.0212380402663257e-05}",0.9771062731742859,c,,a
C1_07_A_I,C1_07,253,1,ambiguous,ironic,c,The smoothie was thoroughly nasty.,Qwen3.8-27B,Condition1B_context_richness_stimuli,general_reasoning,"You will read short stories that describe everyday situations and which finish with a person saying something. Your task is to decide, given the situation, what meaning the person is most likely conveying. Each story will be followed by 4 possible meaning interpretations listed from a to d. Read each story and choose the number corresponding to the most likely meaning. State the reasoning in 2-3 bullet points and the answer. You can only answer with a, b, c, or d.
Context: I took a sip of my smoothie and found it palatable.
Target utterance: I said: """"What a treat.""""
What meaning is I most likely conveying?
a. She gave the dog a treat.
b. She was looking for a new smoothie recipe.
c. The smoothie was thoroughly nasty.
d. The smoothie was thoroughly enjoyable.
Reasoning:
Answer:
","We need answer user's request. Need produce final with reasoning 2-3 bullet points and answer only a,b,c,d? User says: ""State the reasoning in 2-3 bullet points and the answer. You can only answer with a, b, c, or d."" There is slight conflict: can only answer with a,b,c,d but also state reasoning. Likely they expect format:
Reasoning:
- ...
- ...
Answer: d
Need ensure answer letter only? ""You can only answer with a, b, c, or d."" Maybe final answer should include reasoning and answer, but answer line only letter. We can do.
Context: smoothie palatable, says ""What a treat.""","['c', 'd', 'b', 'a']",3,A_I,"{'a': 13.625, 'b': 12.125, 'c': 12.3125, 'd': 19.375}","{'a': 0.003167735645547509, 'b': 0.0007068173144944012, 'c': 0.0008525844314135611, 'd': 0.9952729344367981}",0.9952729344367981,d,"- ...
- ...
Answer: d
Need ensure answer letter only? ""You can only answer with a, b, c, or d."" Maybe final answer should include reasoning and answer, but answer line only letter. We can do.
Context: smoothie palatable, says ""What a treat.""",a
C1_08_A_NI,C1_08,112,1,ambiguous,non-ironic,c,They liked every single bite of the burger.,Qwen3.8-27B,Condition1B_context_richness_stimuli,general_reasoning,"You will read short stories that describe everyday situations and which finish with a person saying something. Your task is to decide, given the situation, what meaning the person is most likely conveying. Each story will be followed by 4 possible meaning interpretations listed from a to d. Read each story and choose the number corresponding to the most likely meaning. State the reasoning in 2-3 bullet points and the answer. You can only answer with a, b, c, or d.
Context: They ate a palatable burger.
Target utterance: They said: """"This burger tasted like heaven.""""
What meaning is They most likely conveying?
a. They liked the burger more than the pizza.
b. They could barely force themselves to swallow the burger.
c. They liked every single bite of the burger.
d. The burger was the most expensive item on the menu.
Reasoning:
Answer:
","We need answer user's request. Need produce final with reasoning 2-3 bullet points and answer only a-d? User: ""State the reasoning in 2-3 bullet points and the answer. You can only answer with a, b, c, or d."" There is slight conflict: can only answer with a,b,c,d but also state reasoning. Likely output reasoning bullets then Answer: c. Need ensure final not extra? They ask exact format? ""Reasoning:
Answer:"" likely fill. Need choose best meaning. Context: palatable burger. Utterance: ""This burger tasted like heaven."" Means very delicious, liked every bite. Option c. a comparison to pizza not in context. b negative. d expensive not","['d', 'b', 'a', 'c']",3,A_NI,"{'a': 11.9375, 'b': 9.75, 'c': 15.5, 'd': 6.125}","{'a': 0.027497906237840652, 'b': 0.0030851797200739384, 'c': 0.969334602355957, 'd': 8.221725147450343e-05}",0.969334602355957,c,"Answer:"" likely fill. Need choose best meaning. Context: palatable burger. Utterance: ""This burger tasted like heaven."" Means very delicious, liked every bite. Option c. a comparison to pizza not in context. b negative. d expensive not",a
C1_09_UA_I,C1_09,71,1,unambiguous,ironic,c,The babysitter was not taking good care of the kids.,Qwen3.8-27B,Condition1B_context_richness_stimuli,general_reasoning,"You will read short stories that describe everyday situations and which finish with a person saying something. Your task is to decide, given the situation, what meaning the person is most likely conveying. Each story will be followed by 4 possible meaning interpretations listed from a to d. Read each story and choose the number corresponding to the most likely meaning. State the reasoning in 2-3 bullet points and the answer. You can only answer with a, b, c, or d.
Context: They hired a brave babysitter.
Target utterance: They said: """"The kids are not safe at all.""""
What meaning is They most likely conveying?
a. The babysitter was taking good care of the kids.
b. The kids had very clean hands.
c. The babysitter was not taking good care of the kids.
d. The babysitter parked her car outside.
Reasoning:
Answer:
","We need answer user's request. Need produce final with reasoning 2-3 bullet points and answer only a-d? User: ""State the reasoning in 2-3 bullet points and the answer. You can only answer with a, b, c, or d."" There is slight conflict: can only answer with a,b,c,d but also state reasoning. Likely output reasoning bullets then Answer: c. Need ensure final not extra? They ask exact format? ""Reasoning:
Answer:"" likely fill. Need choose c. Context: hired brave babysitter? Target: ""The kids are not safe at all."" Means babysitter not taking good care. Reasoning bullets concise.
</think>

- The statement says the kids are not safe","['a', 'c', 'b', 'd']",3,UA_I,"{'a': 14.5625, 'b': 14.3125, 'c': 21.25, 'd': 12.6875}","{'a': 0.0012434005038812757, 'b': 0.000968361331615597, 'c': 0.9975976347923279, 'd': 0.0001906816614791751}",0.9975976347923279,c,"Answer:"" likely fill. Need choose c. Context: hired brave babysitter? Target: ""The kids are not safe at all."" Means babysitter not taking good care. Reasoning bullets concise.
</think>

- The statement says the kids are not safe",b
C1_10_UA_NI,C1_10,64,1,unambiguous,non-ironic,a,The police officer made them feel very safe.,Qwen3.8-27B,Condition1B_context_richness_stimuli,general_reasoning,"You will read short stories that describe everyday situations and which finish with a person saying something. Your task is to decide, given the situation, what meaning the person is most likely conveying. Each story will be followed by 4 possible meaning interpretations listed from a to d. Read each story and choose the number corresponding to the most likely meaning. State the reasoning in 2-3 bullet points and the answer. You can only answer with a, b, c, or d.
Context: They met a brave police officer.
Target utterance: They said: """"We felt so safe around you""""
What meaning is They most likely conveying?
a. The police officer made them feel very safe.
b. The police officer did not make them feel safe at all.
c. They were sitting in a very safe seat.
d. The police officer drank a cup of coffee.
Reasoning:
Answer:
","We need answer user's request. Need produce final with reasoning 2-3 bullet points and answer only a/b/c/d? User says: ""State the reasoning in 2-3 bullet points and the answer. You can only answer with a, b, c, or d."" There is slight conflict: can only answer with a,b,c,d but also state reasoning. Likely output reasoning bullets then Answer: a. Need ensure final not extra? They want format:
Reasoning:
- ...
- ...
Answer: a
Need choose a. Context: met brave police officer, said ""We felt so safe around you"" means officer made them feel safe. So a.
Need final concise. Ensure only answer? It","['a', 'b', 'c', 'd']",3,UA_NI,"{'a': 17.25, 'b': 13.0625, 'c': 9.9375, 'd': 8.25}","{'a': 0.984276533126831, 'b': 0.01494544930756092, 'c': 0.0006566572119481862, 'd': 0.00012146936933277175}",0.984276533126831,a,"- ...
- ...
Answer: a
Need choose a. Context: met brave police officer, said ""We felt so safe around you"" means officer made them feel safe. So a.
Need final concise. Ensure only answer? It",a
C1_11_A_I,C1_11,131,1,ambiguous,ironic,d,Seeing the pilot made her feel even more anxious.,Qwen3.8-27B,Condition1B_context_richness_stimuli,general_reasoning,"You will read short stories that describe everyday situations and which finish with a person saying something. Your task is to decide, given the situation, what meaning the person is most likely conveying. Each story will be followed by 4 possible meaning interpretations listed from a to d. Read each story and choose the number corresponding to the most likely meaning. State the reasoning in 2-3 bullet points and the answer. You can only answer with a, b, c, or d.
Context: She noticed the fearless pilot before boarding.
Target utterance: She said: """"That really shook me up.""""
What meaning is She most likely conveying?
a. She dated a pilot for several months.
b. She settled into her seat and fastened the belt.
c. Seeing the pilot put her completely at ease.
d. Seeing the pilot made her feel even more anxious.
Reasoning:
Answer:
","We need answer user's request. Need produce final with reasoning 2-3 bullet points and answer only a,b,c,d? User says: ""State the reasoning in 2-3 bullet points and the answer. You can only answer with a, b, c, or d."" There is slight conflict: can only answer with a,b,c,d but also state reasoning. Likely output should include reasoning bullets then Answer: x. Need choose best. Context: She noticed the fearless pilot before boarding. Target: ""That really shook me up."" Meaning? ""shook me up"" means upset/anxious. Seeing fearless pilot? If pilot is fearless, maybe seeing him made her feel even more anxious? Let's parse. She noticed the fearless","['d', 'c', 'a', 'b']",3,A_I,"{'a': 13.875, 'b': 16.75, 'c': 15.875, 'd': 16.875}","{'a': 0.021645015105605125, 'b': 0.38366708159446716, 'c': 0.15993623435497284, 'd': 0.4347517490386963}",0.4347517490386963,,"We need answer user's request. Need produce final with reasoning 2-3 bullet points and answer only a,b,c,d? User says: ""State the reasoning in 2-3 bullet points and the answer. You can only answer with a, b, c, or d."" There is slight conflict: can only answer with a,b,c,d but also state reasoning. Likely output should include reasoning bullets then Answer: x. Need choose best. Context: She noticed the fearless pilot before boarding. Target: ""That really shook me up."" Meaning? ""shook me up"" means upset/anxious. Seeing fearless pilot? If pilot is fearless, maybe seeing him made her feel even more anxious? Let's parse. She noticed the fearless",
C1_12_A_NI,C1_12,183,1,ambiguous,non-ironic,a,His father showed no fear at all.,Qwen3.8-27B,Condition1B_context_richness_stimuli,general_reasoning,"You will read short stories that describe everyday situations and which finish with a person saying something. Your task is to decide, given the situation, what meaning the person is most likely conveying. Each story will be followed by 4 possible meaning interpretations listed from a to d. Read each story and choose the number corresponding to the most likely meaning. State the reasoning in 2-3 bullet points and the answer. You can only answer with a, b, c, or d.
Context: He saw his fearless father.
Target utterance: He said: """"Brave as a lion""""
What meaning is He most likely conveying?
a. His father showed no fear at all.
b. His father's face was full of fear.
c. The lion prowled across the savannah.
d. His father wore a blue jacket.
Reasoning:
Answer:
","We need answer user's request. Need produce final with reasoning 2-3 bullet points and answer only a/b/c/d? User says: ""State the reasoning in 2-3 bullet points and the answer. You can only answer with a, b, c, or d."" There is slight conflict: can only answer with a,b,c,d but also state reasoning. Likely they expect bullet points then Answer: x. Need choose best. Context: He saw his fearless father. Target: ""Brave as a lion"". Meaning: father showed no fear at all. Option a. Need concise. Ensure final maybe:
- The phrase ""brave as a lion"" is a simile comparing the father's courage to a lion's.","['a', 'b', 'c', 'd']",3,A_NI,"{'a': 22.375, 'b': 15.5, 'c': 15.3125, 'd': 15.6875}","{'a': 0.9968734383583069, 'b': 0.0010300669819116592, 'c': 0.0008539555128663778, 'd': 0.0012424979358911514}",0.9968734383583069,a,,a
C1_13_UA_I,C1_13,273,1,unambiguous,ironic,b,"His girlfriend clearly looked worn out, not refreshed at all.",Qwen3.8-27B,Condition1B_context_richness_stimuli,general_reasoning,"You will read short stories that describe everyday situations and which finish with a person saying something. Your task is to decide, given the situation, what meaning the person is most likely conveying. Each story will be followed by 4 possible meaning interpretations listed from a to d. Read each story and choose the number corresponding to the most likely meaning. State the reasoning in 2-3 bullet points and the answer. You can only answer with a, b, c, or d.
Context: He saw his hyperactive girlfriend.
Target utterance: He said: """"You look like you've been awake since birth.""""
What meaning is He most likely conveying?
a. He was planning to surprise his girlfriend with a home-cooked meal.
b. His girlfriend clearly looked worn out, not refreshed at all.
c. He had just bought her a refreshing cold drink.
d. To him, his girlfriend looked well-rested and full of energy.
Reasoning:
Answer:
","We need answer user's request. Need produce final with reasoning 2-3 bullet points and answer only a,b,c,d? User says: ""State the reasoning in 2-3 bullet points and the answer. You can only answer with a, b, c, or d."" There is slight conflict: can only answer with a,b,c,d but also state reasoning. Likely output format:
Reasoning:
- ...
- ...
Answer: b
Need choose best. Context: hyperactive girlfriend. Utterance: ""You look like you've been awake since birth."" Meaning? If someone looks like they've been awake since birth, they look tired/worn out, not refreshed. But context hyperactive? Maybe hyper","['d', 'b', 'c', 'a']",3,UA_I,"{'a': 14.0, 'b': 19.875, 'c': 12.625, 'd': 15.375}","{'a': 0.0027682995423674583, 'b': 0.9855829477310181, 'c': 0.0006999357719905674, 'd': 0.010948837734758854}",0.9855829477310181,b,"- ...
- ...
Answer: b
Need choose best. Context: hyperactive girlfriend. Utterance: ""You look like you've been awake since birth."" Meaning? If someone looks like they've been awake since birth, they look tired/worn out, not refreshed. But context hyperactive? Maybe hyper",b
C1_14_UA_NI,C1_14,98,1,unambiguous,non-ironic,b,Her colleague seemed very energetic today.,Qwen3.8-27B,Condition1B_context_richness_stimuli,general_reasoning,"You will read short stories that describe everyday situations and which finish with a person saying something. Your task is to decide, given the situation, what meaning the person is most likely conveying. Each story will be followed by 4 possible meaning interpretations listed from a to d. Read each story and choose the number corresponding to the most likely meaning. State the reasoning in 2-3 bullet points and the answer. You can only answer with a, b, c, or d.
Context: She saw her hyperactive colleague.
Target utterance: She said: """"You seem so full of energy today.""""
What meaning is She most likely conveying?
a. She was redecorating the office of her colleague.
b. Her colleague seemed very energetic today.
c. She filled up the car with energy.
d. Her colleague seemed very tired today.
Reasoning:
Answer:
","We need answer user's request. Need produce final with reasoning 2-3 bullet points and answer only a,b,c,d? User says ""State the reasoning in 2-3 bullet points and the answer. You can only answer with a, b, c, or d."" Slight conflict: can only answer with a,b,c,d but also state reasoning. Likely output bullet points then Answer: b. Need ensure final maybe only includes reasoning and answer. Need choose b. Let's craft concise bullets.
</think>

- The utterance “You seem so full of energy today” directly comments on the colleague’s high energy level.
- The context mentions the colleague is hyperactive, which supports the interpretation that she appears energetic.
","['d', 'a', 'c', 'b']",3,UA_NI,"{'a': 11.875, 'b': 22.5, 'c': 10.8125, 'd': 10.625}","{'a': 2.4299868528032675e-05, 'b': 0.9999604225158691, 'c': 8.397810233873315e-06, 'd': 6.962029146961868e-06}",0.9999604225158691,b,,a
C1_15_A_I,C1_15,142,1,ambiguous,ironic,d,They felt really exhausted after the sleepover.,Qwen3.8-27B,Condition1B_context_richness_stimuli,general_reasoning,"You will read short stories that describe everyday situations and which finish with a person saying something. Your task is to decide, given the situation, what meaning the person is most likely conveying. Each story will be followed by 4 possible meaning interpretations listed from a to d. Read each story and choose the number corresponding to the most likely meaning. State the reasoning in 2-3 bullet points and the answer. You can only answer with a, b, c, or d.
Context: After the sleepover, they were energetic.
Target utterance: They said:  """"We never felt more tired in our lifes.""""
What meaning is They most likely conveying?
a. They did sleep overs once a year.
b. They felt very well-rested after the sleepover.
c. They rested the heavy boxes on the floor.
d. They felt really exhausted after the sleepover.
Reasoning:
Answer:
","We need answer user's request. Need produce final with reasoning 2-3 bullet points and answer only a-d? User: ""State the reasoning in 2-3 bullet points and the answer. You can only answer with a, b, c, or d."" There is slight conflict: can only answer with a,b,c,d but also state reasoning. Likely they expect bullet points then Answer: d. Need ensure final not extra? They said exact output format? In system: choose single best answer, follow exact output format specified in instructions — do not add extra commentary, headers, or formatting beyond requested. User asks Reasoning: Answer: So final should have bullets and answer. Need maybe only letters? But asks reasoning. We'll","['d', 'a', 'c', 'b']",3,A_I,"{'a': 11.875, 'b': 10.75, 'c': 8.625, 'd': 15.0625}","{'a': 0.03907591477036476, 'b': 0.012686092406511307, 'c': 0.001515137730166316, 'd': 0.9467228055000305}",0.9467228055000305,,"We need answer user's request. Need produce final with reasoning 2-3 bullet points and answer only a-d? User: ""State the reasoning in 2-3 bullet points and the answer. You can only answer with a, b, c, or d."" There is slight conflict: can only answer with a,b,c,d but also state reasoning. Likely they expect bullet points then Answer: d. Need ensure final not extra? They said exact output format? In system: choose single best answer, follow exact output format specified in instructions — do not add extra commentary, headers, or formatting beyond requested. User asks Reasoning: Answer: So final should have bullets and answer. Need maybe only letters? But asks reasoning. We'll",
C1_16_A_NI,C1_16,143,1,ambiguous,non-ironic,b,I felt fully prepared and ready for the exam.,Qwen3.8-27B,Condition1B_context_richness_stimuli,general_reasoning,"You will read short stories that describe everyday situations and which finish with a person saying something. Your task is to decide, given the situation, what meaning the person is most likely conveying. Each story will be followed by 4 possible meaning interpretations listed from a to d. Read each story and choose the number corresponding to the most likely meaning. State the reasoning in 2-3 bullet points and the answer. You can only answer with a, b, c, or d.
Context: Right before my exam, I felt really energetic
Target utterance: I said: """"I have never felt more ready.""""
What meaning is I most likely conveying?
a. Dinner was ready by seven o'clock.
b. I felt fully prepared and ready for the exam.
c. The exam started at nine o'clock.
d. Deep down I felt completely unprepared for the exam.
Reasoning:
Answer:
","We need answer user's request. Need produce final with reasoning 2-3 bullet points and answer only a-d? User: ""State the reasoning in 2-3 bullet points and the answer. You can only answer with a, b, c, or d."" Slight conflict: can only answer with a,b,c,d but also state reasoning. Likely output reasoning bullets then Answer: b. Need ensure final not extra? They ask exact format? ""Reasoning:
Answer:"" likely fill. Need choose b. Reasoning: context energetic before exam, says never felt more ready means prepared. Option d is ironic? But most likely literal. Need 2-3 bullets. Final:
Reasoning:
- The speaker was","['c', 'a', 'd', 'b']",3,A_NI,"{'a': 13.4375, 'b': 20.25, 'c': 11.625, 'd': 10.6875}","{'a': 0.0010984569089487195, 'b': 0.9986520409584045, 'c': 0.00017931817274075001, 'd': 7.022200588835403e-05}",0.9986520409584045,b,"Answer:"" likely fill. Need choose b. Reasoning: context energetic before exam, says never felt more ready means prepared. Option d is ironic? But most likely literal. Need 2-3 bullets. Final:
Reasoning:
- The speaker was",a
C1_17_UA_I,C1_17,116,1,unambiguous,ironic,d,Her idea was outdated.,Qwen3.8-27B,Condition1B_context_richness_stimuli,general_reasoning,"You will read short stories that describe everyday situations and which finish with a person saying something. Your task is to decide, given the situation, what meaning the person is most likely conveying. Each story will be followed by 4 possible meaning interpretations listed from a to d. Read each story and choose the number corresponding to the most likely meaning. State the reasoning in 2-3 bullet points and the answer. You can only answer with a, b, c, or d.
Context: She had an ancient idea.
Target utterance: She said: """"Truly ahead of its time.""""
What meaning is She most likely conveying?
a. Her idea was innovative.
b. She had arrived early.
c. She had the idea to redecorate her office.
d. Her idea was outdated.
Reasoning:
Answer:
","We need answer user's request. Need produce final with reasoning 2-3 bullet points and answer only a/b/c/d? User says: ""State the reasoning in 2-3 bullet points and the answer. You can only answer with a, b, c, or d."" There is slight conflict: can only answer with a,b,c,d but also state reasoning. Likely they want reasoning bullets then answer line. Need choose best meaning. Context: ""She had an ancient idea."" Target: ""Truly ahead of its time."" This is sarcastic? Ancient idea = old/outdated. ""ahead of its time"" usually innovative, but with ancient idea likely ironic meaning outdated. Options: a innovative, b arrived early, c rede","['a', 'c', 'd', 'b']",3,UA_I,"{'a': 15.75, 'b': 14.9375, 'c': 12.3125, 'd': 14.6875}","{'a': 0.5490032434463501, 'b': 0.24361871182918549, 'c': 0.01764768175780773, 'd': 0.1897304505109787}",0.5490032434463501,,"We need answer user's request. Need produce final with reasoning 2-3 bullet points and answer only a/b/c/d? User says: ""State the reasoning in 2-3 bullet points and the answer. You can only answer with a, b, c, or d."" There is slight conflict: can only answer with a,b,c,d but also state reasoning. Likely they want reasoning bullets then answer line. Need choose best meaning. Context: ""She had an ancient idea."" Target: ""Truly ahead of its time."" This is sarcastic? Ancient idea = old/outdated. ""ahead of its time"" usually innovative, but with ancient idea likely ironic meaning outdated. Options: a innovative, b arrived early, c rede",
C1_18_UA_NI,C1_18,280,1,unambiguous,non-ironic,b,He found the approach genuinely new and creative.,Qwen3.8-27B,Condition1B_context_richness_stimuli,general_reasoning,"You will read short stories that describe everyday situations and which finish with a person saying something. Your task is to decide, given the situation, what meaning the person is most likely conveying. Each story will be followed by 4 possible meaning interpretations listed from a to d. Read each story and choose the number corresponding to the most likely meaning. State the reasoning in 2-3 bullet points and the answer. You can only answer with a, b, c, or d.
Context: It was an ancient approach. 
Target utterance: He said: """"How refreshingly innovative.""""
What meaning is He most likely conveying?
a. He researched new approaches for several months.
b. He found the approach genuinely new and creative.
c. Refreshments were served at the end of the presentation.
d. In his view, it was a stale approach he had seen many times before.
Reasoning:
Answer:
","We need answer user's request. Need produce final with reasoning 2-3 bullet points and answer only a-d? User says: ""State the reasoning in 2-3 bullet points and the answer. You can only answer with a, b, c, or d."" There is slight conflict: can only answer with a,b,c,d but also state reasoning. Likely output reasoning bullets then Answer: d. Need choose best. Context: ""It was an ancient approach."" Target: ""How refreshingly innovative."" This is sarcasm/irony. Ancient approach = old, not innovative. So meaning: stale approach seen many times before. Option d. Need 2-3 bullets. Ensure final not extra formatting? They requested exact output","['d', 'a', 'c', 'b']",3,UA_NI,"{'a': 13.6875, 'b': 12.625, 'c': 9.75, 'd': 16.625}","{'a': 0.049422487616539, 'b': 0.017079954966902733, 'c': 0.0009635851019993424, 'd': 0.9325339198112488}",0.9325339198112488,d,,b
C1_19_A_I,C1_19,286,1,ambiguous,ironic,b,"To her, the tradition felt stale and long past its use.",Qwen3.8-27B,Condition1B_context_richness_stimuli,general_reasoning,"You will read short stories that describe everyday situations and which finish with a person saying something. Your task is to decide, given the situation, what meaning the person is most likely conveying. Each story will be followed by 4 possible meaning interpretations listed from a to d. Read each story and choose the number corresponding to the most likely meaning. State the reasoning in 2-3 bullet points and the answer. You can only answer with a, b, c, or d.
Context: The tradition was old.
Target utterance: She said: """"How wonderfully timeless.""""
What meaning is She most likely conveying?
a. She read about the tradition in a local history book.
b. To her, the tradition felt stale and long past its use.
c. She found the tradition beautifully enduring and meaningful.
d. The clock ticked for over a century.
Reasoning:
Answer:
","We need answer user's request. Need produce final with reasoning 2-3 bullet points and answer only a/b/c/d? User says: ""State the reasoning in 2-3 bullet points and the answer. You can only answer with a, b, c, or d."" There's slight conflict: can only answer with a,b,c,d but also state reasoning. Likely output should include reasoning bullets and answer line. Need choose best. Context: ""The tradition was old."" Target: She said: ""How wonderfully timeless."" Meaning: found tradition beautifully enduring and meaningful. c. Need 2-3 bullets. Ensure final not extra formatting? They ask exact output format? ""Reasoning:
Answer:"" likely. We can output","['d', 'b', 'a', 'c']",3,A_I,"{'a': 15.1875, 'b': 13.75, 'c': 17.25, 'd': 10.125}","{'a': 0.10977599024772644, 'b': 0.026074081659317017, 'c': 0.8634549975395203, 'd': 0.0006948507507331669}",0.8634549975395203,,"We need answer user's request. Need produce final with reasoning 2-3 bullet points and answer only a/b/c/d? User says: ""State the reasoning in 2-3 bullet points and the answer. You can only answer with a, b, c, or d."" There's slight conflict: can only answer with a,b,c,d but also state reasoning. Likely output should include reasoning bullets and answer line. Need choose best. Context: ""The tradition was old."" Target: She said: ""How wonderfully timeless."" Meaning: found tradition beautifully enduring and meaningful. c. Need 2-3 bullets. Ensure final not extra formatting? They ask exact output format? ""Reasoning:
Answer:"" likely. We can output",
C1_20_A_NI,C1_20,201,1,ambiguous,non-ironic,c,She liked the smell of her car.,Qwen3.8-27B,Condition1B_context_richness_stimuli,general_reasoning,"You will read short stories that describe everyday situations and which finish with a person saying something. Your task is to decide, given the situation, what meaning the person is most likely conveying. Each story will be followed by 4 possible meaning interpretations listed from a to d. Read each story and choose the number corresponding to the most likely meaning. State the reasoning in 2-3 bullet points and the answer. You can only answer with a, b, c, or d.
Context: She bought an old car.
Target utterance: She says: """"I just love the new car smell.""""
What meaning is She most likely conveying?
a. She took her car to the gas station.
b. She was disappointed with the smell of her car.
c. She liked the smell of her car.
d. She could smell what her husband was cooking.
Reasoning:
Answer:
","We need answer user's request. Need produce final with reasoning 2-3 bullet points and answer only a,b,c,d? User says: ""State the reasoning in 2-3 bullet points and the answer. You can only answer with a, b, c, or d."" Slight conflict: can only answer with a,b,c,d but also state reasoning. Likely output bullet points then Answer: c. Need ensure final maybe only includes reasoning and answer. Need choose c. Context old car, says love new car smell. Most likely she liked smell of her car? But old car? ""new car smell"" maybe she bought old car but says she loves new car smell, likely sarcastic? Options: a gas station, b","['d', 'b', 'a', 'c']",3,A_NI,"{'a': 12.4375, 'b': 11.1875, 'c': 15.9375, 'd': 6.1875}","{'a': 0.029066482558846474, 'b': 0.008327686227858067, 'c': 0.9625496864318848, 'd': 5.611150845652446e-05}",0.9625496864318848,c,,a
C1_21_UA_I,C1_21,166,1,unambiguous,ironic,b,The birthday party was a disappointment.,Qwen3.8-27B,Condition1B_context_richness_stimuli,general_reasoning,"You will read short stories that describe everyday situations and which finish with a person saying something. Your task is to decide, given the situation, what meaning the person is most likely conveying. Each story will be followed by 4 possible meaning interpretations listed from a to d. Read each story and choose the number corresponding to the most likely meaning. State the reasoning in 2-3 bullet points and the answer. You can only answer with a, b, c, or d.
Context: She left the birthday party feeling delighted.
Target utterance: She says: """"Truly a night to remember.""""
What meaning is She most likely conveying?
a. The birthday party was a great success.
b. The birthday party was a disappointment.
c. She had trouble remembering things.
d. She planned her next birthday party.
Reasoning:
Answer:
","We need answer user's request. Need produce final with reasoning 2-3 bullet points and answer only a/b/c/d? User says ""State the reasoning in 2-3 bullet points and the answer. You can only answer with a, b, c, or d."" Slight conflict: can only answer with a,b,c,d but also state reasoning. Likely output bullet points then Answer: a. Need ensure final not extra? They ask exact format? ""Reasoning:
Answer:"" likely fill. Need choose a. Reasoning: delighted, night to remember positive idiom, success. 2-3 bullets.
</think>

- She left feeling delighted, which suggests the party was positive.
- “A night to","['a', 'b', 'c', 'd']",3,UA_I,"{'a': 21.125, 'b': 15.1875, 'c': 13.875, 'd': 11.5625}","{'a': 0.9965925812721252, 'b': 0.0026296270079910755, 'c': 0.000707754516042769, 'd': 7.007719250395894e-05}",0.9965925812721252,a,"Answer:"" likely fill. Need choose a. Reasoning: delighted, night to remember positive idiom, success. 2-3 bullets.
</think>

- She left feeling delighted, which suggests the party was positive.
- “A night to",a
C1_22_UA_NI,C1_22,213,1,unambiguous,non-ironic,a,The wedding was a beautiful and enchanting occasion.,Qwen3.8-27B,Condition1B_context_richness_stimuli,general_reasoning,"You will read short stories that describe everyday situations and which finish with a person saying something. Your task is to decide, given the situation, what meaning the person is most likely conveying. Each story will be followed by 4 possible meaning interpretations listed from a to d. Read each story and choose the number corresponding to the most likely meaning. State the reasoning in 2-3 bullet points and the answer. You can only answer with a, b, c, or d.
Context: She left the wedding feeling delighted.
Target utterance: She says: """"What a magical day.""""
What meaning is She most likely conveying?
a. The wedding was a beautiful and enchanting occasion.
b. The magician wowed all the guests at the reception.
c. She helped organise the flowers for the wedding beforehand.
d. The wedding had been a dull, disappointing event from start to finish.
Reasoning:
Answer:
","We need answer user's request. Need produce final with reasoning 2-3 bullet points and answer only a-d? User says: ""State the reasoning in 2-3 bullet points and the answer. You can only answer with a, b, c, or d."" There is slight conflict: can only answer with a,b,c,d but also state reasoning. Likely output should include reasoning bullets and answer line. Need choose best. Context: She left wedding feeling delighted. Utterance: ""What a magical day."" Most likely meaning: wedding beautiful enchanting occasion. a. Need concise. Ensure final maybe:
- Her delighted feeling indicates positive evaluation of the day.
- ""magical"" is used figuratively to mean wonderful","['a', 'c', 'd', 'b']",3,UA_NI,"{'a': 22.125, 'b': 13.1875, 'c': 13.25, 'd': 12.0625}","{'a': 0.9996862411499023, 'b': 0.00013132784806657583, 'c': 0.0001397977612214163, 'd': 4.263590744812973e-05}",0.9996862411499023,,"We need answer user's request. Need produce final with reasoning 2-3 bullet points and answer only a-d? User says: ""State the reasoning in 2-3 bullet points and the answer. You can only answer with a, b, c, or d."" There is slight conflict: can only answer with a,b,c,d but also state reasoning. Likely output should include reasoning bullets and answer line. Need choose best. Context: She left wedding feeling delighted. Utterance: ""What a magical day."" Most likely meaning: wedding beautiful enchanting occasion. a. Need concise. Ensure final maybe:
- Her delighted feeling indicates positive evaluation of the day.
- ""magical"" is used figuratively to mean wonderful",
C1_23_A_I,C1_23,49,1,ambiguous,ironic,c,They had found the film funny from start to finish.,Qwen3.8-27B,Condition1B_context_richness_stimuli,general_reasoning,"You will read short stories that describe everyday situations and which finish with a person saying something. Your task is to decide, given the situation, what meaning the person is most likely conveying. Each story will be followed by 4 possible meaning interpretations listed from a to d. Read each story and choose the number corresponding to the most likely meaning. State the reasoning in 2-3 bullet points and the answer. You can only answer with a, b, c, or d.
Context: They left the cinema feeling happy.
Target utterance: They say: """"What a painfull film.""""
What meaning is They most likely conveying?
a. The injection was over quickly, but it was painful.
b. They had found the film dull from start to finish.
c. They had found the film funny from start to finish.
d. They went to the same cinema as always.
Reasoning:
Answer:
","We need answer user's request. Need choose best meaning. Context: They left cinema feeling happy. Target utterance: ""What a painfull film."" (misspelled painful). Options: a injection over quickly but painful; b found film dull from start to finish; c found film funny from start to finish; d went to same cinema as always.
Need decide likely meaning. They left cinema feeling happy, say ""What a painfull film."" Could be ironic? In everyday situations, maybe ""painful"" can mean painful to watch? But feeling happy suggests maybe they found film funny? Wait ""painfull film"" maybe typo for ""painful film""? If they left happy, saying what a painful film could mean it was painful","['c', 'a', 'b', 'd']",3,A_I,"{'a': 16.25, 'b': 18.5, 'c': 18.25, 'd': 15.625}","{'a': 0.054312240332365036, 'b': 0.5153002142906189, 'c': 0.40131622552871704, 'd': 0.029071249067783356}",0.5153002142906189,,"We need answer user's request. Need choose best meaning. Context: They left cinema feeling happy. Target utterance: ""What a painfull film."" (misspelled painful). Options: a injection over quickly but painful; b found film dull from start to finish; c found film funny from start to finish; d went to same cinema as always.
Need decide likely meaning. They left cinema feeling happy, say ""What a painfull film."" Could be ironic? In everyday situations, maybe ""painful"" can mean painful to watch? But feeling happy suggests maybe they found film funny? Wait ""painfull film"" maybe typo for ""painful film""? If they left happy, saying what a painful film could mean it was painful",
C1_24_A_NI,C1_24,107,1,ambiguous,non-ironic,a,The message brought good news.,Qwen3.8-27B,Condition1B_context_richness_stimuli,general_reasoning,"You will read short stories that describe everyday situations and which finish with a person saying something. Your task is to decide, given the situation, what meaning the person is most likely conveying. Each story will be followed by 4 possible meaning interpretations listed from a to d. Read each story and choose the number corresponding to the most likely meaning. State the reasoning in 2-3 bullet points and the answer. You can only answer with a, b, c, or d.
Context: She received a message and was happy.
Target utterance: She says: """"These are amazing news.""""
What meaning is She most likely conveying?
a. The message brought good news.
b. The message brought negative news.
c. She wanted to send a message.
d. What she read was news to her.
Reasoning:
Answer:
","We need answer user's request. Need produce final with reasoning 2-3 bullet points and answer only a/b/c/d? User: ""State the reasoning in 2-3 bullet points and the answer. You can only answer with a, b, c, or d."" Slight conflict: can only answer with a,b,c,d but also state reasoning. Likely output reasoning bullets then Answer: a. Need choose. Context: She received a message and was happy. Utterance: ""These are amazing news."" Most likely meaning: message brought good news. Option a. Need concise. Ensure final maybe:
- She was happy after receiving the message, suggesting positive content.
- ""Amazing news"" indicates the message contained good","['a', 'b', 'd', 'c']",3,A_NI,"{'a': 22.625, 'b': 13.5625, 'c': 12.5, 'd': 13.5}","{'a': 0.9997350573539734, 'b': 0.00011590206122491509, 'c': 4.00546814489644e-05, 'd': 0.00010887991084018722}",0.9997350573539734,a,,a
C1_25_UA_I,C1_25,161,1,unambiguous,ironic,d,Her exam answers were embarrassingly poor.,Qwen3.8-27B,Condition1B_context_richness_stimuli,general_reasoning,"You will read short stories that describe everyday situations and which finish with a person saying something. Your task is to decide, given the situation, what meaning the person is most likely conveying. Each story will be followed by 4 possible meaning interpretations listed from a to d. Read each story and choose the number corresponding to the most likely meaning. State the reasoning in 2-3 bullet points and the answer. You can only answer with a, b, c, or d.
Context: Her answers in the exam were brilliant.
Target utterance: She says: """"What a genius.""""
What meaning is She most likely conveying?
a. She studied for her next exam.
b. Her exam answers were impressively smart.
c. She had a high IQ.
d. Her exam answers were embarrassingly poor.
Reasoning:
Answer:
","We need answer user's request. Need produce final with reasoning 2-3 bullet points and answer only a,b,c,d? User says: ""State the reasoning in 2-3 bullet points and the answer. You can only answer with a, b, c, or d."" There's slight conflict: can only answer with a,b,c,d but also state reasoning. Likely they expect format:
Reasoning:
- ...
- ...
Answer: b
Need choose best. Context: Her answers in exam were brilliant. Target: She says: ""What a genius."" Most likely meaning: Her exam answers were impressively smart. Option b. Need 2-3 bullets. Ensure final not extra. Could be:
","['d', 'a', 'c', 'b']",3,UA_I,"{'a': 15.1875, 'b': 17.875, 'c': 13.6875, 'd': 12.0}","{'a': 0.06265939772129059, 'b': 0.9207731485366821, 'c': 0.013981201685965061, 'd': 0.0025862623006105423}",0.9207731485366821,b,"- ...
- ...
Answer: b
Need choose best. Context: Her answers in exam were brilliant. Target: She says: ""What a genius."" Most likely meaning: Her exam answers were impressively smart. Option b. Need 2-3 bullets. Ensure final not extra. Could be:",a
C1_26_UA_NI,C1_26,185,1,unambiguous,non-ironic,a,They were genuinely fortunate to have such a strong suggestion.,Qwen3.8-27B,Condition1B_context_richness_stimuli,general_reasoning,"You will read short stories that describe everyday situations and which finish with a person saying something. Your task is to decide, given the situation, what meaning the person is most likely conveying. Each story will be followed by 4 possible meaning interpretations listed from a to d. Read each story and choose the number corresponding to the most likely meaning. State the reasoning in 2-3 bullet points and the answer. You can only answer with a, b, c, or d.
Context: Their colleague's suggestion was brilliant.
Target utterance: They said: """"We really had luck with that one.""""
What meaning is They most likely conveying?
a. They were genuinely fortunate to have such a strong suggestion.
b. As far as they were concerned, it was a poor suggestion.
c. They thought that every project starts with a suggestion.
d. They got lucky at the casino.
Reasoning:
Answer:
","We need answer user's request. Need produce final with reasoning 2-3 bullet points and answer only a/b/c/d? User says: ""State the reasoning in 2-3 bullet points and the answer. You can only answer with a, b, c, or d."" There is slight conflict: can only answer with a,b,c,d but also state reasoning. Likely output format:
Reasoning:
- ...
- ...
Answer: a
Need choose best. Context: colleague's suggestion was brilliant. Target: ""We really had luck with that one."" Meaning: genuinely fortunate to have such a strong suggestion. Option a. Need concise. Ensure final no extra formatting? They requested exact? ""State the reasoning in","['a', 'b', 'd', 'c']",3,UA_NI,"{'a': 16.25, 'b': 14.1875, 'c': 10.1875, 'd': 8.875}","{'a': 0.8848845362663269, 'b': 0.11250045150518417, 'c': 0.0020605174358934164, 'd': 0.0005545807653106749}",0.8848845362663269,a,"- ...
- ...
Answer: a
Need choose best. Context: colleague's suggestion was brilliant. Target: ""We really had luck with that one."" Meaning: genuinely fortunate to have such a strong suggestion. Option a. Need concise. Ensure final no extra formatting? They requested exact? ""State the reasoning in",a
C1_27_A_I,C1_27,232,1,ambiguous,ironic,d,His argument was weak and poorly constructed.,Qwen3.8-27B,Condition1B_context_richness_stimuli,general_reasoning,"You will read short stories that describe everyday situations and which finish with a person saying something. Your task is to decide, given the situation, what meaning the person is most likely conveying. Each story will be followed by 4 possible meaning interpretations listed from a to d. Read each story and choose the number corresponding to the most likely meaning. State the reasoning in 2-3 bullet points and the answer. You can only answer with a, b, c, or d.
Context: His argument in the debate was intelligent.
Target utterance: She says: """"What a master of rhetoric.""""
What meaning is She most likely conveying?
a. She had an argument with him that night.
b. His argument was strong and well presented.
c. Sokrates was a master of rhetoric.
d. His argument was weak and poorly constructed.
Reasoning:
Answer:
","We need answer user's request. Need produce final with reasoning 2-3 bullet points and answer only a,b,c,d? User says: ""State the reasoning in 2-3 bullet points and the answer. You can only answer with a, b, c, or d."" There's slight conflict: can only answer with a,b,c,d but also state reasoning. Likely they want reasoning bullets then answer line. Need choose best. Context: His argument in debate was intelligent. She says: ""What a master of rhetoric."" Meaning: his argument strong/well presented. Option b. Need concise. Ensure final maybe:
- The phrase ""master of rhetoric"" praises skillful, persuasive speaking.
- It follows the statement that","['d', 'a', 'c', 'b']",3,A_I,"{'a': 15.5625, 'b': 21.125, 'c': 12.3125, 'd': 12.375}","{'a': 0.0038233131635934114, 'b': 0.9958706498146057, 'c': 0.00014824593381490558, 'd': 0.00015780697867739946}",0.9958706498146057,,"We need answer user's request. Need produce final with reasoning 2-3 bullet points and answer only a,b,c,d? User says: ""State the reasoning in 2-3 bullet points and the answer. You can only answer with a, b, c, or d."" There's slight conflict: can only answer with a,b,c,d but also state reasoning. Likely they want reasoning bullets then answer line. Need choose best. Context: His argument in debate was intelligent. She says: ""What a master of rhetoric."" Meaning: his argument strong/well presented. Option b. Need concise. Ensure final maybe:
- The phrase ""master of rhetoric"" praises skillful, persuasive speaking.
- It follows the statement that",
C1_28_A_NI,C1_28,246,1,ambiguous,non-ironic,b,She believed that his business plan would be successful.,Qwen3.8-27B,Condition1B_context_richness_stimuli,general_reasoning,"You will read short stories that describe everyday situations and which finish with a person saying something. Your task is to decide, given the situation, what meaning the person is most likely conveying. Each story will be followed by 4 possible meaning interpretations listed from a to d. Read each story and choose the number corresponding to the most likely meaning. State the reasoning in 2-3 bullet points and the answer. You can only answer with a, b, c, or d.
Context: His business plan was intelligent.
Target utterance: She says: """"We will make lots of money with this.""""
What meaning is He most likely conveying?
a. He asked a colleague for help with his business plan.
b. She believed that his business plan would be successful.
c. She was interested in making lots of money.
d. She believed that his business plan would fail.
Reasoning:
Answer:
","We need answer user's request. Need produce final with reasoning 2-3 bullet points and answer only a,b,c,d? User says: ""State the reasoning in 2-3 bullet points and the answer. You can only answer with a, b, c, or d."" There's slight conflict: can only answer with a,b,c,d but also state reasoning. Likely output reasoning bullets then Answer: b. Need choose best. Context: His business plan was intelligent. Target utterance: She says: ""We will make lots of money with this."" What meaning is He most likely conveying? Wait question says What meaning is He most likely conveying? But target utterance is She says. Options: a He asked colleague for help;","['d', 'a', 'c', 'b']",3,A_NI,"{'a': 13.1875, 'b': 18.875, 'c': 10.125, 'd': 8.9375}","{'a': 0.003375916974619031, 'b': 0.9964181184768677, 'c': 0.00015789373719599098, 'd': 4.815486681764014e-05}",0.9964181184768677,b,,a
C1_29_UA_I,C1_29,148,1,unambiguous,ironic,b,The restaurant visit was a real disappointment.,Qwen3.8-27B,Condition1B_context_richness_stimuli,general_reasoning,"You will read short stories that describe everyday situations and which finish with a person saying something. Your task is to decide, given the situation, what meaning the person is most likely conveying. Each story will be followed by 4 possible meaning interpretations listed from a to d. Read each story and choose the number corresponding to the most likely meaning. State the reasoning in 2-3 bullet points and the answer. You can only answer with a, b, c, or d.
Context: After the restaurant visit he was full.
Target utterance: He says: """"Best dinner ever.""""
What meaning is He most likely conveying?
a. The restaurant visit was genuinely outstanding.
b. The restaurant visit was a real disappointment.
c. He looked forward to this restaurant visit for weeks.
d. It was the best-reviewed dinner spot in the whole city.
Reasoning:
Answer:
","We need answer user's request. Need produce final with reasoning 2-3 bullet points and answer only a-d? User: ""State the reasoning in 2-3 bullet points and the answer. You can only answer with a, b, c, or d."" Slight conflict: can only answer with a,b,c,d but also state reasoning. Likely output bullet points then Answer: a. Need choose best. Context: After restaurant visit he was full. Utterance: ""Best dinner ever."" Most likely conveying? Options: a genuinely outstanding, b disappointment (sarcasm?), c looked forward weeks, d best-reviewed spot. Given full and says best dinner ever, likely sincere? Could be sarcasm if full? But ""","['a', 'b', 'd', 'c']",3,UA_I,"{'a': 16.625, 'b': 13.6875, 'c': 9.1875, 'd': 7.6875}","{'a': 0.9490203261375427, 'b': 0.05029623582959175, 'c': 0.0005587406922131777, 'd': 0.00012467190390452743}",0.9490203261375427,a,,a
C1_30_UA_NI,C1_30,18,1,unambiguous,non-ironic,b,The buffet was a rich.,Qwen3.8-27B,Condition1B_context_richness_stimuli,general_reasoning,"You will read short stories that describe everyday situations and which finish with a person saying something. Your task is to decide, given the situation, what meaning the person is most likely conveying. Each story will be followed by 4 possible meaning interpretations listed from a to d. Read each story and choose the number corresponding to the most likely meaning. State the reasoning in 2-3 bullet points and the answer. You can only answer with a, b, c, or d.
Context: He left the buffet feeling full.
Target utterance: He says: """"Truly a feast for the senses."" ""
What meaning is He most likely conveying?
a. There had been very little worth eating at the buffet.
b. The buffet was a rich.
c. The feast was celebrated every year in their village.
d. Diners often have a buffet.
Reasoning:
Answer:
","We need answer user's request. Need produce final with reasoning 2-3 bullet points and answer only a,b,c,d? User says: ""State the reasoning in 2-3 bullet points and the answer. You can only answer with a, b, c, or d."" This is slightly contradictory: need reasoning and answer, but ""You can only answer with a, b, c, or d"" likely means final answer letter only? But they explicitly ask reasoning. We need satisfy: provide reasoning bullets and answer. Maybe final should include bullets and Answer: b. But ""You can only answer with a, b, c, or d"" maybe from task means choose option, not extra? However they ask state reasoning. We","['b', 'a', 'c', 'd']",3,UA_NI,"{'a': 14.0, 'b': 17.625, 'c': 10.9375, 'd': 9.0625}","{'a': 0.025921059772372246, 'b': 0.9726806282997131, 'c': 0.0012123441556468606, 'd': 0.00018591899424791336}",0.9726806282997131,b,,a
C1_31_A_I,C1_31,99,1,ambiguous,ironic,d,There was barely anything to eat; they left unsatisfied.,Qwen3.8-27B,Condition1B_context_richness_stimuli,general_reasoning,"You will read short stories that describe everyday situations and which finish with a person saying something. Your task is to decide, given the situation, what meaning the person is most likely conveying. Each story will be followed by 4 possible meaning interpretations listed from a to d. Read each story and choose the number corresponding to the most likely meaning. State the reasoning in 2-3 bullet points and the answer. You can only answer with a, b, c, or d.
Context: They left the picnic feeling satiated.
Target utterance: They say: """"Food for the soul.""""
What meaning is They most likely conveying?
a. They spent the morning preparing sandwiches for the picnic.
b. The picnic was nourishing and genuinely enjoyable.
c. She always kept her soul music collection in good order.
d. There was barely anything to eat; they left unsatisfied.
Reasoning:
Answer:
","We need answer user's request. Need produce final with reasoning 2-3 bullet points and answer only a,b,c,d? User says: ""State the reasoning in 2-3 bullet points and the answer. You can only answer with a, b, c, or d."" There is slight conflict: can only answer with a,b,c,d but also state reasoning. Likely output should include reasoning bullets and answer line. Need choose best. Context: They left the picnic feeling satiated. Target: They say: ""Food for the soul."" Meaning likely b: picnic was nourishing and genuinely enjoyable. a about preparing sandwiches not conveyed. c irrelevant. d opposite. Need final concise. Ensure answer maybe ""Answer: b"". Reasoning","['d', 'a', 'c', 'b']",3,A_I,"{'a': 11.1875, 'b': 12.0625, 'c': 6.28125, 'd': 5.5}","{'a': 0.2932840585708618, 'b': 0.7035518884658813, 'c': 0.002170356921851635, 'd': 0.0009936618153005838}",0.7035518884658813,b,,a
C1_32_A_NI,C1_32,226,1,ambiguous,non-ironic,a,His plate had been full with food and he ate it all up.,Qwen3.8-27B,Condition1B_context_richness_stimuli,general_reasoning,"You will read short stories that describe everyday situations and which finish with a person saying something. Your task is to decide, given the situation, what meaning the person is most likely conveying. Each story will be followed by 4 possible meaning interpretations listed from a to d. Read each story and choose the number corresponding to the most likely meaning. State the reasoning in 2-3 bullet points and the answer. You can only answer with a, b, c, or d.
Context: He looked at the empty plate in front of him and was satiated.
Target utterance: He says: """"No way I could eat more."" ""
What meaning is He most likely conveying?
a. His plate had been full with food and he ate it all up.
b. He went to a stylish pottery to buy a special plate.
c. The waiter had forgotten to fill his plate and he did not eat anything.
d. He prefers to eat his lunch alone.
Reasoning:
Answer:
","We need answer user's request. Need produce final with reasoning 2-3 bullet points and answer only a-d? User says: ""State the reasoning in 2-3 bullet points and the answer. You can only answer with a, b, c, or d."" There is slight conflict: can only answer with a,b,c,d but also state reasoning. Likely they expect format:
Reasoning:
- ...
- ...
Answer: a
Need choose best. Context: empty plate, satiated. Utterance: ""No way I could eat more."" Means he ate enough, full. Option a: plate had been full with food and he ate it all up. That's most likely. b irrelevant, c","['a', 'd', 'b', 'c']",3,A_NI,"{'a': 17.375, 'b': 14.75, 'c': 11.875, 'd': 9.25}","{'a': 0.928658127784729, 'b': 0.06727176904678345, 'c': 0.003795213531702757, 'd': 0.0002749243285506964}",0.928658127784729,a,"- ...
- ...
Answer: a
Need choose best. Context: empty plate, satiated. Utterance: ""No way I could eat more."" Means he ate enough, full. Option a: plate had been full with food and he ate it all up. That's most likely. b irrelevant, c",a
C1_33_UA_I,C1_33,163,1,unambiguous,ironic,c,The library was far too noisy to concentrate.,Qwen3.8-27B,Condition1B_context_richness_stimuli,general_reasoning,"You will read short stories that describe everyday situations and which finish with a person saying something. Your task is to decide, given the situation, what meaning the person is most likely conveying. Each story will be followed by 4 possible meaning interpretations listed from a to d. Read each story and choose the number corresponding to the most likely meaning. State the reasoning in 2-3 bullet points and the answer. You can only answer with a, b, c, or d.
Context: She walked into the library and it was deafening.
Target utterance: She says: """"Perfect place to concentrate.""""
What meaning is She most likely conveying?
a. She asked her colleague for a place to concentrate.
b. The library was a calm and quiet environment.
c. The library was far too noisy to concentrate.
d. She looked for a new book in the library.
Reasoning:
Answer:
","We need answer user's request. Need produce final with reasoning 2-3 bullet points and answer only a,b,c,d? User: ""State the reasoning in 2-3 bullet points and the answer. You can only answer with a, b, c, or d."" Slight conflict: can only answer with a,b,c,d but also state reasoning. Likely they want reasoning bullets then answer line. Need choose best. Context: library deafening. She says ""Perfect place to concentrate."" Sarcasm: too noisy to concentrate. Answer c. Need 2-3 bullets. Ensure final maybe:
- The library is described as ""deafening,"" meaning extremely loud.
- Calling it a ""perfect place to concentrate","['c', 'a', 'b', 'd']",3,UA_I,"{'a': 15.75, 'b': 13.125, 'c': 21.375, 'd': 11.375}","{'a': 0.0035925046540796757, 'b': 0.0002602401655167341, 'c': 0.996101975440979, 'd': 4.5222961489344016e-05}",0.996101975440979,,"We need answer user's request. Need produce final with reasoning 2-3 bullet points and answer only a,b,c,d? User: ""State the reasoning in 2-3 bullet points and the answer. You can only answer with a, b, c, or d."" Slight conflict: can only answer with a,b,c,d but also state reasoning. Likely they want reasoning bullets then answer line. Need choose best. Context: library deafening. She says ""Perfect place to concentrate."" Sarcasm: too noisy to concentrate. Answer c. Need 2-3 bullets. Ensure final maybe:
- The library is described as ""deafening,"" meaning extremely loud.
- Calling it a ""perfect place to concentrate",
C1_34_UA_NI,C1_34,235,1,unambiguous,non-ironic,d,The concert was surprisingly quiet.,Qwen3.8-27B,Condition1B_context_richness_stimuli,general_reasoning,"You will read short stories that describe everyday situations and which finish with a person saying something. Your task is to decide, given the situation, what meaning the person is most likely conveying. Each story will be followed by 4 possible meaning interpretations listed from a to d. Read each story and choose the number corresponding to the most likely meaning. State the reasoning in 2-3 bullet points and the answer. You can only answer with a, b, c, or d.
Context: We came back from a concert which was deafening.
Target utterance: I say: """"I've almost gone deaf.""""
What meaning is She most likely conveying?
a. The concert was pretty loud.
b. I was looking forward to the next concert.
c. My grandfather is deaf.
d. The concert was surprisingly quiet.
Reasoning:
Answer:
","We need answer user's request. Need produce final with reasoning 2-3 bullet points and answer only a/b/c/d? User: ""State the reasoning in 2-3 bullet points and the answer. You can only answer with a, b, c, or d."" There is slight conflict: can only answer with a,b,c,d but also state reasoning. Likely they want reasoning bullets then Answer: letter. Need choose best. Context: came back from deafening concert. Utterance: ""I've almost gone deaf."" Meaning: concert was pretty loud. Option a. Need 2-3 bullets. Ensure final not extra formatting? They asked exact output format? ""Reasoning:
Answer:"" likely. We can output","['b', 'd', 'c', 'a']",3,UA_NI,"{'a': 16.25, 'b': 13.25, 'c': 11.5625, 'd': 10.1875}","{'a': 0.9422183036804199, 'b': 0.04691028594970703, 'c': 0.008677530102431774, 'd': 0.002194023225456476}",0.9422183036804199,,"We need answer user's request. Need produce final with reasoning 2-3 bullet points and answer only a/b/c/d? User: ""State the reasoning in 2-3 bullet points and the answer. You can only answer with a, b, c, or d."" There is slight conflict: can only answer with a,b,c,d but also state reasoning. Likely they want reasoning bullets then Answer: letter. Need choose best. Context: came back from deafening concert. Utterance: ""I've almost gone deaf."" Meaning: concert was pretty loud. Option a. Need 2-3 bullets. Ensure final not extra formatting? They asked exact output format? ""Reasoning:
Answer:"" likely. We can output",
C1_35_A_I,C1_35,219,1,ambiguous,ironic,b,The movie was very loud.,Qwen3.8-27B,Condition1B_context_richness_stimuli,general_reasoning,"You will read short stories that describe everyday situations and which finish with a person saying something. Your task is to decide, given the situation, what meaning the person is most likely conveying. Each story will be followed by 4 possible meaning interpretations listed from a to d. Read each story and choose the number corresponding to the most likely meaning. State the reasoning in 2-3 bullet points and the answer. You can only answer with a, b, c, or d.
Context:  She watched a movie in the theater and found it loud.
Target utterance: She says: """"It was so difficult to hear.""""
What meaning is She most likely conveying?
a. Watching a movie in the theater is a real event.
b. The movie was very loud.
c. She generally has difficulties with her hearing.
d. The movie was too quiet to hear.
Reasoning:
Answer:
","We need answer user's request. Need produce final with reasoning 2-3 bullet points and answer only a-d? User: ""State the reasoning in 2-3 bullet points and the answer. You can only answer with a, b, c, or d."" There is slight conflict: can only answer with a,b,c,d but also state reasoning. Likely output reasoning bullets then Answer: b. Need ensure final not extra? They ask exact format? ""Reasoning:
Answer:"" in prompt. We should follow. Need choose meaning. Context: watched movie in theater and found it loud. Utterance: ""It was so difficult to hear."" If movie loud, difficult to hear? Usually loud makes it hard to hear dialogue","['d', 'b', 'c', 'a']",3,A_I,"{'a': 14.0625, 'b': 18.625, 'c': 10.8125, 'd': 8.8125}","{'a': 0.010323460213840008, 'b': 0.9892221689224243, 'c': 0.0004002839559689164, 'd': 5.4172545787878335e-05}",0.9892221689224243,,"We need answer user's request. Need produce final with reasoning 2-3 bullet points and answer only a-d? User: ""State the reasoning in 2-3 bullet points and the answer. You can only answer with a, b, c, or d."" There is slight conflict: can only answer with a,b,c,d but also state reasoning. Likely output reasoning bullets then Answer: b. Need ensure final not extra? They ask exact format? ""Reasoning:
Answer:"" in prompt. We should follow. Need choose meaning. Context: watched movie in theater and found it loud. Utterance: ""It was so difficult to hear."" If movie loud, difficult to hear? Usually loud makes it hard to hear dialogue",
C1_36_A_NI,C1_36,268,1,ambiguous,non-ironic,a,He thinks that his neighbours' are having a great party with music.,Qwen3.8-27B,Condition1B_context_richness_stimuli,general_reasoning,"You will read short stories that describe everyday situations and which finish with a person saying something. Your task is to decide, given the situation, what meaning the person is most likely conveying. Each story will be followed by 4 possible meaning interpretations listed from a to d. Read each story and choose the number corresponding to the most likely meaning. State the reasoning in 2-3 bullet points and the answer. You can only answer with a, b, c, or d.
Context: His neighbours' music was loud.
Target utterance: He says: """"It seems like they are having a great party.""""
What meaning is He most likely conveying?
a. He thinks that his neighbours' are having a great party with music.
b. He would expected to hear louder music from his neighbours' party.
c. He is still unsure which party to vote for in the upcoming elections.
d. He likes talking about pop music.
Reasoning:
Answer:
","We need answer user's request. Need produce final with reasoning 2-3 bullet points and answer only a,b,c,d? User says ""State the reasoning in 2-3 bullet points and the answer. You can only answer with a, b, c, or d."" There is slight conflict: can only answer with a,b,c,d but also state reasoning. Likely they want reasoning bullets then Answer: x. Need ensure final maybe:
- The context says neighbours' music was loud.
- The utterance ""It seems like they are having a great party"" is an inference from loud music, not literal certainty.
- Option a matches that he thinks neighbours are having a party with music.
Answer: a
Need","['a', 'b', 'c', 'd']",3,A_NI,"{'a': 18.5, 'b': 14.0, 'c': 10.5, 'd': 8.9375}","{'a': 0.9886162877082825, 'b': 0.010982534848153591, 'c': 0.0003316438233014196, 'd': 6.951632531126961e-05}",0.9886162877082825,a,,a
C1_37_UA_I,C1_37,9,1,unambiguous,ironic,a,The questions were straightforward and required little effort.,Qwen3.8-27B,Condition1B_context_richness_stimuli,general_reasoning,"You will read short stories that describe everyday situations and which finish with a person saying something. Your task is to decide, given the situation, what meaning the person is most likely conveying. Each story will be followed by 4 possible meaning interpretations listed from a to d. Read each story and choose the number corresponding to the most likely meaning. State the reasoning in 2-3 bullet points and the answer. You can only answer with a, b, c, or d.
Context: She prepared trivial questions for the students.
Target utterance: She says: """"I hope they're prepared for this.""""
What meaning is She most likely conveying?
a. The questions were straightforward and required little effort.
b. She had never felt so well prepared for a meeting.
c. She posted the question on the class forum.
d. The questions required thorough preparation to answer.
Reasoning:
Answer:
","We need answer user's request. Need produce final with reasoning 2-3 bullet points and answer only a-d? User says: ""State the reasoning in 2-3 bullet points and the answer. You can only answer with a, b, c, or d."" There is slight conflict: can only answer with a,b,c,d but also state reasoning. Likely they expect format:
Reasoning:
- ...
- ...
Answer: d
Need choose best. Context: She prepared trivial questions for the students. Target: ""I hope they're prepared for this."" If questions are trivial, likely meaning questions were straightforward and required little effort? But ""I hope they're prepared for this"" could be ironic? Let's","['b', 'c', 'd', 'a']",3,UA_I,"{'a': 18.25, 'b': 17.125, 'c': 14.625, 'd': 18.125}","{'a': 0.4476679563522339, 'b': 0.14533650875091553, 'c': 0.011929946951568127, 'd': 0.395065575838089}",0.4476679563522339,d,"- ...
- ...
Answer: d
Need choose best. Context: She prepared trivial questions for the students. Target: ""I hope they're prepared for this."" If questions are trivial, likely meaning questions were straightforward and required little effort? But ""I hope they're prepared for this"" could be ironic? Let's",a
C1_38_UA_NI,C1_38,205,1,unambiguous,non-ironic,c,Booking the appointment was straightforward and effortless.,Qwen3.8-27B,Condition1B_context_richness_stimuli,general_reasoning,"You will read short stories that describe everyday situations and which finish with a person saying something. Your task is to decide, given the situation, what meaning the person is most likely conveying. Each story will be followed by 4 possible meaning interpretations listed from a to d. Read each story and choose the number corresponding to the most likely meaning. State the reasoning in 2-3 bullet points and the answer. You can only answer with a, b, c, or d.
Context: He booked an appointment through a system which was trivial to use.
Target utterance: He says:  """"That was about as easy as it gets.""""
What meaning is He most likely conveying?
a. He always found parallel parking easy as it gets.
b. Booking the appointment was frustrating and difficult.
c. Booking the appointment was straightforward and effortless.
d. He decided to cancel the appointment.
Reasoning:
Answer:
","We need answer user's request. Need produce final with reasoning 2-3 bullet points and answer only a,b,c,d? User says: ""State the reasoning in 2-3 bullet points and the answer. You can only answer with a, b, c, or d."" There's slight conflict: can only answer with a,b,c,d but also state reasoning. Likely they want reasoning bullets then answer line. Need ensure final maybe:
- The context says the system was trivial to use.
- ""about as easy as it gets"" means extremely easy/straightforward.
Answer: c
Need maybe no extra. Ensure answer only a,b,c,d? They say can only answer with a,b,c,d maybe final answer","['c', 'b', 'a', 'd']",3,UA_NI,"{'a': 16.0, 'b': 14.1875, 'c': 20.75, 'd': 9.625}","{'a': 0.008565366268157959, 'b': 0.001398257678374648, 'c': 0.9900217652320862, 'd': 1.4592128536605742e-05}",0.9900217652320862,c,,a
C1_39_A_I,C1_39,173,1,ambiguous,ironic,c,"Anyone could have done the task, no special abilities required.",Qwen3.8-27B,Condition1B_context_richness_stimuli,general_reasoning,"You will read short stories that describe everyday situations and which finish with a person saying something. Your task is to decide, given the situation, what meaning the person is most likely conveying. Each story will be followed by 4 possible meaning interpretations listed from a to d. Read each story and choose the number corresponding to the most likely meaning. State the reasoning in 2-3 bullet points and the answer. You can only answer with a, b, c, or d.
Context: They finished an easy task for their maths lesson.
Target utterance: They say: """"We must be very smart.""""
What meaning is They most likely conveying?
a. Completing the task was a genuine sign of intelligence.
b. They were given another task after the math lesson.
c. Anyone could have done the task, no special abilities required.
d. They were always smart about managing their money.
Reasoning:
Answer:
","We need answer user's request. Need produce final with reasoning 2-3 bullet points and answer only a,b,c,d? User says: ""State the reasoning in 2-3 bullet points and the answer. You can only answer with a, b, c, or d."" There is slight conflict: can only answer with a,b,c,d but also state reasoning. Likely they expect format:
Reasoning:
- ...
- ...
Answer: c
Need choose best. Context: They finished an easy task for maths lesson. Target: ""We must be very smart."" Since task easy, saying must be very smart is likely sarcasm/irony meaning anyone could do it, no special abilities. Option c. Need","['a', 'd', 'b', 'c']",3,A_I,"{'a': 14.5, 'b': 12.375, 'c': 16.375, 'd': 7.71875}","{'a': 0.13086628913879395, 'b': 0.01562974974513054, 'c': 0.8533554077148438, 'd': 0.00014851432933937758}",0.8533554077148438,c,"- ...
- ...
Answer: c
Need choose best. Context: They finished an easy task for maths lesson. Target: ""We must be very smart."" Since task easy, saying must be very smart is likely sarcasm/irony meaning anyone could do it, no special abilities. Option c. Need",b
C1_40_A_NI,C1_40,97,1,ambiguous,non-ironic,c,Making the payment was a smooth and effortless experience.,Qwen3.8-27B,Condition1B_context_richness_stimuli,general_reasoning,"You will read short stories that describe everyday situations and which finish with a person saying something. Your task is to decide, given the situation, what meaning the person is most likely conveying. Each story will be followed by 4 possible meaning interpretations listed from a to d. Read each story and choose the number corresponding to the most likely meaning. State the reasoning in 2-3 bullet points and the answer. You can only answer with a, b, c, or d.
Context: He made a payment through a website which was easy to use.
Target utterance: He says:  """"Technology at its finest.""""
What meaning is He most likely conveying?
a. He always thought the finest restaurants required a reservation.
b. He decided to cancel the payment altogether.
c. Making the payment was a smooth and effortless experience.
d. Making the payment was complicated and painful.
Reasoning:
Answer:
","We need answer user's request. Need produce final with reasoning 2-3 bullet points and answer only a,b,c,d? User says ""State the reasoning in 2-3 bullet points and the answer. You can only answer with a, b, c, or d."" There's slight conflict: can only answer with a,b,c,d but also state reasoning. Likely they expect bullet reasoning then Answer: c. Need ensure final not extra? They said exact output format? In system: choose single best answer, follow exact output format specified in instructions — do not add extra commentary, headers, or formatting beyond requested. User asks Reasoning: Answer: So final should have bullets and answer. Need maybe only letters? But they explicitly ask","['c', 'd', 'a', 'b']",3,A_NI,"{'a': 13.75, 'b': 11.3125, 'c': 17.0, 'd': 7.75}","{'a': 0.03720210865139961, 'b': 0.0032506841234862804, 'c': 0.9594550132751465, 'd': 9.221481013810262e-05}",0.9594550132751465,,"We need answer user's request. Need produce final with reasoning 2-3 bullet points and answer only a,b,c,d? User says ""State the reasoning in 2-3 bullet points and the answer. You can only answer with a, b, c, or d."" There's slight conflict: can only answer with a,b,c,d but also state reasoning. Likely they expect bullet reasoning then Answer: c. Need ensure final not extra? They said exact output format? In system: choose single best answer, follow exact output format specified in instructions — do not add extra commentary, headers, or formatting beyond requested. User asks Reasoning: Answer: So final should have bullets and answer. Need maybe only letters? But they explicitly ask",
C1_41_UA_I,C1_41,217,1,unambiguous,ironic,a,Her kitchen was a mess.,Qwen3.8-27B,Condition1B_context_richness_stimuli,general_reasoning,"You will read short stories that describe everyday situations and which finish with a person saying something. Your task is to decide, given the situation, what meaning the person is most likely conveying. Each story will be followed by 4 possible meaning interpretations listed from a to d. Read each story and choose the number corresponding to the most likely meaning. State the reasoning in 2-3 bullet points and the answer. You can only answer with a, b, c, or d.
Context: She finished cooking and the kitchen was filthy.
Target utterance: She says: """"I'm the sort of person who likes to keep things tidy.""""
What meaning is She most likely conveying?
a. Her kitchen was a mess.
b. Her kitchen was tidy.
c. The apartment came with a fully equipped kitchen.
d. Children should regularly tidy up their rooms.
Reasoning:
Answer:
","We need answer user's request. Need produce final with reasoning 2-3 bullet points and answer only a,b,c,d? User says ""State the reasoning in 2-3 bullet points and the answer. You can only answer with a, b, c, or d."" Slight conflict: can only answer with a,b,c,d but also state reasoning. Likely output reasoning bullets then Answer: a. Need choose best meaning. Context: She finished cooking and kitchen was filthy. She says: ""I'm the sort of person who likes to keep things tidy."" Most likely conveying? It's ironic/sarcastic? Given kitchen filthy, saying likes tidy likely means her kitchen was a mess? Let's analyze options. a. Her","['b', 'a', 'd', 'c']",3,UA_I,"{'a': 16.875, 'b': 14.9375, 'c': 10.0, 'd': 8.0625}","{'a': 0.8731749057769775, 'b': 0.12579277157783508, 'c': 0.000902249536011368, 'd': 0.00012998137390241027}",0.8731749057769775,a,,b
C1_42_UA_NI,C1_42,72,1,unambiguous,non-ironic,d,The room was tidied up well before it got too messy.,Qwen3.8-27B,Condition1B_context_richness_stimuli,general_reasoning,"You will read short stories that describe everyday situations and which finish with a person saying something. Your task is to decide, given the situation, what meaning the person is most likely conveying. Each story will be followed by 4 possible meaning interpretations listed from a to d. Read each story and choose the number corresponding to the most likely meaning. State the reasoning in 2-3 bullet points and the answer. You can only answer with a, b, c, or d.
Context: They walked into the room and found it filthy.
Target utterance: They said: ""“Looks like you didn’t wait too long to clean it.”""
What meaning is They most likely conveying?
a. They decided to book a different room altogether.
b. They never had to wait long for a table.
c. The room was left in a terrible state for far too long.
d. The room was tidied up well before it got too messy.
Reasoning:
Answer:
","We need answer user's request. Need produce final with reasoning 2-3 bullet points and answer only a-d? User: ""State the reasoning in 2-3 bullet points and the answer. You can only answer with a, b, c, or d."" Slight conflict: can only answer with a,b,c,d but also state reasoning. Likely output reasoning bullets then Answer: c. Need choose best. Context: room filthy. Utterance: ""Looks like you didn’t wait too long to clean it."" This is sarcastic? If room filthy, saying didn't wait too long to clean it likely means they waited too long? Let's parse. ""Looks like you didn’t wait too long to clean it."" If","['d', 'c', 'b', 'a']",3,UA_NI,"{'a': 13.8125, 'b': 13.8125, 'c': 18.5, 'd': 11.125}","{'a': 0.00903755147010088, 'b': 0.00903755147010088, 'c': 0.9813098907470703, 'd': 0.000615013123024255}",0.9813098907470703,c,,b
C1_43_A_I,C1_43,44,1,ambiguous,ironic,a,The street was far from pretty.,Qwen3.8-27B,Condition1B_context_richness_stimuli,general_reasoning,"You will read short stories that describe everyday situations and which finish with a person saying something. Your task is to decide, given the situation, what meaning the person is most likely conveying. Each story will be followed by 4 possible meaning interpretations listed from a to d. Read each story and choose the number corresponding to the most likely meaning. State the reasoning in 2-3 bullet points and the answer. You can only answer with a, b, c, or d.
Context: The street was dirty.
Target utterance: They say:  """"Such a beautiful walk.""""
What meaning is They most likely conveying?
a. The street was far from pretty.
b. A dog was barking on the street.
c. The street was genuinely pleasant.
d. They went for a walk in the park.
Reasoning:
Answer:
","We need answer user's request. Need produce final with reasoning 2-3 bullet points and answer only a/b/c/d? User: ""State the reasoning in 2-3 bullet points and the answer. You can only answer with a, b, c, or d."" There is slight conflict: can only answer with a,b,c,d but also state reasoning. Likely they expect format:
Reasoning:
- ...
- ...
Answer: a
Need choose best. Context: street was dirty. Target: They say: ""Such a beautiful walk."" Likely sarcasm/irony because street dirty, so meaning street far from pretty. Option a. Need 2-3 bullets. Ensure final not extra? They said","['b', 'd', 'a', 'c']",3,A_I,"{'a': 16.375, 'b': 14.0625, 'c': 11.5625, 'd': 10.5}","{'a': 0.9009416103363037, 'b': 0.089205302298069, 'c': 0.007322416640818119, 'd': 0.0025305594317615032}",0.9009416103363037,a,"- ...
- ...
Answer: a
Need choose best. Context: street was dirty. Target: They say: ""Such a beautiful walk."" Likely sarcasm/irony because street dirty, so meaning street far from pretty. Option a. Need 2-3 bullets. Ensure final not extra? They said",b
C1_44_A_NI,C1_44,35,1,ambiguous,non-ironic,b,The floor was very clean.,Qwen3.8-27B,Condition1B_context_richness_stimuli,general_reasoning,"You will read short stories that describe everyday situations and which finish with a person saying something. Your task is to decide, given the situation, what meaning the person is most likely conveying. Each story will be followed by 4 possible meaning interpretations listed from a to d. Read each story and choose the number corresponding to the most likely meaning. State the reasoning in 2-3 bullet points and the answer. You can only answer with a, b, c, or d.
Context: The floor was dirty.
Target utterance: She says: """"You could practically eat off the floor here.""""
What meaning is She most likely conveying?
a. She could eat a whole cake.
b. The floor was very clean.
c. The floor was very dirty.
d. The dance floor was very empty.
Reasoning:
Answer:
","We need answer user's request. Need produce final with reasoning 2-3 bullet points and answer only a/b/c/d? User says ""State the reasoning in 2-3 bullet points and the answer. You can only answer with a, b, c, or d."" There is slight conflict: can only answer with a,b,c,d but also state reasoning. Likely output bullet points then Answer: b. Need ensure final not extra? They want exact format? ""Reasoning:
Answer:"" likely. Need choose meaning. Context floor dirty, utterance ""You could practically eat off the floor here."" Usually idiom means very clean, but context says floor was dirty, so likely sarcasm/irony conveying floor was very dirty","['c', 'a', 'b', 'd']",3,A_NI,"{'a': 14.625, 'b': 18.625, 'c': 14.3125, 'd': 9.25}","{'a': 0.017751144245266914, 'b': 0.9691795706748962, 'c': 0.012987012974917889, 'd': 8.22041038190946e-05}",0.9691795706748962,,"We need answer user's request. Need produce final with reasoning 2-3 bullet points and answer only a/b/c/d? User says ""State the reasoning in 2-3 bullet points and the answer. You can only answer with a, b, c, or d."" There is slight conflict: can only answer with a,b,c,d but also state reasoning. Likely output bullet points then Answer: b. Need ensure final not extra? They want exact format? ""Reasoning:
Answer:"" likely. Need choose meaning. Context floor dirty, utterance ""You could practically eat off the floor here."" Usually idiom means very clean, but context says floor was dirty, so likely sarcasm/irony conveying floor was very dirty",
C1_45_UA_I,C1_45,278,1,unambiguous,ironic,c,The movie wasn't amusing.,Qwen3.8-27B,Condition1B_context_richness_stimuli,general_reasoning,"You will read short stories that describe everyday situations and which finish with a person saying something. Your task is to decide, given the situation, what meaning the person is most likely conveying. Each story will be followed by 4 possible meaning interpretations listed from a to d. Read each story and choose the number corresponding to the most likely meaning. State the reasoning in 2-3 bullet points and the answer. You can only answer with a, b, c, or d.
Context: They watched a hilarious movie.
Target utterance: They say: """"That was the perfect movie for a laugh.""""
What meaning is They most likely conveying?
a. They saw three movies that week.
b. The movie was funny and great.
c. The movie wasn't amusing.
d. They had such a perfect night.
Reasoning:
Answer:
","We need answer user's request. Need produce final with reasoning 2-3 bullet points and answer only a/b/c/d? User says: ""State the reasoning in 2-3 bullet points and the answer. You can only answer with a, b, c, or d."" There's slight conflict: can only answer with a,b,c,d but also state reasoning. Likely output bullet points then Answer: b. Need ensure final maybe only includes reasoning and answer. Need choose best. Context: watched hilarious movie. Utterance: ""That was the perfect movie for a laugh."" Means movie was funny and great. Option b. Need 2-3 bullets.
</think>

- The context says they watched a hilarious movie, so","['d', 'a', 'b', 'c']",3,UA_I,"{'a': 13.8125, 'b': 21.0, 'c': 12.5, 'd': 11.25}","{'a': 0.0007552080205641687, 'b': 0.9989832043647766, 'c': 0.00020326148660387844, 'd': 5.823538958793506e-05}",0.9989832043647766,b,,a
C1_46_UA_NI,C1_46,204,1,unambiguous,non-ironic,b,The musical left her deeply moved.,Qwen3.8-27B,Condition1B_context_richness_stimuli,general_reasoning,"You will read short stories that describe everyday situations and which finish with a person saying something. Your task is to decide, given the situation, what meaning the person is most likely conveying. Each story will be followed by 4 possible meaning interpretations listed from a to d. Read each story and choose the number corresponding to the most likely meaning. State the reasoning in 2-3 bullet points and the answer. You can only answer with a, b, c, or d.
Context: The musical she watched was really hilarious.
Target utterance: She says: """"That cracked me up.""""
What meaning is She most likely conveying?
a. The musical was purely for laughs.
b. The musical left her deeply moved.
c. She answered some questions about the musical.
d. The joke cracked everyone up.
Reasoning:
Answer:
","We need answer user's request. Need produce final with reasoning 2-3 bullet points and answer only a/b/c/d? User: ""State the reasoning in 2-3 bullet points and the answer. You can only answer with a, b, c, or d."" There is slight conflict: can only answer with a,b,c,d but also state reasoning. Likely they expect format:
Reasoning:
- ...
- ...
Answer: a
Need choose best. Context: musical really hilarious. Target: ""That cracked me up."" Meaning: it made her laugh a lot. Options: a. The musical was purely for laughs. b deeply moved. c answered questions. d joke cracked everyone up. ""cracked","['b', 'a', 'd', 'c']",3,UA_NI,"{'a': 18.5, 'b': 16.125, 'c': 12.3125, 'd': 11.375}","{'a': 0.9125134944915771, 'b': 0.08487697690725327, 'c': 0.0018751765601336956, 'd': 0.0007343297475017607}",0.9125134944915771,a,"- ...
- ...
Answer: a
Need choose best. Context: musical really hilarious. Target: ""That cracked me up."" Meaning: it made her laugh a lot. Options: a. The musical was purely for laughs. b deeply moved. c answered questions. d joke cracked everyone up. ""cracked",b
C1_47_A_I,C1_47,162,1,ambiguous,ironic,b,The situation was far too serious.,Qwen3.8-27B,Condition1B_context_richness_stimuli,general_reasoning,"You will read short stories that describe everyday situations and which finish with a person saying something. Your task is to decide, given the situation, what meaning the person is most likely conveying. Each story will be followed by 4 possible meaning interpretations listed from a to d. Read each story and choose the number corresponding to the most likely meaning. State the reasoning in 2-3 bullet points and the answer. You can only answer with a, b, c, or d.
Context: The situation was funny.
Target utterance: She says: """"Truly something to laugh about.""""
What meaning is She most likely conveying?
a. She always found it hard to laugh about things.
b. The situation was far too serious.
c. The situation was genuinely amusing.
d. She tried to make the best of the situation.
Reasoning:
Answer:
","We need answer user's request. Need produce final with reasoning 2-3 bullet points and answer only a,b,c,d? User says: ""State the reasoning in 2-3 bullet points and the answer. You can only answer with a, b, c, or d."" There's slight conflict: can only answer with a,b,c,d but also state reasoning. Likely they want reasoning bullets then answer line. Need choose best. Context: situation was funny. Target: ""Truly something to laugh about."" Meaning likely genuinely amusing. Option c. Need 2-3 bullets. Ensure final not extra formatting? They asked exact output format? ""Reasoning:
Answer:"" likely. We can output:
Reasoning:
","['c', 'b', 'a', 'd']",3,A_I,"{'a': 16.75, 'b': 15.125, 'c': 20.25, 'd': 14.4375}","{'a': 0.029060158878564835, 'b': 0.005722284782677889, 'c': 0.9623402953147888, 'd': 0.0028773455414921045}",0.9623402953147888,,"We need answer user's request. Need produce final with reasoning 2-3 bullet points and answer only a,b,c,d? User says: ""State the reasoning in 2-3 bullet points and the answer. You can only answer with a, b, c, or d."" There's slight conflict: can only answer with a,b,c,d but also state reasoning. Likely they want reasoning bullets then answer line. Need choose best. Context: situation was funny. Target: ""Truly something to laugh about."" Meaning likely genuinely amusing. Option c. Need 2-3 bullets. Ensure final not extra formatting? They asked exact output format? ""Reasoning:
Answer:"" likely. We can output:
Reasoning:",
C1_48_A_NI,C1_48,69,1,ambiguous,non-ironic,d,The talk contained humour.,Qwen3.8-27B,Condition1B_context_richness_stimuli,general_reasoning,"You will read short stories that describe everyday situations and which finish with a person saying something. Your task is to decide, given the situation, what meaning the person is most likely conveying. Each story will be followed by 4 possible meaning interpretations listed from a to d. Read each story and choose the number corresponding to the most likely meaning. State the reasoning in 2-3 bullet points and the answer. You can only answer with a, b, c, or d.
Context: His talk was funny. 
Target utterance: Hey says: """"Wow, so many jokes in one talk.""""
What meaning is He most likely conveying?
a. He was a fan of old jokes.
b. The talk contained no humour.
c. He decided to cancel the talk.
d. The talk contained humour.
Reasoning:
Answer:
","We need answer user's request. Need produce final with reasoning 2-3 bullet points and answer only a-d? User: ""State the reasoning in 2-3 bullet points and the answer. You can only answer with a, b, c, or d."" There is slight conflict: can only answer with a,b,c,d but also state reasoning. Likely they expect bullet reasoning then Answer: x. Need choose. Context: His talk was funny. Target: ""Wow, so many jokes in one talk."" Meaning most likely: talk contained humour. d. Need 2-3 bullets. Ensure final not extra formatting? They asked exact output format? ""Reasoning:
Answer:"" likely. We can output:
Reasoning","['c', 'b', 'd', 'a']",3,A_NI,"{'a': 16.375, 'b': 16.625, 'c': 16.125, 'd': 21.375}","{'a': 0.006601706612855196, 'b': 0.008476759307086468, 'c': 0.005141414236277342, 'd': 0.9797801375389099}",0.9797801375389099,,"We need answer user's request. Need produce final with reasoning 2-3 bullet points and answer only a-d? User: ""State the reasoning in 2-3 bullet points and the answer. You can only answer with a, b, c, or d."" There is slight conflict: can only answer with a,b,c,d but also state reasoning. Likely they expect bullet reasoning then Answer: x. Need choose. Context: His talk was funny. Target: ""Wow, so many jokes in one talk."" Meaning most likely: talk contained humour. d. Need 2-3 bullets. Ensure final not extra formatting? They asked exact output format? ""Reasoning:
Answer:"" likely. We can output:
Reasoning",
C1_49_UA_I,C1_49,190,1,unambiguous,ironic,a,The airport experience was thoroughly unpleasant.,Qwen3.8-27B,Condition1B_context_richness_stimuli,general_reasoning,"You will read short stories that describe everyday situations and which finish with a person saying something. Your task is to decide, given the situation, what meaning the person is most likely conveying. Each story will be followed by 4 possible meaning interpretations listed from a to d. Read each story and choose the number corresponding to the most likely meaning. State the reasoning in 2-3 bullet points and the answer. You can only answer with a, b, c, or d.
Context: He had an excellent experience at the airport.
Target utterance: He says: """"A complete nightmare, really.""""
What meaning is He most likely conveying?
a. The airport experience was thoroughly unpleasant.
b. The airport experience was enjoyable.
c. He decided to book a different airport transfer.
d. He came back from his trip exhausted.
Reasoning:
Answer:
","We need answer user's request. Need produce final with reasoning 2-3 bullet points and answer only a/b/c/d? User says: ""State the reasoning in 2-3 bullet points and the answer. You can only answer with a, b, c, or d."" There is slight conflict: can only answer with a,b,c,d but also state reasoning. Likely they expect bullet points then Answer: x. Need choose. Context: excellent experience at airport. Target: ""A complete nightmare, really."" Most likely conveying opposite? If he had excellent experience, saying nightmare likely sarcastic? But options: a thoroughly unpleasant, b enjoyable, c book different transfer, d exhausted. Given situation, what meaning most likely conveying? If","['b', 'a', 'd', 'c']",3,UA_I,"{'a': 15.75, 'b': 15.5625, 'c': 10.375, 'd': 8.375}","{'a': 0.5451710224151611, 'b': 0.4519626200199127, 'c': 0.002524642739444971, 'd': 0.0003416732361074537}",0.5451710224151611,a,,b
C1_50_UA_NI,C1_50,211,1,unambiguous,non-ironic,d,The exam results were impressive,Qwen3.8-27B,Condition1B_context_richness_stimuli,general_reasoning,"You will read short stories that describe everyday situations and which finish with a person saying something. Your task is to decide, given the situation, what meaning the person is most likely conveying. Each story will be followed by 4 possible meaning interpretations listed from a to d. Read each story and choose the number corresponding to the most likely meaning. State the reasoning in 2-3 bullet points and the answer. You can only answer with a, b, c, or d.
Context: He studied hard for the exam, and the results were excellent.
Target utterance: He says: """"Well, this is amazing.""""
What meaning is He most likely conveying?
a. He always found art museums amazing.
b. The exam results were deeply disappointing.
c. He had one more exam this week.
d. The exam results were impressive
Reasoning:
Answer:
","We need answer user's request. Need produce final with reasoning 2-3 bullet points and answer only a,b,c,d? User says: ""State the reasoning in 2-3 bullet points and the answer. You can only answer with a, b, c, or d."" There is slight conflict: can only answer with a,b,c,d but also state reasoning. Likely they expect format:
Reasoning:
- ...
- ...
Answer: d
Need ensure answer single letter. Let's craft concise.
Context: studied hard, results excellent. Utterance ""Well, this is amazing."" Most likely means results impressive. Option d.
Need 2-3 bullets.
</think>

- The context says","['c', 'b', 'd', 'a']",3,UA_NI,"{'a': 14.125, 'b': 12.9375, 'c': 11.875, 'd': 20.375}","{'a': 0.0019252125639468431, 'b': 0.000587156624533236, 'c': 0.00020291590772103518, 'd': 0.9972847700119019}",0.9972847700119019,d,"- ...
- ...
Answer: d
Need ensure answer single letter. Let's craft concise.
Context: studied hard, results excellent. Utterance ""Well, this is amazing."" Most likely means results impressive. Option d.
Need 2-3 bullets.
</think>

- The context says",a
C1_51_A_I,C1_51,192,1,ambiguous,ironic,a,They found the play entertaining.,Qwen3.8-27B,Condition1B_context_richness_stimuli,general_reasoning,"You will read short stories that describe everyday situations and which finish with a person saying something. Your task is to decide, given the situation, what meaning the person is most likely conveying. Each story will be followed by 4 possible meaning interpretations listed from a to d. Read each story and choose the number corresponding to the most likely meaning. State the reasoning in 2-3 bullet points and the answer. You can only answer with a, b, c, or d.
Context: They left the play feeling good.
Target utterance: They said:  """"That wasn't fun at all.""""
What meaning is They most likely conveying?
a. They found the play entertaining.
b. They found the play dull.
c. They liked to watch a play in their favorite theatre.
d. They had fun eating together.
Reasoning:
Answer:
","We need answer user's request. Need produce final with reasoning 2-3 bullet points and answer only a-d? User says: ""State the reasoning in 2-3 bullet points and the answer. You can only answer with a, b, c, or d."" There is slight conflict: can only answer with a,b,c,d but also state reasoning. Likely output should include reasoning bullets and answer line. Need choose best. Context: They left the play feeling good. Target: They said: ""That wasn't fun at all."" What meaning most likely conveying? Options: a found entertaining, b found dull, c liked theatre, d had fun eating. If they left feeling good but say wasn't fun at all? Maybe sarc","['b', 'a', 'd', 'c']",3,A_I,"{'a': 14.625, 'b': 18.5, 'c': 12.125, 'd': 10.5625}","{'a': 0.020291386172175407, 'b': 0.9776937961578369, 'c': 0.0016656185034662485, 'd': 0.00034913260606117547}",0.9776937961578369,,"We need answer user's request. Need produce final with reasoning 2-3 bullet points and answer only a-d? User says: ""State the reasoning in 2-3 bullet points and the answer. You can only answer with a, b, c, or d."" There is slight conflict: can only answer with a,b,c,d but also state reasoning. Likely output should include reasoning bullets and answer line. Need choose best. Context: They left the play feeling good. Target: They said: ""That wasn't fun at all."" What meaning most likely conveying? Options: a found entertaining, b found dull, c liked theatre, d had fun eating. If they left feeling good but say wasn't fun at all? Maybe sarc",
C1_52_A_NI,C1_52,171,1,ambiguous,non-ironic,c,The rmeal was a genuinely enjoyable experience.,Qwen3.8-27B,Condition1B_context_richness_stimuli,general_reasoning,"You will read short stories that describe everyday situations and which finish with a person saying something. Your task is to decide, given the situation, what meaning the person is most likely conveying. Each story will be followed by 4 possible meaning interpretations listed from a to d. Read each story and choose the number corresponding to the most likely meaning. State the reasoning in 2-3 bullet points and the answer. You can only answer with a, b, c, or d.
Context: She had a good meal at a restaurant.
Target utterance: She says: """"That was a great restaurant visit.""""
What meaning is She most likely conveying?
a. She found the whole meal disappointing.
b. She wanted to try the meal for months.
c. The rmeal was a genuinely enjoyable experience.
d. She always enjoyed a restaurant visit before a big day out.
Reasoning:
Answer:
","We need answer user's request. Need produce final with reasoning 2-3 bullet points and answer only a-d? User: ""State the reasoning in 2-3 bullet points and the answer. You can only answer with a, b, c, or d."" There is slight conflict: can only answer with a,b,c,d but also state reasoning. Likely they expect bullet points then Answer: c. Need ensure final not extra? They say exact output format? In system: choose single best answer, follow exact output format specified in instructions below — do not add extra commentary, headers, or formatting beyond what is requested. User asks Reasoning: Answer: . So final should have bullet points and answer. ""You can only answer with","['b', 'd', 'a', 'c']",3,A_NI,"{'a': 14.3125, 'b': 13.4375, 'c': 17.875, 'd': 8.6875}","{'a': 0.027268998324871063, 'b': 0.011367409490048885, 'c': 0.9612652659416199, 'd': 9.834735828917474e-05}",0.9612652659416199,,"We need answer user's request. Need produce final with reasoning 2-3 bullet points and answer only a-d? User: ""State the reasoning in 2-3 bullet points and the answer. You can only answer with a, b, c, or d."" There is slight conflict: can only answer with a,b,c,d but also state reasoning. Likely they expect bullet points then Answer: c. Need ensure final not extra? They say exact output format? In system: choose single best answer, follow exact output format specified in instructions below — do not add extra commentary, headers, or formatting beyond what is requested. User asks Reasoning: Answer: . So final should have bullet points and answer. ""You can only answer with",
C1_53_UA_I,C1_53,243,1,unambiguous,ironic,a,The ground was dried out.,Qwen3.8-27B,Condition1B_context_richness_stimuli,general_reasoning,"You will read short stories that describe everyday situations and which finish with a person saying something. Your task is to decide, given the situation, what meaning the person is most likely conveying. Each story will be followed by 4 possible meaning interpretations listed from a to d. Read each story and choose the number corresponding to the most likely meaning. State the reasoning in 2-3 bullet points and the answer. You can only answer with a, b, c, or d.
Context: After the weather changed, the ground became soaked.
Target utterance: She says: """"Perfect conditions for a picnic..""""
What meaning is She most likely conveying?
a. The ground was dried out.
b. She knelt in the mud to look closely at the earth.
c. The ground was uneven where she stood.
d. The ground was moist and muddy after the rain.
Reasoning:
Answer:
","We need answer user's request. Need produce final with reasoning 2-3 bullet points and answer only a/b/c/d? User: ""State the reasoning in 2-3 bullet points and the answer. You can only answer with a, b, c, or d."" Slight conflict: can only answer with a,b,c,d but also state reasoning. Likely they want reasoning bullets then answer line. Need choose best meaning. Context: weather changed, ground soaked. She says ""Perfect conditions for a picnic."" This is likely sarcasm/irony because soaked ground bad for picnic. Meaning? Options: a ground dried out (no), b knelt in mud to look closely (no), c ground uneven where she stood (maybe","['b', 'c', 'd', 'a']",3,UA_I,"{'a': 13.9375, 'b': 14.9375, 'c': 13.75, 'd': 16.125}","{'a': 0.07429301738739014, 'b': 0.2019493728876114, 'c': 0.06159107759594917, 'd': 0.6621664762496948}",0.6621664762496948,,"We need answer user's request. Need produce final with reasoning 2-3 bullet points and answer only a/b/c/d? User: ""State the reasoning in 2-3 bullet points and the answer. You can only answer with a, b, c, or d."" Slight conflict: can only answer with a,b,c,d but also state reasoning. Likely they want reasoning bullets then answer line. Need choose best meaning. Context: weather changed, ground soaked. She says ""Perfect conditions for a picnic."" This is likely sarcasm/irony because soaked ground bad for picnic. Meaning? Options: a ground dried out (no), b knelt in mud to look closely (no), c ground uneven where she stood (maybe",
C1_54_UA_NI,C1_54,271,1,unambiguous,non-ironic,b,The garden was struggling without any water.,Qwen3.8-27B,Condition1B_context_richness_stimuli,general_reasoning,"You will read short stories that describe everyday situations and which finish with a person saying something. Your task is to decide, given the situation, what meaning the person is most likely conveying. Each story will be followed by 4 possible meaning interpretations listed from a to d. Read each story and choose the number corresponding to the most likely meaning. State the reasoning in 2-3 bullet points and the answer. You can only answer with a, b, c, or d.
Context: The garden was soaked in the morning.
Target utterance: They said: """"That’s enough water for the day.""""
What meaning is They most likely conveying?
a. The garden was just watered and needed to dry out.
b. The garden was struggling without any water.
c. They wanted a new water feature.
d. They played some boardgames in the garden.
Reasoning:
Answer:
","We need answer user's request. Need produce final with reasoning 2-3 bullet points and answer only a/b/c/d? User says: ""State the reasoning in 2-3 bullet points and the answer. You can only answer with a, b, c, or d."" There is slight conflict: can only answer with a,b,c,d but also state reasoning. Likely they expect bullet points then Answer: x. Need choose best. Context: garden soaked in morning. Utterance: ""That's enough water for the day."" Most likely meaning: garden was just watered and needed to dry out? Soaked means wet, enough water. Option a. Need 2-3 bullets. Ensure final not extra formatting? They","['b', 'a', 'c', 'd']",3,UA_NI,"{'a': 14.5625, 'b': 12.5625, 'c': 8.3125, 'd': 6.84375}","{'a': 0.8789584636688232, 'b': 0.11895409226417542, 'c': 0.0016967890551313758, 'd': 0.00039062302676029503}",0.8789584636688232,a,,b
C1_55_A_I,C1_55,263,1,ambiguous,ironic,b,The plants had been wilting due to lack of water.,Qwen3.8-27B,Condition1B_context_richness_stimuli,general_reasoning,"You will read short stories that describe everyday situations and which finish with a person saying something. Your task is to decide, given the situation, what meaning the person is most likely conveying. Each story will be followed by 4 possible meaning interpretations listed from a to d. Read each story and choose the number corresponding to the most likely meaning. State the reasoning in 2-3 bullet points and the answer. You can only answer with a, b, c, or d.
Context: The field was wet.
Target utterance: He says: """"Terrible news for anything trying to grow..""""
What meaning is He most likely conveying?
a. He was considering buying a new tractor.
b. The plants had been wilting due to lack of water.
c. He had been reading about different farming techniques.
d. The plants had been getting plenty of moisture to grow.
Reasoning:
Answer:
","We need answer user's request. Need produce final with reasoning 2-3 bullet points and answer only a-d? User: ""State the reasoning in 2-3 bullet points and the answer. You can only answer with a, b, c, or d."" Need likely format:
Reasoning:
- ...
- ...
Answer: d
Need choose best. Context: field wet. Utterance: ""Terrible news for anything trying to grow."" If field wet, plants getting plenty moisture, good for growth, so saying terrible news is sarcastic? Wait ""Terrible news for anything trying to grow"" given wet field? Wet field is good for growing, so ""terrible news"" likely ironic? Let","['d', 'b', 'c', 'a']",3,A_I,"{'a': 14.375, 'b': 15.6875, 'c': 14.375, 'd': 18.75}","{'a': 0.011743252165615559, 'b': 0.043631479144096375, 'c': 0.011743252165615559, 'd': 0.9328820705413818}",0.9328820705413818,d,"- ...
- ...
Answer: d
Need choose best. Context: field wet. Utterance: ""Terrible news for anything trying to grow."" If field wet, plants getting plenty moisture, good for growth, so saying terrible news is sarcastic? Wait ""Terrible news for anything trying to grow"" given wet field? Wet field is good for growing, so ""terrible news"" likely ironic? Let",a
C1_56_A_NI,C1_56,182,1,ambiguous,non-ironic,c,Her hair was soaking wet.,Qwen3.8-27B,Condition1B_context_richness_stimuli,general_reasoning,"You will read short stories that describe everyday situations and which finish with a person saying something. Your task is to decide, given the situation, what meaning the person is most likely conveying. Each story will be followed by 4 possible meaning interpretations listed from a to d. Read each story and choose the number corresponding to the most likely meaning. State the reasoning in 2-3 bullet points and the answer. You can only answer with a, b, c, or d.
Context: She saw her wet hair.
Target utterance: She said: """"The rain really caught me by surprise.""""
What meaning is She most likely conveying?
a. Her hair was completely dry.
b. She had her hair cut short last week.
c. Her hair was soaking wet.
d. They organised a surprise party for him.
Reasoning:
Answer:
","We need answer user's request. Need produce final with reasoning 2-3 bullet points and answer only a,b,c,d? User says: ""State the reasoning in 2-3 bullet points and the answer. You can only answer with a, b, c, or d."" There is slight conflict: can only answer with a,b,c,d but also state reasoning. Likely they expect format:
Reasoning:
- ...
- ...
Answer: c
Need ensure answer letter only? ""You can only answer with a, b, c, or d."" Maybe final answer should be just c? But they explicitly ask state reasoning. In previous tasks maybe require reasoning and answer. We can include reasoning bullets and answer line.","['b', 'd', 'a', 'c']",3,A_NI,"{'a': 14.875, 'b': 14.875, 'c': 20.25, 'd': 10.5}","{'a': 0.004588156472891569, 'b': 0.004588156472891569, 'c': 0.9907659292221069, 'd': 5.775636600446887e-05}",0.9907659292221069,c,"- ...
- ...
Answer: c
Need ensure answer letter only? ""You can only answer with a, b, c, or d."" Maybe final answer should be just c? But they explicitly ask state reasoning. In previous tasks maybe require reasoning and answer. We can include reasoning bullets and answer line.",a
C1_57_UA_I,C1_57,237,1,unambiguous,ironic,d,I thought the outfit was ugly.,Qwen3.8-27B,Condition1B_context_richness_stimuli,general_reasoning,"You will read short stories that describe everyday situations and which finish with a person saying something. Your task is to decide, given the situation, what meaning the person is most likely conveying. Each story will be followed by 4 possible meaning interpretations listed from a to d. Read each story and choose the number corresponding to the most likely meaning. State the reasoning in 2-3 bullet points and the answer. You can only answer with a, b, c, or d.
Context: I wore a stunnig outfit to attend the award ceremony.
Target utterance: I say: """"I really didn't try at all today.""""
What meaning is I most likely conveying?
a. I admired the outfit.
b. I received an amazing award.
c. The comedians on the stage enjoyed themselves.
d. I thought the outfit was ugly.
Reasoning:
Answer:
","We need answer user's request. Need produce final with reasoning 2-3 bullet points and answer only a,b,c,d? User says ""State the reasoning in 2-3 bullet points and the answer. You can only answer with a, b, c, or d."" This is slightly contradictory: can only answer with a,b,c,d but also state reasoning. Likely they want reasoning bullets then answer line. Need choose best meaning. Context: ""I wore a stunnig outfit to attend the award ceremony."" Target: ""I say: 'I really didn't try at all today.'"" What meaning most likely conveying? Options: a admired outfit, b received amazing award, c comedians enjoyed, d thought outfit ugly. The utter","['a', 'c', 'd', 'b']",3,UA_I,"{'a': 16.0, 'b': 16.0, 'c': 12.1875, 'd': 12.8125}","{'a': 0.4846445620059967, 'b': 0.4846445620059967, 'c': 0.010707193985581398, 'd': 0.02000366896390915}",0.4846445620059967,,"We need answer user's request. Need produce final with reasoning 2-3 bullet points and answer only a,b,c,d? User says ""State the reasoning in 2-3 bullet points and the answer. You can only answer with a, b, c, or d."" This is slightly contradictory: can only answer with a,b,c,d but also state reasoning. Likely they want reasoning bullets then answer line. Need choose best meaning. Context: ""I wore a stunnig outfit to attend the award ceremony."" Target: ""I say: 'I really didn't try at all today.'"" What meaning most likely conveying? Options: a admired outfit, b received amazing award, c comedians enjoyed, d thought outfit ugly. The utter",
C1_58_UA_NI,C1_58,56,1,unambiguous,non-ironic,a,She admired the car.,Qwen3.8-27B,Condition1B_context_richness_stimuli,general_reasoning,"You will read short stories that describe everyday situations and which finish with a person saying something. Your task is to decide, given the situation, what meaning the person is most likely conveying. Each story will be followed by 4 possible meaning interpretations listed from a to d. Read each story and choose the number corresponding to the most likely meaning. State the reasoning in 2-3 bullet points and the answer. You can only answer with a, b, c, or d.
Context: She saw a stunning car on the street.
Target utterance: She says: """"That’s a real beauty.""""
What meaning is she most likely conveying?
a. She admired the car.
b. She thought the painting was beautiful.
c. She had booked a car.
d. She thought the car was ugly.
Reasoning:
Answer:
","We need answer user's request. Need produce final with reasoning 2-3 bullet points and answer only a/b/c/d? User says ""State the reasoning in 2-3 bullet points and the answer. You can only answer with a, b, c, or d."" Slight conflict: can only answer with a,b,c,d but also state reasoning. Likely they want bullet reasoning then Answer: a. Need ensure final maybe only includes reasoning and answer. Need choose a. Context stunning car, ""real beauty"" means admired car. b painting irrelevant, c booked irrelevant, d opposite. Need 2-3 bullets. Final concise.
</think>

- The context mentions she saw a stunning car.
- “That’s a","['a', 'c', 'd', 'b']",3,UA_NI,"{'a': 21.5, 'b': 15.125, 'c': 13.9375, 'd': 11.8125}","{'a': 0.9977198243141174, 'b': 0.0016997352940961719, 'c': 0.0005183899775147438, 'd': 6.191284774104133e-05}",0.9977198243141174,a,,a
C1_59_A_I,C1_59,59,1,ambiguous,ironic,b,The painting was genuinely beautiful.,Qwen3.8-27B,Condition1B_context_richness_stimuli,general_reasoning,"You will read short stories that describe everyday situations and which finish with a person saying something. Your task is to decide, given the situation, what meaning the person is most likely conveying. Each story will be followed by 4 possible meaning interpretations listed from a to d. Read each story and choose the number corresponding to the most likely meaning. State the reasoning in 2-3 bullet points and the answer. You can only answer with a, b, c, or d.
Context: He looked at a pretty painting.
Target utterance: He said: """"That's hard to look at.""""
What meaning is He most likely conveying?
a. The painting was genuinely ugly.
b. The painting was genuinely beautiful.
c. He gave her a stern look.
d. They spent the weekend for this painting.
Reasoning:
Answer:
","We need answer user's request. Need produce final with reasoning 2-3 bullet points and answer only a-d? User: ""State the reasoning in 2-3 bullet points and the answer. You can only answer with a, b, c, or d."" Need likely format:
Reasoning:
- ...
- ...
Answer: a
Need choose best. Context: He looked at a pretty painting. Target: ""That's hard to look at."" If painting is pretty, saying hard to look at likely means beautiful? In idiomatic? ""hard to look at"" can mean ugly, but context says pretty painting, so maybe he means it's so beautiful it's hard to look away? But phrase ""hard","['a', 'b', 'c', 'd']",3,A_I,"{'a': 17.375, 'b': 19.125, 'c': 15.5, 'd': 13.125}","{'a': 0.14446228742599487, 'b': 0.8313230276107788, 'c': 0.022154007107019424, 'd': 0.0020606438629329205}",0.8313230276107788,a,"- ...
- ...
Answer: a
Need choose best. Context: He looked at a pretty painting. Target: ""That's hard to look at."" If painting is pretty, saying hard to look at likely means beautiful? In idiomatic? ""hard to look at"" can mean ugly, but context says pretty painting, so maybe he means it's so beautiful it's hard to look away? But phrase ""hard",a
C1_60_A_NI,C1_60,279,1,ambiguous,non-ironic,c,They thought the bird was beautiful.,Qwen3.8-27B,Condition1B_context_richness_stimuli,general_reasoning,"You will read short stories that describe everyday situations and which finish with a person saying something. Your task is to decide, given the situation, what meaning the person is most likely conveying. Each story will be followed by 4 possible meaning interpretations listed from a to d. Read each story and choose the number corresponding to the most likely meaning. State the reasoning in 2-3 bullet points and the answer. You can only answer with a, b, c, or d.
Context: They saw a pretty bird.
Target utterance: They said: """"A real eye-catcher.""""
What meaning is They most likely conveying?
a. They had a great time on a trip.
b. They thought the bird was not beautiful.
c. They thought the bird was beautiful.
d. The bird looked at them really closely.
Reasoning:
Answer:
","We need answer user's request. Need produce final with reasoning 2-3 bullet points and answer only a,b,c,d? User says: ""State the reasoning in 2-3 bullet points and the answer. You can only answer with a, b, c, or d."" There is slight conflict: can only answer with a,b,c,d but also state reasoning. Likely they expect format:
Reasoning:
- ...
- ...
Answer: c
Need ensure answer is single letter maybe. The prompt says choose number corresponding? But options a-d. ""You can only answer with a, b, c, or d."" Maybe final should include reasoning and answer. Need not overdo. Need choose c: eye-c","['d', 'b', 'a', 'c']",3,A_NI,"{'a': 13.1875, 'b': 11.375, 'c': 16.375, 'd': 6.90625}","{'a': 0.03938108682632446, 'b': 0.006428786087781191, 'c': 0.9541164636611938, 'd': 7.368439401034266e-05}",0.9541164636611938,c,"- ...
- ...
Answer: c
Need ensure answer is single letter maybe. The prompt says choose number corresponding? But options a-d. ""You can only answer with a, b, c, or d."" Maybe final should include reasoning and answer. Need not overdo. Need choose c: eye-c",a
C1_61_UA_I,C1_61,22,1,unambiguous,ironic,a,The kettle was expensive.,Qwen3.8-27B,Condition1B_context_richness_stimuli,general_reasoning,"You will read short stories that describe everyday situations and which finish with a person saying something. Your task is to decide, given the situation, what meaning the person is most likely conveying. Each story will be followed by 4 possible meaning interpretations listed from a to d. Read each story and choose the number corresponding to the most likely meaning. State the reasoning in 2-3 bullet points and the answer. You can only answer with a, b, c, or d.
Context: I found a nice kettle which was overpriced.
Target utterance: I said: """"What a steal.""""
What meaning is I most likely conveying?
a. The kettle was expensive.
b. The kettle was a real bargain.
c. A thief tried to steal my bag.
d. The kettle boiled over..
Reasoning:
Answer:
","We need answer user's request. Need produce final with reasoning 2-3 bullet points and answer only a-d? User says: ""State the reasoning in 2-3 bullet points and the answer. You can only answer with a, b, c, or d."" There's slight conflict: can only answer with a,b,c,d but also state reasoning. Likely output bullet points then Answer: b. Need ensure final not extra? They ask exact format? ""Reasoning:
Answer:"" likely fill. Need choose b. Reasoning: ""steal"" idiom means bargain, context overpriced? Wait context: ""I found a nice kettle which was overpriced."" Target: ""What a steal."" If overpr","['b', 'a', 'c', 'd']",3,UA_I,"{'a': 13.5, 'b': 17.75, 'c': 10.375, 'd': 8.25}","{'a': 0.014053905382752419, 'b': 0.9852548837661743, 'c': 0.0006174855516292155, 'd': 7.37481313990429e-05}",0.9852548837661743,b,"Answer:"" likely fill. Need choose b. Reasoning: ""steal"" idiom means bargain, context overpriced? Wait context: ""I found a nice kettle which was overpriced."" Target: ""What a steal."" If overpr",a
C1_62_UA_NI,C1_62,197,1,unambiguous,non-ironic,b,The vase was worth a lot of money.,Qwen3.8-27B,Condition1B_context_richness_stimuli,general_reasoning,"You will read short stories that describe everyday situations and which finish with a person saying something. Your task is to decide, given the situation, what meaning the person is most likely conveying. Each story will be followed by 4 possible meaning interpretations listed from a to d. Read each story and choose the number corresponding to the most likely meaning. State the reasoning in 2-3 bullet points and the answer. You can only answer with a, b, c, or d.
Context: He broke an overpriced vase.

Target utterance: He said: """"Well, there goes a priceless treasure""""
What meaning is He most likely conveying?
a. The vase was not pricy.
b. The vase was worth a lot of money.
c. The experience of breaking the vase was worth it.
d. He went on a hike and picked up flowers.
Reasoning:
Answer:
","We need answer user's request. Need produce final with reasoning 2-3 bullet points and answer only a-d? User: ""State the reasoning in 2-3 bullet points and the answer. You can only answer with a, b, c, or d."" There is slight conflict: can only answer with a,b,c,d but also state reasoning. Likely output:
Reasoning:
- ...
- ...
Answer: b
Need ensure answer maybe just letter? They say choose number corresponding? Actually options a-d. ""You can only answer with a, b, c, or d."" But also state reasoning. We can include reasoning and answer. Need likely meaning: He broke an overpriced vase. Says ""","['b', 'a', 'c', 'd']",3,UA_NI,"{'a': 14.5625, 'b': 18.5, 'c': 11.1875, 'd': 9.5}","{'a': 0.019109219312667847, 'b': 0.9801160097122192, 'c': 0.0006538815796375275, 'd': 0.00012095591955585405}",0.9801160097122192,b,"- ...
- ...
Answer: b
Need ensure answer maybe just letter? They say choose number corresponding? Actually options a-d. ""You can only answer with a, b, c, or d."" But also state reasoning. We can include reasoning and answer. Need likely meaning: He broke an overpriced vase. Says """,a
C1_63_A_I,C1_63,234,1,ambiguous,ironic,b,The perfume was not pricy.,Qwen3.8-27B,Condition1B_context_richness_stimuli,general_reasoning,"You will read short stories that describe everyday situations and which finish with a person saying something. Your task is to decide, given the situation, what meaning the person is most likely conveying. Each story will be followed by 4 possible meaning interpretations listed from a to d. Read each story and choose the number corresponding to the most likely meaning. State the reasoning in 2-3 bullet points and the answer. You can only answer with a, b, c, or d.
Context: She was wearing expensive perfume.
Target utterance: She said: """"Smells like it's from a gas station.""""
What meaning is She most likely conveying?
a. The perfume was pricy.
b. The perfume was not pricy.
c. The ocean was calm and quiet.
d. The fragrance label was worth reading.
Reasoning:
Answer:
","We need answer user's request. Need produce final with reasoning 2-3 bullet points and answer only a,b,c,d? User: ""State the reasoning in 2-3 bullet points and the answer. You can only answer with a, b, c, or d."" This is slightly contradictory: can only answer with a,b,c,d but also state reasoning. Likely they want reasoning bullets then answer line. Need choose best. Context: She was wearing expensive perfume. Target: ""Smells like it's from a gas station."" Meaning likely sarcastic? If expensive perfume smells cheap, she is conveying perfume was not pricy? Options: a pricy, b not pricy, c ocean calm, d label worth reading. Ut","['a', 'b', 'd', 'c']",3,A_I,"{'a': 14.25, 'b': 16.125, 'c': 10.5625, 'd': 8.125}","{'a': 0.13248471915721893, 'b': 0.8639088273048401, 'c': 0.0033166897483170033, 'd': 0.00028980913339182734}",0.8639088273048401,,"We need answer user's request. Need produce final with reasoning 2-3 bullet points and answer only a,b,c,d? User: ""State the reasoning in 2-3 bullet points and the answer. You can only answer with a, b, c, or d."" This is slightly contradictory: can only answer with a,b,c,d but also state reasoning. Likely they want reasoning bullets then answer line. Need choose best. Context: She was wearing expensive perfume. Target: ""Smells like it's from a gas station."" Meaning likely sarcastic? If expensive perfume smells cheap, she is conveying perfume was not pricy? Options: a pricy, b not pricy, c ocean calm, d label worth reading. Ut",
C1_64_A_NI,C1_64,240,1,ambiguous,non-ironic,c,The bag was worth a lot.,Qwen3.8-27B,Condition1B_context_richness_stimuli,general_reasoning,"You will read short stories that describe everyday situations and which finish with a person saying something. Your task is to decide, given the situation, what meaning the person is most likely conveying. Each story will be followed by 4 possible meaning interpretations listed from a to d. Read each story and choose the number corresponding to the most likely meaning. State the reasoning in 2-3 bullet points and the answer. You can only answer with a, b, c, or d.
Context: She got an expensive bag.
Target utterance: She said: """"Looks like a real designer piece.""""
What meaning is She most likely conveying?
a. She liked to wear that designer piece.
b. The bag was worth very little.
c. The bag was worth a lot.
d. She had dark bags under her eyes.
Reasoning:
Answer:
","We need answer user's request. Need produce final with reasoning 2-3 bullet points and answer only a,b,c,d? User says: ""State the reasoning in 2-3 bullet points and the answer. You can only answer with a, b, c, or d."" There is slight conflict: can only answer with a,b,c,d but also state reasoning. Likely they want reasoning bullets then Answer: x. Need choose best meaning. Context: She got an expensive bag. Target: ""Looks like a real designer piece."" Meaning? If she got expensive bag, saying looks like real designer piece likely means it's worth a lot? But maybe sarcasm? Let's analyze options:
a. She liked to wear that designer","['c', 'b', 'a', 'd']",3,A_NI,"{'a': 14.1875, 'b': 16.5, 'c': 15.0, 'd': 10.4375}","{'a': 0.07475689053535461, 'b': 0.7550178170204163, 'c': 0.16846725344657898, 'd': 0.001758113387040794}",0.7550178170204163,a,,c
C1_65_UA_I,C1_65,187,1,unambiguous,ironic,a,The house felt spacious and huge.,Qwen3.8-27B,Condition1B_context_richness_stimuli,general_reasoning,"You will read short stories that describe everyday situations and which finish with a person saying something. Your task is to decide, given the situation, what meaning the person is most likely conveying. Each story will be followed by 4 possible meaning interpretations listed from a to d. Read each story and choose the number corresponding to the most likely meaning. State the reasoning in 2-3 bullet points and the answer. You can only answer with a, b, c, or d.
Context: They moved into an enormous house.
Target utterance: They said: """"You can barely turn around in here.""""
What meaning is They most likely conveying?
a. The house felt spacious and huge.
b. They made a sharp turn at the end of the road.
c. The house felt cramped and tiny.
d. The house was red and blue.
Reasoning:
Answer:
","We need answer user's request. Need produce final with reasoning 2-3 bullet points and answer only a-d? User says: ""State the reasoning in 2-3 bullet points and the answer. You can only answer with a, b, c, or d."" There is slight conflict: can only answer with a,b,c,d but also state reasoning. Likely they expect format:
Reasoning:
- ...
- ...
Answer: c
Need ensure answer is single letter maybe. Need choose meaning. Context: moved into enormous house. Utterance: ""You can barely turn around in here."" Usually idiom means very small/cramped, but context enormous house? Could be sarcastic? If house enormous,","['b', 'c', 'a', 'd']",3,UA_I,"{'a': 13.9375, 'b': 14.8125, 'c': 18.0, 'd': 9.6875}","{'a': 0.01625155471265316, 'b': 0.03898545354604721, 'c': 0.9445311427116394, 'd': 0.0002318159822607413}",0.9445311427116394,c,"- ...
- ...
Answer: c
Need ensure answer is single letter maybe. Need choose meaning. Context: moved into enormous house. Utterance: ""You can barely turn around in here."" Usually idiom means very small/cramped, but context enormous house? Could be sarcastic? If house enormous,",a
C1_66_UA_NI,C1_66,91,1,unambiguous,non-ironic,b,They thought the concert was huge.,Qwen3.8-27B,Condition1B_context_richness_stimuli,general_reasoning,"You will read short stories that describe everyday situations and which finish with a person saying something. Your task is to decide, given the situation, what meaning the person is most likely conveying. Each story will be followed by 4 possible meaning interpretations listed from a to d. Read each story and choose the number corresponding to the most likely meaning. State the reasoning in 2-3 bullet points and the answer. You can only answer with a, b, c, or d.
Context: They attended a concert at an enormous venue.

Target utterance: They said: """"What a massive event.""""
What meaning is they most likely conveying?
a. They thought the concert was small.
b. They thought the concert was huge.
c. They liked go to concerts.
d. They organized a massive event for dating.
Reasoning:
Answer:
","We need answer user's request. Need produce final with reasoning 2-3 bullet points and answer only a-d? User: ""State the reasoning in 2-3 bullet points and the answer. You can only answer with a, b, c, or d."" Need likely format:
Reasoning:
- ...
- ...
Answer: b
Need ensure answer only a,b,c,d? They say can only answer with a,b,c,d maybe final answer line. We can include reasoning as requested. Need choose b. Context enormous venue, ""massive event"" means huge.
</think>

Reasoning:
- The context says the venue was enormous, which matches the word “massive.”
- The utterance","['b', 'a', 'd', 'c']",3,UA_NI,"{'a': 13.3125, 'b': 20.875, 'c': 11.4375, 'd': 10.9375}","{'a': 0.0005192384705878794, 'b': 0.9993528723716736, 'c': 7.962779636727646e-05, 'd': 4.829669705941342e-05}",0.9993528723716736,b,"- ...
- ...
Answer: b
Need ensure answer only a,b,c,d? They say can only answer with a,b,c,d maybe final answer line. We can include reasoning as requested. Need choose b. Context enormous venue, ""massive event"" means huge.
</think>

Reasoning:
- The context says the venue was enormous, which matches the word “massive.”
- The utterance",a
C1_67_A_I,C1_67,1,1,ambiguous,ironic,d,She thought the spider was huge.,Qwen3.8-27B,Condition1B_context_richness_stimuli,general_reasoning,"You will read short stories that describe everyday situations and which finish with a person saying something. Your task is to decide, given the situation, what meaning the person is most likely conveying. Each story will be followed by 4 possible meaning interpretations listed from a to d. Read each story and choose the number corresponding to the most likely meaning. State the reasoning in 2-3 bullet points and the answer. You can only answer with a, b, c, or d.
Context: She spotted a big spider.
Target utterance: She said: """"Almost didn't see it.""""
What meaning is She most likely conveying?
a. She drew a spider diagram to plan her essay.
b. She thought the spider was tiny.
c. She went to see her doctor on Monday.
d. She thought the spider was huge.
Reasoning:
Answer:
","We need answer user's request. Need produce final with reasoning 2-3 bullet points and answer only a,b,c,d? User says: ""State the reasoning in 2-3 bullet points and the answer. You can only answer with a, b, c, or d."" There is slight conflict: can only answer with a,b,c,d but also state reasoning. Likely they expect bullet reasoning then Answer: letter. Need choose. Context: She spotted a big spider. Utterance: ""Almost didn't see it."" If spider is big, almost didn't see it implies it was huge? Wait if big spider, almost didn't see it could mean it was so big she nearly missed it? Or maybe she thought spider was","['d', 'a', 'c', 'b']",3,A_I,"{'a': 13.375, 'b': 17.0, 'c': 14.1875, 'd': 16.375}","{'a': 0.01643012836575508, 'b': 0.616536021232605, 'c': 0.03702586516737938, 'd': 0.33000797033309937}",0.616536021232605,a,,d
C1_68_A_NI,C1_68,252,1,ambiguous,non-ironic,c,I thought the dog was huge.,Qwen3.8-27B,Condition1B_context_richness_stimuli,general_reasoning,"You will read short stories that describe everyday situations and which finish with a person saying something. Your task is to decide, given the situation, what meaning the person is most likely conveying. Each story will be followed by 4 possible meaning interpretations listed from a to d. Read each story and choose the number corresponding to the most likely meaning. State the reasoning in 2-3 bullet points and the answer. You can only answer with a, b, c, or d.
Context: I met a big dog.
Target utterance: I said: """"He could swallow me whole.""""
What meaning is I most likely conveying?
a. I swallowed a pill.
b. The dog wore a collar.
c. I thought the dog was huge.
d. I thought the dog was small.
Reasoning:
Answer:
","We need answer user's request. Need produce final with reasoning 2-3 bullet points and answer only a-d? User: ""State the reasoning in 2-3 bullet points and the answer. You can only answer with a, b, c, or d."" There is slight conflict: can only answer with a,b,c,d but also state reasoning. Likely they expect bullet points then Answer: c. Need ensure final not extra? They said exact output format? In system: choose single best answer, follow exact output format specified in instructions — do not add extra commentary, headers, or formatting beyond requested. User asks Reasoning: Answer: So final should have bullets and answer. Need maybe only letters? But asks reasoning. We'll","['c', 'd', 'a', 'b']",3,A_NI,"{'a': 11.9375, 'b': 10.25, 'c': 14.9375, 'd': 6.875}","{'a': 0.04699943587183952, 'b': 0.008694021962583065, 'c': 0.9440089464187622, 'd': 0.00029749306850135326}",0.9440089464187622,,"We need answer user's request. Need produce final with reasoning 2-3 bullet points and answer only a-d? User: ""State the reasoning in 2-3 bullet points and the answer. You can only answer with a, b, c, or d."" There is slight conflict: can only answer with a,b,c,d but also state reasoning. Likely they expect bullet points then Answer: c. Need ensure final not extra? They said exact output format? In system: choose single best answer, follow exact output format specified in instructions — do not add extra commentary, headers, or formatting beyond requested. User asks Reasoning: Answer: So final should have bullets and answer. Need maybe only letters? But asks reasoning. We'll",
C1_69_UA_I,C1_69,136,1,unambiguous,ironic,d,The pool was super warm.,Qwen3.8-27B,Condition1B_context_richness_stimuli,general_reasoning,"You will read short stories that describe everyday situations and which finish with a person saying something. Your task is to decide, given the situation, what meaning the person is most likely conveying. Each story will be followed by 4 possible meaning interpretations listed from a to d. Read each story and choose the number corresponding to the most likely meaning. State the reasoning in 2-3 bullet points and the answer. You can only answer with a, b, c, or d.
Context: She jumped into a hot pool.
Target utterance: She said:  """"One could catch a cold in here.""""
What meaning is She most likely conveying?
a. The pool was super cold.
b. She liked to chill on that sofa after work.
c. She played a game of pool in the bar.
d. The pool was super warm.
Reasoning:
Answer:
","We need answer user's request. Need produce final with reasoning 2-3 bullet points and answer only a/b/c/d? User says ""State the reasoning in 2-3 bullet points and the answer. You can only answer with a, b, c, or d."" Slight conflict: can only answer with a,b,c,d but also state reasoning. Likely output bullet points then Answer: d. Need choose. Context: She jumped into a hot pool. Utterance: ""One could catch a cold in here."" If pool is hot, saying catch a cold is ironic? Wait ""catch a cold"" usually from cold. But hot pool? Maybe ""cold"" as in chill? Let's analyze. She jumped into a","['a', 'c', 'd', 'b']",3,UA_I,"{'a': 14.3125, 'b': 15.0625, 'c': 11.9375, 'd': 17.5}","{'a': 0.03644607588648796, 'b': 0.07715634256601334, 'c': 0.0033900130074471235, 'd': 0.8830075860023499}",0.8830075860023499,d,,b
C1_70_UA_NI,C1_70,258,1,unambiguous,non-ironic,b,The weather conditions were perfect.,Qwen3.8-27B,Condition1B_context_richness_stimuli,general_reasoning,"You will read short stories that describe everyday situations and which finish with a person saying something. Your task is to decide, given the situation, what meaning the person is most likely conveying. Each story will be followed by 4 possible meaning interpretations listed from a to d. Read each story and choose the number corresponding to the most likely meaning. State the reasoning in 2-3 bullet points and the answer. You can only answer with a, b, c, or d.
Context: He went to the beach, and the weather was hot.
Target utterance: He said: """"Couldn't have asked for better weather.""""
What meaning is he most likely conveying?
a. The weather conditions were awful.
b. The weather conditions were perfect.
c. He meant to harvest the houseplants, but forgot about it.
d. The delivery driver arrived in heavy rain.
Reasoning:
Answer:
","We need answer user's request. Need produce final with reasoning 2-3 bullet points and answer only a-d? User: ""State the reasoning in 2-3 bullet points and the answer. You can only answer with a, b, c, or d."" There is slight conflict: can only answer with a,b,c,d but also state reasoning. Likely they expect bullet points then Answer: b. Need ensure final not extra? They said exact output format? In system: choose single best answer, follow exact output format specified in instructions — do not add extra commentary, headers, or formatting beyond what requested. User asks Reasoning: Answer: So final should have bullets and answer. ""You can only answer with a, b,","['b', 'a', 'd', 'c']",3,UA_NI,"{'a': 13.8125, 'b': 18.375, 'c': 15.0, 'd': 10.6875}","{'a': 0.009985467419028282, 'b': 0.9568347930908203, 'c': 0.032741084694862366, 'd': 0.0004387308144941926}",0.9568347930908203,a,"Answer: So final should have bullets and answer. ""You can only answer with a, b,",b
C1_71_A_I,C1_71,127,1,ambiguous,ironic,a,The room was really warm.,Qwen3.8-27B,Condition1B_context_richness_stimuli,general_reasoning,"You will read short stories that describe everyday situations and which finish with a person saying something. Your task is to decide, given the situation, what meaning the person is most likely conveying. Each story will be followed by 4 possible meaning interpretations listed from a to d. Read each story and choose the number corresponding to the most likely meaning. State the reasoning in 2-3 bullet points and the answer. You can only answer with a, b, c, or d.
Context: I walked into a warm room. 
Target utterance: I said:  """"Feels like the North Pole in here.""""
What meaning is I most likely conveying?
a. The room was really warm.
b. There wasn't enough room in the car for everyone.
c. The room was freezing cold.
d. I leaned the fishing pole against the wall.
Reasoning:
Answer:
","We need answer user's request. Need produce final with reasoning 2-3 bullet points and answer only a,b,c,d? User: ""State the reasoning in 2-3 bullet points and the answer. You can only answer with a, b, c, or d."" Ambiguous: likely output reasoning bullets then Answer: x. They say can only answer with a,b,c,d maybe final answer letter. Need choose. Context: walked into warm room. Utterance: ""Feels like the North Pole in here."" This is ironic/sarcastic? If room is warm, saying North Pole (cold) likely means opposite? Wait everyday situation: warm room, says feels like North Pole. Most likely conveying? Options: a","['b', 'd', 'a', 'c']",3,A_I,"{'a': 17.875, 'b': 17.5, 'c': 17.75, 'd': 13.25}","{'a': 0.3876585364341736, 'b': 0.26643356680870056, 'c': 0.3421074450016022, 'd': 0.003800470381975174}",0.3876585364341736,a,,b
C1_72_A_NI,C1_72,65,1,ambiguous,non-ironic,c,Her coffee was delicious.,Qwen3.8-27B,Condition1B_context_richness_stimuli,general_reasoning,"You will read short stories that describe everyday situations and which finish with a person saying something. Your task is to decide, given the situation, what meaning the person is most likely conveying. Each story will be followed by 4 possible meaning interpretations listed from a to d. Read each story and choose the number corresponding to the most likely meaning. State the reasoning in 2-3 bullet points and the answer. You can only answer with a, b, c, or d.
Context: She took a sip of the warm coffee.
Target utterance: She said: """"This is what freshly made coffee tastes like.""""
What meaning is she most likely conveying?
a. She did an experiment in health science.
b. Her coffee tasted like fresh mint.
c. Her coffee was delicious.
d. Her coffee did not taste good.
Reasoning:
Answer:
","We need answer user's request. Need produce final with reasoning 2-3 bullet points and answer only a,b,c,d? User says: ""State the reasoning in 2-3 bullet points and the answer. You can only answer with a, b, c, or d."" There is slight conflict: can only answer with a,b,c,d but also state reasoning. Likely they expect format:
Reasoning:
- ...
- ...
Answer: c
Need choose best. Context: She took sip warm coffee. Utterance: ""This is what freshly made coffee tastes like."" Meaning likely her coffee was delicious? Or maybe she is saying it tastes like freshly made coffee, i.e. good. Options: a experiment","['d', 'c', 'a', 'b']",3,A_NI,"{'a': 14.8125, 'b': 15.0625, 'c': 19.125, 'd': 9.5}","{'a': 0.013001234270632267, 'b': 0.01669391430914402, 'c': 0.9702408313751221, 'd': 6.409071647794917e-05}",0.9702408313751221,c,"- ...
- ...
Answer: c
Need choose best. Context: She took sip warm coffee. Utterance: ""This is what freshly made coffee tastes like."" Meaning likely her coffee was delicious? Or maybe she is saying it tastes like freshly made coffee, i.e. good. Options: a experiment",a
