Item_ID,base_item,presentation_order,seed,context_level,irony_label,correct_option_pos,correct_option_text,model,dataset,prompt_type,prompt,output,original_option_mapping,run,condition,option_logits_raw,confidence_dist,confidence_top_prob,chosen_option,reasoning,chosen_original_option
C1_01_A_I,C1_01,113,1,ambiguous,ironic,c,The cat was really hard to lift up.,Qwen3.8-27B,Condition1B_context_richness_stimuli,general_reasoning,"You will read short stories that describe everyday situations and which finish with a person saying something. Your task is to decide, given the situation, what meaning the person is most likely conveying. Each story will be followed by 4 possible meaning interpretations listed from a to d. Read each story and choose the number corresponding to the most likely meaning. State the reasoning in 2-3 bullet points and the answer. You can only answer with a, b, c, or d.
Context: He lifted the overweight cat from the table.
Target utterance: He said:  """"That was easy!""""
What meaning is He most likely conveying?
a. The exam was really easy.
b. He just got a great deal on a cat bed.
c. The cat was really hard to lift up.
d. The cat was easy to lift up.
Reasoning:
Answer:
","We need answer user's request. Need produce final with reasoning 2-3 bullet points and answer only a,b,c,d? User: ""State the reasoning in 2-3 bullet points and the answer. You can only answer with a, b, c, or d."" Slight conflict: can only answer with a,b,c,d but also state reasoning. Likely output reasoning bullets then Answer: d. Need ensure final maybe only includes requested. Need choose d. Context: lifted overweight cat from table, said ""That was easy!"" Most likely means cat was easy to lift up, despite overweight? Could be sarcastic? Options: c hard to lift, d easy. Utterance literal: easy. So d. Need 2","['c', 'd', 'b', 'a']",1,A_I,"{'a': 11.875, 'b': 9.3125, 'c': 7.0625, 'd': 10.875}","{'a': 0.6881749629974365, 'b': 0.053066354244947433, 'c': 0.00559315225109458, 'd': 0.25316542387008667}",0.6881749629974365,d,,a
C1_02_A_NI,C1_02,63,1,ambiguous,non-ironic,b,The dog was really heavy to pick up.,Qwen3.8-27B,Condition1B_context_richness_stimuli,general_reasoning,"You will read short stories that describe everyday situations and which finish with a person saying something. Your task is to decide, given the situation, what meaning the person is most likely conveying. Each story will be followed by 4 possible meaning interpretations listed from a to d. Read each story and choose the number corresponding to the most likely meaning. State the reasoning in 2-3 bullet points and the answer. You can only answer with a, b, c, or d.
Context: She picked up her overweight dog.
Target utterance: She said: """"Heaviest dog ever.""""
What meaning is She most likely conveying?
a. She just adopted a new dog.
b. The dog was really heavy to pick up.
c. The dog was very light to pick up.
d. It was the heaviest package she ever carried.
Reasoning:
Answer:
","We need answer user's request. Need produce final with reasoning 2-3 bullet points and answer only a-d? User: ""State the reasoning in 2-3 bullet points and the answer. You can only answer with a, b, c, or d."" Slight conflict: can only answer with a,b,c,d but also state reasoning. Likely output bullet points then Answer: b. Need ensure final maybe only answer? They explicitly ask reasoning and answer. We can include concise bullets and answer. Need choose b. Context: picked up overweight dog, says heaviest dog ever. Meaning dog was really heavy to pick up. Need 2-3 bullets.
</think>

- The context says she picked up her overweight dog.","['d', 'a', 'b', 'c']",1,A_NI,"{'a': 14.0, 'b': 22.875, 'c': 12.625, 'd': 13.875}","{'a': 0.00013979988580103964, 'b': 0.9997014403343201, 'c': 3.534694405971095e-05, 'd': 0.00012337295629549772}",0.9997014403343201,b,,a
C1_03_UA_I,C1_03,216,1,unambiguous,ironic,d,Getting their friend off the ground took a lot of effort.,Qwen3.8-27B,Condition1B_context_richness_stimuli,general_reasoning,"You will read short stories that describe everyday situations and which finish with a person saying something. Your task is to decide, given the situation, what meaning the person is most likely conveying. Each story will be followed by 4 possible meaning interpretations listed from a to d. Read each story and choose the number corresponding to the most likely meaning. State the reasoning in 2-3 bullet points and the answer. You can only answer with a, b, c, or d.
Context: They lift their obese friend.
Target utterance: They said: """"Light as a feather.""""
What meaning is They most likely conveying?
a. Their friend was very easy to lift.
b. The feather fell gently to the ground.
c. They decided to go out for dinner with their friend.
d. Getting their friend off the ground took a lot of effort.
Reasoning:
Answer:
","We need answer user's request. Need produce final with reasoning 2-3 bullet points and answer only a/b/c/d? User says: ""State the reasoning in 2-3 bullet points and the answer. You can only answer with a, b, c, or d."" There is slight conflict: can only answer with a,b,c,d but also state reasoning. Likely they expect format:
Reasoning:
- ...
- ...
Answer: a
Need choose best. Context: They lift their obese friend. Target: ""Light as a feather."" Meaning? If lifting obese friend and say light as a feather, likely sarcastic? Options: a friend very easy to lift; b feather fell; c dinner; d","['a', 'c', 'd', 'b']",1,UA_I,"{'a': 17.875, 'b': 16.375, 'c': 13.8125, 'd': 13.8125}","{'a': 0.7952019572257996, 'b': 0.1774335503578186, 'c': 0.013682205229997635, 'd': 0.013682205229997635}",0.7952019572257996,a,"- ...
- ...
Answer: a
Need choose best. Context: They lift their obese friend. Target: ""Light as a feather."" Meaning? If lifting obese friend and say light as a feather, likely sarcastic? Options: a friend very easy to lift; b feather fell; c dinner; d",a
C1_04_UA_NI,C1_04,242,1,unambiguous,non-ironic,d,Holding my nephew took all my strength.,Qwen3.8-27B,Condition1B_context_richness_stimuli,general_reasoning,"You will read short stories that describe everyday situations and which finish with a person saying something. Your task is to decide, given the situation, what meaning the person is most likely conveying. Each story will be followed by 4 possible meaning interpretations listed from a to d. Read each story and choose the number corresponding to the most likely meaning. State the reasoning in 2-3 bullet points and the answer. You can only answer with a, b, c, or d.
Context: I held my obese nephew in my arms.
Target utterance: I said: """"Heavier than an elephant.""""
What meaning is I most likely conveying?
a. Holding my nephew took nothing of my strength.
b. The elephant lumbered slowly across the plain.
c. My nephew ate a burger that day.
d. Holding my nephew took all my strength.
Reasoning:
Answer:
","We need answer user's request. Need produce final with reasoning 2-3 bullet points and answer only a,b,c,d? User says: ""State the reasoning in 2-3 bullet points and the answer. You can only answer with a, b, c, or d."" Slight conflict: can only answer with a,b,c,d but also state reasoning. Likely output bullet points then Answer: d. Need choose best meaning. Context: held obese nephew, said ""Heavier than an elephant."" Meaning likely hyperbole: very heavy, holding took all strength? Options: a took nothing strength (opposite), b elephant lumbered (irrelevant), c ate burger (irrelevant), d took all my strength. Most likely d","['b', 'c', 'd', 'a']",1,UA_NI,"{'a': 11.75, 'b': 9.6875, 'c': 6.625, 'd': 11.875}","{'a': 0.4412613809108734, 'b': 0.05610009282827377, 'c': 0.0026238360442221165, 'd': 0.5000146627426147}",0.5000146627426147,d,,a
C1_05_A_I,C1_05,122,1,ambiguous,ironic,c,The cake tasted really bad.,Qwen3.8-27B,Condition1B_context_richness_stimuli,general_reasoning,"You will read short stories that describe everyday situations and which finish with a person saying something. Your task is to decide, given the situation, what meaning the person is most likely conveying. Each story will be followed by 4 possible meaning interpretations listed from a to d. Read each story and choose the number corresponding to the most likely meaning. State the reasoning in 2-3 bullet points and the answer. You can only answer with a, b, c, or d.
Context: She ate a palatable cake.
Target utterance: She said: """"What an amazing flavour.""""
What meaning is She most likely conveying?
a. The cake tasted really good.
b. The cake had three candles on top.
c. The cake tasted really bad.
d. The soup smelled absolutely delicious
Reasoning:
Answer:
","We need answer user's request. Need produce final with reasoning 2-3 bullet points and answer only a/b/c/d? User says: ""State the reasoning in 2-3 bullet points and the answer. You can only answer with a, b, c, or d."" There is slight conflict: can only answer with a,b,c,d but also state reasoning. Likely they expect format:
Reasoning:
- ...
- ...
Answer: a
Need choose best. Context: She ate a palatable cake. Target: ""What an amazing flavour."" Meaning: cake tasted really good. Option a. Need 2-3 bullets. Ensure final not extra? They said exact output format? In system: follow exact","['a', 'd', 'b', 'c']",1,A_I,"{'a': 16.75, 'b': 14.25, 'c': 11.75, 'd': 11.375}","{'a': 0.9145333170890808, 'b': 0.07506946474313736, 'c': 0.006162077188491821, 'd': 0.004235129337757826}",0.9145333170890808,a,"- ...
- ...
Answer: a
Need choose best. Context: She ate a palatable cake. Target: ""What an amazing flavour."" Meaning: cake tasted really good. Option a. Need 2-3 bullets. Ensure final not extra? They said exact output format? In system: follow exact",a
C1_06_A_NI,C1_06,132,1,ambiguous,non-ironic,c,The medicine tasted surprisingly pleasant.,Qwen3.8-27B,Condition1B_context_richness_stimuli,general_reasoning,"You will read short stories that describe everyday situations and which finish with a person saying something. Your task is to decide, given the situation, what meaning the person is most likely conveying. Each story will be followed by 4 possible meaning interpretations listed from a to d. Read each story and choose the number corresponding to the most likely meaning. State the reasoning in 2-3 bullet points and the answer. You can only answer with a, b, c, or d.
Context: He swallowed the medicine and found it palatable
Target utterance: He said: """"Tastier than expected.""""
What meaning is He most likely conveying?
a. He kept the medicine in the bathroom cabinet.
b. The medicine tasted absolutely awful.
c. The medicine tasted surprisingly pleasant.
d. The cake was tastier than expected.
Reasoning:
Answer:
","We need answer user's request. Need produce final with reasoning 2-3 bullet points and answer only a,b,c,d? User says: ""State the reasoning in 2-3 bullet points and the answer. You can only answer with a, b, c, or d."" There is slight conflict: can only answer with a,b,c,d but also state reasoning. Likely output should include reasoning bullets and answer line. Need choose c. Need ensure final maybe:
- The medicine was described as palatable, meaning it was acceptable to taste.
- Saying ""Tastier than expected"" implies it was better/more pleasant than anticipated.
Answer: c
Need maybe no extra. Ensure answer only a,b,c,d?","['d', 'b', 'a', 'c']",1,A_NI,"{'a': 15.1875, 'b': 13.3125, 'c': 19.125, 'd': 9.625}","{'a': 0.019066719338297844, 'b': 0.0029239761643111706, 'c': 0.9779361486434937, 'd': 7.32003099983558e-05}",0.9779361486434937,c,,a
C1_07_UA_I,C1_07,249,1,unambiguous,ironic,c,The smoothie was thoroughly nasty.,Qwen3.8-27B,Condition1B_context_richness_stimuli,general_reasoning,"You will read short stories that describe everyday situations and which finish with a person saying something. Your task is to decide, given the situation, what meaning the person is most likely conveying. Each story will be followed by 4 possible meaning interpretations listed from a to d. Read each story and choose the number corresponding to the most likely meaning. State the reasoning in 2-3 bullet points and the answer. You can only answer with a, b, c, or d.
Context: I took a sip of my smoothie and found it delicious.
Target utterance: I said: """"What a treat.""""
What meaning is I most likely conveying?
a. She gave the dog a treat.
b. The smoothie was thoroughly enjoyable.
c. The smoothie was thoroughly nasty.
d. She was looking for a new smoothie recipe.
Reasoning:
Answer:
","We need answer user's request. Need produce final with reasoning 2-3 bullet points and answer only a/b/c/d? User says ""State the reasoning in 2-3 bullet points and the answer. You can only answer with a, b, c, or d."" Slight conflict: can only answer with a,b,c,d but also state reasoning. Likely output bullet points then Answer: b. Need ensure final not extra? They want exact format? ""Reasoning:
Answer:"" in prompt. We should provide bullets under Reasoning and answer. Need choose b. Reasoning: context smoothie delicious, ""What a treat"" means enjoyable. Not dog, not nasty, not recipe.
</think>

- The speaker describes","['c', 'a', 'b', 'd']",1,UA_I,"{'a': 14.125, 'b': 20.625, 'c': 12.6875, 'd': 11.25}","{'a': 0.0015005199238657951, 'b': 0.9980582594871521, 'c': 0.0003564047219697386, 'd': 8.465354039799422e-05}",0.9980582594871521,b,"Answer:"" in prompt. We should provide bullets under Reasoning and answer. Need choose b. Reasoning: context smoothie delicious, ""What a treat"" means enjoyable. Not dog, not nasty, not recipe.
</think>

- The speaker describes",a
C1_08_UA_NI,C1_08,96,1,unambiguous,non-ironic,a,They liked every single bite of the burger.,Qwen3.8-27B,Condition1B_context_richness_stimuli,general_reasoning,"You will read short stories that describe everyday situations and which finish with a person saying something. Your task is to decide, given the situation, what meaning the person is most likely conveying. Each story will be followed by 4 possible meaning interpretations listed from a to d. Read each story and choose the number corresponding to the most likely meaning. State the reasoning in 2-3 bullet points and the answer. You can only answer with a, b, c, or d.
Context: They ate a delicious burger.
Target utterance: They said: """"This burger tasted like heaven.""""
What meaning is They most likely conveying?
a. They liked every single bite of the burger.
b. They liked the burger more than the pizza.
c. The burger was the most expensive item on the menu.
d. They could barely force themselves to swallow the burger.
Reasoning:
Answer:
","We need answer user's request. Need produce final with reasoning 2-3 bullet points and answer only a-d? User: ""State the reasoning in 2-3 bullet points and the answer. You can only answer with a, b, c, or d."" There is slight conflict: can only answer with a,b,c,d but also state reasoning. Likely they expect format:
Reasoning:
- ...
- ...
Answer: a
Need choose best. Context: ate delicious burger. Utterance: ""This burger tasted like heaven."" Meaning: liked every single bite? a. b comparison pizza not in context. c expensive no. d negative no. So a.
Need ensure final no extra commentary? They","['a', 'd', 'c', 'b']",1,UA_NI,"{'a': 15.5, 'b': 12.125, 'c': 9.25, 'd': 7.53125}","{'a': 0.9647903442382812, 'b': 0.03301331028342247, 'c': 0.0018624835647642612, 'd': 0.00033392489422112703}",0.9647903442382812,a,"- ...
- ...
Answer: a
Need choose best. Context: ate delicious burger. Utterance: ""This burger tasted like heaven."" Meaning: liked every single bite? a. b comparison pizza not in context. c expensive no. d negative no. So a.
Need ensure final no extra commentary? They",a
C1_09_A_I,C1_09,218,1,ambiguous,ironic,a,The babysitter was not taking good care of the kids.,Qwen3.8-27B,Condition1B_context_richness_stimuli,general_reasoning,"You will read short stories that describe everyday situations and which finish with a person saying something. Your task is to decide, given the situation, what meaning the person is most likely conveying. Each story will be followed by 4 possible meaning interpretations listed from a to d. Read each story and choose the number corresponding to the most likely meaning. State the reasoning in 2-3 bullet points and the answer. You can only answer with a, b, c, or d.
Context: They hired a fearless babysitter.
Target utterance: They said: """"The kids are not safe at all.""""
What meaning is They most likely conveying?
a. The babysitter was not taking good care of the kids.
b. The babysitter was taking good care of the kids.
c. The babysitter parked her car outside.
d. The kids had very clean hands.
Reasoning:
Answer:
","We need answer user's request. Need produce final with reasoning 2-3 bullet points and answer only a-d? User: ""State the reasoning in 2-3 bullet points and the answer. You can only answer with a, b, c, or d."" There is slight conflict: can only answer with a,b,c,d but also state reasoning. Likely output reasoning bullets then Answer: a. Need choose. Context: They hired a fearless babysitter. Target: ""The kids are not safe at all."" Meaning? Fearless babysitter maybe not afraid of kids? If kids not safe at all likely babysitter not taking good care. Option a. Need concise. Ensure final no extra formatting? They asked exact output format? ""","['b', 'a', 'd', 'c']",1,A_I,"{'a': 14.4375, 'b': 11.375, 'c': 7.65625, 'd': 6.21875}","{'a': 0.9540391564369202, 'b': 0.04462100565433502, 'c': 0.0010826964862644672, 'd': 0.00025716295931488276}",0.9540391564369202,a,,b
C1_10_A_NI,C1_10,288,1,ambiguous,non-ironic,d,The police officer made them feel very safe.,Qwen3.8-27B,Condition1B_context_richness_stimuli,general_reasoning,"You will read short stories that describe everyday situations and which finish with a person saying something. Your task is to decide, given the situation, what meaning the person is most likely conveying. Each story will be followed by 4 possible meaning interpretations listed from a to d. Read each story and choose the number corresponding to the most likely meaning. State the reasoning in 2-3 bullet points and the answer. You can only answer with a, b, c, or d.
Context: They met a fearless police officer.
Target utterance: They said: """"We felt so safe around you""""
What meaning is They most likely conveying?
a. The police officer drank a cup of coffee.
b. They were sitting in a very safe seat.
c. The police officer did not make them feel safe at all.
d. The police officer made them feel very safe.
Reasoning:
Answer:
","We need answer user's request. Need produce final with reasoning 2-3 bullet points and answer only a,b,c,d? User says ""State the reasoning in 2-3 bullet points and the answer. You can only answer with a, b, c, or d."" There is slight conflict: can only answer with a,b,c,d but also state reasoning. Likely output reasoning bullets then Answer: d. Need ensure final not extra? They ask format:
Reasoning:
Answer:
So final should have bullets under Reasoning and answer. ""You can only answer with a, b, c, or d."" Maybe answer line only d. Need choose d. Reasoning: context fearless police officer, utterance ""We","['d', 'c', 'b', 'a']",1,A_NI,"{'a': 12.75, 'b': 13.0625, 'c': 11.8125, 'd': 18.25}","{'a': 0.004041214007884264, 'b': 0.005523684900254011, 'c': 0.0015825621085241437, 'd': 0.9888525009155273}",0.9888525009155273,a,"Answer:
So final should have bullets under Reasoning and answer. ""You can only answer with a, b, c, or d."" Maybe answer line only d. Need choose d. Reasoning: context fearless police officer, utterance ""We",d
C1_11_UA_I,C1_11,58,1,unambiguous,ironic,d,Seeing the pilot made her feel even more anxious.,Qwen3.8-27B,Condition1B_context_richness_stimuli,general_reasoning,"You will read short stories that describe everyday situations and which finish with a person saying something. Your task is to decide, given the situation, what meaning the person is most likely conveying. Each story will be followed by 4 possible meaning interpretations listed from a to d. Read each story and choose the number corresponding to the most likely meaning. State the reasoning in 2-3 bullet points and the answer. You can only answer with a, b, c, or d.
Context: She noticed the brave pilot before boarding.
Target utterance: She said: """"That really shook me up.""""
What meaning is She most likely conveying?
a. She dated a pilot for several months.
b. Seeing the pilot put her completely at ease.
c. She settled into her seat and fastened the belt.
d. Seeing the pilot made her feel even more anxious.
Reasoning:
Answer:
","We need answer user's request. Need produce final with reasoning 2-3 bullet points and answer only a,b,c,d? User says: ""State the reasoning in 2-3 bullet points and the answer. You can only answer with a, b, c, or d."" There's slight conflict: can only answer with a,b,c,d but also state reasoning. Likely they want reasoning bullets then answer line. Need choose best meaning. Context: She noticed the brave pilot before boarding. Target: ""That really shook me up."" Meaning: seeing the pilot made her feel even more anxious? ""shook me up"" means upset/anxious. Option d. Need 2-3 bullets. Ensure final maybe:
- ""Sh","['d', 'a', 'c', 'b']",1,UA_I,"{'a': 15.9375, 'b': 16.0, 'c': 14.3125, 'd': 18.5}","{'a': 0.06566159427165985, 'b': 0.069896399974823, 'c': 0.01292953360825777, 'd': 0.8515124917030334}",0.8515124917030334,,"We need answer user's request. Need produce final with reasoning 2-3 bullet points and answer only a,b,c,d? User says: ""State the reasoning in 2-3 bullet points and the answer. You can only answer with a, b, c, or d."" There's slight conflict: can only answer with a,b,c,d but also state reasoning. Likely they want reasoning bullets then answer line. Need choose best meaning. Context: She noticed the brave pilot before boarding. Target: ""That really shook me up."" Meaning: seeing the pilot made her feel even more anxious? ""shook me up"" means upset/anxious. Option d. Need 2-3 bullets. Ensure final maybe:
- ""Sh",
C1_12_UA_NI,C1_12,128,1,unambiguous,non-ironic,b,His father showed no fear at all.,Qwen3.8-27B,Condition1B_context_richness_stimuli,general_reasoning,"You will read short stories that describe everyday situations and which finish with a person saying something. Your task is to decide, given the situation, what meaning the person is most likely conveying. Each story will be followed by 4 possible meaning interpretations listed from a to d. Read each story and choose the number corresponding to the most likely meaning. State the reasoning in 2-3 bullet points and the answer. You can only answer with a, b, c, or d.
Context: He saw his brave father.
Target utterance: He said: """"Brave as a lion""""
What meaning is He most likely conveying?
a. His father wore a blue jacket.
b. His father showed no fear at all.
c. The lion prowled across the savannah.
d. His father's face was full of fear.
Reasoning:
Answer:
","We need answer user's request. Need produce final with reasoning 2-3 bullet points and answer only a,b,c,d? User says ""State the reasoning in 2-3 bullet points and the answer. You can only answer with a, b, c, or d."" There is slight conflict: can only answer with a,b,c,d but also state reasoning. Likely they expect bullet reasoning then Answer: b. Need ensure final not extra? They specified format: Reasoning:
Answer:
We can include bullets under Reasoning and answer line. ""You can only answer with a, b, c, or d."" Maybe means answer choice only, but also asks reasoning. We'll provide concise bullets and answer. Need choose b","['d', 'a', 'c', 'b']",1,UA_NI,"{'a': 12.3125, 'b': 16.125, 'c': 8.4375, 'd': 6.8125}","{'a': 0.021603737026453018, 'b': 0.9778597354888916, 'c': 0.000448371225502342, 'd': 8.828952559269965e-05}",0.9778597354888916,a,"Answer:
We can include bullets under Reasoning and answer line. ""You can only answer with a, b, c, or d."" Maybe means answer choice only, but also asks reasoning. We'll provide concise bullets and answer. Need choose b",d
C1_13_A_I,C1_13,102,1,ambiguous,ironic,a,"His girlfriend clearly looked worn out, not refreshed at all.",Qwen3.8-27B,Condition1B_context_richness_stimuli,general_reasoning,"You will read short stories that describe everyday situations and which finish with a person saying something. Your task is to decide, given the situation, what meaning the person is most likely conveying. Each story will be followed by 4 possible meaning interpretations listed from a to d. Read each story and choose the number corresponding to the most likely meaning. State the reasoning in 2-3 bullet points and the answer. You can only answer with a, b, c, or d.
Context: He saw his energetic girlfriend.
Target utterance: He said: """"You look like you've been awake since birth.""""
What meaning is He most likely conveying?
a. His girlfriend clearly looked worn out, not refreshed at all.
b. He was planning to surprise his girlfriend with a home-cooked meal.
c. To him, his girlfriend looked well-rested and full of energy.
d. He had just bought her a refreshing cold drink.
Reasoning:
Answer:
","We need answer user's request. Need produce final with reasoning 2-3 bullet points and answer only a/b/c/d? User says: ""State the reasoning in 2-3 bullet points and the answer. You can only answer with a, b, c, or d."" There is slight conflict: can only answer with a,b,c,d but also state reasoning. Likely they expect bullet points then Answer: c. Need ensure final maybe only includes reasoning and answer. Need choose meaning. Context: He saw his energetic girlfriend. Utterance: ""You look like you've been awake since birth."" This idiom? ""awake since birth"" means very tired? Let's analyze. If someone looks like they've been awake since","['b', 'd', 'a', 'c']",1,A_I,"{'a': 14.3125, 'b': 14.6875, 'c': 18.5, 'd': 9.1875}","{'a': 0.014637242071330547, 'b': 0.021297063678503036, 'c': 0.96397864818573, 'd': 8.703622006578371e-05}",0.96397864818573,c,,a
C1_14_A_NI,C1_14,135,1,ambiguous,non-ironic,d,Her colleague seemed very energetic today.,Qwen3.8-27B,Condition1B_context_richness_stimuli,general_reasoning,"You will read short stories that describe everyday situations and which finish with a person saying something. Your task is to decide, given the situation, what meaning the person is most likely conveying. Each story will be followed by 4 possible meaning interpretations listed from a to d. Read each story and choose the number corresponding to the most likely meaning. State the reasoning in 2-3 bullet points and the answer. You can only answer with a, b, c, or d.
Context: She saw her energetic colleague.
Target utterance: She said: """"You seem so full of energy today.""""
What meaning is She most likely conveying?
a. She was redecorating the office of her colleague.
b. She filled up the car with energy.
c. Her colleague seemed very tired today.
d. Her colleague seemed very energetic today.
Reasoning:
Answer:
","We need answer user's request. Need produce final with reasoning 2-3 bullet points and answer only a,b,c,d? User says ""State the reasoning in 2-3 bullet points and the answer. You can only answer with a, b, c, or d."" Slight conflict: can only answer with a,b,c,d but also state reasoning. Likely output bullet points then Answer: d. Need ensure final not extra? They want exact format? ""Reasoning:
Answer:"" likely. Need choose d. Reasoning: utterance ""full of energy"" idiom means energetic; context energetic colleague. Not literal car/redecorating/tired.
</think>

- The phrase “full of energy” is an idiomatic","['d', 'c', 'b', 'a']",1,A_NI,"{'a': 14.1875, 'b': 13.75, 'c': 13.0, 'd': 21.125}","{'a': 0.0009688587742857635, 'b': 0.0006255422485992312, 'c': 0.0002954851952381432, 'd': 0.9981100559234619}",0.9981100559234619,d,"Answer:"" likely. Need choose d. Reasoning: utterance ""full of energy"" idiom means energetic; context energetic colleague. Not literal car/redecorating/tired.
</think>

- The phrase “full of energy” is an idiomatic",a
C1_15_UA_I,C1_15,15,1,unambiguous,ironic,c,They felt really exhausted after the sleepover.,Qwen3.8-27B,Condition1B_context_richness_stimuli,general_reasoning,"You will read short stories that describe everyday situations and which finish with a person saying something. Your task is to decide, given the situation, what meaning the person is most likely conveying. Each story will be followed by 4 possible meaning interpretations listed from a to d. Read each story and choose the number corresponding to the most likely meaning. State the reasoning in 2-3 bullet points and the answer. You can only answer with a, b, c, or d.
Context: After the sleepover, they were hyperactive.
Target utterance: They said:  """"We never felt more tired in our lifes.""""
What meaning is They most likely conveying?
a. They rested the heavy boxes on the floor.
b. They did sleep overs once a year.
c. They felt really exhausted after the sleepover.
d. They felt very well-rested after the sleepover.
Reasoning:
Answer:
","We need answer user's request. Need produce final with reasoning 2-3 bullet points and answer only a-d? User says: ""State the reasoning in 2-3 bullet points and the answer. You can only answer with a, b, c, or d."" There is slight conflict: can only answer with a,b,c,d but also state reasoning. Likely they expect bullet reasoning then Answer: c. Need ensure final not extra? They said exact output format? In system: choose single best answer, follow exact output format specified in instructions — do not add extra commentary, headers, or formatting beyond requested. User asks Reasoning: Answer: So final should have bullets and answer. Need maybe only letters? But they explicitly ask reasoning","['c', 'd', 'b', 'a']",1,UA_I,"{'a': 13.375, 'b': 12.125, 'c': 17.0, 'd': 7.65625}","{'a': 0.025763558223843575, 'b': 0.007381383329629898, 'c': 0.9667704105377197, 'd': 8.460271055810153e-05}",0.9667704105377197,,"We need answer user's request. Need produce final with reasoning 2-3 bullet points and answer only a-d? User says: ""State the reasoning in 2-3 bullet points and the answer. You can only answer with a, b, c, or d."" There is slight conflict: can only answer with a,b,c,d but also state reasoning. Likely they expect bullet reasoning then Answer: c. Need ensure final not extra? They said exact output format? In system: choose single best answer, follow exact output format specified in instructions — do not add extra commentary, headers, or formatting beyond requested. User asks Reasoning: Answer: So final should have bullets and answer. Need maybe only letters? But they explicitly ask reasoning",
C1_16_UA_NI,C1_16,111,1,unambiguous,non-ironic,c,I felt fully prepared and ready for the exam.,Qwen3.8-27B,Condition1B_context_richness_stimuli,general_reasoning,"You will read short stories that describe everyday situations and which finish with a person saying something. Your task is to decide, given the situation, what meaning the person is most likely conveying. Each story will be followed by 4 possible meaning interpretations listed from a to d. Read each story and choose the number corresponding to the most likely meaning. State the reasoning in 2-3 bullet points and the answer. You can only answer with a, b, c, or d.
Context: Right before my exam, I felt really hyperactive.
Target utterance: I said: """"I have never felt more ready.""""
What meaning is I most likely conveying?
a. Deep down I felt completely unprepared for the exam.
b. The exam started at nine o'clock.
c. I felt fully prepared and ready for the exam.
d. Dinner was ready by seven o'clock.
Reasoning:
Answer:
","We need answer user's request. Need produce final with reasoning 2-3 bullet points and answer only a-d? User says: ""State the reasoning in 2-3 bullet points and the answer. You can only answer with a, b, c, or d."" There is slight conflict: can only answer with a,b,c,d but also state reasoning. Likely they expect bullet points then Answer: c. Need ensure final maybe only includes reasoning and answer. Need choose c. Need maybe concise.
</think>

- The speaker says they felt “really hyperactive” right before the exam, which suggests high energy and confidence.
- Saying “I have never felt more ready” most directly means they felt fully prepared for the exam.","['b', 'd', 'a', 'c']",1,UA_NI,"{'a': 12.5, 'b': 13.1875, 'c': 26.375, 'd': 12.125}","{'a': 9.422422522220586e-07, 'b': 1.873872406576993e-06, 'c': 0.999996542930603, 'd': 6.475930263150076e-07}",0.999996542930603,c,,a
C1_17_A_I,C1_17,241,1,ambiguous,ironic,c,Her idea was outdated.,Qwen3.8-27B,Condition1B_context_richness_stimuli,general_reasoning,"You will read short stories that describe everyday situations and which finish with a person saying something. Your task is to decide, given the situation, what meaning the person is most likely conveying. Each story will be followed by 4 possible meaning interpretations listed from a to d. Read each story and choose the number corresponding to the most likely meaning. State the reasoning in 2-3 bullet points and the answer. You can only answer with a, b, c, or d.
Context: She had an old idea.
Target utterance: She said: """"Truly ahead of its time.""""
What meaning is She most likely conveying?
a. Her idea was innovative.
b. She had the idea to redecorate her office.
c. Her idea was outdated.
d. She had arrived early.
Reasoning:
Answer:
","We need answer user's request. Need produce final with reasoning 2-3 bullet points and answer only a/b/c/d? User says: ""State the reasoning in 2-3 bullet points and the answer. You can only answer with a, b, c, or d."" There's slight conflict: can only answer with a,b,c,d but also state reasoning. Likely they want reasoning bullets then Answer: x. Need choose best meaning. Context: She had an old idea. Target: ""Truly ahead of its time."" This is ironic? If idea is old, saying ahead of its time likely means it was outdated? Let's analyze. ""ahead of its time"" usually means innovative, too early to be appreciated. But","['a', 'd', 'b', 'c']",1,A_I,"{'a': 16.875, 'b': 16.625, 'c': 16.75, 'd': 12.0625}","{'a': 0.3746125102043152, 'b': 0.2917485237121582, 'c': 0.33059439063072205, 'd': 0.0030446688178926706}",0.3746125102043152,,"We need answer user's request. Need produce final with reasoning 2-3 bullet points and answer only a/b/c/d? User says: ""State the reasoning in 2-3 bullet points and the answer. You can only answer with a, b, c, or d."" There's slight conflict: can only answer with a,b,c,d but also state reasoning. Likely they want reasoning bullets then Answer: x. Need choose best meaning. Context: She had an old idea. Target: ""Truly ahead of its time."" This is ironic? If idea is old, saying ahead of its time likely means it was outdated? Let's analyze. ""ahead of its time"" usually means innovative, too early to be appreciated. But",
C1_18_A_NI,C1_18,134,1,ambiguous,non-ironic,a,He found the approach genuinely new and creative.,Qwen3.8-27B,Condition1B_context_richness_stimuli,general_reasoning,"You will read short stories that describe everyday situations and which finish with a person saying something. Your task is to decide, given the situation, what meaning the person is most likely conveying. Each story will be followed by 4 possible meaning interpretations listed from a to d. Read each story and choose the number corresponding to the most likely meaning. State the reasoning in 2-3 bullet points and the answer. You can only answer with a, b, c, or d.
Context: It was an old approach. 
Target utterance: He said: """"How refreshingly innovative.""""
What meaning is He most likely conveying?
a. He found the approach genuinely new and creative.
b. In his view, it was a stale approach he had seen many times before.
c. Refreshments were served at the end of the presentation.
d. He researched new approaches for several months.
Reasoning:
Answer:
","We need answer user's request. Need produce final with reasoning 2-3 bullet points and answer only a-d? User says: ""State the reasoning in 2-3 bullet points and the answer. You can only answer with a, b, c, or d."" There is slight conflict: can only answer with a,b,c,d but also state reasoning. Likely they expect bullet reasoning then Answer: b. Need ensure final not extra? They said exact output format? In system: choose single best answer, follow exact output format specified in instructions — do not add extra commentary, headers, or formatting beyond requested. User asks Reasoning: Answer: So final should have bullets and answer. Need likely answer b because sarcasm: old approach","['a', 'b', 'c', 'd']",1,A_NI,"{'a': 13.3125, 'b': 16.375, 'c': 8.4375, 'd': 6.75}","{'a': 0.04466281831264496, 'b': 0.9549331068992615, 'c': 0.0003410048084333539, 'd': 6.307954754447564e-05}",0.9549331068992615,b,Answer: So final should have bullets and answer. Need likely answer b because sarcasm: old approach,b
C1_19_UA_I,C1_19,209,1,unambiguous,ironic,a,"To her, the tradition felt stale and long past its use.",Qwen3.8-27B,Condition1B_context_richness_stimuli,general_reasoning,"You will read short stories that describe everyday situations and which finish with a person saying something. Your task is to decide, given the situation, what meaning the person is most likely conveying. Each story will be followed by 4 possible meaning interpretations listed from a to d. Read each story and choose the number corresponding to the most likely meaning. State the reasoning in 2-3 bullet points and the answer. You can only answer with a, b, c, or d.
Context: The tradition was ancient.
Target utterance: She said: """"How wonderfully timeless.""""
What meaning is She most likely conveying?
a. To her, the tradition felt stale and long past its use.
b. She read about the tradition in a local history book.
c. She found the tradition beautifully enduring and meaningful.
d. The clock ticked for over a century.
Reasoning:
Answer:
","We need answer user's request. Need produce final with reasoning 2-3 bullet points and answer only a/b/c/d? User says: ""State the reasoning in 2-3 bullet points and the answer. You can only answer with a, b, c, or d."" There is slight conflict: can only answer with a,b,c,d but also state reasoning. Likely output should include reasoning bullets and answer line. Need choose best meaning. Context: tradition ancient. She said ""How wonderfully timeless."" Means found tradition beautifully enduring and meaningful. c. Need concise. Ensure final maybe:
- ""Timeless"" in positive context suggests enduring quality, not stale.
- ""Wonderfully"" signals admiration, so she appreciates the","['b', 'd', 'a', 'c']",1,UA_I,"{'a': 15.3125, 'b': 13.1875, 'c': 21.75, 'd': 11.25}","{'a': 0.0015974965645000339, 'b': 0.00019079376943409443, 'c': 0.9981841444969177, 'd': 2.748644692474045e-05}",0.9981841444969177,,"We need answer user's request. Need produce final with reasoning 2-3 bullet points and answer only a/b/c/d? User says: ""State the reasoning in 2-3 bullet points and the answer. You can only answer with a, b, c, or d."" There is slight conflict: can only answer with a,b,c,d but also state reasoning. Likely output should include reasoning bullets and answer line. Need choose best meaning. Context: tradition ancient. She said ""How wonderfully timeless."" Means found tradition beautifully enduring and meaningful. c. Need concise. Ensure final maybe:
- ""Timeless"" in positive context suggests enduring quality, not stale.
- ""Wonderfully"" signals admiration, so she appreciates the",
C1_20_UA_NI,C1_20,87,1,unambiguous,non-ironic,d,She liked the smell of her car.,Qwen3.8-27B,Condition1B_context_richness_stimuli,general_reasoning,"You will read short stories that describe everyday situations and which finish with a person saying something. Your task is to decide, given the situation, what meaning the person is most likely conveying. Each story will be followed by 4 possible meaning interpretations listed from a to d. Read each story and choose the number corresponding to the most likely meaning. State the reasoning in 2-3 bullet points and the answer. You can only answer with a, b, c, or d.
Context: She bought an ancient car.
Target utterance: She says: """"I just love the new car smell.""""
What meaning is She most likely conveying?
a. She could smell what her husband was cooking.
b. She took her car to the gas station.
c. She was disappointed with the smell of her car.
d. She liked the smell of her car.
Reasoning:
Answer:
","We need answer user's request. Need produce final with reasoning 2-3 bullet points and answer only a-d? User: ""State the reasoning in 2-3 bullet points and the answer. You can only answer with a, b, c, or d."" Slight conflict: can only answer with a,b,c,d but also state reasoning. Likely output bullet points then Answer: d. Need ensure final not extra? They ask exact format? ""Reasoning:
Answer:"" in prompt. We should provide bullets under Reasoning and answer. Need choose d. Context ancient car, says love new car smell. Most likely liked smell of car. Could be ironic? But options: d. Need 2-3 bullets.
","['c', 'd', 'b', 'a']",1,UA_NI,"{'a': 11.25, 'b': 10.0625, 'c': 7.40625, 'd': 10.1875}","{'a': 0.5980908274650574, 'b': 0.182407408952713, 'c': 0.012807009741663933, 'd': 0.20669466257095337}",0.5980908274650574,d,"Answer:"" in prompt. We should provide bullets under Reasoning and answer. Need choose d. Context ancient car, says love new car smell. Most likely liked smell of car. Could be ironic? But options: d. Need 2-3 bullets.",a
C1_21_A_I,C1_21,247,1,ambiguous,ironic,b,The birthday party was a disappointment.,Qwen3.8-27B,Condition1B_context_richness_stimuli,general_reasoning,"You will read short stories that describe everyday situations and which finish with a person saying something. Your task is to decide, given the situation, what meaning the person is most likely conveying. Each story will be followed by 4 possible meaning interpretations listed from a to d. Read each story and choose the number corresponding to the most likely meaning. State the reasoning in 2-3 bullet points and the answer. You can only answer with a, b, c, or d.
Context: She left the birthday party feeling happy.
Target utterance: She says: """"Truly a night to remember.""""
What meaning is She most likely conveying?
a. She had trouble remembering things.
b. The birthday party was a disappointment.
c. She planned her next birthday party.
d. The birthday party was a great success.
Reasoning:
Answer:
","We need answer user's request. Need produce final with reasoning 2-3 bullet points and answer only a-d? User says: ""State the reasoning in 2-3 bullet points and the answer. You can only answer with a, b, c, or d."" There is slight conflict: can only answer with a,b,c,d but also state reasoning. Likely they expect bullet reasoning then Answer: d. Need ensure final not extra? They say exact output format? In system: choose single best answer, follow exact output format specified in instructions — do not add extra commentary, headers, or formatting beyond requested. User asks Reasoning:
Answer:
So final should have bullets under Reasoning and Answer: d. Need maybe only","['c', 'b', 'd', 'a']",1,A_I,"{'a': 15.4375, 'b': 12.9375, 'c': 12.25, 'd': 17.875}","{'a': 0.07956870645284653, 'b': 0.006531397346407175, 'c': 0.0032841931097209454, 'd': 0.9106156826019287}",0.9106156826019287,d,"Answer:
So final should have bullets under Reasoning and Answer: d. Need maybe only",a
C1_22_A_NI,C1_22,8,1,ambiguous,non-ironic,d,The wedding was a beautiful and enchanting occasion.,Qwen3.8-27B,Condition1B_context_richness_stimuli,general_reasoning,"You will read short stories that describe everyday situations and which finish with a person saying something. Your task is to decide, given the situation, what meaning the person is most likely conveying. Each story will be followed by 4 possible meaning interpretations listed from a to d. Read each story and choose the number corresponding to the most likely meaning. State the reasoning in 2-3 bullet points and the answer. You can only answer with a, b, c, or d.
Context: She left the wedding feeling happy.
Target utterance: She says: """"What a magical day.""""
What meaning is She most likely conveying?
a. The magician wowed all the guests at the reception.
b. She helped organise the flowers for the wedding beforehand.
c. The wedding had been a dull, disappointing event from start to finish.
d. The wedding was a beautiful and enchanting occasion.
Reasoning:
Answer:
","We need answer user's request. Need produce final with reasoning 2-3 bullet points and answer only a-d? User: ""State the reasoning in 2-3 bullet points and the answer. You can only answer with a, b, c, or d."" There is slight conflict: can only answer with a,b,c,d but also state reasoning. Likely they want reasoning bullets then Answer: d. Need ensure final not extra? They said exact output format? In system: choose single best answer, follow exact output format specified below — do not add extra commentary, headers, or formatting beyond requested. User asks Reasoning: Answer: So final should have bullets and answer. Need maybe only letters? But they explicitly ask reasoning. We","['c', 'd', 'b', 'a']",1,A_NI,"{'a': 12.8125, 'b': 11.4375, 'c': 9.5, 'd': 15.8125}","{'a': 0.04678405821323395, 'b': 0.011828863061964512, 'c': 0.0017041093669831753, 'd': 0.9396829605102539}",0.9396829605102539,,"We need answer user's request. Need produce final with reasoning 2-3 bullet points and answer only a-d? User: ""State the reasoning in 2-3 bullet points and the answer. You can only answer with a, b, c, or d."" There is slight conflict: can only answer with a,b,c,d but also state reasoning. Likely they want reasoning bullets then Answer: d. Need ensure final not extra? They said exact output format? In system: choose single best answer, follow exact output format specified below — do not add extra commentary, headers, or formatting beyond requested. User asks Reasoning: Answer: So final should have bullets and answer. Need maybe only letters? But they explicitly ask reasoning. We",
C1_23_UA_I,C1_23,4,1,unambiguous,ironic,d,They had found the film funny from start to finish.,Qwen3.8-27B,Condition1B_context_richness_stimuli,general_reasoning,"You will read short stories that describe everyday situations and which finish with a person saying something. Your task is to decide, given the situation, what meaning the person is most likely conveying. Each story will be followed by 4 possible meaning interpretations listed from a to d. Read each story and choose the number corresponding to the most likely meaning. State the reasoning in 2-3 bullet points and the answer. You can only answer with a, b, c, or d.
Context: They left the cinema feeling delighted.
Target utterance: They say: """"What a painfull film.""""
What meaning is They most likely conveying?
a. The injection was over quickly, but it was painful.
b. They went to the same cinema as always.
c. They had found the film dull from start to finish.
d. They had found the film funny from start to finish.
Reasoning:
Answer:
","We need answer user's request. Need produce final with reasoning 2-3 bullet points and answer only a,b,c,d? User says: ""State the reasoning in 2-3 bullet points and the answer. You can only answer with a, b, c, or d."" There is slight conflict: can only answer with a,b,c,d but also state reasoning. Likely output should include reasoning bullets and answer line. Need choose best meaning. Context: They left cinema feeling delighted. Target: ""What a painfull film."" (painful misspelled). If delighted, likely they found film funny? ""painful"" could mean painfully funny? Options: a injection irrelevant, b same cinema, c dull, d funny. Del","['c', 'd', 'a', 'b']",1,UA_I,"{'a': 14.625, 'b': 13.75, 'c': 14.6875, 'd': 14.3125}","{'a': 0.3112383186817169, 'b': 0.12974342703819275, 'c': 0.3313114643096924, 'd': 0.22770681977272034}",0.3313114643096924,,"We need answer user's request. Need produce final with reasoning 2-3 bullet points and answer only a,b,c,d? User says: ""State the reasoning in 2-3 bullet points and the answer. You can only answer with a, b, c, or d."" There is slight conflict: can only answer with a,b,c,d but also state reasoning. Likely output should include reasoning bullets and answer line. Need choose best meaning. Context: They left cinema feeling delighted. Target: ""What a painfull film."" (painful misspelled). If delighted, likely they found film funny? ""painful"" could mean painfully funny? Options: a injection irrelevant, b same cinema, c dull, d funny. Del",
C1_24_UA_NI,C1_24,21,1,unambiguous,non-ironic,c,The message brought good news.,Qwen3.8-27B,Condition1B_context_richness_stimuli,general_reasoning,"You will read short stories that describe everyday situations and which finish with a person saying something. Your task is to decide, given the situation, what meaning the person is most likely conveying. Each story will be followed by 4 possible meaning interpretations listed from a to d. Read each story and choose the number corresponding to the most likely meaning. State the reasoning in 2-3 bullet points and the answer. You can only answer with a, b, c, or d.
Context: She received a message and was delighted.
Target utterance: She says: """"These are amazing news.""""
What meaning is She most likely conveying?
a. What she read was news to her.
b. The message brought negative news.
c. The message brought good news.
d. She wanted to send a message.
Reasoning:
Answer:
","We need answer user's request. Need produce final with reasoning 2-3 bullet points and answer only a/b/c/d? User says: ""State the reasoning in 2-3 bullet points and the answer. You can only answer with a, b, c, or d."" There is slight conflict: can only answer with a,b,c,d but also state reasoning. Likely they expect format:
Reasoning:
- ...
- ...
Answer: c
Need ensure answer single letter. Need choose c: delighted + amazing news => good news. Need maybe mention grammar? ""These are amazing news"" maybe nonstandard but meaning positive. Need final concise.
</think>

- She was delighted after receiving the message, which suggests","['c', 'b', 'a', 'd']",1,UA_NI,"{'a': 13.8125, 'b': 13.6875, 'c': 21.125, 'd': 10.5}","{'a': 0.0006662941304966807, 'b': 0.0005880024982616305, 'c': 0.9987214207649231, 'd': 2.4269760615425184e-05}",0.9987214207649231,c,"- ...
- ...
Answer: c
Need ensure answer single letter. Need choose c: delighted + amazing news => good news. Need maybe mention grammar? ""These are amazing news"" maybe nonstandard but meaning positive. Need final concise.
</think>

- She was delighted after receiving the message, which suggests",a
C1_25_A_I,C1_25,181,1,ambiguous,ironic,c,Her exam answers were embarrassingly poor.,Qwen3.8-27B,Condition1B_context_richness_stimuli,general_reasoning,"You will read short stories that describe everyday situations and which finish with a person saying something. Your task is to decide, given the situation, what meaning the person is most likely conveying. Each story will be followed by 4 possible meaning interpretations listed from a to d. Read each story and choose the number corresponding to the most likely meaning. State the reasoning in 2-3 bullet points and the answer. You can only answer with a, b, c, or d.
Context: Her answers in the exam were intelligent.
Target utterance: She says: """"What a genius.""""
What meaning is She most likely conveying?
a. Her exam answers were impressively smart.
b. She studied for her next exam.
c. Her exam answers were embarrassingly poor.
d. She had a high IQ.
Reasoning:
Answer:
","We need answer user's request. Need produce final with reasoning 2-3 bullet points and answer only a/b/c/d? User: ""State the reasoning in 2-3 bullet points and the answer. You can only answer with a, b, c, or d."" Slight conflict: can only answer with a,b,c,d but also state reasoning. Likely they want reasoning bullets then Answer: x. Need choose best. Context: Her answers in the exam were intelligent. Target: She says: ""What a genius."" Most likely conveying? If her answers were intelligent, saying what a genius likely means answers impressively smart. Option a. Need 2-3 bullets. Ensure final concise.
</think>

- The context says","['a', 'd', 'b', 'c']",1,A_I,"{'a': 20.75, 'b': 15.75, 'c': 15.5, 'd': 13.3125}","{'a': 0.9875819683074951, 'b': 0.006654275115579367, 'c': 0.005182354710996151, 'd': 0.0005814440664835274}",0.9875819683074951,a,,a
C1_26_A_NI,C1_26,133,1,ambiguous,non-ironic,a,They were genuinely fortunate to have such a strong suggestion.,Qwen3.8-27B,Condition1B_context_richness_stimuli,general_reasoning,"You will read short stories that describe everyday situations and which finish with a person saying something. Your task is to decide, given the situation, what meaning the person is most likely conveying. Each story will be followed by 4 possible meaning interpretations listed from a to d. Read each story and choose the number corresponding to the most likely meaning. State the reasoning in 2-3 bullet points and the answer. You can only answer with a, b, c, or d.
Context: Their colleague's suggestion was intelligent.
Target utterance: They said: """"We really had luck with that one.""""
What meaning is They most likely conveying?
a. They were genuinely fortunate to have such a strong suggestion.
b. As far as they were concerned, it was a poor suggestion.
c. They got lucky at the casino.
d. They thought that every project starts with a suggestion.
Reasoning:
Answer:
","We need answer user's request. Need produce final with reasoning 2-3 bullet points and answer only a/b/c/d? User says: ""State the reasoning in 2-3 bullet points and the answer. You can only answer with a, b, c, or d."" There is slight conflict: can only answer with a,b,c,d but also state reasoning. Likely output should include reasoning bullets and answer line. Need choose best. Context: colleague's suggestion was intelligent. Target: ""We really had luck with that one."" Meaning: genuinely fortunate to have such a strong suggestion. Option a. Need concise. Ensure final maybe:
- The utterance refers to ""that one"" in context of the colleague's intelligent suggestion.","['a', 'b', 'c', 'd']",1,A_NI,"{'a': 21.75, 'b': 15.3125, 'c': 14.6875, 'd': 15.0625}","{'a': 0.9963101744651794, 'b': 0.0015944974729791284, 'c': 0.0008534729713574052, 'd': 0.0012417958350852132}",0.9963101744651794,,"We need answer user's request. Need produce final with reasoning 2-3 bullet points and answer only a/b/c/d? User says: ""State the reasoning in 2-3 bullet points and the answer. You can only answer with a, b, c, or d."" There is slight conflict: can only answer with a,b,c,d but also state reasoning. Likely output should include reasoning bullets and answer line. Need choose best. Context: colleague's suggestion was intelligent. Target: ""We really had luck with that one."" Meaning: genuinely fortunate to have such a strong suggestion. Option a. Need concise. Ensure final maybe:
- The utterance refers to ""that one"" in context of the colleague's intelligent suggestion.",
C1_27_UA_I,C1_27,120,1,unambiguous,ironic,c,His argument was weak and poorly constructed.,Qwen3.8-27B,Condition1B_context_richness_stimuli,general_reasoning,"You will read short stories that describe everyday situations and which finish with a person saying something. Your task is to decide, given the situation, what meaning the person is most likely conveying. Each story will be followed by 4 possible meaning interpretations listed from a to d. Read each story and choose the number corresponding to the most likely meaning. State the reasoning in 2-3 bullet points and the answer. You can only answer with a, b, c, or d.
Context: His argument in the debate was brilliant.
Target utterance: She says: """"What a master of rhetoric.""""
What meaning is She most likely conveying?
a. Sokrates was a master of rhetoric.
b. She had an argument with him that night.
c. His argument was weak and poorly constructed.
d. His argument was strong and well presented.
Reasoning:
Answer:
","We need answer user's request. Need produce final with reasoning 2-3 bullet points and answer only a,b,c,d? User says: ""State the reasoning in 2-3 bullet points and the answer. You can only answer with a, b, c, or d."" There is slight conflict: can only answer with a,b,c,d but also state reasoning. Likely they expect format:
Reasoning:
- ...
- ...
Answer: d
Need choose best. Context: His argument in debate was brilliant. She says: ""What a master of rhetoric."" Meaning: his argument strong and well presented. Option d. Need 2-3 bullets. Ensure no extra commentary? They asked exact output format? ""","['c', 'd', 'b', 'a']",1,UA_I,"{'a': 13.4375, 'b': 11.0, 'c': 8.4375, 'd': 14.75}","{'a': 0.2079189121723175, 'b': 0.018167750909924507, 'c': 0.0014009466394782066, 'd': 0.7725124359130859}",0.7725124359130859,d,"- ...
- ...
Answer: d
Need choose best. Context: His argument in debate was brilliant. She says: ""What a master of rhetoric."" Meaning: his argument strong and well presented. Option d. Need 2-3 bullets. Ensure no extra commentary? They asked exact output format? """,a
C1_28_UA_NI,C1_28,238,1,unambiguous,non-ironic,c,She believed that his business plan would be successful.,Qwen3.8-27B,Condition1B_context_richness_stimuli,general_reasoning,"You will read short stories that describe everyday situations and which finish with a person saying something. Your task is to decide, given the situation, what meaning the person is most likely conveying. Each story will be followed by 4 possible meaning interpretations listed from a to d. Read each story and choose the number corresponding to the most likely meaning. State the reasoning in 2-3 bullet points and the answer. You can only answer with a, b, c, or d.
Context: His business plan was brilliant.
Target utterance: She says: """"We will make lots of money with this.""""
What meaning is He most likely conveying?
a. She believed that his business plan would fail.
b. She was interested in making lots of money.
c. She believed that his business plan would be successful.
d. He asked a colleague for help with his business plan.
Reasoning:
Answer:
","We need answer user's request. Need produce final with reasoning 2-3 bullet points and answer only a-d? User: ""State the reasoning in 2-3 bullet points and the answer. You can only answer with a, b, c, or d."" There is slight conflict: can only answer with a,b,c,d but also state reasoning. Likely they expect bullet points then Answer: c. Need ensure final not extra? They said exact output format? In system: choose single best answer, follow exact output format specified in instructions — do not add extra commentary, headers, or formatting beyond requested. User asks Reasoning: Answer: So final should have bullets and answer. Need choose c. Let's craft concise.
</think>","['b', 'c', 'a', 'd']",1,UA_NI,"{'a': 13.375, 'b': 12.875, 'c': 20.0, 'd': 11.125}","{'a': 0.0013237737584859133, 'b': 0.000802909373305738, 'c': 0.9977338314056396, 'd': 0.00013952472363598645}",0.9977338314056396,c,"Answer: So final should have bullets and answer. Need choose c. Let's craft concise.
</think>",a
C1_29_A_I,C1_29,50,1,ambiguous,ironic,c,The restaurant visit was a real disappointment.,Qwen3.8-27B,Condition1B_context_richness_stimuli,general_reasoning,"You will read short stories that describe everyday situations and which finish with a person saying something. Your task is to decide, given the situation, what meaning the person is most likely conveying. Each story will be followed by 4 possible meaning interpretations listed from a to d. Read each story and choose the number corresponding to the most likely meaning. State the reasoning in 2-3 bullet points and the answer. You can only answer with a, b, c, or d.
Context: After the restaurant visit he was satiated.
Target utterance: He says: """"Best dinner ever.""""
What meaning is He most likely conveying?
a. He looked forward to this restaurant visit for weeks.
b. It was the best-reviewed dinner spot in the whole city.
c. The restaurant visit was a real disappointment.
d. The restaurant visit was genuinely outstanding.
Reasoning:
Answer:
","We need answer user's request. Need produce final with reasoning 2-3 bullet points and answer only a-d? User says: ""State the reasoning in 2-3 bullet points and the answer. You can only answer with a, b, c, or d."" There is slight conflict: can only answer with a,b,c,d but also state reasoning. Likely they expect bullet points then Answer: d. Need ensure final not extra? They said exact output format? In system: choose single best answer, follow exact output format specified in instructions — do not add extra commentary, headers, or formatting beyond what requested. User asks Reasoning: Answer: So final should have bullet points and answer. Need likely:
- The context says","['d', 'c', 'b', 'a']",1,A_I,"{'a': 15.6875, 'b': 14.4375, 'c': 12.875, 'd': 20.75}","{'a': 0.006276221014559269, 'b': 0.0017981675919145346, 'c': 0.00037691640318371356, 'd': 0.9915487170219421}",0.9915487170219421,,"We need answer user's request. Need produce final with reasoning 2-3 bullet points and answer only a-d? User says: ""State the reasoning in 2-3 bullet points and the answer. You can only answer with a, b, c, or d."" There is slight conflict: can only answer with a,b,c,d but also state reasoning. Likely they expect bullet points then Answer: d. Need ensure final not extra? They said exact output format? In system: choose single best answer, follow exact output format specified in instructions — do not add extra commentary, headers, or formatting beyond what requested. User asks Reasoning: Answer: So final should have bullet points and answer. Need likely:
- The context says",
C1_30_A_NI,C1_30,68,1,ambiguous,non-ironic,c,The buffet was a rich.,Qwen3.8-27B,Condition1B_context_richness_stimuli,general_reasoning,"You will read short stories that describe everyday situations and which finish with a person saying something. Your task is to decide, given the situation, what meaning the person is most likely conveying. Each story will be followed by 4 possible meaning interpretations listed from a to d. Read each story and choose the number corresponding to the most likely meaning. State the reasoning in 2-3 bullet points and the answer. You can only answer with a, b, c, or d.
Context: He left the buffet feeling satiated.
Target utterance: He says: """"Truly a feast for the senses."" ""
What meaning is He most likely conveying?
a. The feast was celebrated every year in their village.
b. There had been very little worth eating at the buffet.
c. The buffet was a rich.
d. Diners often have a buffet.
Reasoning:
Answer:
","We need answer user's request. Need produce final with reasoning 2-3 bullet points and answer only a,b,c,d? User: ""State the reasoning in 2-3 bullet points and the answer. You can only answer with a, b, c, or d."" Slight conflict: can only answer with a,b,c,d but also state reasoning. Likely output reasoning bullets then Answer: c. Need choose best. Context: He left buffet feeling satiated. Utterance: ""Truly a feast for the senses."" Meaning likely buffet was rich/abundant. Options: a annual feast, b little worth eating, c buffet was a rich (probably typo rich), d diners often have a buffet. Best c","['c', 'b', 'a', 'd']",1,A_NI,"{'a': 11.3125, 'b': 8.4375, 'c': 10.1875, 'd': 4.84375}","{'a': 0.7232646346092224, 'b': 0.04080379754304886, 'c': 0.23480965197086334, 'd': 0.001121901674196124}",0.7232646346092224,c,,a
C1_31_UA_I,C1_31,27,1,unambiguous,ironic,b,There was barely anything to eat; they left unsatisfied.,Qwen3.8-27B,Condition1B_context_richness_stimuli,general_reasoning,"You will read short stories that describe everyday situations and which finish with a person saying something. Your task is to decide, given the situation, what meaning the person is most likely conveying. Each story will be followed by 4 possible meaning interpretations listed from a to d. Read each story and choose the number corresponding to the most likely meaning. State the reasoning in 2-3 bullet points and the answer. You can only answer with a, b, c, or d.
Context: They left the picnic feeling full.
Target utterance: They say: """"Food for the soul.""""
What meaning is They most likely conveying?
a. She always kept her soul music collection in good order.
b. There was barely anything to eat; they left unsatisfied.
c. The picnic was nourishing and genuinely enjoyable.
d. They spent the morning preparing sandwiches for the picnic.
Reasoning:
Answer:
","We need answer user's request. Need produce final with reasoning 2-3 bullet points and answer only a-d? User: ""State the reasoning in 2-3 bullet points and the answer. You can only answer with a, b, c, or d."" Slight conflict: can only answer with a,b,c,d but also state reasoning. Likely output reasoning bullets then Answer: c. Need ensure final maybe only includes reasoning and answer. Need choose best meaning. Context: They left picnic feeling full. Target: ""Food for the soul."" Meaning likely nourishing and genuinely enjoyable. c. Need 2-3 bullets.
</think>

- The phrase “food for the soul” is an idiom meaning something deeply satisfying or","['c', 'b', 'a', 'd']",1,UA_I,"{'a': 13.8125, 'b': 14.1875, 'c': 21.25, 'd': 9.75}","{'a': 0.0005878995289094746, 'b': 0.0008553887601010501, 'c': 0.9985465407371521, 'd': 1.011537005979335e-05}",0.9985465407371521,c,,a
C1_32_UA_NI,C1_32,73,1,unambiguous,non-ironic,c,His plate had been full with food and he ate it all up.,Qwen3.8-27B,Condition1B_context_richness_stimuli,general_reasoning,"You will read short stories that describe everyday situations and which finish with a person saying something. Your task is to decide, given the situation, what meaning the person is most likely conveying. Each story will be followed by 4 possible meaning interpretations listed from a to d. Read each story and choose the number corresponding to the most likely meaning. State the reasoning in 2-3 bullet points and the answer. You can only answer with a, b, c, or d.
Context: He looked at the empty plate in front of him and was full.
Target utterance: He says: """"No way I could eat more."" ""
What meaning is He most likely conveying?
a. The waiter had forgotten to fill his plate and he did not eat anything.
b. He went to a stylish pottery to buy a special plate.
c. His plate had been full with food and he ate it all up.
d. He prefers to eat his lunch alone.
Reasoning:
Answer:
","We need answer user's request. Need produce final with reasoning 2-3 bullet points and answer only a-d? User: ""State the reasoning in 2-3 bullet points and the answer. You can only answer with a, b, c, or d."" This is slightly contradictory: wants reasoning and answer, but can only answer with a,b,c,d? Likely means final answer choice only a-d, but also reasoning. We need satisfy: provide bullet points then Answer: c. Ensure no extra formatting? They ask exact output format? ""Reasoning:
Answer:"" likely. Need choose c. Reasoning: empty plate and full means ate all food. Utterance no way could eat more means full. So c.","['b', 'd', 'a', 'c']",1,UA_NI,"{'a': 12.0625, 'b': 10.25, 'c': 12.875, 'd': 5.15625}","{'a': 0.29258742928504944, 'b': 0.04776358604431152, 'c': 0.6593559384346008, 'd': 0.00029302819166332483}",0.6593559384346008,c,"Answer:"" likely. Need choose c. Reasoning: empty plate and full means ate all food. Utterance no way could eat more means full. So c.",a
C1_33_A_I,C1_33,199,1,ambiguous,ironic,a,The library was far too noisy to concentrate.,Qwen3.8-27B,Condition1B_context_richness_stimuli,general_reasoning,"You will read short stories that describe everyday situations and which finish with a person saying something. Your task is to decide, given the situation, what meaning the person is most likely conveying. Each story will be followed by 4 possible meaning interpretations listed from a to d. Read each story and choose the number corresponding to the most likely meaning. State the reasoning in 2-3 bullet points and the answer. You can only answer with a, b, c, or d.
Context: She walked into the library and it was loud.
Target utterance: She says: """"Perfect place to concentrate.""""
What meaning is She most likely conveying?
a. The library was far too noisy to concentrate.
b. She looked for a new book in the library.
c. She asked her colleague for a place to concentrate.
d. The library was a calm and quiet environment.
Reasoning:
Answer:
","We need answer user's request. Need produce final with reasoning 2-3 bullet points and answer only a,b,c,d? User says: ""State the reasoning in 2-3 bullet points and the answer. You can only answer with a, b, c, or d."" There's slight conflict: can only answer with a,b,c,d but also state reasoning. Likely they want reasoning bullets then answer line. Need choose best meaning. Context: library loud. She says ""Perfect place to concentrate."" This is likely sarcasm/irony: library too noisy to concentrate. Option a. Need 2-3 bullets. Ensure final maybe:
- The library is described as loud, which normally hinders concentration.
- Calling","['b', 'd', 'c', 'a']",1,A_I,"{'a': 21.375, 'b': 15.25, 'c': 13.375, 'd': 13.75}","{'a': 0.9969980716705322, 'b': 0.002180924406275153, 'c': 0.00033445560256950557, 'd': 0.00048663001507520676}",0.9969980716705322,,"We need answer user's request. Need produce final with reasoning 2-3 bullet points and answer only a,b,c,d? User says: ""State the reasoning in 2-3 bullet points and the answer. You can only answer with a, b, c, or d."" There's slight conflict: can only answer with a,b,c,d but also state reasoning. Likely they want reasoning bullets then answer line. Need choose best meaning. Context: library loud. She says ""Perfect place to concentrate."" This is likely sarcasm/irony: library too noisy to concentrate. Option a. Need 2-3 bullets. Ensure final maybe:
- The library is described as loud, which normally hinders concentration.
- Calling",
C1_34_A_NI,C1_34,283,1,ambiguous,non-ironic,b,The concert was surprisingly quiet.,Qwen3.8-27B,Condition1B_context_richness_stimuli,general_reasoning,"You will read short stories that describe everyday situations and which finish with a person saying something. Your task is to decide, given the situation, what meaning the person is most likely conveying. Each story will be followed by 4 possible meaning interpretations listed from a to d. Read each story and choose the number corresponding to the most likely meaning. State the reasoning in 2-3 bullet points and the answer. You can only answer with a, b, c, or d.
Context: We came back from a concert which was loud.
Target utterance: I say: """"I've almost gone deaf.""""
What meaning is She most likely conveying?
a. The concert was pretty loud.
b. The concert was surprisingly quiet.
c. My grandfather is deaf.
d. I was looking forward to the next concert.
Reasoning:
Answer:
","We need answer user's request. Need produce final with reasoning 2-3 bullet points and answer only a/b/c/d? User says: ""State the reasoning in 2-3 bullet points and the answer. You can only answer with a, b, c, or d."" There is slight conflict: can only answer with a,b,c,d but also state reasoning. Likely they want reasoning bullets then Answer: x. Need ensure final not extra? They specified format: Reasoning:
Answer:
So final should have bullets under Reasoning and Answer: a. Need choose best meaning. Context: came back from loud concert. Utterance: ""I've almost gone deaf."" Most likely conveying concert was pretty loud. Option a","['b', 'a', 'c', 'd']",1,A_NI,"{'a': 16.0, 'b': 12.6875, 'c': 9.3125, 'd': 7.15625}","{'a': 0.9635622501373291, 'b': 0.03509775176644325, 'c': 0.0012009789934381843, 'd': 0.00013902342470828444}",0.9635622501373291,a,"Answer:
So final should have bullets under Reasoning and Answer: a. Need choose best meaning. Context: came back from loud concert. Utterance: ""I've almost gone deaf."" Most likely conveying concert was pretty loud. Option a",b
C1_35_UA_I,C1_35,117,1,unambiguous,ironic,d,The movie was very loud.,Qwen3.8-27B,Condition1B_context_richness_stimuli,general_reasoning,"You will read short stories that describe everyday situations and which finish with a person saying something. Your task is to decide, given the situation, what meaning the person is most likely conveying. Each story will be followed by 4 possible meaning interpretations listed from a to d. Read each story and choose the number corresponding to the most likely meaning. State the reasoning in 2-3 bullet points and the answer. You can only answer with a, b, c, or d.
Context:  She watched a movie in the theater and found it deafening.
Target utterance: She says: """"It was so difficult to hear.""""
What meaning is She most likely conveying?
a. She generally has difficulties with her hearing.
b. The movie was too quiet to hear.
c. Watching a movie in the theater is a real event.
d. The movie was very loud.
Reasoning:
Answer:
","We need answer user's request. Need produce final with reasoning 2-3 bullet points and answer only a-d? User: ""State the reasoning in 2-3 bullet points and the answer. You can only answer with a, b, c, or d."" Hmm contradictory: wants reasoning and answer, but ""You can only answer with a, b, c, or d."" In prompt: ""Reasoning:
Answer:"" likely expects bullet points then answer. Need satisfy: provide reasoning bullets and answer. But ""You can only answer with a, b, c, or d"" maybe means final answer letter only? However they explicitly ask state reasoning. We can include reasoning bullets and answer line. Need choose best. Context:","['c', 'a', 'd', 'b']",1,UA_I,"{'a': 16.25, 'b': 17.25, 'c': 13.375, 'd': 16.875}","{'a': 0.17721247673034668, 'b': 0.4817134439945221, 'c': 0.009997643530368805, 'd': 0.3310765027999878}",0.4817134439945221,a,"Answer:"" likely expects bullet points then answer. Need satisfy: provide reasoning bullets and answer. But ""You can only answer with a, b, c, or d"" maybe means final answer letter only? However they explicitly ask state reasoning. We can include reasoning bullets and answer line. Need choose best. Context:",c
C1_36_UA_NI,C1_36,214,1,unambiguous,non-ironic,b,He thinks that his neighbours' are having a great party with music.,Qwen3.8-27B,Condition1B_context_richness_stimuli,general_reasoning,"You will read short stories that describe everyday situations and which finish with a person saying something. Your task is to decide, given the situation, what meaning the person is most likely conveying. Each story will be followed by 4 possible meaning interpretations listed from a to d. Read each story and choose the number corresponding to the most likely meaning. State the reasoning in 2-3 bullet points and the answer. You can only answer with a, b, c, or d.
Context: His neighbours' music was deafening.
Target utterance: He says: """"It seems like they are having a great party.""""
What meaning is He most likely conveying?
a. He would expected to hear louder music from his neighbours' party.
b. He thinks that his neighbours' are having a great party with music.
c. He likes talking about pop music.
d. He is still unsure which party to vote for in the upcoming elections.
Reasoning:
Answer:
","We need answer user's request. Need produce final with reasoning 2-3 bullet points and answer only a/b/c/d? User says: ""State the reasoning in 2-3 bullet points and the answer. You can only answer with a, b, c, or d."" There is slight conflict: can only answer with a,b,c,d but also state reasoning. Likely they expect bullet reasoning then Answer: x. Need choose best. Context: neighbours' music deafening. Utterance: ""It seems like they are having a great party."" Meaning likely b: thinks neighbours are having a great party with music. a says expected louder music? no. c pop music no. d political party no. Need output concise. Ensure","['b', 'a', 'd', 'c']",1,UA_NI,"{'a': 13.375, 'b': 12.0, 'c': 7.65625, 'd': 6.1875}","{'a': 0.7956212759017944, 'b': 0.20116455852985382, 'c': 0.0026126715820282698, 'd': 0.0006014711689203978}",0.7956212759017944,a,,b
C1_37_A_I,C1_37,282,1,ambiguous,ironic,a,The questions were straightforward and required little effort.,Qwen3.8-27B,Condition1B_context_richness_stimuli,general_reasoning,"You will read short stories that describe everyday situations and which finish with a person saying something. Your task is to decide, given the situation, what meaning the person is most likely conveying. Each story will be followed by 4 possible meaning interpretations listed from a to d. Read each story and choose the number corresponding to the most likely meaning. State the reasoning in 2-3 bullet points and the answer. You can only answer with a, b, c, or d.
Context: She prepared easy questions for the students.
Target utterance: She says: """"I hope they're prepared for this.""""
What meaning is She most likely conveying?
a. The questions were straightforward and required little effort.
b. She had never felt so well prepared for a meeting.
c. The questions required thorough preparation to answer.
d. She posted the question on the class forum.
Reasoning:
Answer:
","We need answer user's request. Need produce final with reasoning 2-3 bullet points and answer only a,b,c,d? User says: ""State the reasoning in 2-3 bullet points and the answer. You can only answer with a, b, c, or d."" There's slight conflict: can only answer with a,b,c,d but also state reasoning. Likely they expect format:
Reasoning:
- ...
- ...
Answer: c
Need choose best. Context: She prepared easy questions for students. Target: ""I hope they're prepared for this."" If questions are easy, saying hope they're prepared for this likely ironic? Meaning: questions were straightforward and required little effort? Let's analyze. She","['b', 'c', 'a', 'd']",1,A_I,"{'a': 16.625, 'b': 16.25, 'c': 18.25, 'd': 11.0625}","{'a': 0.1477203518152237, 'b': 0.10152661055326462, 'c': 0.7501858472824097, 'd': 0.0005671230028383434}",0.7501858472824097,c,"- ...
- ...
Answer: c
Need choose best. Context: She prepared easy questions for students. Target: ""I hope they're prepared for this."" If questions are easy, saying hope they're prepared for this likely ironic? Meaning: questions were straightforward and required little effort? Let's analyze. She",a
C1_38_A_NI,C1_38,194,1,ambiguous,non-ironic,b,Booking the appointment was straightforward and effortless.,Qwen3.8-27B,Condition1B_context_richness_stimuli,general_reasoning,"You will read short stories that describe everyday situations and which finish with a person saying something. Your task is to decide, given the situation, what meaning the person is most likely conveying. Each story will be followed by 4 possible meaning interpretations listed from a to d. Read each story and choose the number corresponding to the most likely meaning. State the reasoning in 2-3 bullet points and the answer. You can only answer with a, b, c, or d.
Context: He booked an appointment through a system which was easy to use.
Target utterance: He says:  """"That was about as easy as it gets.""""
What meaning is He most likely conveying?
a. He always found parallel parking easy as it gets.
b. Booking the appointment was straightforward and effortless.
c. Booking the appointment was frustrating and difficult.
d. He decided to cancel the appointment.
Reasoning:
Answer:
","We need answer user's request. Need produce final with reasoning 2-3 bullet points and answer only a,b,c,d? User says: ""State the reasoning in 2-3 bullet points and the answer. You can only answer with a, b, c, or d."" There is slight conflict: can only answer with a,b,c,d but also state reasoning. Likely output should include reasoning bullets and answer line. Need choose b. Need ensure final maybe:
- The context says the appointment system was easy to use.
- The idiom ""about as easy as it gets"" means extremely easy/straightforward.
Answer: b
But ""You can only answer with a, b, c, or d."" Could","['c', 'a', 'b', 'd']",1,A_NI,"{'a': 16.625, 'b': 21.25, 'c': 12.1875, 'd': 9.3125}","{'a': 0.009707298129796982, 'b': 0.9901713728904724, 'c': 0.00011479332169983536, 'd': 6.476196176663507e-06}",0.9901713728904724,b,,a
C1_39_UA_I,C1_39,80,1,unambiguous,ironic,a,"Anyone could have done the task, no special abilities required.",Qwen3.8-27B,Condition1B_context_richness_stimuli,general_reasoning,"You will read short stories that describe everyday situations and which finish with a person saying something. Your task is to decide, given the situation, what meaning the person is most likely conveying. Each story will be followed by 4 possible meaning interpretations listed from a to d. Read each story and choose the number corresponding to the most likely meaning. State the reasoning in 2-3 bullet points and the answer. You can only answer with a, b, c, or d.
Context: They finished a trivial task for their maths lesson.
Target utterance: They say: """"We must be very smart.""""
What meaning is They most likely conveying?
a. Anyone could have done the task, no special abilities required.
b. They were always smart about managing their money.
c. They were given another task after the math lesson.
d. Completing the task was a genuine sign of intelligence.
Reasoning:
Answer:
","We need answer user's request. Need produce final with reasoning 2-3 bullet points and answer only a-d? User: ""State the reasoning in 2-3 bullet points and the answer. You can only answer with a, b, c, or d."" Slight conflict: can only answer with a,b,c,d but also state reasoning. Likely output bullet points then Answer: a. Need choose. Context: finished trivial task for maths lesson. They say: ""We must be very smart."" Likely sarcasm/irony: trivial task, so ""we must be very smart"" means anyone could have done it, no special abilities. Option a. Need 2-3 bullets. Ensure final concise.
</think>

-","['b', 'c', 'd', 'a']",1,UA_I,"{'a': 22.375, 'b': 16.625, 'c': 14.6875, 'd': 15.875}","{'a': 0.9948816299438477, 'b': 0.0031664902344346046, 'c': 0.00045617614523507655, 'd': 0.0014957439852878451}",0.9948816299438477,a,,b
C1_40_UA_NI,C1_40,145,1,unambiguous,non-ironic,b,Making the payment was a smooth and effortless experience.,Qwen3.8-27B,Condition1B_context_richness_stimuli,general_reasoning,"You will read short stories that describe everyday situations and which finish with a person saying something. Your task is to decide, given the situation, what meaning the person is most likely conveying. Each story will be followed by 4 possible meaning interpretations listed from a to d. Read each story and choose the number corresponding to the most likely meaning. State the reasoning in 2-3 bullet points and the answer. You can only answer with a, b, c, or d.
Context: He made a payment through a website which was trivial to use.
Target utterance: He says:  """"Technology at its finest.""""
What meaning is He most likely conveying?
a. Making the payment was complicated and painful.
b. Making the payment was a smooth and effortless experience.
c. He always thought the finest restaurants required a reservation.
d. He decided to cancel the payment altogether.
Reasoning:
Answer:
","We need answer user's request. Need produce final with reasoning 2-3 bullet points and answer only a/b/c/d? User says: ""State the reasoning in 2-3 bullet points and the answer. You can only answer with a, b, c, or d."" There is slight conflict: can only answer with a,b,c,d but also state reasoning. Likely they expect format:
Reasoning:
- ...
- ...
Answer: b
Need ensure answer is single letter. Let's craft concise.
Context: payment through website trivial to use. Utterance ""Technology at its finest."" means praising smooth effortless tech. Option b.
Need final no extra formatting? They asked exact output format? ""","['b', 'a', 'c', 'd']",1,UA_NI,"{'a': 13.875, 'b': 15.8125, 'c': 8.875, 'd': 7.84375}","{'a': 0.12577800452709198, 'b': 0.8730723261833191, 'c': 0.0008474854403175414, 'd': 0.0003021802695002407}",0.8730723261833191,b,"- ...
- ...
Answer: b
Need ensure answer is single letter. Let's craft concise.
Context: payment through website trivial to use. Utterance ""Technology at its finest."" means praising smooth effortless tech. Option b.
Need final no extra formatting? They asked exact output format? """,a
C1_41_A_I,C1_41,206,1,ambiguous,ironic,b,Her kitchen was a mess.,Qwen3.8-27B,Condition1B_context_richness_stimuli,general_reasoning,"You will read short stories that describe everyday situations and which finish with a person saying something. Your task is to decide, given the situation, what meaning the person is most likely conveying. Each story will be followed by 4 possible meaning interpretations listed from a to d. Read each story and choose the number corresponding to the most likely meaning. State the reasoning in 2-3 bullet points and the answer. You can only answer with a, b, c, or d.
Context: She finished cooking and the kitchen was dirty.
Target utterance: She says: """"I'm the sort of person who likes to keep things tidy.""""
What meaning is She most likely conveying?
a. The apartment came with a fully equipped kitchen.
b. Her kitchen was a mess.
c. Children should regularly tidy up their rooms.
d. Her kitchen was tidy.
Reasoning:
Answer:
","We need answer user's request. Need produce final with reasoning 2-3 bullet points and answer only a,b,c,d? User says: ""State the reasoning in 2-3 bullet points and the answer. You can only answer with a, b, c, or d."" There's slight conflict: need reasoning and answer, but ""You can only answer with a, b, c, or d"" likely means final answer letter only? But they explicitly ask reasoning. We need satisfy: provide reasoning bullets and answer. Maybe final should include bullets and Answer: b. But ""You can only answer with a, b, c, or d"" maybe from task means choose option, not extra? However prompt says state reasoning. We","['d', 'b', 'c', 'a']",1,A_I,"{'a': 14.1875, 'b': 17.875, 'c': 10.5, 'd': 11.125}","{'a': 0.024380333721637726, 'b': 0.9738690257072449, 'c': 0.0006103497580625117, 'd': 0.0011402833042666316}",0.9738690257072449,b,,b
C1_42_A_NI,C1_42,223,1,ambiguous,non-ironic,a,The room was tidied up well before it got too messy.,Qwen3.8-27B,Condition1B_context_richness_stimuli,general_reasoning,"You will read short stories that describe everyday situations and which finish with a person saying something. Your task is to decide, given the situation, what meaning the person is most likely conveying. Each story will be followed by 4 possible meaning interpretations listed from a to d. Read each story and choose the number corresponding to the most likely meaning. State the reasoning in 2-3 bullet points and the answer. You can only answer with a, b, c, or d.
Context: They walked into the room and found it dirty.
Target utterance: They said: ""“Looks like you didn’t wait too long to clean it.”""
What meaning is They most likely conveying?
a. The room was tidied up well before it got too messy.
b. They decided to book a different room altogether.
c. They never had to wait long for a table.
d. The room was left in a terrible state for far too long.
Reasoning:
Answer:
","We need answer user's request. Need produce final with reasoning 2-3 bullet points and answer only a-d? User: ""State the reasoning in 2-3 bullet points and the answer. You can only answer with a, b, c, or d."" Hmm contradictory: can only answer with a,b,c,d but also state reasoning. Likely output reasoning bullets then Answer: x. Need choose best. Context: They walked into room and found it dirty. Utterance: ""Looks like you didn’t wait too long to clean it."" This is sarcastic? If room dirty, saying didn't wait too long to clean it likely means it was left dirty too long? Let's parse. ""Looks like you didn’t wait","['a', 'd', 'c', 'b']",1,A_NI,"{'a': 15.5625, 'b': 17.125, 'c': 14.6875, 'd': 16.75}","{'a': 0.10563600808382034, 'b': 0.5039612054824829, 'c': 0.044035639613866806, 'd': 0.34636715054512024}",0.5039612054824829,,"We need answer user's request. Need produce final with reasoning 2-3 bullet points and answer only a-d? User: ""State the reasoning in 2-3 bullet points and the answer. You can only answer with a, b, c, or d."" Hmm contradictory: can only answer with a,b,c,d but also state reasoning. Likely output reasoning bullets then Answer: x. Need choose best. Context: They walked into room and found it dirty. Utterance: ""Looks like you didn’t wait too long to clean it."" This is sarcastic? If room dirty, saying didn't wait too long to clean it likely means it was left dirty too long? Let's parse. ""Looks like you didn’t wait",
C1_43_UA_I,C1_43,95,1,unambiguous,ironic,a,The street was far from pretty.,Qwen3.8-27B,Condition1B_context_richness_stimuli,general_reasoning,"You will read short stories that describe everyday situations and which finish with a person saying something. Your task is to decide, given the situation, what meaning the person is most likely conveying. Each story will be followed by 4 possible meaning interpretations listed from a to d. Read each story and choose the number corresponding to the most likely meaning. State the reasoning in 2-3 bullet points and the answer. You can only answer with a, b, c, or d.
Context: The street was filthy.
Target utterance: They say:  """"Such a beautiful walk.""""
What meaning is They most likely conveying?
a. The street was far from pretty.
b. They went for a walk in the park.
c. A dog was barking on the street.
d. The street was genuinely pleasant.
Reasoning:
Answer:
","We need answer user's request. Need produce final with reasoning 2-3 bullet points and answer only a,b,c,d? User says: ""State the reasoning in 2-3 bullet points and the answer. You can only answer with a, b, c, or d."" There is slight conflict: can only answer with a,b,c,d but also state reasoning. Likely they expect format:
Reasoning:
- ...
- ...
Answer: a
Need choose best. Context: street filthy. Target: ""Such a beautiful walk."" Likely sarcasm/irony meaning street was far from pretty. Option a. Need 2-3 bullets. Ensure final not extra? They said exact output format? In system:","['b', 'c', 'd', 'a']",1,UA_I,"{'a': 15.375, 'b': 12.6875, 'c': 11.8125, 'd': 10.6875}","{'a': 0.9044631123542786, 'b': 0.061549488455057144, 'c': 0.025657644495368004, 'd': 0.008329817093908787}",0.9044631123542786,a,"- ...
- ...
Answer: a
Need choose best. Context: street filthy. Target: ""Such a beautiful walk."" Likely sarcasm/irony meaning street was far from pretty. Option a. Need 2-3 bullets. Ensure final not extra? They said exact output format? In system:",b
C1_44_UA_NI,C1_44,12,1,unambiguous,non-ironic,a,The floor was very clean.,Qwen3.8-27B,Condition1B_context_richness_stimuli,general_reasoning,"You will read short stories that describe everyday situations and which finish with a person saying something. Your task is to decide, given the situation, what meaning the person is most likely conveying. Each story will be followed by 4 possible meaning interpretations listed from a to d. Read each story and choose the number corresponding to the most likely meaning. State the reasoning in 2-3 bullet points and the answer. You can only answer with a, b, c, or d.
Context: The floor was filthy.
Target utterance: She says: """"You could practically eat off the floor here.""""
What meaning is She most likely conveying?
a. The floor was very clean.
b. She could eat a whole cake.
c. The dance floor was very empty.
d. The floor was very dirty.
Reasoning:
Answer:
","We need answer user's request. Need produce final with reasoning 2-3 bullet points and answer only a-d? User: ""State the reasoning in 2-3 bullet points and the answer. You can only answer with a, b, c, or d."" There is slight conflict: can only answer with a,b,c,d but also state reasoning. Likely they want reasoning bullets then Answer: x. Need choose. Context floor filthy. Utterance ""You could practically eat off the floor here."" Usually idiom means very clean, but context says floor was filthy, so likely sarcastic/ironic meaning floor dirty? Need decide most likely conveying given situation. If floor filthy, saying you could practically eat off floor is sarcastic","['a', 'c', 'd', 'b']",1,UA_NI,"{'a': 15.625, 'b': 15.0625, 'c': 12.3125, 'd': 11.75}","{'a': 0.6146424412727356, 'b': 0.3502127230167389, 'c': 0.02238835021853447, 'd': 0.012756496667861938}",0.6146424412727356,,"We need answer user's request. Need produce final with reasoning 2-3 bullet points and answer only a-d? User: ""State the reasoning in 2-3 bullet points and the answer. You can only answer with a, b, c, or d."" There is slight conflict: can only answer with a,b,c,d but also state reasoning. Likely they want reasoning bullets then Answer: x. Need choose. Context floor filthy. Utterance ""You could practically eat off the floor here."" Usually idiom means very clean, but context says floor was filthy, so likely sarcastic/ironic meaning floor dirty? Need decide most likely conveying given situation. If floor filthy, saying you could practically eat off floor is sarcastic",
C1_45_A_I,C1_45,115,1,ambiguous,ironic,b,The movie wasn't amusing.,Qwen3.8-27B,Condition1B_context_richness_stimuli,general_reasoning,"You will read short stories that describe everyday situations and which finish with a person saying something. Your task is to decide, given the situation, what meaning the person is most likely conveying. Each story will be followed by 4 possible meaning interpretations listed from a to d. Read each story and choose the number corresponding to the most likely meaning. State the reasoning in 2-3 bullet points and the answer. You can only answer with a, b, c, or d.
Context: They watched a funny movie.
Target utterance: They say: """"That was the perfect movie for a laugh.""""
What meaning is They most likely conveying?
a. They saw three movies that week.
b. The movie wasn't amusing.
c. The movie was funny and great.
d. They had such a perfect night.
Reasoning:
Answer:
","We need answer user's request. Need produce final with reasoning 2-3 bullet points and answer only a-d? User: ""State the reasoning in 2-3 bullet points and the answer. You can only answer with a, b, c, or d."" Slight conflict: can only answer with a,b,c,d but also state reasoning. Likely output bullet points then Answer: c. Need ensure final maybe only includes reasoning and answer. Need choose c. Reasoning: context funny movie, utterance perfect movie for a laugh means it was funny and great. Not about number movies, not not amusing, not whole night.
</think>

- The context says they watched a funny movie.
- “Perfect movie for a laugh","['d', 'b', 'a', 'c']",1,A_I,"{'a': 13.875, 'b': 13.25, 'c': 21.5, 'd': 12.0625}","{'a': 0.0004876909661106765, 'b': 0.00026104217977263033, 'c': 0.9991717338562012, 'd': 7.961336814332753e-05}",0.9991717338562012,c,"context funny movie, utterance perfect movie for a laugh means it was funny and great. Not about number movies, not not amusing, not whole night.
</think>

- The context says they watched a funny movie.
- “Perfect movie for a laugh",a
C1_46_A_NI,C1_46,36,1,ambiguous,non-ironic,a,The musical left her deeply moved.,Qwen3.8-27B,Condition1B_context_richness_stimuli,general_reasoning,"You will read short stories that describe everyday situations and which finish with a person saying something. Your task is to decide, given the situation, what meaning the person is most likely conveying. Each story will be followed by 4 possible meaning interpretations listed from a to d. Read each story and choose the number corresponding to the most likely meaning. State the reasoning in 2-3 bullet points and the answer. You can only answer with a, b, c, or d.
Context: The musical she watched was really funny.
Target utterance: She says: """"That cracked me up.""""
What meaning is She most likely conveying?
a. The musical left her deeply moved.
b. The joke cracked everyone up.
c. The musical was purely for laughs.
d. She answered some questions about the musical.
Reasoning:
Answer:
","We need answer user's request. Need produce final with reasoning 2-3 bullet points and answer only a,b,c,d? User: ""State the reasoning in 2-3 bullet points and the answer. You can only answer with a, b, c, or d."" There is slight conflict: can only answer with a,b,c,d but also state reasoning. Likely they want reasoning bullets then Answer: letter. Need choose best meaning. Context: musical really funny. Target: ""That cracked me up."" Meaning: it made her laugh a lot. Options: a deeply moved, b joke cracked everyone up, c musical was purely for laughs, d answered questions. Most likely c? ""That cracked me up"" means it made me","['a', 'c', 'b', 'd']",1,A_NI,"{'a': 14.875, 'b': 14.875, 'c': 16.125, 'd': 10.8125}","{'a': 0.18156898021697998, 'b': 0.18156898021697998, 'c': 0.6337379813194275, 'd': 0.0031240666285157204}",0.6337379813194275,a,,a
C1_47_UA_I,C1_47,79,1,unambiguous,ironic,a,The situation was far too serious.,Qwen3.8-27B,Condition1B_context_richness_stimuli,general_reasoning,"You will read short stories that describe everyday situations and which finish with a person saying something. Your task is to decide, given the situation, what meaning the person is most likely conveying. Each story will be followed by 4 possible meaning interpretations listed from a to d. Read each story and choose the number corresponding to the most likely meaning. State the reasoning in 2-3 bullet points and the answer. You can only answer with a, b, c, or d.
Context: The situation was hilarious.
Target utterance: She says: """"Truly something to laugh about.""""
What meaning is She most likely conveying?
a. The situation was far too serious.
b. She tried to make the best of the situation.
c. She always found it hard to laugh about things.
d. The situation was genuinely amusing.
Reasoning:
Answer:
","We need answer user's request. Need produce final with reasoning 2-3 bullet points and answer only a,b,c,d? User says: ""State the reasoning in 2-3 bullet points and the answer. You can only answer with a, b, c, or d."" There's slight conflict: can only answer with a,b,c,d but also state reasoning. Likely output bullet points then Answer: d. Need ensure final not extra? They want exact format? ""Reasoning:
Answer:"" in prompt. We should provide bullets under Reasoning and answer. Need choose meaning. Context: situation was hilarious. Utterance: ""Truly something to laugh about."" Most likely conveying situation genuinely amusing. d. Reasoning:","['b', 'd', 'c', 'a']",1,UA_I,"{'a': 15.125, 'b': 13.125, 'c': 11.875, 'd': 18.75}","{'a': 0.025840573012828827, 'b': 0.0034971414133906364, 'c': 0.001001947675831616, 'd': 0.9696603417396545}",0.9696603417396545,d,"Answer:"" in prompt. We should provide bullets under Reasoning and answer. Need choose meaning. Context: situation was hilarious. Utterance: ""Truly something to laugh about."" Most likely conveying situation genuinely amusing. d. Reasoning:",a
C1_48_UA_NI,C1_48,130,1,unambiguous,non-ironic,a,The talk contained humour.,Qwen3.8-27B,Condition1B_context_richness_stimuli,general_reasoning,"You will read short stories that describe everyday situations and which finish with a person saying something. Your task is to decide, given the situation, what meaning the person is most likely conveying. Each story will be followed by 4 possible meaning interpretations listed from a to d. Read each story and choose the number corresponding to the most likely meaning. State the reasoning in 2-3 bullet points and the answer. You can only answer with a, b, c, or d.
Context: His talk was hilarious. 
Target utterance: Hey says: """"Wow, so many jokes in one talk.""""
What meaning is He most likely conveying?
a. The talk contained humour.
b. He was a fan of old jokes.
c. He decided to cancel the talk.
d. The talk contained no humour.
Reasoning:
Answer:
","We need answer user's request. Need produce final with reasoning 2-3 bullet points and answer only a/b/c/d? User says: ""State the reasoning in 2-3 bullet points and the answer. You can only answer with a, b, c, or d."" There is slight conflict: can only answer with a,b,c,d but also state reasoning. Likely they want reasoning bullets then Answer: x. Need choose. Context: His talk was hilarious. Target: ""Wow, so many jokes in one talk."" Meaning most likely: talk contained humour. Option a. Need concise. Ensure final maybe:
- The context says the talk was hilarious, indicating it was funny.
- Saying there were many jokes supports that","['a', 'c', 'd', 'b']",1,UA_NI,"{'a': 21.875, 'b': 13.75, 'c': 14.5, 'd': 14.75}","{'a': 0.9982755184173584, 'b': 0.00029553420608863235, 'c': 0.0006256459164433181, 'd': 0.0008033452904783189}",0.9982755184173584,a,,a
C1_49_A_I,C1_49,184,1,ambiguous,ironic,c,The airport experience was thoroughly unpleasant.,Qwen3.8-27B,Condition1B_context_richness_stimuli,general_reasoning,"You will read short stories that describe everyday situations and which finish with a person saying something. Your task is to decide, given the situation, what meaning the person is most likely conveying. Each story will be followed by 4 possible meaning interpretations listed from a to d. Read each story and choose the number corresponding to the most likely meaning. State the reasoning in 2-3 bullet points and the answer. You can only answer with a, b, c, or d.
Context: He had a good experience at the airport.
Target utterance: He says: """"A complete nightmare, really.""""
What meaning is He most likely conveying?
a. The airport experience was enjoyable.
b. He decided to book a different airport transfer.
c. The airport experience was thoroughly unpleasant.
d. He came back from his trip exhausted.
Reasoning:
Answer:
","We need answer user's request. Need produce final with reasoning 2-3 bullet points and answer only a,b,c,d? User says: ""State the reasoning in 2-3 bullet points and the answer. You can only answer with a, b, c, or d."" There is slight conflict: can only answer with a,b,c,d but also state reasoning. Likely they expect bullet points then Answer: c. Need ensure final maybe only includes reasoning and answer. Need choose c. Reasoning: context says good experience but utterance says complete nightmare, likely sarcastic? Wait context: ""He had a good experience at the airport."" Target: He says: ""A complete nightmare, really."" What meaning most likely conveying? Options","['a', 'd', 'b', 'c']",1,A_I,"{'a': 14.6875, 'b': 12.9375, 'c': 17.875, 'd': 8.1875}","{'a': 0.03936532884836197, 'b': 0.006840669084340334, 'c': 0.9537346959114075, 'd': 5.918338138144463e-05}",0.9537346959114075,c,"context says good experience but utterance says complete nightmare, likely sarcastic? Wait context: ""He had a good experience at the airport."" Target: He says: ""A complete nightmare, really."" What meaning most likely conveying? Options",b
C1_50_A_NI,C1_50,39,1,ambiguous,non-ironic,b,The exam results were impressive,Qwen3.8-27B,Condition1B_context_richness_stimuli,general_reasoning,"You will read short stories that describe everyday situations and which finish with a person saying something. Your task is to decide, given the situation, what meaning the person is most likely conveying. Each story will be followed by 4 possible meaning interpretations listed from a to d. Read each story and choose the number corresponding to the most likely meaning. State the reasoning in 2-3 bullet points and the answer. You can only answer with a, b, c, or d.
Context: He studied hard for the exam, and the results were good.
Target utterance: He says: """"Well, this is amazing.""""
What meaning is He most likely conveying?
a. He had one more exam this week.
b. The exam results were impressive
c. He always found art museums amazing.
d. The exam results were deeply disappointing.
Reasoning:
Answer:
","We need answer user's request. Need produce final with reasoning 2-3 bullet points and answer only a/b/c/d? User says: ""State the reasoning in 2-3 bullet points and the answer. You can only answer with a, b, c, or d."" There is slight conflict: can only answer with a,b,c,d but also state reasoning. Likely they expect bullet reasoning then Answer: b. Need ensure final maybe only includes reasoning and answer. Need choose b. Context: studied hard, results good. ""Well, this is amazing."" likely means results impressive. Need 2-3 bullets.
</think>

- The context says he studied hard and the results were good.
- Saying “this is amazing","['d', 'a', 'c', 'b']",1,A_NI,"{'a': 14.25, 'b': 21.5, 'c': 11.8125, 'd': 11.625}","{'a': 0.0007095898617990315, 'b': 0.9991769194602966, 'c': 6.200326606631279e-05, 'd': 5.140251960256137e-05}",0.9991769194602966,b,,a
C1_51_UA_I,C1_51,42,1,unambiguous,ironic,b,They found the play entertaining.,Qwen3.8-27B,Condition1B_context_richness_stimuli,general_reasoning,"You will read short stories that describe everyday situations and which finish with a person saying something. Your task is to decide, given the situation, what meaning the person is most likely conveying. Each story will be followed by 4 possible meaning interpretations listed from a to d. Read each story and choose the number corresponding to the most likely meaning. State the reasoning in 2-3 bullet points and the answer. You can only answer with a, b, c, or d.
Context: They left the play feeling excellent.
Target utterance: They said:  """"That wasn't fun at all.""""
What meaning is They most likely conveying?
a. They had fun eating together.
b. They found the play entertaining.
c. They liked to watch a play in their favorite theatre.
d. They found the play dull.
Reasoning:
Answer:
","We need answer user's request. Need produce final with reasoning 2-3 bullet points and answer only a-d? User says: ""State the reasoning in 2-3 bullet points and the answer. You can only answer with a, b, c, or d."" There is slight conflict: can only answer with a,b,c,d but also state reasoning. Likely output should include reasoning bullets and answer line. Need choose best. Context: They left the play feeling excellent. Target: They said: ""That wasn't fun at all."" What meaning most likely conveying? Options: a had fun eating together, b found play entertaining, c liked to watch a play in favorite theatre, d found play dull. If they left feeling excellent but","['c', 'b', 'd', 'a']",1,UA_I,"{'a': 14.3125, 'b': 16.125, 'c': 13.0625, 'd': 16.75}","{'a': 0.05303170904517174, 'b': 0.3248586058616638, 'c': 0.015193838626146317, 'd': 0.6069157719612122}",0.6069157719612122,,"We need answer user's request. Need produce final with reasoning 2-3 bullet points and answer only a-d? User says: ""State the reasoning in 2-3 bullet points and the answer. You can only answer with a, b, c, or d."" There is slight conflict: can only answer with a,b,c,d but also state reasoning. Likely output should include reasoning bullets and answer line. Need choose best. Context: They left the play feeling excellent. Target: They said: ""That wasn't fun at all."" What meaning most likely conveying? Options: a had fun eating together, b found play entertaining, c liked to watch a play in favorite theatre, d found play dull. If they left feeling excellent but",
C1_52_UA_NI,C1_52,110,1,unambiguous,non-ironic,c,The rmeal was a genuinely enjoyable experience.,Qwen3.8-27B,Condition1B_context_richness_stimuli,general_reasoning,"You will read short stories that describe everyday situations and which finish with a person saying something. Your task is to decide, given the situation, what meaning the person is most likely conveying. Each story will be followed by 4 possible meaning interpretations listed from a to d. Read each story and choose the number corresponding to the most likely meaning. State the reasoning in 2-3 bullet points and the answer. You can only answer with a, b, c, or d.
Context: She had an excellent meal at a restaurant.
Target utterance: She says: """"That was a great restaurant visit.""""
What meaning is She most likely conveying?
a. She found the whole meal disappointing.
b. She wanted to try the meal for months.
c. The rmeal was a genuinely enjoyable experience.
d. She always enjoyed a restaurant visit before a big day out.
Reasoning:
Answer:
","We need answer user's request. Need produce final with reasoning 2-3 bullet points and answer only a-d? User: ""State the reasoning in 2-3 bullet points and the answer. You can only answer with a, b, c, or d."" There is slight conflict: can only answer with a,b,c,d but also state reasoning. Likely output reasoning bullets then Answer: c. Need ensure final not extra? They ask exact format? ""Reasoning:
Answer:"" likely fill. Need choose c. Reasoning: context excellent meal, utterance great restaurant visit means enjoyable. Not a, b, d. Need 2-3 bullets. Final maybe:
- The context says she had an excellent meal,","['b', 'd', 'a', 'c']",1,UA_NI,"{'a': 13.875, 'b': 13.375, 'c': 20.5, 'd': 9.0625}","{'a': 0.0013239443069323897, 'b': 0.0008030128083191812, 'c': 0.9978623986244202, 'd': 1.07603782453225e-05}",0.9978623986244202,c,"Answer:"" likely fill. Need choose c. Reasoning: context excellent meal, utterance great restaurant visit means enjoyable. Not a, b, d. Need 2-3 bullets. Final maybe:
- The context says she had an excellent meal,",a
C1_53_A_I,C1_53,94,1,ambiguous,ironic,b,The ground was dried out.,Qwen3.8-27B,Condition1B_context_richness_stimuli,general_reasoning,"You will read short stories that describe everyday situations and which finish with a person saying something. Your task is to decide, given the situation, what meaning the person is most likely conveying. Each story will be followed by 4 possible meaning interpretations listed from a to d. Read each story and choose the number corresponding to the most likely meaning. State the reasoning in 2-3 bullet points and the answer. You can only answer with a, b, c, or d.
Context: After the weather changed, the ground became wet.
Target utterance: She says: """"Perfect conditions for a picnic..""""
What meaning is She most likely conveying?
a. She knelt in the mud to look closely at the earth.
b. The ground was dried out.
c. The ground was uneven where she stood.
d. The ground was moist and muddy after the rain.
Reasoning:
Answer:
","We need answer user's request. Need produce final with reasoning 2-3 bullet points and answer only a-d? User: ""State the reasoning in 2-3 bullet points and the answer. You can only answer with a, b, c, or d."" There is slight conflict: can only answer with a,b,c,d but also state reasoning. Likely they expect bullet reasoning then Answer: x. Need choose best meaning. Context: weather changed, ground became wet. Utterance: ""Perfect conditions for a picnic."" This is likely sarcasm? If ground wet/muddy, not perfect for picnic. Meaning she is conveying? Options: a knelt in mud to look closely at earth; b ground dried out; c ground","['c', 'b', 'd', 'a']",1,A_I,"{'a': 14.5625, 'b': 15.875, 'c': 14.6875, 'd': 16.875}","{'a': 0.06270284205675125, 'b': 0.23296931385993958, 'c': 0.07105162739753723, 'd': 0.6332762241363525}",0.6332762241363525,a,,c
C1_54_A_NI,C1_54,141,1,ambiguous,non-ironic,a,The garden was struggling without any water.,Qwen3.8-27B,Condition1B_context_richness_stimuli,general_reasoning,"You will read short stories that describe everyday situations and which finish with a person saying something. Your task is to decide, given the situation, what meaning the person is most likely conveying. Each story will be followed by 4 possible meaning interpretations listed from a to d. Read each story and choose the number corresponding to the most likely meaning. State the reasoning in 2-3 bullet points and the answer. You can only answer with a, b, c, or d.
Context: The garden was wet in the morning.
Target utterance: They said: """"That’s enough water for the day.""""
What meaning is They most likely conveying?
a. The garden was struggling without any water.
b. The garden was just watered and needed to dry out.
c. They wanted a new water feature.
d. They played some boardgames in the garden.
Reasoning:
Answer:
","We need answer user's request. Need produce final with reasoning 2-3 bullet points and answer only a/b/c/d? User says ""State the reasoning in 2-3 bullet points and the answer. You can only answer with a, b, c, or d."" There is slight conflict: can only answer with a,b,c,d but also state reasoning. Likely output bullet points then Answer: x. Need choose best. Context: garden wet in morning. Utterance: ""That's enough water for the day."" Most likely meaning: garden was just watered and needed to dry out? Let's analyze options. a struggling without any water - no, wet. b just watered and needed to dry out - yes,","['a', 'b', 'c', 'd']",1,A_NI,"{'a': 14.75, 'b': 17.0, 'c': 11.5, 'd': 8.375}","{'a': 0.09498287737369537, 'b': 0.9011724591255188, 'c': 0.003682886017486453, 'd': 0.00016181472165044397}",0.9011724591255188,a,,a
C1_55_UA_I,C1_55,108,1,unambiguous,ironic,c,The plants had been wilting due to lack of water.,Qwen3.8-27B,Condition1B_context_richness_stimuli,general_reasoning,"You will read short stories that describe everyday situations and which finish with a person saying something. Your task is to decide, given the situation, what meaning the person is most likely conveying. Each story will be followed by 4 possible meaning interpretations listed from a to d. Read each story and choose the number corresponding to the most likely meaning. State the reasoning in 2-3 bullet points and the answer. You can only answer with a, b, c, or d.
Context: The field was soaked.
Target utterance: He says: """"Terrible news for anything trying to grow..""""
What meaning is He most likely conveying?
a. He had been reading about different farming techniques.
b. He was considering buying a new tractor.
c. The plants had been wilting due to lack of water.
d. The plants had been getting plenty of moisture to grow.
Reasoning:
Answer:
","We need answer user's request. Need produce final with reasoning 2-3 bullet points and answer only a-d? User: ""State the reasoning in 2-3 bullet points and the answer. You can only answer with a, b, c, or d."" Need likely format:
Reasoning:
- ...
- ...
Answer: d
Need choose best. Context: field soaked. Utterance: ""Terrible news for anything trying to grow."" If field soaked, too much water, bad for plants. Options: a reading farming techniques, b buying tractor, c plants wilting due to lack water, d plants had been getting plenty of moisture to grow. Most likely conveying? The utterance says terrible news","['c', 'd', 'b', 'a']",1,UA_I,"{'a': 14.125, 'b': 15.0, 'c': 14.3125, 'd': 19.125}","{'a': 0.0065351673401892185, 'b': 0.01567705161869526, 'c': 0.007882916368544102, 'd': 0.9699048399925232}",0.9699048399925232,d,"- ...
- ...
Answer: d
Need choose best. Context: field soaked. Utterance: ""Terrible news for anything trying to grow."" If field soaked, too much water, bad for plants. Options: a reading farming techniques, b buying tractor, c plants wilting due to lack water, d plants had been getting plenty of moisture to grow. Most likely conveying? The utterance says terrible news",a
C1_56_UA_NI,C1_56,101,1,unambiguous,non-ironic,a,Her hair was soaking wet.,Qwen3.8-27B,Condition1B_context_richness_stimuli,general_reasoning,"You will read short stories that describe everyday situations and which finish with a person saying something. Your task is to decide, given the situation, what meaning the person is most likely conveying. Each story will be followed by 4 possible meaning interpretations listed from a to d. Read each story and choose the number corresponding to the most likely meaning. State the reasoning in 2-3 bullet points and the answer. You can only answer with a, b, c, or d.
Context: She saw her soaked hair.
Target utterance: She said: """"The rain really caught me by surprise.""""
What meaning is She most likely conveying?
a. Her hair was soaking wet.
b. Her hair was completely dry.
c. She had her hair cut short last week.
d. They organised a surprise party for him.
Reasoning:
Answer:
","We need answer user's request. Need produce final with reasoning 2-3 bullet points and answer only a/b/c/d? User says: ""State the reasoning in 2-3 bullet points and the answer. You can only answer with a, b, c, or d."" There is slight conflict: can only answer with a,b,c,d but also state reasoning. Likely they expect format:
Reasoning:
- ...
- ...
Answer: a
Need choose best. Context: She saw her soaked hair. Utterance: ""The rain really caught me by surprise."" Meaning most likely conveying? Options: a hair soaking wet, b dry, c cut short, d surprise party. The utterance explains why hair","['a', 'b', 'd', 'c']",1,UA_NI,"{'a': 17.625, 'b': 15.0, 'c': 11.375, 'd': 9.6875}","{'a': 0.9304684996604919, 'b': 0.0674029141664505, 'c': 0.0017962268320843577, 'd': 0.00033226856612600386}",0.9304684996604919,a,"- ...
- ...
Answer: a
Need choose best. Context: She saw her soaked hair. Utterance: ""The rain really caught me by surprise."" Meaning most likely conveying? Options: a hair soaking wet, b dry, c cut short, d surprise party. The utterance explains why hair",a
C1_57_A_I,C1_57,23,1,ambiguous,ironic,b,I thought the outfit was ugly.,Qwen3.8-27B,Condition1B_context_richness_stimuli,general_reasoning,"You will read short stories that describe everyday situations and which finish with a person saying something. Your task is to decide, given the situation, what meaning the person is most likely conveying. Each story will be followed by 4 possible meaning interpretations listed from a to d. Read each story and choose the number corresponding to the most likely meaning. State the reasoning in 2-3 bullet points and the answer. You can only answer with a, b, c, or d.
Context: I wore a pretty outfit to attend the award ceremony.
Target utterance: I say: """"I really didn't try at all today.""""
What meaning is I most likely conveying?
a. I admired the outfit.
b. I thought the outfit was ugly.
c. The comedians on the stage enjoyed themselves.
d. I received an amazing award.
Reasoning:
Answer:
","We need answer user's request. Need produce final with reasoning 2-3 bullet points and answer only a,b,c,d? User says: ""State the reasoning in 2-3 bullet points and the answer. You can only answer with a, b, c, or d."" There's tension: can only answer with a,b,c,d but also state reasoning. Likely they expect format:
Reasoning:
- ...
- ...
Answer: a
But ""You can only answer with a, b, c, or d."" Maybe means final answer letter only? But they explicitly ask state reasoning. We need satisfy: include reasoning bullets and answer. Maybe final answer line only letter? The instruction: ""State the reasoning in","['a', 'b', 'd', 'c']",1,A_I,"{'a': 18.625, 'b': 16.75, 'c': 15.375, 'd': 14.125}","{'a': 0.8310906291007996, 'b': 0.12745188176631927, 'c': 0.032224878668785095, 'd': 0.009232582524418831}",0.8310906291007996,a,"- ...
- ...
Answer: a
But ""You can only answer with a, b, c, or d."" Maybe means final answer letter only? But they explicitly ask state reasoning. We need satisfy: include reasoning bullets and answer. Maybe final answer line only letter? The instruction: ""State the reasoning in",a
C1_58_A_NI,C1_58,33,1,ambiguous,non-ironic,d,She admired the car.,Qwen3.8-27B,Condition1B_context_richness_stimuli,general_reasoning,"You will read short stories that describe everyday situations and which finish with a person saying something. Your task is to decide, given the situation, what meaning the person is most likely conveying. Each story will be followed by 4 possible meaning interpretations listed from a to d. Read each story and choose the number corresponding to the most likely meaning. State the reasoning in 2-3 bullet points and the answer. You can only answer with a, b, c, or d.
Context: She saw a pretty car on the street.
Target utterance: She says: """"That’s a real beauty.""""
What meaning is she most likely conveying?
a. She thought the painting was beautiful.
b. She had booked a car.
c. She thought the car was ugly.
d. She admired the car.
Reasoning:
Answer:
","We need answer user's request. Need produce final with reasoning 2-3 bullet points and answer only a-d? User: ""State the reasoning in 2-3 bullet points and the answer. You can only answer with a, b, c, or d."" Slight conflict: can only answer with a,b,c,d but also state reasoning. Likely output bullet points then Answer: d. Need ensure final not extra? They ask exact format? ""Reasoning:
Answer:"" likely fill. Need choose d. Reasoning: context pretty car, ""real beauty"" idiom means very attractive, so admired car. Not painting, booking, ugly.
Need final concise. Ensure only answer? They say can only answer with a","['c', 'd', 'b', 'a']",1,A_NI,"{'a': 14.0625, 'b': 14.125, 'c': 10.875, 'd': 16.75}","{'a': 0.05952146276831627, 'b': 0.06336026638746262, 'c': 0.0024567442014813423, 'd': 0.8746615052223206}",0.8746615052223206,d,"Answer:"" likely fill. Need choose d. Reasoning: context pretty car, ""real beauty"" idiom means very attractive, so admired car. Not painting, booking, ugly.
Need final concise. Ensure only answer? They say can only answer with a",a
C1_59_UA_I,C1_59,175,1,unambiguous,ironic,c,The painting was genuinely beautiful.,Qwen3.8-27B,Condition1B_context_richness_stimuli,general_reasoning,"You will read short stories that describe everyday situations and which finish with a person saying something. Your task is to decide, given the situation, what meaning the person is most likely conveying. Each story will be followed by 4 possible meaning interpretations listed from a to d. Read each story and choose the number corresponding to the most likely meaning. State the reasoning in 2-3 bullet points and the answer. You can only answer with a, b, c, or d.
Context: He looked at a stunning painting.
Target utterance: He said: """"That's hard to look at.""""
What meaning is He most likely conveying?
a. He gave her a stern look.
b. The painting was genuinely ugly.
c. The painting was genuinely beautiful.
d. They spent the weekend for this painting.
Reasoning:
Answer:
","We need answer user's request. Need produce final with reasoning 2-3 bullet points and answer only a,b,c,d? User says ""State the reasoning in 2-3 bullet points and the answer. You can only answer with a, b, c, or d."" Slight conflict: can only answer with a,b,c,d but also state reasoning. Likely output reasoning bullets then Answer: c. Need choose best. Context: He looked at a stunning painting. Target: ""That's hard to look at."" Meaning? If painting stunning, saying hard to look at likely means beautiful to the point of awe? Option c genuinely beautiful. b ugly contradicts stunning. a irrelevant. d irrelevant. So c. Need concise. Ensure","['c', 'a', 'b', 'd']",1,UA_I,"{'a': 11.5625, 'b': 9.9375, 'c': 12.125, 'd': 5.4375}","{'a': 0.33850640058517456, 'b': 0.06665585935115814, 'c': 0.5940971970558167, 'd': 0.0007404796779155731}",0.5940971970558167,c,,b
C1_60_UA_NI,C1_60,19,1,unambiguous,non-ironic,a,They thought the bird was beautiful.,Qwen3.8-27B,Condition1B_context_richness_stimuli,general_reasoning,"You will read short stories that describe everyday situations and which finish with a person saying something. Your task is to decide, given the situation, what meaning the person is most likely conveying. Each story will be followed by 4 possible meaning interpretations listed from a to d. Read each story and choose the number corresponding to the most likely meaning. State the reasoning in 2-3 bullet points and the answer. You can only answer with a, b, c, or d.
Context: They saw a stunning bird.
Target utterance: They said: """"A real eye-catcher.""""
What meaning is They most likely conveying?
a. They thought the bird was beautiful.
b. They had a great time on a trip.
c. They thought the bird was not beautiful.
d. The bird looked at them really closely.
Reasoning:
Answer:
","We need answer user's request. Need produce final with reasoning 2-3 bullet points and answer only a/b/c/d? User says: ""State the reasoning in 2-3 bullet points and the answer. You can only answer with a, b, c, or d."" There is slight conflict: can only answer with a,b,c,d but also state reasoning. Likely they expect format:
Reasoning:
- ...
- ...
Answer: a
Need ensure final not extra? They said exact output format? In system: choose single best answer, follow exact output format specified in instructions — do not add extra commentary, headers, or formatting beyond what requested. User requested Reasoning: and Answer: likely. Need include","['a', 'd', 'b', 'c']",1,UA_NI,"{'a': 18.375, 'b': 14.4375, 'c': 14.0625, 'd': 11.125}","{'a': 0.9674857258796692, 'b': 0.018862968310713768, 'c': 0.012964315712451935, 'd': 0.0006870835786685348}",0.9674857258796692,,"We need answer user's request. Need produce final with reasoning 2-3 bullet points and answer only a/b/c/d? User says: ""State the reasoning in 2-3 bullet points and the answer. You can only answer with a, b, c, or d."" There is slight conflict: can only answer with a,b,c,d but also state reasoning. Likely they expect format:
Reasoning:
- ...
- ...
Answer: a
Need ensure final not extra? They said exact output format? In system: choose single best answer, follow exact output format specified in instructions — do not add extra commentary, headers, or formatting beyond what requested. User requested Reasoning: and Answer: likely. Need include",
C1_61_A_I,C1_61,85,1,ambiguous,ironic,a,The kettle was expensive.,Qwen3.8-27B,Condition1B_context_richness_stimuli,general_reasoning,"You will read short stories that describe everyday situations and which finish with a person saying something. Your task is to decide, given the situation, what meaning the person is most likely conveying. Each story will be followed by 4 possible meaning interpretations listed from a to d. Read each story and choose the number corresponding to the most likely meaning. State the reasoning in 2-3 bullet points and the answer. You can only answer with a, b, c, or d.
Context: I found a nice kettle which was expensive.
Target utterance: I said: """"What a steal.""""
What meaning is I most likely conveying?
a. The kettle was expensive.
b. A thief tried to steal my bag.
c. The kettle was a real bargain.
d. The kettle boiled over..
Reasoning:
Answer:
","We need answer user's request. Need produce final with reasoning 2-3 bullet points and answer only a-d? User says: ""State the reasoning in 2-3 bullet points and the answer. You can only answer with a, b, c, or d."" There is slight conflict: can only answer with a,b,c,d but also state reasoning. Likely they expect format:
Reasoning:
- ...
- ...
Answer: c
Need ensure answer single letter. Need choose meaning: ""What a steal"" idiom means bargain, especially if expensive? Context: found nice kettle which was expensive. Wait ""expensive"" maybe means high quality? Actually ""I found a nice kettle which was expensive."" If expensive","['b', 'c', 'a', 'd']",1,A_I,"{'a': 14.3125, 'b': 13.9375, 'c': 18.625, 'd': 8.875}","{'a': 0.013102988712489605, 'b': 0.009005543775856495, 'c': 0.9778344631195068, 'd': 5.700252950191498e-05}",0.9778344631195068,c,"- ...
- ...
Answer: c
Need ensure answer single letter. Need choose meaning: ""What a steal"" idiom means bargain, especially if expensive? Context: found nice kettle which was expensive. Wait ""expensive"" maybe means high quality? Actually ""I found a nice kettle which was expensive."" If expensive",a
C1_62_A_NI,C1_62,13,1,ambiguous,non-ironic,b,The vase was worth a lot of money.,Qwen3.8-27B,Condition1B_context_richness_stimuli,general_reasoning,"You will read short stories that describe everyday situations and which finish with a person saying something. Your task is to decide, given the situation, what meaning the person is most likely conveying. Each story will be followed by 4 possible meaning interpretations listed from a to d. Read each story and choose the number corresponding to the most likely meaning. State the reasoning in 2-3 bullet points and the answer. You can only answer with a, b, c, or d.
Context: He broke an expensive vase.

Target utterance: He said: """"Well, there goes a priceless treasure""""
What meaning is He most likely conveying?
a. The experience of breaking the vase was worth it.
b. The vase was worth a lot of money.
c. He went on a hike and picked up flowers.
d. The vase was not pricy.
Reasoning:
Answer:
","We need answer user's request. Need produce final with reasoning 2-3 bullet points and answer only a-d? User says: ""State the reasoning in 2-3 bullet points and the answer. You can only answer with a, b, c, or d."" There is slight conflict: can only answer with a,b,c,d but also state reasoning. Likely output format:
Reasoning:
- ...
- ...
Answer: b
Need ensure answer single best. Context: broke expensive vase. Utterance: ""Well, there goes a priceless treasure"". Meaning likely b: vase was worth a lot of money. ""priceless"" can mean extremely valuable, not literally no price. Option d says not pricy","['c', 'a', 'd', 'b']",1,A_NI,"{'a': 15.0625, 'b': 19.375, 'c': 12.125, 'd': 10.875}","{'a': 0.013210912235081196, 'b': 0.9858884215354919, 'c': 0.0007001527119427919, 'd': 0.00020059711823705584}",0.9858884215354919,b,"- ...
- ...
Answer: b
Need ensure answer single best. Context: broke expensive vase. Utterance: ""Well, there goes a priceless treasure"". Meaning likely b: vase was worth a lot of money. ""priceless"" can mean extremely valuable, not literally no price. Option d says not pricy",a
C1_63_UA_I,C1_63,189,1,unambiguous,ironic,b,The perfume was not pricy.,Qwen3.8-27B,Condition1B_context_richness_stimuli,general_reasoning,"You will read short stories that describe everyday situations and which finish with a person saying something. Your task is to decide, given the situation, what meaning the person is most likely conveying. Each story will be followed by 4 possible meaning interpretations listed from a to d. Read each story and choose the number corresponding to the most likely meaning. State the reasoning in 2-3 bullet points and the answer. You can only answer with a, b, c, or d.
Context: She was wearing overpriced perfume.
Target utterance: She said: """"Smells like it's from a gas station.""""
What meaning is She most likely conveying?
a. The perfume was pricy.
b. The perfume was not pricy.
c. The fragrance label was worth reading.
d. The ocean was calm and quiet.
Reasoning:
Answer:
","We need answer user's request. Need produce final with reasoning 2-3 bullet points and answer only a,b,c,d? User says: ""State the reasoning in 2-3 bullet points and the answer. You can only answer with a, b, c, or d."" This is slightly contradictory: need reasoning and answer, but ""You can only answer with a,b,c,d"" likely means final answer letter only? But they explicitly ask reasoning. We need satisfy: provide reasoning bullets and answer. Maybe final should include bullets then Answer: b. But ""You can only answer with a, b, c, or d."" Could mean the answer choice only, not extra? However prompt says state reasoning. We should include concise bullets","['a', 'b', 'c', 'd']",1,UA_I,"{'a': 14.375, 'b': 18.125, 'c': 11.0625, 'd': 8.875}","{'a': 0.0229560025036335, 'b': 0.97611403465271, 'c': 0.0008361723157577217, 'd': 9.381593554280698e-05}",0.97611403465271,b,,b
C1_64_UA_NI,C1_64,285,1,unambiguous,non-ironic,a,The bag was worth a lot.,Qwen3.8-27B,Condition1B_context_richness_stimuli,general_reasoning,"You will read short stories that describe everyday situations and which finish with a person saying something. Your task is to decide, given the situation, what meaning the person is most likely conveying. Each story will be followed by 4 possible meaning interpretations listed from a to d. Read each story and choose the number corresponding to the most likely meaning. State the reasoning in 2-3 bullet points and the answer. You can only answer with a, b, c, or d.
Context: She got an overpriced bag.
Target utterance: She said: """"Looks like a real designer piece.""""
What meaning is She most likely conveying?
a. The bag was worth a lot.
b. She liked to wear that designer piece.
c. She had dark bags under her eyes.
d. The bag was worth very little.
Reasoning:
Answer:
","We need answer user's request. Need produce final with reasoning 2-3 bullet points and answer only a/b/c/d? User says: ""State the reasoning in 2-3 bullet points and the answer. You can only answer with a, b, c, or d."" There is slight conflict: can only answer with a,b,c,d but also state reasoning. Likely they expect format:
Reasoning:
- ...
- ...
Answer: d
Need choose best. Context: She got an overpriced bag. Utterance: ""Looks like a real designer piece."" Sarcasm? Overpriced bag, says looks like real designer piece, likely means it's not real / worth very little? Options","['a', 'c', 'd', 'b']",1,UA_NI,"{'a': 15.8125, 'b': 15.625, 'c': 14.5625, 'd': 19.125}","{'a': 0.033818963915109634, 'b': 0.02803690731525421, 'c': 0.009689295664429665, 'd': 0.9284548163414001}",0.9284548163414001,d,"- ...
- ...
Answer: d
Need choose best. Context: She got an overpriced bag. Utterance: ""Looks like a real designer piece."" Sarcasm? Overpriced bag, says looks like real designer piece, likely means it's not real / worth very little? Options",b
C1_65_A_I,C1_65,61,1,ambiguous,ironic,d,The house felt spacious and huge.,Qwen3.8-27B,Condition1B_context_richness_stimuli,general_reasoning,"You will read short stories that describe everyday situations and which finish with a person saying something. Your task is to decide, given the situation, what meaning the person is most likely conveying. Each story will be followed by 4 possible meaning interpretations listed from a to d. Read each story and choose the number corresponding to the most likely meaning. State the reasoning in 2-3 bullet points and the answer. You can only answer with a, b, c, or d.
Context: They moved into a big house.
Target utterance: They said: """"You can barely turn around in here.""""
What meaning is They most likely conveying?
a. The house was red and blue.
b. They made a sharp turn at the end of the road.
c. The house felt cramped and tiny.
d. The house felt spacious and huge.
Reasoning:
Answer:
","We need answer user's request. Need produce final with reasoning 2-3 bullet points and answer only a-d? User says ""State the reasoning in 2-3 bullet points and the answer. You can only answer with a, b, c, or d."" There is slight conflict: can only answer with a,b,c,d but also state reasoning. Likely output bullet points then Answer: c. Need ensure final not extra? They requested format:
Reasoning:
Answer:
So final should have Reasoning bullets and Answer: c. Need choose c: ""You can barely turn around in here"" idiom means cramped, not spacious. Context big house maybe ironic? They moved into big house, but saying barely turn around","['d', 'c', 'a', 'b']",1,A_I,"{'a': 12.9375, 'b': 11.9375, 'c': 17.375, 'd': 8.375}","{'a': 0.011635811068117619, 'b': 0.004280575551092625, 'c': 0.9839621782302856, 'd': 0.00012143057392677292}",0.9839621782302856,c,"Answer:
So final should have Reasoning bullets and Answer: c. Need choose c: ""You can barely turn around in here"" idiom means cramped, not spacious. Context big house maybe ironic? They moved into big house, but saying barely turn around",a
C1_66_A_NI,C1_66,149,1,ambiguous,non-ironic,c,They thought the concert was huge.,Qwen3.8-27B,Condition1B_context_richness_stimuli,general_reasoning,"You will read short stories that describe everyday situations and which finish with a person saying something. Your task is to decide, given the situation, what meaning the person is most likely conveying. Each story will be followed by 4 possible meaning interpretations listed from a to d. Read each story and choose the number corresponding to the most likely meaning. State the reasoning in 2-3 bullet points and the answer. You can only answer with a, b, c, or d.
Context: They attended a concert at a big venue.
Target utterance: They said: """"What a massive event.""""
What meaning is they most likely conveying?
a. They liked go to concerts.
b. They organized a massive event for dating.
c. They thought the concert was huge.
d. They thought the concert was small.
Reasoning:
Answer:
","We need answer user's request. Need produce final with reasoning 2-3 bullet points and answer only a,b,c,d? User says ""State the reasoning in 2-3 bullet points and the answer. You can only answer with a, b, c, or d."" Slight conflict: can only answer with a,b,c,d but also state reasoning. Likely output bullet points then Answer: c. Need ensure final not extra? They want exact format? ""Reasoning:
Answer:"" in prompt. We should provide bullets under Reasoning and answer. Need choose c. Let's craft concise.
</think>

Reasoning:
- The context says they attended a concert at a big venue.
- “What a massive event","['d', 'c', 'a', 'b']",1,A_NI,"{'a': 12.875, 'b': 12.1875, 'c': 21.75, 'd': 11.8125}","{'a': 0.00013980550284031779, 'b': 7.029862172203138e-05, 'c': 0.9997416138648987, 'd': 4.831548721995205e-05}",0.9997416138648987,c,"Answer:"" in prompt. We should provide bullets under Reasoning and answer. Need choose c. Let's craft concise.
</think>

Reasoning:
- The context says they attended a concert at a big venue.
- “What a massive event",a
C1_67_UA_I,C1_67,193,1,unambiguous,ironic,b,She thought the spider was huge.,Qwen3.8-27B,Condition1B_context_richness_stimuli,general_reasoning,"You will read short stories that describe everyday situations and which finish with a person saying something. Your task is to decide, given the situation, what meaning the person is most likely conveying. Each story will be followed by 4 possible meaning interpretations listed from a to d. Read each story and choose the number corresponding to the most likely meaning. State the reasoning in 2-3 bullet points and the answer. You can only answer with a, b, c, or d.
Context: She spotted a enormous spider.
Target utterance: She said: """"Almost didn't see it.""""
What meaning is She most likely conveying?
a. She thought the spider was tiny.
b. She thought the spider was huge.
c. She went to see her doctor on Monday.
d. She drew a spider diagram to plan her essay.
Reasoning:
Answer:
","We need answer user's request. Need produce final with reasoning 2-3 bullet points and answer only a/b/c/d? User says: ""State the reasoning in 2-3 bullet points and the answer. You can only answer with a, b, c, or d."" There's slight conflict: can only answer with a,b,c,d but also state reasoning. Likely they want reasoning bullets then Answer: x. Need choose best. Context: She spotted an enormous spider. Utterance: ""Almost didn't see it."" Meaning? If spider enormous, almost didn't see it likely because it was huge? Wait ""Almost didn't see it"" could mean it was hard to see, maybe tiny? But context says enormous spider","['a', 'b', 'c', 'd']",1,UA_I,"{'a': 15.5625, 'b': 17.25, 'c': 13.5, 'd': 10.25}","{'a': 0.1529516726732254, 'b': 0.8268488645553589, 'c': 0.019445622339844704, 'd': 0.0007539885700680315}",0.8268488645553589,,"We need answer user's request. Need produce final with reasoning 2-3 bullet points and answer only a/b/c/d? User says: ""State the reasoning in 2-3 bullet points and the answer. You can only answer with a, b, c, or d."" There's slight conflict: can only answer with a,b,c,d but also state reasoning. Likely they want reasoning bullets then Answer: x. Need choose best. Context: She spotted an enormous spider. Utterance: ""Almost didn't see it."" Meaning? If spider enormous, almost didn't see it likely because it was huge? Wait ""Almost didn't see it"" could mean it was hard to see, maybe tiny? But context says enormous spider",
C1_68_UA_NI,C1_68,34,1,unambiguous,non-ironic,b,I thought the dog was huge.,Qwen3.8-27B,Condition1B_context_richness_stimuli,general_reasoning,"You will read short stories that describe everyday situations and which finish with a person saying something. Your task is to decide, given the situation, what meaning the person is most likely conveying. Each story will be followed by 4 possible meaning interpretations listed from a to d. Read each story and choose the number corresponding to the most likely meaning. State the reasoning in 2-3 bullet points and the answer. You can only answer with a, b, c, or d.
Context: I met an enormous dog.
Target utterance: I said: """"He could swallow me whole.""""
What meaning is I most likely conveying?
a. I swallowed a pill.
b. I thought the dog was huge.
c. The dog wore a collar.
d. I thought the dog was small.
Reasoning:
Answer:
","We need answer user's request. Need produce final with reasoning 2-3 bullet points and answer only a/b/c/d? User: ""State the reasoning in 2-3 bullet points and the answer. You can only answer with a, b, c, or d."" There is slight conflict: can only answer with a,b,c,d but also state reasoning. Likely they expect bullet points then Answer: b. Need ensure final maybe only includes reasoning and answer. Need choose b. Need maybe no extra commentary. Format:
Reasoning:
- ...
- ...
Answer: b
But ""You can only answer with a, b, c, or d."" Could mean final answer letter only? But they explicitly ask state","['c', 'a', 'd', 'b']",1,UA_NI,"{'a': 14.0, 'b': 18.0, 'c': 9.4375, 'd': 8.625}","{'a': 0.017981337383389473, 'b': 0.9817476868629456, 'c': 0.00018765208369586617, 'd': 8.327011164510623e-05}",0.9817476868629456,b,"- ...
- ...
Answer: b
But ""You can only answer with a, b, c, or d."" Could mean final answer letter only? But they explicitly ask state",a
C1_69_A_I,C1_69,88,1,ambiguous,ironic,d,The pool was super warm.,Qwen3.8-27B,Condition1B_context_richness_stimuli,general_reasoning,"You will read short stories that describe everyday situations and which finish with a person saying something. Your task is to decide, given the situation, what meaning the person is most likely conveying. Each story will be followed by 4 possible meaning interpretations listed from a to d. Read each story and choose the number corresponding to the most likely meaning. State the reasoning in 2-3 bullet points and the answer. You can only answer with a, b, c, or d.
Context: She jumped into a warm pool.
Target utterance: She said:  """"One could catch a cold in here.""""
What meaning is She most likely conveying?
a. She liked to chill on that sofa after work.
b. The pool was super cold.
c. She played a game of pool in the bar.
d. The pool was super warm.
Reasoning:
Answer:
","We need answer user's request. Need produce final with reasoning 2-3 bullet points and answer only a/b/c/d? User says: ""State the reasoning in 2-3 bullet points and the answer. You can only answer with a, b, c, or d."" There is slight conflict: can only answer with a,b,c,d but also state reasoning. Likely they expect bullet points then Answer: letter. Need choose best meaning. Context: She jumped into a warm pool. Target: She said: ""One could catch a cold in here."" If pool is warm, saying one could catch a cold is ironic/sarcastic? Actually if warm pool, saying could catch a cold likely means it's very warm? Wait","['c', 'a', 'd', 'b']",1,A_I,"{'a': 13.4375, 'b': 17.25, 'c': 14.5625, 'd': 16.375}","{'a': 0.014660116285085678, 'b': 0.6635674834251404, 'c': 0.0451563335955143, 'd': 0.27661606669425964}",0.6635674834251404,a,,c
C1_70_A_NI,C1_70,160,1,ambiguous,non-ironic,b,The weather conditions were perfect.,Qwen3.8-27B,Condition1B_context_richness_stimuli,general_reasoning,"You will read short stories that describe everyday situations and which finish with a person saying something. Your task is to decide, given the situation, what meaning the person is most likely conveying. Each story will be followed by 4 possible meaning interpretations listed from a to d. Read each story and choose the number corresponding to the most likely meaning. State the reasoning in 2-3 bullet points and the answer. You can only answer with a, b, c, or d.
Context: He went to the beach, and the weather was warm.
Target utterance: He said: """"Couldn't have asked for better weather.""""
What meaning is he most likely conveying?
a. The weather conditions were awful.
b. The weather conditions were perfect.
c. He meant to harvest the houseplants, but forgot about it.
d. The delivery driver arrived in heavy rain.
Reasoning:
Answer:
","We need answer user's request. Need produce final with reasoning 2-3 bullet points and answer only a-d? User: ""State the reasoning in 2-3 bullet points and the answer. You can only answer with a, b, c, or d."" There is slight conflict: can only answer with a,b,c,d but also state reasoning. Likely output reasoning bullets then Answer: b. Need ensure final not extra? They ask exact format? ""Reasoning:
Answer:"" likely fill. Need choose b. Reasoning: idiom ""couldn't have asked for better"" means perfect; context warm beach. Keep concise.
</think>

- The phrase “couldn’t have asked for better” is an idiomatic way of","['b', 'a', 'd', 'c']",1,A_NI,"{'a': 13.375, 'b': 21.125, 'c': 11.6875, 'd': 9.1875}","{'a': 0.000430519983638078, 'b': 0.9994833469390869, 'c': 7.963819371070713e-05, 'd': 6.537100944115082e-06}",0.9994833469390869,b,"Answer:"" likely fill. Need choose b. Reasoning: idiom ""couldn't have asked for better"" means perfect; context warm beach. Keep concise.
</think>

- The phrase “couldn’t have asked for better” is an idiomatic way of",a
C1_71_UA_I,C1_71,154,1,unambiguous,ironic,d,The room was really warm.,Qwen3.8-27B,Condition1B_context_richness_stimuli,general_reasoning,"You will read short stories that describe everyday situations and which finish with a person saying something. Your task is to decide, given the situation, what meaning the person is most likely conveying. Each story will be followed by 4 possible meaning interpretations listed from a to d. Read each story and choose the number corresponding to the most likely meaning. State the reasoning in 2-3 bullet points and the answer. You can only answer with a, b, c, or d.
Context: I walked into a hot room. 
Target utterance: I said:  """"Feels like the North Pole in here.""""
What meaning is I most likely conveying?
a. I leaned the fishing pole against the wall.
b. There wasn't enough room in the car for everyone.
c. The room was freezing cold.
d. The room was really warm.
Reasoning:
Answer:
","We need answer user's request. Need produce final with reasoning 2-3 bullet points and answer only a,b,c,d? User says: ""State the reasoning in 2-3 bullet points and the answer. You can only answer with a, b, c, or d."" There is slight conflict: can only answer with a,b,c,d but also state reasoning. Likely output should include reasoning bullets and answer line. Need choose best meaning. Context: walked into hot room. Utterance: ""Feels like the North Pole in here."" This is ironic/sarcastic? If room is hot, saying feels like North Pole likely means opposite: room is really warm/hot. Options: c freezing cold, d really warm.","['c', 'd', 'a', 'b']",1,UA_I,"{'a': 16.25, 'b': 14.9375, 'c': 16.5, 'd': 17.125}","{'a': 0.20193669199943542, 'b': 0.05435052514076233, 'c': 0.2592918574810028, 'd': 0.4844209551811218}",0.4844209551811218,,"We need answer user's request. Need produce final with reasoning 2-3 bullet points and answer only a,b,c,d? User says: ""State the reasoning in 2-3 bullet points and the answer. You can only answer with a, b, c, or d."" There is slight conflict: can only answer with a,b,c,d but also state reasoning. Likely output should include reasoning bullets and answer line. Need choose best meaning. Context: walked into hot room. Utterance: ""Feels like the North Pole in here."" This is ironic/sarcastic? If room is hot, saying feels like North Pole likely means opposite: room is really warm/hot. Options: c freezing cold, d really warm.",
C1_72_UA_NI,C1_72,5,1,unambiguous,non-ironic,d,Her coffee was delicious.,Qwen3.8-27B,Condition1B_context_richness_stimuli,general_reasoning,"You will read short stories that describe everyday situations and which finish with a person saying something. Your task is to decide, given the situation, what meaning the person is most likely conveying. Each story will be followed by 4 possible meaning interpretations listed from a to d. Read each story and choose the number corresponding to the most likely meaning. State the reasoning in 2-3 bullet points and the answer. You can only answer with a, b, c, or d.
Context: She took a sip of the hot coffee.
Target utterance: She said: """"This is what freshly made coffee tastes like.""""
What meaning is she most likely conveying?
a. She did an experiment in health science.
b. Her coffee tasted like fresh mint.
c. Her coffee did not taste good.
d. Her coffee was delicious.
Reasoning:
Answer:
","We need answer user's request. Need produce final with reasoning 2-3 bullet points and answer only a,b,c,d? User says: ""State the reasoning in 2-3 bullet points and the answer. You can only answer with a, b, c, or d."" There is slight conflict: can only answer with a,b,c,d but also state reasoning. Likely they expect format:
Reasoning:
- ...
- ...
Answer: d
Need choose best. Context: She took sip hot coffee. Utterance: ""This is what freshly made coffee tastes like."" Meaning likely her coffee was delicious? Or maybe she is saying it tastes like fresh coffee, i.e. good. Options: a experiment,","['d', 'c', 'b', 'a']",1,UA_NI,"{'a': 14.5, 'b': 15.4375, 'c': 13.8125, 'd': 18.625}","{'a': 0.015168929472565651, 'b': 0.03873521834611893, 'c': 0.007627416867762804, 'd': 0.9384684562683105}",0.9384684562683105,d,"- ...
- ...
Answer: d
Need choose best. Context: She took sip hot coffee. Utterance: ""This is what freshly made coffee tastes like."" Meaning likely her coffee was delicious? Or maybe she is saying it tastes like fresh coffee, i.e. good. Options: a experiment,",a
