Item_ID,base_item,presentation_order,seed,context_level,irony_label,correct_option_pos,correct_option_text,model,dataset,prompt_type,prompt,output,original_option_mapping,run,condition,chosen_option,reasoning,chosen_original_option
C1_01_UA_I,C1_01,196,1,unambiguous,ironic,a,The cat was really hard to lift up.,Mistral-7B-Instruct,Condition1B_context_richness_stimuli,rsa,"You will read short stories that describe everyday situations and end with a person saying something.

For each story, there are 4 possible interpretations (a,b,c,d).

Context: He lifted the obese cat from the table.

Target utterance:
He said:  """"That was easy!""""

a. The cat was really hard to lift up.
b. The cat was easy to lift up.
c. He just got a great deal on a cat bed.
d. The exam was really easy.

Answer the following questions in order:

1. Literal Listener (L0):
   How would a listener interpret the utterance literally?
   Answer with a letter from a–d.

2. Informative Speaker (S1):
   Which utterance would an informative speaker be most likely to choose, given the situations described in the answer options, assuming that a listener interprets it literally?
   Answer with a letter from a–d.

3. Pragmatic Listener (L1):
   How would a listener interpret this utterance, knowing that the speaker is informative and chooses the most appropriate utterance for the situation described in the answer options?
   Answer with a letter from a–d.

Final Answer:
  Answer with a letter from a–d.","1. Literal Listener (L0):
   b. The cat was easy to lift up.

2. Informative Speaker (S1):
   b. The cat was easy to lift up. (This is the only option that directly relates to the action described in the passage.)

3. Pragmatic Listener (L1):
   b. The cat was easy to lift up. (Given that the speaker is informative, they would choose the utterance that directly relates to the action described in the passage.)

Final Answer: b. The cat was easy to lift up.","['b', 'a', 'd', 'c']",3,UA_I,b,"1. Literal Listener (L0):
   b. The cat was easy to lift up.

2. Informative Speaker (S1):
   b. The cat was easy to lift up. (This is the only option that directly relates to the action described in the passage.)

3. Pragmatic Listener (L1):
   b. The cat was easy to lift up. (Given that the speaker is informative, they would choose the utterance that directly relates to the action described in the passage.)

Final Answer: b. The cat was easy to lift up.",a
C1_02_UA_NI,C1_02,267,1,unambiguous,non-ironic,d,The dog was really heavy to pick up.,Mistral-7B-Instruct,Condition1B_context_richness_stimuli,rsa,"You will read short stories that describe everyday situations and end with a person saying something.

For each story, there are 4 possible interpretations (a,b,c,d).

Context: She picked up her obese dog.

Target utterance:
She said: """"Heaviest dog ever.""""

a. The dog was very light to pick up.
b. She just adopted a new dog.
c. It was the heaviest package she ever carried.
d. The dog was really heavy to pick up.

Answer the following questions in order:

1. Literal Listener (L0):
   How would a listener interpret the utterance literally?
   Answer with a letter from a–d.

2. Informative Speaker (S1):
   Which utterance would an informative speaker be most likely to choose, given the situations described in the answer options, assuming that a listener interprets it literally?
   Answer with a letter from a–d.

3. Pragmatic Listener (L1):
   How would a listener interpret this utterance, knowing that the speaker is informative and chooses the most appropriate utterance for the situation described in the answer options?
   Answer with a letter from a–d.

Final Answer:
  Answer with a letter from a–d.","1. Literal Listener (L0):
   d. The dog was really heavy to pick up.

2. Informative Speaker (S1):
   d. The dog was really heavy to pick up. (This is the only option that matches the literal interpretation of the utterance.)

3. Pragmatic Listener (L1):
   d. The dog was really heavy to pick up. (Even though the speaker might not have intended to provide information about the weight of the dog, the utterance ""Heaviest dog ever"" implies that the dog was very heavy.)","['b', 'd', 'c', 'a']",3,UA_NI,d,"1. Literal Listener (L0):
   d. The dog was really heavy to pick up.

2. Informative Speaker (S1):
   d. The dog was really heavy to pick up. (This is the only option that matches the literal interpretation of the utterance.)

3. Pragmatic Listener (L1):
   d. The dog was really heavy to pick up. (Even though the speaker might not have intended to provide information about the weight of the dog, the utterance ""Heaviest dog ever"" implies that the dog was very heavy.)",a
C1_03_A_I,C1_03,93,1,ambiguous,ironic,c,Their friend was hard to lift.,Mistral-7B-Instruct,Condition1B_context_richness_stimuli,rsa,"You will read short stories that describe everyday situations and end with a person saying something.

For each story, there are 4 possible interpretations (a,b,c,d).

Context: They lift their overweight friend.

Target utterance:
They said: """"Light as a feather.""""

a. The feather fell gently to the ground.
b. They decided to go out for dinner with their friend.
c. Their friend was hard to lift.
d. Their friend was very easy to lift.

Answer the following questions in order:

1. Literal Listener (L0):
   How would a listener interpret the utterance literally?
   Answer with a letter from a–d.

2. Informative Speaker (S1):
   Which utterance would an informative speaker be most likely to choose, given the situations described in the answer options, assuming that a listener interprets it literally?
   Answer with a letter from a–d.

3. Pragmatic Listener (L1):
   How would a listener interpret this utterance, knowing that the speaker is informative and chooses the most appropriate utterance for the situation described in the answer options?
   Answer with a letter from a–d.

Final Answer:
  Answer with a letter from a–d.","1. Literal Listener (L0):
   d. Their friend was very easy to lift.

2. Informative Speaker (S1):
   d. Their friend was very easy to lift. (This is the only option that makes sense when considering the situation described in the story.)

3. Pragmatic Listener (L1):
   d. Their friend was very easy to lift. (Given that the speaker is informative, they would choose the utterance that best describes the situation, which is that the friend was easy to lift.)

Final Answer: d. Their friend was very easy to lift.","['c', 'd', 'b', 'a']",3,A_I,d,"1. Literal Listener (L0):
   d. Their friend was very easy to lift.

2. Informative Speaker (S1):
   d. Their friend was very easy to lift. (This is the only option that makes sense when considering the situation described in the story.)

3. Pragmatic Listener (L1):
   d. Their friend was very easy to lift. (Given that the speaker is informative, they would choose the utterance that best describes the situation, which is that the friend was easy to lift.)

Final Answer: d. Their friend was very easy to lift.",a
C1_04_A_NI,C1_04,180,1,ambiguous,non-ironic,d,Holding my nephew took all my strength.,Mistral-7B-Instruct,Condition1B_context_richness_stimuli,rsa,"You will read short stories that describe everyday situations and end with a person saying something.

For each story, there are 4 possible interpretations (a,b,c,d).

Context: I held my overweight nephew in my arms.

Target utterance:
I said: """"Heavier than an elephant.""""

a. My nephew ate a burger that day.
b. Holding my nephew took nothing of my strength.
c. The elephant lumbered slowly across the plain.
d. Holding my nephew took all my strength.

Answer the following questions in order:

1. Literal Listener (L0):
   How would a listener interpret the utterance literally?
   Answer with a letter from a–d.

2. Informative Speaker (S1):
   Which utterance would an informative speaker be most likely to choose, given the situations described in the answer options, assuming that a listener interprets it literally?
   Answer with a letter from a–d.

3. Pragmatic Listener (L1):
   How would a listener interpret this utterance, knowing that the speaker is informative and chooses the most appropriate utterance for the situation described in the answer options?
   Answer with a letter from a–d.

Final Answer:
  Answer with a letter from a–d.","1. Literal Listener (L0):
   d. Holding my nephew took all my strength.

2. Informative Speaker (S1):
   d. Holding my nephew took all my strength. (This is the only option that directly relates to the weight of the nephew, which is the subject of the utterance.)

3. Pragmatic Listener (L1):
   d. Holding my nephew took all my strength. (Given that the speaker is informative, they would choose the most appropriate utterance to describe the situation, which is that the nephew is heavy.)","['d', 'b', 'c', 'a']",3,A_NI,d,"1. Literal Listener (L0):
   d. Holding my nephew took all my strength.

2. Informative Speaker (S1):
   d. Holding my nephew took all my strength. (This is the only option that directly relates to the weight of the nephew, which is the subject of the utterance.)

3. Pragmatic Listener (L1):
   d. Holding my nephew took all my strength. (Given that the speaker is informative, they would choose the most appropriate utterance to describe the situation, which is that the nephew is heavy.)",a
C1_05_UA_I,C1_05,10,1,unambiguous,ironic,a,The cake tasted really bad.,Mistral-7B-Instruct,Condition1B_context_richness_stimuli,rsa,"You will read short stories that describe everyday situations and end with a person saying something.

For each story, there are 4 possible interpretations (a,b,c,d).

Context: She ate a delicious cake.

Target utterance:
She said: """"What an amazing flavour.""""

a. The cake tasted really bad.
b. The cake tasted really good.
c. The soup smelled absolutely delicious
d. The cake had three candles on top.

Answer the following questions in order:

1. Literal Listener (L0):
   How would a listener interpret the utterance literally?
   Answer with a letter from a–d.

2. Informative Speaker (S1):
   Which utterance would an informative speaker be most likely to choose, given the situations described in the answer options, assuming that a listener interprets it literally?
   Answer with a letter from a–d.

3. Pragmatic Listener (L1):
   How would a listener interpret this utterance, knowing that the speaker is informative and chooses the most appropriate utterance for the situation described in the answer options?
   Answer with a letter from a–d.

Final Answer:
  Answer with a letter from a–d.","1. Literal Listener (L0):
   b. The cake tasted really good.

2. Informative Speaker (S1):
   b. The cake tasted really good. (Since the speaker ate the cake and said something about its taste, the most likely utterance would be a comment about the taste.)

3. Pragmatic Listener (L1):
   b. The cake tasted really good. (Given that the speaker is informative, they would choose an utterance that accurately reflects the situation, which is a comment about the cake's taste since they ate it.)

Final Answer: b. The cake tasted really good.","['b', 'a', 'c', 'd']",3,UA_I,b,"1. Literal Listener (L0):
   b. The cake tasted really good.

2. Informative Speaker (S1):
   b. The cake tasted really good. (Since the speaker ate the cake and said something about its taste, the most likely utterance would be a comment about the taste.)

3. Pragmatic Listener (L1):
   b. The cake tasted really good. (Given that the speaker is informative, they would choose an utterance that accurately reflects the situation, which is a comment about the cake's taste since they ate it.)

Final Answer: b. The cake tasted really good.",a
C1_06_UA_NI,C1_06,227,1,unambiguous,non-ironic,c,The medicine tasted surprisingly pleasant.,Mistral-7B-Instruct,Condition1B_context_richness_stimuli,rsa,"You will read short stories that describe everyday situations and end with a person saying something.

For each story, there are 4 possible interpretations (a,b,c,d).

Context: He swallowed the medicine and found it delicious.

Target utterance:
He said: """"Tastier than expected.""""

a. He kept the medicine in the bathroom cabinet.
b. The cake was tastier than expected.
c. The medicine tasted surprisingly pleasant.
d. The medicine tasted absolutely awful.

Answer the following questions in order:

1. Literal Listener (L0):
   How would a listener interpret the utterance literally?
   Answer with a letter from a–d.

2. Informative Speaker (S1):
   Which utterance would an informative speaker be most likely to choose, given the situations described in the answer options, assuming that a listener interprets it literally?
   Answer with a letter from a–d.

3. Pragmatic Listener (L1):
   How would a listener interpret this utterance, knowing that the speaker is informative and chooses the most appropriate utterance for the situation described in the answer options?
   Answer with a letter from a–d.

Final Answer:
  Answer with a letter from a–d.","1. Literal Listener (L0):
   c. The medicine tasted surprisingly pleasant.

2. Informative Speaker (S1):
   c. The medicine tasted surprisingly pleasant. (This is the most accurate interpretation of the situation described in the story.)

3. Pragmatic Listener (L1):
   c. The medicine tasted surprisingly pleasant. (Given that the speaker is informative, they would choose the utterance that accurately reflects the situation and the fact that the medicine was delicious.)

Final Answer: c. The medicine tasted surprisingly pleasant.","['d', 'c', 'a', 'b']",3,UA_NI,c,"1. Literal Listener (L0):
   c. The medicine tasted surprisingly pleasant.

2. Informative Speaker (S1):
   c. The medicine tasted surprisingly pleasant. (This is the most accurate interpretation of the situation described in the story.)

3. Pragmatic Listener (L1):
   c. The medicine tasted surprisingly pleasant. (Given that the speaker is informative, they would choose the utterance that accurately reflects the situation and the fact that the medicine was delicious.)

Final Answer: c. The medicine tasted surprisingly pleasant.",a
C1_07_A_I,C1_07,253,1,ambiguous,ironic,c,The smoothie was thoroughly nasty.,Mistral-7B-Instruct,Condition1B_context_richness_stimuli,rsa,"You will read short stories that describe everyday situations and end with a person saying something.

For each story, there are 4 possible interpretations (a,b,c,d).

Context: I took a sip of my smoothie and found it palatable.

Target utterance:
I said: """"What a treat.""""

a. She gave the dog a treat.
b. She was looking for a new smoothie recipe.
c. The smoothie was thoroughly nasty.
d. The smoothie was thoroughly enjoyable.

Answer the following questions in order:

1. Literal Listener (L0):
   How would a listener interpret the utterance literally?
   Answer with a letter from a–d.

2. Informative Speaker (S1):
   Which utterance would an informative speaker be most likely to choose, given the situations described in the answer options, assuming that a listener interprets it literally?
   Answer with a letter from a–d.

3. Pragmatic Listener (L1):
   How would a listener interpret this utterance, knowing that the speaker is informative and chooses the most appropriate utterance for the situation described in the answer options?
   Answer with a letter from a–d.

Final Answer:
  Answer with a letter from a–d.","1. Literal Listener (L0):
   d. The smoothie was thoroughly enjoyable.

2. Informative Speaker (S1):
   d. The smoothie was thoroughly enjoyable.

3. Pragmatic Listener (L1):
   d. The smoothie was thoroughly enjoyable.","['c', 'd', 'b', 'a']",3,A_I,d,"1. Literal Listener (L0):
   d. The smoothie was thoroughly enjoyable.

2. Informative Speaker (S1):
   d. The smoothie was thoroughly enjoyable.

3. Pragmatic Listener (L1):
   d. The smoothie was thoroughly enjoyable.",a
C1_08_A_NI,C1_08,112,1,ambiguous,non-ironic,c,They liked every single bite of the burger.,Mistral-7B-Instruct,Condition1B_context_richness_stimuli,rsa,"You will read short stories that describe everyday situations and end with a person saying something.

For each story, there are 4 possible interpretations (a,b,c,d).

Context: They ate a palatable burger.

Target utterance:
They said: """"This burger tasted like heaven.""""

a. They liked the burger more than the pizza.
b. They could barely force themselves to swallow the burger.
c. They liked every single bite of the burger.
d. The burger was the most expensive item on the menu.

Answer the following questions in order:

1. Literal Listener (L0):
   How would a listener interpret the utterance literally?
   Answer with a letter from a–d.

2. Informative Speaker (S1):
   Which utterance would an informative speaker be most likely to choose, given the situations described in the answer options, assuming that a listener interprets it literally?
   Answer with a letter from a–d.

3. Pragmatic Listener (L1):
   How would a listener interpret this utterance, knowing that the speaker is informative and chooses the most appropriate utterance for the situation described in the answer options?
   Answer with a letter from a–d.

Final Answer:
  Answer with a letter from a–d.","1. Literal Listener (L0):
   c. They liked every single bite of the burger.

2. Informative Speaker (S1):
   c. They liked every single bite of the burger. (This is the most straightforward and positive interpretation of the utterance, and it is not suggested that the burger was better than pizza or more expensive.)

3. Pragmatic Listener (L1):
   c. They liked every single bite of the burger. (Given that the speaker is informative, they would choose the most appropriate utterance for the situation, which is a positive statement about the burger.)

Final Answer: c. They","['d', 'b', 'a', 'c']",3,A_NI,c,"1. Literal Listener (L0):
   c. They liked every single bite of the burger.

2. Informative Speaker (S1):
   c. They liked every single bite of the burger. (This is the most straightforward and positive interpretation of the utterance, and it is not suggested that the burger was better than pizza or more expensive.)

3. Pragmatic Listener (L1):
   c. They liked every single bite of the burger. (Given that the speaker is informative, they would choose the most appropriate utterance for the situation, which is a positive statement about the burger.)

Final Answer: c. They",a
C1_09_UA_I,C1_09,71,1,unambiguous,ironic,c,The babysitter was not taking good care of the kids.,Mistral-7B-Instruct,Condition1B_context_richness_stimuli,rsa,"You will read short stories that describe everyday situations and end with a person saying something.

For each story, there are 4 possible interpretations (a,b,c,d).

Context: They hired a brave babysitter.

Target utterance:
They said: """"The kids are not safe at all.""""

a. The babysitter was taking good care of the kids.
b. The kids had very clean hands.
c. The babysitter was not taking good care of the kids.
d. The babysitter parked her car outside.

Answer the following questions in order:

1. Literal Listener (L0):
   How would a listener interpret the utterance literally?
   Answer with a letter from a–d.

2. Informative Speaker (S1):
   Which utterance would an informative speaker be most likely to choose, given the situations described in the answer options, assuming that a listener interprets it literally?
   Answer with a letter from a–d.

3. Pragmatic Listener (L1):
   How would a listener interpret this utterance, knowing that the speaker is informative and chooses the most appropriate utterance for the situation described in the answer options?
   Answer with a letter from a–d.

Final Answer:
  Answer with a letter from a–d.","1. Literal Listener (L0):
   The babysitter is not taking good care of the kids.

2. Informative Speaker (S1):
   The speaker would most likely choose ""The babysitter is not taking good care of the kids."" (c)

3. Pragmatic Listener (L1):
   A listener would understand that the speaker is expressing concern about the safety of the kids, and would infer that the babysitter is not taking good care of them.

Final Answer: c","['a', 'c', 'b', 'd']",3,UA_I,c,"1. Literal Listener (L0):
   The babysitter is not taking good care of the kids.

2. Informative Speaker (S1):
   The speaker would most likely choose ""The babysitter is not taking good care of the kids."" (c)

3. Pragmatic Listener (L1):
   A listener would understand that the speaker is expressing concern about the safety of the kids, and would infer that the babysitter is not taking good care of them.

Final Answer: c",b
C1_10_UA_NI,C1_10,64,1,unambiguous,non-ironic,a,The police officer made them feel very safe.,Mistral-7B-Instruct,Condition1B_context_richness_stimuli,rsa,"You will read short stories that describe everyday situations and end with a person saying something.

For each story, there are 4 possible interpretations (a,b,c,d).

Context: They met a brave police officer.

Target utterance:
They said: """"We felt so safe around you""""

a. The police officer made them feel very safe.
b. The police officer did not make them feel safe at all.
c. They were sitting in a very safe seat.
d. The police officer drank a cup of coffee.

Answer the following questions in order:

1. Literal Listener (L0):
   How would a listener interpret the utterance literally?
   Answer with a letter from a–d.

2. Informative Speaker (S1):
   Which utterance would an informative speaker be most likely to choose, given the situations described in the answer options, assuming that a listener interprets it literally?
   Answer with a letter from a–d.

3. Pragmatic Listener (L1):
   How would a listener interpret this utterance, knowing that the speaker is informative and chooses the most appropriate utterance for the situation described in the answer options?
   Answer with a letter from a–d.

Final Answer:
  Answer with a letter from a–d.","1. Literal Listener (L0):
   a. The police officer made them feel very safe.

2. Informative Speaker (S1):
   a. The police officer made them feel very safe. (This is the only option that describes a situation where the police officer is involved and makes the people feel safe.)

3. Pragmatic Listener (L1):
   a. The police officer made them feel very safe. (Given that the speaker is informative, they would choose the most appropriate utterance that describes the situation where the police officer made them feel safe.)

Final Answer: a. The police officer made them feel very safe.","['a', 'b', 'c', 'd']",3,UA_NI,a,"1. Literal Listener (L0):
   a. The police officer made them feel very safe.

2. Informative Speaker (S1):
   a. The police officer made them feel very safe. (This is the only option that describes a situation where the police officer is involved and makes the people feel safe.)

3. Pragmatic Listener (L1):
   a. The police officer made them feel very safe. (Given that the speaker is informative, they would choose the most appropriate utterance that describes the situation where the police officer made them feel safe.)

Final Answer: a. The police officer made them feel very safe.",a
C1_11_A_I,C1_11,131,1,ambiguous,ironic,d,Seeing the pilot made her feel even more anxious.,Mistral-7B-Instruct,Condition1B_context_richness_stimuli,rsa,"You will read short stories that describe everyday situations and end with a person saying something.

For each story, there are 4 possible interpretations (a,b,c,d).

Context: She noticed the fearless pilot before boarding.

Target utterance:
She said: """"That really shook me up.""""

a. She dated a pilot for several months.
b. She settled into her seat and fastened the belt.
c. Seeing the pilot put her completely at ease.
d. Seeing the pilot made her feel even more anxious.

Answer the following questions in order:

1. Literal Listener (L0):
   How would a listener interpret the utterance literally?
   Answer with a letter from a–d.

2. Informative Speaker (S1):
   Which utterance would an informative speaker be most likely to choose, given the situations described in the answer options, assuming that a listener interprets it literally?
   Answer with a letter from a–d.

3. Pragmatic Listener (L1):
   How would a listener interpret this utterance, knowing that the speaker is informative and chooses the most appropriate utterance for the situation described in the answer options?
   Answer with a letter from a–d.

Final Answer:
  Answer with a letter from a–d.","1. Literal Listener (L0):
   d. Seeing the pilot made her feel even more anxious.

2. Informative Speaker (S1):
   d. Seeing the pilot made her feel even more anxious. (This is the only option that matches the utterance ""That really shook me up."")

3. Pragmatic Listener (L1):
   d. Seeing the pilot made her feel even more anxious. (Given that the speaker is informative, they would choose the most appropriate utterance for the situation described in the options, which is the speaker feeling more anxious after seeing the fearless pilot.)","['d', 'c', 'a', 'b']",3,A_I,d,"1. Literal Listener (L0):
   d. Seeing the pilot made her feel even more anxious.

2. Informative Speaker (S1):
   d. Seeing the pilot made her feel even more anxious. (This is the only option that matches the utterance ""That really shook me up."")

3. Pragmatic Listener (L1):
   d. Seeing the pilot made her feel even more anxious. (Given that the speaker is informative, they would choose the most appropriate utterance for the situation described in the options, which is the speaker feeling more anxious after seeing the fearless pilot.)",b
C1_12_A_NI,C1_12,183,1,ambiguous,non-ironic,a,His father showed no fear at all.,Mistral-7B-Instruct,Condition1B_context_richness_stimuli,rsa,"You will read short stories that describe everyday situations and end with a person saying something.

For each story, there are 4 possible interpretations (a,b,c,d).

Context: He saw his fearless father.

Target utterance:
He said: """"Brave as a lion""""

a. His father showed no fear at all.
b. His father's face was full of fear.
c. The lion prowled across the savannah.
d. His father wore a blue jacket.

Answer the following questions in order:

1. Literal Listener (L0):
   How would a listener interpret the utterance literally?
   Answer with a letter from a–d.

2. Informative Speaker (S1):
   Which utterance would an informative speaker be most likely to choose, given the situations described in the answer options, assuming that a listener interprets it literally?
   Answer with a letter from a–d.

3. Pragmatic Listener (L1):
   How would a listener interpret this utterance, knowing that the speaker is informative and chooses the most appropriate utterance for the situation described in the answer options?
   Answer with a letter from a–d.

Final Answer:
  Answer with a letter from a–d.","1. Literal Listener (L0):
   a. His father showed no fear at all.

2. Informative Speaker (S1):
   a. His father showed no fear at all. (Since the utterance ""Brave as a lion"" implies that the person being described is fearless, option a is the most appropriate.)

3. Pragmatic Listener (L1):
   a. His father showed no fear at all. (Given that the speaker is informative, they would choose the utterance that best fits the situation described in the story, which is that the speaker saw his fearless father.)","['a', 'b', 'c', 'd']",3,A_NI,a,"1. Literal Listener (L0):
   a. His father showed no fear at all.

2. Informative Speaker (S1):
   a. His father showed no fear at all. (Since the utterance ""Brave as a lion"" implies that the person being described is fearless, option a is the most appropriate.)

3. Pragmatic Listener (L1):
   a. His father showed no fear at all. (Given that the speaker is informative, they would choose the utterance that best fits the situation described in the story, which is that the speaker saw his fearless father.)",a
C1_13_UA_I,C1_13,273,1,unambiguous,ironic,b,"His girlfriend clearly looked worn out, not refreshed at all.",Mistral-7B-Instruct,Condition1B_context_richness_stimuli,rsa,"You will read short stories that describe everyday situations and end with a person saying something.

For each story, there are 4 possible interpretations (a,b,c,d).

Context: He saw his hyperactive girlfriend.

Target utterance:
He said: """"You look like you've been awake since birth.""""

a. He was planning to surprise his girlfriend with a home-cooked meal.
b. His girlfriend clearly looked worn out, not refreshed at all.
c. He had just bought her a refreshing cold drink.
d. To him, his girlfriend looked well-rested and full of energy.

Answer the following questions in order:

1. Literal Listener (L0):
   How would a listener interpret the utterance literally?
   Answer with a letter from a–d.

2. Informative Speaker (S1):
   Which utterance would an informative speaker be most likely to choose, given the situations described in the answer options, assuming that a listener interprets it literally?
   Answer with a letter from a–d.

3. Pragmatic Listener (L1):
   How would a listener interpret this utterance, knowing that the speaker is informative and chooses the most appropriate utterance for the situation described in the answer options?
   Answer with a letter from a–d.

Final Answer:
  Answer with a letter from a–d.","1. Literal Listener (L0):
   b. His girlfriend clearly looked worn out, not refreshed at all.

2. Informative Speaker (S1):
   b. His girlfriend clearly looked worn out, not refreshed at all.

3. Pragmatic Listener (L1):
   b. His girlfriend clearly looked worn out, not refreshed at all.","['d', 'b', 'c', 'a']",3,UA_I,b,"1. Literal Listener (L0):
   b. His girlfriend clearly looked worn out, not refreshed at all.

2. Informative Speaker (S1):
   b. His girlfriend clearly looked worn out, not refreshed at all.

3. Pragmatic Listener (L1):
   b. His girlfriend clearly looked worn out, not refreshed at all.",b
C1_14_UA_NI,C1_14,98,1,unambiguous,non-ironic,b,Her colleague seemed very energetic today.,Mistral-7B-Instruct,Condition1B_context_richness_stimuli,rsa,"You will read short stories that describe everyday situations and end with a person saying something.

For each story, there are 4 possible interpretations (a,b,c,d).

Context: She saw her hyperactive colleague.

Target utterance:
She said: """"You seem so full of energy today.""""

a. She was redecorating the office of her colleague.
b. Her colleague seemed very energetic today.
c. She filled up the car with energy.
d. Her colleague seemed very tired today.

Answer the following questions in order:

1. Literal Listener (L0):
   How would a listener interpret the utterance literally?
   Answer with a letter from a–d.

2. Informative Speaker (S1):
   Which utterance would an informative speaker be most likely to choose, given the situations described in the answer options, assuming that a listener interprets it literally?
   Answer with a letter from a–d.

3. Pragmatic Listener (L1):
   How would a listener interpret this utterance, knowing that the speaker is informative and chooses the most appropriate utterance for the situation described in the answer options?
   Answer with a letter from a–d.

Final Answer:
  Answer with a letter from a–d.","1. Literal Listener (L0):
   b. Her colleague seemed very energetic today.

2. Informative Speaker (S1):
   b. Her colleague seemed very energetic today.

3. Pragmatic Listener (L1):
   b. Her colleague seemed very energetic today.","['d', 'a', 'c', 'b']",3,UA_NI,b,"1. Literal Listener (L0):
   b. Her colleague seemed very energetic today.

2. Informative Speaker (S1):
   b. Her colleague seemed very energetic today.

3. Pragmatic Listener (L1):
   b. Her colleague seemed very energetic today.",a
C1_15_A_I,C1_15,142,1,ambiguous,ironic,d,They felt really exhausted after the sleepover.,Mistral-7B-Instruct,Condition1B_context_richness_stimuli,rsa,"You will read short stories that describe everyday situations and end with a person saying something.

For each story, there are 4 possible interpretations (a,b,c,d).

Context: After the sleepover, they were energetic.

Target utterance:
They said:  """"We never felt more tired in our lifes.""""

a. They did sleep overs once a year.
b. They felt very well-rested after the sleepover.
c. They rested the heavy boxes on the floor.
d. They felt really exhausted after the sleepover.

Answer the following questions in order:

1. Literal Listener (L0):
   How would a listener interpret the utterance literally?
   Answer with a letter from a–d.

2. Informative Speaker (S1):
   Which utterance would an informative speaker be most likely to choose, given the situations described in the answer options, assuming that a listener interprets it literally?
   Answer with a letter from a–d.

3. Pragmatic Listener (L1):
   How would a listener interpret this utterance, knowing that the speaker is informative and chooses the most appropriate utterance for the situation described in the answer options?
   Answer with a letter from a–d.

Final Answer:
  Answer with a letter from a–d.","1. Literal Listener (L0):
   d. They felt really exhausted after the sleepover.

2. Informative Speaker (S1):
   d. They felt really exhausted after the sleepover.

3. Pragmatic Listener (L1):
   d. They felt really exhausted after the sleepover.","['d', 'a', 'c', 'b']",3,A_I,d,"1. Literal Listener (L0):
   d. They felt really exhausted after the sleepover.

2. Informative Speaker (S1):
   d. They felt really exhausted after the sleepover.

3. Pragmatic Listener (L1):
   d. They felt really exhausted after the sleepover.",b
C1_16_A_NI,C1_16,143,1,ambiguous,non-ironic,b,I felt fully prepared and ready for the exam.,Mistral-7B-Instruct,Condition1B_context_richness_stimuli,rsa,"You will read short stories that describe everyday situations and end with a person saying something.

For each story, there are 4 possible interpretations (a,b,c,d).

Context: Right before my exam, I felt really energetic

Target utterance:
I said: """"I have never felt more ready.""""

a. Dinner was ready by seven o'clock.
b. I felt fully prepared and ready for the exam.
c. The exam started at nine o'clock.
d. Deep down I felt completely unprepared for the exam.

Answer the following questions in order:

1. Literal Listener (L0):
   How would a listener interpret the utterance literally?
   Answer with a letter from a–d.

2. Informative Speaker (S1):
   Which utterance would an informative speaker be most likely to choose, given the situations described in the answer options, assuming that a listener interprets it literally?
   Answer with a letter from a–d.

3. Pragmatic Listener (L1):
   How would a listener interpret this utterance, knowing that the speaker is informative and chooses the most appropriate utterance for the situation described in the answer options?
   Answer with a letter from a–d.

Final Answer:
  Answer with a letter from a–d.","1. Literal Listener (L0):
   b. I felt fully prepared and ready for the exam.

2. Informative Speaker (S1):
   b. I felt fully prepared and ready for the exam. (This is the most appropriate utterance given the situation described in the answer options.)

3. Pragmatic Listener (L1):
   b. I felt fully prepared and ready for the exam. (This is the most likely interpretation given that the speaker is informative and chooses the most appropriate utterance for the situation.)

Final Answer: b. I felt fully prepared and ready for the exam.","['c', 'a', 'd', 'b']",3,A_NI,b,"1. Literal Listener (L0):
   b. I felt fully prepared and ready for the exam.

2. Informative Speaker (S1):
   b. I felt fully prepared and ready for the exam. (This is the most appropriate utterance given the situation described in the answer options.)

3. Pragmatic Listener (L1):
   b. I felt fully prepared and ready for the exam. (This is the most likely interpretation given that the speaker is informative and chooses the most appropriate utterance for the situation.)

Final Answer: b. I felt fully prepared and ready for the exam.",a
C1_17_UA_I,C1_17,116,1,unambiguous,ironic,d,Her idea was outdated.,Mistral-7B-Instruct,Condition1B_context_richness_stimuli,rsa,"You will read short stories that describe everyday situations and end with a person saying something.

For each story, there are 4 possible interpretations (a,b,c,d).

Context: She had an ancient idea.

Target utterance:
She said: """"Truly ahead of its time.""""

a. Her idea was innovative.
b. She had arrived early.
c. She had the idea to redecorate her office.
d. Her idea was outdated.

Answer the following questions in order:

1. Literal Listener (L0):
   How would a listener interpret the utterance literally?
   Answer with a letter from a–d.

2. Informative Speaker (S1):
   Which utterance would an informative speaker be most likely to choose, given the situations described in the answer options, assuming that a listener interprets it literally?
   Answer with a letter from a–d.

3. Pragmatic Listener (L1):
   How would a listener interpret this utterance, knowing that the speaker is informative and chooses the most appropriate utterance for the situation described in the answer options?
   Answer with a letter from a–d.

Final Answer:
  Answer with a letter from a–d.","1. Literal Listener (L0):
   a. Her idea was innovative.

2. Informative Speaker (S1):
   a. Her idea was innovative. (Since the speaker is describing the idea as ""ahead of its time,"" it implies that the idea was innovative.)

3. Pragmatic Listener (L1):
   a. Her idea was innovative. (Given that the speaker is informative, they would choose the utterance that best fits the situation, which is that the idea was innovative.)

Final Answer: a. Her idea was innovative.","['a', 'c', 'd', 'b']",3,UA_I,a,"1. Literal Listener (L0):
   a. Her idea was innovative.

2. Informative Speaker (S1):
   a. Her idea was innovative. (Since the speaker is describing the idea as ""ahead of its time,"" it implies that the idea was innovative.)

3. Pragmatic Listener (L1):
   a. Her idea was innovative. (Given that the speaker is informative, they would choose the utterance that best fits the situation, which is that the idea was innovative.)

Final Answer: a. Her idea was innovative.",a
C1_18_UA_NI,C1_18,280,1,unambiguous,non-ironic,b,He found the approach genuinely new and creative.,Mistral-7B-Instruct,Condition1B_context_richness_stimuli,rsa,"You will read short stories that describe everyday situations and end with a person saying something.

For each story, there are 4 possible interpretations (a,b,c,d).

Context: It was an ancient approach. 

Target utterance:
He said: """"How refreshingly innovative.""""

a. He researched new approaches for several months.
b. He found the approach genuinely new and creative.
c. Refreshments were served at the end of the presentation.
d. In his view, it was a stale approach he had seen many times before.

Answer the following questions in order:

1. Literal Listener (L0):
   How would a listener interpret the utterance literally?
   Answer with a letter from a–d.

2. Informative Speaker (S1):
   Which utterance would an informative speaker be most likely to choose, given the situations described in the answer options, assuming that a listener interprets it literally?
   Answer with a letter from a–d.

3. Pragmatic Listener (L1):
   How would a listener interpret this utterance, knowing that the speaker is informative and chooses the most appropriate utterance for the situation described in the answer options?
   Answer with a letter from a–d.

Final Answer:
  Answer with a letter from a–d.","1. Literal Listener (L0):
   b. He found the approach genuinely new and creative.

2. Informative Speaker (S1):
   b. He found the approach genuinely new and creative. (Since the speaker is praising the approach as refreshingly innovative, it implies that he found it new and creative.)

3. Pragmatic Listener (L1):
   b. He found the approach genuinely new and creative. (Given that the speaker is informative, they would choose the most appropriate utterance that fits the situation, which is that the speaker found the approach new and creative.)

Final Answer: b. He found the approach genuinely new and","['d', 'a', 'c', 'b']",3,UA_NI,b,"1. Literal Listener (L0):
   b. He found the approach genuinely new and creative.

2. Informative Speaker (S1):
   b. He found the approach genuinely new and creative. (Since the speaker is praising the approach as refreshingly innovative, it implies that he found it new and creative.)

3. Pragmatic Listener (L1):
   b. He found the approach genuinely new and creative. (Given that the speaker is informative, they would choose the most appropriate utterance that fits the situation, which is that the speaker found the approach new and creative.)

Final Answer: b. He found the approach genuinely new and",a
C1_19_A_I,C1_19,286,1,ambiguous,ironic,b,"To her, the tradition felt stale and long past its use.",Mistral-7B-Instruct,Condition1B_context_richness_stimuli,rsa,"You will read short stories that describe everyday situations and end with a person saying something.

For each story, there are 4 possible interpretations (a,b,c,d).

Context: The tradition was old.

Target utterance:
She said: """"How wonderfully timeless.""""

a. She read about the tradition in a local history book.
b. To her, the tradition felt stale and long past its use.
c. She found the tradition beautifully enduring and meaningful.
d. The clock ticked for over a century.

Answer the following questions in order:

1. Literal Listener (L0):
   How would a listener interpret the utterance literally?
   Answer with a letter from a–d.

2. Informative Speaker (S1):
   Which utterance would an informative speaker be most likely to choose, given the situations described in the answer options, assuming that a listener interprets it literally?
   Answer with a letter from a–d.

3. Pragmatic Listener (L1):
   How would a listener interpret this utterance, knowing that the speaker is informative and chooses the most appropriate utterance for the situation described in the answer options?
   Answer with a letter from a–d.

Final Answer:
  Answer with a letter from a–d.","1. L0: c. She found the tradition beautifully enduring and meaningful.
2. S1: c. She found the tradition beautifully enduring and meaningful. (This is the most literal interpretation of the utterance, as it directly relates to the tradition being old.)
3. L1: c. She found the tradition beautifully enduring and meaningful. (Given that the speaker is informative, they would choose the most appropriate utterance for the situation, which is the one that directly relates to the tradition being old.)

Final Answer: c. She found the tradition beautifully enduring and meaningful.","['d', 'b', 'a', 'c']",3,A_I,c,"1. L0: c. She found the tradition beautifully enduring and meaningful.
2. S1: c. She found the tradition beautifully enduring and meaningful. (This is the most literal interpretation of the utterance, as it directly relates to the tradition being old.)
3. L1: c. She found the tradition beautifully enduring and meaningful. (Given that the speaker is informative, they would choose the most appropriate utterance for the situation, which is the one that directly relates to the tradition being old.)

Final Answer: c. She found the tradition beautifully enduring and meaningful.",a
C1_20_A_NI,C1_20,201,1,ambiguous,non-ironic,c,She liked the smell of her car.,Mistral-7B-Instruct,Condition1B_context_richness_stimuli,rsa,"You will read short stories that describe everyday situations and end with a person saying something.

For each story, there are 4 possible interpretations (a,b,c,d).

Context: She bought an old car.

Target utterance:
She says: """"I just love the new car smell.""""

a. She took her car to the gas station.
b. She was disappointed with the smell of her car.
c. She liked the smell of her car.
d. She could smell what her husband was cooking.

Answer the following questions in order:

1. Literal Listener (L0):
   How would a listener interpret the utterance literally?
   Answer with a letter from a–d.

2. Informative Speaker (S1):
   Which utterance would an informative speaker be most likely to choose, given the situations described in the answer options, assuming that a listener interprets it literally?
   Answer with a letter from a–d.

3. Pragmatic Listener (L1):
   How would a listener interpret this utterance, knowing that the speaker is informative and chooses the most appropriate utterance for the situation described in the answer options?
   Answer with a letter from a–d.

Final Answer:
  Answer with a letter from a–d.","1. Literal Listener (L0):
   c. She liked the smell of her car.

2. Informative Speaker (S1):
   c. She liked the smell of her car. (Since the speaker bought a new car, it's reasonable to assume she would be referring to the new car smell.)

3. Pragmatic Listener (L1):
   c. She liked the smell of her car. (Given that the speaker is informative, they would choose the most appropriate utterance for the situation, which is that they just bought an old car and are expressing their liking for the new car smell.)

Final Answer: c. She","['d', 'b', 'a', 'c']",3,A_NI,c,"1. Literal Listener (L0):
   c. She liked the smell of her car.

2. Informative Speaker (S1):
   c. She liked the smell of her car. (Since the speaker bought a new car, it's reasonable to assume she would be referring to the new car smell.)

3. Pragmatic Listener (L1):
   c. She liked the smell of her car. (Given that the speaker is informative, they would choose the most appropriate utterance for the situation, which is that they just bought an old car and are expressing their liking for the new car smell.)

Final Answer: c. She",a
C1_21_UA_I,C1_21,166,1,unambiguous,ironic,b,The birthday party was a disappointment.,Mistral-7B-Instruct,Condition1B_context_richness_stimuli,rsa,"You will read short stories that describe everyday situations and end with a person saying something.

For each story, there are 4 possible interpretations (a,b,c,d).

Context: She left the birthday party feeling delighted.

Target utterance:
She says: """"Truly a night to remember.""""

a. The birthday party was a great success.
b. The birthday party was a disappointment.
c. She had trouble remembering things.
d. She planned her next birthday party.

Answer the following questions in order:

1. Literal Listener (L0):
   How would a listener interpret the utterance literally?
   Answer with a letter from a–d.

2. Informative Speaker (S1):
   Which utterance would an informative speaker be most likely to choose, given the situations described in the answer options, assuming that a listener interprets it literally?
   Answer with a letter from a–d.

3. Pragmatic Listener (L1):
   How would a listener interpret this utterance, knowing that the speaker is informative and chooses the most appropriate utterance for the situation described in the answer options?
   Answer with a letter from a–d.

Final Answer:
  Answer with a letter from a–d.","1. L0: a. The birthday party was a great success.
2. S1: a. The birthday party was a great success. (An informative speaker would choose the option that best describes the situation based on the literal interpretation.)
3. L1: a. The birthday party was a great success. (A pragmatic listener would understand that the speaker is expressing satisfaction with the party, which implies it was successful.)

Final Answer: a. The birthday party was a great success.","['a', 'b', 'c', 'd']",3,UA_I,a,"1. L0: a. The birthday party was a great success.
2. S1: a. The birthday party was a great success. (An informative speaker would choose the option that best describes the situation based on the literal interpretation.)
3. L1: a. The birthday party was a great success. (A pragmatic listener would understand that the speaker is expressing satisfaction with the party, which implies it was successful.)

Final Answer: a. The birthday party was a great success.",a
C1_22_UA_NI,C1_22,213,1,unambiguous,non-ironic,a,The wedding was a beautiful and enchanting occasion.,Mistral-7B-Instruct,Condition1B_context_richness_stimuli,rsa,"You will read short stories that describe everyday situations and end with a person saying something.

For each story, there are 4 possible interpretations (a,b,c,d).

Context: She left the wedding feeling delighted.

Target utterance:
She says: """"What a magical day.""""

a. The wedding was a beautiful and enchanting occasion.
b. The magician wowed all the guests at the reception.
c. She helped organise the flowers for the wedding beforehand.
d. The wedding had been a dull, disappointing event from start to finish.

Answer the following questions in order:

1. Literal Listener (L0):
   How would a listener interpret the utterance literally?
   Answer with a letter from a–d.

2. Informative Speaker (S1):
   Which utterance would an informative speaker be most likely to choose, given the situations described in the answer options, assuming that a listener interprets it literally?
   Answer with a letter from a–d.

3. Pragmatic Listener (L1):
   How would a listener interpret this utterance, knowing that the speaker is informative and chooses the most appropriate utterance for the situation described in the answer options?
   Answer with a letter from a–d.

Final Answer:
  Answer with a letter from a–d.","1. Literal Listener (L0):
   a. The wedding was a beautiful and enchanting occasion.

2. Informative Speaker (S1):
   a. The wedding was a beautiful and enchanting occasion. (Since the speaker left the wedding feeling delighted, it is most likely that the wedding was a positive and enjoyable event.)

3. Pragmatic Listener (L1):
   a. The wedding was a beautiful and enchanting occasion. (Given that the speaker left the wedding feeling delighted, it is reasonable to assume that they are expressing their positive feelings about the event.)

Final Answer: a. The wedding was a beautiful and enchant","['a', 'c', 'd', 'b']",3,UA_NI,a,"1. Literal Listener (L0):
   a. The wedding was a beautiful and enchanting occasion.

2. Informative Speaker (S1):
   a. The wedding was a beautiful and enchanting occasion. (Since the speaker left the wedding feeling delighted, it is most likely that the wedding was a positive and enjoyable event.)

3. Pragmatic Listener (L1):
   a. The wedding was a beautiful and enchanting occasion. (Given that the speaker left the wedding feeling delighted, it is reasonable to assume that they are expressing their positive feelings about the event.)

Final Answer: a. The wedding was a beautiful and enchant",a
C1_23_A_I,C1_23,49,1,ambiguous,ironic,c,They had found the film funny from start to finish.,Mistral-7B-Instruct,Condition1B_context_richness_stimuli,rsa,"You will read short stories that describe everyday situations and end with a person saying something.

For each story, there are 4 possible interpretations (a,b,c,d).

Context: They left the cinema feeling happy.

Target utterance:
They say: """"What a painfull film.""""

a. The injection was over quickly, but it was painful.
b. They had found the film dull from start to finish.
c. They had found the film funny from start to finish.
d. They went to the same cinema as always.

Answer the following questions in order:

1. Literal Listener (L0):
   How would a listener interpret the utterance literally?
   Answer with a letter from a–d.

2. Informative Speaker (S1):
   Which utterance would an informative speaker be most likely to choose, given the situations described in the answer options, assuming that a listener interprets it literally?
   Answer with a letter from a–d.

3. Pragmatic Listener (L1):
   How would a listener interpret this utterance, knowing that the speaker is informative and chooses the most appropriate utterance for the situation described in the answer options?
   Answer with a letter from a–d.

Final Answer:
  Answer with a letter from a–d.","1. Literal Listener (L0):
   The listener would interpret the utterance as ""They found the film painful.""
   Answer: b, c

2. Informative Speaker (S1):
   An informative speaker would choose the utterance that best fits the situation described in the passage, which is that they left the cinema feeling happy. Therefore, the utterance ""What a painfull film."" would not be the most appropriate, as it contradicts their happy mood.
   Answer: None of the options (a, b, c, d)

3. Pragmatic Listener (L1):
   A pragmatic listener would understand that the speaker is likely","['c', 'a', 'b', 'd']",3,A_I,a,"1. Literal Listener (L0):
   The listener would interpret the utterance as ""They found the film painful.""
   Answer: b, c

2. Informative Speaker (S1):
   An informative speaker would choose the utterance that best fits the situation described in the passage, which is that they left the cinema feeling happy. Therefore, the utterance ""What a painfull film."" would not be the most appropriate, as it contradicts their happy mood.
   Answer: None of the options (a, b, c, d)

3. Pragmatic Listener (L1):
   A pragmatic listener would understand that the speaker is likely",c
C1_24_A_NI,C1_24,107,1,ambiguous,non-ironic,a,The message brought good news.,Mistral-7B-Instruct,Condition1B_context_richness_stimuli,rsa,"You will read short stories that describe everyday situations and end with a person saying something.

For each story, there are 4 possible interpretations (a,b,c,d).

Context: She received a message and was happy.

Target utterance:
She says: """"These are amazing news.""""

a. The message brought good news.
b. The message brought negative news.
c. She wanted to send a message.
d. What she read was news to her.

Answer the following questions in order:

1. Literal Listener (L0):
   How would a listener interpret the utterance literally?
   Answer with a letter from a–d.

2. Informative Speaker (S1):
   Which utterance would an informative speaker be most likely to choose, given the situations described in the answer options, assuming that a listener interprets it literally?
   Answer with a letter from a–d.

3. Pragmatic Listener (L1):
   How would a listener interpret this utterance, knowing that the speaker is informative and chooses the most appropriate utterance for the situation described in the answer options?
   Answer with a letter from a–d.

Final Answer:
  Answer with a letter from a–d.","1. Literal Listener (L0):
   d. What she read was news to her.

2. Informative Speaker (S1):
   a. The message brought good news.

3. Pragmatic Listener (L1):
   a. The message brought good news.","['a', 'b', 'd', 'c']",3,A_NI,a,"1. Literal Listener (L0):
   d. What she read was news to her.

2. Informative Speaker (S1):
   a. The message brought good news.

3. Pragmatic Listener (L1):
   a. The message brought good news.",a
C1_25_UA_I,C1_25,161,1,unambiguous,ironic,d,Her exam answers were embarrassingly poor.,Mistral-7B-Instruct,Condition1B_context_richness_stimuli,rsa,"You will read short stories that describe everyday situations and end with a person saying something.

For each story, there are 4 possible interpretations (a,b,c,d).

Context: Her answers in the exam were brilliant.

Target utterance:
She says: """"What a genius.""""

a. She studied for her next exam.
b. Her exam answers were impressively smart.
c. She had a high IQ.
d. Her exam answers were embarrassingly poor.

Answer the following questions in order:

1. Literal Listener (L0):
   How would a listener interpret the utterance literally?
   Answer with a letter from a–d.

2. Informative Speaker (S1):
   Which utterance would an informative speaker be most likely to choose, given the situations described in the answer options, assuming that a listener interprets it literally?
   Answer with a letter from a–d.

3. Pragmatic Listener (L1):
   How would a listener interpret this utterance, knowing that the speaker is informative and chooses the most appropriate utterance for the situation described in the answer options?
   Answer with a letter from a–d.

Final Answer:
  Answer with a letter from a–d.","1. L0: b. Her exam answers were impressively smart.
2. S1: b. Her exam answers were impressively smart. (Since the speaker is informative, they would choose the option that directly reflects the brilliance of the answers in the exam.)
3. L1: b. Her exam answers were impressively smart. (A pragmatic listener would understand that the speaker is praising the person for their excellent exam performance.)

Final Answer: b. Her exam answers were impressively smart.","['d', 'a', 'c', 'b']",3,UA_I,b,"1. L0: b. Her exam answers were impressively smart.
2. S1: b. Her exam answers were impressively smart. (Since the speaker is informative, they would choose the option that directly reflects the brilliance of the answers in the exam.)
3. L1: b. Her exam answers were impressively smart. (A pragmatic listener would understand that the speaker is praising the person for their excellent exam performance.)

Final Answer: b. Her exam answers were impressively smart.",a
C1_26_UA_NI,C1_26,185,1,unambiguous,non-ironic,a,They were genuinely fortunate to have such a strong suggestion.,Mistral-7B-Instruct,Condition1B_context_richness_stimuli,rsa,"You will read short stories that describe everyday situations and end with a person saying something.

For each story, there are 4 possible interpretations (a,b,c,d).

Context: Their colleague's suggestion was brilliant.

Target utterance:
They said: """"We really had luck with that one.""""

a. They were genuinely fortunate to have such a strong suggestion.
b. As far as they were concerned, it was a poor suggestion.
c. They thought that every project starts with a suggestion.
d. They got lucky at the casino.

Answer the following questions in order:

1. Literal Listener (L0):
   How would a listener interpret the utterance literally?
   Answer with a letter from a–d.

2. Informative Speaker (S1):
   Which utterance would an informative speaker be most likely to choose, given the situations described in the answer options, assuming that a listener interprets it literally?
   Answer with a letter from a–d.

3. Pragmatic Listener (L1):
   How would a listener interpret this utterance, knowing that the speaker is informative and chooses the most appropriate utterance for the situation described in the answer options?
   Answer with a letter from a–d.

Final Answer:
  Answer with a letter from a–d.","1. Literal Listener (L0):
   a. They were genuinely fortunate to have such a strong suggestion.

2. Informative Speaker (S1):
   a. They were genuinely fortunate to have such a strong suggestion. (Since the colleague's suggestion was brilliant, it implies that they were lucky to have it.)

3. Pragmatic Listener (L1):
   a. They were genuinely fortunate to have such a strong suggestion. (Given that the speaker is informative, they would choose the utterance that best reflects the positive outcome of the brilliant suggestion.)

Final Answer: a. They were genuinely fortunate to have such a strong suggestion.","['a', 'b', 'd', 'c']",3,UA_NI,a,"1. Literal Listener (L0):
   a. They were genuinely fortunate to have such a strong suggestion.

2. Informative Speaker (S1):
   a. They were genuinely fortunate to have such a strong suggestion. (Since the colleague's suggestion was brilliant, it implies that they were lucky to have it.)

3. Pragmatic Listener (L1):
   a. They were genuinely fortunate to have such a strong suggestion. (Given that the speaker is informative, they would choose the utterance that best reflects the positive outcome of the brilliant suggestion.)

Final Answer: a. They were genuinely fortunate to have such a strong suggestion.",a
C1_27_A_I,C1_27,232,1,ambiguous,ironic,d,His argument was weak and poorly constructed.,Mistral-7B-Instruct,Condition1B_context_richness_stimuli,rsa,"You will read short stories that describe everyday situations and end with a person saying something.

For each story, there are 4 possible interpretations (a,b,c,d).

Context: His argument in the debate was intelligent.

Target utterance:
She says: """"What a master of rhetoric.""""

a. She had an argument with him that night.
b. His argument was strong and well presented.
c. Sokrates was a master of rhetoric.
d. His argument was weak and poorly constructed.

Answer the following questions in order:

1. Literal Listener (L0):
   How would a listener interpret the utterance literally?
   Answer with a letter from a–d.

2. Informative Speaker (S1):
   Which utterance would an informative speaker be most likely to choose, given the situations described in the answer options, assuming that a listener interprets it literally?
   Answer with a letter from a–d.

3. Pragmatic Listener (L1):
   How would a listener interpret this utterance, knowing that the speaker is informative and chooses the most appropriate utterance for the situation described in the answer options?
   Answer with a letter from a–d.

Final Answer:
  Answer with a letter from a–d.","1. Literal Listener (L0):
   b. His argument was strong and well presented.

2. Informative Speaker (S1):
   b. His argument was strong and well presented. (This is the most accurate interpretation of the utterance, given the context that his argument in the debate was intelligent.)

3. Pragmatic Listener (L1):
   b. His argument was strong and well presented. (Given that the speaker is informative, they would choose the most appropriate utterance to reflect the positive context of the argument being intelligent.)

Final Answer: b. His argument was strong and well presented.","['d', 'a', 'c', 'b']",3,A_I,b,"1. Literal Listener (L0):
   b. His argument was strong and well presented.

2. Informative Speaker (S1):
   b. His argument was strong and well presented. (This is the most accurate interpretation of the utterance, given the context that his argument in the debate was intelligent.)

3. Pragmatic Listener (L1):
   b. His argument was strong and well presented. (Given that the speaker is informative, they would choose the most appropriate utterance to reflect the positive context of the argument being intelligent.)

Final Answer: b. His argument was strong and well presented.",a
C1_28_A_NI,C1_28,246,1,ambiguous,non-ironic,b,She believed that his business plan would be successful.,Mistral-7B-Instruct,Condition1B_context_richness_stimuli,rsa,"You will read short stories that describe everyday situations and end with a person saying something.

For each story, there are 4 possible interpretations (a,b,c,d).

Context: His business plan was intelligent.

Target utterance:
She says: """"We will make lots of money with this.""""

a. He asked a colleague for help with his business plan.
b. She believed that his business plan would be successful.
c. She was interested in making lots of money.
d. She believed that his business plan would fail.

Answer the following questions in order:

1. Literal Listener (L0):
   How would a listener interpret the utterance literally?
   Answer with a letter from a–d.

2. Informative Speaker (S1):
   Which utterance would an informative speaker be most likely to choose, given the situations described in the answer options, assuming that a listener interprets it literally?
   Answer with a letter from a–d.

3. Pragmatic Listener (L1):
   How would a listener interpret this utterance, knowing that the speaker is informative and chooses the most appropriate utterance for the situation described in the answer options?
   Answer with a letter from a–d.

Final Answer:
  Answer with a letter from a–d.","1. Literal Listener (L0):
   We will make lots of money with this.
   Answer: c. She was interested in making lots of money.

2. Informative Speaker (S1):
   Given the situations described in the answer options, an informative speaker would choose an utterance that reflects the positive outcome of the business plan, which is the literal interpretation of the target utterance.
   Answer: b. She believed that his business plan would be successful.

3. Pragmatic Listener (L1):
   Knowing that the speaker is informative and chooses the most appropriate utterance for the situation, a pragmatic listener would understand that","['d', 'a', 'c', 'b']",3,A_NI,,"1. Literal Listener (L0):
   We will make lots of money with this.
   Answer: c. She was interested in making lots of money.

2. Informative Speaker (S1):
   Given the situations described in the answer options, an informative speaker would choose an utterance that reflects the positive outcome of the business plan, which is the literal interpretation of the target utterance.
   Answer: b. She believed that his business plan would be successful.

3. Pragmatic Listener (L1):
   Knowing that the speaker is informative and chooses the most appropriate utterance for the situation, a pragmatic listener would understand that",
C1_29_UA_I,C1_29,148,1,unambiguous,ironic,b,The restaurant visit was a real disappointment.,Mistral-7B-Instruct,Condition1B_context_richness_stimuli,rsa,"You will read short stories that describe everyday situations and end with a person saying something.

For each story, there are 4 possible interpretations (a,b,c,d).

Context: After the restaurant visit he was full.

Target utterance:
He says: """"Best dinner ever.""""

a. The restaurant visit was genuinely outstanding.
b. The restaurant visit was a real disappointment.
c. He looked forward to this restaurant visit for weeks.
d. It was the best-reviewed dinner spot in the whole city.

Answer the following questions in order:

1. Literal Listener (L0):
   How would a listener interpret the utterance literally?
   Answer with a letter from a–d.

2. Informative Speaker (S1):
   Which utterance would an informative speaker be most likely to choose, given the situations described in the answer options, assuming that a listener interprets it literally?
   Answer with a letter from a–d.

3. Pragmatic Listener (L1):
   How would a listener interpret this utterance, knowing that the speaker is informative and chooses the most appropriate utterance for the situation described in the answer options?
   Answer with a letter from a–d.

Final Answer:
  Answer with a letter from a–d.","1. Literal Listener (L0):
   a. The restaurant visit was genuinely outstanding.

2. Informative Speaker (S1):
   a. The restaurant visit was genuinely outstanding.

3. Pragmatic Listener (L1):
   a. The restaurant visit was genuinely outstanding. (Since the speaker is full and says ""Best dinner ever,"" it implies that the dinner was excellent.)","['a', 'b', 'd', 'c']",3,UA_I,a,"1. Literal Listener (L0):
   a. The restaurant visit was genuinely outstanding.

2. Informative Speaker (S1):
   a. The restaurant visit was genuinely outstanding.

3. Pragmatic Listener (L1):
   a. The restaurant visit was genuinely outstanding. (Since the speaker is full and says ""Best dinner ever,"" it implies that the dinner was excellent.)",a
C1_30_UA_NI,C1_30,18,1,unambiguous,non-ironic,b,The buffet was a rich.,Mistral-7B-Instruct,Condition1B_context_richness_stimuli,rsa,"You will read short stories that describe everyday situations and end with a person saying something.

For each story, there are 4 possible interpretations (a,b,c,d).

Context: He left the buffet feeling full.

Target utterance:
He says: """"Truly a feast for the senses."" ""

a. There had been very little worth eating at the buffet.
b. The buffet was a rich.
c. The feast was celebrated every year in their village.
d. Diners often have a buffet.

Answer the following questions in order:

1. Literal Listener (L0):
   How would a listener interpret the utterance literally?
   Answer with a letter from a–d.

2. Informative Speaker (S1):
   Which utterance would an informative speaker be most likely to choose, given the situations described in the answer options, assuming that a listener interprets it literally?
   Answer with a letter from a–d.

3. Pragmatic Listener (L1):
   How would a listener interpret this utterance, knowing that the speaker is informative and chooses the most appropriate utterance for the situation described in the answer options?
   Answer with a letter from a–d.

Final Answer:
  Answer with a letter from a–d.","1. Literal Listener (L0):
   The listener would interpret the utterance as acknowledging that the buffet was a rich sensory experience.
   Answer: d

2. Informative Speaker (S1):
   An informative speaker would choose the utterance that best describes the buffet as a rich sensory experience, which is option d.
   Answer: d

3. Pragmatic Listener (L1):
   A pragmatic listener, knowing that the speaker is informative, would also interpret the utterance as acknowledging that the buffet was a rich sensory experience.
   Answer: d","['b', 'a', 'c', 'd']",3,UA_NI,a,"1. Literal Listener (L0):
   The listener would interpret the utterance as acknowledging that the buffet was a rich sensory experience.
   Answer: d

2. Informative Speaker (S1):
   An informative speaker would choose the utterance that best describes the buffet as a rich sensory experience, which is option d.
   Answer: d

3. Pragmatic Listener (L1):
   A pragmatic listener, knowing that the speaker is informative, would also interpret the utterance as acknowledging that the buffet was a rich sensory experience.
   Answer: d",b
C1_31_A_I,C1_31,99,1,ambiguous,ironic,d,There was barely anything to eat; they left unsatisfied.,Mistral-7B-Instruct,Condition1B_context_richness_stimuli,rsa,"You will read short stories that describe everyday situations and end with a person saying something.

For each story, there are 4 possible interpretations (a,b,c,d).

Context: They left the picnic feeling satiated.

Target utterance:
They say: """"Food for the soul.""""

a. They spent the morning preparing sandwiches for the picnic.
b. The picnic was nourishing and genuinely enjoyable.
c. She always kept her soul music collection in good order.
d. There was barely anything to eat; they left unsatisfied.

Answer the following questions in order:

1. Literal Listener (L0):
   How would a listener interpret the utterance literally?
   Answer with a letter from a–d.

2. Informative Speaker (S1):
   Which utterance would an informative speaker be most likely to choose, given the situations described in the answer options, assuming that a listener interprets it literally?
   Answer with a letter from a–d.

3. Pragmatic Listener (L1):
   How would a listener interpret this utterance, knowing that the speaker is informative and chooses the most appropriate utterance for the situation described in the answer options?
   Answer with a letter from a–d.

Final Answer:
  Answer with a letter from a–d.","1. Literal Listener (L0):
   b. The picnic was nourishing and genuinely enjoyable.

2. Informative Speaker (S1):
   b. The picnic was nourishing and genuinely enjoyable.

3. Pragmatic Listener (L1):
   b. The picnic was nourishing and genuinely enjoyable.","['d', 'a', 'c', 'b']",3,A_I,b,"1. Literal Listener (L0):
   b. The picnic was nourishing and genuinely enjoyable.

2. Informative Speaker (S1):
   b. The picnic was nourishing and genuinely enjoyable.

3. Pragmatic Listener (L1):
   b. The picnic was nourishing and genuinely enjoyable.",a
C1_32_A_NI,C1_32,226,1,ambiguous,non-ironic,a,His plate had been full with food and he ate it all up.,Mistral-7B-Instruct,Condition1B_context_richness_stimuli,rsa,"You will read short stories that describe everyday situations and end with a person saying something.

For each story, there are 4 possible interpretations (a,b,c,d).

Context: He looked at the empty plate in front of him and was satiated.

Target utterance:
He says: """"No way I could eat more."" ""

a. His plate had been full with food and he ate it all up.
b. He went to a stylish pottery to buy a special plate.
c. The waiter had forgotten to fill his plate and he did not eat anything.
d. He prefers to eat his lunch alone.

Answer the following questions in order:

1. Literal Listener (L0):
   How would a listener interpret the utterance literally?
   Answer with a letter from a–d.

2. Informative Speaker (S1):
   Which utterance would an informative speaker be most likely to choose, given the situations described in the answer options, assuming that a listener interprets it literally?
   Answer with a letter from a–d.

3. Pragmatic Listener (L1):
   How would a listener interpret this utterance, knowing that the speaker is informative and chooses the most appropriate utterance for the situation described in the answer options?
   Answer with a letter from a–d.

Final Answer:
  Answer with a letter from a–d.","1. Literal Listener (L0):
   He says: ""No way I could eat more.""
   Answer: a. His plate had been full with food and he ate it all up.

2. Informative Speaker (S1):
   Given the situations described in the answer options, an informative speaker would choose the utterance that best fits the context, which is: a. His plate had been full with food and he ate it all up.

3. Pragmatic Listener (L1):
   Knowing that the speaker is informative, a listener would interpret the utterance as: a. His plate had been full with food and he ate it all up","['a', 'd', 'b', 'c']",3,A_NI,,"1. Literal Listener (L0):
   He says: ""No way I could eat more.""
   Answer: a. His plate had been full with food and he ate it all up.

2. Informative Speaker (S1):
   Given the situations described in the answer options, an informative speaker would choose the utterance that best fits the context, which is: a. His plate had been full with food and he ate it all up.

3. Pragmatic Listener (L1):
   Knowing that the speaker is informative, a listener would interpret the utterance as: a. His plate had been full with food and he ate it all up",
C1_33_UA_I,C1_33,163,1,unambiguous,ironic,c,The library was far too noisy to concentrate.,Mistral-7B-Instruct,Condition1B_context_richness_stimuli,rsa,"You will read short stories that describe everyday situations and end with a person saying something.

For each story, there are 4 possible interpretations (a,b,c,d).

Context: She walked into the library and it was deafening.

Target utterance:
She says: """"Perfect place to concentrate.""""

a. She asked her colleague for a place to concentrate.
b. The library was a calm and quiet environment.
c. The library was far too noisy to concentrate.
d. She looked for a new book in the library.

Answer the following questions in order:

1. Literal Listener (L0):
   How would a listener interpret the utterance literally?
   Answer with a letter from a–d.

2. Informative Speaker (S1):
   Which utterance would an informative speaker be most likely to choose, given the situations described in the answer options, assuming that a listener interprets it literally?
   Answer with a letter from a–d.

3. Pragmatic Listener (L1):
   How would a listener interpret this utterance, knowing that the speaker is informative and chooses the most appropriate utterance for the situation described in the answer options?
   Answer with a letter from a–d.

Final Answer:
  Answer with a letter from a–d.","1. Literal Listener (L0):
   b. The library was a calm and quiet environment.

2. Informative Speaker (S1):
   b. The library was a calm and quiet environment.

3. Pragmatic Listener (L1):
   b. The library was a calm and quiet environment. (Since the speaker is in the library and it was deafening, the most appropriate utterance would be to acknowledge that the library is a good place to concentrate, assuming it is usually quiet.)","['c', 'a', 'b', 'd']",3,UA_I,b,"1. Literal Listener (L0):
   b. The library was a calm and quiet environment.

2. Informative Speaker (S1):
   b. The library was a calm and quiet environment.

3. Pragmatic Listener (L1):
   b. The library was a calm and quiet environment. (Since the speaker is in the library and it was deafening, the most appropriate utterance would be to acknowledge that the library is a good place to concentrate, assuming it is usually quiet.)",a
C1_34_UA_NI,C1_34,235,1,unambiguous,non-ironic,d,The concert was surprisingly quiet.,Mistral-7B-Instruct,Condition1B_context_richness_stimuli,rsa,"You will read short stories that describe everyday situations and end with a person saying something.

For each story, there are 4 possible interpretations (a,b,c,d).

Context: We came back from a concert which was deafening.

Target utterance:
I say: """"I've almost gone deaf.""""

a. The concert was pretty loud.
b. I was looking forward to the next concert.
c. My grandfather is deaf.
d. The concert was surprisingly quiet.

Answer the following questions in order:

1. Literal Listener (L0):
   How would a listener interpret the utterance literally?
   Answer with a letter from a–d.

2. Informative Speaker (S1):
   Which utterance would an informative speaker be most likely to choose, given the situations described in the answer options, assuming that a listener interprets it literally?
   Answer with a letter from a–d.

3. Pragmatic Listener (L1):
   How would a listener interpret this utterance, knowing that the speaker is informative and chooses the most appropriate utterance for the situation described in the answer options?
   Answer with a letter from a–d.

Final Answer:
  Answer with a letter from a–d.","1. Literal Listener (L0):
   a. The concert was pretty loud.

2. Informative Speaker (S1):
   a. The concert was pretty loud.

3. Pragmatic Listener (L1):
   a. The concert was pretty loud. (Since the speaker has just come back from a concert that was deafening, it is most likely that they are commenting on the loudness of the concert.)","['b', 'd', 'c', 'a']",3,UA_NI,a,"1. Literal Listener (L0):
   a. The concert was pretty loud.

2. Informative Speaker (S1):
   a. The concert was pretty loud.

3. Pragmatic Listener (L1):
   a. The concert was pretty loud. (Since the speaker has just come back from a concert that was deafening, it is most likely that they are commenting on the loudness of the concert.)",b
C1_35_A_I,C1_35,219,1,ambiguous,ironic,b,The movie was very loud.,Mistral-7B-Instruct,Condition1B_context_richness_stimuli,rsa,"You will read short stories that describe everyday situations and end with a person saying something.

For each story, there are 4 possible interpretations (a,b,c,d).

Context:  She watched a movie in the theater and found it loud.

Target utterance:
She says: """"It was so difficult to hear.""""

a. Watching a movie in the theater is a real event.
b. The movie was very loud.
c. She generally has difficulties with her hearing.
d. The movie was too quiet to hear.

Answer the following questions in order:

1. Literal Listener (L0):
   How would a listener interpret the utterance literally?
   Answer with a letter from a–d.

2. Informative Speaker (S1):
   Which utterance would an informative speaker be most likely to choose, given the situations described in the answer options, assuming that a listener interprets it literally?
   Answer with a letter from a–d.

3. Pragmatic Listener (L1):
   How would a listener interpret this utterance, knowing that the speaker is informative and chooses the most appropriate utterance for the situation described in the answer options?
   Answer with a letter from a–d.

Final Answer:
  Answer with a letter from a–d.","1. Literal Listener (L0):
   b. The movie was very loud.

2. Informative Speaker (S1):
   b. The movie was very loud. (This is the most accurate interpretation of the utterance, given the information provided in the story.)

3. Pragmatic Listener (L1):
   b. The movie was very loud. (Given that the speaker is informative, they would choose the most appropriate utterance to convey that the movie was difficult to hear due to its loudness.)

Final Answer: b. The movie was very loud.","['d', 'b', 'c', 'a']",3,A_I,b,"1. Literal Listener (L0):
   b. The movie was very loud.

2. Informative Speaker (S1):
   b. The movie was very loud. (This is the most accurate interpretation of the utterance, given the information provided in the story.)

3. Pragmatic Listener (L1):
   b. The movie was very loud. (Given that the speaker is informative, they would choose the most appropriate utterance to convey that the movie was difficult to hear due to its loudness.)

Final Answer: b. The movie was very loud.",b
C1_36_A_NI,C1_36,268,1,ambiguous,non-ironic,a,He thinks that his neighbours' are having a great party with music.,Mistral-7B-Instruct,Condition1B_context_richness_stimuli,rsa,"You will read short stories that describe everyday situations and end with a person saying something.

For each story, there are 4 possible interpretations (a,b,c,d).

Context: His neighbours' music was loud.

Target utterance:
He says: """"It seems like they are having a great party.""""

a. He thinks that his neighbours' are having a great party with music.
b. He would expected to hear louder music from his neighbours' party.
c. He is still unsure which party to vote for in the upcoming elections.
d. He likes talking about pop music.

Answer the following questions in order:

1. Literal Listener (L0):
   How would a listener interpret the utterance literally?
   Answer with a letter from a–d.

2. Informative Speaker (S1):
   Which utterance would an informative speaker be most likely to choose, given the situations described in the answer options, assuming that a listener interprets it literally?
   Answer with a letter from a–d.

3. Pragmatic Listener (L1):
   How would a listener interpret this utterance, knowing that the speaker is informative and chooses the most appropriate utterance for the situation described in the answer options?
   Answer with a letter from a–d.

Final Answer:
  Answer with a letter from a–d.","1. Literal Listener (L0):
   a. He thinks that his neighbours' are having a great party with music.

2. Informative Speaker (S1):
   a. He thinks that his neighbours' are having a great party with music.

3. Pragmatic Listener (L1):
   a. He thinks that his neighbours' are having a great party with music.","['a', 'b', 'c', 'd']",3,A_NI,a,"1. Literal Listener (L0):
   a. He thinks that his neighbours' are having a great party with music.

2. Informative Speaker (S1):
   a. He thinks that his neighbours' are having a great party with music.

3. Pragmatic Listener (L1):
   a. He thinks that his neighbours' are having a great party with music.",a
C1_37_UA_I,C1_37,9,1,unambiguous,ironic,a,The questions were straightforward and required little effort.,Mistral-7B-Instruct,Condition1B_context_richness_stimuli,rsa,"You will read short stories that describe everyday situations and end with a person saying something.

For each story, there are 4 possible interpretations (a,b,c,d).

Context: She prepared trivial questions for the students.

Target utterance:
She says: """"I hope they're prepared for this.""""

a. The questions were straightforward and required little effort.
b. She had never felt so well prepared for a meeting.
c. She posted the question on the class forum.
d. The questions required thorough preparation to answer.

Answer the following questions in order:

1. Literal Listener (L0):
   How would a listener interpret the utterance literally?
   Answer with a letter from a–d.

2. Informative Speaker (S1):
   Which utterance would an informative speaker be most likely to choose, given the situations described in the answer options, assuming that a listener interprets it literally?
   Answer with a letter from a–d.

3. Pragmatic Listener (L1):
   How would a listener interpret this utterance, knowing that the speaker is informative and chooses the most appropriate utterance for the situation described in the answer options?
   Answer with a letter from a–d.

Final Answer:
  Answer with a letter from a–d.","1. L0: d. The questions required thorough preparation to answer.
2. S1: d. The speaker is preparing questions for students, so she would likely choose an utterance that indicates the questions require preparation.
3. L1: d. Given that the speaker is informative, the listener would understand that the speaker is expressing hope that the students have prepared for the questions, which require thorough preparation to answer.

Final Answer: d. The questions required thorough preparation to answer.","['b', 'c', 'd', 'a']",3,UA_I,d,"1. L0: d. The questions required thorough preparation to answer.
2. S1: d. The speaker is preparing questions for students, so she would likely choose an utterance that indicates the questions require preparation.
3. L1: d. Given that the speaker is informative, the listener would understand that the speaker is expressing hope that the students have prepared for the questions, which require thorough preparation to answer.

Final Answer: d. The questions required thorough preparation to answer.",a
C1_38_UA_NI,C1_38,205,1,unambiguous,non-ironic,c,Booking the appointment was straightforward and effortless.,Mistral-7B-Instruct,Condition1B_context_richness_stimuli,rsa,"You will read short stories that describe everyday situations and end with a person saying something.

For each story, there are 4 possible interpretations (a,b,c,d).

Context: He booked an appointment through a system which was trivial to use.

Target utterance:
He says:  """"That was about as easy as it gets.""""

a. He always found parallel parking easy as it gets.
b. Booking the appointment was frustrating and difficult.
c. Booking the appointment was straightforward and effortless.
d. He decided to cancel the appointment.

Answer the following questions in order:

1. Literal Listener (L0):
   How would a listener interpret the utterance literally?
   Answer with a letter from a–d.

2. Informative Speaker (S1):
   Which utterance would an informative speaker be most likely to choose, given the situations described in the answer options, assuming that a listener interprets it literally?
   Answer with a letter from a–d.

3. Pragmatic Listener (L1):
   How would a listener interpret this utterance, knowing that the speaker is informative and chooses the most appropriate utterance for the situation described in the answer options?
   Answer with a letter from a–d.

Final Answer:
  Answer with a letter from a–d.","1. Literal Listener (L0):
   c. Booking the appointment was straightforward and effortless.

2. Informative Speaker (S1):
   c. Booking the appointment was straightforward and effortless.

3. Pragmatic Listener (L1):
   c. Booking the appointment was straightforward and effortless.","['c', 'b', 'a', 'd']",3,UA_NI,c,"1. Literal Listener (L0):
   c. Booking the appointment was straightforward and effortless.

2. Informative Speaker (S1):
   c. Booking the appointment was straightforward and effortless.

3. Pragmatic Listener (L1):
   c. Booking the appointment was straightforward and effortless.",a
C1_39_A_I,C1_39,173,1,ambiguous,ironic,c,"Anyone could have done the task, no special abilities required.",Mistral-7B-Instruct,Condition1B_context_richness_stimuli,rsa,"You will read short stories that describe everyday situations and end with a person saying something.

For each story, there are 4 possible interpretations (a,b,c,d).

Context: They finished an easy task for their maths lesson.

Target utterance:
They say: """"We must be very smart.""""

a. Completing the task was a genuine sign of intelligence.
b. They were given another task after the math lesson.
c. Anyone could have done the task, no special abilities required.
d. They were always smart about managing their money.

Answer the following questions in order:

1. Literal Listener (L0):
   How would a listener interpret the utterance literally?
   Answer with a letter from a–d.

2. Informative Speaker (S1):
   Which utterance would an informative speaker be most likely to choose, given the situations described in the answer options, assuming that a listener interprets it literally?
   Answer with a letter from a–d.

3. Pragmatic Listener (L1):
   How would a listener interpret this utterance, knowing that the speaker is informative and chooses the most appropriate utterance for the situation described in the answer options?
   Answer with a letter from a–d.

Final Answer:
  Answer with a letter from a–d.","1. Literal Listener (L0):
   a. Completing the task was a genuine sign of intelligence.

2. Informative Speaker (S1):
   c. Anyone could have done the task, no special abilities required. (This is the most neutral and least likely to be misinterpreted as the task was easy.)

3. Pragmatic Listener (L1):
   c. Anyone could have done the task, no special abilities required. (The speaker is informative and would choose an utterance that acknowledges the ease of the task and does not overstate their intelligence.)

Final Answer: c. Anyone could have done the task, no special abilities","['a', 'd', 'b', 'c']",3,A_I,c,"1. Literal Listener (L0):
   a. Completing the task was a genuine sign of intelligence.

2. Informative Speaker (S1):
   c. Anyone could have done the task, no special abilities required. (This is the most neutral and least likely to be misinterpreted as the task was easy.)

3. Pragmatic Listener (L1):
   c. Anyone could have done the task, no special abilities required. (The speaker is informative and would choose an utterance that acknowledges the ease of the task and does not overstate their intelligence.)

Final Answer: c. Anyone could have done the task, no special abilities",b
C1_40_A_NI,C1_40,97,1,ambiguous,non-ironic,c,Making the payment was a smooth and effortless experience.,Mistral-7B-Instruct,Condition1B_context_richness_stimuli,rsa,"You will read short stories that describe everyday situations and end with a person saying something.

For each story, there are 4 possible interpretations (a,b,c,d).

Context: He made a payment through a website which was easy to use.

Target utterance:
He says:  """"Technology at its finest.""""

a. He always thought the finest restaurants required a reservation.
b. He decided to cancel the payment altogether.
c. Making the payment was a smooth and effortless experience.
d. Making the payment was complicated and painful.

Answer the following questions in order:

1. Literal Listener (L0):
   How would a listener interpret the utterance literally?
   Answer with a letter from a–d.

2. Informative Speaker (S1):
   Which utterance would an informative speaker be most likely to choose, given the situations described in the answer options, assuming that a listener interprets it literally?
   Answer with a letter from a–d.

3. Pragmatic Listener (L1):
   How would a listener interpret this utterance, knowing that the speaker is informative and chooses the most appropriate utterance for the situation described in the answer options?
   Answer with a letter from a–d.

Final Answer:
  Answer with a letter from a–d.","1. Literal Listener (L0):
   c. Making the payment was a smooth and effortless experience.

2. Informative Speaker (S1):
   c. Making the payment was a smooth and effortless experience.

3. Pragmatic Listener (L1):
   c. Making the payment was a smooth and effortless experience.","['c', 'd', 'a', 'b']",3,A_NI,c,"1. Literal Listener (L0):
   c. Making the payment was a smooth and effortless experience.

2. Informative Speaker (S1):
   c. Making the payment was a smooth and effortless experience.

3. Pragmatic Listener (L1):
   c. Making the payment was a smooth and effortless experience.",a
C1_41_UA_I,C1_41,217,1,unambiguous,ironic,a,Her kitchen was a mess.,Mistral-7B-Instruct,Condition1B_context_richness_stimuli,rsa,"You will read short stories that describe everyday situations and end with a person saying something.

For each story, there are 4 possible interpretations (a,b,c,d).

Context: She finished cooking and the kitchen was filthy.

Target utterance:
She says: """"I'm the sort of person who likes to keep things tidy.""""

a. Her kitchen was a mess.
b. Her kitchen was tidy.
c. The apartment came with a fully equipped kitchen.
d. Children should regularly tidy up their rooms.

Answer the following questions in order:

1. Literal Listener (L0):
   How would a listener interpret the utterance literally?
   Answer with a letter from a–d.

2. Informative Speaker (S1):
   Which utterance would an informative speaker be most likely to choose, given the situations described in the answer options, assuming that a listener interprets it literally?
   Answer with a letter from a–d.

3. Pragmatic Listener (L1):
   How would a listener interpret this utterance, knowing that the speaker is informative and chooses the most appropriate utterance for the situation described in the answer options?
   Answer with a letter from a–d.

Final Answer:
  Answer with a letter from a–d.","1. Literal Listener (L0):
   a. Her kitchen was a mess.

2. Informative Speaker (S1):
   d. Children should regularly tidy up their rooms. (This is not a correct interpretation of the utterance, but it is the most likely utterance an informative speaker would choose, given the situation, to provide advice on tidiness.)

3. Pragmatic Listener (L1):
   a. Her kitchen was a mess. (The speaker is stating a preference for tidiness, which implies that their own kitchen is not currently tidy.)","['b', 'a', 'd', 'c']",3,UA_I,a,"1. Literal Listener (L0):
   a. Her kitchen was a mess.

2. Informative Speaker (S1):
   d. Children should regularly tidy up their rooms. (This is not a correct interpretation of the utterance, but it is the most likely utterance an informative speaker would choose, given the situation, to provide advice on tidiness.)

3. Pragmatic Listener (L1):
   a. Her kitchen was a mess. (The speaker is stating a preference for tidiness, which implies that their own kitchen is not currently tidy.)",b
C1_42_UA_NI,C1_42,72,1,unambiguous,non-ironic,d,The room was tidied up well before it got too messy.,Mistral-7B-Instruct,Condition1B_context_richness_stimuli,rsa,"You will read short stories that describe everyday situations and end with a person saying something.

For each story, there are 4 possible interpretations (a,b,c,d).

Context: They walked into the room and found it filthy.

Target utterance:
They said: ""“Looks like you didn’t wait too long to clean it.”""

a. They decided to book a different room altogether.
b. They never had to wait long for a table.
c. The room was left in a terrible state for far too long.
d. The room was tidied up well before it got too messy.

Answer the following questions in order:

1. Literal Listener (L0):
   How would a listener interpret the utterance literally?
   Answer with a letter from a–d.

2. Informative Speaker (S1):
   Which utterance would an informative speaker be most likely to choose, given the situations described in the answer options, assuming that a listener interprets it literally?
   Answer with a letter from a–d.

3. Pragmatic Listener (L1):
   How would a listener interpret this utterance, knowing that the speaker is informative and chooses the most appropriate utterance for the situation described in the answer options?
   Answer with a letter from a–d.

Final Answer:
  Answer with a letter from a–d.","1. Literal Listener (L0):
   c. The room was left in a terrible state for far too long.

2. Informative Speaker (S1):
   c. The room was left in a terrible state for far too long.

3. Pragmatic Listener (L1):
   c. The room was left in a terrible state for far too long.","['d', 'c', 'b', 'a']",3,UA_NI,c,"1. Literal Listener (L0):
   c. The room was left in a terrible state for far too long.

2. Informative Speaker (S1):
   c. The room was left in a terrible state for far too long.

3. Pragmatic Listener (L1):
   c. The room was left in a terrible state for far too long.",b
C1_43_A_I,C1_43,44,1,ambiguous,ironic,a,The street was far from pretty.,Mistral-7B-Instruct,Condition1B_context_richness_stimuli,rsa,"You will read short stories that describe everyday situations and end with a person saying something.

For each story, there are 4 possible interpretations (a,b,c,d).

Context: The street was dirty.

Target utterance:
They say:  """"Such a beautiful walk.""""

a. The street was far from pretty.
b. A dog was barking on the street.
c. The street was genuinely pleasant.
d. They went for a walk in the park.

Answer the following questions in order:

1. Literal Listener (L0):
   How would a listener interpret the utterance literally?
   Answer with a letter from a–d.

2. Informative Speaker (S1):
   Which utterance would an informative speaker be most likely to choose, given the situations described in the answer options, assuming that a listener interprets it literally?
   Answer with a letter from a–d.

3. Pragmatic Listener (L1):
   How would a listener interpret this utterance, knowing that the speaker is informative and chooses the most appropriate utterance for the situation described in the answer options?
   Answer with a letter from a–d.

Final Answer:
  Answer with a letter from a–d.","1. Literal Listener (L0):
   c. The street was genuinely pleasant.

2. Informative Speaker (S1):
   c. The street was genuinely pleasant. (This is the only option that matches the literal interpretation of the utterance and also fits the situation described in the passage.)

3. Pragmatic Listener (L1):
   c. The street was genuinely pleasant. (Even though the street was dirty, the speaker might be using hyperbole or sarcasm to express their dissatisfaction with the street's condition.)","['b', 'd', 'a', 'c']",3,A_I,c,"1. Literal Listener (L0):
   c. The street was genuinely pleasant.

2. Informative Speaker (S1):
   c. The street was genuinely pleasant. (This is the only option that matches the literal interpretation of the utterance and also fits the situation described in the passage.)

3. Pragmatic Listener (L1):
   c. The street was genuinely pleasant. (Even though the street was dirty, the speaker might be using hyperbole or sarcasm to express their dissatisfaction with the street's condition.)",a
C1_44_A_NI,C1_44,35,1,ambiguous,non-ironic,b,The floor was very clean.,Mistral-7B-Instruct,Condition1B_context_richness_stimuli,rsa,"You will read short stories that describe everyday situations and end with a person saying something.

For each story, there are 4 possible interpretations (a,b,c,d).

Context: The floor was dirty.

Target utterance:
She says: """"You could practically eat off the floor here.""""

a. She could eat a whole cake.
b. The floor was very clean.
c. The floor was very dirty.
d. The dance floor was very empty.

Answer the following questions in order:

1. Literal Listener (L0):
   How would a listener interpret the utterance literally?
   Answer with a letter from a–d.

2. Informative Speaker (S1):
   Which utterance would an informative speaker be most likely to choose, given the situations described in the answer options, assuming that a listener interprets it literally?
   Answer with a letter from a–d.

3. Pragmatic Listener (L1):
   How would a listener interpret this utterance, knowing that the speaker is informative and chooses the most appropriate utterance for the situation described in the answer options?
   Answer with a letter from a–d.

Final Answer:
  Answer with a letter from a–d.","1. L0: c. The floor was very dirty.
2. S1: c. The floor was very dirty. (Since the floor was dirty, an informative speaker would choose the utterance that accurately describes the situation.)
3. L1: c. The floor was very dirty. (A pragmatic listener would understand that the speaker is pointing out the dirtiness of the floor, given the informative nature of the speaker.)

Final Answer: c. The floor was very dirty.","['c', 'a', 'b', 'd']",3,A_NI,c,"1. L0: c. The floor was very dirty.
2. S1: c. The floor was very dirty. (Since the floor was dirty, an informative speaker would choose the utterance that accurately describes the situation.)
3. L1: c. The floor was very dirty. (A pragmatic listener would understand that the speaker is pointing out the dirtiness of the floor, given the informative nature of the speaker.)

Final Answer: c. The floor was very dirty.",b
C1_45_UA_I,C1_45,278,1,unambiguous,ironic,c,The movie wasn't amusing.,Mistral-7B-Instruct,Condition1B_context_richness_stimuli,rsa,"You will read short stories that describe everyday situations and end with a person saying something.

For each story, there are 4 possible interpretations (a,b,c,d).

Context: They watched a hilarious movie.

Target utterance:
They say: """"That was the perfect movie for a laugh.""""

a. They saw three movies that week.
b. The movie was funny and great.
c. The movie wasn't amusing.
d. They had such a perfect night.

Answer the following questions in order:

1. Literal Listener (L0):
   How would a listener interpret the utterance literally?
   Answer with a letter from a–d.

2. Informative Speaker (S1):
   Which utterance would an informative speaker be most likely to choose, given the situations described in the answer options, assuming that a listener interprets it literally?
   Answer with a letter from a–d.

3. Pragmatic Listener (L1):
   How would a listener interpret this utterance, knowing that the speaker is informative and chooses the most appropriate utterance for the situation described in the answer options?
   Answer with a letter from a–d.

Final Answer:
  Answer with a letter from a–d.","1. Literal Listener (L0):
   b. The movie was funny and great.

2. Informative Speaker (S1):
   b. The movie was funny and great.

3. Pragmatic Listener (L1):
   b. The movie was funny and great. (Since the speaker watched a hilarious movie, it implies that they found it funny and enjoyable.)","['d', 'a', 'b', 'c']",3,UA_I,b,"1. Literal Listener (L0):
   b. The movie was funny and great.

2. Informative Speaker (S1):
   b. The movie was funny and great.

3. Pragmatic Listener (L1):
   b. The movie was funny and great. (Since the speaker watched a hilarious movie, it implies that they found it funny and enjoyable.)",a
C1_46_UA_NI,C1_46,204,1,unambiguous,non-ironic,b,The musical left her deeply moved.,Mistral-7B-Instruct,Condition1B_context_richness_stimuli,rsa,"You will read short stories that describe everyday situations and end with a person saying something.

For each story, there are 4 possible interpretations (a,b,c,d).

Context: The musical she watched was really hilarious.

Target utterance:
She says: """"That cracked me up.""""

a. The musical was purely for laughs.
b. The musical left her deeply moved.
c. She answered some questions about the musical.
d. The joke cracked everyone up.

Answer the following questions in order:

1. Literal Listener (L0):
   How would a listener interpret the utterance literally?
   Answer with a letter from a–d.

2. Informative Speaker (S1):
   Which utterance would an informative speaker be most likely to choose, given the situations described in the answer options, assuming that a listener interprets it literally?
   Answer with a letter from a–d.

3. Pragmatic Listener (L1):
   How would a listener interpret this utterance, knowing that the speaker is informative and chooses the most appropriate utterance for the situation described in the answer options?
   Answer with a letter from a–d.

Final Answer:
  Answer with a letter from a–d.","1. Literal Listener (L0):
   She is expressing that the musical made her laugh.
   Answer: d

2. Informative Speaker (S1):
   An informative speaker would choose the utterance that most accurately reflects the situation, which is that the musical made her laugh.
   Answer: d

3. Pragmatic Listener (L1):
   A pragmatic listener would understand that the speaker is expressing her enjoyment of the musical, and that she found it funny.
   Answer: d","['b', 'a', 'd', 'c']",3,UA_NI,a,"1. Literal Listener (L0):
   She is expressing that the musical made her laugh.
   Answer: d

2. Informative Speaker (S1):
   An informative speaker would choose the utterance that most accurately reflects the situation, which is that the musical made her laugh.
   Answer: d

3. Pragmatic Listener (L1):
   A pragmatic listener would understand that the speaker is expressing her enjoyment of the musical, and that she found it funny.
   Answer: d",b
C1_47_A_I,C1_47,162,1,ambiguous,ironic,b,The situation was far too serious.,Mistral-7B-Instruct,Condition1B_context_richness_stimuli,rsa,"You will read short stories that describe everyday situations and end with a person saying something.

For each story, there are 4 possible interpretations (a,b,c,d).

Context: The situation was funny.

Target utterance:
She says: """"Truly something to laugh about.""""

a. She always found it hard to laugh about things.
b. The situation was far too serious.
c. The situation was genuinely amusing.
d. She tried to make the best of the situation.

Answer the following questions in order:

1. Literal Listener (L0):
   How would a listener interpret the utterance literally?
   Answer with a letter from a–d.

2. Informative Speaker (S1):
   Which utterance would an informative speaker be most likely to choose, given the situations described in the answer options, assuming that a listener interprets it literally?
   Answer with a letter from a–d.

3. Pragmatic Listener (L1):
   How would a listener interpret this utterance, knowing that the speaker is informative and chooses the most appropriate utterance for the situation described in the answer options?
   Answer with a letter from a–d.

Final Answer:
  Answer with a letter from a–d.","1. Literal Listener (L0):
   c. The situation was genuinely amusing.

2. Informative Speaker (S1):
   c. The situation was genuinely amusing. (Since the speaker is finding the situation funny, she would likely say something that indicates her amusement.)

3. Pragmatic Listener (L1):
   c. The situation was genuinely amusing. (Given that the speaker is informative and the situation was indeed funny, a pragmatic listener would understand that the speaker is expressing her amusement.)

Final Answer: c. The situation was genuinely amusing.","['c', 'b', 'a', 'd']",3,A_I,c,"1. Literal Listener (L0):
   c. The situation was genuinely amusing.

2. Informative Speaker (S1):
   c. The situation was genuinely amusing. (Since the speaker is finding the situation funny, she would likely say something that indicates her amusement.)

3. Pragmatic Listener (L1):
   c. The situation was genuinely amusing. (Given that the speaker is informative and the situation was indeed funny, a pragmatic listener would understand that the speaker is expressing her amusement.)

Final Answer: c. The situation was genuinely amusing.",a
C1_48_A_NI,C1_48,69,1,ambiguous,non-ironic,d,The talk contained humour.,Mistral-7B-Instruct,Condition1B_context_richness_stimuli,rsa,"You will read short stories that describe everyday situations and end with a person saying something.

For each story, there are 4 possible interpretations (a,b,c,d).

Context: His talk was funny. 

Target utterance:
Hey says: """"Wow, so many jokes in one talk.""""

a. He was a fan of old jokes.
b. The talk contained no humour.
c. He decided to cancel the talk.
d. The talk contained humour.

Answer the following questions in order:

1. Literal Listener (L0):
   How would a listener interpret the utterance literally?
   Answer with a letter from a–d.

2. Informative Speaker (S1):
   Which utterance would an informative speaker be most likely to choose, given the situations described in the answer options, assuming that a listener interprets it literally?
   Answer with a letter from a–d.

3. Pragmatic Listener (L1):
   How would a listener interpret this utterance, knowing that the speaker is informative and chooses the most appropriate utterance for the situation described in the answer options?
   Answer with a letter from a–d.

Final Answer:
  Answer with a letter from a–d.","1. Literal Listener (L0):
   d. The talk contained humour.

2. Informative Speaker (S1):
   d. The talk contained humour.

3. Pragmatic Listener (L1):
   d. The talk contained humour.","['c', 'b', 'd', 'a']",3,A_NI,d,"1. Literal Listener (L0):
   d. The talk contained humour.

2. Informative Speaker (S1):
   d. The talk contained humour.

3. Pragmatic Listener (L1):
   d. The talk contained humour.",a
C1_49_UA_I,C1_49,190,1,unambiguous,ironic,a,The airport experience was thoroughly unpleasant.,Mistral-7B-Instruct,Condition1B_context_richness_stimuli,rsa,"You will read short stories that describe everyday situations and end with a person saying something.

For each story, there are 4 possible interpretations (a,b,c,d).

Context: He had an excellent experience at the airport.

Target utterance:
He says: """"A complete nightmare, really.""""

a. The airport experience was thoroughly unpleasant.
b. The airport experience was enjoyable.
c. He decided to book a different airport transfer.
d. He came back from his trip exhausted.

Answer the following questions in order:

1. Literal Listener (L0):
   How would a listener interpret the utterance literally?
   Answer with a letter from a–d.

2. Informative Speaker (S1):
   Which utterance would an informative speaker be most likely to choose, given the situations described in the answer options, assuming that a listener interprets it literally?
   Answer with a letter from a–d.

3. Pragmatic Listener (L1):
   How would a listener interpret this utterance, knowing that the speaker is informative and chooses the most appropriate utterance for the situation described in the answer options?
   Answer with a letter from a–d.

Final Answer:
  Answer with a letter from a–d.","1. Literal Listener (L0):
   a. The airport experience was thoroughly unpleasant.

2. Informative Speaker (S1):
   a. The airport experience was thoroughly unpleasant.

3. Pragmatic Listener (L1):
   a. The airport experience was thoroughly unpleasant.","['b', 'a', 'd', 'c']",3,UA_I,a,"1. Literal Listener (L0):
   a. The airport experience was thoroughly unpleasant.

2. Informative Speaker (S1):
   a. The airport experience was thoroughly unpleasant.

3. Pragmatic Listener (L1):
   a. The airport experience was thoroughly unpleasant.",b
C1_50_UA_NI,C1_50,211,1,unambiguous,non-ironic,d,The exam results were impressive,Mistral-7B-Instruct,Condition1B_context_richness_stimuli,rsa,"You will read short stories that describe everyday situations and end with a person saying something.

For each story, there are 4 possible interpretations (a,b,c,d).

Context: He studied hard for the exam, and the results were excellent.

Target utterance:
He says: """"Well, this is amazing.""""

a. He always found art museums amazing.
b. The exam results were deeply disappointing.
c. He had one more exam this week.
d. The exam results were impressive

Answer the following questions in order:

1. Literal Listener (L0):
   How would a listener interpret the utterance literally?
   Answer with a letter from a–d.

2. Informative Speaker (S1):
   Which utterance would an informative speaker be most likely to choose, given the situations described in the answer options, assuming that a listener interprets it literally?
   Answer with a letter from a–d.

3. Pragmatic Listener (L1):
   How would a listener interpret this utterance, knowing that the speaker is informative and chooses the most appropriate utterance for the situation described in the answer options?
   Answer with a letter from a–d.

Final Answer:
  Answer with a letter from a–d.","1. Literal Listener (L0):
   d. The exam results were impressive

2. Informative Speaker (S1):
   d. The exam results were impressive

3. Pragmatic Listener (L1):
   d. The exam results were impressive","['c', 'b', 'd', 'a']",3,UA_NI,d,"1. Literal Listener (L0):
   d. The exam results were impressive

2. Informative Speaker (S1):
   d. The exam results were impressive

3. Pragmatic Listener (L1):
   d. The exam results were impressive",a
C1_51_A_I,C1_51,192,1,ambiguous,ironic,a,They found the play entertaining.,Mistral-7B-Instruct,Condition1B_context_richness_stimuli,rsa,"You will read short stories that describe everyday situations and end with a person saying something.

For each story, there are 4 possible interpretations (a,b,c,d).

Context: They left the play feeling good.

Target utterance:
They said:  """"That wasn't fun at all.""""

a. They found the play entertaining.
b. They found the play dull.
c. They liked to watch a play in their favorite theatre.
d. They had fun eating together.

Answer the following questions in order:

1. Literal Listener (L0):
   How would a listener interpret the utterance literally?
   Answer with a letter from a–d.

2. Informative Speaker (S1):
   Which utterance would an informative speaker be most likely to choose, given the situations described in the answer options, assuming that a listener interprets it literally?
   Answer with a letter from a–d.

3. Pragmatic Listener (L1):
   How would a listener interpret this utterance, knowing that the speaker is informative and chooses the most appropriate utterance for the situation described in the answer options?
   Answer with a letter from a–d.

Final Answer:
  Answer with a letter from a–d.","1. Literal Listener (L0):
   b. They found the play dull.

2. Informative Speaker (S1):
   b. They found the play dull. (Since the story mentions that they left the play feeling good, an informative speaker would choose an option that contradicts this, as the utterance ""That wasn't fun at all"" implies a negative experience.)

3. Pragmatic Listener (L1):
   b. They found the play dull. (Given that the speaker is informative and chooses the most appropriate utterance for the situation, the listener would interpret the utterance as indicating a negative experience with the play.)
","['b', 'a', 'd', 'c']",3,A_I,b,"1. Literal Listener (L0):
   b. They found the play dull.

2. Informative Speaker (S1):
   b. They found the play dull. (Since the story mentions that they left the play feeling good, an informative speaker would choose an option that contradicts this, as the utterance ""That wasn't fun at all"" implies a negative experience.)

3. Pragmatic Listener (L1):
   b. They found the play dull. (Given that the speaker is informative and chooses the most appropriate utterance for the situation, the listener would interpret the utterance as indicating a negative experience with the play.)",a
C1_52_A_NI,C1_52,171,1,ambiguous,non-ironic,c,The rmeal was a genuinely enjoyable experience.,Mistral-7B-Instruct,Condition1B_context_richness_stimuli,rsa,"You will read short stories that describe everyday situations and end with a person saying something.

For each story, there are 4 possible interpretations (a,b,c,d).

Context: She had a good meal at a restaurant.

Target utterance:
She says: """"That was a great restaurant visit.""""

a. She found the whole meal disappointing.
b. She wanted to try the meal for months.
c. The rmeal was a genuinely enjoyable experience.
d. She always enjoyed a restaurant visit before a big day out.

Answer the following questions in order:

1. Literal Listener (L0):
   How would a listener interpret the utterance literally?
   Answer with a letter from a–d.

2. Informative Speaker (S1):
   Which utterance would an informative speaker be most likely to choose, given the situations described in the answer options, assuming that a listener interprets it literally?
   Answer with a letter from a–d.

3. Pragmatic Listener (L1):
   How would a listener interpret this utterance, knowing that the speaker is informative and chooses the most appropriate utterance for the situation described in the answer options?
   Answer with a letter from a–d.

Final Answer:
  Answer with a letter from a–d.","1. Literal Listener (L0):
   c. The meal was a genuinely enjoyable experience.

2. Informative Speaker (S1):
   c. The meal was a genuinely enjoyable experience. (This is the most literal interpretation of the utterance.)

3. Pragmatic Listener (L1):
   c. The meal was a genuinely enjoyable experience. (Given that the speaker is informative, they would choose the most literal and appropriate utterance for the situation.)

Final Answer: c. The meal was a genuinely enjoyable experience.","['b', 'd', 'a', 'c']",3,A_NI,c,"1. Literal Listener (L0):
   c. The meal was a genuinely enjoyable experience.

2. Informative Speaker (S1):
   c. The meal was a genuinely enjoyable experience. (This is the most literal interpretation of the utterance.)

3. Pragmatic Listener (L1):
   c. The meal was a genuinely enjoyable experience. (Given that the speaker is informative, they would choose the most literal and appropriate utterance for the situation.)

Final Answer: c. The meal was a genuinely enjoyable experience.",a
C1_53_UA_I,C1_53,243,1,unambiguous,ironic,a,The ground was dried out.,Mistral-7B-Instruct,Condition1B_context_richness_stimuli,rsa,"You will read short stories that describe everyday situations and end with a person saying something.

For each story, there are 4 possible interpretations (a,b,c,d).

Context: After the weather changed, the ground became soaked.

Target utterance:
She says: """"Perfect conditions for a picnic..""""

a. The ground was dried out.
b. She knelt in the mud to look closely at the earth.
c. The ground was uneven where she stood.
d. The ground was moist and muddy after the rain.

Answer the following questions in order:

1. Literal Listener (L0):
   How would a listener interpret the utterance literally?
   Answer with a letter from a–d.

2. Informative Speaker (S1):
   Which utterance would an informative speaker be most likely to choose, given the situations described in the answer options, assuming that a listener interprets it literally?
   Answer with a letter from a–d.

3. Pragmatic Listener (L1):
   How would a listener interpret this utterance, knowing that the speaker is informative and chooses the most appropriate utterance for the situation described in the answer options?
   Answer with a letter from a–d.

Final Answer:
  Answer with a letter from a–d.","1. Literal Listener (L0): d. The ground was moist and muddy after the rain.
2. Informative Speaker (S1): d. The ground was moist and muddy after the rain. (This is the only option that matches the literal interpretation of the utterance and the situation described in the passage.)
3. Pragmatic Listener (L1): d. The ground was moist and muddy after the rain. (A pragmatic listener would understand that the speaker is referring to the conditions being suitable for a picnic because the ground is wet, not dry, and not uneven or mud-free.)

Final Answer: d. The ground was moist and mud","['b', 'c', 'd', 'a']",3,UA_I,d,"1. Literal Listener (L0): d. The ground was moist and muddy after the rain.
2. Informative Speaker (S1): d. The ground was moist and muddy after the rain. (This is the only option that matches the literal interpretation of the utterance and the situation described in the passage.)
3. Pragmatic Listener (L1): d. The ground was moist and muddy after the rain. (A pragmatic listener would understand that the speaker is referring to the conditions being suitable for a picnic because the ground is wet, not dry, and not uneven or mud-free.)

Final Answer: d. The ground was moist and mud",a
C1_54_UA_NI,C1_54,271,1,unambiguous,non-ironic,b,The garden was struggling without any water.,Mistral-7B-Instruct,Condition1B_context_richness_stimuli,rsa,"You will read short stories that describe everyday situations and end with a person saying something.

For each story, there are 4 possible interpretations (a,b,c,d).

Context: The garden was soaked in the morning.

Target utterance:
They said: """"That’s enough water for the day.""""

a. The garden was just watered and needed to dry out.
b. The garden was struggling without any water.
c. They wanted a new water feature.
d. They played some boardgames in the garden.

Answer the following questions in order:

1. Literal Listener (L0):
   How would a listener interpret the utterance literally?
   Answer with a letter from a–d.

2. Informative Speaker (S1):
   Which utterance would an informative speaker be most likely to choose, given the situations described in the answer options, assuming that a listener interprets it literally?
   Answer with a letter from a–d.

3. Pragmatic Listener (L1):
   How would a listener interpret this utterance, knowing that the speaker is informative and chooses the most appropriate utterance for the situation described in the answer options?
   Answer with a letter from a–d.

Final Answer:
  Answer with a letter from a–d.","1. Literal Listener (L0):
   They are saying that the garden has received enough water for the day, implying that it has been watered.
   Answer: a

2. Informative Speaker (S1):
   An informative speaker would choose the option that best fits the situation described in the passage, which is that the garden was watered.
   Answer: a

3. Pragmatic Listener (L1):
   A pragmatic listener would understand that the speaker is saying that the garden has received enough water for the day, given that the garden was soaked in the morning.
   Answer: a","['b', 'a', 'c', 'd']",3,UA_NI,a,"1. Literal Listener (L0):
   They are saying that the garden has received enough water for the day, implying that it has been watered.
   Answer: a

2. Informative Speaker (S1):
   An informative speaker would choose the option that best fits the situation described in the passage, which is that the garden was watered.
   Answer: a

3. Pragmatic Listener (L1):
   A pragmatic listener would understand that the speaker is saying that the garden has received enough water for the day, given that the garden was soaked in the morning.
   Answer: a",b
C1_55_A_I,C1_55,263,1,ambiguous,ironic,b,The plants had been wilting due to lack of water.,Mistral-7B-Instruct,Condition1B_context_richness_stimuli,rsa,"You will read short stories that describe everyday situations and end with a person saying something.

For each story, there are 4 possible interpretations (a,b,c,d).

Context: The field was wet.

Target utterance:
He says: """"Terrible news for anything trying to grow..""""

a. He was considering buying a new tractor.
b. The plants had been wilting due to lack of water.
c. He had been reading about different farming techniques.
d. The plants had been getting plenty of moisture to grow.

Answer the following questions in order:

1. Literal Listener (L0):
   How would a listener interpret the utterance literally?
   Answer with a letter from a–d.

2. Informative Speaker (S1):
   Which utterance would an informative speaker be most likely to choose, given the situations described in the answer options, assuming that a listener interprets it literally?
   Answer with a letter from a–d.

3. Pragmatic Listener (L1):
   How would a listener interpret this utterance, knowing that the speaker is informative and chooses the most appropriate utterance for the situation described in the answer options?
   Answer with a letter from a–d.

Final Answer:
  Answer with a letter from a–d.","1. Literal Listener (L0):
   d. The plants had been getting plenty of moisture to grow.

2. Informative Speaker (S1):
   b. The plants had been wilting due to lack of water.

3. Pragmatic Listener (L1):
   b. The plants had been wilting due to lack of water. (Since the field was wet, the utterance seems to be a comment on the irony of the situation, as wet soil is usually beneficial for plants, but in this case, it's not enough to prevent wilting.)","['d', 'b', 'c', 'a']",3,A_I,b,"1. Literal Listener (L0):
   d. The plants had been getting plenty of moisture to grow.

2. Informative Speaker (S1):
   b. The plants had been wilting due to lack of water.

3. Pragmatic Listener (L1):
   b. The plants had been wilting due to lack of water. (Since the field was wet, the utterance seems to be a comment on the irony of the situation, as wet soil is usually beneficial for plants, but in this case, it's not enough to prevent wilting.)",b
C1_56_A_NI,C1_56,182,1,ambiguous,non-ironic,c,Her hair was soaking wet.,Mistral-7B-Instruct,Condition1B_context_richness_stimuli,rsa,"You will read short stories that describe everyday situations and end with a person saying something.

For each story, there are 4 possible interpretations (a,b,c,d).

Context: She saw her wet hair.

Target utterance:
She said: """"The rain really caught me by surprise.""""

a. Her hair was completely dry.
b. She had her hair cut short last week.
c. Her hair was soaking wet.
d. They organised a surprise party for him.

Answer the following questions in order:

1. Literal Listener (L0):
   How would a listener interpret the utterance literally?
   Answer with a letter from a–d.

2. Informative Speaker (S1):
   Which utterance would an informative speaker be most likely to choose, given the situations described in the answer options, assuming that a listener interprets it literally?
   Answer with a letter from a–d.

3. Pragmatic Listener (L1):
   How would a listener interpret this utterance, knowing that the speaker is informative and chooses the most appropriate utterance for the situation described in the answer options?
   Answer with a letter from a–d.

Final Answer:
  Answer with a letter from a–d.","1. Literal Listener (L0):
   c. Her hair was soaking wet.

2. Informative Speaker (S1):
   c. Her hair was soaking wet. (This is the only option that directly relates to the statement ""She saw her wet hair."")

3. Pragmatic Listener (L1):
   c. Her hair was soaking wet. (Given that the speaker is informative, they would choose the most direct and accurate response to the situation described.)

Final Answer: c. Her hair was soaking wet.","['b', 'd', 'a', 'c']",3,A_NI,c,"1. Literal Listener (L0):
   c. Her hair was soaking wet.

2. Informative Speaker (S1):
   c. Her hair was soaking wet. (This is the only option that directly relates to the statement ""She saw her wet hair."")

3. Pragmatic Listener (L1):
   c. Her hair was soaking wet. (Given that the speaker is informative, they would choose the most direct and accurate response to the situation described.)

Final Answer: c. Her hair was soaking wet.",a
C1_57_UA_I,C1_57,237,1,unambiguous,ironic,d,I thought the outfit was ugly.,Mistral-7B-Instruct,Condition1B_context_richness_stimuli,rsa,"You will read short stories that describe everyday situations and end with a person saying something.

For each story, there are 4 possible interpretations (a,b,c,d).

Context: I wore a stunnig outfit to attend the award ceremony.

Target utterance:
I say: """"I really didn't try at all today.""""

a. I admired the outfit.
b. I received an amazing award.
c. The comedians on the stage enjoyed themselves.
d. I thought the outfit was ugly.

Answer the following questions in order:

1. Literal Listener (L0):
   How would a listener interpret the utterance literally?
   Answer with a letter from a–d.

2. Informative Speaker (S1):
   Which utterance would an informative speaker be most likely to choose, given the situations described in the answer options, assuming that a listener interprets it literally?
   Answer with a letter from a–d.

3. Pragmatic Listener (L1):
   How would a listener interpret this utterance, knowing that the speaker is informative and chooses the most appropriate utterance for the situation described in the answer options?
   Answer with a letter from a–d.

Final Answer:
  Answer with a letter from a–d.","1. Literal Listener (L0):
   I say: """"I really didn't try at all today.""""
   Answer: d. I thought the outfit was ugly.

2. Informative Speaker (S1):
   Which utterance would an informative speaker be most likely to choose, given the situations described in the answer options, assuming that a listener interprets it literally?
   Answer: d. I thought the outfit was ugly.

3. Pragmatic Listener (L1):
   How would a listener interpret this utterance, knowing that the speaker is informative and chooses the most appropriate utterance for the situation described in the answer options?","['a', 'c', 'd', 'b']",3,UA_I,,"1. Literal Listener (L0):
   I say: """"I really didn't try at all today.""""
   Answer: d. I thought the outfit was ugly.

2. Informative Speaker (S1):
   Which utterance would an informative speaker be most likely to choose, given the situations described in the answer options, assuming that a listener interprets it literally?
   Answer: d. I thought the outfit was ugly.

3. Pragmatic Listener (L1):
   How would a listener interpret this utterance, knowing that the speaker is informative and chooses the most appropriate utterance for the situation described in the answer options?",
C1_58_UA_NI,C1_58,56,1,unambiguous,non-ironic,a,She admired the car.,Mistral-7B-Instruct,Condition1B_context_richness_stimuli,rsa,"You will read short stories that describe everyday situations and end with a person saying something.

For each story, there are 4 possible interpretations (a,b,c,d).

Context: She saw a stunning car on the street.

Target utterance:
She says: """"That’s a real beauty.""""

a. She admired the car.
b. She thought the painting was beautiful.
c. She had booked a car.
d. She thought the car was ugly.

Answer the following questions in order:

1. Literal Listener (L0):
   How would a listener interpret the utterance literally?
   Answer with a letter from a–d.

2. Informative Speaker (S1):
   Which utterance would an informative speaker be most likely to choose, given the situations described in the answer options, assuming that a listener interprets it literally?
   Answer with a letter from a–d.

3. Pragmatic Listener (L1):
   How would a listener interpret this utterance, knowing that the speaker is informative and chooses the most appropriate utterance for the situation described in the answer options?
   Answer with a letter from a–d.

Final Answer:
  Answer with a letter from a–d.","1. Literal Listener (L0):
   a. She admired the car.

2. Informative Speaker (S1):
   a. She admired the car. (Since the speaker saw a car and said it was a ""real beauty,"" the most appropriate utterance would be one that indicates admiration.)

3. Pragmatic Listener (L1):
   a. She admired the car. (Given that the speaker is informative, they would choose the most appropriate utterance for the situation, which is to express admiration for the car.)

Final Answer: a. She admired the car.","['a', 'c', 'd', 'b']",3,UA_NI,a,"1. Literal Listener (L0):
   a. She admired the car.

2. Informative Speaker (S1):
   a. She admired the car. (Since the speaker saw a car and said it was a ""real beauty,"" the most appropriate utterance would be one that indicates admiration.)

3. Pragmatic Listener (L1):
   a. She admired the car. (Given that the speaker is informative, they would choose the most appropriate utterance for the situation, which is to express admiration for the car.)

Final Answer: a. She admired the car.",a
C1_59_A_I,C1_59,59,1,ambiguous,ironic,b,The painting was genuinely beautiful.,Mistral-7B-Instruct,Condition1B_context_richness_stimuli,rsa,"You will read short stories that describe everyday situations and end with a person saying something.

For each story, there are 4 possible interpretations (a,b,c,d).

Context: He looked at a pretty painting.

Target utterance:
He said: """"That's hard to look at.""""

a. The painting was genuinely ugly.
b. The painting was genuinely beautiful.
c. He gave her a stern look.
d. They spent the weekend for this painting.

Answer the following questions in order:

1. Literal Listener (L0):
   How would a listener interpret the utterance literally?
   Answer with a letter from a–d.

2. Informative Speaker (S1):
   Which utterance would an informative speaker be most likely to choose, given the situations described in the answer options, assuming that a listener interprets it literally?
   Answer with a letter from a–d.

3. Pragmatic Listener (L1):
   How would a listener interpret this utterance, knowing that the speaker is informative and chooses the most appropriate utterance for the situation described in the answer options?
   Answer with a letter from a–d.

Final Answer:
  Answer with a letter from a–d.","1. L0: a. The painting was genuinely ugly.
2. S1: a. The painting was genuinely ugly. (Since the speaker is saying the painting is hard to look at, it implies that the painting is not aesthetically pleasing or easy to look at, which suggests it is ugly.)
3. L1: a. The painting was genuinely ugly. (As an informed listener, one would understand that the speaker is providing an opinion about the painting, and the utterance ""That's hard to look at"" suggests that the speaker finds the painting unattractive or difficult to appreciate.)

Final Answer: a. The painting was genuinely ugly.","['a', 'b', 'c', 'd']",3,A_I,a,"1. L0: a. The painting was genuinely ugly.
2. S1: a. The painting was genuinely ugly. (Since the speaker is saying the painting is hard to look at, it implies that the painting is not aesthetically pleasing or easy to look at, which suggests it is ugly.)
3. L1: a. The painting was genuinely ugly. (As an informed listener, one would understand that the speaker is providing an opinion about the painting, and the utterance ""That's hard to look at"" suggests that the speaker finds the painting unattractive or difficult to appreciate.)

Final Answer: a. The painting was genuinely ugly.",a
C1_60_A_NI,C1_60,279,1,ambiguous,non-ironic,c,They thought the bird was beautiful.,Mistral-7B-Instruct,Condition1B_context_richness_stimuli,rsa,"You will read short stories that describe everyday situations and end with a person saying something.

For each story, there are 4 possible interpretations (a,b,c,d).

Context: They saw a pretty bird.

Target utterance:
They said: """"A real eye-catcher.""""

a. They had a great time on a trip.
b. They thought the bird was not beautiful.
c. They thought the bird was beautiful.
d. The bird looked at them really closely.

Answer the following questions in order:

1. Literal Listener (L0):
   How would a listener interpret the utterance literally?
   Answer with a letter from a–d.

2. Informative Speaker (S1):
   Which utterance would an informative speaker be most likely to choose, given the situations described in the answer options, assuming that a listener interprets it literally?
   Answer with a letter from a–d.

3. Pragmatic Listener (L1):
   How would a listener interpret this utterance, knowing that the speaker is informative and chooses the most appropriate utterance for the situation described in the answer options?
   Answer with a letter from a–d.

Final Answer:
  Answer with a letter from a–d.","1. Literal Listener (L0):
   c. They thought the bird was beautiful.

2. Informative Speaker (S1):
   c. They thought the bird was beautiful. (This is the most accurate and informative response given the situation described.)

3. Pragmatic Listener (L1):
   c. They thought the bird was beautiful. (Given that the speaker is informative, they would choose the most appropriate utterance for the situation.)

Final Answer: c. They thought the bird was beautiful.","['d', 'b', 'a', 'c']",3,A_NI,c,"1. Literal Listener (L0):
   c. They thought the bird was beautiful.

2. Informative Speaker (S1):
   c. They thought the bird was beautiful. (This is the most accurate and informative response given the situation described.)

3. Pragmatic Listener (L1):
   c. They thought the bird was beautiful. (Given that the speaker is informative, they would choose the most appropriate utterance for the situation.)

Final Answer: c. They thought the bird was beautiful.",a
C1_61_UA_I,C1_61,22,1,unambiguous,ironic,a,The kettle was expensive.,Mistral-7B-Instruct,Condition1B_context_richness_stimuli,rsa,"You will read short stories that describe everyday situations and end with a person saying something.

For each story, there are 4 possible interpretations (a,b,c,d).

Context: I found a nice kettle which was overpriced.

Target utterance:
I said: """"What a steal.""""

a. The kettle was expensive.
b. The kettle was a real bargain.
c. A thief tried to steal my bag.
d. The kettle boiled over..

Answer the following questions in order:

1. Literal Listener (L0):
   How would a listener interpret the utterance literally?
   Answer with a letter from a–d.

2. Informative Speaker (S1):
   Which utterance would an informative speaker be most likely to choose, given the situations described in the answer options, assuming that a listener interprets it literally?
   Answer with a letter from a–d.

3. Pragmatic Listener (L1):
   How would a listener interpret this utterance, knowing that the speaker is informative and chooses the most appropriate utterance for the situation described in the answer options?
   Answer with a letter from a–d.

Final Answer:
  Answer with a letter from a–d.","1. Literal Listener (L0):
   b. The kettle was a real bargain.

2. Informative Speaker (S1):
   b. The kettle was a real bargain. (Since the speaker found a nice kettle which was overpriced, saying ""What a steal"" implies that they found it at a good price despite the high cost.)

3. Pragmatic Listener (L1):
   b. The kettle was a real bargain. (Given that the speaker is informative, they would choose the utterance that best fits the situation, which is that they found a nice kettle that was over","['b', 'a', 'c', 'd']",3,UA_I,b,"1. Literal Listener (L0):
   b. The kettle was a real bargain.

2. Informative Speaker (S1):
   b. The kettle was a real bargain. (Since the speaker found a nice kettle which was overpriced, saying ""What a steal"" implies that they found it at a good price despite the high cost.)

3. Pragmatic Listener (L1):
   b. The kettle was a real bargain. (Given that the speaker is informative, they would choose the utterance that best fits the situation, which is that they found a nice kettle that was over",a
C1_62_UA_NI,C1_62,197,1,unambiguous,non-ironic,b,The vase was worth a lot of money.,Mistral-7B-Instruct,Condition1B_context_richness_stimuli,rsa,"You will read short stories that describe everyday situations and end with a person saying something.

For each story, there are 4 possible interpretations (a,b,c,d).

Context: He broke an overpriced vase.


Target utterance:
He said: """"Well, there goes a priceless treasure""""

a. The vase was not pricy.
b. The vase was worth a lot of money.
c. The experience of breaking the vase was worth it.
d. He went on a hike and picked up flowers.

Answer the following questions in order:

1. Literal Listener (L0):
   How would a listener interpret the utterance literally?
   Answer with a letter from a–d.

2. Informative Speaker (S1):
   Which utterance would an informative speaker be most likely to choose, given the situations described in the answer options, assuming that a listener interprets it literally?
   Answer with a letter from a–d.

3. Pragmatic Listener (L1):
   How would a listener interpret this utterance, knowing that the speaker is informative and chooses the most appropriate utterance for the situation described in the answer options?
   Answer with a letter from a–d.

Final Answer:
  Answer with a letter from a–d.","1. Literal Listener (L0):
   b. The vase was worth a lot of money.

2. Informative Speaker (S1):
   b. The vase was worth a lot of money. (This is the most accurate interpretation of the utterance given the situation described.)

3. Pragmatic Listener (L1):
   b. The vase was worth a lot of money. (Given that the speaker is informative, they would choose the most appropriate utterance for the situation, which is that the vase was overpriced and broken.)

Final Answer: b. The vase was worth a lot of money.","['b', 'a', 'c', 'd']",3,UA_NI,b,"1. Literal Listener (L0):
   b. The vase was worth a lot of money.

2. Informative Speaker (S1):
   b. The vase was worth a lot of money. (This is the most accurate interpretation of the utterance given the situation described.)

3. Pragmatic Listener (L1):
   b. The vase was worth a lot of money. (Given that the speaker is informative, they would choose the most appropriate utterance for the situation, which is that the vase was overpriced and broken.)

Final Answer: b. The vase was worth a lot of money.",a
C1_63_A_I,C1_63,234,1,ambiguous,ironic,b,The perfume was not pricy.,Mistral-7B-Instruct,Condition1B_context_richness_stimuli,rsa,"You will read short stories that describe everyday situations and end with a person saying something.

For each story, there are 4 possible interpretations (a,b,c,d).

Context: She was wearing expensive perfume.

Target utterance:
She said: """"Smells like it's from a gas station.""""

a. The perfume was pricy.
b. The perfume was not pricy.
c. The ocean was calm and quiet.
d. The fragrance label was worth reading.

Answer the following questions in order:

1. Literal Listener (L0):
   How would a listener interpret the utterance literally?
   Answer with a letter from a–d.

2. Informative Speaker (S1):
   Which utterance would an informative speaker be most likely to choose, given the situations described in the answer options, assuming that a listener interprets it literally?
   Answer with a letter from a–d.

3. Pragmatic Listener (L1):
   How would a listener interpret this utterance, knowing that the speaker is informative and chooses the most appropriate utterance for the situation described in the answer options?
   Answer with a letter from a–d.

Final Answer:
  Answer with a letter from a–d.","1. Literal Listener (L0):
   b. The perfume was not pricy.

2. Informative Speaker (S1):
   b. The perfume was not pricy. (Since the speaker is commenting on the perfume being cheap, which contradicts the context that the perfume is expensive.)

3. Pragmatic Listener (L1):
   b. The perfume was not pricy. (The speaker is likely commenting on the perfume's quality, which is often associated with its price. Since the perfume is expensive, the speaker's comment suggests that it does not smell expensive or high-quality.)","['a', 'b', 'd', 'c']",3,A_I,b,"1. Literal Listener (L0):
   b. The perfume was not pricy.

2. Informative Speaker (S1):
   b. The perfume was not pricy. (Since the speaker is commenting on the perfume being cheap, which contradicts the context that the perfume is expensive.)

3. Pragmatic Listener (L1):
   b. The perfume was not pricy. (The speaker is likely commenting on the perfume's quality, which is often associated with its price. Since the perfume is expensive, the speaker's comment suggests that it does not smell expensive or high-quality.)",b
C1_64_A_NI,C1_64,240,1,ambiguous,non-ironic,c,The bag was worth a lot.,Mistral-7B-Instruct,Condition1B_context_richness_stimuli,rsa,"You will read short stories that describe everyday situations and end with a person saying something.

For each story, there are 4 possible interpretations (a,b,c,d).

Context: She got an expensive bag.

Target utterance:
She said: """"Looks like a real designer piece.""""

a. She liked to wear that designer piece.
b. The bag was worth very little.
c. The bag was worth a lot.
d. She had dark bags under her eyes.

Answer the following questions in order:

1. Literal Listener (L0):
   How would a listener interpret the utterance literally?
   Answer with a letter from a–d.

2. Informative Speaker (S1):
   Which utterance would an informative speaker be most likely to choose, given the situations described in the answer options, assuming that a listener interprets it literally?
   Answer with a letter from a–d.

3. Pragmatic Listener (L1):
   How would a listener interpret this utterance, knowing that the speaker is informative and chooses the most appropriate utterance for the situation described in the answer options?
   Answer with a letter from a–d.

Final Answer:
  Answer with a letter from a–d.","1. L0: c. The bag was worth a lot.
2. S1: c. The bag was worth a lot. (Since the speaker is commenting on the bag being a designer piece, it implies that it is valuable.)
3. L1: c. The bag was worth a lot. (Given that the speaker is informative, they would choose the utterance that best fits the situation, which is that the bag is expensive.)

Final Answer: c. The bag was worth a lot.","['c', 'b', 'a', 'd']",3,A_NI,c,"1. L0: c. The bag was worth a lot.
2. S1: c. The bag was worth a lot. (Since the speaker is commenting on the bag being a designer piece, it implies that it is valuable.)
3. L1: c. The bag was worth a lot. (Given that the speaker is informative, they would choose the utterance that best fits the situation, which is that the bag is expensive.)

Final Answer: c. The bag was worth a lot.",a
C1_65_UA_I,C1_65,187,1,unambiguous,ironic,a,The house felt spacious and huge.,Mistral-7B-Instruct,Condition1B_context_richness_stimuli,rsa,"You will read short stories that describe everyday situations and end with a person saying something.

For each story, there are 4 possible interpretations (a,b,c,d).

Context: They moved into an enormous house.

Target utterance:
They said: """"You can barely turn around in here.""""

a. The house felt spacious and huge.
b. They made a sharp turn at the end of the road.
c. The house felt cramped and tiny.
d. The house was red and blue.

Answer the following questions in order:

1. Literal Listener (L0):
   How would a listener interpret the utterance literally?
   Answer with a letter from a–d.

2. Informative Speaker (S1):
   Which utterance would an informative speaker be most likely to choose, given the situations described in the answer options, assuming that a listener interprets it literally?
   Answer with a letter from a–d.

3. Pragmatic Listener (L1):
   How would a listener interpret this utterance, knowing that the speaker is informative and chooses the most appropriate utterance for the situation described in the answer options?
   Answer with a letter from a–d.

Final Answer:
  Answer with a letter from a–d.","1. Literal Listener (L0):
   The house felt cramped and tiny.

2. Informative Speaker (S1):
   They said: ""You can barely turn around in here."" (c)

3. Pragmatic Listener (L1):
   The house felt spacious and huge. (a)","['b', 'c', 'a', 'd']",3,UA_I,,"1. Literal Listener (L0):
   The house felt cramped and tiny.

2. Informative Speaker (S1):
   They said: ""You can barely turn around in here."" (c)

3. Pragmatic Listener (L1):
   The house felt spacious and huge. (a)",
C1_66_UA_NI,C1_66,91,1,unambiguous,non-ironic,b,They thought the concert was huge.,Mistral-7B-Instruct,Condition1B_context_richness_stimuli,rsa,"You will read short stories that describe everyday situations and end with a person saying something.

For each story, there are 4 possible interpretations (a,b,c,d).

Context: They attended a concert at an enormous venue.


Target utterance:
They said: """"What a massive event.""""

a. They thought the concert was small.
b. They thought the concert was huge.
c. They liked go to concerts.
d. They organized a massive event for dating.

Answer the following questions in order:

1. Literal Listener (L0):
   How would a listener interpret the utterance literally?
   Answer with a letter from a–d.

2. Informative Speaker (S1):
   Which utterance would an informative speaker be most likely to choose, given the situations described in the answer options, assuming that a listener interprets it literally?
   Answer with a letter from a–d.

3. Pragmatic Listener (L1):
   How would a listener interpret this utterance, knowing that the speaker is informative and chooses the most appropriate utterance for the situation described in the answer options?
   Answer with a letter from a–d.

Final Answer:
  Answer with a letter from a–d.","1. L0: b. They thought the concert was huge.
2. S1: b. They thought the concert was huge (since the concert was at an enormous venue).
3. L1: b. They thought the concert was huge (since the speaker is informative and the concert was at an enormous venue).","['b', 'a', 'd', 'c']",3,UA_NI,b,"1. L0: b. They thought the concert was huge.
2. S1: b. They thought the concert was huge (since the concert was at an enormous venue).
3. L1: b. They thought the concert was huge (since the speaker is informative and the concert was at an enormous venue).",a
C1_67_A_I,C1_67,1,1,ambiguous,ironic,d,She thought the spider was huge.,Mistral-7B-Instruct,Condition1B_context_richness_stimuli,rsa,"You will read short stories that describe everyday situations and end with a person saying something.

For each story, there are 4 possible interpretations (a,b,c,d).

Context: She spotted a big spider.

Target utterance:
She said: """"Almost didn't see it.""""

a. She drew a spider diagram to plan her essay.
b. She thought the spider was tiny.
c. She went to see her doctor on Monday.
d. She thought the spider was huge.

Answer the following questions in order:

1. Literal Listener (L0):
   How would a listener interpret the utterance literally?
   Answer with a letter from a–d.

2. Informative Speaker (S1):
   Which utterance would an informative speaker be most likely to choose, given the situations described in the answer options, assuming that a listener interprets it literally?
   Answer with a letter from a–d.

3. Pragmatic Listener (L1):
   How would a listener interpret this utterance, knowing that the speaker is informative and chooses the most appropriate utterance for the situation described in the answer options?
   Answer with a letter from a–d.

Final Answer:
  Answer with a letter from a–d.","1. Literal Listener (L0):
   d. She thought the spider was huge.

2. Informative Speaker (S1):
   d. She thought the spider was huge. (This is the most literal and informative response given the situation described.)

3. Pragmatic Listener (L1):
   d. She thought the spider was huge. (Given that the speaker is informative, they would choose the most appropriate utterance for the situation, which is the speaker's realization that the spider was big.)","['d', 'a', 'c', 'b']",3,A_I,d,"1. Literal Listener (L0):
   d. She thought the spider was huge.

2. Informative Speaker (S1):
   d. She thought the spider was huge. (This is the most literal and informative response given the situation described.)

3. Pragmatic Listener (L1):
   d. She thought the spider was huge. (Given that the speaker is informative, they would choose the most appropriate utterance for the situation, which is the speaker's realization that the spider was big.)",b
C1_68_A_NI,C1_68,252,1,ambiguous,non-ironic,c,I thought the dog was huge.,Mistral-7B-Instruct,Condition1B_context_richness_stimuli,rsa,"You will read short stories that describe everyday situations and end with a person saying something.

For each story, there are 4 possible interpretations (a,b,c,d).

Context: I met a big dog.

Target utterance:
I said: """"He could swallow me whole.""""

a. I swallowed a pill.
b. The dog wore a collar.
c. I thought the dog was huge.
d. I thought the dog was small.

Answer the following questions in order:

1. Literal Listener (L0):
   How would a listener interpret the utterance literally?
   Answer with a letter from a–d.

2. Informative Speaker (S1):
   Which utterance would an informative speaker be most likely to choose, given the situations described in the answer options, assuming that a listener interprets it literally?
   Answer with a letter from a–d.

3. Pragmatic Listener (L1):
   How would a listener interpret this utterance, knowing that the speaker is informative and chooses the most appropriate utterance for the situation described in the answer options?
   Answer with a letter from a–d.

Final Answer:
  Answer with a letter from a–d.","1. Literal Listener (L0):
   c. I thought the dog was huge.

2. Informative Speaker (S1):
   c. I thought the dog was huge. (This is the most literal interpretation of the utterance.)

3. Pragmatic Listener (L1):
   c. I thought the dog was huge. (Given that the speaker is informative, they would choose the most literal and appropriate utterance for the situation.)

Final Answer: c. I thought the dog was huge.","['c', 'd', 'a', 'b']",3,A_NI,c,"1. Literal Listener (L0):
   c. I thought the dog was huge.

2. Informative Speaker (S1):
   c. I thought the dog was huge. (This is the most literal interpretation of the utterance.)

3. Pragmatic Listener (L1):
   c. I thought the dog was huge. (Given that the speaker is informative, they would choose the most literal and appropriate utterance for the situation.)

Final Answer: c. I thought the dog was huge.",a
C1_69_UA_I,C1_69,136,1,unambiguous,ironic,d,The pool was super warm.,Mistral-7B-Instruct,Condition1B_context_richness_stimuli,rsa,"You will read short stories that describe everyday situations and end with a person saying something.

For each story, there are 4 possible interpretations (a,b,c,d).

Context: She jumped into a hot pool.

Target utterance:
She said:  """"One could catch a cold in here.""""

a. The pool was super cold.
b. She liked to chill on that sofa after work.
c. She played a game of pool in the bar.
d. The pool was super warm.

Answer the following questions in order:

1. Literal Listener (L0):
   How would a listener interpret the utterance literally?
   Answer with a letter from a–d.

2. Informative Speaker (S1):
   Which utterance would an informative speaker be most likely to choose, given the situations described in the answer options, assuming that a listener interprets it literally?
   Answer with a letter from a–d.

3. Pragmatic Listener (L1):
   How would a listener interpret this utterance, knowing that the speaker is informative and chooses the most appropriate utterance for the situation described in the answer options?
   Answer with a letter from a–d.

Final Answer:
  Answer with a letter from a–d.","1. Literal Listener (L0):
   d. The pool was super warm.

2. Informative Speaker (S1):
   d. The pool was super warm. (This is the only option that makes sense given the situation described, as the speaker is in a pool and expresses concern about catching a cold, which is more likely to happen in a cold environment.)

3. Pragmatic Listener (L1):
   d. The pool was super warm. (Given that the speaker is in a pool and expresses concern about catching a cold, it is reasonable to infer that the pool is too warm for comfort, which could potentially lead to discomfort and the","['a', 'c', 'd', 'b']",3,UA_I,d,"1. Literal Listener (L0):
   d. The pool was super warm.

2. Informative Speaker (S1):
   d. The pool was super warm. (This is the only option that makes sense given the situation described, as the speaker is in a pool and expresses concern about catching a cold, which is more likely to happen in a cold environment.)

3. Pragmatic Listener (L1):
   d. The pool was super warm. (Given that the speaker is in a pool and expresses concern about catching a cold, it is reasonable to infer that the pool is too warm for comfort, which could potentially lead to discomfort and the",b
C1_70_UA_NI,C1_70,258,1,unambiguous,non-ironic,b,The weather conditions were perfect.,Mistral-7B-Instruct,Condition1B_context_richness_stimuli,rsa,"You will read short stories that describe everyday situations and end with a person saying something.

For each story, there are 4 possible interpretations (a,b,c,d).

Context: He went to the beach, and the weather was hot.

Target utterance:
He said: """"Couldn't have asked for better weather.""""

a. The weather conditions were awful.
b. The weather conditions were perfect.
c. He meant to harvest the houseplants, but forgot about it.
d. The delivery driver arrived in heavy rain.

Answer the following questions in order:

1. Literal Listener (L0):
   How would a listener interpret the utterance literally?
   Answer with a letter from a–d.

2. Informative Speaker (S1):
   Which utterance would an informative speaker be most likely to choose, given the situations described in the answer options, assuming that a listener interprets it literally?
   Answer with a letter from a–d.

3. Pragmatic Listener (L1):
   How would a listener interpret this utterance, knowing that the speaker is informative and chooses the most appropriate utterance for the situation described in the answer options?
   Answer with a letter from a–d.

Final Answer:
  Answer with a letter from a–d.","1. Literal Listener (L0):
   b. The weather conditions were perfect.

2. Informative Speaker (S1):
   b. The weather conditions were perfect.

3. Pragmatic Listener (L1):
   b. The weather conditions were perfect.","['b', 'a', 'd', 'c']",3,UA_NI,b,"1. Literal Listener (L0):
   b. The weather conditions were perfect.

2. Informative Speaker (S1):
   b. The weather conditions were perfect.

3. Pragmatic Listener (L1):
   b. The weather conditions were perfect.",a
C1_71_A_I,C1_71,127,1,ambiguous,ironic,a,The room was really warm.,Mistral-7B-Instruct,Condition1B_context_richness_stimuli,rsa,"You will read short stories that describe everyday situations and end with a person saying something.

For each story, there are 4 possible interpretations (a,b,c,d).

Context: I walked into a warm room. 

Target utterance:
I said:  """"Feels like the North Pole in here.""""

a. The room was really warm.
b. There wasn't enough room in the car for everyone.
c. The room was freezing cold.
d. I leaned the fishing pole against the wall.

Answer the following questions in order:

1. Literal Listener (L0):
   How would a listener interpret the utterance literally?
   Answer with a letter from a–d.

2. Informative Speaker (S1):
   Which utterance would an informative speaker be most likely to choose, given the situations described in the answer options, assuming that a listener interprets it literally?
   Answer with a letter from a–d.

3. Pragmatic Listener (L1):
   How would a listener interpret this utterance, knowing that the speaker is informative and chooses the most appropriate utterance for the situation described in the answer options?
   Answer with a letter from a–d.

Final Answer:
  Answer with a letter from a–d.","1. Literal Listener (L0):
   a. The room was really warm.

2. Informative Speaker (S1):
   a. The speaker would choose the utterance that accurately describes the situation, which is that the room was really warm.

3. Pragmatic Listener (L1):
   a. Given that the speaker is informative and the room was indeed warm, a listener would understand that the speaker is commenting on the temperature of the room.","['b', 'd', 'a', 'c']",3,A_I,a,"1. Literal Listener (L0):
   a. The room was really warm.

2. Informative Speaker (S1):
   a. The speaker would choose the utterance that accurately describes the situation, which is that the room was really warm.

3. Pragmatic Listener (L1):
   a. Given that the speaker is informative and the room was indeed warm, a listener would understand that the speaker is commenting on the temperature of the room.",b
C1_72_A_NI,C1_72,65,1,ambiguous,non-ironic,c,Her coffee was delicious.,Mistral-7B-Instruct,Condition1B_context_richness_stimuli,rsa,"You will read short stories that describe everyday situations and end with a person saying something.

For each story, there are 4 possible interpretations (a,b,c,d).

Context: She took a sip of the warm coffee.

Target utterance:
She said: """"This is what freshly made coffee tastes like.""""

a. She did an experiment in health science.
b. Her coffee tasted like fresh mint.
c. Her coffee was delicious.
d. Her coffee did not taste good.

Answer the following questions in order:

1. Literal Listener (L0):
   How would a listener interpret the utterance literally?
   Answer with a letter from a–d.

2. Informative Speaker (S1):
   Which utterance would an informative speaker be most likely to choose, given the situations described in the answer options, assuming that a listener interprets it literally?
   Answer with a letter from a–d.

3. Pragmatic Listener (L1):
   How would a listener interpret this utterance, knowing that the speaker is informative and chooses the most appropriate utterance for the situation described in the answer options?
   Answer with a letter from a–d.

Final Answer:
  Answer with a letter from a–d.","1. Literal Listener (L0):
   c. Her coffee was delicious.

2. Informative Speaker (S1):
   c. Her coffee was delicious.

3. Pragmatic Listener (L1):
   c. Her coffee was delicious.","['d', 'c', 'a', 'b']",3,A_NI,c,"1. Literal Listener (L0):
   c. Her coffee was delicious.

2. Informative Speaker (S1):
   c. Her coffee was delicious.

3. Pragmatic Listener (L1):
   c. Her coffee was delicious.",a
