Item_ID,base_item,presentation_order,seed,context_level,irony_label,correct_option_pos,correct_option_text,model,dataset,prompt_type,prompt,output,original_option_mapping,run,condition,option_logits_raw,confidence_dist,confidence_top_prob,rsa_l0,rsa_s1,rsa_l1,rsa_final,rsa_raw_text,chosen_option,chosen_original_option
C1_01_UA_NI,C1_01,255,1,unambiguous,non-ironic,a,The cat was easy to lift up.,Mistral-7B-Instruct,Condition1B_context_richness_stimuli,rsa,"You will read short stories that describe everyday situations and end with a person saying something.

For each story, there are 4 possible interpretations (a,b,c,d).

Context: He lifted the skinny cat from the table.

Target utterance:
He said:  """"That was easy!""""

a. The cat was easy to lift up.
b. He just got a great deal on a cat bed.
c. The exam was really easy.
d. The cat was really hard to lift up.

Answer the following questions in order:

1. Literal Listener (L0):
   How would a listener interpret the utterance literally?
   Answer with a letter from a–d.

2. Informative Speaker (S1):
   Which utterance would an informative speaker be most likely to choose, given the situations described in the answer options, assuming that a listener interprets it literally?
   Answer with a letter from a–d.

3. Pragmatic Listener (L1):
   How would a listener interpret this utterance, knowing that the speaker is informative and chooses the most appropriate utterance for the situation described in the answer options?
   Answer with a letter from a–d.

Final Answer:
  Answer with a letter from a–d.","1. Literal Listener (L0):
   a. The cat was easy to lift up.

2. Informative Speaker (S1):
   a. The cat was easy to lift up. (This is the most literal interpretation of the situation described in the passage.)

3. Pragmatic Listener (L1):
   a. The cat was easy to lift up. (Given that the speaker is informative, they would choose the most appropriate utterance for the situation, which is the literal interpretation of the action described in the passage.)

Final Answer: a. The cat was easy to lift up.","['a', 'd', 'c', 'b']",4,UA_NI,"{'a': 15.5, 'b': 5.5625, 'c': 5.25, 'd': 5.53125}","{'a': 0.9998694658279419, 'b': 4.832166450796649e-05, 'c': 3.535288487910293e-05, 'd': 4.683496445068158e-05}",0.9998694658279419,a,a,a,a,"1. Literal Listener (L0):
   a. The cat was easy to lift up.

2. Informative Speaker (S1):
   a. The cat was easy to lift up. (This is the most literal interpretation of the situation described in the passage.)

3. Pragmatic Listener (L1):
   a. The cat was easy to lift up. (Given that the speaker is informative, they would choose the most appropriate utterance for the situation, which is the literal interpretation of the action described in the passage.)

Final Answer: a. The cat was easy to lift up.",a,a
C1_02_A_I,C1_02,51,1,ambiguous,ironic,c,The dog was very light to lift.,Mistral-7B-Instruct,Condition1B_context_richness_stimuli,rsa,"You will read short stories that describe everyday situations and end with a person saying something.

For each story, there are 4 possible interpretations (a,b,c,d).

Context: She picked up her thin dog.

Target utterance:
She said: """"Heaviest dog ever.""""

a. She just adopted a new dog.
b. The dog was really heavy to lift
c. The dog was very light to lift.
d. It was the heaviest package she ever carried.

Answer the following questions in order:

1. Literal Listener (L0):
   How would a listener interpret the utterance literally?
   Answer with a letter from a–d.

2. Informative Speaker (S1):
   Which utterance would an informative speaker be most likely to choose, given the situations described in the answer options, assuming that a listener interprets it literally?
   Answer with a letter from a–d.

3. Pragmatic Listener (L1):
   How would a listener interpret this utterance, knowing that the speaker is informative and chooses the most appropriate utterance for the situation described in the answer options?
   Answer with a letter from a–d.

Final Answer:
  Answer with a letter from a–d.","1. Literal Listener (L0):
   b. The dog was really heavy to lift

2. Informative Speaker (S1):
   b. The dog was really heavy to lift

3. Pragmatic Listener (L1):
   b. The dog was really heavy to lift (since the speaker picked up the dog, it implies that the dog was heavy)","['d', 'a', 'b', 'c']",4,A_I,"{'a': 9.6875, 'b': 23.0, 'c': 8.125, 'd': 7.46875}","{'a': 1.653688627811789e-06, 'b': 0.9999977350234985, 'c': 3.466319640210713e-07, 'd': 1.798302804445484e-07}",0.9999977350234985,b,b,b,,"1. Literal Listener (L0):
   b. The dog was really heavy to lift

2. Informative Speaker (S1):
   b. The dog was really heavy to lift

3. Pragmatic Listener (L1):
   b. The dog was really heavy to lift (since the speaker picked up the dog, it implies that the dog was heavy)",,
C1_03_A_NI,C1_03,230,1,ambiguous,non-ironic,c,Their friend was very easy to lift.,Mistral-7B-Instruct,Condition1B_context_richness_stimuli,rsa,"You will read short stories that describe everyday situations and end with a person saying something.

For each story, there are 4 possible interpretations (a,b,c,d).

Context: They lift their thin friend.

Target utterance:
They said: """"Light as a feather.""""

a. Getting their friend off the ground took a lot of effort.
b. The feather fell gently to the ground.
c. Their friend was very easy to lift.
d. They decided to go out for dinner with their friend.

Answer the following questions in order:

1. Literal Listener (L0):
   How would a listener interpret the utterance literally?
   Answer with a letter from a–d.

2. Informative Speaker (S1):
   Which utterance would an informative speaker be most likely to choose, given the situations described in the answer options, assuming that a listener interprets it literally?
   Answer with a letter from a–d.

3. Pragmatic Listener (L1):
   How would a listener interpret this utterance, knowing that the speaker is informative and chooses the most appropriate utterance for the situation described in the answer options?
   Answer with a letter from a–d.

Final Answer:
  Answer with a letter from a–d.","1. Literal Listener (L0):
   c. Their friend was very easy to lift.

2. Informative Speaker (S1):
   c. Their friend was very easy to lift. (This is the only option that directly relates to the action of lifting the friend.)

3. Pragmatic Listener (L1):
   c. Their friend was very easy to lift. (Given that the speaker is being informative, they would choose the utterance that best describes the action of lifting the friend.)

Final Answer: c. Their friend was very easy to lift.","['b', 'c', 'a', 'd']",4,A_NI,"{'a': 9.3125, 'b': 6.40625, 'c': 16.0, 'd': 7.03125}","{'a': 0.001244600280188024, 'b': 6.805524026276544e-05, 'c': 0.9985602498054504, 'd': 0.00012714392505586147}",0.9985602498054504,c,c,c,c,"1. Literal Listener (L0):
   c. Their friend was very easy to lift.

2. Informative Speaker (S1):
   c. Their friend was very easy to lift. (This is the only option that directly relates to the action of lifting the friend.)

3. Pragmatic Listener (L1):
   c. Their friend was very easy to lift. (Given that the speaker is being informative, they would choose the utterance that best describes the action of lifting the friend.)

Final Answer: c. Their friend was very easy to lift.",c,a
C1_04_UA_I,C1_04,78,1,unambiguous,ironic,a,Holding my nephew took nothing of my strength.,Mistral-7B-Instruct,Condition1B_context_richness_stimuli,rsa,"You will read short stories that describe everyday situations and end with a person saying something.

For each story, there are 4 possible interpretations (a,b,c,d).

Context: I held my skinny nephew in my arms.

Target utterance:
I said: """"Heavier than an elephant.""""

a. Holding my nephew took nothing of my strength.
b. Holding my nephew took all my strength.
c. The elephant lumbered slowly across the plain.
d. My nephew ate a burger that day.

Answer the following questions in order:

1. Literal Listener (L0):
   How would a listener interpret the utterance literally?
   Answer with a letter from a–d.

2. Informative Speaker (S1):
   Which utterance would an informative speaker be most likely to choose, given the situations described in the answer options, assuming that a listener interprets it literally?
   Answer with a letter from a–d.

3. Pragmatic Listener (L1):
   How would a listener interpret this utterance, knowing that the speaker is informative and chooses the most appropriate utterance for the situation described in the answer options?
   Answer with a letter from a–d.

Final Answer:
  Answer with a letter from a–d.","1. Literal Listener (L0):
   b. Holding my nephew took all my strength.

2. Informative Speaker (S1):
   b. Holding my nephew took all my strength. (This is the only option that directly relates to the act of holding the nephew, which is the action implied by the context.)

3. Pragmatic Listener (L1):
   b. Holding my nephew took all my strength. (Given that the speaker is informative, they would choose the most appropriate utterance for the situation, which is the same as the Informative Speaker's answer.)

Final Answer: b","['b', 'a', 'c', 'd']",4,UA_I,"{'a': 9.8125, 'b': 17.25, 'c': 9.25, 'd': 7.84375}","{'a': 0.0005881632678210735, 'b': 0.9989945292472839, 'c': 0.00033512533991597593, 'd': 8.212599641410634e-05}",0.9989945292472839,b,b,b,b,"1. Literal Listener (L0):
   b. Holding my nephew took all my strength.

2. Informative Speaker (S1):
   b. Holding my nephew took all my strength. (This is the only option that directly relates to the act of holding the nephew, which is the action implied by the context.)

3. Pragmatic Listener (L1):
   b. Holding my nephew took all my strength. (Given that the speaker is informative, they would choose the most appropriate utterance for the situation, which is the same as the Informative Speaker's answer.)

Final Answer: b",b,a
C1_05_UA_NI,C1_05,77,1,unambiguous,non-ironic,a,The cake tasted really good.,Mistral-7B-Instruct,Condition1B_context_richness_stimuli,rsa,"You will read short stories that describe everyday situations and end with a person saying something.

For each story, there are 4 possible interpretations (a,b,c,d).

Context: She ate a disgusting cake.

Target utterance:
She said: """"What an amazing flavour.""""

a. The cake tasted really good.
b. The cake tasted really bad.
c. The soup smelled absolutely delicious
d. The cake had three candles on top.

Answer the following questions in order:

1. Literal Listener (L0):
   How would a listener interpret the utterance literally?
   Answer with a letter from a–d.

2. Informative Speaker (S1):
   Which utterance would an informative speaker be most likely to choose, given the situations described in the answer options, assuming that a listener interprets it literally?
   Answer with a letter from a–d.

3. Pragmatic Listener (L1):
   How would a listener interpret this utterance, knowing that the speaker is informative and chooses the most appropriate utterance for the situation described in the answer options?
   Answer with a letter from a–d.

Final Answer:
  Answer with a letter from a–d.","1. Literal Listener (L0):
   b. The cake tasted really bad.

2. Informative Speaker (S1):
   a. The cake tasted really good. (This would be the most unlikely choice given the context, but it's the opposite of what the speaker actually said, making it the most informative choice.)

3. Pragmatic Listener (L1):
   c. The speaker did not actually taste the cake, so it's unlikely they would comment on its taste. Instead, they might be trying to be polite or mislead the listener. So, they would say something like ""What an amazing flavour,"" even though the","['a', 'b', 'c', 'd']",4,UA_NI,"{'a': 14.625, 'b': 15.0, 'c': 19.0, 'd': 13.125}","{'a': 0.0121776033192873, 'b': 0.017718307673931122, 'c': 0.9673868417739868, 'd': 0.00271719042211771}",0.9673868417739868,b,a,c,,"1. Literal Listener (L0):
   b. The cake tasted really bad.

2. Informative Speaker (S1):
   a. The cake tasted really good. (This would be the most unlikely choice given the context, but it's the opposite of what the speaker actually said, making it the most informative choice.)

3. Pragmatic Listener (L1):
   c. The speaker did not actually taste the cake, so it's unlikely they would comment on its taste. Instead, they might be trying to be polite or mislead the listener. So, they would say something like ""What an amazing flavour,"" even though the",,
C1_06_A_I,C1_06,188,1,ambiguous,ironic,a,The medicine tasted absolutely awful.,Mistral-7B-Instruct,Condition1B_context_richness_stimuli,rsa,"You will read short stories that describe everyday situations and end with a person saying something.

For each story, there are 4 possible interpretations (a,b,c,d).

Context: He swallowed the medicine and found it unpleasant.

Target utterance:
He said: """"Tastier than expected.""""

a. The medicine tasted absolutely awful.
b. The medicine tasted surprisingly pleasant.
c. He kept the medicine in the bathroom cabinet.
d. The cake was tastier than expected.

Answer the following questions in order:

1. Literal Listener (L0):
   How would a listener interpret the utterance literally?
   Answer with a letter from a–d.

2. Informative Speaker (S1):
   Which utterance would an informative speaker be most likely to choose, given the situations described in the answer options, assuming that a listener interprets it literally?
   Answer with a letter from a–d.

3. Pragmatic Listener (L1):
   How would a listener interpret this utterance, knowing that the speaker is informative and chooses the most appropriate utterance for the situation described in the answer options?
   Answer with a letter from a–d.

Final Answer:
  Answer with a letter from a–d.","1. Literal Listener (L0):
   a. The medicine tasted absolutely awful.

2. Informative Speaker (S1):
   d. The cake was tastier than expected. (This option is not present in the story, so the informative speaker would not choose it.)

3. Pragmatic Listener (L1):
   a. The medicine tasted absolutely awful. (Given the context of the story, a pragmatic listener would understand that the speaker is likely to say something negative about the medicine, as it was unpleasant.)

Final Answer: a. The medicine tasted absolutely awful.","['b', 'a', 'd', 'c']",4,A_I,"{'a': 15.5, 'b': 6.71875, 'c': 4.9375, 'd': 7.46875}","{'a': 0.9994957447052002, 'b': 0.00015350853209383786, 'c': 2.5855055355350487e-05, 'd': 0.00032497759093530476}",0.9994957447052002,a,d,a,a,"1. Literal Listener (L0):
   a. The medicine tasted absolutely awful.

2. Informative Speaker (S1):
   d. The cake was tastier than expected. (This option is not present in the story, so the informative speaker would not choose it.)

3. Pragmatic Listener (L1):
   a. The medicine tasted absolutely awful. (Given the context of the story, a pragmatic listener would understand that the speaker is likely to say something negative about the medicine, as it was unpleasant.)

Final Answer: a. The medicine tasted absolutely awful.",a,b
C1_07_A_NI,C1_07,239,1,ambiguous,non-ironic,a,The smoothie was thoroughly enjoyable.,Mistral-7B-Instruct,Condition1B_context_richness_stimuli,rsa,"You will read short stories that describe everyday situations and end with a person saying something.

For each story, there are 4 possible interpretations (a,b,c,d).

Context: I took a sip of my smoothie and found it unpleasant.

Target utterance:
I said: """"What a treat.""""

a. The smoothie was thoroughly enjoyable.
b. She gave the dog a treat.
c. She was looking for a new smoothie recipe.
d. The smoothie was thoroughly nasty.

Answer the following questions in order:

1. Literal Listener (L0):
   How would a listener interpret the utterance literally?
   Answer with a letter from a–d.

2. Informative Speaker (S1):
   Which utterance would an informative speaker be most likely to choose, given the situations described in the answer options, assuming that a listener interprets it literally?
   Answer with a letter from a–d.

3. Pragmatic Listener (L1):
   How would a listener interpret this utterance, knowing that the speaker is informative and chooses the most appropriate utterance for the situation described in the answer options?
   Answer with a letter from a–d.

Final Answer:
  Answer with a letter from a–d.","1. Literal Listener (L0):
   d. The smoothie was thoroughly nasty.

2. Informative Speaker (S1):
   Given the situations described in the answer options, the speaker would not choose ""She gave the dog a treat"" (b) or ""She was looking for a new smoothie recipe"" (c), as these are not related to the taste of the smoothie. The speaker would also not choose ""The smoothie was thoroughly enjoyable"" (a), as the speaker found it unpleasant. Therefore, the informative speaker would choose ""The smoothie was thoroughly nasty"" (d).

3. Pragmatic Listener (L1):
   A","['a', 'c', 'd', 'b']",4,A_NI,"{'a': 14.125, 'b': 8.9375, 'c': 9.25, 'd': 19.5}","{'a': 0.004609290976077318, 'b': 2.5747289328137413e-05, 'c': 3.519237361615524e-05, 'd': 0.995329737663269}",0.995329737663269,d,,a,,"1. Literal Listener (L0):
   d. The smoothie was thoroughly nasty.

2. Informative Speaker (S1):
   Given the situations described in the answer options, the speaker would not choose ""She gave the dog a treat"" (b) or ""She was looking for a new smoothie recipe"" (c), as these are not related to the taste of the smoothie. The speaker would also not choose ""The smoothie was thoroughly enjoyable"" (a), as the speaker found it unpleasant. Therefore, the informative speaker would choose ""The smoothie was thoroughly nasty"" (d).

3. Pragmatic Listener (L1):
   A",,
C1_08_UA_I,C1_08,259,1,unambiguous,ironic,d,They could barely force themselves to swallow the burger.,Mistral-7B-Instruct,Condition1B_context_richness_stimuli,rsa,"You will read short stories that describe everyday situations and end with a person saying something.

For each story, there are 4 possible interpretations (a,b,c,d).

Context: They ate a disgusting burger.

Target utterance:
They said: """"This burger tasted like heaven.""""

a. They liked the burger more than the pizza.
b. The burger was the most expensive item on the menu.
c. They liked every single bite of the burger.
d. They could barely force themselves to swallow the burger.

Answer the following questions in order:

1. Literal Listener (L0):
   How would a listener interpret the utterance literally?
   Answer with a letter from a–d.

2. Informative Speaker (S1):
   Which utterance would an informative speaker be most likely to choose, given the situations described in the answer options, assuming that a listener interprets it literally?
   Answer with a letter from a–d.

3. Pragmatic Listener (L1):
   How would a listener interpret this utterance, knowing that the speaker is informative and chooses the most appropriate utterance for the situation described in the answer options?
   Answer with a letter from a–d.

Final Answer:
  Answer with a letter from a–d.","1. Literal Listener (L0):
   d. They could barely force themselves to swallow the burger.

2. Informative Speaker (S1):
   a. They liked the burger more than the pizza. (This would be the least likely, as the passage states the burger was disgusting, not enjoyable.)
   b. The burger was the most expensive item on the menu. (This is unrelated to the taste of the burger.)
   c. They liked every single bite of the burger. (This contradicts the passage, which states the burger was disgusting.)
   d. They could barely force themselves to swallow the burger. (","['d', 'c', 'a', 'b']",4,UA_I,"{'a': 13.3125, 'b': 12.6875, 'c': 13.1875, 'd': 17.375}","{'a': 0.016518771648406982, 'b': 0.0088418610394001, 'c': 0.014577764086425304, 'd': 0.9600615501403809}",0.9600615501403809,d,a,,,"1. Literal Listener (L0):
   d. They could barely force themselves to swallow the burger.

2. Informative Speaker (S1):
   a. They liked the burger more than the pizza. (This would be the least likely, as the passage states the burger was disgusting, not enjoyable.)
   b. The burger was the most expensive item on the menu. (This is unrelated to the taste of the burger.)
   c. They liked every single bite of the burger. (This contradicts the passage, which states the burger was disgusting.)
   d. They could barely force themselves to swallow the burger. (",,
C1_09_UA_NI,C1_09,109,1,unambiguous,non-ironic,a,The babysitter was taking good care of the kids.,Mistral-7B-Instruct,Condition1B_context_richness_stimuli,rsa,"You will read short stories that describe everyday situations and end with a person saying something.

For each story, there are 4 possible interpretations (a,b,c,d).

Context: They hired a petrified babysitter.

Target utterance:
They said: """"The kids are not safe at all.""""

a. The babysitter was taking good care of the kids.
b. The babysitter was not taking good care of the kids.
c. The kids had very clean hands.
d. The babysitter parked her car outside.

Answer the following questions in order:

1. Literal Listener (L0):
   How would a listener interpret the utterance literally?
   Answer with a letter from a–d.

2. Informative Speaker (S1):
   Which utterance would an informative speaker be most likely to choose, given the situations described in the answer options, assuming that a listener interprets it literally?
   Answer with a letter from a–d.

3. Pragmatic Listener (L1):
   How would a listener interpret this utterance, knowing that the speaker is informative and chooses the most appropriate utterance for the situation described in the answer options?
   Answer with a letter from a–d.

Final Answer:
  Answer with a letter from a–d.","1. Literal Listener (L0):
   The babysitter was not taking good care of the kids.

2. Informative Speaker (S1):
   The babysitter was not taking good care of the kids.

3. Pragmatic Listener (L1):
   The babysitter was not taking good care of the kids.","['a', 'b', 'c', 'd']",4,UA_NI,"{'a': 14.3125, 'b': 19.75, 'c': 10.625, 'd': 12.25}","{'a': 0.0043286485597491264, 'b': 0.9950125813484192, 'c': 0.00010836559522431344, 'd': 0.0005503259017132223}",0.9950125813484192,,,,,"1. Literal Listener (L0):
   The babysitter was not taking good care of the kids.

2. Informative Speaker (S1):
   The babysitter was not taking good care of the kids.

3. Pragmatic Listener (L1):
   The babysitter was not taking good care of the kids.",,
C1_10_A_I,C1_10,186,1,ambiguous,ironic,b,The police officer did not make them feel safe at all.,Mistral-7B-Instruct,Condition1B_context_richness_stimuli,rsa,"You will read short stories that describe everyday situations and end with a person saying something.

For each story, there are 4 possible interpretations (a,b,c,d).

Context: They met a scared police officer.

Target utterance:
They said: """"We felt so safe around you""""

a. The police officer drank a cup of coffee.
b. The police officer did not make them feel safe at all.
c. They were sitting in a very safe seat.
d. The police officer made them feel very safe.

Answer the following questions in order:

1. Literal Listener (L0):
   How would a listener interpret the utterance literally?
   Answer with a letter from a–d.

2. Informative Speaker (S1):
   Which utterance would an informative speaker be most likely to choose, given the situations described in the answer options, assuming that a listener interprets it literally?
   Answer with a letter from a–d.

3. Pragmatic Listener (L1):
   How would a listener interpret this utterance, knowing that the speaker is informative and chooses the most appropriate utterance for the situation described in the answer options?
   Answer with a letter from a–d.

Final Answer:
  Answer with a letter from a–d.","1. Literal Listener (L0):
   d. The police officer made them feel very safe.

2. Informative Speaker (S1):
   d. The police officer made them feel very safe. (This is the only option that matches the utterance and the situation described in the story.)

3. Pragmatic Listener (L1):
   d. The police officer made them feel very safe. (Given that the speaker is informative, they would choose the option that accurately reflects the situation and the intended meaning of the utterance.)

Final Answer: d. The police officer made them feel very safe.","['d', 'b', 'c', 'a']",4,A_I,"{'a': 9.3125, 'b': 6.1875, 'c': 6.46875, 'd': 15.0}","{'a': 0.0033754482865333557, 'b': 0.00014830684813205153, 'c': 0.00019647464796435088, 'd': 0.996279776096344}",0.996279776096344,d,d,d,d,"1. Literal Listener (L0):
   d. The police officer made them feel very safe.

2. Informative Speaker (S1):
   d. The police officer made them feel very safe. (This is the only option that matches the utterance and the situation described in the story.)

3. Pragmatic Listener (L1):
   d. The police officer made them feel very safe. (Given that the speaker is informative, they would choose the option that accurately reflects the situation and the intended meaning of the utterance.)

Final Answer: d. The police officer made them feel very safe.",d,a
C1_11_A_NI,C1_11,244,1,ambiguous,non-ironic,a,Seeing the pilot put her completely at ease.,Mistral-7B-Instruct,Condition1B_context_richness_stimuli,rsa,"You will read short stories that describe everyday situations and end with a person saying something.

For each story, there are 4 possible interpretations (a,b,c,d).

Context: She noticed the scared pilot before boarding.

Target utterance:
She said: """"That really shook me up.""""

a. Seeing the pilot put her completely at ease.
b. She settled into her seat and fastened the belt.
c. Seeing the pilot made her feel even more anxious.
d. She dated a pilot for several months.

Answer the following questions in order:

1. Literal Listener (L0):
   How would a listener interpret the utterance literally?
   Answer with a letter from a–d.

2. Informative Speaker (S1):
   Which utterance would an informative speaker be most likely to choose, given the situations described in the answer options, assuming that a listener interprets it literally?
   Answer with a letter from a–d.

3. Pragmatic Listener (L1):
   How would a listener interpret this utterance, knowing that the speaker is informative and chooses the most appropriate utterance for the situation described in the answer options?
   Answer with a letter from a–d.

Final Answer:
  Answer with a letter from a–d.","1. Literal Listener (L0):
   d. She felt disturbed or frightened by the situation.

2. Informative Speaker (S1):
   d. She felt disturbed or frightened by the situation. (The speaker is informative and chooses the utterance that best describes the speaker's emotional state in response to seeing the scared pilot.)

3. Pragmatic Listener (L1):
   d. She felt disturbed or frightened by the situation. (The speaker is informative and chooses the utterance that best fits the situation, given that the speaker noticed the scared pilot before boarding.)

Final Answer: d. She felt disturbed or","['a', 'c', 'b', 'd']",4,A_NI,"{'a': 6.3125, 'b': 7.375, 'c': 4.75, 'd': 11.3125}","{'a': 0.0065566739067435265, 'b': 0.01897236332297325, 'c': 0.0013743535382673144, 'd': 0.9730966687202454}",0.9730966687202454,d,d,d,d,"1. Literal Listener (L0):
   d. She felt disturbed or frightened by the situation.

2. Informative Speaker (S1):
   d. She felt disturbed or frightened by the situation. (The speaker is informative and chooses the utterance that best describes the speaker's emotional state in response to seeing the scared pilot.)

3. Pragmatic Listener (L1):
   d. She felt disturbed or frightened by the situation. (The speaker is informative and chooses the utterance that best fits the situation, given that the speaker noticed the scared pilot before boarding.)

Final Answer: d. She felt disturbed or",d,d
C1_12_UA_I,C1_12,207,1,unambiguous,ironic,a,His father's face was full of fear.,Mistral-7B-Instruct,Condition1B_context_richness_stimuli,rsa,"You will read short stories that describe everyday situations and end with a person saying something.

For each story, there are 4 possible interpretations (a,b,c,d).

Context: He saw his petrified father.

Target utterance:
He said: """"Brave as a lion""""

a. His father's face was full of fear.
b. The lion prowled across the savannah.
c. His father wore a blue jacket.
d. His father showed no fear at all.

Answer the following questions in order:

1. Literal Listener (L0):
   How would a listener interpret the utterance literally?
   Answer with a letter from a–d.

2. Informative Speaker (S1):
   Which utterance would an informative speaker be most likely to choose, given the situations described in the answer options, assuming that a listener interprets it literally?
   Answer with a letter from a–d.

3. Pragmatic Listener (L1):
   How would a listener interpret this utterance, knowing that the speaker is informative and chooses the most appropriate utterance for the situation described in the answer options?
   Answer with a letter from a–d.

Final Answer:
  Answer with a letter from a–d.","1. Literal Listener (L0):
   The speaker is comparing his father to a lion, suggesting that his father is as brave as a lion.
   Answer: a - This is not a literal interpretation, but it contradicts the idea of the father being ""brave as a lion,"" so it's not the correct answer.
   b - This is not related to the situation described.
   c - This is not related to the situation described.
   d - This is not the correct answer because the father is described as petrified, which means extremely frightened, not showing no fear at all.
   Correct answer: Not applicable (N/A) as the utterance is a","['b', 'c', 'd', 'a']",4,UA_I,"{'a': 14.0, 'b': 8.625, 'c': 6.6875, 'd': 11.375}","{'a': 0.927869439125061, 'b': 0.004296887665987015, 'c': 0.0006190254352986813, 'd': 0.06721463799476624}",0.927869439125061,,,,,"1. Literal Listener (L0):
   The speaker is comparing his father to a lion, suggesting that his father is as brave as a lion.
   Answer: a - This is not a literal interpretation, but it contradicts the idea of the father being ""brave as a lion,"" so it's not the correct answer.
   b - This is not related to the situation described.
   c - This is not related to the situation described.
   d - This is not the correct answer because the father is described as petrified, which means extremely frightened, not showing no fear at all.
   Correct answer: Not applicable (N/A) as the utterance is a",,
C1_13_UA_NI,C1_13,48,1,unambiguous,non-ironic,a,"To him, his girlfriend looked well-rested and full of energy.",Mistral-7B-Instruct,Condition1B_context_richness_stimuli,rsa,"You will read short stories that describe everyday situations and end with a person saying something.

For each story, there are 4 possible interpretations (a,b,c,d).

Context: He saw his exhausted girlfriend.

Target utterance:
He said: """"You look like you've been awake since birth.""""

a. To him, his girlfriend looked well-rested and full of energy.
b. He was planning to surprise his girlfriend with a home-cooked meal.
c. His girlfriend clearly looked worn out, not refreshed at all.
d. He had just bought her a refreshing cold drink.

Answer the following questions in order:

1. Literal Listener (L0):
   How would a listener interpret the utterance literally?
   Answer with a letter from a–d.

2. Informative Speaker (S1):
   Which utterance would an informative speaker be most likely to choose, given the situations described in the answer options, assuming that a listener interprets it literally?
   Answer with a letter from a–d.

3. Pragmatic Listener (L1):
   How would a listener interpret this utterance, knowing that the speaker is informative and chooses the most appropriate utterance for the situation described in the answer options?
   Answer with a letter from a–d.

Final Answer:
  Answer with a letter from a–d.","1. Literal Listener (L0):
   c. His girlfriend clearly looked worn out, not refreshed at all.

2. Informative Speaker (S1):
   c. His girlfriend clearly looked worn out, not refreshed at all.

3. Pragmatic Listener (L1):
   c. His girlfriend clearly looked worn out, not refreshed at all.","['a', 'd', 'b', 'c']",4,UA_NI,"{'a': 9.1875, 'b': 8.8125, 'c': 23.25, 'd': 8.25}","{'a': 7.811476621100155e-07, 'b': 5.368743813960464e-07, 'c': 0.9999983310699463, 'd': 3.059018069961894e-07}",0.9999983310699463,c,c,c,,"1. Literal Listener (L0):
   c. His girlfriend clearly looked worn out, not refreshed at all.

2. Informative Speaker (S1):
   c. His girlfriend clearly looked worn out, not refreshed at all.

3. Pragmatic Listener (L1):
   c. His girlfriend clearly looked worn out, not refreshed at all.",,
C1_14_A_I,C1_14,248,1,ambiguous,ironic,d,Her colleague seemed very tired today.,Mistral-7B-Instruct,Condition1B_context_richness_stimuli,rsa,"You will read short stories that describe everyday situations and end with a person saying something.

For each story, there are 4 possible interpretations (a,b,c,d).

Context: She saw her tired colleague.

Target utterance:
She said: """"You seem so full of energy today.""""

a. She was redecorating the office of her colleague.
b. Her colleague seemed very energetic today.
c. She filled up the car with energy.
d. Her colleague seemed very tired today.

Answer the following questions in order:

1. Literal Listener (L0):
   How would a listener interpret the utterance literally?
   Answer with a letter from a–d.

2. Informative Speaker (S1):
   Which utterance would an informative speaker be most likely to choose, given the situations described in the answer options, assuming that a listener interprets it literally?
   Answer with a letter from a–d.

3. Pragmatic Listener (L1):
   How would a listener interpret this utterance, knowing that the speaker is informative and chooses the most appropriate utterance for the situation described in the answer options?
   Answer with a letter from a–d.

Final Answer:
  Answer with a letter from a–d.","1. Literal Listener (L0):
   b. Her colleague seemed very energetic today.

2. Informative Speaker (S1):
   d. Her colleague seemed very tired today. (This would be the least appropriate utterance given the situation described, as the colleague is described as tired, not energetic.)

3. Pragmatic Listener (L1):
   b. Her colleague seemed very energetic today. (The speaker is likely to choose an utterance that is appropriate for the situation, and in this case, the colleague being tired would not be an appropriate response to the situation described.)","['d', 'a', 'c', 'b']",4,A_I,"{'a': 11.5625, 'b': 22.375, 'c': 9.4375, 'd': 9.4375}","{'a': 2.014559504459612e-05, 'b': 0.9999750852584839, 'c': 2.4060482246568426e-06, 'd': 2.4060482246568426e-06}",0.9999750852584839,b,d,b,,"1. Literal Listener (L0):
   b. Her colleague seemed very energetic today.

2. Informative Speaker (S1):
   d. Her colleague seemed very tired today. (This would be the least appropriate utterance given the situation described, as the colleague is described as tired, not energetic.)

3. Pragmatic Listener (L1):
   b. Her colleague seemed very energetic today. (The speaker is likely to choose an utterance that is appropriate for the situation, and in this case, the colleague being tired would not be an appropriate response to the situation described.)",,
C1_15_A_NI,C1_15,256,1,ambiguous,non-ironic,a,They felt very well-rested after the sleepover.,Mistral-7B-Instruct,Condition1B_context_richness_stimuli,rsa,"You will read short stories that describe everyday situations and end with a person saying something.

For each story, there are 4 possible interpretations (a,b,c,d).

Context: After the sleepover, they were tired.

Target utterance:
They said:  """"We never felt more tired in our lifes.""""

a. They felt very well-rested after the sleepover.
b. They did sleep overs once a year.
c. They rested the heavy boxes on the floor.
d. They felt really exhausted after the sleepover.

Answer the following questions in order:

1. Literal Listener (L0):
   How would a listener interpret the utterance literally?
   Answer with a letter from a–d.

2. Informative Speaker (S1):
   Which utterance would an informative speaker be most likely to choose, given the situations described in the answer options, assuming that a listener interprets it literally?
   Answer with a letter from a–d.

3. Pragmatic Listener (L1):
   How would a listener interpret this utterance, knowing that the speaker is informative and chooses the most appropriate utterance for the situation described in the answer options?
   Answer with a letter from a–d.

Final Answer:
  Answer with a letter from a–d.","1. Literal Listener (L0):
   d. They felt really exhausted after the sleepover.

2. Informative Speaker (S1):
   d. They felt really exhausted after the sleepover.

3. Pragmatic Listener (L1):
   d. They felt really exhausted after the sleepover.","['a', 'd', 'c', 'b']",4,A_NI,"{'a': 9.8125, 'b': 9.3125, 'c': 9.3125, 'd': 23.0}","{'a': 1.8738710423349403e-06, 'b': 1.136560172199097e-06, 'c': 1.136560172199097e-06, 'd': 0.9999958276748657}",0.9999958276748657,d,d,d,,"1. Literal Listener (L0):
   d. They felt really exhausted after the sleepover.

2. Informative Speaker (S1):
   d. They felt really exhausted after the sleepover.

3. Pragmatic Listener (L1):
   d. They felt really exhausted after the sleepover.",,
C1_16_UA_I,C1_16,14,1,unambiguous,ironic,d,Deep down I felt completely unprepared for the exam.,Mistral-7B-Instruct,Condition1B_context_richness_stimuli,rsa,"You will read short stories that describe everyday situations and end with a person saying something.

For each story, there are 4 possible interpretations (a,b,c,d).

Context: Right before my exam, I felt really exhausted.

Target utterance:
I said: """"I have never felt more ready.""""

a. I felt fully prepared and ready for the exam.
b. Dinner was ready by seven o'clock.
c. The exam started at nine o'clock.
d. Deep down I felt completely unprepared for the exam.

Answer the following questions in order:

1. Literal Listener (L0):
   How would a listener interpret the utterance literally?
   Answer with a letter from a–d.

2. Informative Speaker (S1):
   Which utterance would an informative speaker be most likely to choose, given the situations described in the answer options, assuming that a listener interprets it literally?
   Answer with a letter from a–d.

3. Pragmatic Listener (L1):
   How would a listener interpret this utterance, knowing that the speaker is informative and chooses the most appropriate utterance for the situation described in the answer options?
   Answer with a letter from a–d.

Final Answer:
  Answer with a letter from a–d.","1. Literal Listener (L0):
   a. I felt fully prepared and ready for the exam.

2. Informative Speaker (S1):
   d. Deep down I felt completely unprepared for the exam. (This option is the least likely as it contradicts the speaker's words.)

3. Pragmatic Listener (L1):
   d. Deep down I felt completely unprepared for the exam. (The speaker is saying the opposite of how they actually feel, likely to boost their confidence or deceive others.)","['a', 'c', 'd', 'b']",4,UA_I,"{'a': 11.6875, 'b': 10.125, 'c': 10.9375, 'd': 23.0}","{'a': 1.2218974916322622e-05, 'b': 2.561236215115059e-06, 'c': 5.771835276391357e-06, 'd': 0.9999794960021973}",0.9999794960021973,a,d,d,,"1. Literal Listener (L0):
   a. I felt fully prepared and ready for the exam.

2. Informative Speaker (S1):
   d. Deep down I felt completely unprepared for the exam. (This option is the least likely as it contradicts the speaker's words.)

3. Pragmatic Listener (L1):
   d. Deep down I felt completely unprepared for the exam. (The speaker is saying the opposite of how they actually feel, likely to boost their confidence or deceive others.)",,
C1_17_UA_NI,C1_17,118,1,unambiguous,non-ironic,d,Her idea was innovative.,Mistral-7B-Instruct,Condition1B_context_richness_stimuli,rsa,"You will read short stories that describe everyday situations and end with a person saying something.

For each story, there are 4 possible interpretations (a,b,c,d).

Context: She had a novel idea.

Target utterance:
She said: """"Truly ahead of its time.""""

a. Her idea was outdated.
b. She had arrived early.
c. She had the idea to redecorate her office.
d. Her idea was innovative.

Answer the following questions in order:

1. Literal Listener (L0):
   How would a listener interpret the utterance literally?
   Answer with a letter from a–d.

2. Informative Speaker (S1):
   Which utterance would an informative speaker be most likely to choose, given the situations described in the answer options, assuming that a listener interprets it literally?
   Answer with a letter from a–d.

3. Pragmatic Listener (L1):
   How would a listener interpret this utterance, knowing that the speaker is informative and chooses the most appropriate utterance for the situation described in the answer options?
   Answer with a letter from a–d.

Final Answer:
  Answer with a letter from a–d.","1. L0: d. Her idea was innovative.
2. S1: d. Her idea was innovative. (Since the speaker had a novel idea, it is most likely that she meant her idea was innovative.)
3. L1: d. Her idea was innovative. (Given that the speaker is informative, they would choose the most appropriate utterance for the situation, which is that her idea was innovative.)

Final Answer: d. Her idea was innovative.","['b', 'c', 'd', 'a']",4,UA_NI,"{'a': 9.5625, 'b': 6.6875, 'c': 7.1875, 'd': 15.8125}","{'a': 0.001926179975271225, 'b': 0.00010866763477679342, 'c': 0.00017916265642270446, 'd': 0.9977859258651733}",0.9977859258651733,d,d,d,d,"1. L0: d. Her idea was innovative.
2. S1: d. Her idea was innovative. (Since the speaker had a novel idea, it is most likely that she meant her idea was innovative.)
3. L1: d. Her idea was innovative. (Given that the speaker is informative, they would choose the most appropriate utterance for the situation, which is that her idea was innovative.)

Final Answer: d. Her idea was innovative.",d,a
C1_18_A_I,C1_18,272,1,ambiguous,ironic,b,"In his view, it was a stale approach he had seen many times before.",Mistral-7B-Instruct,Condition1B_context_richness_stimuli,rsa,"You will read short stories that describe everyday situations and end with a person saying something.

For each story, there are 4 possible interpretations (a,b,c,d).

Context: It was a new approach. 

Target utterance:
He said: """"How refreshingly innovative.""""

a. He found the approach genuinely new and creative.
b. In his view, it was a stale approach he had seen many times before.
c. Refreshments were served at the end of the presentation.
d. He researched new approaches for several months.

Answer the following questions in order:

1. Literal Listener (L0):
   How would a listener interpret the utterance literally?
   Answer with a letter from a–d.

2. Informative Speaker (S1):
   Which utterance would an informative speaker be most likely to choose, given the situations described in the answer options, assuming that a listener interprets it literally?
   Answer with a letter from a–d.

3. Pragmatic Listener (L1):
   How would a listener interpret this utterance, knowing that the speaker is informative and chooses the most appropriate utterance for the situation described in the answer options?
   Answer with a letter from a–d.

Final Answer:
  Answer with a letter from a–d.","1. Literal Listener (L0): a. He found the approach genuinely new and creative.
2. Informative Speaker (S1): a. He found the approach genuinely new and creative. (Since the speaker is praising the approach as refreshingly innovative, it implies that he found it new and creative.)
3. Pragmatic Listener (L1): a. He found the approach genuinely new and creative. (Given that the speaker is informative, they would choose the most appropriate utterance for the situation, which is praising the approach as new and creative.)

Final Answer: a. He found the approach genuinely new and creative.","['a', 'b', 'c', 'd']",4,A_I,"{'a': 16.5, 'b': 5.625, 'c': 5.40625, 'd': 5.75}","{'a': 0.9999443292617798, 'b': 1.892445288831368e-05, 'c': 1.5206224816211034e-05, 'd': 2.1444215235533193e-05}",0.9999443292617798,a,a,a,a,"1. Literal Listener (L0): a. He found the approach genuinely new and creative.
2. Informative Speaker (S1): a. He found the approach genuinely new and creative. (Since the speaker is praising the approach as refreshingly innovative, it implies that he found it new and creative.)
3. Pragmatic Listener (L1): a. He found the approach genuinely new and creative. (Given that the speaker is informative, they would choose the most appropriate utterance for the situation, which is praising the approach as new and creative.)

Final Answer: a. He found the approach genuinely new and creative.",a,a
C1_19_A_NI,C1_19,32,1,ambiguous,non-ironic,a,She found the tradition beautifully enduring and meaningful.,Mistral-7B-Instruct,Condition1B_context_richness_stimuli,rsa,"You will read short stories that describe everyday situations and end with a person saying something.

For each story, there are 4 possible interpretations (a,b,c,d).

Context: The tradition was new.

Target utterance:
She said: """"How wonderfully timeless.""""

a. She found the tradition beautifully enduring and meaningful.
b. She read about the tradition in a local history book.
c. To her, the tradition felt stale and long past its use.
d. The clock ticked for over a century.

Answer the following questions in order:

1. Literal Listener (L0):
   How would a listener interpret the utterance literally?
   Answer with a letter from a–d.

2. Informative Speaker (S1):
   Which utterance would an informative speaker be most likely to choose, given the situations described in the answer options, assuming that a listener interprets it literally?
   Answer with a letter from a–d.

3. Pragmatic Listener (L1):
   How would a listener interpret this utterance, knowing that the speaker is informative and chooses the most appropriate utterance for the situation described in the answer options?
   Answer with a letter from a–d.

Final Answer:
  Answer with a letter from a–d.","1. L0: a
2. S1: a
3. L1: a","['a', 'd', 'b', 'c']",4,A_NI,"{'a': 21.5, 'b': 6.1875, 'c': 6.5, 'd': 7.625}","{'a': 0.9999984502792358, 'b': 2.238025729184301e-07, 'c': 3.0590183541789884e-07, 'd': 9.422440143680433e-07}",0.9999984502792358,a,a,a,,"1. L0: a
2. S1: a
3. L1: a",,
C1_20_UA_I,C1_20,125,1,unambiguous,ironic,d,She was disappointed with the smell of her car.,Mistral-7B-Instruct,Condition1B_context_richness_stimuli,rsa,"You will read short stories that describe everyday situations and end with a person saying something.

For each story, there are 4 possible interpretations (a,b,c,d).

Context: She bought a novel car.

Target utterance:
She says: """"I just love the new car smell.""""

a. She took her car to the gas station.
b. She could smell what her husband was cooking.
c. She liked the smell of her car.
d. She was disappointed with the smell of her car.

Answer the following questions in order:

1. Literal Listener (L0):
   How would a listener interpret the utterance literally?
   Answer with a letter from a–d.

2. Informative Speaker (S1):
   Which utterance would an informative speaker be most likely to choose, given the situations described in the answer options, assuming that a listener interprets it literally?
   Answer with a letter from a–d.

3. Pragmatic Listener (L1):
   How would a listener interpret this utterance, knowing that the speaker is informative and chooses the most appropriate utterance for the situation described in the answer options?
   Answer with a letter from a–d.

Final Answer:
  Answer with a letter from a–d.","1. Literal Listener (L0):
   c. She liked the smell of her car.

2. Informative Speaker (S1):
   c. She liked the smell of her car. (This is the most straightforward interpretation of the utterance, given the context that she just bought a new car.)

3. Pragmatic Listener (L1):
   c. She liked the smell of her car. (Given that the speaker is informative, they would choose the most appropriate utterance for the situation, which is that she just bought a new car and is expressing her liking for the new car smell.)

Final Answer: c. She liked the","['d', 'c', 'a', 'b']",4,UA_I,"{'a': 8.4375, 'b': 8.6875, 'c': 14.0625, 'd': 5.34375}","{'a': 0.003576517105102539, 'b': 0.00459233857691288, 'c': 0.9916690587997437, 'd': 0.00016212939226534218}",0.9916690587997437,c,c,c,c,"1. Literal Listener (L0):
   c. She liked the smell of her car.

2. Informative Speaker (S1):
   c. She liked the smell of her car. (This is the most straightforward interpretation of the utterance, given the context that she just bought a new car.)

3. Pragmatic Listener (L1):
   c. She liked the smell of her car. (Given that the speaker is informative, they would choose the most appropriate utterance for the situation, which is that she just bought a new car and is expressing her liking for the new car smell.)

Final Answer: c. She liked the",c,a
C1_21_UA_NI,C1_21,221,1,unambiguous,non-ironic,c,The birthday party was a great success.,Mistral-7B-Instruct,Condition1B_context_richness_stimuli,rsa,"You will read short stories that describe everyday situations and end with a person saying something.

For each story, there are 4 possible interpretations (a,b,c,d).

Context: She left the birthday party feeling miserable.

Target utterance:
She says: """"Truly a night to remember.""""

a. The birthday party was a disappointment.
b. She planned her next birthday party.
c. The birthday party was a great success.
d. She had trouble remembering things.

Answer the following questions in order:

1. Literal Listener (L0):
   How would a listener interpret the utterance literally?
   Answer with a letter from a–d.

2. Informative Speaker (S1):
   Which utterance would an informative speaker be most likely to choose, given the situations described in the answer options, assuming that a listener interprets it literally?
   Answer with a letter from a–d.

3. Pragmatic Listener (L1):
   How would a listener interpret this utterance, knowing that the speaker is informative and chooses the most appropriate utterance for the situation described in the answer options?
   Answer with a letter from a–d.

Final Answer:
  Answer with a letter from a–d.","1. Literal Listener (L0):
   d. She had trouble remembering things.

2. Informative Speaker (S1):
   c. The birthday party was a great success.

3. Pragmatic Listener (L1):
   a. The birthday party was a disappointment.","['b', 'd', 'a', 'c']",4,UA_NI,"{'a': 21.125, 'b': 9.5625, 'c': 10.625, 'd': 10.9375}","{'a': 0.9999252557754517, 'b': 9.515631063550245e-06, 'c': 2.7534390028449707e-05, 'd': 3.763505083043128e-05}",0.9999252557754517,d,c,a,,"1. Literal Listener (L0):
   d. She had trouble remembering things.

2. Informative Speaker (S1):
   c. The birthday party was a great success.

3. Pragmatic Listener (L1):
   a. The birthday party was a disappointment.",,
C1_22_A_I,C1_22,146,1,ambiguous,ironic,d,"The wedding had been a dull, disappointing event from start to finish.",Mistral-7B-Instruct,Condition1B_context_richness_stimuli,rsa,"You will read short stories that describe everyday situations and end with a person saying something.

For each story, there are 4 possible interpretations (a,b,c,d).

Context: She left the wedding feeling sad.

Target utterance:
She says: """"What a magical day.""""

a. The wedding was a beautiful and enchanting occasion.
b. The magician wowed all the guests at the reception.
c. She helped organise the flowers for the wedding beforehand.
d. The wedding had been a dull, disappointing event from start to finish.

Answer the following questions in order:

1. Literal Listener (L0):
   How would a listener interpret the utterance literally?
   Answer with a letter from a–d.

2. Informative Speaker (S1):
   Which utterance would an informative speaker be most likely to choose, given the situations described in the answer options, assuming that a listener interprets it literally?
   Answer with a letter from a–d.

3. Pragmatic Listener (L1):
   How would a listener interpret this utterance, knowing that the speaker is informative and chooses the most appropriate utterance for the situation described in the answer options?
   Answer with a letter from a–d.

Final Answer:
  Answer with a letter from a–d.","1. Literal Listener (L0):
   a. The wedding was a beautiful and enchanting occasion.

2. Informative Speaker (S1):
   d. The wedding had been a dull, disappointing event from start to finish. (This would be the most surprising and least likely interpretation given the context of the story.)

3. Pragmatic Listener (L1):
   a. The wedding was a beautiful and enchanting occasion. (The speaker is likely to choose an utterance that contradicts the sadness she felt, and the most appropriate utterance to express this would be something positive about the wedding.)

Final Answer: a. The wedding was","['a', 'c', 'd', 'b']",4,A_I,"{'a': 17.75, 'b': 9.625, 'c': 5.0625, 'd': 5.46875}","{'a': 0.9996963739395142, 'b': 0.0002959548437502235, 'c': 3.088565790676512e-06, 'd': 4.6364866648218594e-06}",0.9996963739395142,a,d,a,a,"1. Literal Listener (L0):
   a. The wedding was a beautiful and enchanting occasion.

2. Informative Speaker (S1):
   d. The wedding had been a dull, disappointing event from start to finish. (This would be the most surprising and least likely interpretation given the context of the story.)

3. Pragmatic Listener (L1):
   a. The wedding was a beautiful and enchanting occasion. (The speaker is likely to choose an utterance that contradicts the sadness she felt, and the most appropriate utterance to express this would be something positive about the wedding.)

Final Answer: a. The wedding was",a,a
C1_23_A_NI,C1_23,45,1,ambiguous,non-ironic,b,They had found the film dull from start to finish.,Mistral-7B-Instruct,Condition1B_context_richness_stimuli,rsa,"You will read short stories that describe everyday situations and end with a person saying something.

For each story, there are 4 possible interpretations (a,b,c,d).

Context: They left the cinema feeling sad.

Target utterance:
They say: """"What a painfull film.""""

a. They went to the same cinema as always.
b. They had found the film dull from start to finish.
c. They had found the film funny from start to finish.
d. The injection was over quickly, but it was painful.

Answer the following questions in order:

1. Literal Listener (L0):
   How would a listener interpret the utterance literally?
   Answer with a letter from a–d.

2. Informative Speaker (S1):
   Which utterance would an informative speaker be most likely to choose, given the situations described in the answer options, assuming that a listener interprets it literally?
   Answer with a letter from a–d.

3. Pragmatic Listener (L1):
   How would a listener interpret this utterance, knowing that the speaker is informative and chooses the most appropriate utterance for the situation described in the answer options?
   Answer with a letter from a–d.

Final Answer:
  Answer with a letter from a–d.","1. Literal Listener (L0):
   b. They had found the film dull from start to finish.

2. Informative Speaker (S1):
   b. They had found the film dull from start to finish.

3. Pragmatic Listener (L1):
   b. They had found the film dull from start to finish.","['d', 'a', 'b', 'c']",4,A_NI,"{'a': 10.4375, 'b': 22.375, 'c': 8.25, 'd': 7.46875}","{'a': 6.540430149470922e-06, 'b': 0.9999923706054688, 'c': 7.338159662140242e-07, 'd': 3.359654101586784e-07}",0.9999923706054688,b,b,b,,"1. Literal Listener (L0):
   b. They had found the film dull from start to finish.

2. Informative Speaker (S1):
   b. They had found the film dull from start to finish.

3. Pragmatic Listener (L1):
   b. They had found the film dull from start to finish.",,
C1_24_UA_I,C1_24,169,1,unambiguous,ironic,b,The message brought negative news.,Mistral-7B-Instruct,Condition1B_context_richness_stimuli,rsa,"You will read short stories that describe everyday situations and end with a person saying something.

For each story, there are 4 possible interpretations (a,b,c,d).

Context: She received a message and was miserable.

Target utterance:
She says: """"These are amazing news.""""

a. What she read was news to her.
b. The message brought negative news.
c. She wanted to send a message.
d. The message brought good news.

Answer the following questions in order:

1. Literal Listener (L0):
   How would a listener interpret the utterance literally?
   Answer with a letter from a–d.

2. Informative Speaker (S1):
   Which utterance would an informative speaker be most likely to choose, given the situations described in the answer options, assuming that a listener interprets it literally?
   Answer with a letter from a–d.

3. Pragmatic Listener (L1):
   How would a listener interpret this utterance, knowing that the speaker is informative and chooses the most appropriate utterance for the situation described in the answer options?
   Answer with a letter from a–d.

Final Answer:
  Answer with a letter from a–d.","1. L0: d. The message brought good news.
2. S1: d. The message brought good news (since the speaker is miserable, it's unlikely she would say ""These are amazing news"" if the message contained negative news).
3. L1: d. The message brought good news (given that the speaker is miserable, it's more appropriate for her to say ""These are amazing news"" if the message contains good news, rather than if it contains news to her, negative news, or if she wanted to send a message).

Final Answer: d. The message brought good news.","['c', 'b', 'd', 'a']",4,UA_I,"{'a': 9.8125, 'b': 6.125, 'c': 5.84375, 'd': 15.125}","{'a': 0.004904348868876696, 'b': 0.00012277797213755548, 'c': 9.267767745768651e-05, 'd': 0.994880199432373}",0.994880199432373,d,d,d,d,"1. L0: d. The message brought good news.
2. S1: d. The message brought good news (since the speaker is miserable, it's unlikely she would say ""These are amazing news"" if the message contained negative news).
3. L1: d. The message brought good news (given that the speaker is miserable, it's more appropriate for her to say ""These are amazing news"" if the message contains good news, rather than if it contains news to her, negative news, or if she wanted to send a message).

Final Answer: d. The message brought good news.",d,a
C1_25_UA_NI,C1_25,92,1,unambiguous,non-ironic,b,Her exam answers were impressively smart.,Mistral-7B-Instruct,Condition1B_context_richness_stimuli,rsa,"You will read short stories that describe everyday situations and end with a person saying something.

For each story, there are 4 possible interpretations (a,b,c,d).

Context: Her answers in the exam were idiotic.

Target utterance:
She says: """"What a genius.""""

a. She had a high IQ.
b. Her exam answers were impressively smart.
c. Her exam answers were embarrassingly poor.
d. She studied for her next exam.

Answer the following questions in order:

1. Literal Listener (L0):
   How would a listener interpret the utterance literally?
   Answer with a letter from a–d.

2. Informative Speaker (S1):
   Which utterance would an informative speaker be most likely to choose, given the situations described in the answer options, assuming that a listener interprets it literally?
   Answer with a letter from a–d.

3. Pragmatic Listener (L1):
   How would a listener interpret this utterance, knowing that the speaker is informative and chooses the most appropriate utterance for the situation described in the answer options?
   Answer with a letter from a–d.

Final Answer:
  Answer with a letter from a–d.","1. L0: b. Her exam answers were impressively smart.
2. S1: c. Her exam answers were embarrassingly poor. (This would be the most surprising and unlikely interpretation, given the context.)
3. L1: c. Her exam answers were embarrassingly poor. (The speaker is likely to choose an utterance that is the opposite of what they actually said, to correct the misinterpretation.)","['c', 'a', 'b', 'd']",4,UA_NI,"{'a': 8.1875, 'b': 12.5625, 'c': 24.25, 'd': 11.875}","{'a': 1.0571567798933756e-07, 'b': 8.398035788559355e-06, 'c': 0.9999873638153076, 'd': 4.222797997499583e-06}",0.9999873638153076,b,c,c,,"1. L0: b. Her exam answers were impressively smart.
2. S1: c. Her exam answers were embarrassingly poor. (This would be the most surprising and unlikely interpretation, given the context.)
3. L1: c. Her exam answers were embarrassingly poor. (The speaker is likely to choose an utterance that is the opposite of what they actually said, to correct the misinterpretation.)",,
C1_26_A_I,C1_26,225,1,ambiguous,ironic,d,"As far as they were concerned, it was a poor suggestion.",Mistral-7B-Instruct,Condition1B_context_richness_stimuli,rsa,"You will read short stories that describe everyday situations and end with a person saying something.

For each story, there are 4 possible interpretations (a,b,c,d).

Context: Their colleague's suggestion was stupid.

Target utterance:
They said: """"We really had luck with that one.""""

a. They got lucky at the casino.
b. They thought that every project starts with a suggestion.
c. They were genuinely fortunate to have such a strong suggestion.
d. As far as they were concerned, it was a poor suggestion.

Answer the following questions in order:

1. Literal Listener (L0):
   How would a listener interpret the utterance literally?
   Answer with a letter from a–d.

2. Informative Speaker (S1):
   Which utterance would an informative speaker be most likely to choose, given the situations described in the answer options, assuming that a listener interprets it literally?
   Answer with a letter from a–d.

3. Pragmatic Listener (L1):
   How would a listener interpret this utterance, knowing that the speaker is informative and chooses the most appropriate utterance for the situation described in the answer options?
   Answer with a letter from a–d.

Final Answer:
  Answer with a letter from a–d.","1. Literal Listener (L0):
   d. As far as they were concerned, it was a poor suggestion.

2. Informative Speaker (S1):
   d. As far as they were concerned, it was a poor suggestion. (Since the colleague's suggestion was stupid, the speaker would likely say something that reflects their negative opinion.)

3. Pragmatic Listener (L1):
   d. As far as they were concerned, it was a poor suggestion. (Given that the speaker is informative, they would choose the most appropriate utterance for the situation, which is to express their negative opinion about the suggestion.)

Final Answer: d","['c', 'd', 'a', 'b']",4,A_I,"{'a': 9.3125, 'b': 6.28125, 'c': 8.3125, 'd': 17.75}","{'a': 0.00021652453870046884, 'b': 1.0448453394928947e-05, 'c': 7.965492841321975e-05, 'd': 0.9996933937072754}",0.9996933937072754,d,d,d,d,"1. Literal Listener (L0):
   d. As far as they were concerned, it was a poor suggestion.

2. Informative Speaker (S1):
   d. As far as they were concerned, it was a poor suggestion. (Since the colleague's suggestion was stupid, the speaker would likely say something that reflects their negative opinion.)

3. Pragmatic Listener (L1):
   d. As far as they were concerned, it was a poor suggestion. (Given that the speaker is informative, they would choose the most appropriate utterance for the situation, which is to express their negative opinion about the suggestion.)

Final Answer: d",d,b
C1_27_A_NI,C1_27,30,1,ambiguous,non-ironic,d,His argument was strong and well presented.,Mistral-7B-Instruct,Condition1B_context_richness_stimuli,rsa,"You will read short stories that describe everyday situations and end with a person saying something.

For each story, there are 4 possible interpretations (a,b,c,d).

Context: His argument in the debate was stupid.

Target utterance:
She says: """"What a master of rhetoric.""""

a. His argument was weak and poorly constructed.
b. Sokrates was a master of rhetoric.
c. She had an argument with him that night.
d. His argument was strong and well presented.

Answer the following questions in order:

1. Literal Listener (L0):
   How would a listener interpret the utterance literally?
   Answer with a letter from a–d.

2. Informative Speaker (S1):
   Which utterance would an informative speaker be most likely to choose, given the situations described in the answer options, assuming that a listener interprets it literally?
   Answer with a letter from a–d.

3. Pragmatic Listener (L1):
   How would a listener interpret this utterance, knowing that the speaker is informative and chooses the most appropriate utterance for the situation described in the answer options?
   Answer with a letter from a–d.

Final Answer:
  Answer with a letter from a–d.","1. Literal Listener (L0):
   a. She is complimenting him on his skill in persuasive speaking, despite the weakness of his argument.

2. Informative Speaker (S1):
   a. Given the situation described, an informative speaker would choose an utterance that acknowledges the weakness of the argument but still compliments the person on their rhetorical skills, so the speaker would say ""a"".

3. Pragmatic Listener (L1):
   a. A pragmatic listener, knowing that the speaker is informative, would interpret the utterance as a compliment on the person's rhetorical skills, despite the weakness of their","['b', 'c', 'd', 'a']",4,A_NI,"{'a': 21.125, 'b': 6.875, 'c': 7.4375, 'd': 7.6875}","{'a': 0.9999967813491821, 'b': 6.475931400018453e-07, 'c': 1.1365613090674742e-06, 'd': 1.4593737205359503e-06}",0.9999967813491821,a,a,a,,"1. Literal Listener (L0):
   a. She is complimenting him on his skill in persuasive speaking, despite the weakness of his argument.

2. Informative Speaker (S1):
   a. Given the situation described, an informative speaker would choose an utterance that acknowledges the weakness of the argument but still compliments the person on their rhetorical skills, so the speaker would say ""a"".

3. Pragmatic Listener (L1):
   a. A pragmatic listener, knowing that the speaker is informative, would interpret the utterance as a compliment on the person's rhetorical skills, despite the weakness of their",,
C1_28_UA_I,C1_28,47,1,unambiguous,ironic,d,She believed that his business plan would fail.,Mistral-7B-Instruct,Condition1B_context_richness_stimuli,rsa,"You will read short stories that describe everyday situations and end with a person saying something.

For each story, there are 4 possible interpretations (a,b,c,d).

Context: His business plan was brilliant.

Target utterance:
She says: """"We will make lots of money with this.""""

a. She believed that his business plan would be successful.
b. He asked a colleague for help with his business plan.
c. She was interested in making lots of money.
d. She believed that his business plan would fail.

Answer the following questions in order:

1. Literal Listener (L0):
   How would a listener interpret the utterance literally?
   Answer with a letter from a–d.

2. Informative Speaker (S1):
   Which utterance would an informative speaker be most likely to choose, given the situations described in the answer options, assuming that a listener interprets it literally?
   Answer with a letter from a–d.

3. Pragmatic Listener (L1):
   How would a listener interpret this utterance, knowing that the speaker is informative and chooses the most appropriate utterance for the situation described in the answer options?
   Answer with a letter from a–d.

Final Answer:
  Answer with a letter from a–d.","1. Literal Listener (L0):
   She believes that his business plan will make them lots of money.
   Answer: a

2. Informative Speaker (S1):
   An informative speaker would choose the utterance that reflects the positive outcome of the business plan, given the context that the business plan was brilliant.
   Answer: a

3. Pragmatic Listener (L1):
   A pragmatic listener would understand that the speaker is expressing optimism about the business plan's potential for financial success, given the context and the informative nature of the speaker.
   Answer: a","['a', 'd', 'c', 'b']",4,UA_I,"{'a': 22.125, 'b': 6.1875, 'c': 6.8125, 'd': 6.375}","{'a': 0.9999995231628418, 'b': 1.197930146190629e-07, 'c': 2.2380280029210553e-07, 'd': 1.444979460529794e-07}",0.9999995231628418,,a,a,,"1. Literal Listener (L0):
   She believes that his business plan will make them lots of money.
   Answer: a

2. Informative Speaker (S1):
   An informative speaker would choose the utterance that reflects the positive outcome of the business plan, given the context that the business plan was brilliant.
   Answer: a

3. Pragmatic Listener (L1):
   A pragmatic listener would understand that the speaker is expressing optimism about the business plan's potential for financial success, given the context and the informative nature of the speaker.
   Answer: a",,
C1_29_UA_NI,C1_29,261,1,unambiguous,non-ironic,a,The restaurant visit was genuinely outstanding.,Mistral-7B-Instruct,Condition1B_context_richness_stimuli,rsa,"You will read short stories that describe everyday situations and end with a person saying something.

For each story, there are 4 possible interpretations (a,b,c,d).

Context: After the restaurant visit he was starving.

Target utterance:
He says: """"Best dinner ever.""""

a. The restaurant visit was genuinely outstanding.
b. The restaurant visit was a real disappointment.
c. He looked forward to this restaurant visit for weeks.
d. It was the best-reviewed dinner spot in the whole city.

Answer the following questions in order:

1. Literal Listener (L0):
   How would a listener interpret the utterance literally?
   Answer with a letter from a–d.

2. Informative Speaker (S1):
   Which utterance would an informative speaker be most likely to choose, given the situations described in the answer options, assuming that a listener interprets it literally?
   Answer with a letter from a–d.

3. Pragmatic Listener (L1):
   How would a listener interpret this utterance, knowing that the speaker is informative and chooses the most appropriate utterance for the situation described in the answer options?
   Answer with a letter from a–d.

Final Answer:
  Answer with a letter from a–d.","1. Literal Listener (L0):
   a. The restaurant visit was genuinely outstanding.

2. Informative Speaker (S1):
   a. The restaurant visit was genuinely outstanding.

3. Pragmatic Listener (L1):
   a. The restaurant visit was genuinely outstanding. (Since the speaker is starving after the restaurant visit, it is likely that the visit was a positive experience.)","['a', 'b', 'd', 'c']",4,UA_NI,"{'a': 22.0, 'b': 6.46875, 'c': 6.84375, 'd': 6.84375}","{'a': 0.9999992847442627, 'b': 1.798305646616427e-07, 'c': 2.616519338971557e-07, 'd': 2.616519338971557e-07}",0.9999992847442627,a,a,a,,"1. Literal Listener (L0):
   a. The restaurant visit was genuinely outstanding.

2. Informative Speaker (S1):
   a. The restaurant visit was genuinely outstanding.

3. Pragmatic Listener (L1):
   a. The restaurant visit was genuinely outstanding. (Since the speaker is starving after the restaurant visit, it is likely that the visit was a positive experience.)",,
C1_30_A_I,C1_30,139,1,ambiguous,ironic,d,There had been very little worth eating at the buffet.,Mistral-7B-Instruct,Condition1B_context_richness_stimuli,rsa,"You will read short stories that describe everyday situations and end with a person saying something.

For each story, there are 4 possible interpretations (a,b,c,d).

Context: He left the buffet feeling hungry.

Target utterance:
He says: """"Truly a feast for the senses."" ""

a. Diners often have a buffet.
b. The buffet was a rich.
c. The feast was celebrated every year in their village.
d. There had been very little worth eating at the buffet.

Answer the following questions in order:

1. Literal Listener (L0):
   How would a listener interpret the utterance literally?
   Answer with a letter from a–d.

2. Informative Speaker (S1):
   Which utterance would an informative speaker be most likely to choose, given the situations described in the answer options, assuming that a listener interprets it literally?
   Answer with a letter from a–d.

3. Pragmatic Listener (L1):
   How would a listener interpret this utterance, knowing that the speaker is informative and chooses the most appropriate utterance for the situation described in the answer options?
   Answer with a letter from a–d.

Final Answer:
  Answer with a letter from a–d.","1. L0: d. There had been very little worth eating at the buffet.
2. S1: b. The buffet was a rich (abundant) feast.
3. L1: b. The buffet was a rich (abundant) feast, despite the speaker leaving feeling hungry, possibly indicating that there was a lot of food available but it may not have been to the speaker's liking.","['d', 'a', 'c', 'b']",4,A_I,"{'a': 9.9375, 'b': 23.875, 'c': 9.8125, 'd': 11.9375}","{'a': 8.851504276208289e-07, 'b': 0.999991774559021, 'c': 7.81142546202318e-07, 'd': 6.5404265114921145e-06}",0.999991774559021,d,b,b,,"1. L0: d. There had been very little worth eating at the buffet.
2. S1: b. The buffet was a rich (abundant) feast.
3. L1: b. The buffet was a rich (abundant) feast, despite the speaker leaving feeling hungry, possibly indicating that there was a lot of food available but it may not have been to the speaker's liking.",,
C1_31_A_NI,C1_31,260,1,ambiguous,non-ironic,b,The picnic was nourishing and genuinely enjoyable.,Mistral-7B-Instruct,Condition1B_context_richness_stimuli,rsa,"You will read short stories that describe everyday situations and end with a person saying something.

For each story, there are 4 possible interpretations (a,b,c,d).

Context: They left the picnic feeling hungry.

Target utterance:
They say: """"Food for the soul.""""

a. They spent the morning preparing sandwiches for the picnic.
b. The picnic was nourishing and genuinely enjoyable.
c. There was barely anything to eat; they left unsatisfied.
d. She always kept her soul music collection in good order.

Answer the following questions in order:

1. Literal Listener (L0):
   How would a listener interpret the utterance literally?
   Answer with a letter from a–d.

2. Informative Speaker (S1):
   Which utterance would an informative speaker be most likely to choose, given the situations described in the answer options, assuming that a listener interprets it literally?
   Answer with a letter from a–d.

3. Pragmatic Listener (L1):
   How would a listener interpret this utterance, knowing that the speaker is informative and chooses the most appropriate utterance for the situation described in the answer options?
   Answer with a letter from a–d.

Final Answer:
  Answer with a letter from a–d.","1. Literal Listener (L0):
   c. There was barely anything to eat; they left unsatisfied.

2. Informative Speaker (S1):
   b. The picnic was nourishing and genuinely enjoyable.

3. Pragmatic Listener (L1):
   b. The picnic was nourishing and genuinely enjoyable. (This interpretation is more appropriate as it suggests that the speaker is finding something positive in the situation, even though they left the picnic hungry.)","['d', 'a', 'b', 'c']",4,A_NI,"{'a': 10.1875, 'b': 22.625, 'c': 12.625, 'd': 10.1875}","{'a': 3.966790245613083e-06, 'b': 0.9999467134475708, 'c': 4.5397511712508276e-05, 'd': 3.966790245613083e-06}",0.9999467134475708,c,b,b,,"1. Literal Listener (L0):
   c. There was barely anything to eat; they left unsatisfied.

2. Informative Speaker (S1):
   b. The picnic was nourishing and genuinely enjoyable.

3. Pragmatic Listener (L1):
   b. The picnic was nourishing and genuinely enjoyable. (This interpretation is more appropriate as it suggests that the speaker is finding something positive in the situation, even though they left the picnic hungry.)",,
C1_32_UA_I,C1_32,228,1,unambiguous,ironic,a,The waiter had forgotten to fill his plate and he did not eat anything.,Mistral-7B-Instruct,Condition1B_context_richness_stimuli,rsa,"You will read short stories that describe everyday situations and end with a person saying something.

For each story, there are 4 possible interpretations (a,b,c,d).

Context: He looked at the empty plate in front of him and was starving.

Target utterance:
He says: """"No way I could eat more."" ""

a. The waiter had forgotten to fill his plate and he did not eat anything.
b. He went to a stylish pottery to buy a special plate.
c. His plate had been full with food and he ate it all up.
d. He prefers to eat his lunch alone.

Answer the following questions in order:

1. Literal Listener (L0):
   How would a listener interpret the utterance literally?
   Answer with a letter from a–d.

2. Informative Speaker (S1):
   Which utterance would an informative speaker be most likely to choose, given the situations described in the answer options, assuming that a listener interprets it literally?
   Answer with a letter from a–d.

3. Pragmatic Listener (L1):
   How would a listener interpret this utterance, knowing that the speaker is informative and chooses the most appropriate utterance for the situation described in the answer options?
   Answer with a letter from a–d.

Final Answer:
  Answer with a letter from a–d.","1. Literal Listener (L0):
   c. His plate had been full with food and he ate it all up.

2. Informative Speaker (S1):
   c. His plate had been full with food and he ate it all up. (This is the most likely utterance if the speaker is informing someone that he has already eaten all the food on his plate.)

3. Pragmatic Listener (L1):
   c. His plate had been full with food and he ate it all up. (This is the most appropriate utterance for the situation described, as it indicates that the speaker has finished eating and is not hungry for more food.)

","['b', 'd', 'a', 'c']",4,UA_I,"{'a': 9.6875, 'b': 8.375, 'c': 22.125, 'd': 8.9375}","{'a': 3.966974418290192e-06, 'b': 1.0676966439859825e-06, 'c': 0.999993085861206, 'd': 1.8738659264272428e-06}",0.999993085861206,c,c,c,,"1. Literal Listener (L0):
   c. His plate had been full with food and he ate it all up.

2. Informative Speaker (S1):
   c. His plate had been full with food and he ate it all up. (This is the most likely utterance if the speaker is informing someone that he has already eaten all the food on his plate.)

3. Pragmatic Listener (L1):
   c. His plate had been full with food and he ate it all up. (This is the most appropriate utterance for the situation described, as it indicates that the speaker has finished eating and is not hungry for more food.)",,
C1_33_UA_NI,C1_33,24,1,unambiguous,non-ironic,d,The library was a calm and quiet environment.,Mistral-7B-Instruct,Condition1B_context_richness_stimuli,rsa,"You will read short stories that describe everyday situations and end with a person saying something.

For each story, there are 4 possible interpretations (a,b,c,d).

Context: She walked into the library and it was inaudible.

Target utterance:
She says: """"Perfect place to concentrate.""""

a. She asked her colleague for a place to concentrate.
b. She looked for a new book in the library.
c. The library was far too noisy to concentrate.
d. The library was a calm and quiet environment.

Answer the following questions in order:

1. Literal Listener (L0):
   How would a listener interpret the utterance literally?
   Answer with a letter from a–d.

2. Informative Speaker (S1):
   Which utterance would an informative speaker be most likely to choose, given the situations described in the answer options, assuming that a listener interprets it literally?
   Answer with a letter from a–d.

3. Pragmatic Listener (L1):
   How would a listener interpret this utterance, knowing that the speaker is informative and chooses the most appropriate utterance for the situation described in the answer options?
   Answer with a letter from a–d.

Final Answer:
  Answer with a letter from a–d.","1. L0: d. The library was a calm and quiet environment.
2. S1: d. The library was a calm and quiet environment. (This is the most literal interpretation of the utterance given the situation described.)
3. L1: d. The library was a calm and quiet environment. (Given that the speaker is informative, they would choose the most appropriate utterance for the situation, which is that the library is a quiet place to concentrate.)

Final Answer: d. The library was a calm and quiet environment.","['c', 'd', 'b', 'a']",4,UA_NI,"{'a': 9.9375, 'b': 6.46875, 'c': 6.71875, 'd': 15.125}","{'a': 0.005552730057388544, 'b': 0.00017300057515967637, 'c': 0.00022213712509255856, 'd': 0.9940521121025085}",0.9940521121025085,d,d,d,d,"1. L0: d. The library was a calm and quiet environment.
2. S1: d. The library was a calm and quiet environment. (This is the most literal interpretation of the utterance given the situation described.)
3. L1: d. The library was a calm and quiet environment. (Given that the speaker is informative, they would choose the most appropriate utterance for the situation, which is that the library is a quiet place to concentrate.)

Final Answer: d. The library was a calm and quiet environment.",d,a
C1_34_A_I,C1_34,25,1,ambiguous,ironic,d,The concert was pretty loud.,Mistral-7B-Instruct,Condition1B_context_richness_stimuli,rsa,"You will read short stories that describe everyday situations and end with a person saying something.

For each story, there are 4 possible interpretations (a,b,c,d).

Context: We came back from a concert which was quiet.

Target utterance:
I say: """"I've almost gone deaf.""""

a. The concert was surprisingly quiet.
b. I was looking forward to the next concert.
c. My grandfather is deaf.
d. The concert was pretty loud.

Answer the following questions in order:

1. Literal Listener (L0):
   How would a listener interpret the utterance literally?
   Answer with a letter from a–d.

2. Informative Speaker (S1):
   Which utterance would an informative speaker be most likely to choose, given the situations described in the answer options, assuming that a listener interprets it literally?
   Answer with a letter from a–d.

3. Pragmatic Listener (L1):
   How would a listener interpret this utterance, knowing that the speaker is informative and chooses the most appropriate utterance for the situation described in the answer options?
   Answer with a letter from a–d.

Final Answer:
  Answer with a letter from a–d.","1. Literal Listener (L0):
   d. The concert was pretty loud.

2. Informative Speaker (S1):
   d. The concert was pretty loud.

3. Pragmatic Listener (L1):
   d. The concert was pretty loud. (Since the speaker is coming back from a concert and says they've almost gone deaf, it implies the concert was loud.)","['a', 'd', 'c', 'b']",4,A_I,"{'a': 11.0625, 'b': 9.25, 'c': 9.5625, 'd': 23.5}","{'a': 3.966979875258403e-06, 'b': 6.475917189163738e-07, 'c': 8.851528718878399e-07, 'd': 0.9999945163726807}",0.9999945163726807,d,d,d,,"1. Literal Listener (L0):
   d. The concert was pretty loud.

2. Informative Speaker (S1):
   d. The concert was pretty loud.

3. Pragmatic Listener (L1):
   d. The concert was pretty loud. (Since the speaker is coming back from a concert and says they've almost gone deaf, it implies the concert was loud.)",,
C1_35_A_NI,C1_35,31,1,ambiguous,non-ironic,a,The movie was too quiet to hear.,Mistral-7B-Instruct,Condition1B_context_richness_stimuli,rsa,"You will read short stories that describe everyday situations and end with a person saying something.

For each story, there are 4 possible interpretations (a,b,c,d).

Context:  She watched a movie in the theater and found it quiet.

Target utterance:
She says: """"It was so difficult to hear.""""

a. The movie was too quiet to hear.
b. The movie was very loud.
c. She generally has difficulties with her hearing.
d. Watching a movie in the theater is a real event.

Answer the following questions in order:

1. Literal Listener (L0):
   How would a listener interpret the utterance literally?
   Answer with a letter from a–d.

2. Informative Speaker (S1):
   Which utterance would an informative speaker be most likely to choose, given the situations described in the answer options, assuming that a listener interprets it literally?
   Answer with a letter from a–d.

3. Pragmatic Listener (L1):
   How would a listener interpret this utterance, knowing that the speaker is informative and chooses the most appropriate utterance for the situation described in the answer options?
   Answer with a letter from a–d.

Final Answer:
  Answer with a letter from a–d.","1. Literal Listener (L0):
   a. The movie was too quiet to hear.

2. Informative Speaker (S1):
   b. The movie was very loud. (This is the least likely interpretation of the utterance, but it is the opposite of the literal listener's interpretation, which makes it the most informative choice.)

3. Pragmatic Listener (L1):
   b. The movie was very loud. (Given that the speaker is informative, they would choose the utterance that corrects the listener's literal interpretation, which was that the movie was too quiet.)

Final Answer: b. The movie was very loud","['a', 'b', 'c', 'd']",4,A_NI,"{'a': 9.1875, 'b': 14.625, 'c': 6.625, 'd': 7.09375}","{'a': 0.004327746573835611, 'b': 0.9948052763938904, 'c': 0.00033371997415088117, 'd': 0.0005332830478437245}",0.9948052763938904,a,b,b,b,"1. Literal Listener (L0):
   a. The movie was too quiet to hear.

2. Informative Speaker (S1):
   b. The movie was very loud. (This is the least likely interpretation of the utterance, but it is the opposite of the literal listener's interpretation, which makes it the most informative choice.)

3. Pragmatic Listener (L1):
   b. The movie was very loud. (Given that the speaker is informative, they would choose the utterance that corrects the listener's literal interpretation, which was that the movie was too quiet.)

Final Answer: b. The movie was very loud",b,b
C1_36_UA_I,C1_36,29,1,unambiguous,ironic,d,He would expected to hear louder music from his neighbours' party.,Mistral-7B-Instruct,Condition1B_context_richness_stimuli,rsa,"You will read short stories that describe everyday situations and end with a person saying something.

For each story, there are 4 possible interpretations (a,b,c,d).

Context: His neighbours' music was inaudible.

Target utterance:
He says: """"It seems like they are having a great party.""""

a. He likes talking about pop music.
b. He thinks that his neighbours' are having a great party with music.
c. He is still unsure which party to vote for in the upcoming elections.
d. He would expected to hear louder music from his neighbours' party.

Answer the following questions in order:

1. Literal Listener (L0):
   How would a listener interpret the utterance literally?
   Answer with a letter from a–d.

2. Informative Speaker (S1):
   Which utterance would an informative speaker be most likely to choose, given the situations described in the answer options, assuming that a listener interprets it literally?
   Answer with a letter from a–d.

3. Pragmatic Listener (L1):
   How would a listener interpret this utterance, knowing that the speaker is informative and chooses the most appropriate utterance for the situation described in the answer options?
   Answer with a letter from a–d.

Final Answer:
  Answer with a letter from a–d.","1. Literal Listener (L0):
   b. He thinks that his neighbours' are having a great party with music.

2. Informative Speaker (S1):
   b. He thinks that his neighbours' are having a great party with music. (Since the music is inaudible, the speaker is making an assumption based on other signs of a party.)

3. Pragmatic Listener (L1):
   b. He thinks that his neighbours' are having a great party with music. (The speaker is being informative and chooses the most likely scenario given the situation.)

Final Answer: b. He thinks that his neighbours' are","['d', 'a', 'c', 'b']",4,UA_I,"{'a': 11.625, 'b': 13.625, 'c': 6.65625, 'd': 4.46875}","{'a': 0.119093157351017, 'b': 0.879986047744751, 'c': 0.000827915733680129, 'd': 9.288956789532676e-05}",0.879986047744751,b,b,b,b,"1. Literal Listener (L0):
   b. He thinks that his neighbours' are having a great party with music.

2. Informative Speaker (S1):
   b. He thinks that his neighbours' are having a great party with music. (Since the music is inaudible, the speaker is making an assumption based on other signs of a party.)

3. Pragmatic Listener (L1):
   b. He thinks that his neighbours' are having a great party with music. (The speaker is being informative and chooses the most likely scenario given the situation.)

Final Answer: b. He thinks that his neighbours' are",b,a
C1_37_UA_NI,C1_37,53,1,unambiguous,non-ironic,a,The questions required thorough preparation to answer.,Mistral-7B-Instruct,Condition1B_context_richness_stimuli,rsa,"You will read short stories that describe everyday situations and end with a person saying something.

For each story, there are 4 possible interpretations (a,b,c,d).

Context: She prepared impossible questions for the students.

Target utterance:
She says: """"I hope they're prepared for this.""""

a. The questions required thorough preparation to answer.
b. She posted the question on the class forum.
c. She had never felt so well prepared for a meeting.
d. The questions were straightforward and required little effort.

Answer the following questions in order:

1. Literal Listener (L0):
   How would a listener interpret the utterance literally?
   Answer with a letter from a–d.

2. Informative Speaker (S1):
   Which utterance would an informative speaker be most likely to choose, given the situations described in the answer options, assuming that a listener interprets it literally?
   Answer with a letter from a–d.

3. Pragmatic Listener (L1):
   How would a listener interpret this utterance, knowing that the speaker is informative and chooses the most appropriate utterance for the situation described in the answer options?
   Answer with a letter from a–d.

Final Answer:
  Answer with a letter from a–d.","1. Literal Listener (L0):
   a. The questions required thorough preparation to answer.

2. Informative Speaker (S1):
   a. The questions required thorough preparation to answer.

3. Pragmatic Listener (L1):
   a. The questions required thorough preparation to answer.","['a', 'd', 'c', 'b']",4,UA_NI,"{'a': 21.75, 'b': 6.21875, 'c': 6.375, 'd': 6.15625}","{'a': 0.9999994039535522, 'b': 1.7983057887249743e-07, 'c': 2.1024325747021066e-07, 'd': 1.6893521603833506e-07}",0.9999994039535522,a,a,a,,"1. Literal Listener (L0):
   a. The questions required thorough preparation to answer.

2. Informative Speaker (S1):
   a. The questions required thorough preparation to answer.

3. Pragmatic Listener (L1):
   a. The questions required thorough preparation to answer.",,
C1_38_A_I,C1_38,172,1,ambiguous,ironic,a,Booking the appointment was frustrating and difficult.,Mistral-7B-Instruct,Condition1B_context_richness_stimuli,rsa,"You will read short stories that describe everyday situations and end with a person saying something.

For each story, there are 4 possible interpretations (a,b,c,d).

Context: He booked an appointment through a system which was difficult to use.

Target utterance:
He says:  """"That was about as easy as it gets.""""

a. Booking the appointment was frustrating and difficult.
b. He decided to cancel the appointment.
c. Booking the appointment was straightforward and effortless.
d. He always found parallel parking easy as it gets.

Answer the following questions in order:

1. Literal Listener (L0):
   How would a listener interpret the utterance literally?
   Answer with a letter from a–d.

2. Informative Speaker (S1):
   Which utterance would an informative speaker be most likely to choose, given the situations described in the answer options, assuming that a listener interprets it literally?
   Answer with a letter from a–d.

3. Pragmatic Listener (L1):
   How would a listener interpret this utterance, knowing that the speaker is informative and chooses the most appropriate utterance for the situation described in the answer options?
   Answer with a letter from a–d.

Final Answer:
  Answer with a letter from a–d.","1. Literal Listener (L0):
   a. Booking the appointment was frustrating and difficult.

2. Informative Speaker (S1):
   c. Booking the appointment was straightforward and effortless. (This is the least likely option given the description in the passage, but the speaker might be using hyperbole to express relief or surprise that the system worked.)

3. Pragmatic Listener (L1):
   a. Booking the appointment was frustrating and difficult. (The speaker is likely using hyperbole to express relief or surprise that the system worked, but a pragmatic listener would understand that the system was difficult to use.)

Final","['b', 'd', 'a', 'c']",4,A_I,"{'a': 21.5, 'b': 7.375, 'c': 8.8125, 'd': 7.25}","{'a': 0.9999955892562866, 'b': 7.338182967941975e-07, 'c': 3.089490292040864e-06, 'd': 6.475924010374001e-07}",0.9999955892562866,a,c,a,,"1. Literal Listener (L0):
   a. Booking the appointment was frustrating and difficult.

2. Informative Speaker (S1):
   c. Booking the appointment was straightforward and effortless. (This is the least likely option given the description in the passage, but the speaker might be using hyperbole to express relief or surprise that the system worked.)

3. Pragmatic Listener (L1):
   a. Booking the appointment was frustrating and difficult. (The speaker is likely using hyperbole to express relief or surprise that the system worked, but a pragmatic listener would understand that the system was difficult to use.)

Final",,
C1_39_A_NI,C1_39,233,1,ambiguous,non-ironic,a,Completing the task was a genuine sign of intelligence.,Mistral-7B-Instruct,Condition1B_context_richness_stimuli,rsa,"You will read short stories that describe everyday situations and end with a person saying something.

For each story, there are 4 possible interpretations (a,b,c,d).

Context: They finished a difficult task for their maths lesson.

Target utterance:
They say: """"We must be very smart.""""

a. Completing the task was a genuine sign of intelligence.
b. Anyone could have done the task, no special abilities required.
c. They were always smart about managing their money.
d. They were given another task after the math lesson.

Answer the following questions in order:

1. Literal Listener (L0):
   How would a listener interpret the utterance literally?
   Answer with a letter from a–d.

2. Informative Speaker (S1):
   Which utterance would an informative speaker be most likely to choose, given the situations described in the answer options, assuming that a listener interprets it literally?
   Answer with a letter from a–d.

3. Pragmatic Listener (L1):
   How would a listener interpret this utterance, knowing that the speaker is informative and chooses the most appropriate utterance for the situation described in the answer options?
   Answer with a letter from a–d.

Final Answer:
  Answer with a letter from a–d.","1. Literal Listener (L0):
   a. Completing the task was a genuine sign of intelligence.

2. Informative Speaker (S1):
   a. Completing the task was a genuine sign of intelligence.

3. Pragmatic Listener (L1):
   a. Completing the task was a genuine sign of intelligence. (Since the speaker is informative, they would choose the utterance that best reflects the situation, which is that they completed a difficult maths task, implying they are intelligent.)","['a', 'b', 'c', 'd']",4,A_NI,"{'a': 21.875, 'b': 6.8125, 'c': 7.53125, 'd': 8.5625}","{'a': 0.9999974966049194, 'b': 2.8736792501149466e-07, 'c': 5.896406491956441e-07, 'd': 1.6536882867512759e-06}",0.9999974966049194,a,a,a,,"1. Literal Listener (L0):
   a. Completing the task was a genuine sign of intelligence.

2. Informative Speaker (S1):
   a. Completing the task was a genuine sign of intelligence.

3. Pragmatic Listener (L1):
   a. Completing the task was a genuine sign of intelligence. (Since the speaker is informative, they would choose the utterance that best reflects the situation, which is that they completed a difficult maths task, implying they are intelligent.)",,
C1_40_UA_I,C1_40,144,1,unambiguous,ironic,d,Making the payment was complicated and painful.,Mistral-7B-Instruct,Condition1B_context_richness_stimuli,rsa,"You will read short stories that describe everyday situations and end with a person saying something.

For each story, there are 4 possible interpretations (a,b,c,d).

Context: He made a payment through a website which was impossible to use.

Target utterance:
He says:  """"Technology at its finest.""""

a. Making the payment was a smooth and effortless experience.
b. He decided to cancel the payment altogether.
c. He always thought the finest restaurants required a reservation.
d. Making the payment was complicated and painful.

Answer the following questions in order:

1. Literal Listener (L0):
   How would a listener interpret the utterance literally?
   Answer with a letter from a–d.

2. Informative Speaker (S1):
   Which utterance would an informative speaker be most likely to choose, given the situations described in the answer options, assuming that a listener interprets it literally?
   Answer with a letter from a–d.

3. Pragmatic Listener (L1):
   How would a listener interpret this utterance, knowing that the speaker is informative and chooses the most appropriate utterance for the situation described in the answer options?
   Answer with a letter from a–d.

Final Answer:
  Answer with a letter from a–d.","1. Literal Listener (L0):
   d. Making the payment was complicated and painful.

2. Informative Speaker (S1):
   d. Making the payment was complicated and painful.

3. Pragmatic Listener (L1):
   d. Making the payment was complicated and painful.","['a', 'd', 'c', 'b']",4,UA_I,"{'a': 10.375, 'b': 9.1875, 'c': 10.0, 'd': 23.0}","{'a': 3.288738298579119e-06, 'b': 1.0030084922618698e-06, 'c': 2.260314658997231e-06, 'd': 0.9999934434890747}",0.9999934434890747,d,d,d,,"1. Literal Listener (L0):
   d. Making the payment was complicated and painful.

2. Informative Speaker (S1):
   d. Making the payment was complicated and painful.

3. Pragmatic Listener (L1):
   d. Making the payment was complicated and painful.",,
C1_41_UA_NI,C1_41,147,1,unambiguous,non-ironic,c,Her kitchen was tidy.,Mistral-7B-Instruct,Condition1B_context_richness_stimuli,rsa,"You will read short stories that describe everyday situations and end with a person saying something.

For each story, there are 4 possible interpretations (a,b,c,d).

Context: She finished cooking and the kitchen was pristine.

Target utterance:
She says: """"I'm the sort of person who likes to keep things tidy.""""

a. Children should regularly tidy up their rooms.
b. Her kitchen was a mess.
c. Her kitchen was tidy.
d. The apartment came with a fully equipped kitchen.

Answer the following questions in order:

1. Literal Listener (L0):
   How would a listener interpret the utterance literally?
   Answer with a letter from a–d.

2. Informative Speaker (S1):
   Which utterance would an informative speaker be most likely to choose, given the situations described in the answer options, assuming that a listener interprets it literally?
   Answer with a letter from a–d.

3. Pragmatic Listener (L1):
   How would a listener interpret this utterance, knowing that the speaker is informative and chooses the most appropriate utterance for the situation described in the answer options?
   Answer with a letter from a–d.

Final Answer:
  Answer with a letter from a–d.","1. Literal Listener (L0):
   c. Her kitchen was tidy.

2. Informative Speaker (S1):
   c. Her kitchen was tidy. (This is the most accurate interpretation of the speaker's statement, given the situation described.)

3. Pragmatic Listener (L1):
   c. Her kitchen was tidy. (Given that the speaker is informing about their preference for tidiness, it is reasonable to infer that their kitchen is currently tidy.)

Final Answer: c. Her kitchen was tidy.","['c', 'b', 'a', 'd']",4,UA_NI,"{'a': 9.375, 'b': 5.90625, 'c': 15.5, 'd': 5.90625}","{'a': 0.0021824194118380547, 'b': 6.79953518556431e-05, 'c': 0.9976814985275269, 'd': 6.79953518556431e-05}",0.9976814985275269,c,c,c,c,"1. Literal Listener (L0):
   c. Her kitchen was tidy.

2. Informative Speaker (S1):
   c. Her kitchen was tidy. (This is the most accurate interpretation of the speaker's statement, given the situation described.)

3. Pragmatic Listener (L1):
   c. Her kitchen was tidy. (Given that the speaker is informing about their preference for tidiness, it is reasonable to infer that their kitchen is currently tidy.)

Final Answer: c. Her kitchen was tidy.",c,a
C1_42_A_I,C1_42,55,1,ambiguous,ironic,a,The room was left in a terrible state for far too long.,Mistral-7B-Instruct,Condition1B_context_richness_stimuli,rsa,"You will read short stories that describe everyday situations and end with a person saying something.

For each story, there are 4 possible interpretations (a,b,c,d).

Context: They walked into the room and found it clean.

Target utterance:
They said: ""“Looks like you didn’t wait too long to clean it.”""

a. The room was left in a terrible state for far too long.
b. They never had to wait long for a table.
c. The room was tidied up well before it got too messy.
d. They decided to book a different room altogether.

Answer the following questions in order:

1. Literal Listener (L0):
   How would a listener interpret the utterance literally?
   Answer with a letter from a–d.

2. Informative Speaker (S1):
   Which utterance would an informative speaker be most likely to choose, given the situations described in the answer options, assuming that a listener interprets it literally?
   Answer with a letter from a–d.

3. Pragmatic Listener (L1):
   How would a listener interpret this utterance, knowing that the speaker is informative and chooses the most appropriate utterance for the situation described in the answer options?
   Answer with a letter from a–d.

Final Answer:
  Answer with a letter from a–d.","1. Literal Listener (L0):
   c. The room was tidied up well before it got too messy.

2. Informative Speaker (S1):
   c. The room was tidied up well before it got too messy.

3. Pragmatic Listener (L1):
   c. The room was tidied up well before it got too messy.","['b', 'c', 'a', 'd']",4,A_I,"{'a': 9.8125, 'b': 8.3125, 'c': 22.625, 'd': 8.375}","{'a': 2.726467073443928e-06, 'b': 6.083570269765914e-07, 'c': 0.9999960660934448, 'd': 6.475926852544944e-07}",0.9999960660934448,c,c,c,,"1. Literal Listener (L0):
   c. The room was tidied up well before it got too messy.

2. Informative Speaker (S1):
   c. The room was tidied up well before it got too messy.

3. Pragmatic Listener (L1):
   c. The room was tidied up well before it got too messy.",,
C1_43_A_NI,C1_43,67,1,ambiguous,non-ironic,b,The street was genuinely pleasant.,Mistral-7B-Instruct,Condition1B_context_richness_stimuli,rsa,"You will read short stories that describe everyday situations and end with a person saying something.

For each story, there are 4 possible interpretations (a,b,c,d).

Context: The street was clean.

Target utterance:
They say:  """"Such a beautiful walk.""""

a. A dog was barking on the street.
b. The street was genuinely pleasant.
c. They went for a walk in the park.
d. The street was far from pretty.

Answer the following questions in order:

1. Literal Listener (L0):
   How would a listener interpret the utterance literally?
   Answer with a letter from a–d.

2. Informative Speaker (S1):
   Which utterance would an informative speaker be most likely to choose, given the situations described in the answer options, assuming that a listener interprets it literally?
   Answer with a letter from a–d.

3. Pragmatic Listener (L1):
   How would a listener interpret this utterance, knowing that the speaker is informative and chooses the most appropriate utterance for the situation described in the answer options?
   Answer with a letter from a–d.

Final Answer:
  Answer with a letter from a–d.","1. Literal Listener (L0): b. The street was genuinely pleasant.
2. Informative Speaker (S1): b. The street was genuinely pleasant. (Since the street was clean, the most appropriate utterance would be one that reflects the positive aspect of the clean street.)
3. Pragmatic Listener (L1): b. The street was genuinely pleasant. (Given that the speaker is informative, they would choose the utterance that best reflects the positive aspect of the clean street.)

Final Answer: b. The street was genuinely pleasant.","['d', 'a', 'c', 'b']",4,A_NI,"{'a': 9.25, 'b': 15.5625, 'c': 5.71875, 'd': 6.59375}","{'a': 0.0018098852597177029, 'b': 0.9980100989341736, 'c': 5.297227471601218e-05, 'd': 0.00012707388668786734}",0.9980100989341736,b,b,b,b,"1. Literal Listener (L0): b. The street was genuinely pleasant.
2. Informative Speaker (S1): b. The street was genuinely pleasant. (Since the street was clean, the most appropriate utterance would be one that reflects the positive aspect of the clean street.)
3. Pragmatic Listener (L1): b. The street was genuinely pleasant. (Given that the speaker is informative, they would choose the utterance that best reflects the positive aspect of the clean street.)

Final Answer: b. The street was genuinely pleasant.",b,a
C1_44_UA_I,C1_44,83,1,unambiguous,ironic,c,The floor was very dirty.,Mistral-7B-Instruct,Condition1B_context_richness_stimuli,rsa,"You will read short stories that describe everyday situations and end with a person saying something.

For each story, there are 4 possible interpretations (a,b,c,d).

Context: The floor was pristine.

Target utterance:
She says: """"You could practically eat off the floor here.""""

a. The floor was very clean.
b. The dance floor was very empty.
c. The floor was very dirty.
d. She could eat a whole cake.

Answer the following questions in order:

1. Literal Listener (L0):
   How would a listener interpret the utterance literally?
   Answer with a letter from a–d.

2. Informative Speaker (S1):
   Which utterance would an informative speaker be most likely to choose, given the situations described in the answer options, assuming that a listener interprets it literally?
   Answer with a letter from a–d.

3. Pragmatic Listener (L1):
   How would a listener interpret this utterance, knowing that the speaker is informative and chooses the most appropriate utterance for the situation described in the answer options?
   Answer with a letter from a–d.

Final Answer:
  Answer with a letter from a–d.","1. L0: a. The floor was very clean.
2. S1: a. The floor was very clean. (Since the floor was pristine, it was very clean.)
3. L1: a. The floor was very clean. (Given that the speaker is informative, they would choose the utterance that accurately reflects the cleanliness of the floor.)

Final Answer: a. The floor was very clean.","['a', 'd', 'b', 'c']",4,UA_I,"{'a': 16.25, 'b': 5.0, 'c': 4.8125, 'd': 5.125}","{'a': 0.9999614953994751, 'b': 1.3006796507397667e-05, 'c': 1.0783012839965522e-05, 'd': 1.4738631762156729e-05}",0.9999614953994751,a,a,a,a,"1. L0: a. The floor was very clean.
2. S1: a. The floor was very clean. (Since the floor was pristine, it was very clean.)
3. L1: a. The floor was very clean. (Given that the speaker is informative, they would choose the utterance that accurately reflects the cleanliness of the floor.)

Final Answer: a. The floor was very clean.",a,a
C1_45_UA_NI,C1_45,40,1,unambiguous,non-ironic,c,The movie was funny and great.,Mistral-7B-Instruct,Condition1B_context_richness_stimuli,rsa,"You will read short stories that describe everyday situations and end with a person saying something.

For each story, there are 4 possible interpretations (a,b,c,d).

Context: They watched a grim movie.

Target utterance:
They say: """"That was the perfect movie for a laugh.""""

a. They had such a perfect night.
b. They saw three movies that week.
c. The movie was funny and great.
d. The movie wasn't amusing.

Answer the following questions in order:

1. Literal Listener (L0):
   How would a listener interpret the utterance literally?
   Answer with a letter from a–d.

2. Informative Speaker (S1):
   Which utterance would an informative speaker be most likely to choose, given the situations described in the answer options, assuming that a listener interprets it literally?
   Answer with a letter from a–d.

3. Pragmatic Listener (L1):
   How would a listener interpret this utterance, knowing that the speaker is informative and chooses the most appropriate utterance for the situation described in the answer options?
   Answer with a letter from a–d.

Final Answer:
  Answer with a letter from a–d.","1. Literal Listener (L0):
   d. The movie wasn't amusing.

2. Informative Speaker (S1):
   c. The movie was funny and great.

3. Pragmatic Listener (L1):
   c. The movie was funny and great. (Since the speaker is watching a grim movie, saying it was perfect for a laugh implies it wasn't what they expected, so it wasn't grim or serious as they thought, but rather funny.)","['c', 'd', 'a', 'b']",4,UA_NI,"{'a': 10.5, 'b': 9.5625, 'c': 23.25, 'd': 11.375}","{'a': 2.9022885428275913e-06, 'b': 1.136552441494132e-06, 'c': 0.9999890327453613, 'd': 6.962228326301556e-06}",0.9999890327453613,d,c,c,,"1. Literal Listener (L0):
   d. The movie wasn't amusing.

2. Informative Speaker (S1):
   c. The movie was funny and great.

3. Pragmatic Listener (L1):
   c. The movie was funny and great. (Since the speaker is watching a grim movie, saying it was perfect for a laugh implies it wasn't what they expected, so it wasn't grim or serious as they thought, but rather funny.)",,
C1_46_A_I,C1_46,159,1,ambiguous,ironic,a,The musical was purely for laughs.,Mistral-7B-Instruct,Condition1B_context_richness_stimuli,rsa,"You will read short stories that describe everyday situations and end with a person saying something.

For each story, there are 4 possible interpretations (a,b,c,d).

Context: The musical she watched was really serious.

Target utterance:
She says: """"That cracked me up.""""

a. The musical was purely for laughs.
b. The musical left her deeply moved.
c. She answered some questions about the musical.
d. The joke cracked everyone up.

Answer the following questions in order:

1. Literal Listener (L0):
   How would a listener interpret the utterance literally?
   Answer with a letter from a–d.

2. Informative Speaker (S1):
   Which utterance would an informative speaker be most likely to choose, given the situations described in the answer options, assuming that a listener interprets it literally?
   Answer with a letter from a–d.

3. Pragmatic Listener (L1):
   How would a listener interpret this utterance, knowing that the speaker is informative and chooses the most appropriate utterance for the situation described in the answer options?
   Answer with a letter from a–d.

Final Answer:
  Answer with a letter from a–d.","1. Literal Listener (L0):
   d. The joke cracked everyone up.

2. Informative Speaker (S1):
   a. The musical was purely for laughs.

3. Pragmatic Listener (L1):
   a. The musical was purely for laughs. (Since the musical was serious, the speaker's statement ""That cracked me up"" would be unexpected, suggesting that the musical was not what the speaker expected and was meant to be funny.)","['b', 'a', 'd', 'c']",4,A_I,"{'a': 22.375, 'b': 7.59375, 'c': 7.8125, 'd': 11.625}","{'a': 0.999977707862854, 'b': 3.8069308061494667e-07, 'c': 4.7378020440191904e-07, 'd': 2.1444930098368786e-05}",0.999977707862854,d,a,a,,"1. Literal Listener (L0):
   d. The joke cracked everyone up.

2. Informative Speaker (S1):
   a. The musical was purely for laughs.

3. Pragmatic Listener (L1):
   a. The musical was purely for laughs. (Since the musical was serious, the speaker's statement ""That cracked me up"" would be unexpected, suggesting that the musical was not what the speaker expected and was meant to be funny.)",,
C1_47_A_NI,C1_47,3,1,ambiguous,non-ironic,a,The situation was genuinely amusing.,Mistral-7B-Instruct,Condition1B_context_richness_stimuli,rsa,"You will read short stories that describe everyday situations and end with a person saying something.

For each story, there are 4 possible interpretations (a,b,c,d).

Context: The situation was serious.

Target utterance:
She says: """"Truly something to laugh about.""""

a. The situation was genuinely amusing.
b. She always found it hard to laugh about things.
c. The situation was far too serious.
d. She tried to make the best of the situation.

Answer the following questions in order:

1. Literal Listener (L0):
   How would a listener interpret the utterance literally?
   Answer with a letter from a–d.

2. Informative Speaker (S1):
   Which utterance would an informative speaker be most likely to choose, given the situations described in the answer options, assuming that a listener interprets it literally?
   Answer with a letter from a–d.

3. Pragmatic Listener (L1):
   How would a listener interpret this utterance, knowing that the speaker is informative and chooses the most appropriate utterance for the situation described in the answer options?
   Answer with a letter from a–d.

Final Answer:
  Answer with a letter from a–d.","1. Literal Listener (L0):
   a. The situation was genuinely amusing.

2. Informative Speaker (S1):
   c. The situation was far too serious.

3. Pragmatic Listener (L1):
   d. She tried to make the best of the situation.","['a', 'c', 'b', 'd']",4,A_NI,"{'a': 8.875, 'b': 9.5, 'c': 11.625, 'd': 23.375}","{'a': 5.043429496254248e-07, 'b': 9.422367384104291e-07, 'c': 7.889250809967052e-06, 'd': 0.999990701675415}",0.999990701675415,a,c,d,,"1. Literal Listener (L0):
   a. The situation was genuinely amusing.

2. Informative Speaker (S1):
   c. The situation was far too serious.

3. Pragmatic Listener (L1):
   d. She tried to make the best of the situation.",,
C1_48_UA_I,C1_48,208,1,unambiguous,ironic,c,The talk contained no humour.,Mistral-7B-Instruct,Condition1B_context_richness_stimuli,rsa,"You will read short stories that describe everyday situations and end with a person saying something.

For each story, there are 4 possible interpretations (a,b,c,d).

Context: His talk was grim. 

Target utterance:
Hey says: """"Wow, so many jokes in one talk.""""

a. He decided to cancel the talk.
b. He was a fan of old jokes.
c. The talk contained no humour.
d. The talk contained humour.

Answer the following questions in order:

1. Literal Listener (L0):
   How would a listener interpret the utterance literally?
   Answer with a letter from a–d.

2. Informative Speaker (S1):
   Which utterance would an informative speaker be most likely to choose, given the situations described in the answer options, assuming that a listener interprets it literally?
   Answer with a letter from a–d.

3. Pragmatic Listener (L1):
   How would a listener interpret this utterance, knowing that the speaker is informative and chooses the most appropriate utterance for the situation described in the answer options?
   Answer with a letter from a–d.

Final Answer:
  Answer with a letter from a–d.","1. Literal Listener (L0):
   c. The talk contained no humour.

2. Informative Speaker (S1):
   c. The talk contained no humour.

3. Pragmatic Listener (L1):
   c. The talk contained no humour.","['d', 'c', 'b', 'a']",4,UA_I,"{'a': 9.375, 'b': 8.5, 'c': 23.0, 'd': 8.0}","{'a': 1.209864649354131e-06, 'b': 5.043466444476508e-07, 'c': 0.9999979734420776, 'd': 3.059016933093517e-07}",0.9999979734420776,c,c,c,,"1. Literal Listener (L0):
   c. The talk contained no humour.

2. Informative Speaker (S1):
   c. The talk contained no humour.

3. Pragmatic Listener (L1):
   c. The talk contained no humour.",,
C1_49_UA_NI,C1_49,229,1,unambiguous,non-ironic,a,The airport experience was enjoyable.,Mistral-7B-Instruct,Condition1B_context_richness_stimuli,rsa,"You will read short stories that describe everyday situations and end with a person saying something.

For each story, there are 4 possible interpretations (a,b,c,d).

Context: He had a terrible experience at the airport.

Target utterance:
He says: """"A complete nightmare, really.""""

a. The airport experience was enjoyable.
b. He came back from his trip exhausted.
c. He decided to book a different airport transfer.
d. The airport experience was thoroughly unpleasant.

Answer the following questions in order:

1. Literal Listener (L0):
   How would a listener interpret the utterance literally?
   Answer with a letter from a–d.

2. Informative Speaker (S1):
   Which utterance would an informative speaker be most likely to choose, given the situations described in the answer options, assuming that a listener interprets it literally?
   Answer with a letter from a–d.

3. Pragmatic Listener (L1):
   How would a listener interpret this utterance, knowing that the speaker is informative and chooses the most appropriate utterance for the situation described in the answer options?
   Answer with a letter from a–d.

Final Answer:
  Answer with a letter from a–d.","1. Literal Listener (L0):
   d. The airport experience was thoroughly unpleasant.

2. Informative Speaker (S1):
   d. The airport experience was thoroughly unpleasant.

3. Pragmatic Listener (L1):
   d. The airport experience was thoroughly unpleasant.","['a', 'c', 'd', 'b']",4,UA_NI,"{'a': 9.75, 'b': 9.1875, 'c': 10.1875, 'd': 23.375}","{'a': 1.2098624893042143e-06, 'b': 6.893588988532429e-07, 'c': 1.8738717244559666e-06, 'd': 0.9999961853027344}",0.9999961853027344,d,d,d,,"1. Literal Listener (L0):
   d. The airport experience was thoroughly unpleasant.

2. Informative Speaker (S1):
   d. The airport experience was thoroughly unpleasant.

3. Pragmatic Listener (L1):
   d. The airport experience was thoroughly unpleasant.",,
C1_50_A_I,C1_50,254,1,ambiguous,ironic,d,The exam results were deeply disappointing.,Mistral-7B-Instruct,Condition1B_context_richness_stimuli,rsa,"You will read short stories that describe everyday situations and end with a person saying something.

For each story, there are 4 possible interpretations (a,b,c,d).

Context: He studied hard for the exam, and the results were bad.

Target utterance:
He says: """"Well, this is amazing.""""

a. He always found art museums amazing.
b. He had one more exam this week.
c. The exam results were impressive
d. The exam results were deeply disappointing.

Answer the following questions in order:

1. Literal Listener (L0):
   How would a listener interpret the utterance literally?
   Answer with a letter from a–d.

2. Informative Speaker (S1):
   Which utterance would an informative speaker be most likely to choose, given the situations described in the answer options, assuming that a listener interprets it literally?
   Answer with a letter from a–d.

3. Pragmatic Listener (L1):
   How would a listener interpret this utterance, knowing that the speaker is informative and chooses the most appropriate utterance for the situation described in the answer options?
   Answer with a letter from a–d.

Final Answer:
  Answer with a letter from a–d.","1. Literal Listener (L0):
   d. The exam results were deeply disappointing.

2. Informative Speaker (S1):
   d. The exam results were deeply disappointing.

3. Pragmatic Listener (L1):
   d. The exam results were deeply disappointing.","['c', 'd', 'a', 'b']",4,A_I,"{'a': 10.4375, 'b': 9.4375, 'c': 9.5, 'd': 23.0}","{'a': 3.5008449685847154e-06, 'b': 1.2878889492640155e-06, 'c': 1.3709505992665072e-06, 'd': 0.9999938011169434}",0.9999938011169434,d,d,d,,"1. Literal Listener (L0):
   d. The exam results were deeply disappointing.

2. Informative Speaker (S1):
   d. The exam results were deeply disappointing.

3. Pragmatic Listener (L1):
   d. The exam results were deeply disappointing.",,
C1_51_A_NI,C1_51,129,1,ambiguous,non-ironic,b,They found the play dull.,Mistral-7B-Instruct,Condition1B_context_richness_stimuli,rsa,"You will read short stories that describe everyday situations and end with a person saying something.

For each story, there are 4 possible interpretations (a,b,c,d).

Context: They left the play feeling bad.

Target utterance:
They said:  """"That wasn't fun at all.""""

a. They found the play entertaining.
b. They found the play dull.
c. They liked to watch a play in their favorite theatre.
d. They had fun eating together.

Answer the following questions in order:

1. Literal Listener (L0):
   How would a listener interpret the utterance literally?
   Answer with a letter from a–d.

2. Informative Speaker (S1):
   Which utterance would an informative speaker be most likely to choose, given the situations described in the answer options, assuming that a listener interprets it literally?
   Answer with a letter from a–d.

3. Pragmatic Listener (L1):
   How would a listener interpret this utterance, knowing that the speaker is informative and chooses the most appropriate utterance for the situation described in the answer options?
   Answer with a letter from a–d.

Final Answer:
  Answer with a letter from a–d.","1. Literal Listener (L0):
   b. They found the play dull.

2. Informative Speaker (S1):
   b. They found the play dull.

3. Pragmatic Listener (L1):
   b. They found the play dull.","['b', 'a', 'd', 'c']",4,A_NI,"{'a': 9.3125, 'b': 22.75, 'c': 8.3125, 'd': 7.6875}","{'a': 1.459375084778003e-06, 'b': 0.9999977350234985, 'c': 5.368740971789521e-07, 'd': 2.873679818549135e-07}",0.9999977350234985,b,b,b,,"1. Literal Listener (L0):
   b. They found the play dull.

2. Informative Speaker (S1):
   b. They found the play dull.

3. Pragmatic Listener (L1):
   b. They found the play dull.",,
C1_52_UA_I,C1_52,114,1,unambiguous,ironic,b,She found the whole meal disappointing.,Mistral-7B-Instruct,Condition1B_context_richness_stimuli,rsa,"You will read short stories that describe everyday situations and end with a person saying something.

For each story, there are 4 possible interpretations (a,b,c,d).

Context: She had a terrible meal at a restaurant.

Target utterance:
She says: """"That was a great restaurant visit.""""

a. She wanted to try the meal for months.
b. She found the whole meal disappointing.
c. The rmeal was a genuinely enjoyable experience.
d. She always enjoyed a restaurant visit before a big day out.

Answer the following questions in order:

1. Literal Listener (L0):
   How would a listener interpret the utterance literally?
   Answer with a letter from a–d.

2. Informative Speaker (S1):
   Which utterance would an informative speaker be most likely to choose, given the situations described in the answer options, assuming that a listener interprets it literally?
   Answer with a letter from a–d.

3. Pragmatic Listener (L1):
   How would a listener interpret this utterance, knowing that the speaker is informative and chooses the most appropriate utterance for the situation described in the answer options?
   Answer with a letter from a–d.

Final Answer:
  Answer with a letter from a–d.","1. Literal Listener (L0):
   c. The meal was a genuinely enjoyable experience.

2. Informative Speaker (S1):
   Given the context of a terrible meal, the most inappropriate utterance would be ""That was a great restaurant visit."" Therefore, the informative speaker would choose the utterance that is least likely to be said in this situation, which is c.

3. Pragmatic Listener (L1):
   Knowing that the speaker is informative and the meal was terrible, the listener would understand that the speaker is being sarcastic or ironic, and the most appropriate utterance for the situation would be c. However, since","['d', 'b', 'a', 'c']",4,UA_I,"{'a': 10.4375, 'b': 9.875, 'c': 17.75, 'd': 9.0}","{'a': 0.0006663436652161181, 'b': 0.00037967119715176523, 'c': 0.998795747756958, 'd': 0.0001582704862812534}",0.998795747756958,c,,,,"1. Literal Listener (L0):
   c. The meal was a genuinely enjoyable experience.

2. Informative Speaker (S1):
   Given the context of a terrible meal, the most inappropriate utterance would be ""That was a great restaurant visit."" Therefore, the informative speaker would choose the utterance that is least likely to be said in this situation, which is c.

3. Pragmatic Listener (L1):
   Knowing that the speaker is informative and the meal was terrible, the listener would understand that the speaker is being sarcastic or ironic, and the most appropriate utterance for the situation would be c. However, since",,
C1_53_UA_NI,C1_53,140,1,unambiguous,non-ironic,a,The ground was moist and muddy after the rain.,Mistral-7B-Instruct,Condition1B_context_richness_stimuli,rsa,"You will read short stories that describe everyday situations and end with a person saying something.

For each story, there are 4 possible interpretations (a,b,c,d).

Context: After the weather changed, the ground became parched.

Target utterance:
She says: """"Perfect conditions for a picnic..""""

a. The ground was moist and muddy after the rain.
b. She knelt in the mud to look closely at the earth.
c. The ground was uneven where she stood.
d. The ground was dried out.

Answer the following questions in order:

1. Literal Listener (L0):
   How would a listener interpret the utterance literally?
   Answer with a letter from a–d.

2. Informative Speaker (S1):
   Which utterance would an informative speaker be most likely to choose, given the situations described in the answer options, assuming that a listener interprets it literally?
   Answer with a letter from a–d.

3. Pragmatic Listener (L1):
   How would a listener interpret this utterance, knowing that the speaker is informative and chooses the most appropriate utterance for the situation described in the answer options?
   Answer with a letter from a–d.

Final Answer:
  Answer with a letter from a–d.","1. Literal Listener (L0): d. The ground was dried out.
2. Informative Speaker (S1): d. The ground was dried out. (Since this is the only option that matches the literal interpretation of the utterance ""Perfect conditions for a picnic.."" and the condition for a picnic is usually dry ground.)
3. Pragmatic Listener (L1): d. The ground was dried out. (Assuming the speaker is informative and chooses the most appropriate utterance for the situation, the listener would understand that the speaker is indicating that the ground is dry and suitable for a picnic.)","['a', 'c', 'd', 'b']",4,UA_NI,"{'a': 9.1875, 'b': 8.5, 'c': 9.0, 'd': 24.125}","{'a': 3.2563110607952694e-07, 'b': 1.6373761013710464e-07, 'c': 2.699576384657121e-07, 'd': 0.9999992847442627}",0.9999992847442627,d,d,d,,"1. Literal Listener (L0): d. The ground was dried out.
2. Informative Speaker (S1): d. The ground was dried out. (Since this is the only option that matches the literal interpretation of the utterance ""Perfect conditions for a picnic.."" and the condition for a picnic is usually dry ground.)
3. Pragmatic Listener (L1): d. The ground was dried out. (Assuming the speaker is informative and chooses the most appropriate utterance for the situation, the listener would understand that the speaker is indicating that the ground is dry and suitable for a picnic.)",,
C1_54_A_I,C1_54,123,1,ambiguous,ironic,a,The garden was just watered and needed to dry out.,Mistral-7B-Instruct,Condition1B_context_richness_stimuli,rsa,"You will read short stories that describe everyday situations and end with a person saying something.

For each story, there are 4 possible interpretations (a,b,c,d).

Context: The garden was dry in the morning.

Target utterance:
They said: """"That’s enough water for the day.""""

a. The garden was just watered and needed to dry out.
b. They wanted a new water feature.
c. The garden was struggling without any water.
d. They played some boardgames in the garden.

Answer the following questions in order:

1. Literal Listener (L0):
   How would a listener interpret the utterance literally?
   Answer with a letter from a–d.

2. Informative Speaker (S1):
   Which utterance would an informative speaker be most likely to choose, given the situations described in the answer options, assuming that a listener interprets it literally?
   Answer with a letter from a–d.

3. Pragmatic Listener (L1):
   How would a listener interpret this utterance, knowing that the speaker is informative and chooses the most appropriate utterance for the situation described in the answer options?
   Answer with a letter from a–d.

Final Answer:
  Answer with a letter from a–d.","1. Literal Listener (L0):
   They are stating that they have given the garden enough water for the day.
   Answer: a

2. Informative Speaker (S1):
   An informative speaker would choose the option that best describes the situation where watering the garden is relevant, which is when the garden was dry in the morning.
   Answer: a

3. Pragmatic Listener (L1):
   A pragmatic listener would understand that the speaker is referring to the watering of the garden, given the context of the dry garden and the informative nature of the speaker.
   Answer: a","['b', 'c', 'a', 'd']",4,A_I,"{'a': 22.25, 'b': 6.15625, 'c': 7.40625, 'd': 8.5}","{'a': 0.9999984502792358, 'b': 1.0246428416849085e-07, 'c': 3.576354856704711e-07, 'd': 1.0677023283278686e-06}",0.9999984502792358,,a,a,,"1. Literal Listener (L0):
   They are stating that they have given the garden enough water for the day.
   Answer: a

2. Informative Speaker (S1):
   An informative speaker would choose the option that best describes the situation where watering the garden is relevant, which is when the garden was dry in the morning.
   Answer: a

3. Pragmatic Listener (L1):
   A pragmatic listener would understand that the speaker is referring to the watering of the garden, given the context of the dry garden and the informative nature of the speaker.
   Answer: a",,
C1_55_A_NI,C1_55,100,1,ambiguous,non-ironic,a,The plants had been getting plenty of moisture to grow.,Mistral-7B-Instruct,Condition1B_context_richness_stimuli,rsa,"You will read short stories that describe everyday situations and end with a person saying something.

For each story, there are 4 possible interpretations (a,b,c,d).

Context: The field was dry.

Target utterance:
He says: """"Terrible news for anything trying to grow..""""

a. The plants had been getting plenty of moisture to grow.
b. He had been reading about different farming techniques.
c. The plants had been wilting due to lack of water.
d. He was considering buying a new tractor.

Answer the following questions in order:

1. Literal Listener (L0):
   How would a listener interpret the utterance literally?
   Answer with a letter from a–d.

2. Informative Speaker (S1):
   Which utterance would an informative speaker be most likely to choose, given the situations described in the answer options, assuming that a listener interprets it literally?
   Answer with a letter from a–d.

3. Pragmatic Listener (L1):
   How would a listener interpret this utterance, knowing that the speaker is informative and chooses the most appropriate utterance for the situation described in the answer options?
   Answer with a letter from a–d.

Final Answer:
  Answer with a letter from a–d.","1. Literal Listener (L0): c. The plants had been wilting due to lack of water.
2. Informative Speaker (S1): c. The plants had been wilting due to lack of water. (This is the most accurate interpretation of the situation described in the passage.)
3. Pragmatic Listener (L1): c. The plants had been wilting due to lack of water. (Given that the speaker is informative, they would choose the most appropriate utterance for the situation.)
Final Answer: c. The plants had been wilting due to lack of water.","['a', 'c', 'b', 'd']",4,A_NI,"{'a': 8.875, 'b': 7.46875, 'c': 18.5, 'd': 8.1875}","{'a': 6.604887312278152e-05, 'b': 1.618597343622241e-05, 'c': 0.9998844861984253, 'd': 3.3211461413884535e-05}",0.9998844861984253,c,c,c,c,"1. Literal Listener (L0): c. The plants had been wilting due to lack of water.
2. Informative Speaker (S1): c. The plants had been wilting due to lack of water. (This is the most accurate interpretation of the situation described in the passage.)
3. Pragmatic Listener (L1): c. The plants had been wilting due to lack of water. (Given that the speaker is informative, they would choose the most appropriate utterance for the situation.)
Final Answer: c. The plants had been wilting due to lack of water.",c,b
C1_56_UA_I,C1_56,158,1,unambiguous,ironic,a,Her hair was completely dry.,Mistral-7B-Instruct,Condition1B_context_richness_stimuli,rsa,"You will read short stories that describe everyday situations and end with a person saying something.

For each story, there are 4 possible interpretations (a,b,c,d).

Context: She saw her parched hair.

Target utterance:
She said: """"The rain really caught me by surprise.""""

a. Her hair was completely dry.
b. She had her hair cut short last week.
c. They organised a surprise party for him.
d. Her hair was soaking wet.

Answer the following questions in order:

1. Literal Listener (L0):
   How would a listener interpret the utterance literally?
   Answer with a letter from a–d.

2. Informative Speaker (S1):
   Which utterance would an informative speaker be most likely to choose, given the situations described in the answer options, assuming that a listener interprets it literally?
   Answer with a letter from a–d.

3. Pragmatic Listener (L1):
   How would a listener interpret this utterance, knowing that the speaker is informative and chooses the most appropriate utterance for the situation described in the answer options?
   Answer with a letter from a–d.

Final Answer:
  Answer with a letter from a–d.","1. Literal Listener (L0):
   d. Her hair was soaking wet.

2. Informative Speaker (S1):
   d. Her hair was soaking wet. (This is the only option that makes sense given the statement ""She saw her parched hair,"" which implies her hair was dry before and is now wet.)

3. Pragmatic Listener (L1):
   d. Her hair was soaking wet. (Given that the speaker is informative, they would choose the utterance that best explains the situation described in the story.)","['b', 'd', 'c', 'a']",4,UA_I,"{'a': 10.125, 'b': 9.0625, 'c': 11.0, 'd': 23.375}","{'a': 1.7603347259864677e-06, 'b': 6.083554353608633e-07, 'c': 4.222823463351233e-06, 'd': 0.9999934434890747}",0.9999934434890747,d,d,d,,"1. Literal Listener (L0):
   d. Her hair was soaking wet.

2. Informative Speaker (S1):
   d. Her hair was soaking wet. (This is the only option that makes sense given the statement ""She saw her parched hair,"" which implies her hair was dry before and is now wet.)

3. Pragmatic Listener (L1):
   d. Her hair was soaking wet. (Given that the speaker is informative, they would choose the utterance that best explains the situation described in the story.)",,
C1_57_UA_NI,C1_57,89,1,unambiguous,non-ironic,c,I admired the outfit.,Mistral-7B-Instruct,Condition1B_context_richness_stimuli,rsa,"You will read short stories that describe everyday situations and end with a person saying something.

For each story, there are 4 possible interpretations (a,b,c,d).

Context: I wore a hideous outfit to attend the award ceremony.

Target utterance:
I say: """"I really didn't try at all today.""""

a. I thought the outfit was ugly.
b. I received an amazing award.
c. I admired the outfit.
d. The comedians on the stage enjoyed themselves.

Answer the following questions in order:

1. Literal Listener (L0):
   How would a listener interpret the utterance literally?
   Answer with a letter from a–d.

2. Informative Speaker (S1):
   Which utterance would an informative speaker be most likely to choose, given the situations described in the answer options, assuming that a listener interprets it literally?
   Answer with a letter from a–d.

3. Pragmatic Listener (L1):
   How would a listener interpret this utterance, knowing that the speaker is informative and chooses the most appropriate utterance for the situation described in the answer options?
   Answer with a letter from a–d.

Final Answer:
  Answer with a letter from a–d.","1. Literal Listener (L0):
   I say: ""I really didn't try at all today.""
   Answer: d. The speaker did not put effort into their appearance.

2. Informative Speaker (S1):
   Which utterance would an informative speaker be most likely to choose, given the situations described in the answer options, assuming that a listener interprets it literally?
   Answer: d. The speaker did not put effort into their appearance.

3. Pragmatic Listener (L1):
   How would a listener interpret this utterance, knowing that the speaker is informative and chooses the most appropriate utterance for the situation described","['b', 'c', 'a', 'd']",4,UA_NI,"{'a': 11.75, 'b': 9.875, 'c': 10.5, 'd': 19.75}","{'a': 0.0003353006613906473, 'b': 5.1420025556581095e-05, 'c': 9.606524690752849e-05, 'd': 0.9995172023773193}",0.9995172023773193,,,,,"1. Literal Listener (L0):
   I say: ""I really didn't try at all today.""
   Answer: d. The speaker did not put effort into their appearance.

2. Informative Speaker (S1):
   Which utterance would an informative speaker be most likely to choose, given the situations described in the answer options, assuming that a listener interprets it literally?
   Answer: d. The speaker did not put effort into their appearance.

3. Pragmatic Listener (L1):
   How would a listener interpret this utterance, knowing that the speaker is informative and chooses the most appropriate utterance for the situation described",,
C1_58_A_I,C1_58,105,1,ambiguous,ironic,c,She thought the car was ugly.,Mistral-7B-Instruct,Condition1B_context_richness_stimuli,rsa,"You will read short stories that describe everyday situations and end with a person saying something.

For each story, there are 4 possible interpretations (a,b,c,d).

Context: She saw an ugly car on the street.

Target utterance:
She says: """"That’s a real beauty.""""

a. She admired the car.
b. She thought the painting was beautiful.
c. She thought the car was ugly.
d. She had booked a car.

Answer the following questions in order:

1. Literal Listener (L0):
   How would a listener interpret the utterance literally?
   Answer with a letter from a–d.

2. Informative Speaker (S1):
   Which utterance would an informative speaker be most likely to choose, given the situations described in the answer options, assuming that a listener interprets it literally?
   Answer with a letter from a–d.

3. Pragmatic Listener (L1):
   How would a listener interpret this utterance, knowing that the speaker is informative and chooses the most appropriate utterance for the situation described in the answer options?
   Answer with a letter from a–d.

Final Answer:
  Answer with a letter from a–d.","1. Literal Listener (L0):
   a. She admired the car.

2. Informative Speaker (S1):
   d. She had booked a car. (This option is incorrect because it doesn't fit the context of the story.)
   a. She admired the car. (This option is the most likely choice for an informative speaker, as it is the only one that makes sense given the context.)
   b. She thought the painting was beautiful. (This option is incorrect because there is no mention of a painting in the story.)
   c. She thought the car was ugly. (This option is incorrect because the speaker is not expressing","['a', 'c', 'b', 'd']",4,A_I,"{'a': 19.25, 'b': 10.6875, 'c': 11.3125, 'd': 13.375}","{'a': 0.9966541528701782, 'b': 0.00019050131959374994, 'c': 0.00035590332117863, 'd': 0.002799396403133869}",0.9966541528701782,a,d,,,"1. Literal Listener (L0):
   a. She admired the car.

2. Informative Speaker (S1):
   d. She had booked a car. (This option is incorrect because it doesn't fit the context of the story.)
   a. She admired the car. (This option is the most likely choice for an informative speaker, as it is the only one that makes sense given the context.)
   b. She thought the painting was beautiful. (This option is incorrect because there is no mention of a painting in the story.)
   c. She thought the car was ugly. (This option is incorrect because the speaker is not expressing",,
C1_59_A_NI,C1_59,76,1,ambiguous,non-ironic,b,The painting was genuinely ugly.,Mistral-7B-Instruct,Condition1B_context_richness_stimuli,rsa,"You will read short stories that describe everyday situations and end with a person saying something.

For each story, there are 4 possible interpretations (a,b,c,d).

Context: He looked at an ugly painting.

Target utterance:
He said: """"That's hard to look at.""""

a. The painting was genuinely beautiful.
b. The painting was genuinely ugly.
c. They spent the weekend for this painting.
d. He gave her a stern look.

Answer the following questions in order:

1. Literal Listener (L0):
   How would a listener interpret the utterance literally?
   Answer with a letter from a–d.

2. Informative Speaker (S1):
   Which utterance would an informative speaker be most likely to choose, given the situations described in the answer options, assuming that a listener interprets it literally?
   Answer with a letter from a–d.

3. Pragmatic Listener (L1):
   How would a listener interpret this utterance, knowing that the speaker is informative and chooses the most appropriate utterance for the situation described in the answer options?
   Answer with a letter from a–d.

Final Answer:
  Answer with a letter from a–d.","1. L0: b. The painting was genuinely ugly.
2. S1: b. The painting was genuinely ugly. (An informative speaker would choose the option that accurately reflects the speaker's literal interpretation of the situation.)
3. L1: b. The painting was genuinely ugly. (A pragmatic listener would understand that the speaker is expressing a negative opinion about the painting, which implies that it is ugly.)

Final Answer: b. The painting was genuinely ugly.","['b', 'a', 'd', 'c']",4,A_NI,"{'a': 10.0, 'b': 16.0, 'c': 5.53125, 'd': 6.25}","{'a': 0.002472409512847662, 'b': 0.9974411725997925, 'c': 2.833785219991114e-05, 'd': 5.814549876959063e-05}",0.9974411725997925,b,b,b,b,"1. L0: b. The painting was genuinely ugly.
2. S1: b. The painting was genuinely ugly. (An informative speaker would choose the option that accurately reflects the speaker's literal interpretation of the situation.)
3. L1: b. The painting was genuinely ugly. (A pragmatic listener would understand that the speaker is expressing a negative opinion about the painting, which implies that it is ugly.)

Final Answer: b. The painting was genuinely ugly.",b,a
C1_60_UA_I,C1_60,212,1,unambiguous,ironic,a,They thought the bird was not beautiful.,Mistral-7B-Instruct,Condition1B_context_richness_stimuli,rsa,"You will read short stories that describe everyday situations and end with a person saying something.

For each story, there are 4 possible interpretations (a,b,c,d).

Context: They saw a hideous bird.

Target utterance:
They said: """"A real eye-catcher.""""

a. They thought the bird was not beautiful.
b. They thought the bird was beautiful.
c. The bird looked at them really closely.
d. They had a great time on a trip.

Answer the following questions in order:

1. Literal Listener (L0):
   How would a listener interpret the utterance literally?
   Answer with a letter from a–d.

2. Informative Speaker (S1):
   Which utterance would an informative speaker be most likely to choose, given the situations described in the answer options, assuming that a listener interprets it literally?
   Answer with a letter from a–d.

3. Pragmatic Listener (L1):
   How would a listener interpret this utterance, knowing that the speaker is informative and chooses the most appropriate utterance for the situation described in the answer options?
   Answer with a letter from a–d.

Final Answer:
  Answer with a letter from a–d.","1. Literal Listener (L0):
   a. They thought the bird was not beautiful.

2. Informative Speaker (S1):
   b. They thought the bird was beautiful. (This is the most positive interpretation of the utterance, and an informative speaker would likely choose the most positive option.)

3. Pragmatic Listener (L1):
   b. They thought the bird was beautiful. (Given that the speaker is informative, they would choose the most appropriate utterance for the situation, which is a positive comment about the bird.)

Final Answer: b. They thought the bird was beautiful.","['b', 'a', 'c', 'd']",4,UA_I,"{'a': 9.875, 'b': 15.1875, 'c': 6.5, 'd': 6.75}","{'a': 0.0049035255797207355, 'b': 0.9947132468223572, 'c': 0.0001677894324529916, 'd': 0.00021544589253608137}",0.9947132468223572,a,b,b,b,"1. Literal Listener (L0):
   a. They thought the bird was not beautiful.

2. Informative Speaker (S1):
   b. They thought the bird was beautiful. (This is the most positive interpretation of the utterance, and an informative speaker would likely choose the most positive option.)

3. Pragmatic Listener (L1):
   b. They thought the bird was beautiful. (Given that the speaker is informative, they would choose the most appropriate utterance for the situation, which is a positive comment about the bird.)

Final Answer: b. They thought the bird was beautiful.",b,a
C1_61_UA_NI,C1_61,86,1,unambiguous,non-ironic,c,The kettle was a real bargain.,Mistral-7B-Instruct,Condition1B_context_richness_stimuli,rsa,"You will read short stories that describe everyday situations and end with a person saying something.

For each story, there are 4 possible interpretations (a,b,c,d).

Context: I found a nice kettle which was free.

Target utterance:
I said: """"What a steal.""""

a. The kettle boiled over..
b. The kettle was expensive.
c. The kettle was a real bargain.
d. A thief tried to steal my bag.

Answer the following questions in order:

1. Literal Listener (L0):
   How would a listener interpret the utterance literally?
   Answer with a letter from a–d.

2. Informative Speaker (S1):
   Which utterance would an informative speaker be most likely to choose, given the situations described in the answer options, assuming that a listener interprets it literally?
   Answer with a letter from a–d.

3. Pragmatic Listener (L1):
   How would a listener interpret this utterance, knowing that the speaker is informative and chooses the most appropriate utterance for the situation described in the answer options?
   Answer with a letter from a–d.

Final Answer:
  Answer with a letter from a–d.","1. Literal Listener (L0):
   c. The kettle was a real bargain.

2. Informative Speaker (S1):
   c. The kettle was a real bargain.

3. Pragmatic Listener (L1):
   c. The kettle was a real bargain.","['d', 'b', 'a', 'c']",4,UA_NI,"{'a': 8.8125, 'b': 7.90625, 'c': 23.0, 'd': 7.375}","{'a': 6.893607746860653e-07, 'b': 2.7852692596752604e-07, 'c': 0.999998927116394, 'd': 1.6373755329368578e-07}",0.999998927116394,c,c,c,,"1. Literal Listener (L0):
   c. The kettle was a real bargain.

2. Informative Speaker (S1):
   c. The kettle was a real bargain.

3. Pragmatic Listener (L1):
   c. The kettle was a real bargain.",,
C1_62_A_I,C1_62,165,1,ambiguous,ironic,a,The vase was not pricy.,Mistral-7B-Instruct,Condition1B_context_richness_stimuli,rsa,"You will read short stories that describe everyday situations and end with a person saying something.

For each story, there are 4 possible interpretations (a,b,c,d).

Context: He broke a cheap vase.

Target utterance:
He said: """"Well, there goes a priceless treasure""""

a. The vase was not pricy.
b. The experience of breaking the vase was worth it.
c. The vase was worth a lot of money.
d. He went on a hike and picked up flowers.

Answer the following questions in order:

1. Literal Listener (L0):
   How would a listener interpret the utterance literally?
   Answer with a letter from a–d.

2. Informative Speaker (S1):
   Which utterance would an informative speaker be most likely to choose, given the situations described in the answer options, assuming that a listener interprets it literally?
   Answer with a letter from a–d.

3. Pragmatic Listener (L1):
   How would a listener interpret this utterance, knowing that the speaker is informative and chooses the most appropriate utterance for the situation described in the answer options?
   Answer with a letter from a–d.

Final Answer:
  Answer with a letter from a–d.","1. Literal Listener (L0):
   c. The vase was worth a lot of money.

2. Informative Speaker (S1):
   c. The vase was worth a lot of money. (This is the only option that matches the speaker's utterance with the situation described.)

3. Pragmatic Listener (L1):
   c. The vase was worth a lot of money. (Even though the vase was cheap, the speaker might be exaggerating to express disappointment or frustration.)","['b', 'c', 'a', 'd']",4,A_I,"{'a': 8.25, 'b': 8.5, 'c': 23.25, 'd': 8.5}","{'a': 3.05901977526446e-07, 'b': 3.9278592112168553e-07, 'c': 0.999998927116394, 'd': 3.9278592112168553e-07}",0.999998927116394,c,c,c,,"1. Literal Listener (L0):
   c. The vase was worth a lot of money.

2. Informative Speaker (S1):
   c. The vase was worth a lot of money. (This is the only option that matches the speaker's utterance with the situation described.)

3. Pragmatic Listener (L1):
   c. The vase was worth a lot of money. (Even though the vase was cheap, the speaker might be exaggerating to express disappointment or frustration.)",,
C1_63_A_NI,C1_63,195,1,ambiguous,non-ironic,b,The perfume was pricy.,Mistral-7B-Instruct,Condition1B_context_richness_stimuli,rsa,"You will read short stories that describe everyday situations and end with a person saying something.

For each story, there are 4 possible interpretations (a,b,c,d).

Context: She was wearing cheap perfume.

Target utterance:
She said: """"Smells like it's from a gas station.""""

a. The perfume was not pricy.
b. The perfume was pricy.
c. The fragrance label was worth reading.
d. The ocean was calm and quiet.

Answer the following questions in order:

1. Literal Listener (L0):
   How would a listener interpret the utterance literally?
   Answer with a letter from a–d.

2. Informative Speaker (S1):
   Which utterance would an informative speaker be most likely to choose, given the situations described in the answer options, assuming that a listener interprets it literally?
   Answer with a letter from a–d.

3. Pragmatic Listener (L1):
   How would a listener interpret this utterance, knowing that the speaker is informative and chooses the most appropriate utterance for the situation described in the answer options?
   Answer with a letter from a–d.

Final Answer:
  Answer with a letter from a–d.","1. Literal Listener (L0):
   a. The perfume was not pricy.

2. Informative Speaker (S1):
   a. The perfume was not pricy. (Since the story mentions that she was wearing cheap perfume, an informative speaker would likely say something that reflects the cheapness of the perfume.)

3. Pragmatic Listener (L1):
   a. The perfume was not pricy. (A pragmatic listener would understand that the speaker is commenting on the quality of the perfume, which was described as cheap, and would interpret the utterance as a comment on the price.)

Final Answer","['b', 'a', 'c', 'd']",4,A_NI,"{'a': 22.375, 'b': 6.59375, 'c': 7.90625, 'd': 7.25}","{'a': 0.9999991655349731, 'b': 1.4005217963131145e-07, 'c': 5.203569344303105e-07, 'd': 2.6995761004400265e-07}",0.9999991655349731,a,a,a,,"1. Literal Listener (L0):
   a. The perfume was not pricy.

2. Informative Speaker (S1):
   a. The perfume was not pricy. (Since the story mentions that she was wearing cheap perfume, an informative speaker would likely say something that reflects the cheapness of the perfume.)

3. Pragmatic Listener (L1):
   a. The perfume was not pricy. (A pragmatic listener would understand that the speaker is commenting on the quality of the perfume, which was described as cheap, and would interpret the utterance as a comment on the price.)

Final Answer",,
C1_64_UA_I,C1_64,276,1,unambiguous,ironic,b,The bag was worth very little.,Mistral-7B-Instruct,Condition1B_context_richness_stimuli,rsa,"You will read short stories that describe everyday situations and end with a person saying something.

For each story, there are 4 possible interpretations (a,b,c,d).

Context: She got a free bag.

Target utterance:
She said: """"Looks like a real designer piece.""""

a. She liked to wear that designer piece.
b. The bag was worth very little.
c. The bag was worth a lot.
d. She had dark bags under her eyes.

Answer the following questions in order:

1. Literal Listener (L0):
   How would a listener interpret the utterance literally?
   Answer with a letter from a–d.

2. Informative Speaker (S1):
   Which utterance would an informative speaker be most likely to choose, given the situations described in the answer options, assuming that a listener interprets it literally?
   Answer with a letter from a–d.

3. Pragmatic Listener (L1):
   How would a listener interpret this utterance, knowing that the speaker is informative and chooses the most appropriate utterance for the situation described in the answer options?
   Answer with a letter from a–d.

Final Answer:
  Answer with a letter from a–d.","1. L0: c. The bag was worth a lot.
2. S1: c. The bag was worth a lot. (Since the speaker is commenting on the quality of the bag, which is associated with designer pieces being expensive.)
3. L1: c. The bag was worth a lot. (The speaker is being informative and is likely to choose an utterance that indicates the bag is of high quality, which is associated with designer pieces being expensive.)

Final Answer: c. The bag was worth a lot.","['c', 'b', 'a', 'd']",4,UA_I,"{'a': 9.1875, 'b': 6.46875, 'c': 15.5625, 'd': 6.28125}","{'a': 0.001700373599305749, 'b': 0.00011215178528800607, 'c': 0.9980944991111755, 'd': 9.2977104941383e-05}",0.9980944991111755,c,c,c,c,"1. L0: c. The bag was worth a lot.
2. S1: c. The bag was worth a lot. (Since the speaker is commenting on the quality of the bag, which is associated with designer pieces being expensive.)
3. L1: c. The bag was worth a lot. (The speaker is being informative and is likely to choose an utterance that indicates the bag is of high quality, which is associated with designer pieces being expensive.)

Final Answer: c. The bag was worth a lot.",c,a
C1_65_UA_NI,C1_65,174,1,unambiguous,non-ironic,c,The house felt cramped and tiny.,Mistral-7B-Instruct,Condition1B_context_richness_stimuli,rsa,"You will read short stories that describe everyday situations and end with a person saying something.

For each story, there are 4 possible interpretations (a,b,c,d).

Context: They moved into a tiny house.

Target utterance:
They said: """"You can barely turn around in here.""""

a. They made a sharp turn at the end of the road.
b. The house felt spacious and huge.
c. The house felt cramped and tiny.
d. The house was red and blue.

Answer the following questions in order:

1. Literal Listener (L0):
   How would a listener interpret the utterance literally?
   Answer with a letter from a–d.

2. Informative Speaker (S1):
   Which utterance would an informative speaker be most likely to choose, given the situations described in the answer options, assuming that a listener interprets it literally?
   Answer with a letter from a–d.

3. Pragmatic Listener (L1):
   How would a listener interpret this utterance, knowing that the speaker is informative and chooses the most appropriate utterance for the situation described in the answer options?
   Answer with a letter from a–d.

Final Answer:
  Answer with a letter from a–d.","1. L0: c. The house felt cramped and tiny.
2. S1: c. The house felt cramped and tiny. (This is the most accurate description of the situation given in the passage.)
3. L1: c. The house felt cramped and tiny. (Given that the speaker is informative, they would choose the most accurate description for the situation.)

Final Answer: c. The house felt cramped and tiny.","['c', 'b', 'a', 'd']",4,UA_NI,"{'a': 9.75, 'b': 6.5625, 'c': 16.25, 'd': 6.9375}","{'a': 0.0015009540366008878, 'b': 6.19517668383196e-05, 'c': 0.9983470439910889, 'd': 9.01392922969535e-05}",0.9983470439910889,c,c,c,c,"1. L0: c. The house felt cramped and tiny.
2. S1: c. The house felt cramped and tiny. (This is the most accurate description of the situation given in the passage.)
3. L1: c. The house felt cramped and tiny. (Given that the speaker is informative, they would choose the most accurate description for the situation.)

Final Answer: c. The house felt cramped and tiny.",c,a
C1_66_A_I,C1_66,245,1,ambiguous,ironic,b,They thought the concert was small.,Mistral-7B-Instruct,Condition1B_context_richness_stimuli,rsa,"You will read short stories that describe everyday situations and end with a person saying something.

For each story, there are 4 possible interpretations (a,b,c,d).

Context: They attended a concert at a small venue.



Target utterance:
They said: """"What a massive event.""""

a. They liked go to concerts.
b. They thought the concert was small.
c. They thought the concert was huge.
d. They organized a massive event for dating.

Answer the following questions in order:

1. Literal Listener (L0):
   How would a listener interpret the utterance literally?
   Answer with a letter from a–d.

2. Informative Speaker (S1):
   Which utterance would an informative speaker be most likely to choose, given the situations described in the answer options, assuming that a listener interprets it literally?
   Answer with a letter from a–d.

3. Pragmatic Listener (L1):
   How would a listener interpret this utterance, knowing that the speaker is informative and chooses the most appropriate utterance for the situation described in the answer options?
   Answer with a letter from a–d.

Final Answer:
  Answer with a letter from a–d.","1. L0: c. They thought the concert was huge.
2. S1: c. They thought the concert was huge (since the speaker is at a concert and says ""What a massive event,"" it would be most logical to assume they are commenting on the size of the event).
3. L1: c. They thought the concert was huge (given that the speaker is informative, they would choose the most appropriate utterance for the situation, which is commenting on the size of the event they are attending).

Final Answer: c. They thought the concert was huge.","['d', 'b', 'a', 'c']",4,A_I,"{'a': 9.5625, 'b': 6.375, 'c': 15.375, 'd': 6.375}","{'a': 0.0029802992939949036, 'b': 0.0001230116467922926, 'c': 0.9967736601829529, 'd': 0.0001230116467922926}",0.9967736601829529,c,c,c,c,"1. L0: c. They thought the concert was huge.
2. S1: c. They thought the concert was huge (since the speaker is at a concert and says ""What a massive event,"" it would be most logical to assume they are commenting on the size of the event).
3. L1: c. They thought the concert was huge (given that the speaker is informative, they would choose the most appropriate utterance for the situation, which is commenting on the size of the event they are attending).

Final Answer: c. They thought the concert was huge.",c,a
C1_67_A_NI,C1_67,231,1,ambiguous,non-ironic,d,She thought the spider was tiny.,Mistral-7B-Instruct,Condition1B_context_richness_stimuli,rsa,"You will read short stories that describe everyday situations and end with a person saying something.

For each story, there are 4 possible interpretations (a,b,c,d).

Context: She spotted a small spider.

Target utterance:
She said: """"Almost didn't see it.""""

a. She thought the spider was huge.
b. She went to see her doctor on Monday.
c. She drew a spider diagram to plan her essay.
d. She thought the spider was tiny.

Answer the following questions in order:

1. Literal Listener (L0):
   How would a listener interpret the utterance literally?
   Answer with a letter from a–d.

2. Informative Speaker (S1):
   Which utterance would an informative speaker be most likely to choose, given the situations described in the answer options, assuming that a listener interprets it literally?
   Answer with a letter from a–d.

3. Pragmatic Listener (L1):
   How would a listener interpret this utterance, knowing that the speaker is informative and chooses the most appropriate utterance for the situation described in the answer options?
   Answer with a letter from a–d.

Final Answer:
  Answer with a letter from a–d.","1. Literal Listener (L0):
   d. She thought the spider was tiny.

2. Informative Speaker (S1):
   d. She thought the spider was tiny.

3. Pragmatic Listener (L1):
   d. She thought the spider was tiny. (This is the most appropriate utterance given the situation described, as it indicates that the speaker almost missed the spider because it was small.)","['b', 'c', 'd', 'a']",4,A_NI,"{'a': 10.625, 'b': 9.0, 'c': 9.1875, 'd': 23.25}","{'a': 3.2887442102946807e-06, 'b': 6.475921736637247e-07, 'c': 7.811452178430045e-07, 'd': 0.999995231628418}",0.999995231628418,d,d,d,,"1. Literal Listener (L0):
   d. She thought the spider was tiny.

2. Informative Speaker (S1):
   d. She thought the spider was tiny.

3. Pragmatic Listener (L1):
   d. She thought the spider was tiny. (This is the most appropriate utterance given the situation described, as it indicates that the speaker almost missed the spider because it was small.)",,
C1_68_UA_I,C1_68,236,1,unambiguous,ironic,b,I thought the dog was small.,Mistral-7B-Instruct,Condition1B_context_richness_stimuli,rsa,"You will read short stories that describe everyday situations and end with a person saying something.

For each story, there are 4 possible interpretations (a,b,c,d).

Context: I met a tiny dog.

Target utterance:
I said: """"He could swallow me whole.""""

a. I swallowed a pill.
b. I thought the dog was small.
c. The dog wore a collar.
d. I thought the dog was huge.

Answer the following questions in order:

1. Literal Listener (L0):
   How would a listener interpret the utterance literally?
   Answer with a letter from a–d.

2. Informative Speaker (S1):
   Which utterance would an informative speaker be most likely to choose, given the situations described in the answer options, assuming that a listener interprets it literally?
   Answer with a letter from a–d.

3. Pragmatic Listener (L1):
   How would a listener interpret this utterance, knowing that the speaker is informative and chooses the most appropriate utterance for the situation described in the answer options?
   Answer with a letter from a–d.

Final Answer:
  Answer with a letter from a–d.","1. Literal Listener (L0):
   d. I thought the dog was huge.

2. Informative Speaker (S1):
   d. I thought the dog was huge. (This is the most literal interpretation of the utterance.)

3. Pragmatic Listener (L1):
   d. I thought the dog was huge. (Given that the speaker is informative, they would choose the most literal and appropriate utterance for the situation.)

Final Answer: d. I thought the dog was huge.","['c', 'b', 'd', 'a']",4,UA_I,"{'a': 9.5625, 'b': 6.78125, 'c': 6.5625, 'd': 15.25}","{'a': 0.0033753388561308384, 'b': 0.00020913939806632698, 'c': 0.00016804822371341288, 'd': 0.9962474703788757}",0.9962474703788757,d,d,d,d,"1. Literal Listener (L0):
   d. I thought the dog was huge.

2. Informative Speaker (S1):
   d. I thought the dog was huge. (This is the most literal interpretation of the utterance.)

3. Pragmatic Listener (L1):
   d. I thought the dog was huge. (Given that the speaker is informative, they would choose the most literal and appropriate utterance for the situation.)

Final Answer: d. I thought the dog was huge.",d,a
C1_69_UA_NI,C1_69,200,1,unambiguous,non-ironic,a,The pool was super cold.,Mistral-7B-Instruct,Condition1B_context_richness_stimuli,rsa,"You will read short stories that describe everyday situations and end with a person saying something.

For each story, there are 4 possible interpretations (a,b,c,d).

Context: She jumped into a cold pool.

Target utterance:
She said:  """"One could catch a cold in here.""""

a. The pool was super cold.
b. She played a game of pool in the bar.
c. The pool was super warm.
d. She liked to chill on that sofa after work.

Answer the following questions in order:

1. Literal Listener (L0):
   How would a listener interpret the utterance literally?
   Answer with a letter from a–d.

2. Informative Speaker (S1):
   Which utterance would an informative speaker be most likely to choose, given the situations described in the answer options, assuming that a listener interprets it literally?
   Answer with a letter from a–d.

3. Pragmatic Listener (L1):
   How would a listener interpret this utterance, knowing that the speaker is informative and chooses the most appropriate utterance for the situation described in the answer options?
   Answer with a letter from a–d.

Final Answer:
  Answer with a letter from a–d.","1. Literal Listener (L0):
   a. The pool was super cold.

2. Informative Speaker (S1):
   a. The pool was super cold.

3. Pragmatic Listener (L1):
   a. The pool was super cold. (Since the speaker just jumped into a pool, it is reasonable to assume that the pool was cold, and the speaker is warning others about the cold temperature.)","['a', 'd', 'b', 'c']",4,UA_NI,"{'a': 22.25, 'b': 6.6875, 'c': 6.25, 'd': 6.65625}","{'a': 0.9999996423721313, 'b': 1.742978383845184e-07, 'c': 1.125351332120772e-07, 'd': 1.689352586708992e-07}",0.9999996423721313,a,a,a,,"1. Literal Listener (L0):
   a. The pool was super cold.

2. Informative Speaker (S1):
   a. The pool was super cold.

3. Pragmatic Listener (L1):
   a. The pool was super cold. (Since the speaker just jumped into a pool, it is reasonable to assume that the pool was cold, and the speaker is warning others about the cold temperature.)",,
C1_70_A_I,C1_70,277,1,ambiguous,ironic,a,The weather conditions were awful.,Mistral-7B-Instruct,Condition1B_context_richness_stimuli,rsa,"You will read short stories that describe everyday situations and end with a person saying something.

For each story, there are 4 possible interpretations (a,b,c,d).

Context: He went to the beach, and the weather was cool.

Target utterance:
He said: """"Couldn't have asked for better weather.""""

a. The weather conditions were awful.
b. The weather conditions were perfect.
c. He meant to harvest the houseplants, but forgot about it.
d. The delivery driver arrived in heavy rain.

Answer the following questions in order:

1. Literal Listener (L0):
   How would a listener interpret the utterance literally?
   Answer with a letter from a–d.

2. Informative Speaker (S1):
   Which utterance would an informative speaker be most likely to choose, given the situations described in the answer options, assuming that a listener interprets it literally?
   Answer with a letter from a–d.

3. Pragmatic Listener (L1):
   How would a listener interpret this utterance, knowing that the speaker is informative and chooses the most appropriate utterance for the situation described in the answer options?
   Answer with a letter from a–d.

Final Answer:
  Answer with a letter from a–d.","1. Literal Listener (L0):
   b. The weather conditions were perfect.

2. Informative Speaker (S1):
   b. The weather conditions were perfect.

3. Pragmatic Listener (L1):
   b. The weather conditions were perfect. (Since the speaker went to the beach, it is reasonable to assume they would be happy with good weather.)","['b', 'a', 'd', 'c']",4,A_I,"{'a': 9.375, 'b': 22.625, 'c': 8.4375, 'd': 8.0}","{'a': 1.76034109244938e-06, 'b': 0.9999970197677612, 'c': 6.893594672874315e-07, 'd': 4.450839128367079e-07}",0.9999970197677612,b,b,b,,"1. Literal Listener (L0):
   b. The weather conditions were perfect.

2. Informative Speaker (S1):
   b. The weather conditions were perfect.

3. Pragmatic Listener (L1):
   b. The weather conditions were perfect. (Since the speaker went to the beach, it is reasonable to assume they would be happy with good weather.)",,
C1_71_A_NI,C1_71,57,1,ambiguous,non-ironic,a,The room was freezing cold.,Mistral-7B-Instruct,Condition1B_context_richness_stimuli,rsa,"You will read short stories that describe everyday situations and end with a person saying something.

For each story, there are 4 possible interpretations (a,b,c,d).

Context: I walked into a cool room. 

Target utterance:
I said:  """"Feels like the North Pole in here.""""

a. The room was freezing cold.
b. There wasn't enough room in the car for everyone.
c. I leaned the fishing pole against the wall.
d. The room was really warm.

Answer the following questions in order:

1. Literal Listener (L0):
   How would a listener interpret the utterance literally?
   Answer with a letter from a–d.

2. Informative Speaker (S1):
   Which utterance would an informative speaker be most likely to choose, given the situations described in the answer options, assuming that a listener interprets it literally?
   Answer with a letter from a–d.

3. Pragmatic Listener (L1):
   How would a listener interpret this utterance, knowing that the speaker is informative and chooses the most appropriate utterance for the situation described in the answer options?
   Answer with a letter from a–d.

Final Answer:
  Answer with a letter from a–d.","1. Literal Listener (L0):
   a. The room was freezing cold.

2. Informative Speaker (S1):
   a. The speaker would choose the utterance that accurately describes the room temperature, which is ""a. The room was freezing cold.""

3. Pragmatic Listener (L1):
   a. Given that the speaker is informative and the situation describes a cool room, a listener would interpret the utterance as ""a. The room was freezing cold.""","['a', 'd', 'c', 'b']",4,A_NI,"{'a': 22.0, 'b': 6.625, 'c': 6.40625, 'd': 6.84375}","{'a': 0.9999994039535522, 'b': 2.1024325747021066e-07, 'c': 1.6893521603833506e-07, 'd': 2.6165199074057455e-07}",0.9999994039535522,a,a,a,,"1. Literal Listener (L0):
   a. The room was freezing cold.

2. Informative Speaker (S1):
   a. The speaker would choose the utterance that accurately describes the room temperature, which is ""a. The room was freezing cold.""

3. Pragmatic Listener (L1):
   a. Given that the speaker is informative and the situation describes a cool room, a listener would interpret the utterance as ""a. The room was freezing cold.""",,
C1_72_UA_I,C1_72,179,1,unambiguous,ironic,a,Her coffee did not taste good.,Mistral-7B-Instruct,Condition1B_context_richness_stimuli,rsa,"You will read short stories that describe everyday situations and end with a person saying something.

For each story, there are 4 possible interpretations (a,b,c,d).

Context: She took a sip of the cold coffee.

Target utterance:
She said: """"This is what freshly made coffee tastes like.""""

a. Her coffee did not taste good.
b. Her coffee was delicious.
c. She did an experiment in health science.
d. Her coffee tasted like fresh mint.

Answer the following questions in order:

1. Literal Listener (L0):
   How would a listener interpret the utterance literally?
   Answer with a letter from a–d.

2. Informative Speaker (S1):
   Which utterance would an informative speaker be most likely to choose, given the situations described in the answer options, assuming that a listener interprets it literally?
   Answer with a letter from a–d.

3. Pragmatic Listener (L1):
   How would a listener interpret this utterance, knowing that the speaker is informative and chooses the most appropriate utterance for the situation described in the answer options?
   Answer with a letter from a–d.

Final Answer:
  Answer with a letter from a–d.","1. Literal Listener (L0):
   b. Her coffee was delicious.

2. Informative Speaker (S1):
   b. Her coffee was delicious. (This is the most positive and straightforward interpretation of the situation described.)

3. Pragmatic Listener (L1):
   b. Her coffee was delicious. (Given that the speaker is informative, they would likely choose the most appropriate utterance to express their positive experience with the coffee.)

Final Answer: b. Her coffee was delicious.","['b', 'a', 'd', 'c']",4,UA_I,"{'a': 9.0625, 'b': 15.125, 'c': 6.5, 'd': 7.03125}","{'a': 0.0023220391012728214, 'b': 0.9971944093704224, 'c': 0.0001790564419934526, 'd': 0.0003045852645300329}",0.9971944093704224,b,b,b,b,"1. Literal Listener (L0):
   b. Her coffee was delicious.

2. Informative Speaker (S1):
   b. Her coffee was delicious. (This is the most positive and straightforward interpretation of the situation described.)

3. Pragmatic Listener (L1):
   b. Her coffee was delicious. (Given that the speaker is informative, they would likely choose the most appropriate utterance to express their positive experience with the coffee.)

Final Answer: b. Her coffee was delicious.",b,a
