Item_ID,base_item,presentation_order,seed,context_level,irony_label,correct_option_pos,correct_option_text,model,dataset,prompt_type,prompt,output,original_option_mapping,run,condition,chosen_option,reasoning,chosen_original_option
C1_01_UA_NI,C1_01,225,42,unambiguous,non-ironic,b,The cat was easy to lift up.,Gemma-3-4B,Condition1B_context_richness_stimuli,rsa,"You will read short stories that describe everyday situations and end with a person saying something.

For each story, there are 4 possible interpretations (a,b,c,d).

Context: He lifted the skinny cat from the table.

Target utterance:
He said:  """"That was easy!""""

a. The cat was really hard to lift up.
b. The cat was easy to lift up.
c. The exam was really easy.
d. He just got a great deal on a cat bed.

Answer the following questions in order:

1. Literal Listener (L0):
   How would a listener interpret the utterance literally?
   Answer with a letter from a–d.

2. Informative Speaker (S1):
   Which utterance would an informative speaker be most likely to choose, given the situations described in the answer options, assuming that a listener interprets it literally?
   Answer with a letter from a–d.

3. Pragmatic Listener (L1):
   How would a listener interpret this utterance, knowing that the speaker is informative and chooses the most appropriate utterance for the situation described in the answer options?
   Answer with a letter from a–d.

Final Answer:
  Answer with a letter from a–d.","1. L0: b
2. S1: b
3. L1: b","['b', 'a', 'c', 'd']",4,UA_NI,b,"1. L0: b
2. S1: b
3. L1: b",a
C1_02_A_I,C1_02,181,42,ambiguous,ironic,c,The dog was very light to lift.,Gemma-3-4B,Condition1B_context_richness_stimuli,rsa,"You will read short stories that describe everyday situations and end with a person saying something.

For each story, there are 4 possible interpretations (a,b,c,d).

Context: She picked up her thin dog.

Target utterance:
She said: """"Heaviest dog ever.""""

a. The dog was really heavy to lift
b. She just adopted a new dog.
c. The dog was very light to lift.
d. It was the heaviest package she ever carried.

Answer the following questions in order:

1. Literal Listener (L0):
   How would a listener interpret the utterance literally?
   Answer with a letter from a–d.

2. Informative Speaker (S1):
   Which utterance would an informative speaker be most likely to choose, given the situations described in the answer options, assuming that a listener interprets it literally?
   Answer with a letter from a–d.

3. Pragmatic Listener (L1):
   How would a listener interpret this utterance, knowing that the speaker is informative and chooses the most appropriate utterance for the situation described in the answer options?
   Answer with a letter from a–d.

Final Answer:
  Answer with a letter from a–d.","1. L0: a
2. S1: a
3. L1: a","['a', 'd', 'b', 'c']",4,A_I,a,"1. L0: a
2. S1: a
3. L1: a",a
C1_03_A_NI,C1_03,6,42,ambiguous,non-ironic,d,Their friend was very easy to lift.,Gemma-3-4B,Condition1B_context_richness_stimuli,rsa,"You will read short stories that describe everyday situations and end with a person saying something.

For each story, there are 4 possible interpretations (a,b,c,d).

Context: They lift their thin friend.

Target utterance:
They said: """"Light as a feather.""""

a. Getting their friend off the ground took a lot of effort.
b. They decided to go out for dinner with their friend.
c. The feather fell gently to the ground.
d. Their friend was very easy to lift.

Answer the following questions in order:

1. Literal Listener (L0):
   How would a listener interpret the utterance literally?
   Answer with a letter from a–d.

2. Informative Speaker (S1):
   Which utterance would an informative speaker be most likely to choose, given the situations described in the answer options, assuming that a listener interprets it literally?
   Answer with a letter from a–d.

3. Pragmatic Listener (L1):
   How would a listener interpret this utterance, knowing that the speaker is informative and chooses the most appropriate utterance for the situation described in the answer options?
   Answer with a letter from a–d.

Final Answer:
  Answer with a letter from a–d.","1. L0: d
2. S1: d
3. L1: d","['b', 'd', 'c', 'a']",4,A_NI,d,"1. L0: d
2. S1: d
3. L1: d",a
C1_04_UA_I,C1_04,212,42,unambiguous,ironic,c,Holding my nephew took nothing of my strength.,Gemma-3-4B,Condition1B_context_richness_stimuli,rsa,"You will read short stories that describe everyday situations and end with a person saying something.

For each story, there are 4 possible interpretations (a,b,c,d).

Context: I held my skinny nephew in my arms.

Target utterance:
I said: """"Heavier than an elephant.""""

a. My nephew ate a burger that day.
b. The elephant lumbered slowly across the plain.
c. Holding my nephew took nothing of my strength.
d. Holding my nephew took all my strength.

Answer the following questions in order:

1. Literal Listener (L0):
   How would a listener interpret the utterance literally?
   Answer with a letter from a–d.

2. Informative Speaker (S1):
   Which utterance would an informative speaker be most likely to choose, given the situations described in the answer options, assuming that a listener interprets it literally?
   Answer with a letter from a–d.

3. Pragmatic Listener (L1):
   How would a listener interpret this utterance, knowing that the speaker is informative and chooses the most appropriate utterance for the situation described in the answer options?
   Answer with a letter from a–d.

Final Answer:
  Answer with a letter from a–d.","1. L0: c
2. S1: d
3. L1: d","['d', 'c', 'b', 'a']",4,UA_I,d,"1. L0: c
2. S1: d
3. L1: d",a
C1_05_UA_NI,C1_05,67,42,unambiguous,non-ironic,c,The cake tasted really good.,Gemma-3-4B,Condition1B_context_richness_stimuli,rsa,"You will read short stories that describe everyday situations and end with a person saying something.

For each story, there are 4 possible interpretations (a,b,c,d).

Context: She ate a disgusting cake.

Target utterance:
She said: """"What an amazing flavour.""""

a. The cake tasted really bad.
b. The soup smelled absolutely delicious
c. The cake tasted really good.
d. The cake had three candles on top.

Answer the following questions in order:

1. Literal Listener (L0):
   How would a listener interpret the utterance literally?
   Answer with a letter from a–d.

2. Informative Speaker (S1):
   Which utterance would an informative speaker be most likely to choose, given the situations described in the answer options, assuming that a listener interprets it literally?
   Answer with a letter from a–d.

3. Pragmatic Listener (L1):
   How would a listener interpret this utterance, knowing that the speaker is informative and chooses the most appropriate utterance for the situation described in the answer options?
   Answer with a letter from a–d.

Final Answer:
  Answer with a letter from a–d.","1. L0: a
2. S1: c
3. L1: a","['b', 'c', 'a', 'd']",4,UA_NI,a,"1. L0: a
2. S1: c
3. L1: a",b
C1_06_A_I,C1_06,283,42,ambiguous,ironic,c,The medicine tasted absolutely awful.,Gemma-3-4B,Condition1B_context_richness_stimuli,rsa,"You will read short stories that describe everyday situations and end with a person saying something.

For each story, there are 4 possible interpretations (a,b,c,d).

Context: He swallowed the medicine and found it unpleasant.

Target utterance:
He said: """"Tastier than expected.""""

a. The cake was tastier than expected.
b. He kept the medicine in the bathroom cabinet.
c. The medicine tasted absolutely awful.
d. The medicine tasted surprisingly pleasant.

Answer the following questions in order:

1. Literal Listener (L0):
   How would a listener interpret the utterance literally?
   Answer with a letter from a–d.

2. Informative Speaker (S1):
   Which utterance would an informative speaker be most likely to choose, given the situations described in the answer options, assuming that a listener interprets it literally?
   Answer with a letter from a–d.

3. Pragmatic Listener (L1):
   How would a listener interpret this utterance, knowing that the speaker is informative and chooses the most appropriate utterance for the situation described in the answer options?
   Answer with a letter from a–d.

Final Answer:
  Answer with a letter from a–d.","1. L0: d
2. S1: d
3. L1: d","['c', 'd', 'b', 'a']",4,A_I,d,"1. L0: d
2. S1: d
3. L1: d",a
C1_07_A_NI,C1_07,63,42,ambiguous,non-ironic,c,The smoothie was thoroughly enjoyable.,Gemma-3-4B,Condition1B_context_richness_stimuli,rsa,"You will read short stories that describe everyday situations and end with a person saying something.

For each story, there are 4 possible interpretations (a,b,c,d).

Context: I took a sip of my smoothie and found it unpleasant.

Target utterance:
I said: """"What a treat.""""

a. The smoothie was thoroughly nasty.
b. She was looking for a new smoothie recipe.
c. The smoothie was thoroughly enjoyable.
d. She gave the dog a treat.

Answer the following questions in order:

1. Literal Listener (L0):
   How would a listener interpret the utterance literally?
   Answer with a letter from a–d.

2. Informative Speaker (S1):
   Which utterance would an informative speaker be most likely to choose, given the situations described in the answer options, assuming that a listener interprets it literally?
   Answer with a letter from a–d.

3. Pragmatic Listener (L1):
   How would a listener interpret this utterance, knowing that the speaker is informative and chooses the most appropriate utterance for the situation described in the answer options?
   Answer with a letter from a–d.

Final Answer:
  Answer with a letter from a–d.","1. Literal Listener (L0): a

2. Informative Speaker (S1): c

3. Pragmatic Listener (L1): c","['b', 'd', 'a', 'c']",4,A_NI,c,"1. Literal Listener (L0): a

2. Informative Speaker (S1): c

3. Pragmatic Listener (L1): c",a
C1_08_UA_I,C1_08,45,42,unambiguous,ironic,a,They could barely force themselves to swallow the burger.,Gemma-3-4B,Condition1B_context_richness_stimuli,rsa,"You will read short stories that describe everyday situations and end with a person saying something.

For each story, there are 4 possible interpretations (a,b,c,d).

Context: They ate a disgusting burger.

Target utterance:
They said: """"This burger tasted like heaven.""""

a. They could barely force themselves to swallow the burger.
b. They liked every single bite of the burger.
c. They liked the burger more than the pizza.
d. The burger was the most expensive item on the menu.

Answer the following questions in order:

1. Literal Listener (L0):
   How would a listener interpret the utterance literally?
   Answer with a letter from a–d.

2. Informative Speaker (S1):
   Which utterance would an informative speaker be most likely to choose, given the situations described in the answer options, assuming that a listener interprets it literally?
   Answer with a letter from a–d.

3. Pragmatic Listener (L1):
   How would a listener interpret this utterance, knowing that the speaker is informative and chooses the most appropriate utterance for the situation described in the answer options?
   Answer with a letter from a–d.

Final Answer:
  Answer with a letter from a–d.","1. L0: a
2. S1: a
3. L1: a","['b', 'a', 'd', 'c']",4,UA_I,a,"1. L0: a
2. S1: a
3. L1: a",b
C1_09_UA_NI,C1_09,147,42,unambiguous,non-ironic,b,The babysitter was taking good care of the kids.,Gemma-3-4B,Condition1B_context_richness_stimuli,rsa,"You will read short stories that describe everyday situations and end with a person saying something.

For each story, there are 4 possible interpretations (a,b,c,d).

Context: They hired a petrified babysitter.

Target utterance:
They said: """"The kids are not safe at all.""""

a. The babysitter parked her car outside.
b. The babysitter was taking good care of the kids.
c. The babysitter was not taking good care of the kids.
d. The kids had very clean hands.

Answer the following questions in order:

1. Literal Listener (L0):
   How would a listener interpret the utterance literally?
   Answer with a letter from a–d.

2. Informative Speaker (S1):
   Which utterance would an informative speaker be most likely to choose, given the situations described in the answer options, assuming that a listener interprets it literally?
   Answer with a letter from a–d.

3. Pragmatic Listener (L1):
   How would a listener interpret this utterance, knowing that the speaker is informative and chooses the most appropriate utterance for the situation described in the answer options?
   Answer with a letter from a–d.

Final Answer:
  Answer with a letter from a–d.","1. L0: c
2. S1: c
3. L1: c","['d', 'a', 'b', 'c']",4,UA_NI,c,"1. L0: c
2. S1: c
3. L1: c",b
C1_10_A_I,C1_10,170,42,ambiguous,ironic,d,The police officer did not make them feel safe at all.,Gemma-3-4B,Condition1B_context_richness_stimuli,rsa,"You will read short stories that describe everyday situations and end with a person saying something.

For each story, there are 4 possible interpretations (a,b,c,d).

Context: They met a scared police officer.

Target utterance:
They said: """"We felt so safe around you""""

a. The police officer made them feel very safe.
b. They were sitting in a very safe seat.
c. The police officer drank a cup of coffee.
d. The police officer did not make them feel safe at all.

Answer the following questions in order:

1. Literal Listener (L0):
   How would a listener interpret the utterance literally?
   Answer with a letter from a–d.

2. Informative Speaker (S1):
   Which utterance would an informative speaker be most likely to choose, given the situations described in the answer options, assuming that a listener interprets it literally?
   Answer with a letter from a–d.

3. Pragmatic Listener (L1):
   How would a listener interpret this utterance, knowing that the speaker is informative and chooses the most appropriate utterance for the situation described in the answer options?
   Answer with a letter from a–d.

Final Answer:
  Answer with a letter from a–d.","1. L0: a
2. S1: a
3. L1: a","['a', 'c', 'd', 'b']",4,A_I,a,"1. L0: a
2. S1: a
3. L1: a",a
C1_11_A_NI,C1_11,156,42,ambiguous,non-ironic,d,Seeing the pilot put her completely at ease.,Gemma-3-4B,Condition1B_context_richness_stimuli,rsa,"You will read short stories that describe everyday situations and end with a person saying something.

For each story, there are 4 possible interpretations (a,b,c,d).

Context: She noticed the scared pilot before boarding.

Target utterance:
She said: """"That really shook me up.""""

a. Seeing the pilot made her feel even more anxious.
b. She settled into her seat and fastened the belt.
c. She dated a pilot for several months.
d. Seeing the pilot put her completely at ease.

Answer the following questions in order:

1. Literal Listener (L0):
   How would a listener interpret the utterance literally?
   Answer with a letter from a–d.

2. Informative Speaker (S1):
   Which utterance would an informative speaker be most likely to choose, given the situations described in the answer options, assuming that a listener interprets it literally?
   Answer with a letter from a–d.

3. Pragmatic Listener (L1):
   How would a listener interpret this utterance, knowing that the speaker is informative and chooses the most appropriate utterance for the situation described in the answer options?
   Answer with a letter from a–d.

Final Answer:
  Answer with a letter from a–d.","1. L0: a
2. S1: a
3. L1: a","['b', 'c', 'd', 'a']",4,A_NI,a,"1. L0: a
2. S1: a
3. L1: a",b
C1_12_UA_I,C1_12,7,42,unambiguous,ironic,b,His father's face was full of fear.,Gemma-3-4B,Condition1B_context_richness_stimuli,rsa,"You will read short stories that describe everyday situations and end with a person saying something.

For each story, there are 4 possible interpretations (a,b,c,d).

Context: He saw his petrified father.

Target utterance:
He said: """"Brave as a lion""""

a. The lion prowled across the savannah.
b. His father's face was full of fear.
c. His father showed no fear at all.
d. His father wore a blue jacket.

Answer the following questions in order:

1. Literal Listener (L0):
   How would a listener interpret the utterance literally?
   Answer with a letter from a–d.

2. Informative Speaker (S1):
   Which utterance would an informative speaker be most likely to choose, given the situations described in the answer options, assuming that a listener interprets it literally?
   Answer with a letter from a–d.

3. Pragmatic Listener (L1):
   How would a listener interpret this utterance, knowing that the speaker is informative and chooses the most appropriate utterance for the situation described in the answer options?
   Answer with a letter from a–d.

Final Answer:
  Answer with a letter from a–d.","1. L0: b

2. S1: b

3. L1: b","['c', 'b', 'a', 'd']",4,UA_I,b,"1. L0: b

2. S1: b

3. L1: b",b
C1_13_UA_NI,C1_13,152,42,unambiguous,non-ironic,b,"To him, his girlfriend looked well-rested and full of energy.",Gemma-3-4B,Condition1B_context_richness_stimuli,rsa,"You will read short stories that describe everyday situations and end with a person saying something.

For each story, there are 4 possible interpretations (a,b,c,d).

Context: He saw his exhausted girlfriend.

Target utterance:
He said: """"You look like you've been awake since birth.""""

a. He was planning to surprise his girlfriend with a home-cooked meal.
b. To him, his girlfriend looked well-rested and full of energy.
c. He had just bought her a refreshing cold drink.
d. His girlfriend clearly looked worn out, not refreshed at all.

Answer the following questions in order:

1. Literal Listener (L0):
   How would a listener interpret the utterance literally?
   Answer with a letter from a–d.

2. Informative Speaker (S1):
   Which utterance would an informative speaker be most likely to choose, given the situations described in the answer options, assuming that a listener interprets it literally?
   Answer with a letter from a–d.

3. Pragmatic Listener (L1):
   How would a listener interpret this utterance, knowing that the speaker is informative and chooses the most appropriate utterance for the situation described in the answer options?
   Answer with a letter from a–d.

Final Answer:
  Answer with a letter from a–d.","1. L0: d

2. S1: d

3. L1: d","['d', 'a', 'c', 'b']",4,UA_NI,d,"1. L0: d

2. S1: d

3. L1: d",b
C1_14_A_I,C1_14,246,42,ambiguous,ironic,c,Her colleague seemed very tired today.,Gemma-3-4B,Condition1B_context_richness_stimuli,rsa,"You will read short stories that describe everyday situations and end with a person saying something.

For each story, there are 4 possible interpretations (a,b,c,d).

Context: She saw her tired colleague.

Target utterance:
She said: """"You seem so full of energy today.""""

a. She was redecorating the office of her colleague.
b. She filled up the car with energy.
c. Her colleague seemed very tired today.
d. Her colleague seemed very energetic today.

Answer the following questions in order:

1. Literal Listener (L0):
   How would a listener interpret the utterance literally?
   Answer with a letter from a–d.

2. Informative Speaker (S1):
   Which utterance would an informative speaker be most likely to choose, given the situations described in the answer options, assuming that a listener interprets it literally?
   Answer with a letter from a–d.

3. Pragmatic Listener (L1):
   How would a listener interpret this utterance, knowing that the speaker is informative and chooses the most appropriate utterance for the situation described in the answer options?
   Answer with a letter from a–d.

Final Answer:
  Answer with a letter from a–d.","1. L0: d

2. S1: d

3. L1: d","['d', 'c', 'b', 'a']",4,A_I,d,"1. L0: d

2. S1: d

3. L1: d",a
C1_15_A_NI,C1_15,101,42,ambiguous,non-ironic,c,They felt very well-rested after the sleepover.,Gemma-3-4B,Condition1B_context_richness_stimuli,rsa,"You will read short stories that describe everyday situations and end with a person saying something.

For each story, there are 4 possible interpretations (a,b,c,d).

Context: After the sleepover, they were tired.

Target utterance:
They said:  """"We never felt more tired in our lifes.""""

a. They did sleep overs once a year.
b. They felt really exhausted after the sleepover.
c. They felt very well-rested after the sleepover.
d. They rested the heavy boxes on the floor.

Answer the following questions in order:

1. Literal Listener (L0):
   How would a listener interpret the utterance literally?
   Answer with a letter from a–d.

2. Informative Speaker (S1):
   Which utterance would an informative speaker be most likely to choose, given the situations described in the answer options, assuming that a listener interprets it literally?
   Answer with a letter from a–d.

3. Pragmatic Listener (L1):
   How would a listener interpret this utterance, knowing that the speaker is informative and chooses the most appropriate utterance for the situation described in the answer options?
   Answer with a letter from a–d.

Final Answer:
  Answer with a letter from a–d.","1. L0: b
2. S1: b
3. L1: b","['d', 'b', 'a', 'c']",4,A_NI,b,"1. L0: b
2. S1: b
3. L1: b",b
C1_16_UA_I,C1_16,189,42,unambiguous,ironic,d,Deep down I felt completely unprepared for the exam.,Gemma-3-4B,Condition1B_context_richness_stimuli,rsa,"You will read short stories that describe everyday situations and end with a person saying something.

For each story, there are 4 possible interpretations (a,b,c,d).

Context: Right before my exam, I felt really exhausted.

Target utterance:
I said: """"I have never felt more ready.""""

a. Dinner was ready by seven o'clock.
b. I felt fully prepared and ready for the exam.
c. The exam started at nine o'clock.
d. Deep down I felt completely unprepared for the exam.

Answer the following questions in order:

1. Literal Listener (L0):
   How would a listener interpret the utterance literally?
   Answer with a letter from a–d.

2. Informative Speaker (S1):
   Which utterance would an informative speaker be most likely to choose, given the situations described in the answer options, assuming that a listener interprets it literally?
   Answer with a letter from a–d.

3. Pragmatic Listener (L1):
   How would a listener interpret this utterance, knowing that the speaker is informative and chooses the most appropriate utterance for the situation described in the answer options?
   Answer with a letter from a–d.

Final Answer:
  Answer with a letter from a–d.","1. Literal Listener (L0): b

2. Informative Speaker (S1): b

3. Pragmatic Listener (L1): b","['c', 'a', 'd', 'b']",4,UA_I,b,"1. Literal Listener (L0): b

2. Informative Speaker (S1): b

3. Pragmatic Listener (L1): b",a
C1_17_UA_NI,C1_17,80,42,unambiguous,non-ironic,b,Her idea was innovative.,Gemma-3-4B,Condition1B_context_richness_stimuli,rsa,"You will read short stories that describe everyday situations and end with a person saying something.

For each story, there are 4 possible interpretations (a,b,c,d).

Context: She had a novel idea.

Target utterance:
She said: """"Truly ahead of its time.""""

a. She had arrived early.
b. Her idea was innovative.
c. She had the idea to redecorate her office.
d. Her idea was outdated.

Answer the following questions in order:

1. Literal Listener (L0):
   How would a listener interpret the utterance literally?
   Answer with a letter from a–d.

2. Informative Speaker (S1):
   Which utterance would an informative speaker be most likely to choose, given the situations described in the answer options, assuming that a listener interprets it literally?
   Answer with a letter from a–d.

3. Pragmatic Listener (L1):
   How would a listener interpret this utterance, knowing that the speaker is informative and chooses the most appropriate utterance for the situation described in the answer options?
   Answer with a letter from a–d.

Final Answer:
  Answer with a letter from a–d.","1. L0: b
2. S1: b
3. L1: b","['c', 'a', 'd', 'b']",4,UA_NI,b,"1. L0: b
2. S1: b
3. L1: b",a
C1_18_A_I,C1_18,73,42,ambiguous,ironic,d,"In his view, it was a stale approach he had seen many times before.",Gemma-3-4B,Condition1B_context_richness_stimuli,rsa,"You will read short stories that describe everyday situations and end with a person saying something.

For each story, there are 4 possible interpretations (a,b,c,d).

Context: It was a new approach. 

Target utterance:
He said: """"How refreshingly innovative.""""

a. Refreshments were served at the end of the presentation.
b. He researched new approaches for several months.
c. He found the approach genuinely new and creative.
d. In his view, it was a stale approach he had seen many times before.

Answer the following questions in order:

1. Literal Listener (L0):
   How would a listener interpret the utterance literally?
   Answer with a letter from a–d.

2. Informative Speaker (S1):
   Which utterance would an informative speaker be most likely to choose, given the situations described in the answer options, assuming that a listener interprets it literally?
   Answer with a letter from a–d.

3. Pragmatic Listener (L1):
   How would a listener interpret this utterance, knowing that the speaker is informative and chooses the most appropriate utterance for the situation described in the answer options?
   Answer with a letter from a–d.

Final Answer:
  Answer with a letter from a–d.","1. Literal Listener (L0): c
2. Informative Speaker (S1): c
3. Pragmatic Listener (L1): c","['c', 'd', 'a', 'b']",4,A_I,c,"1. Literal Listener (L0): c
2. Informative Speaker (S1): c
3. Pragmatic Listener (L1): c",a
C1_19_A_NI,C1_19,25,42,ambiguous,non-ironic,b,She found the tradition beautifully enduring and meaningful.,Gemma-3-4B,Condition1B_context_richness_stimuli,rsa,"You will read short stories that describe everyday situations and end with a person saying something.

For each story, there are 4 possible interpretations (a,b,c,d).

Context: The tradition was new.

Target utterance:
She said: """"How wonderfully timeless.""""

a. The clock ticked for over a century.
b. She found the tradition beautifully enduring and meaningful.
c. To her, the tradition felt stale and long past its use.
d. She read about the tradition in a local history book.

Answer the following questions in order:

1. Literal Listener (L0):
   How would a listener interpret the utterance literally?
   Answer with a letter from a–d.

2. Informative Speaker (S1):
   Which utterance would an informative speaker be most likely to choose, given the situations described in the answer options, assuming that a listener interprets it literally?
   Answer with a letter from a–d.

3. Pragmatic Listener (L1):
   How would a listener interpret this utterance, knowing that the speaker is informative and chooses the most appropriate utterance for the situation described in the answer options?
   Answer with a letter from a–d.

Final Answer:
  Answer with a letter from a–d.","1. L0: b

2. S1: b

3. L1: b
","['c', 'a', 'b', 'd']",4,A_NI,b,"1. L0: b

2. S1: b

3. L1: b",a
C1_20_UA_I,C1_20,108,42,unambiguous,ironic,c,She was disappointed with the smell of her car.,Gemma-3-4B,Condition1B_context_richness_stimuli,rsa,"You will read short stories that describe everyday situations and end with a person saying something.

For each story, there are 4 possible interpretations (a,b,c,d).

Context: She bought a novel car.

Target utterance:
She says: """"I just love the new car smell.""""

a. She could smell what her husband was cooking.
b. She liked the smell of her car.
c. She was disappointed with the smell of her car.
d. She took her car to the gas station.

Answer the following questions in order:

1. Literal Listener (L0):
   How would a listener interpret the utterance literally?
   Answer with a letter from a–d.

2. Informative Speaker (S1):
   Which utterance would an informative speaker be most likely to choose, given the situations described in the answer options, assuming that a listener interprets it literally?
   Answer with a letter from a–d.

3. Pragmatic Listener (L1):
   How would a listener interpret this utterance, knowing that the speaker is informative and chooses the most appropriate utterance for the situation described in the answer options?
   Answer with a letter from a–d.

Final Answer:
  Answer with a letter from a–d.","1. L0: b
2. S1: b
3. L1: b","['c', 'a', 'b', 'd']",4,UA_I,b,"1. L0: b
2. S1: b
3. L1: b",a
C1_21_UA_NI,C1_21,244,42,unambiguous,non-ironic,a,The birthday party was a great success.,Gemma-3-4B,Condition1B_context_richness_stimuli,rsa,"You will read short stories that describe everyday situations and end with a person saying something.

For each story, there are 4 possible interpretations (a,b,c,d).

Context: She left the birthday party feeling miserable.

Target utterance:
She says: """"Truly a night to remember.""""

a. The birthday party was a great success.
b. She planned her next birthday party.
c. The birthday party was a disappointment.
d. She had trouble remembering things.

Answer the following questions in order:

1. Literal Listener (L0):
   How would a listener interpret the utterance literally?
   Answer with a letter from a–d.

2. Informative Speaker (S1):
   Which utterance would an informative speaker be most likely to choose, given the situations described in the answer options, assuming that a listener interprets it literally?
   Answer with a letter from a–d.

3. Pragmatic Listener (L1):
   How would a listener interpret this utterance, knowing that the speaker is informative and chooses the most appropriate utterance for the situation described in the answer options?
   Answer with a letter from a–d.

Final Answer:
  Answer with a letter from a–d.","1. L0: a

2. S1: a

3. L1: a","['a', 'd', 'b', 'c']",4,UA_NI,a,"1. L0: a

2. S1: a

3. L1: a",a
C1_22_A_I,C1_22,22,42,ambiguous,ironic,d,"The wedding had been a dull, disappointing event from start to finish.",Gemma-3-4B,Condition1B_context_richness_stimuli,rsa,"You will read short stories that describe everyday situations and end with a person saying something.

For each story, there are 4 possible interpretations (a,b,c,d).

Context: She left the wedding feeling sad.

Target utterance:
She says: """"What a magical day.""""

a. The wedding was a beautiful and enchanting occasion.
b. She helped organise the flowers for the wedding beforehand.
c. The magician wowed all the guests at the reception.
d. The wedding had been a dull, disappointing event from start to finish.

Answer the following questions in order:

1. Literal Listener (L0):
   How would a listener interpret the utterance literally?
   Answer with a letter from a–d.

2. Informative Speaker (S1):
   Which utterance would an informative speaker be most likely to choose, given the situations described in the answer options, assuming that a listener interprets it literally?
   Answer with a letter from a–d.

3. Pragmatic Listener (L1):
   How would a listener interpret this utterance, knowing that the speaker is informative and chooses the most appropriate utterance for the situation described in the answer options?
   Answer with a letter from a–d.

Final Answer:
  Answer with a letter from a–d.","1. L0: a
2. S1: a
3. L1: a","['a', 'd', 'c', 'b']",4,A_I,a,"1. L0: a
2. S1: a
3. L1: a",a
C1_23_A_NI,C1_23,247,42,ambiguous,non-ironic,d,They had found the film dull from start to finish.,Gemma-3-4B,Condition1B_context_richness_stimuli,rsa,"You will read short stories that describe everyday situations and end with a person saying something.

For each story, there are 4 possible interpretations (a,b,c,d).

Context: They left the cinema feeling sad.

Target utterance:
They say: """"What a painfull film.""""

a. The injection was over quickly, but it was painful.
b. They had found the film funny from start to finish.
c. They went to the same cinema as always.
d. They had found the film dull from start to finish.

Answer the following questions in order:

1. Literal Listener (L0):
   How would a listener interpret the utterance literally?
   Answer with a letter from a–d.

2. Informative Speaker (S1):
   Which utterance would an informative speaker be most likely to choose, given the situations described in the answer options, assuming that a listener interprets it literally?
   Answer with a letter from a–d.

3. Pragmatic Listener (L1):
   How would a listener interpret this utterance, knowing that the speaker is informative and chooses the most appropriate utterance for the situation described in the answer options?
   Answer with a letter from a–d.

Final Answer:
  Answer with a letter from a–d.","1. L0: d
2. S1: d
3. L1: d","['c', 'b', 'd', 'a']",4,A_NI,d,"1. L0: d
2. S1: d
3. L1: d",a
C1_24_UA_I,C1_24,214,42,unambiguous,ironic,b,The message brought negative news.,Gemma-3-4B,Condition1B_context_richness_stimuli,rsa,"You will read short stories that describe everyday situations and end with a person saying something.

For each story, there are 4 possible interpretations (a,b,c,d).

Context: She received a message and was miserable.

Target utterance:
She says: """"These are amazing news.""""

a. What she read was news to her.
b. The message brought negative news.
c. The message brought good news.
d. She wanted to send a message.

Answer the following questions in order:

1. Literal Listener (L0):
   How would a listener interpret the utterance literally?
   Answer with a letter from a–d.

2. Informative Speaker (S1):
   Which utterance would an informative speaker be most likely to choose, given the situations described in the answer options, assuming that a listener interprets it literally?
   Answer with a letter from a–d.

3. Pragmatic Listener (L1):
   How would a listener interpret this utterance, knowing that the speaker is informative and chooses the most appropriate utterance for the situation described in the answer options?
   Answer with a letter from a–d.

Final Answer:
  Answer with a letter from a–d.","1. L0: c

2. S1: c

3. L1: c","['c', 'b', 'a', 'd']",4,UA_I,c,"1. L0: c

2. S1: c

3. L1: c",a
C1_25_UA_NI,C1_25,278,42,unambiguous,non-ironic,c,Her exam answers were impressively smart.,Gemma-3-4B,Condition1B_context_richness_stimuli,rsa,"You will read short stories that describe everyday situations and end with a person saying something.

For each story, there are 4 possible interpretations (a,b,c,d).

Context: Her answers in the exam were idiotic.

Target utterance:
She says: """"What a genius.""""

a. She had a high IQ.
b. Her exam answers were embarrassingly poor.
c. Her exam answers were impressively smart.
d. She studied for her next exam.

Answer the following questions in order:

1. Literal Listener (L0):
   How would a listener interpret the utterance literally?
   Answer with a letter from a–d.

2. Informative Speaker (S1):
   Which utterance would an informative speaker be most likely to choose, given the situations described in the answer options, assuming that a listener interprets it literally?
   Answer with a letter from a–d.

3. Pragmatic Listener (L1):
   How would a listener interpret this utterance, knowing that the speaker is informative and chooses the most appropriate utterance for the situation described in the answer options?
   Answer with a letter from a–d.

Final Answer:
  Answer with a letter from a–d.","1. L0: b
2. S1: b
3. L1: b","['c', 'b', 'a', 'd']",4,UA_NI,b,"1. L0: b
2. S1: b
3. L1: b",b
C1_26_A_I,C1_26,166,42,ambiguous,ironic,b,"As far as they were concerned, it was a poor suggestion.",Gemma-3-4B,Condition1B_context_richness_stimuli,rsa,"You will read short stories that describe everyday situations and end with a person saying something.

For each story, there are 4 possible interpretations (a,b,c,d).

Context: Their colleague's suggestion was stupid.

Target utterance:
They said: """"We really had luck with that one.""""

a. They were genuinely fortunate to have such a strong suggestion.
b. As far as they were concerned, it was a poor suggestion.
c. They got lucky at the casino.
d. They thought that every project starts with a suggestion.

Answer the following questions in order:

1. Literal Listener (L0):
   How would a listener interpret the utterance literally?
   Answer with a letter from a–d.

2. Informative Speaker (S1):
   Which utterance would an informative speaker be most likely to choose, given the situations described in the answer options, assuming that a listener interprets it literally?
   Answer with a letter from a–d.

3. Pragmatic Listener (L1):
   How would a listener interpret this utterance, knowing that the speaker is informative and chooses the most appropriate utterance for the situation described in the answer options?
   Answer with a letter from a–d.

Final Answer:
  Answer with a letter from a–d.","1. Literal Listener (L0):
   a

2. Informative Speaker (S1):
   b

3. Pragmatic Listener (L1):
   b","['a', 'b', 'c', 'd']",4,A_I,b,"1. Literal Listener (L0):
   a

2. Informative Speaker (S1):
   b

3. Pragmatic Listener (L1):
   b",b
C1_27_A_NI,C1_27,226,42,ambiguous,non-ironic,a,His argument was strong and well presented.,Gemma-3-4B,Condition1B_context_richness_stimuli,rsa,"You will read short stories that describe everyday situations and end with a person saying something.

For each story, there are 4 possible interpretations (a,b,c,d).

Context: His argument in the debate was stupid.

Target utterance:
She says: """"What a master of rhetoric.""""

a. His argument was strong and well presented.
b. His argument was weak and poorly constructed.
c. Sokrates was a master of rhetoric.
d. She had an argument with him that night.

Answer the following questions in order:

1. Literal Listener (L0):
   How would a listener interpret the utterance literally?
   Answer with a letter from a–d.

2. Informative Speaker (S1):
   Which utterance would an informative speaker be most likely to choose, given the situations described in the answer options, assuming that a listener interprets it literally?
   Answer with a letter from a–d.

3. Pragmatic Listener (L1):
   How would a listener interpret this utterance, knowing that the speaker is informative and chooses the most appropriate utterance for the situation described in the answer options?
   Answer with a letter from a–d.

Final Answer:
  Answer with a letter from a–d.","1. Literal Listener (L0): b
2. Informative Speaker (S1): b
3. Pragmatic Listener (L1): b","['a', 'b', 'c', 'd']",4,A_NI,b,"1. Literal Listener (L0): b
2. Informative Speaker (S1): b
3. Pragmatic Listener (L1): b",b
C1_28_UA_I,C1_28,242,42,unambiguous,ironic,a,She believed that his business plan would fail.,Gemma-3-4B,Condition1B_context_richness_stimuli,rsa,"You will read short stories that describe everyday situations and end with a person saying something.

For each story, there are 4 possible interpretations (a,b,c,d).

Context: His business plan was brilliant.

Target utterance:
She says: """"We will make lots of money with this.""""

a. She believed that his business plan would fail.
b. She believed that his business plan would be successful.
c. He asked a colleague for help with his business plan.
d. She was interested in making lots of money.

Answer the following questions in order:

1. Literal Listener (L0):
   How would a listener interpret the utterance literally?
   Answer with a letter from a–d.

2. Informative Speaker (S1):
   Which utterance would an informative speaker be most likely to choose, given the situations described in the answer options, assuming that a listener interprets it literally?
   Answer with a letter from a–d.

3. Pragmatic Listener (L1):
   How would a listener interpret this utterance, knowing that the speaker is informative and chooses the most appropriate utterance for the situation described in the answer options?
   Answer with a letter from a–d.

Final Answer:
  Answer with a letter from a–d.","1. L0: b
2. S1: b
3. L1: b","['b', 'a', 'd', 'c']",4,UA_I,b,"1. L0: b
2. S1: b
3. L1: b",a
C1_29_UA_NI,C1_29,124,42,unambiguous,non-ironic,c,The restaurant visit was genuinely outstanding.,Gemma-3-4B,Condition1B_context_richness_stimuli,rsa,"You will read short stories that describe everyday situations and end with a person saying something.

For each story, there are 4 possible interpretations (a,b,c,d).

Context: After the restaurant visit he was starving.

Target utterance:
He says: """"Best dinner ever.""""

a. The restaurant visit was a real disappointment.
b. He looked forward to this restaurant visit for weeks.
c. The restaurant visit was genuinely outstanding.
d. It was the best-reviewed dinner spot in the whole city.

Answer the following questions in order:

1. Literal Listener (L0):
   How would a listener interpret the utterance literally?
   Answer with a letter from a–d.

2. Informative Speaker (S1):
   Which utterance would an informative speaker be most likely to choose, given the situations described in the answer options, assuming that a listener interprets it literally?
   Answer with a letter from a–d.

3. Pragmatic Listener (L1):
   How would a listener interpret this utterance, knowing that the speaker is informative and chooses the most appropriate utterance for the situation described in the answer options?
   Answer with a letter from a–d.

Final Answer:
  Answer with a letter from a–d.","1. L0: c
2. S1: c
3. L1: c","['b', 'd', 'a', 'c']",4,UA_NI,c,"1. L0: c
2. S1: c
3. L1: c",a
C1_30_A_I,C1_30,13,42,ambiguous,ironic,b,There had been very little worth eating at the buffet.,Gemma-3-4B,Condition1B_context_richness_stimuli,rsa,"You will read short stories that describe everyday situations and end with a person saying something.

For each story, there are 4 possible interpretations (a,b,c,d).

Context: He left the buffet feeling hungry.

Target utterance:
He says: """"Truly a feast for the senses."" ""

a. Diners often have a buffet.
b. There had been very little worth eating at the buffet.
c. The buffet was a rich.
d. The feast was celebrated every year in their village.

Answer the following questions in order:

1. Literal Listener (L0):
   How would a listener interpret the utterance literally?
   Answer with a letter from a–d.

2. Informative Speaker (S1):
   Which utterance would an informative speaker be most likely to choose, given the situations described in the answer options, assuming that a listener interprets it literally?
   Answer with a letter from a–d.

3. Pragmatic Listener (L1):
   How would a listener interpret this utterance, knowing that the speaker is informative and chooses the most appropriate utterance for the situation described in the answer options?
   Answer with a letter from a–d.

Final Answer:
  Answer with a letter from a–d.","1. L0: a

2. S1: c

3. L1: c","['d', 'b', 'a', 'c']",4,A_I,c,"1. L0: a

2. S1: c

3. L1: c",a
C1_31_A_NI,C1_31,281,42,ambiguous,non-ironic,a,The picnic was nourishing and genuinely enjoyable.,Gemma-3-4B,Condition1B_context_richness_stimuli,rsa,"You will read short stories that describe everyday situations and end with a person saying something.

For each story, there are 4 possible interpretations (a,b,c,d).

Context: They left the picnic feeling hungry.

Target utterance:
They say: """"Food for the soul.""""

a. The picnic was nourishing and genuinely enjoyable.
b. She always kept her soul music collection in good order.
c. They spent the morning preparing sandwiches for the picnic.
d. There was barely anything to eat; they left unsatisfied.

Answer the following questions in order:

1. Literal Listener (L0):
   How would a listener interpret the utterance literally?
   Answer with a letter from a–d.

2. Informative Speaker (S1):
   Which utterance would an informative speaker be most likely to choose, given the situations described in the answer options, assuming that a listener interprets it literally?
   Answer with a letter from a–d.

3. Pragmatic Listener (L1):
   How would a listener interpret this utterance, knowing that the speaker is informative and chooses the most appropriate utterance for the situation described in the answer options?
   Answer with a letter from a–d.

Final Answer:
  Answer with a letter from a–d.","1. L0: a
2. S1: a
3. L1: a","['a', 'c', 'd', 'b']",4,A_NI,a,"1. L0: a
2. S1: a
3. L1: a",a
C1_32_UA_I,C1_32,117,42,unambiguous,ironic,c,The waiter had forgotten to fill his plate and he did not eat anything.,Gemma-3-4B,Condition1B_context_richness_stimuli,rsa,"You will read short stories that describe everyday situations and end with a person saying something.

For each story, there are 4 possible interpretations (a,b,c,d).

Context: He looked at the empty plate in front of him and was starving.

Target utterance:
He says: """"No way I could eat more."" ""

a. He went to a stylish pottery to buy a special plate.
b. His plate had been full with food and he ate it all up.
c. The waiter had forgotten to fill his plate and he did not eat anything.
d. He prefers to eat his lunch alone.

Answer the following questions in order:

1. Literal Listener (L0):
   How would a listener interpret the utterance literally?
   Answer with a letter from a–d.

2. Informative Speaker (S1):
   Which utterance would an informative speaker be most likely to choose, given the situations described in the answer options, assuming that a listener interprets it literally?
   Answer with a letter from a–d.

3. Pragmatic Listener (L1):
   How would a listener interpret this utterance, knowing that the speaker is informative and chooses the most appropriate utterance for the situation described in the answer options?
   Answer with a letter from a–d.

Final Answer:
  Answer with a letter from a–d.","1. L0: b
2. S1: b
3. L1: b","['d', 'a', 'b', 'c']",4,UA_I,b,"1. L0: b
2. S1: b
3. L1: b",a
C1_33_UA_NI,C1_33,253,42,unambiguous,non-ironic,a,The library was a calm and quiet environment.,Gemma-3-4B,Condition1B_context_richness_stimuli,rsa,"You will read short stories that describe everyday situations and end with a person saying something.

For each story, there are 4 possible interpretations (a,b,c,d).

Context: She walked into the library and it was inaudible.

Target utterance:
She says: """"Perfect place to concentrate.""""

a. The library was a calm and quiet environment.
b. The library was far too noisy to concentrate.
c. She looked for a new book in the library.
d. She asked her colleague for a place to concentrate.

Answer the following questions in order:

1. Literal Listener (L0):
   How would a listener interpret the utterance literally?
   Answer with a letter from a–d.

2. Informative Speaker (S1):
   Which utterance would an informative speaker be most likely to choose, given the situations described in the answer options, assuming that a listener interprets it literally?
   Answer with a letter from a–d.

3. Pragmatic Listener (L1):
   How would a listener interpret this utterance, knowing that the speaker is informative and chooses the most appropriate utterance for the situation described in the answer options?
   Answer with a letter from a–d.

Final Answer:
  Answer with a letter from a–d.","1. L0: a

2. S1: a

3. L1: a","['a', 'b', 'd', 'c']",4,UA_NI,a,"1. L0: a

2. S1: a

3. L1: a",a
C1_34_A_I,C1_34,44,42,ambiguous,ironic,d,The concert was pretty loud.,Gemma-3-4B,Condition1B_context_richness_stimuli,rsa,"You will read short stories that describe everyday situations and end with a person saying something.

For each story, there are 4 possible interpretations (a,b,c,d).

Context: We came back from a concert which was quiet.

Target utterance:
I say: """"I've almost gone deaf.""""

a. I was looking forward to the next concert.
b. The concert was surprisingly quiet.
c. My grandfather is deaf.
d. The concert was pretty loud.

Answer the following questions in order:

1. Literal Listener (L0):
   How would a listener interpret the utterance literally?
   Answer with a letter from a–d.

2. Informative Speaker (S1):
   Which utterance would an informative speaker be most likely to choose, given the situations described in the answer options, assuming that a listener interprets it literally?
   Answer with a letter from a–d.

3. Pragmatic Listener (L1):
   How would a listener interpret this utterance, knowing that the speaker is informative and chooses the most appropriate utterance for the situation described in the answer options?
   Answer with a letter from a–d.

Final Answer:
  Answer with a letter from a–d.","1. L0: b
2. S1: b
3. L1: b","['d', 'a', 'c', 'b']",4,A_I,b,"1. L0: b
2. S1: b
3. L1: b",a
C1_35_A_NI,C1_35,137,42,ambiguous,non-ironic,b,The movie was too quiet to hear.,Gemma-3-4B,Condition1B_context_richness_stimuli,rsa,"You will read short stories that describe everyday situations and end with a person saying something.

For each story, there are 4 possible interpretations (a,b,c,d).

Context:  She watched a movie in the theater and found it quiet.

Target utterance:
She says: """"It was so difficult to hear.""""

a. The movie was very loud.
b. The movie was too quiet to hear.
c. She generally has difficulties with her hearing.
d. Watching a movie in the theater is a real event.

Answer the following questions in order:

1. Literal Listener (L0):
   How would a listener interpret the utterance literally?
   Answer with a letter from a–d.

2. Informative Speaker (S1):
   Which utterance would an informative speaker be most likely to choose, given the situations described in the answer options, assuming that a listener interprets it literally?
   Answer with a letter from a–d.

3. Pragmatic Listener (L1):
   How would a listener interpret this utterance, knowing that the speaker is informative and chooses the most appropriate utterance for the situation described in the answer options?
   Answer with a letter from a–d.

Final Answer:
  Answer with a letter from a–d.","1. Literal Listener (L0): a

2. Informative Speaker (S1): a

3. Pragmatic Listener (L1): a","['b', 'a', 'c', 'd']",4,A_NI,a,"1. Literal Listener (L0): a

2. Informative Speaker (S1): a

3. Pragmatic Listener (L1): a",b
C1_36_UA_I,C1_36,149,42,unambiguous,ironic,b,He would expected to hear louder music from his neighbours' party.,Gemma-3-4B,Condition1B_context_richness_stimuli,rsa,"You will read short stories that describe everyday situations and end with a person saying something.

For each story, there are 4 possible interpretations (a,b,c,d).

Context: His neighbours' music was inaudible.

Target utterance:
He says: """"It seems like they are having a great party.""""

a. He thinks that his neighbours' are having a great party with music.
b. He would expected to hear louder music from his neighbours' party.
c. He is still unsure which party to vote for in the upcoming elections.
d. He likes talking about pop music.

Answer the following questions in order:

1. Literal Listener (L0):
   How would a listener interpret the utterance literally?
   Answer with a letter from a–d.

2. Informative Speaker (S1):
   Which utterance would an informative speaker be most likely to choose, given the situations described in the answer options, assuming that a listener interprets it literally?
   Answer with a letter from a–d.

3. Pragmatic Listener (L1):
   How would a listener interpret this utterance, knowing that the speaker is informative and chooses the most appropriate utterance for the situation described in the answer options?
   Answer with a letter from a–d.

Final Answer:
  Answer with a letter from a–d.","1. L0: a
2. S1: a
3. L1: a","['a', 'b', 'c', 'd']",4,UA_I,a,"1. L0: a
2. S1: a
3. L1: a",a
C1_37_UA_NI,C1_37,28,42,unambiguous,non-ironic,c,The questions required thorough preparation to answer.,Gemma-3-4B,Condition1B_context_richness_stimuli,rsa,"You will read short stories that describe everyday situations and end with a person saying something.

For each story, there are 4 possible interpretations (a,b,c,d).

Context: She prepared impossible questions for the students.

Target utterance:
She says: """"I hope they're prepared for this.""""

a. The questions were straightforward and required little effort.
b. She posted the question on the class forum.
c. The questions required thorough preparation to answer.
d. She had never felt so well prepared for a meeting.

Answer the following questions in order:

1. Literal Listener (L0):
   How would a listener interpret the utterance literally?
   Answer with a letter from a–d.

2. Informative Speaker (S1):
   Which utterance would an informative speaker be most likely to choose, given the situations described in the answer options, assuming that a listener interprets it literally?
   Answer with a letter from a–d.

3. Pragmatic Listener (L1):
   How would a listener interpret this utterance, knowing that the speaker is informative and chooses the most appropriate utterance for the situation described in the answer options?
   Answer with a letter from a–d.

Final Answer:
  Answer with a letter from a–d.","1. L0: c
2. S1: c
3. L1: c","['b', 'd', 'a', 'c']",4,UA_NI,c,"1. L0: c
2. S1: c
3. L1: c",a
C1_38_A_I,C1_38,138,42,ambiguous,ironic,b,Booking the appointment was frustrating and difficult.,Gemma-3-4B,Condition1B_context_richness_stimuli,rsa,"You will read short stories that describe everyday situations and end with a person saying something.

For each story, there are 4 possible interpretations (a,b,c,d).

Context: He booked an appointment through a system which was difficult to use.

Target utterance:
He says:  """"That was about as easy as it gets.""""

a. He decided to cancel the appointment.
b. Booking the appointment was frustrating and difficult.
c. Booking the appointment was straightforward and effortless.
d. He always found parallel parking easy as it gets.

Answer the following questions in order:

1. Literal Listener (L0):
   How would a listener interpret the utterance literally?
   Answer with a letter from a–d.

2. Informative Speaker (S1):
   Which utterance would an informative speaker be most likely to choose, given the situations described in the answer options, assuming that a listener interprets it literally?
   Answer with a letter from a–d.

3. Pragmatic Listener (L1):
   How would a listener interpret this utterance, knowing that the speaker is informative and chooses the most appropriate utterance for the situation described in the answer options?
   Answer with a letter from a–d.

Final Answer:
  Answer with a letter from a–d.","1. L0: b

2. S1: b

3. L1: b","['d', 'b', 'a', 'c']",4,A_I,b,"1. L0: b

2. S1: b

3. L1: b",b
C1_39_A_NI,C1_39,203,42,ambiguous,non-ironic,b,Completing the task was a genuine sign of intelligence.,Gemma-3-4B,Condition1B_context_richness_stimuli,rsa,"You will read short stories that describe everyday situations and end with a person saying something.

For each story, there are 4 possible interpretations (a,b,c,d).

Context: They finished a difficult task for their maths lesson.

Target utterance:
They say: """"We must be very smart.""""

a. They were always smart about managing their money.
b. Completing the task was a genuine sign of intelligence.
c. They were given another task after the math lesson.
d. Anyone could have done the task, no special abilities required.

Answer the following questions in order:

1. Literal Listener (L0):
   How would a listener interpret the utterance literally?
   Answer with a letter from a–d.

2. Informative Speaker (S1):
   Which utterance would an informative speaker be most likely to choose, given the situations described in the answer options, assuming that a listener interprets it literally?
   Answer with a letter from a–d.

3. Pragmatic Listener (L1):
   How would a listener interpret this utterance, knowing that the speaker is informative and chooses the most appropriate utterance for the situation described in the answer options?
   Answer with a letter from a–d.

Final Answer:
  Answer with a letter from a–d.","1. L0: b

2. S1: b

3. L1: b","['c', 'a', 'd', 'b']",4,A_NI,b,"1. L0: b

2. S1: b

3. L1: b",a
C1_40_UA_I,C1_40,48,42,unambiguous,ironic,a,Making the payment was complicated and painful.,Gemma-3-4B,Condition1B_context_richness_stimuli,rsa,"You will read short stories that describe everyday situations and end with a person saying something.

For each story, there are 4 possible interpretations (a,b,c,d).

Context: He made a payment through a website which was impossible to use.

Target utterance:
He says:  """"Technology at its finest.""""

a. Making the payment was complicated and painful.
b. He always thought the finest restaurants required a reservation.
c. Making the payment was a smooth and effortless experience.
d. He decided to cancel the payment altogether.

Answer the following questions in order:

1. Literal Listener (L0):
   How would a listener interpret the utterance literally?
   Answer with a letter from a–d.

2. Informative Speaker (S1):
   Which utterance would an informative speaker be most likely to choose, given the situations described in the answer options, assuming that a listener interprets it literally?
   Answer with a letter from a–d.

3. Pragmatic Listener (L1):
   How would a listener interpret this utterance, knowing that the speaker is informative and chooses the most appropriate utterance for the situation described in the answer options?
   Answer with a letter from a–d.

Final Answer:
  Answer with a letter from a–d.","1. Literal Listener (L0): a

2. Informative Speaker (S1): c

3. Pragmatic Listener (L1): c","['b', 'c', 'a', 'd']",4,UA_I,c,"1. Literal Listener (L0): a

2. Informative Speaker (S1): c

3. Pragmatic Listener (L1): c",a
C1_41_UA_NI,C1_41,233,42,unambiguous,non-ironic,a,Her kitchen was tidy.,Gemma-3-4B,Condition1B_context_richness_stimuli,rsa,"You will read short stories that describe everyday situations and end with a person saying something.

For each story, there are 4 possible interpretations (a,b,c,d).

Context: She finished cooking and the kitchen was pristine.

Target utterance:
She says: """"I'm the sort of person who likes to keep things tidy.""""

a. Her kitchen was tidy.
b. The apartment came with a fully equipped kitchen.
c. Her kitchen was a mess.
d. Children should regularly tidy up their rooms.

Answer the following questions in order:

1. Literal Listener (L0):
   How would a listener interpret the utterance literally?
   Answer with a letter from a–d.

2. Informative Speaker (S1):
   Which utterance would an informative speaker be most likely to choose, given the situations described in the answer options, assuming that a listener interprets it literally?
   Answer with a letter from a–d.

3. Pragmatic Listener (L1):
   How would a listener interpret this utterance, knowing that the speaker is informative and chooses the most appropriate utterance for the situation described in the answer options?
   Answer with a letter from a–d.

Final Answer:
  Answer with a letter from a–d.","1. L0: a
2. S1: a
3. L1: a","['a', 'd', 'b', 'c']",4,UA_NI,a,"1. L0: a
2. S1: a
3. L1: a",a
C1_42_A_I,C1_42,125,42,ambiguous,ironic,b,The room was left in a terrible state for far too long.,Gemma-3-4B,Condition1B_context_richness_stimuli,rsa,"You will read short stories that describe everyday situations and end with a person saying something.

For each story, there are 4 possible interpretations (a,b,c,d).

Context: They walked into the room and found it clean.

Target utterance:
They said: ""“Looks like you didn’t wait too long to clean it.”""

a. They never had to wait long for a table.
b. The room was left in a terrible state for far too long.
c. The room was tidied up well before it got too messy.
d. They decided to book a different room altogether.

Answer the following questions in order:

1. Literal Listener (L0):
   How would a listener interpret the utterance literally?
   Answer with a letter from a–d.

2. Informative Speaker (S1):
   Which utterance would an informative speaker be most likely to choose, given the situations described in the answer options, assuming that a listener interprets it literally?
   Answer with a letter from a–d.

3. Pragmatic Listener (L1):
   How would a listener interpret this utterance, knowing that the speaker is informative and chooses the most appropriate utterance for the situation described in the answer options?
   Answer with a letter from a–d.

Final Answer:
  Answer with a letter from a–d.","1. L0: c
2. S1: c
3. L1: c","['c', 'b', 'a', 'd']",4,A_I,c,"1. L0: c
2. S1: c
3. L1: c",a
C1_43_A_NI,C1_43,266,42,ambiguous,non-ironic,d,The street was genuinely pleasant.,Gemma-3-4B,Condition1B_context_richness_stimuli,rsa,"You will read short stories that describe everyday situations and end with a person saying something.

For each story, there are 4 possible interpretations (a,b,c,d).

Context: The street was clean.

Target utterance:
They say:  """"Such a beautiful walk.""""

a. The street was far from pretty.
b. They went for a walk in the park.
c. A dog was barking on the street.
d. The street was genuinely pleasant.

Answer the following questions in order:

1. Literal Listener (L0):
   How would a listener interpret the utterance literally?
   Answer with a letter from a–d.

2. Informative Speaker (S1):
   Which utterance would an informative speaker be most likely to choose, given the situations described in the answer options, assuming that a listener interprets it literally?
   Answer with a letter from a–d.

3. Pragmatic Listener (L1):
   How would a listener interpret this utterance, knowing that the speaker is informative and chooses the most appropriate utterance for the situation described in the answer options?
   Answer with a letter from a–d.

Final Answer:
  Answer with a letter from a–d.","1. L0: d

2. S1: d

3. L1: d
","['b', 'c', 'd', 'a']",4,A_NI,d,"1. L0: d

2. S1: d

3. L1: d",a
C1_44_UA_I,C1_44,263,42,unambiguous,ironic,a,The floor was very dirty.,Gemma-3-4B,Condition1B_context_richness_stimuli,rsa,"You will read short stories that describe everyday situations and end with a person saying something.

For each story, there are 4 possible interpretations (a,b,c,d).

Context: The floor was pristine.

Target utterance:
She says: """"You could practically eat off the floor here.""""

a. The floor was very dirty.
b. The floor was very clean.
c. The dance floor was very empty.
d. She could eat a whole cake.

Answer the following questions in order:

1. Literal Listener (L0):
   How would a listener interpret the utterance literally?
   Answer with a letter from a–d.

2. Informative Speaker (S1):
   Which utterance would an informative speaker be most likely to choose, given the situations described in the answer options, assuming that a listener interprets it literally?
   Answer with a letter from a–d.

3. Pragmatic Listener (L1):
   How would a listener interpret this utterance, knowing that the speaker is informative and chooses the most appropriate utterance for the situation described in the answer options?
   Answer with a letter from a–d.

Final Answer:
  Answer with a letter from a–d.","1. L0: b
2. S1: b
3. L1: b","['b', 'a', 'd', 'c']",4,UA_I,b,"1. L0: b
2. S1: b
3. L1: b",a
C1_45_UA_NI,C1_45,56,42,unambiguous,non-ironic,a,The movie was funny and great.,Gemma-3-4B,Condition1B_context_richness_stimuli,rsa,"You will read short stories that describe everyday situations and end with a person saying something.

For each story, there are 4 possible interpretations (a,b,c,d).

Context: They watched a grim movie.

Target utterance:
They say: """"That was the perfect movie for a laugh.""""

a. The movie was funny and great.
b. They saw three movies that week.
c. The movie wasn't amusing.
d. They had such a perfect night.

Answer the following questions in order:

1. Literal Listener (L0):
   How would a listener interpret the utterance literally?
   Answer with a letter from a–d.

2. Informative Speaker (S1):
   Which utterance would an informative speaker be most likely to choose, given the situations described in the answer options, assuming that a listener interprets it literally?
   Answer with a letter from a–d.

3. Pragmatic Listener (L1):
   How would a listener interpret this utterance, knowing that the speaker is informative and chooses the most appropriate utterance for the situation described in the answer options?
   Answer with a letter from a–d.

Final Answer:
  Answer with a letter from a–d.","1. L0: a
2. S1: a
3. L1: a","['a', 'd', 'b', 'c']",4,UA_NI,a,"1. L0: a
2. S1: a
3. L1: a",a
C1_46_A_I,C1_46,163,42,ambiguous,ironic,a,The musical was purely for laughs.,Gemma-3-4B,Condition1B_context_richness_stimuli,rsa,"You will read short stories that describe everyday situations and end with a person saying something.

For each story, there are 4 possible interpretations (a,b,c,d).

Context: The musical she watched was really serious.

Target utterance:
She says: """"That cracked me up.""""

a. The musical was purely for laughs.
b. She answered some questions about the musical.
c. The joke cracked everyone up.
d. The musical left her deeply moved.

Answer the following questions in order:

1. Literal Listener (L0):
   How would a listener interpret the utterance literally?
   Answer with a letter from a–d.

2. Informative Speaker (S1):
   Which utterance would an informative speaker be most likely to choose, given the situations described in the answer options, assuming that a listener interprets it literally?
   Answer with a letter from a–d.

3. Pragmatic Listener (L1):
   How would a listener interpret this utterance, knowing that the speaker is informative and chooses the most appropriate utterance for the situation described in the answer options?
   Answer with a letter from a–d.

Final Answer:
  Answer with a letter from a–d.","1. L0: a

2. S1: a

3. L1: a","['b', 'd', 'c', 'a']",4,A_I,a,"1. L0: a

2. S1: a

3. L1: a",b
C1_47_A_NI,C1_47,32,42,ambiguous,non-ironic,a,The situation was genuinely amusing.,Gemma-3-4B,Condition1B_context_richness_stimuli,rsa,"You will read short stories that describe everyday situations and end with a person saying something.

For each story, there are 4 possible interpretations (a,b,c,d).

Context: The situation was serious.

Target utterance:
She says: """"Truly something to laugh about.""""

a. The situation was genuinely amusing.
b. She tried to make the best of the situation.
c. She always found it hard to laugh about things.
d. The situation was far too serious.

Answer the following questions in order:

1. Literal Listener (L0):
   How would a listener interpret the utterance literally?
   Answer with a letter from a–d.

2. Informative Speaker (S1):
   Which utterance would an informative speaker be most likely to choose, given the situations described in the answer options, assuming that a listener interprets it literally?
   Answer with a letter from a–d.

3. Pragmatic Listener (L1):
   How would a listener interpret this utterance, knowing that the speaker is informative and chooses the most appropriate utterance for the situation described in the answer options?
   Answer with a letter from a–d.

Final Answer:
  Answer with a letter from a–d.","1. L0: a

2. S1: a

3. L1: b
","['a', 'd', 'c', 'b']",4,A_NI,b,"1. L0: a

2. S1: a

3. L1: b",d
C1_48_UA_I,C1_48,222,42,unambiguous,ironic,c,The talk contained no humour.,Gemma-3-4B,Condition1B_context_richness_stimuli,rsa,"You will read short stories that describe everyday situations and end with a person saying something.

For each story, there are 4 possible interpretations (a,b,c,d).

Context: His talk was grim. 

Target utterance:
Hey says: """"Wow, so many jokes in one talk.""""

a. The talk contained humour.
b. He decided to cancel the talk.
c. The talk contained no humour.
d. He was a fan of old jokes.

Answer the following questions in order:

1. Literal Listener (L0):
   How would a listener interpret the utterance literally?
   Answer with a letter from a–d.

2. Informative Speaker (S1):
   Which utterance would an informative speaker be most likely to choose, given the situations described in the answer options, assuming that a listener interprets it literally?
   Answer with a letter from a–d.

3. Pragmatic Listener (L1):
   How would a listener interpret this utterance, knowing that the speaker is informative and chooses the most appropriate utterance for the situation described in the answer options?
   Answer with a letter from a–d.

Final Answer:
  Answer with a letter from a–d.","1. L0: a
2. S1: a
3. L1: a","['a', 'd', 'b', 'c']",4,UA_I,a,"1. L0: a
2. S1: a
3. L1: a",a
C1_49_UA_NI,C1_49,10,42,unambiguous,non-ironic,c,The airport experience was enjoyable.,Gemma-3-4B,Condition1B_context_richness_stimuli,rsa,"You will read short stories that describe everyday situations and end with a person saying something.

For each story, there are 4 possible interpretations (a,b,c,d).

Context: He had a terrible experience at the airport.

Target utterance:
He says: """"A complete nightmare, really.""""

a. He came back from his trip exhausted.
b. He decided to book a different airport transfer.
c. The airport experience was enjoyable.
d. The airport experience was thoroughly unpleasant.

Answer the following questions in order:

1. Literal Listener (L0):
   How would a listener interpret the utterance literally?
   Answer with a letter from a–d.

2. Informative Speaker (S1):
   Which utterance would an informative speaker be most likely to choose, given the situations described in the answer options, assuming that a listener interprets it literally?
   Answer with a letter from a–d.

3. Pragmatic Listener (L1):
   How would a listener interpret this utterance, knowing that the speaker is informative and chooses the most appropriate utterance for the situation described in the answer options?
   Answer with a letter from a–d.

Final Answer:
  Answer with a letter from a–d.","1. L0: d

2. S1: d

3. L1: d","['c', 'd', 'a', 'b']",4,UA_NI,d,"1. L0: d

2. S1: d

3. L1: d",b
C1_50_A_I,C1_50,141,42,ambiguous,ironic,b,The exam results were deeply disappointing.,Gemma-3-4B,Condition1B_context_richness_stimuli,rsa,"You will read short stories that describe everyday situations and end with a person saying something.

For each story, there are 4 possible interpretations (a,b,c,d).

Context: He studied hard for the exam, and the results were bad.

Target utterance:
He says: """"Well, this is amazing.""""

a. The exam results were impressive
b. The exam results were deeply disappointing.
c. He had one more exam this week.
d. He always found art museums amazing.

Answer the following questions in order:

1. Literal Listener (L0):
   How would a listener interpret the utterance literally?
   Answer with a letter from a–d.

2. Informative Speaker (S1):
   Which utterance would an informative speaker be most likely to choose, given the situations described in the answer options, assuming that a listener interprets it literally?
   Answer with a letter from a–d.

3. Pragmatic Listener (L1):
   How would a listener interpret this utterance, knowing that the speaker is informative and chooses the most appropriate utterance for the situation described in the answer options?
   Answer with a letter from a–d.

Final Answer:
  Answer with a letter from a–d.","1. L0: b
2. S1: b
3. L1: b","['a', 'b', 'd', 'c']",4,A_I,b,"1. L0: b
2. S1: b
3. L1: b",b
C1_51_A_NI,C1_51,217,42,ambiguous,non-ironic,d,They found the play dull.,Gemma-3-4B,Condition1B_context_richness_stimuli,rsa,"You will read short stories that describe everyday situations and end with a person saying something.

For each story, there are 4 possible interpretations (a,b,c,d).

Context: They left the play feeling bad.

Target utterance:
They said:  """"That wasn't fun at all.""""

a. They liked to watch a play in their favorite theatre.
b. They had fun eating together.
c. They found the play entertaining.
d. They found the play dull.

Answer the following questions in order:

1. Literal Listener (L0):
   How would a listener interpret the utterance literally?
   Answer with a letter from a–d.

2. Informative Speaker (S1):
   Which utterance would an informative speaker be most likely to choose, given the situations described in the answer options, assuming that a listener interprets it literally?
   Answer with a letter from a–d.

3. Pragmatic Listener (L1):
   How would a listener interpret this utterance, knowing that the speaker is informative and chooses the most appropriate utterance for the situation described in the answer options?
   Answer with a letter from a–d.

Final Answer:
  Answer with a letter from a–d.","1. L0: d

2. S1: d

3. L1: d","['d', 'c', 'b', 'a']",4,A_NI,d,"1. L0: d

2. S1: d

3. L1: d",a
C1_52_UA_I,C1_52,72,42,unambiguous,ironic,a,She found the whole meal disappointing.,Gemma-3-4B,Condition1B_context_richness_stimuli,rsa,"You will read short stories that describe everyday situations and end with a person saying something.

For each story, there are 4 possible interpretations (a,b,c,d).

Context: She had a terrible meal at a restaurant.

Target utterance:
She says: """"That was a great restaurant visit.""""

a. She found the whole meal disappointing.
b. She wanted to try the meal for months.
c. The rmeal was a genuinely enjoyable experience.
d. She always enjoyed a restaurant visit before a big day out.

Answer the following questions in order:

1. Literal Listener (L0):
   How would a listener interpret the utterance literally?
   Answer with a letter from a–d.

2. Informative Speaker (S1):
   Which utterance would an informative speaker be most likely to choose, given the situations described in the answer options, assuming that a listener interprets it literally?
   Answer with a letter from a–d.

3. Pragmatic Listener (L1):
   How would a listener interpret this utterance, knowing that the speaker is informative and chooses the most appropriate utterance for the situation described in the answer options?
   Answer with a letter from a–d.

Final Answer:
  Answer with a letter from a–d.","1. L0: a
2. S1: c
3. L1: c","['b', 'd', 'a', 'c']",4,UA_I,c,"1. L0: a
2. S1: c
3. L1: c",a
C1_53_UA_NI,C1_53,198,42,unambiguous,non-ironic,d,The ground was moist and muddy after the rain.,Gemma-3-4B,Condition1B_context_richness_stimuli,rsa,"You will read short stories that describe everyday situations and end with a person saying something.

For each story, there are 4 possible interpretations (a,b,c,d).

Context: After the weather changed, the ground became parched.

Target utterance:
She says: """"Perfect conditions for a picnic..""""

a. The ground was dried out.
b. The ground was uneven where she stood.
c. She knelt in the mud to look closely at the earth.
d. The ground was moist and muddy after the rain.

Answer the following questions in order:

1. Literal Listener (L0):
   How would a listener interpret the utterance literally?
   Answer with a letter from a–d.

2. Informative Speaker (S1):
   Which utterance would an informative speaker be most likely to choose, given the situations described in the answer options, assuming that a listener interprets it literally?
   Answer with a letter from a–d.

3. Pragmatic Listener (L1):
   How would a listener interpret this utterance, knowing that the speaker is informative and chooses the most appropriate utterance for the situation described in the answer options?
   Answer with a letter from a–d.

Final Answer:
  Answer with a letter from a–d.","1. L0: a

2. S1: a

3. L1: a","['b', 'd', 'c', 'a']",4,UA_NI,a,"1. L0: a

2. S1: a

3. L1: a",b
C1_54_A_I,C1_54,173,42,ambiguous,ironic,a,The garden was just watered and needed to dry out.,Gemma-3-4B,Condition1B_context_richness_stimuli,rsa,"You will read short stories that describe everyday situations and end with a person saying something.

For each story, there are 4 possible interpretations (a,b,c,d).

Context: The garden was dry in the morning.

Target utterance:
They said: """"That’s enough water for the day.""""

a. The garden was just watered and needed to dry out.
b. The garden was struggling without any water.
c. They played some boardgames in the garden.
d. They wanted a new water feature.

Answer the following questions in order:

1. Literal Listener (L0):
   How would a listener interpret the utterance literally?
   Answer with a letter from a–d.

2. Informative Speaker (S1):
   Which utterance would an informative speaker be most likely to choose, given the situations described in the answer options, assuming that a listener interprets it literally?
   Answer with a letter from a–d.

3. Pragmatic Listener (L1):
   How would a listener interpret this utterance, knowing that the speaker is informative and chooses the most appropriate utterance for the situation described in the answer options?
   Answer with a letter from a–d.

Final Answer:
  Answer with a letter from a–d.","1. L0: a
2. S1: a
3. L1: a","['b', 'a', 'd', 'c']",4,A_I,a,"1. L0: a
2. S1: a
3. L1: a",b
C1_55_A_NI,C1_55,220,42,ambiguous,non-ironic,c,The plants had been getting plenty of moisture to grow.,Gemma-3-4B,Condition1B_context_richness_stimuli,rsa,"You will read short stories that describe everyday situations and end with a person saying something.

For each story, there are 4 possible interpretations (a,b,c,d).

Context: The field was dry.

Target utterance:
He says: """"Terrible news for anything trying to grow..""""

a. He was considering buying a new tractor.
b. The plants had been wilting due to lack of water.
c. The plants had been getting plenty of moisture to grow.
d. He had been reading about different farming techniques.

Answer the following questions in order:

1. Literal Listener (L0):
   How would a listener interpret the utterance literally?
   Answer with a letter from a–d.

2. Informative Speaker (S1):
   Which utterance would an informative speaker be most likely to choose, given the situations described in the answer options, assuming that a listener interprets it literally?
   Answer with a letter from a–d.

3. Pragmatic Listener (L1):
   How would a listener interpret this utterance, knowing that the speaker is informative and chooses the most appropriate utterance for the situation described in the answer options?
   Answer with a letter from a–d.

Final Answer:
  Answer with a letter from a–d.","1. L0: b
2. S1: b
3. L1: b","['d', 'b', 'a', 'c']",4,A_NI,b,"1. L0: b
2. S1: b
3. L1: b",b
C1_56_UA_I,C1_56,11,42,unambiguous,ironic,b,Her hair was completely dry.,Gemma-3-4B,Condition1B_context_richness_stimuli,rsa,"You will read short stories that describe everyday situations and end with a person saying something.

For each story, there are 4 possible interpretations (a,b,c,d).

Context: She saw her parched hair.

Target utterance:
She said: """"The rain really caught me by surprise.""""

a. They organised a surprise party for him.
b. Her hair was completely dry.
c. She had her hair cut short last week.
d. Her hair was soaking wet.

Answer the following questions in order:

1. Literal Listener (L0):
   How would a listener interpret the utterance literally?
   Answer with a letter from a–d.

2. Informative Speaker (S1):
   Which utterance would an informative speaker be most likely to choose, given the situations described in the answer options, assuming that a listener interprets it literally?
   Answer with a letter from a–d.

3. Pragmatic Listener (L1):
   How would a listener interpret this utterance, knowing that the speaker is informative and chooses the most appropriate utterance for the situation described in the answer options?
   Answer with a letter from a–d.

Final Answer:
  Answer with a letter from a–d.","1. L0: d
2. S1: d
3. L1: d","['c', 'b', 'd', 'a']",4,UA_I,d,"1. L0: d
2. S1: d
3. L1: d",a
C1_57_UA_NI,C1_57,139,42,unambiguous,non-ironic,d,I admired the outfit.,Gemma-3-4B,Condition1B_context_richness_stimuli,rsa,"You will read short stories that describe everyday situations and end with a person saying something.

For each story, there are 4 possible interpretations (a,b,c,d).

Context: I wore a hideous outfit to attend the award ceremony.

Target utterance:
I say: """"I really didn't try at all today.""""

a. I thought the outfit was ugly.
b. The comedians on the stage enjoyed themselves.
c. I received an amazing award.
d. I admired the outfit.

Answer the following questions in order:

1. Literal Listener (L0):
   How would a listener interpret the utterance literally?
   Answer with a letter from a–d.

2. Informative Speaker (S1):
   Which utterance would an informative speaker be most likely to choose, given the situations described in the answer options, assuming that a listener interprets it literally?
   Answer with a letter from a–d.

3. Pragmatic Listener (L1):
   How would a listener interpret this utterance, knowing that the speaker is informative and chooses the most appropriate utterance for the situation described in the answer options?
   Answer with a letter from a–d.

Final Answer:
  Answer with a letter from a–d.","1. L0: a
2. S1: a
3. L1: a","['b', 'd', 'c', 'a']",4,UA_NI,a,"1. L0: a
2. S1: a
3. L1: a",b
C1_58_A_I,C1_58,97,42,ambiguous,ironic,c,She thought the car was ugly.,Gemma-3-4B,Condition1B_context_richness_stimuli,rsa,"You will read short stories that describe everyday situations and end with a person saying something.

For each story, there are 4 possible interpretations (a,b,c,d).

Context: She saw an ugly car on the street.

Target utterance:
She says: """"That’s a real beauty.""""

a. She thought the painting was beautiful.
b. She had booked a car.
c. She thought the car was ugly.
d. She admired the car.

Answer the following questions in order:

1. Literal Listener (L0):
   How would a listener interpret the utterance literally?
   Answer with a letter from a–d.

2. Informative Speaker (S1):
   Which utterance would an informative speaker be most likely to choose, given the situations described in the answer options, assuming that a listener interprets it literally?
   Answer with a letter from a–d.

3. Pragmatic Listener (L1):
   How would a listener interpret this utterance, knowing that the speaker is informative and chooses the most appropriate utterance for the situation described in the answer options?
   Answer with a letter from a–d.

Final Answer:
  Answer with a letter from a–d.","1. L0: c
2. S1: c
3. L1: c","['c', 'd', 'b', 'a']",4,A_I,c,"1. L0: c
2. S1: c
3. L1: c",b
C1_59_A_NI,C1_59,187,42,ambiguous,non-ironic,d,The painting was genuinely ugly.,Gemma-3-4B,Condition1B_context_richness_stimuli,rsa,"You will read short stories that describe everyday situations and end with a person saying something.

For each story, there are 4 possible interpretations (a,b,c,d).

Context: He looked at an ugly painting.

Target utterance:
He said: """"That's hard to look at.""""

a. He gave her a stern look.
b. They spent the weekend for this painting.
c. The painting was genuinely beautiful.
d. The painting was genuinely ugly.

Answer the following questions in order:

1. Literal Listener (L0):
   How would a listener interpret the utterance literally?
   Answer with a letter from a–d.

2. Informative Speaker (S1):
   Which utterance would an informative speaker be most likely to choose, given the situations described in the answer options, assuming that a listener interprets it literally?
   Answer with a letter from a–d.

3. Pragmatic Listener (L1):
   How would a listener interpret this utterance, knowing that the speaker is informative and chooses the most appropriate utterance for the situation described in the answer options?
   Answer with a letter from a–d.

Final Answer:
  Answer with a letter from a–d.","1. L0: d
2. S1: d
3. L1: d","['c', 'd', 'b', 'a']",4,A_NI,d,"1. L0: d
2. S1: d
3. L1: d",a
C1_60_UA_I,C1_60,105,42,unambiguous,ironic,a,They thought the bird was not beautiful.,Gemma-3-4B,Condition1B_context_richness_stimuli,rsa,"You will read short stories that describe everyday situations and end with a person saying something.

For each story, there are 4 possible interpretations (a,b,c,d).

Context: They saw a hideous bird.

Target utterance:
They said: """"A real eye-catcher.""""

a. They thought the bird was not beautiful.
b. They had a great time on a trip.
c. The bird looked at them really closely.
d. They thought the bird was beautiful.

Answer the following questions in order:

1. Literal Listener (L0):
   How would a listener interpret the utterance literally?
   Answer with a letter from a–d.

2. Informative Speaker (S1):
   Which utterance would an informative speaker be most likely to choose, given the situations described in the answer options, assuming that a listener interprets it literally?
   Answer with a letter from a–d.

3. Pragmatic Listener (L1):
   How would a listener interpret this utterance, knowing that the speaker is informative and chooses the most appropriate utterance for the situation described in the answer options?
   Answer with a letter from a–d.

Final Answer:
  Answer with a letter from a–d.","1. L0: a
2. S1: a
3. L1: a","['b', 'd', 'c', 'a']",4,UA_I,a,"1. L0: a
2. S1: a
3. L1: a",b
C1_61_UA_NI,C1_61,260,42,unambiguous,non-ironic,c,The kettle was a real bargain.,Gemma-3-4B,Condition1B_context_richness_stimuli,rsa,"You will read short stories that describe everyday situations and end with a person saying something.

For each story, there are 4 possible interpretations (a,b,c,d).

Context: I found a nice kettle which was free.

Target utterance:
I said: """"What a steal.""""

a. The kettle was expensive.
b. The kettle boiled over..
c. The kettle was a real bargain.
d. A thief tried to steal my bag.

Answer the following questions in order:

1. Literal Listener (L0):
   How would a listener interpret the utterance literally?
   Answer with a letter from a–d.

2. Informative Speaker (S1):
   Which utterance would an informative speaker be most likely to choose, given the situations described in the answer options, assuming that a listener interprets it literally?
   Answer with a letter from a–d.

3. Pragmatic Listener (L1):
   How would a listener interpret this utterance, knowing that the speaker is informative and chooses the most appropriate utterance for the situation described in the answer options?
   Answer with a letter from a–d.

Final Answer:
  Answer with a letter from a–d.","1. L0: c
2. S1: c
3. L1: c","['b', 'd', 'a', 'c']",4,UA_NI,c,"1. L0: c
2. S1: c
3. L1: c",a
C1_62_A_I,C1_62,91,42,ambiguous,ironic,d,The vase was not pricy.,Gemma-3-4B,Condition1B_context_richness_stimuli,rsa,"You will read short stories that describe everyday situations and end with a person saying something.

For each story, there are 4 possible interpretations (a,b,c,d).

Context: He broke a cheap vase.

Target utterance:
He said: """"Well, there goes a priceless treasure""""

a. He went on a hike and picked up flowers.
b. The vase was worth a lot of money.
c. The experience of breaking the vase was worth it.
d. The vase was not pricy.

Answer the following questions in order:

1. Literal Listener (L0):
   How would a listener interpret the utterance literally?
   Answer with a letter from a–d.

2. Informative Speaker (S1):
   Which utterance would an informative speaker be most likely to choose, given the situations described in the answer options, assuming that a listener interprets it literally?
   Answer with a letter from a–d.

3. Pragmatic Listener (L1):
   How would a listener interpret this utterance, knowing that the speaker is informative and chooses the most appropriate utterance for the situation described in the answer options?
   Answer with a letter from a–d.

Final Answer:
  Answer with a letter from a–d.","1. L0: b
2. S1: b
3. L1: b","['d', 'a', 'c', 'b']",4,A_I,b,"1. L0: b
2. S1: b
3. L1: b",a
C1_63_A_NI,C1_63,215,42,ambiguous,non-ironic,a,The perfume was pricy.,Gemma-3-4B,Condition1B_context_richness_stimuli,rsa,"You will read short stories that describe everyday situations and end with a person saying something.

For each story, there are 4 possible interpretations (a,b,c,d).

Context: She was wearing cheap perfume.

Target utterance:
She said: """"Smells like it's from a gas station.""""

a. The perfume was pricy.
b. The fragrance label was worth reading.
c. The perfume was not pricy.
d. The ocean was calm and quiet.

Answer the following questions in order:

1. Literal Listener (L0):
   How would a listener interpret the utterance literally?
   Answer with a letter from a–d.

2. Informative Speaker (S1):
   Which utterance would an informative speaker be most likely to choose, given the situations described in the answer options, assuming that a listener interprets it literally?
   Answer with a letter from a–d.

3. Pragmatic Listener (L1):
   How would a listener interpret this utterance, knowing that the speaker is informative and chooses the most appropriate utterance for the situation described in the answer options?
   Answer with a letter from a–d.

Final Answer:
  Answer with a letter from a–d.","1. L0: c
2. S1: c
3. L1: c","['a', 'c', 'b', 'd']",4,A_NI,c,"1. L0: c
2. S1: c
3. L1: c",b
C1_64_UA_I,C1_64,42,42,unambiguous,ironic,b,The bag was worth very little.,Gemma-3-4B,Condition1B_context_richness_stimuli,rsa,"You will read short stories that describe everyday situations and end with a person saying something.

For each story, there are 4 possible interpretations (a,b,c,d).

Context: She got a free bag.

Target utterance:
She said: """"Looks like a real designer piece.""""

a. She liked to wear that designer piece.
b. The bag was worth very little.
c. The bag was worth a lot.
d. She had dark bags under her eyes.

Answer the following questions in order:

1. Literal Listener (L0):
   How would a listener interpret the utterance literally?
   Answer with a letter from a–d.

2. Informative Speaker (S1):
   Which utterance would an informative speaker be most likely to choose, given the situations described in the answer options, assuming that a listener interprets it literally?
   Answer with a letter from a–d.

3. Pragmatic Listener (L1):
   How would a listener interpret this utterance, knowing that the speaker is informative and chooses the most appropriate utterance for the situation described in the answer options?
   Answer with a letter from a–d.

Final Answer:
  Answer with a letter from a–d.","1. L0: c
2. S1: c
3. L1: c","['c', 'b', 'a', 'd']",4,UA_I,c,"1. L0: c
2. S1: c
3. L1: c",a
C1_65_UA_NI,C1_65,134,42,unambiguous,non-ironic,d,The house felt cramped and tiny.,Gemma-3-4B,Condition1B_context_richness_stimuli,rsa,"You will read short stories that describe everyday situations and end with a person saying something.

For each story, there are 4 possible interpretations (a,b,c,d).

Context: They moved into a tiny house.

Target utterance:
They said: """"You can barely turn around in here.""""

a. They made a sharp turn at the end of the road.
b. The house felt spacious and huge.
c. The house was red and blue.
d. The house felt cramped and tiny.

Answer the following questions in order:

1. Literal Listener (L0):
   How would a listener interpret the utterance literally?
   Answer with a letter from a–d.

2. Informative Speaker (S1):
   Which utterance would an informative speaker be most likely to choose, given the situations described in the answer options, assuming that a listener interprets it literally?
   Answer with a letter from a–d.

3. Pragmatic Listener (L1):
   How would a listener interpret this utterance, knowing that the speaker is informative and chooses the most appropriate utterance for the situation described in the answer options?
   Answer with a letter from a–d.

Final Answer:
  Answer with a letter from a–d.","1. L0: d
2. S1: d
3. L1: d","['c', 'b', 'd', 'a']",4,UA_NI,d,"1. L0: d
2. S1: d
3. L1: d",a
C1_66_A_I,C1_66,79,42,ambiguous,ironic,c,They thought the concert was small.,Gemma-3-4B,Condition1B_context_richness_stimuli,rsa,"You will read short stories that describe everyday situations and end with a person saying something.

For each story, there are 4 possible interpretations (a,b,c,d).

Context: They attended a concert at a small venue.



Target utterance:
They said: """"What a massive event.""""

a. They thought the concert was huge.
b. They organized a massive event for dating.
c. They thought the concert was small.
d. They liked go to concerts.

Answer the following questions in order:

1. Literal Listener (L0):
   How would a listener interpret the utterance literally?
   Answer with a letter from a–d.

2. Informative Speaker (S1):
   Which utterance would an informative speaker be most likely to choose, given the situations described in the answer options, assuming that a listener interprets it literally?
   Answer with a letter from a–d.

3. Pragmatic Listener (L1):
   How would a listener interpret this utterance, knowing that the speaker is informative and chooses the most appropriate utterance for the situation described in the answer options?
   Answer with a letter from a–d.

Final Answer:
  Answer with a letter from a–d.","1. L0: a
2. S1: a
3. L1: a","['a', 'c', 'b', 'd']",4,A_I,a,"1. L0: a
2. S1: a
3. L1: a",a
C1_67_A_NI,C1_67,114,42,ambiguous,non-ironic,d,She thought the spider was tiny.,Gemma-3-4B,Condition1B_context_richness_stimuli,rsa,"You will read short stories that describe everyday situations and end with a person saying something.

For each story, there are 4 possible interpretations (a,b,c,d).

Context: She spotted a small spider.

Target utterance:
She said: """"Almost didn't see it.""""

a. She thought the spider was huge.
b. She went to see her doctor on Monday.
c. She drew a spider diagram to plan her essay.
d. She thought the spider was tiny.

Answer the following questions in order:

1. Literal Listener (L0):
   How would a listener interpret the utterance literally?
   Answer with a letter from a–d.

2. Informative Speaker (S1):
   Which utterance would an informative speaker be most likely to choose, given the situations described in the answer options, assuming that a listener interprets it literally?
   Answer with a letter from a–d.

3. Pragmatic Listener (L1):
   How would a listener interpret this utterance, knowing that the speaker is informative and chooses the most appropriate utterance for the situation described in the answer options?
   Answer with a letter from a–d.

Final Answer:
  Answer with a letter from a–d.","1. L0: d
2. S1: d
3. L1: d","['b', 'c', 'd', 'a']",4,A_NI,d,"1. L0: d
2. S1: d
3. L1: d",a
C1_68_UA_I,C1_68,287,42,unambiguous,ironic,d,I thought the dog was small.,Gemma-3-4B,Condition1B_context_richness_stimuli,rsa,"You will read short stories that describe everyday situations and end with a person saying something.

For each story, there are 4 possible interpretations (a,b,c,d).

Context: I met a tiny dog.

Target utterance:
I said: """"He could swallow me whole.""""

a. I thought the dog was huge.
b. The dog wore a collar.
c. I swallowed a pill.
d. I thought the dog was small.

Answer the following questions in order:

1. Literal Listener (L0):
   How would a listener interpret the utterance literally?
   Answer with a letter from a–d.

2. Informative Speaker (S1):
   Which utterance would an informative speaker be most likely to choose, given the situations described in the answer options, assuming that a listener interprets it literally?
   Answer with a letter from a–d.

3. Pragmatic Listener (L1):
   How would a listener interpret this utterance, knowing that the speaker is informative and chooses the most appropriate utterance for the situation described in the answer options?
   Answer with a letter from a–d.

Final Answer:
  Answer with a letter from a–d.","1. L0: d
2. S1: d
3. L1: d","['a', 'd', 'c', 'b']",4,UA_I,d,"1. L0: d
2. S1: d
3. L1: d",b
C1_69_UA_NI,C1_69,259,42,unambiguous,non-ironic,a,The pool was super cold.,Gemma-3-4B,Condition1B_context_richness_stimuli,rsa,"You will read short stories that describe everyday situations and end with a person saying something.

For each story, there are 4 possible interpretations (a,b,c,d).

Context: She jumped into a cold pool.

Target utterance:
She said:  """"One could catch a cold in here.""""

a. The pool was super cold.
b. She liked to chill on that sofa after work.
c. The pool was super warm.
d. She played a game of pool in the bar.

Answer the following questions in order:

1. Literal Listener (L0):
   How would a listener interpret the utterance literally?
   Answer with a letter from a–d.

2. Informative Speaker (S1):
   Which utterance would an informative speaker be most likely to choose, given the situations described in the answer options, assuming that a listener interprets it literally?
   Answer with a letter from a–d.

3. Pragmatic Listener (L1):
   How would a listener interpret this utterance, knowing that the speaker is informative and chooses the most appropriate utterance for the situation described in the answer options?
   Answer with a letter from a–d.

Final Answer:
  Answer with a letter from a–d.","1. L0: a

2. S1: a

3. L1: a","['a', 'c', 'b', 'd']",4,UA_NI,a,"1. L0: a

2. S1: a

3. L1: a",a
C1_70_A_I,C1_70,103,42,ambiguous,ironic,a,The weather conditions were awful.,Gemma-3-4B,Condition1B_context_richness_stimuli,rsa,"You will read short stories that describe everyday situations and end with a person saying something.

For each story, there are 4 possible interpretations (a,b,c,d).

Context: He went to the beach, and the weather was cool.

Target utterance:
He said: """"Couldn't have asked for better weather.""""

a. The weather conditions were awful.
b. The weather conditions were perfect.
c. He meant to harvest the houseplants, but forgot about it.
d. The delivery driver arrived in heavy rain.

Answer the following questions in order:

1. Literal Listener (L0):
   How would a listener interpret the utterance literally?
   Answer with a letter from a–d.

2. Informative Speaker (S1):
   Which utterance would an informative speaker be most likely to choose, given the situations described in the answer options, assuming that a listener interprets it literally?
   Answer with a letter from a–d.

3. Pragmatic Listener (L1):
   How would a listener interpret this utterance, knowing that the speaker is informative and chooses the most appropriate utterance for the situation described in the answer options?
   Answer with a letter from a–d.

Final Answer:
  Answer with a letter from a–d.","1. L0: b
2. S1: b
3. L1: b","['b', 'a', 'd', 'c']",4,A_I,b,"1. L0: b
2. S1: b
3. L1: b",a
C1_71_A_NI,C1_71,161,42,ambiguous,non-ironic,d,The room was freezing cold.,Gemma-3-4B,Condition1B_context_richness_stimuli,rsa,"You will read short stories that describe everyday situations and end with a person saying something.

For each story, there are 4 possible interpretations (a,b,c,d).

Context: I walked into a cool room. 

Target utterance:
I said:  """"Feels like the North Pole in here.""""

a. I leaned the fishing pole against the wall.
b. There wasn't enough room in the car for everyone.
c. The room was really warm.
d. The room was freezing cold.

Answer the following questions in order:

1. Literal Listener (L0):
   How would a listener interpret the utterance literally?
   Answer with a letter from a–d.

2. Informative Speaker (S1):
   Which utterance would an informative speaker be most likely to choose, given the situations described in the answer options, assuming that a listener interprets it literally?
   Answer with a letter from a–d.

3. Pragmatic Listener (L1):
   How would a listener interpret this utterance, knowing that the speaker is informative and chooses the most appropriate utterance for the situation described in the answer options?
   Answer with a letter from a–d.

Final Answer:
  Answer with a letter from a–d.","1. L0: d

2. S1: d

3. L1: d","['c', 'd', 'b', 'a']",4,A_NI,d,"1. L0: d

2. S1: d

3. L1: d",a
C1_72_UA_I,C1_72,24,42,unambiguous,ironic,d,Her coffee did not taste good.,Gemma-3-4B,Condition1B_context_richness_stimuli,rsa,"You will read short stories that describe everyday situations and end with a person saying something.

For each story, there are 4 possible interpretations (a,b,c,d).

Context: She took a sip of the cold coffee.

Target utterance:
She said: """"This is what freshly made coffee tastes like.""""

a. Her coffee tasted like fresh mint.
b. She did an experiment in health science.
c. Her coffee was delicious.
d. Her coffee did not taste good.

Answer the following questions in order:

1. Literal Listener (L0):
   How would a listener interpret the utterance literally?
   Answer with a letter from a–d.

2. Informative Speaker (S1):
   Which utterance would an informative speaker be most likely to choose, given the situations described in the answer options, assuming that a listener interprets it literally?
   Answer with a letter from a–d.

3. Pragmatic Listener (L1):
   How would a listener interpret this utterance, knowing that the speaker is informative and chooses the most appropriate utterance for the situation described in the answer options?
   Answer with a letter from a–d.

Final Answer:
  Answer with a letter from a–d.","1. L0: c
2. S1: c
3. L1: c","['c', 'd', 'a', 'b']",4,UA_I,c,"1. L0: c
2. S1: c
3. L1: c",a
