Item_ID,base_item,presentation_order,seed,context_level,irony_label,correct_option_pos,correct_option_text,model,dataset,prompt_type,prompt,output,original_option_mapping,run,condition,option_logits_raw,confidence_dist,confidence_top_prob,chosen_option,reasoning,chosen_original_option
C1_01_A_NI,C1_01,265,1,ambiguous,non-ironic,d,The cat was easy to lift up.,Mistral-7B-Instruct,Condition1B_context_richness_stimuli,general_reasoning,"You will read short stories that describe everyday situations and which finish with a person saying something. Your task is to decide, given the situation, what meaning the person is most likely conveying. Each story will be followed by 4 possible meaning interpretations listed from a to d. Read each story and choose the number corresponding to the most likely meaning. State the reasoning in 2-3 bullet points and the answer. You can only answer with a, b, c, or d.
Context: He lifted the thin cat from the table.
Target utterance: He said:  """"That was easy!""""
What meaning is He most likely conveying?
a. The cat was really hard to lift up.
b. The exam was really easy.
c. He just got a great deal on a cat bed.
d. The cat was easy to lift up.
Reasoning:
Answer:
","d. The cat was easy to lift up.
Reasoning:
- The action of lifting the cat from the table suggests that the person was interacting with the cat.
- The statement ""That was easy!"" is typically used to express that a task or action was not difficult.
- There is no indication in the passage that the person was referring to an exam or a cat bed.","['b', 'c', 'd', 'a']",2,A_NI,"{'a': 7.0, 'b': 9.625, 'c': 11.1875, 'd': 22.75}","{'a': 1.4449632601554185e-07, 'b': 1.9947106011386495e-06, 'c': 9.516231330053415e-06, 'd': 0.999988317489624}",0.999988317489624,d,"- The action of lifting the cat from the table suggests that the person was interacting with the cat.
- The statement ""That was easy!"" is typically used to express that a task or action was not difficult.
- There is no indication in the passage that the person was referring to an exam or a cat bed.",a
C1_02_UA_I,C1_02,198,1,unambiguous,ironic,c,The dog was very light to pick up.,Mistral-7B-Instruct,Condition1B_context_richness_stimuli,general_reasoning,"You will read short stories that describe everyday situations and which finish with a person saying something. Your task is to decide, given the situation, what meaning the person is most likely conveying. Each story will be followed by 4 possible meaning interpretations listed from a to d. Read each story and choose the number corresponding to the most likely meaning. State the reasoning in 2-3 bullet points and the answer. You can only answer with a, b, c, or d.
Context: She picked up her skinny dog.
Target utterance: She said: """"Heaviest dog ever.""""
What meaning is She most likely conveying?
a. It was the heaviest package she ever carried.
b. The dog was really heavy to pick up.
c. The dog was very light to pick up.
d. She just adopted a new dog.
Reasoning:
Answer:
","b. The dog was really heavy to pick up.

Reasoning:
- The context describes her picking up her dog, which suggests that the dog is the object being referred to.
- The statement ""Heaviest dog ever"" implies that the dog is unusually heavy compared to other dogs or to what she expected.
- The other options do not fit the context or the statement made by the person. For example, option a is about a package, not a dog, and options c and d do not relate to the weight of the dog.","['c', 'a', 'b', 'd']",2,UA_I,"{'a': 6.21875, 'b': 21.75, 'c': 9.625, 'd': 8.8125}","{'a': 1.798292572630089e-07, 'b': 0.9999920129776001, 'c': 5.422205049399054e-06, 'd': 2.406088924544747e-06}",0.9999920129776001,b,"- The context describes her picking up her dog, which suggests that the dog is the object being referred to.
- The statement ""Heaviest dog ever"" implies that the dog is unusually heavy compared to other dogs or to what she expected.
- The other options do not fit the context or the statement made by the person. For example, option a is about a package, not a dog, and options c and d do not relate to the weight of the dog.",a
C1_03_UA_NI,C1_03,7,1,unambiguous,non-ironic,b,Their friend was very easy to lift.,Mistral-7B-Instruct,Condition1B_context_richness_stimuli,general_reasoning,"You will read short stories that describe everyday situations and which finish with a person saying something. Your task is to decide, given the situation, what meaning the person is most likely conveying. Each story will be followed by 4 possible meaning interpretations listed from a to d. Read each story and choose the number corresponding to the most likely meaning. State the reasoning in 2-3 bullet points and the answer. You can only answer with a, b, c, or d.
Context: They lift their skinny friend.
Target utterance: They said: """"Light as a feather.""""
What meaning is They most likely conveying?
a. Getting their friend off the ground took a lot of effort.
b. Their friend was very easy to lift.
c. They decided to go out for dinner with their friend.
d. The feather fell gently to the ground.
Reasoning:
Answer:
","b. Their friend was very easy to lift.

Reasoning:
- The action of lifting someone indicates an effort to move them, and the phrase ""Light as a feather"" is often used to describe something that is very light or easy to move.
- In this context, the speaker is likely commenting on how easy it was to lift their friend, not the weight of a feather.
- The other options do not fit the situation described in the passage.","['b', 'a', 'd', 'c']",2,UA_NI,"{'a': 6.96875, 'b': 21.875, 'c': 9.1875, 'd': 8.9375}","{'a': 3.3596600701457646e-07, 'b': 0.999994158744812, 'c': 3.0894859719410306e-06, 'd': 2.406094154139282e-06}",0.999994158744812,b,"- The action of lifting someone indicates an effort to move them, and the phrase ""Light as a feather"" is often used to describe something that is very light or easy to move.
- In this context, the speaker is likely commenting on how easy it was to lift their friend, not the weight of a feather.
- The other options do not fit the situation described in the passage.",a
C1_04_A_I,C1_04,6,1,ambiguous,ironic,b,Holding my nephew took nothing of my strength.,Mistral-7B-Instruct,Condition1B_context_richness_stimuli,general_reasoning,"You will read short stories that describe everyday situations and which finish with a person saying something. Your task is to decide, given the situation, what meaning the person is most likely conveying. Each story will be followed by 4 possible meaning interpretations listed from a to d. Read each story and choose the number corresponding to the most likely meaning. State the reasoning in 2-3 bullet points and the answer. You can only answer with a, b, c, or d.
Context: I held my thin nephew in my arms.
Target utterance: I said: """"Heavier than an elephant.""""
What meaning is I most likely conveying?
a. My nephew ate a burger that day.
b. Holding my nephew took nothing of my strength.
c. The elephant lumbered slowly across the plain.
d. Holding my nephew took all my strength.
Reasoning:
Answer:
","d. Holding my nephew took all my strength.

Reasoning:
- The statement ""Heavier than an elephant"" suggests that the person is comparing the weight of their nephew to that of an elephant, implying that the nephew is very heavy.
- In the context of holding a child, saying that they are as heavy as an elephant would indicate that it took a lot of strength to do so.
- The other options do not fit the context or the statement made. For example, the nephew eating a burger (a) would not make him heavier than an elephant, and the elephant lumbering (c) is not related to the weight of the nephew","['d', 'b', 'c', 'a']",2,A_I,"{'a': 8.875, 'b': 10.625, 'c': 11.8125, 'd': 23.125}","{'a': 6.475844998021785e-07, 'b': 3.7265913306328002e-06, 'c': 1.2219022210047115e-05, 'd': 0.9999834299087524}",0.9999834299087524,d,"- The statement ""Heavier than an elephant"" suggests that the person is comparing the weight of their nephew to that of an elephant, implying that the nephew is very heavy.
- In the context of holding a child, saying that they are as heavy as an elephant would indicate that it took a lot of strength to do so.
- The other options do not fit the context or the statement made. For example, the nephew eating a burger (a) would not make him heavier than an elephant, and the elephant lumbering (c) is not related to the weight of the nephew",a
C1_05_A_NI,C1_05,52,1,ambiguous,non-ironic,c,The cake tasted really good.,Mistral-7B-Instruct,Condition1B_context_richness_stimuli,general_reasoning,"You will read short stories that describe everyday situations and which finish with a person saying something. Your task is to decide, given the situation, what meaning the person is most likely conveying. Each story will be followed by 4 possible meaning interpretations listed from a to d. Read each story and choose the number corresponding to the most likely meaning. State the reasoning in 2-3 bullet points and the answer. You can only answer with a, b, c, or d.
Context: She ate an unpleasant cake.
Target utterance: She said: """"What an amazing flavour.""""
What meaning is She most likely conveying?
a. The cake had three candles on top.
b. The cake tasted really bad.
c. The cake tasted really good.
d. The soup smelled absolutely delicious
Reasoning:
Answer:
","b. The cake tasted really bad.

Reasoning:
- The context states that she ate an unpleasant cake, which implies that the taste was not pleasant.
- The statement ""What an amazing flavour"" is sarcastic, as it contradicts the context and the general understanding of what ""amazing flavor"" means.
- The other options (candles, soup, and delicious soup) are unrelated to the context and the sarcastic tone of the statement.","['d', 'b', 'a', 'c']",2,A_NI,"{'a': 7.375, 'b': 21.75, 'c': 11.8125, 'd': 9.625}","{'a': 5.714697977055039e-07, 'b': 0.9999457597732544, 'c': 4.832534978049807e-05, 'd': 5.421954028861364e-06}",0.9999457597732544,b,"- The context states that she ate an unpleasant cake, which implies that the taste was not pleasant.
- The statement ""What an amazing flavour"" is sarcastic, as it contradicts the context and the general understanding of what ""amazing flavor"" means.
- The other options (candles, soup, and delicious soup) are unrelated to the context and the sarcastic tone of the statement.",b
C1_06_UA_I,C1_06,266,1,unambiguous,ironic,d,The medicine tasted absolutely awful.,Mistral-7B-Instruct,Condition1B_context_richness_stimuli,general_reasoning,"You will read short stories that describe everyday situations and which finish with a person saying something. Your task is to decide, given the situation, what meaning the person is most likely conveying. Each story will be followed by 4 possible meaning interpretations listed from a to d. Read each story and choose the number corresponding to the most likely meaning. State the reasoning in 2-3 bullet points and the answer. You can only answer with a, b, c, or d.
Context: He swallowed the medicine and found it disgusting.
Target utterance: He said: """"Tastier than expected.""""
What meaning is He most likely conveying?
a. The cake was tastier than expected.
b. The medicine tasted surprisingly pleasant.
c. He kept the medicine in the bathroom cabinet.
d. The medicine tasted absolutely awful.
Reasoning:
Answer:
","b. The medicine tasted surprisingly pleasant.

Reasoning:
- The context states that he found the medicine disgusting, so it is unlikely that he would say it was tastier than expected if he meant the cake.
- Keeping the medicine in the bathroom cabinet is not related to the taste of the medicine.
- Saying the medicine tasted absolutely awful would be contradictory to saying it was tastier than expected. Therefore, the most likely meaning is that the medicine tasted surprisingly pleasant.","['c', 'a', 'd', 'b']",2,UA_I,"{'a': 7.0625, 'b': 22.25, 'c': 9.75, 'd': 8.8125}","{'a': 2.53600575206292e-07, 'b': 0.9999946355819702, 'c': 3.726633167389082e-06, 'd': 1.459370537304494e-06}",0.9999946355819702,b,"- The context states that he found the medicine disgusting, so it is unlikely that he would say it was tastier than expected if he meant the cake.
- Keeping the medicine in the bathroom cabinet is not related to the taste of the medicine.
- Saying the medicine tasted absolutely awful would be contradictory to saying it was tastier than expected. Therefore, the most likely meaning is that the medicine tasted surprisingly pleasant.",a
C1_07_UA_NI,C1_07,11,1,unambiguous,non-ironic,b,The smoothie was thoroughly enjoyable.,Mistral-7B-Instruct,Condition1B_context_richness_stimuli,general_reasoning,"You will read short stories that describe everyday situations and which finish with a person saying something. Your task is to decide, given the situation, what meaning the person is most likely conveying. Each story will be followed by 4 possible meaning interpretations listed from a to d. Read each story and choose the number corresponding to the most likely meaning. State the reasoning in 2-3 bullet points and the answer. You can only answer with a, b, c, or d.
Context: I took a sip of my smoothie and found it disgusting.
Target utterance: I said: """"What a treat.""""
What meaning is I most likely conveying?
a. The smoothie was thoroughly nasty.
b. The smoothie was thoroughly enjoyable.
c. She gave the dog a treat.
d. She was looking for a new smoothie recipe.
Reasoning:
Answer:
","a. The smoothie was thoroughly nasty.

Reasoning:
- The person took a sip of the smoothie and found it disgusting.
- Saying ""What a treat"" sarcastically is a common way to express displeasure or disappointment when something is not as expected or desired.
- The other options do not fit the context as there is no indication that the person was giving a treat to someone or looking for a new smoothie recipe.","['b', 'a', 'c', 'd']",2,UA_NI,"{'a': 21.375, 'b': 8.0, 'c': 7.40625, 'd': 6.8125}","{'a': 0.9999971389770508, 'b': 1.5534957356067025e-06, 'c': 8.579218615523132e-07, 'd': 4.737894130357745e-07}",0.9999971389770508,a,"- The person took a sip of the smoothie and found it disgusting.
- Saying ""What a treat"" sarcastically is a common way to express displeasure or disappointment when something is not as expected or desired.
- The other options do not fit the context as there is no indication that the person was giving a treat to someone or looking for a new smoothie recipe.",b
C1_08_A_I,C1_08,121,1,ambiguous,ironic,a,They could barely force themselves to swallow the burger.,Mistral-7B-Instruct,Condition1B_context_richness_stimuli,general_reasoning,"You will read short stories that describe everyday situations and which finish with a person saying something. Your task is to decide, given the situation, what meaning the person is most likely conveying. Each story will be followed by 4 possible meaning interpretations listed from a to d. Read each story and choose the number corresponding to the most likely meaning. State the reasoning in 2-3 bullet points and the answer. You can only answer with a, b, c, or d.
Context: They ate an unpleasant burger.
Target utterance: They said: """"This burger tasted like heaven.""""
What meaning is They most likely conveying?
a. They could barely force themselves to swallow the burger.
b. The burger was the most expensive item on the menu.
c. They liked the burger more than the pizza.
d. They liked every single bite of the burger.
Reasoning:
Answer:
","d. They liked every single bite of the burger.

Reasoning:
- The statement ""This burger tasted like heaven"" is a positive expression, indicating that the person enjoyed the food.
- The context suggests that they did not enjoy the burger, so options a, b, and c can be ruled out as they imply a negative or comparative opinion.
- Since the statement is a positive one, the most likely meaning is that they liked every single bite of the burger (option d).","['b', 'c', 'd', 'a']",2,A_I,"{'a': 8.0625, 'b': 10.5625, 'c': 11.0, 'd': 22.875}","{'a': 3.6898430266774085e-07, 'b': 4.495148459682241e-06, 'c': 6.9622224145859946e-06, 'd': 0.9999881982803345}",0.9999881982803345,d,"- The statement ""This burger tasted like heaven"" is a positive expression, indicating that the person enjoyed the food.
- The context suggests that they did not enjoy the burger, so options a, b, and c can be ruled out as they imply a negative or comparative opinion.
- Since the statement is a positive one, the most likely meaning is that they liked every single bite of the burger (option d).",a
C1_09_A_NI,C1_09,106,1,ambiguous,non-ironic,c,The babysitter was taking good care of the kids.,Mistral-7B-Instruct,Condition1B_context_richness_stimuli,general_reasoning,"You will read short stories that describe everyday situations and which finish with a person saying something. Your task is to decide, given the situation, what meaning the person is most likely conveying. Each story will be followed by 4 possible meaning interpretations listed from a to d. Read each story and choose the number corresponding to the most likely meaning. State the reasoning in 2-3 bullet points and the answer. You can only answer with a, b, c, or d.
Context: They hired a scared babysitter.
Target utterance: They said: """"The kids are not safe at all.""""
What meaning is They most likely conveying?
a. The babysitter was not taking good care of the kids.
b. The kids had very clean hands.
c. The babysitter was taking good care of the kids.
d. The babysitter parked her car outside.
Reasoning:
Answer:
","a. The babysitter was not taking good care of the kids.
Reasoning:
- The statement ""The kids are not safe at all"" suggests a concern about the safety of the children, which is typically raised when someone is not taking adequate care of them.
- The context of hiring a ""scared"" babysitter implies that the person may not have been confident in their ability to care for the children, which could explain why they might express concern about the children's safety.
- The options ""The kids had very clean hands"" and ""The babysitter parked her car outside"" do not relate to the concern about the children's safety. ""The babysitter was taking good care of the","['b', 'c', 'a', 'd']",2,A_NI,"{'a': 22.0, 'b': 9.8125, 'c': 8.6875, 'd': 9.25}","{'a': 0.9999903440475464, 'b': 5.093681920698145e-06, 'c': 1.6536764633201528e-06, 'd': 2.902292408180074e-06}",0.9999903440475464,a,"- The statement ""The kids are not safe at all"" suggests a concern about the safety of the children, which is typically raised when someone is not taking adequate care of them.
- The context of hiring a ""scared"" babysitter implies that the person may not have been confident in their ability to care for the children, which could explain why they might express concern about the children's safety.
- The options ""The kids had very clean hands"" and ""The babysitter parked her car outside"" do not relate to the concern about the children's safety. ""The babysitter was taking good care of the",b
C1_10_UA_I,C1_10,66,1,unambiguous,ironic,d,The police officer did not make them feel safe at all.,Mistral-7B-Instruct,Condition1B_context_richness_stimuli,general_reasoning,"You will read short stories that describe everyday situations and which finish with a person saying something. Your task is to decide, given the situation, what meaning the person is most likely conveying. Each story will be followed by 4 possible meaning interpretations listed from a to d. Read each story and choose the number corresponding to the most likely meaning. State the reasoning in 2-3 bullet points and the answer. You can only answer with a, b, c, or d.
Context: They met a petrified police officer.
Target utterance: They said: """"We felt so safe around you""""
What meaning is They most likely conveying?
a. The police officer made them feel very safe.
b. The police officer drank a cup of coffee.
c. They were sitting in a very safe seat.
d. The police officer did not make them feel safe at all.
Reasoning:
Answer:
","a. The police officer made them feel very safe.
Reasoning:
- The context describes a meeting with a petrified (very scared) police officer.
- The statement ""We felt so safe around you"" implies that the person felt safe in the presence of the police officer.
- The other options do not relate to the situation or the statement made.","['a', 'd', 'c', 'b']",2,UA_I,"{'a': 22.125, 'b': 8.4375, 'c': 7.4375, 'd': 6.9375}","{'a': 0.9999980926513672, 'b': 1.1365627869963646e-06, 'c': 4.1811810547187633e-07, 'd': 2.536014562792843e-07}",0.9999980926513672,a,"- The context describes a meeting with a petrified (very scared) police officer.
- The statement ""We felt so safe around you"" implies that the person felt safe in the presence of the police officer.
- The other options do not relate to the situation or the statement made.",a
C1_11_UA_NI,C1_11,251,1,unambiguous,non-ironic,d,Seeing the pilot put her completely at ease.,Mistral-7B-Instruct,Condition1B_context_richness_stimuli,general_reasoning,"You will read short stories that describe everyday situations and which finish with a person saying something. Your task is to decide, given the situation, what meaning the person is most likely conveying. Each story will be followed by 4 possible meaning interpretations listed from a to d. Read each story and choose the number corresponding to the most likely meaning. State the reasoning in 2-3 bullet points and the answer. You can only answer with a, b, c, or d.
Context: She noticed the petrified pilot before boarding.
Target utterance: She said: """"That really shook me up.""""
What meaning is She most likely conveying?
a. Seeing the pilot made her feel even more anxious.
b. She settled into her seat and fastened the belt.
c. She dated a pilot for several months.
d. Seeing the pilot put her completely at ease.
Reasoning:
Answer:
","a. Seeing the petrified pilot made her feel even more anxious.

Reasoning:
- The context describes the speaker noticing a petrified (very frightened) pilot before boarding.
- The target utterance ""That really shook me up"" is a common phrase used to express fear or anxiety.
- The other options do not fit the context or the target utterance. For example, ""She settled into her seat and fastened the belt"" would not be a response to seeing a frightened pilot, and ""She dated a pilot for several months"" and ""Seeing the pilot put her completely at ease"" are not indicated by the context or the target utterance.","['b', 'c', 'd', 'a']",2,UA_NI,"{'a': 21.5, 'b': 8.9375, 'c': 8.25, 'd': 7.71875}","{'a': 0.9999936819076538, 'b': 3.5008445138373645e-06, 'c': 1.7603351807338186e-06, 'd': 1.0348476280341856e-06}",0.9999936819076538,a,"- The context describes the speaker noticing a petrified (very frightened) pilot before boarding.
- The target utterance ""That really shook me up"" is a common phrase used to express fear or anxiety.
- The other options do not fit the context or the target utterance. For example, ""She settled into her seat and fastened the belt"" would not be a response to seeing a frightened pilot, and ""She dated a pilot for several months"" and ""Seeing the pilot put her completely at ease"" are not indicated by the context or the target utterance.",b
C1_12_A_I,C1_12,81,1,ambiguous,ironic,d,His father's face was full of fear.,Mistral-7B-Instruct,Condition1B_context_richness_stimuli,general_reasoning,"You will read short stories that describe everyday situations and which finish with a person saying something. Your task is to decide, given the situation, what meaning the person is most likely conveying. Each story will be followed by 4 possible meaning interpretations listed from a to d. Read each story and choose the number corresponding to the most likely meaning. State the reasoning in 2-3 bullet points and the answer. You can only answer with a, b, c, or d.
Context: He saw his scared father.
Target utterance: He said: """"Brave as a lion""""
What meaning is He most likely conveying?
a. His father wore a blue jacket.
b. His father showed no fear at all.
c. The lion prowled across the savannah.
d. His father's face was full of fear.
Reasoning:
Answer:
","b. His father showed no fear at all

Reasoning:
- The phrase ""Brave as a lion"" is often used to express that someone is not afraid or is showing courage.
- In the context of the story, the speaker saw his scared father. If the father was scared, the speaker would not say he was brave as a lion.
- The other options do not fit the context or the phrase used by the speaker.","['d', 'a', 'c', 'b']",2,A_I,"{'a': 8.0, 'b': 22.125, 'c': 10.3125, 'd': 11.75}","{'a': 7.337926604122913e-07, 'b': 0.9999606609344482, 'c': 7.411043497995706e-06, 'd': 3.120166002190672e-05}",0.9999606609344482,b,"- The phrase ""Brave as a lion"" is often used to express that someone is not afraid or is showing courage.
- In the context of the story, the speaker saw his scared father. If the father was scared, the speaker would not say he was brave as a lion.
- The other options do not fit the context or the phrase used by the speaker.",a
C1_13_A_NI,C1_13,257,1,ambiguous,non-ironic,a,"To him, his girlfriend looked well-rested and full of energy.",Mistral-7B-Instruct,Condition1B_context_richness_stimuli,general_reasoning,"You will read short stories that describe everyday situations and which finish with a person saying something. Your task is to decide, given the situation, what meaning the person is most likely conveying. Each story will be followed by 4 possible meaning interpretations listed from a to d. Read each story and choose the number corresponding to the most likely meaning. State the reasoning in 2-3 bullet points and the answer. You can only answer with a, b, c, or d.
Context: He saw his tired girlfriend.
Target utterance: He said: """"You look like you've been awake since birth.""""
What meaning is He most likely conveying?
a. To him, his girlfriend looked well-rested and full of energy.
b. He had just bought her a refreshing cold drink.
c. His girlfriend clearly looked worn out, not refreshed at all.
d. He was planning to surprise his girlfriend with a home-cooked meal.
Reasoning:
Answer:
","c. His girlfriend clearly looked worn out, not refreshed at all.

Reasoning:
- The phrase ""You look like you've been awake since birth"" is typically used to express that someone appears extremely tired or exhausted.
- There is no indication in the passage that the girlfriend looked well-rested or full of energy, nor that the speaker had just bought her a refreshing drink or was planning to surprise her with a home-cooked meal.","['a', 'c', 'b', 'd']",2,A_NI,"{'a': 6.75, 'b': 10.5, 'c': 22.125, 'd': 9.5625}","{'a': 2.1024072793807136e-07, 'b': 8.93966353032738e-06, 'c': 0.9999873638153076, 'd': 3.500822231217171e-06}",0.9999873638153076,c,"- The phrase ""You look like you've been awake since birth"" is typically used to express that someone appears extremely tired or exhausted.
- There is no indication in the passage that the girlfriend looked well-rested or full of energy, nor that the speaker had just bought her a refreshing drink or was planning to surprise her with a home-cooked meal.",b
C1_14_UA_I,C1_14,156,1,unambiguous,ironic,b,Her colleague seemed very tired today.,Mistral-7B-Instruct,Condition1B_context_richness_stimuli,general_reasoning,"You will read short stories that describe everyday situations and which finish with a person saying something. Your task is to decide, given the situation, what meaning the person is most likely conveying. Each story will be followed by 4 possible meaning interpretations listed from a to d. Read each story and choose the number corresponding to the most likely meaning. State the reasoning in 2-3 bullet points and the answer. You can only answer with a, b, c, or d.
Context: She saw her exhausted colleague.
Target utterance: She said: """"You seem so full of energy today.""""
What meaning is She most likely conveying?
a. Her colleague seemed very energetic today.
b. Her colleague seemed very tired today.
c. She filled up the car with energy.
d. She was redecorating the office of her colleague.
Reasoning:
Answer:
","a. Her colleague seemed very energetic today.

Reasoning:
- The colleague was seen to be exhausted, which is the opposite of being energetic.
- The statement ""You seem so full of energy today"" is a sarcastic comment, implying the opposite of what is observed.
- The other options do not make sense in the given context.","['a', 'b', 'c', 'd']",2,UA_I,"{'a': 21.875, 'b': 8.5, 'c': 8.1875, 'd': 7.59375}","{'a': 0.9999966621398926, 'b': 1.5534949397988385e-06, 'c': 1.1365611953806365e-06, 'd': 6.27668725883268e-07}",0.9999966621398926,a,"- The colleague was seen to be exhausted, which is the opposite of being energetic.
- The statement ""You seem so full of energy today"" is a sarcastic comment, implying the opposite of what is observed.
- The other options do not make sense in the given context.",a
C1_15_UA_NI,C1_15,26,1,unambiguous,non-ironic,b,They felt very well-rested after the sleepover.,Mistral-7B-Instruct,Condition1B_context_richness_stimuli,general_reasoning,"You will read short stories that describe everyday situations and which finish with a person saying something. Your task is to decide, given the situation, what meaning the person is most likely conveying. Each story will be followed by 4 possible meaning interpretations listed from a to d. Read each story and choose the number corresponding to the most likely meaning. State the reasoning in 2-3 bullet points and the answer. You can only answer with a, b, c, or d.
Context: After the sleepover, they were exhausted.
Target utterance: They said:  """"We never felt more tired in our lifes.""""
What meaning is They most likely conveying?
a. They did sleep overs once a year.
b. They felt very well-rested after the sleepover.
c. They felt really exhausted after the sleepover.
d. They rested the heavy boxes on the floor.
Reasoning:
Answer:
","c. They felt really exhausted after the sleepover.

Reasoning:
- The context describes that they were exhausted after the sleepover.
- The target utterance ""We never felt more tired in our lifes"" implies a high level of exhaustion.
- The other options do not fit the context or the target utterance. For example, option a suggests that they only do sleepovers once a year, which is not indicated in the context, and option b suggests the opposite of what they said, as they felt very tired, not well-rested. Option d is unrelated to the situation described.","['d', 'a', 'b', 'c']",2,UA_NI,"{'a': 7.21875, 'b': 9.0625, 'c': 21.75, 'd': 9.5}","{'a': 4.8882640157899e-07, 'b': 3.0894782412360655e-06, 'c': 0.9999916553497314, 'd': 4.785077180713415e-06}",0.9999916553497314,c,"- The context describes that they were exhausted after the sleepover.
- The target utterance ""We never felt more tired in our lifes"" implies a high level of exhaustion.
- The other options do not fit the context or the target utterance. For example, option a suggests that they only do sleepovers once a year, which is not indicated in the context, and option b suggests the opposite of what they said, as they felt very tired, not well-rested. Option d is unrelated to the situation described.",b
C1_16_A_I,C1_16,168,1,ambiguous,ironic,b,Deep down I felt completely unprepared for the exam.,Mistral-7B-Instruct,Condition1B_context_richness_stimuli,general_reasoning,"You will read short stories that describe everyday situations and which finish with a person saying something. Your task is to decide, given the situation, what meaning the person is most likely conveying. Each story will be followed by 4 possible meaning interpretations listed from a to d. Read each story and choose the number corresponding to the most likely meaning. State the reasoning in 2-3 bullet points and the answer. You can only answer with a, b, c, or d.
Context: Right before my exam, I felt really tired.
Target utterance: I said: """"I have never felt more ready.""""
What meaning is I most likely conveying?
a. The exam started at nine o'clock.
b. Deep down I felt completely unprepared for the exam.
c. I felt fully prepared and ready for the exam.
d. Dinner was ready by seven o'clock.
Reasoning:
Answer:
","c. I felt fully prepared and ready for the exam.

Reasoning:
- The person is taking an exam, and they claim to feel ready, which suggests they are prepared.
- There is no indication that the exam started at a specific time, so option a can be ruled out.
- The person does not express feelings of being unprepared, so option b can be ruled out.
- The statement does not mention dinner, so option d can be ruled out.","['d', 'b', 'a', 'c']",2,A_I,"{'a': 7.5, 'b': 9.125, 'c': 21.75, 'd': 9.4375}","{'a': 6.475897862401325e-07, 'b': 3.288732159489882e-06, 'c': 0.9999915361404419, 'd': 4.49516346634482e-06}",0.9999915361404419,c,"- The person is taking an exam, and they claim to feel ready, which suggests they are prepared.
- There is no indication that the exam started at a specific time, so option a can be ruled out.
- The person does not express feelings of being unprepared, so option b can be ruled out.
- The statement does not mention dinner, so option d can be ruled out.",a
C1_17_A_NI,C1_17,203,1,ambiguous,non-ironic,b,Her idea was innovative.,Mistral-7B-Instruct,Condition1B_context_richness_stimuli,general_reasoning,"You will read short stories that describe everyday situations and which finish with a person saying something. Your task is to decide, given the situation, what meaning the person is most likely conveying. Each story will be followed by 4 possible meaning interpretations listed from a to d. Read each story and choose the number corresponding to the most likely meaning. State the reasoning in 2-3 bullet points and the answer. You can only answer with a, b, c, or d.
Context: She had a new idea.
Target utterance: She said: """"Truly ahead of its time.""""
What meaning is She most likely conveying?
a. Her idea was outdated.
b. Her idea was innovative.
c. She had arrived early.
d. She had the idea to redecorate her office.
Reasoning:
Answer:
","b. Her idea was innovative.
Reasoning:
- The phrase ""Truly ahead of its time"" is often used to describe something that is innovative or forward-thinking, as it suggests the idea is so advanced that it seems out of place in the current context.
- There is no indication in the passage that her idea was outdated, she had arrived early, or that she had the idea to redecorate her office.
- The context of having a new idea implies that she is presenting something fresh and potentially groundbreaking, which aligns with the meaning of ""innovative.""","['b', 'a', 'c', 'd']",2,A_NI,"{'a': 7.8125, 'b': 22.25, 'c': 10.5625, 'd': 9.5625}","{'a': 5.36868810740998e-07, 'b': 0.9999879598617554, 'c': 8.398041245527565e-06, 'd': 3.089466645178618e-06}",0.9999879598617554,b,"- The phrase ""Truly ahead of its time"" is often used to describe something that is innovative or forward-thinking, as it suggests the idea is so advanced that it seems out of place in the current context.
- There is no indication in the passage that her idea was outdated, she had arrived early, or that she had the idea to redecorate her office.
- The context of having a new idea implies that she is presenting something fresh and potentially groundbreaking, which aligns with the meaning of ""innovative.""",a
C1_18_UA_I,C1_18,54,1,unambiguous,ironic,a,"In his view, it was a stale approach he had seen many times before.",Mistral-7B-Instruct,Condition1B_context_richness_stimuli,general_reasoning,"You will read short stories that describe everyday situations and which finish with a person saying something. Your task is to decide, given the situation, what meaning the person is most likely conveying. Each story will be followed by 4 possible meaning interpretations listed from a to d. Read each story and choose the number corresponding to the most likely meaning. State the reasoning in 2-3 bullet points and the answer. You can only answer with a, b, c, or d.
Context: It was a novel approach.
Target utterance: He said: """"How refreshingly innovative.""""
What meaning is He most likely conveying?
a. In his view, it was a stale approach he had seen many times before.
b. Refreshments were served at the end of the presentation.
c. He researched new approaches for several months.
d. He found the approach genuinely new and creative.
Reasoning:
Answer:
","d. He found the approach genuinely new and creative.
Reasoning:
- The phrase ""How refreshingly innovative"" suggests a positive reaction to something new and creative.
- The context ""It was a novel approach"" also implies that the approach was new or different.
- None of the other options (a, b, c) are supported by the given context or the target utterance.","['b', 'c', 'd', 'a']",2,UA_I,"{'a': 8.3125, 'b': 9.25, 'c': 10.25, 'd': 22.125}","{'a': 1.0030045132225496e-06, 'b': 2.5612619083403843e-06, 'c': 6.962231509533012e-06, 'd': 0.9999895095825195}",0.9999895095825195,d,"- The phrase ""How refreshingly innovative"" suggests a positive reaction to something new and creative.
- The context ""It was a novel approach"" also implies that the approach was new or different.
- None of the other options (a, b, c) are supported by the given context or the target utterance.",a
C1_19_UA_NI,C1_19,191,1,unambiguous,non-ironic,b,She found the tradition beautifully enduring and meaningful.,Mistral-7B-Instruct,Condition1B_context_richness_stimuli,general_reasoning,"You will read short stories that describe everyday situations and which finish with a person saying something. Your task is to decide, given the situation, what meaning the person is most likely conveying. Each story will be followed by 4 possible meaning interpretations listed from a to d. Read each story and choose the number corresponding to the most likely meaning. State the reasoning in 2-3 bullet points and the answer. You can only answer with a, b, c, or d.
Context: The tradition was novel.
Target utterance: She said: """"How wonderfully timeless.""""
What meaning is She most likely conveying?
a. To her, the tradition felt stale and long past its use.
b. She found the tradition beautifully enduring and meaningful.
c. The clock ticked for over a century.
d. She read about the tradition in a local history book.
Reasoning:
Answer:
","b. She found the tradition beautifully enduring and meaningful.

Reasoning:
- The word ""wonderfully"" suggests a positive sentiment.
- ""Timeless"" implies something that is not bound by time, which is often used to describe traditions that have been passed down for a long time and are still relevant.
- The context of the story does not provide any information to suggest that she found the tradition stale or outdated (a), or that she was referring to the passage of time (c).
- The mention of the tradition implies that she is referring to something she has experienced or is currently experiencing, not something she read about (d).","['b', 'a', 'c', 'd']",2,UA_NI,"{'a': 6.75, 'b': 21.25, 'c': 9.4375, 'd': 8.625}","{'a': 5.04342040130723e-07, 'b': 0.9999887943267822, 'c': 7.411251772282412e-06, 'd': 3.2887230645428644e-06}",0.9999887943267822,b,"- The word ""wonderfully"" suggests a positive sentiment.
- ""Timeless"" implies something that is not bound by time, which is often used to describe traditions that have been passed down for a long time and are still relevant.
- The context of the story does not provide any information to suggest that she found the tradition stale or outdated (a), or that she was referring to the passage of time (c).
- The mention of the tradition implies that she is referring to something she has experienced or is currently experiencing, not something she read about (d).",a
C1_20_A_I,C1_20,250,1,ambiguous,ironic,c,She was disappointed with the smell of her car.,Mistral-7B-Instruct,Condition1B_context_richness_stimuli,general_reasoning,"You will read short stories that describe everyday situations and which finish with a person saying something. Your task is to decide, given the situation, what meaning the person is most likely conveying. Each story will be followed by 4 possible meaning interpretations listed from a to d. Read each story and choose the number corresponding to the most likely meaning. State the reasoning in 2-3 bullet points and the answer. You can only answer with a, b, c, or d.
Context: She bought a new car.
Target utterance: She says: """"I just love the new car smell.""""
What meaning is She most likely conveying?
a. She took her car to the gas station.
b. She could smell what her husband was cooking.
c. She was disappointed with the smell of her car.
d. She liked the smell of her car.
Reasoning:
Answer:
","d. She liked the smell of her car.

Reasoning:
- The statement ""I just love the new car smell"" is a common expression used when someone is expressing pleasure or enjoyment towards the fresh, new smell of a recently purchased car.
- There is no indication in the passage that she went to a gas station or that she could smell something her husband was cooking.
- The statement does not suggest any disappointment about the smell of her car.","['d', 'c', 'b', 'a']",2,A_I,"{'a': 8.25, 'b': 11.5625, 'c': 10.75, 'd': 22.375}","{'a': 7.337996521528112e-07, 'b': 2.014549681916833e-05, 'c': 8.93950982572278e-06, 'd': 0.9999701976776123}",0.9999701976776123,d,"- The statement ""I just love the new car smell"" is a common expression used when someone is expressing pleasure or enjoyment towards the fresh, new smell of a recently purchased car.
- There is no indication in the passage that she went to a gas station or that she could smell something her husband was cooking.
- The statement does not suggest any disappointment about the smell of her car.",a
C1_21_A_NI,C1_21,176,1,ambiguous,non-ironic,a,The birthday party was a great success.,Mistral-7B-Instruct,Condition1B_context_richness_stimuli,general_reasoning,"You will read short stories that describe everyday situations and which finish with a person saying something. Your task is to decide, given the situation, what meaning the person is most likely conveying. Each story will be followed by 4 possible meaning interpretations listed from a to d. Read each story and choose the number corresponding to the most likely meaning. State the reasoning in 2-3 bullet points and the answer. You can only answer with a, b, c, or d.
Context: She left the birthday party feeling sad.
Target utterance: She says: """"Truly a night to remember.""""
What meaning is She most likely conveying?
a. The birthday party was a great success.
b. She planned her next birthday party.
c. She had trouble remembering things.
d. The birthday party was a disappointment.
Reasoning:
Answer:
","d. The birthday party was a disappointment.

Reasoning:
- The speaker left the party feeling sad, which suggests that the party did not meet her expectations or she had a negative experience.
- The phrase ""Truly a night to remember"" is often used sarcastically to express disappointment or irony, especially when the event was not as good as expected.
- The options a, b, and c do not align with the context and the tone of the phrase.","['a', 'd', 'c', 'b']",2,A_NI,"{'a': 7.90625, 'b': 10.9375, 'c': 10.75, 'd': 22.625}","{'a': 4.0524835753785737e-07, 'b': 8.398010322707705e-06, 'c': 6.962195129744941e-06, 'd': 0.9999842643737793}",0.9999842643737793,d,"- The speaker left the party feeling sad, which suggests that the party did not meet her expectations or she had a negative experience.
- The phrase ""Truly a night to remember"" is often used sarcastically to express disappointment or irony, especially when the event was not as good as expected.
- The options a, b, and c do not align with the context and the tone of the phrase.",b
C1_22_UA_I,C1_22,269,1,unambiguous,ironic,c,"The wedding had been a dull, disappointing event from start to finish.",Mistral-7B-Instruct,Condition1B_context_richness_stimuli,general_reasoning,"You will read short stories that describe everyday situations and which finish with a person saying something. Your task is to decide, given the situation, what meaning the person is most likely conveying. Each story will be followed by 4 possible meaning interpretations listed from a to d. Read each story and choose the number corresponding to the most likely meaning. State the reasoning in 2-3 bullet points and the answer. You can only answer with a, b, c, or d.
Context: She left the wedding feeling miserable.
Target utterance: She says: """"What a magical day.""""
What meaning is She most likely conveying?
a. The magician wowed all the guests at the reception.
b. She helped organise the flowers for the wedding beforehand.
c. The wedding had been a dull, disappointing event from start to finish.
d. The wedding was a beautiful and enchanting occasion.
Reasoning:
Answer:
","d. The wedding was a beautiful and enchanting occasion.
Reasoning:
- The statement ""What a magical day"" is typically used to express positive feelings about an event, especially one that was special or memorable.
- Given that she left the wedding feeling miserable, it is unlikely that she would say this if the wedding had been a dull, disappointing event (c).
- It is also unlikely that she would be referring to a magician's performance at the reception (a), as this would not be the main focus of the wedding.
- The option ""She helped organise the flowers for the wedding beforehand"" (b) is not supported by the information given in the passage.","['c', 'd', 'b', 'a']",2,UA_I,"{'a': 7.125, 'b': 9.5625, 'c': 12.75, 'd': 22.75}","{'a': 1.6372995048641314e-07, 'b': 1.8737899836196448e-06, 'c': 4.5397777284961194e-05, 'd': 0.9999525547027588}",0.9999525547027588,d,"- The statement ""What a magical day"" is typically used to express positive feelings about an event, especially one that was special or memorable.
- Given that she left the wedding feeling miserable, it is unlikely that she would say this if the wedding had been a dull, disappointing event (c).
- It is also unlikely that she would be referring to a magician's performance at the reception (a), as this would not be the main focus of the wedding.
- The option ""She helped organise the flowers for the wedding beforehand"" (b) is not supported by the information given in the passage.",a
C1_23_UA_NI,C1_23,70,1,unambiguous,non-ironic,b,They had found the film dull from start to finish.,Mistral-7B-Instruct,Condition1B_context_richness_stimuli,general_reasoning,"You will read short stories that describe everyday situations and which finish with a person saying something. Your task is to decide, given the situation, what meaning the person is most likely conveying. Each story will be followed by 4 possible meaning interpretations listed from a to d. Read each story and choose the number corresponding to the most likely meaning. State the reasoning in 2-3 bullet points and the answer. You can only answer with a, b, c, or d.
Context: They left the cinema feeling miserable .
Target utterance: They say: """"What a painfull film.""""
What meaning is They most likely conveying?
a. The injection was over quickly, but it was painful.
b. They had found the film dull from start to finish.
c. They went to the same cinema as always.
d. They had found the film funny from start to finish.
Reasoning:
Answer:
","b. They had found the film dull from start to finish.

Reasoning:
- The context indicates that they left the cinema feeling miserable, which suggests they did not enjoy the film.
- The phrase ""What a painfull film"" implies that the film was difficult to watch or unpleasant, not necessarily physically painful.
- The options ""They had found the film funny from start to finish"" (d) contradicts the context of feeling miserable. The other options (a and c) do not relate to the situation described.","['c', 'a', 'd', 'b']",2,UA_NI,"{'a': 7.9375, 'b': 21.5, 'c': 9.625, 'd': 9.375}","{'a': 1.287879399569647e-06, 'b': 0.9999864101409912, 'c': 6.962210136407521e-06, 'd': 5.422174581326544e-06}",0.9999864101409912,b,"- The context indicates that they left the cinema feeling miserable, which suggests they did not enjoy the film.
- The phrase ""What a painfull film"" implies that the film was difficult to watch or unpleasant, not necessarily physically painful.
- The options ""They had found the film funny from start to finish"" (d) contradicts the context of feeling miserable. The other options (a and c) do not relate to the situation described.",a
C1_24_A_I,C1_24,210,1,ambiguous,ironic,d,The message brought negative news.,Mistral-7B-Instruct,Condition1B_context_richness_stimuli,general_reasoning,"You will read short stories that describe everyday situations and which finish with a person saying something. Your task is to decide, given the situation, what meaning the person is most likely conveying. Each story will be followed by 4 possible meaning interpretations listed from a to d. Read each story and choose the number corresponding to the most likely meaning. State the reasoning in 2-3 bullet points and the answer. You can only answer with a, b, c, or d.
Context: She received a message and was sad.
Target utterance: She says: """"These are amazing news.""""
What meaning is She most likely conveying?
a. The message brought good news.
b. What she read was news to her.
c. She wanted to send a message.
d. The message brought negative news.
Reasoning:
Answer:
","a. The message brought good news.
Reasoning:
- The person was sad before receiving the message.
- Good news would typically make a person happy or less sad.
- The phrase ""These are amazing news"" suggests excitement and positivity, which is not characteristic of negative news.
- The person did not indicate any intention of sending a message, so option c can be ruled out.
- The phrase ""These are amazing news"" does not imply that the message contained something new to the person, so option b can be ruled out.","['a', 'c', 'd', 'b']",2,A_I,"{'a': 21.875, 'b': 9.1875, 'c': 8.9375, 'd': 7.625}","{'a': 0.9999939203262329, 'b': 3.089485062446329e-06, 'c': 2.4060936993919313e-06, 'd': 6.475913210124418e-07}",0.9999939203262329,a,"- The person was sad before receiving the message.
- Good news would typically make a person happy or less sad.
- The phrase ""These are amazing news"" suggests excitement and positivity, which is not characteristic of negative news.
- The person did not indicate any intention of sending a message, so option c can be ruled out.
- The phrase ""These are amazing news"" does not imply that the message contained something new to the person, so option b can be ruled out.",a
C1_25_A_NI,C1_25,164,1,ambiguous,non-ironic,b,Her exam answers were impressively smart.,Mistral-7B-Instruct,Condition1B_context_richness_stimuli,general_reasoning,"You will read short stories that describe everyday situations and which finish with a person saying something. Your task is to decide, given the situation, what meaning the person is most likely conveying. Each story will be followed by 4 possible meaning interpretations listed from a to d. Read each story and choose the number corresponding to the most likely meaning. State the reasoning in 2-3 bullet points and the answer. You can only answer with a, b, c, or d.
Context: Her answers in the exam were stupid.
Target utterance: She says: """"What a genius.""""
What meaning is She most likely conveying?
a. She studied for her next exam.
b. Her exam answers were impressively smart.
c. Her exam answers were embarrassingly poor.
d. She had a high IQ.
Reasoning:
Answer:
","b. Her exam answers were impressively smart.

Reasoning:
- The speaker's statement ""What a genius"" is a positive comment, indicating that they believe the person being referred to (She) has shown exceptional intelligence or smartness.
- Given the context that her answers in the exam were stupid, it is unlikely that she is referring to her next exam (a) or her IQ (d), as these would not be relevant to the current exam situation.
- It is also unlikely that she is saying her exam answers were embarrassingly poor (c), as the statement ""What a genius"" contradicts this idea.","['d', 'a', 'b', 'c']",2,A_NI,"{'a': 7.25, 'b': 22.25, 'c': 10.5625, 'd': 9.5}","{'a': 3.058987942949898e-07, 'b': 0.9999884366989136, 'c': 8.398044883506373e-06, 'd': 2.9022867238381878e-06}",0.9999884366989136,b,"- The speaker's statement ""What a genius"" is a positive comment, indicating that they believe the person being referred to (She) has shown exceptional intelligence or smartness.
- Given the context that her answers in the exam were stupid, it is unlikely that she is referring to her next exam (a) or her IQ (d), as these would not be relevant to the current exam situation.
- It is also unlikely that she is saying her exam answers were embarrassingly poor (c), as the statement ""What a genius"" contradicts this idea.",a
C1_26_UA_I,C1_26,84,1,unambiguous,ironic,c,"As far as they were concerned, it was a poor suggestion.",Mistral-7B-Instruct,Condition1B_context_richness_stimuli,general_reasoning,"You will read short stories that describe everyday situations and which finish with a person saying something. Your task is to decide, given the situation, what meaning the person is most likely conveying. Each story will be followed by 4 possible meaning interpretations listed from a to d. Read each story and choose the number corresponding to the most likely meaning. State the reasoning in 2-3 bullet points and the answer. You can only answer with a, b, c, or d.
Context: Their colleague's suggestion was idiotic.
Target utterance: They said: """"We really had luck with that one.""""
What meaning is They most likely conveying?
a. They got lucky at the casino.
b. They thought that every project starts with a suggestion.
c. As far as they were concerned, it was a poor suggestion.
d. They were genuinely fortunate to have such a strong suggestion.
Reasoning:
Answer:
","c. As far as they were concerned, it was a poor suggestion.

Reasoning:
- The colleague's suggestion was idiotic, as stated in the context.
- The person is not expressing luck in a casino or any other context, as options a and d suggest.
- The person is not stating that every project starts with a suggestion, as option b suggests, because the suggestion in question was deemed idiotic.","['c', 'd', 'b', 'a']",2,UA_I,"{'a': 6.5625, 'b': 9.0625, 'c': 22.375, 'd': 9.375}","{'a': 1.3574278057149058e-07, 'b': 1.6536856719540083e-06, 'c': 0.9999959468841553, 'd': 2.2603203433391172e-06}",0.9999959468841553,c,"- The colleague's suggestion was idiotic, as stated in the context.
- The person is not expressing luck in a casino or any other context, as options a and d suggest.
- The person is not stating that every project starts with a suggestion, as option b suggests, because the suggestion in question was deemed idiotic.",b
C1_27_UA_NI,C1_27,74,1,unambiguous,non-ironic,b,His argument was strong and well presented.,Mistral-7B-Instruct,Condition1B_context_richness_stimuli,general_reasoning,"You will read short stories that describe everyday situations and which finish with a person saying something. Your task is to decide, given the situation, what meaning the person is most likely conveying. Each story will be followed by 4 possible meaning interpretations listed from a to d. Read each story and choose the number corresponding to the most likely meaning. State the reasoning in 2-3 bullet points and the answer. You can only answer with a, b, c, or d.
Context: His argument in the debate was idiotic.
Target utterance: She says: """"What a master of rhetoric.""""
What meaning is She most likely conveying?
a. Sokrates was a master of rhetoric.
b. His argument was strong and well presented.
c. She had an argument with him that night.
d. His argument was weak and poorly constructed.
Reasoning:
Answer:
","b. His argument was strong and well presented.

Reasoning:
- The phrase ""What a master of rhetoric"" is a compliment, implying that the person being referred to (in this case, the debater) is skilled in the art of persuasive speaking or argumentation.
- Given the context that his argument was idiotic, it is unlikely that she is referring to Sokrates, as he is not involved in the debate.
- It is also unlikely that she had an argument with him that night, as the phrase does not suggest any conflict.
- The statement ""His argument was weak and poorly constructed"" would be a criticism, which contradicts the complimentary tone of her statement.","['c', 'a', 'd', 'b']",2,UA_NI,"{'a': 7.375, 'b': 22.375, 'c': 10.5, 'd': 11.9375}","{'a': 3.058911204334436e-07, 'b': 0.9999634027481079, 'c': 6.962050065340009e-06, 'd': 2.9311324396985583e-05}",0.9999634027481079,b,"- The phrase ""What a master of rhetoric"" is a compliment, implying that the person being referred to (in this case, the debater) is skilled in the art of persuasive speaking or argumentation.
- Given the context that his argument was idiotic, it is unlikely that she is referring to Sokrates, as he is not involved in the debate.
- It is also unlikely that she had an argument with him that night, as the phrase does not suggest any conflict.
- The statement ""His argument was weak and poorly constructed"" would be a criticism, which contradicts the complimentary tone of her statement.",a
C1_28_A_I,C1_28,46,1,ambiguous,ironic,d,She believed that his business plan would fail.,Mistral-7B-Instruct,Condition1B_context_richness_stimuli,general_reasoning,"You will read short stories that describe everyday situations and which finish with a person saying something. Your task is to decide, given the situation, what meaning the person is most likely conveying. Each story will be followed by 4 possible meaning interpretations listed from a to d. Read each story and choose the number corresponding to the most likely meaning. State the reasoning in 2-3 bullet points and the answer. You can only answer with a, b, c, or d.
Context: His business plan was stupid.
Target utterance: She says: """"We will make lots of money with this.""""
What meaning is He most likely conveying?
a. She was interested in making lots of money.
b. He asked a colleague for help with his business plan.
c. She believed that his business plan would be successful.
d. She believed that his business plan would fail.
Reasoning:
Answer:
","c. She believed that his business plan would be successful.

Reasoning:
- The statement ""We will make lots of money with this"" suggests optimism and confidence about the potential success of the business plan.
- The context indicates that the business plan in question is his, so it is unlikely that she was asking for help with it (b).
- The statement does not indicate any negative sentiment about the business plan, so it is unlikely that she believed it would fail (d).","['c', 'd', 'a', 'b']",2,A_I,"{'a': 8.6875, 'b': 10.0625, 'c': 22.375, 'd': 8.75}","{'a': 1.1365572163413162e-06, 'b': 4.495171197049785e-06, 'c': 0.9999932050704956, 'd': 1.2098589650122449e-06}",0.9999932050704956,c,"- The statement ""We will make lots of money with this"" suggests optimism and confidence about the potential success of the business plan.
- The context indicates that the business plan in question is his, so it is unlikely that she was asking for help with it (b).
- The statement does not indicate any negative sentiment about the business plan, so it is unlikely that she believed it would fail (d).",a
C1_29_A_NI,C1_29,202,1,ambiguous,non-ironic,b,The restaurant visit was genuinely outstanding.,Mistral-7B-Instruct,Condition1B_context_richness_stimuli,general_reasoning,"You will read short stories that describe everyday situations and which finish with a person saying something. Your task is to decide, given the situation, what meaning the person is most likely conveying. Each story will be followed by 4 possible meaning interpretations listed from a to d. Read each story and choose the number corresponding to the most likely meaning. State the reasoning in 2-3 bullet points and the answer. You can only answer with a, b, c, or d.
Context: After the restaurant visit he was hungry.
Target utterance: He says: """"Best dinner ever.""""
What meaning is He most likely conveying?
a. He looked forward to this restaurant visit for weeks.
b. The restaurant visit was genuinely outstanding.
c. The restaurant visit was a real disappointment.
d. It was the best-reviewed dinner spot in the whole city.
Reasoning:
Answer:
","b. The restaurant visit was genuinely outstanding.

Reasoning:
- The person's statement ""Best dinner ever"" suggests that they enjoyed the meal and found it exceptional.
- There is no indication in the passage that the person had been looking forward to the visit for weeks, so option a can be ruled out.
- The passage does not provide information about the restaurant's reputation, so option d can be ruled out.
- Since the person was hungry after the visit, it is unlikely that the visit was a real disappointment, so option c can be ruled out.","['d', 'a', 'b', 'c']",2,A_NI,"{'a': 6.375, 'b': 21.375, 'c': 8.0625, 'd': 8.8125}","{'a': 3.0590064170610276e-07, 'b': 0.9999945163726807, 'c': 1.6536832845304161e-06, 'd': 3.5008474696951453e-06}",0.9999945163726807,b,"- The person's statement ""Best dinner ever"" suggests that they enjoyed the meal and found it exceptional.
- There is no indication in the passage that the person had been looking forward to the visit for weeks, so option a can be ruled out.
- The passage does not provide information about the restaurant's reputation, so option d can be ruled out.
- Since the person was hungry after the visit, it is unlikely that the visit was a real disappointment, so option c can be ruled out.",a
C1_30_UA_I,C1_30,151,1,unambiguous,ironic,c,There had been very little worth eating at the buffet.,Mistral-7B-Instruct,Condition1B_context_richness_stimuli,general_reasoning,"You will read short stories that describe everyday situations and which finish with a person saying something. Your task is to decide, given the situation, what meaning the person is most likely conveying. Each story will be followed by 4 possible meaning interpretations listed from a to d. Read each story and choose the number corresponding to the most likely meaning. State the reasoning in 2-3 bullet points and the answer. You can only answer with a, b, c, or d.
Context: He left the buffet feeling starving.
Target utterance: He says: """"Truly a feast for the senses."" ""
What meaning is He most likely conveying?
a. The buffet was a rich.
b. Diners often have a buffet.
c. There had been very little worth eating at the buffet.
d. The feast was celebrated every year in their village.
Reasoning:
Answer:
","a. The buffet was a rich (feast for the senses)

Reasoning:
- The person left the buffet feeling starving, which suggests they were not satisfied with the food they ate.
- Saying ""Truly a feast for the senses"" implies that the food was enjoyable or pleasing to the senses, which contradicts their initial feeling of hunger.
- Options b, c, and d do not fit the context as they do not convey a positive sentiment about the buffet.","['a', 'd', 'b', 'c']",2,UA_I,"{'a': 22.0, 'b': 9.5, 'c': 8.125, 'd': 12.375}","{'a': 0.9999293088912964, 'b': 3.726389650182682e-06, 'c': 9.421788718100288e-07, 'd': 6.605183443753049e-05}",0.9999293088912964,a,"- The person left the buffet feeling starving, which suggests they were not satisfied with the food they ate.
- Saying ""Truly a feast for the senses"" implies that the food was enjoyable or pleasing to the senses, which contradicts their initial feeling of hunger.
- Options b, c, and d do not fit the context as they do not convey a positive sentiment about the buffet.",a
C1_31_UA_NI,C1_31,119,1,unambiguous,non-ironic,d,The picnic was nourishing and genuinely enjoyable.,Mistral-7B-Instruct,Condition1B_context_richness_stimuli,general_reasoning,"You will read short stories that describe everyday situations and which finish with a person saying something. Your task is to decide, given the situation, what meaning the person is most likely conveying. Each story will be followed by 4 possible meaning interpretations listed from a to d. Read each story and choose the number corresponding to the most likely meaning. State the reasoning in 2-3 bullet points and the answer. You can only answer with a, b, c, or d.
Context: They left the picnic feeling starving.
Target utterance: They say: """"Food for the soul.""""
What meaning is They most likely conveying?
a. She always kept her soul music collection in good order.
b. There was barely anything to eat; they left unsatisfied.
c. They spent the morning preparing sandwiches for the picnic.
d. The picnic was nourishing and genuinely enjoyable.
Reasoning:
Answer:
","b. There was barely anything to eat; they left unsatisfied.

Reasoning:
- The context states that they left the picnic feeling starving.
- The phrase ""Food for the soul"" is often used to express a deep emotional or spiritual satisfaction, but in this context, it is unlikely that the picnic was emotionally or spiritually fulfilling given their hunger.
- The other options do not fit the context as they do not relate to the situation of leaving a picnic feeling hungry.","['c', 'b', 'd', 'a']",2,UA_NI,"{'a': 8.25, 'b': 21.875, 'c': 9.875, 'd': 11.375}","{'a': 1.2098248589609284e-06, 'b': 0.9999650716781616, 'c': 6.143997779872734e-06, 'd': 2.7535486879060045e-05}",0.9999650716781616,b,"- The context states that they left the picnic feeling starving.
- The phrase ""Food for the soul"" is often used to express a deep emotional or spiritual satisfaction, but in this context, it is unlikely that the picnic was emotionally or spiritually fulfilling given their hunger.
- The other options do not fit the context as they do not relate to the situation of leaving a picnic feeling hungry.",b
C1_32_A_I,C1_32,177,1,ambiguous,ironic,d,The waiter had forgotten to fill his plate and he did not eat anything.,Mistral-7B-Instruct,Condition1B_context_richness_stimuli,general_reasoning,"You will read short stories that describe everyday situations and which finish with a person saying something. Your task is to decide, given the situation, what meaning the person is most likely conveying. Each story will be followed by 4 possible meaning interpretations listed from a to d. Read each story and choose the number corresponding to the most likely meaning. State the reasoning in 2-3 bullet points and the answer. You can only answer with a, b, c, or d.
Context: He looked at the empty plate in front of him and was hungry.
Target utterance: He says: """"No way I could eat more."" ""
What meaning is He most likely conveying?
a. He prefers to eat his lunch alone.
b. His plate had been full with food and he ate it all up.
c. He went to a stylish pottery to buy a special plate.
d. The waiter had forgotten to fill his plate and he did not eat anything.
Reasoning:
Answer:
","b. His plate had been full with food and he ate it all up.

Reasoning:
- The context describes that he was looking at an empty plate, which suggests that he had eaten something.
- The statement ""No way I could eat more"" implies that he has already eaten a sufficient amount of food.
- The other options do not fit the context as they do not relate to the person having eaten food or the empty plate in front of him.","['c', 'a', 'd', 'b']",2,A_I,"{'a': 8.0625, 'b': 22.125, 'c': 10.25, 'd': 9.625}","{'a': 7.811400450918882e-07, 'b': 0.9999885559082031, 'c': 6.9622251430701e-06, 'd': 3.7266104300215375e-06}",0.9999885559082031,b,"- The context describes that he was looking at an empty plate, which suggests that he had eaten something.
- The statement ""No way I could eat more"" implies that he has already eaten a sufficient amount of food.
- The other options do not fit the context as they do not relate to the person having eaten food or the empty plate in front of him.",a
C1_33_A_NI,C1_33,281,1,ambiguous,non-ironic,a,The library was a calm and quiet environment.,Mistral-7B-Instruct,Condition1B_context_richness_stimuli,general_reasoning,"You will read short stories that describe everyday situations and which finish with a person saying something. Your task is to decide, given the situation, what meaning the person is most likely conveying. Each story will be followed by 4 possible meaning interpretations listed from a to d. Read each story and choose the number corresponding to the most likely meaning. State the reasoning in 2-3 bullet points and the answer. You can only answer with a, b, c, or d.
Context: She walked into the library and it was quiet.
Target utterance: She says: """"Perfect place to concentrate.""""
What meaning is She most likely conveying?
a. The library was a calm and quiet environment.
b. She looked for a new book in the library.
c. The library was far too noisy to concentrate.
d. She asked her colleague for a place to concentrate.
Reasoning:
Answer:
","a. The library was a calm and quiet environment.
Reasoning:
- The story describes the library as quiet, which aligns with the statement that it is a perfect place to concentrate, as quiet environments are often conducive to focused work or study.
- There is no indication that she was looking for a book or asking a colleague for a place to concentrate.
- The statement does not imply that the library was too noisy, as the story describes it as quiet.","['a', 'd', 'b', 'c']",2,A_NI,"{'a': 21.875, 'b': 8.25, 'c': 7.65625, 'd': 6.96875}","{'a': 0.9999977350234985, 'b': 1.2098644219804555e-06, 'c': 6.681505624328565e-07, 'd': 3.3596720072637254e-07}",0.9999977350234985,a,"- The story describes the library as quiet, which aligns with the statement that it is a perfect place to concentrate, as quiet environments are often conducive to focused work or study.
- There is no indication that she was looking for a book or asking a colleague for a place to concentrate.
- The statement does not imply that the library was too noisy, as the story describes it as quiet.",a
C1_34_UA_I,C1_34,137,1,unambiguous,ironic,b,The concert was pretty loud.,Mistral-7B-Instruct,Condition1B_context_richness_stimuli,general_reasoning,"You will read short stories that describe everyday situations and which finish with a person saying something. Your task is to decide, given the situation, what meaning the person is most likely conveying. Each story will be followed by 4 possible meaning interpretations listed from a to d. Read each story and choose the number corresponding to the most likely meaning. State the reasoning in 2-3 bullet points and the answer. You can only answer with a, b, c, or d.
Context: We came back from a concert which was inaudible.
Target utterance: I say: """"I've almost gone deaf.""""
What meaning is She most likely conveying?
a. I was looking forward to the next concert.
b. The concert was pretty loud.
c. My grandfather is deaf.
d. The concert was surprisingly quiet.
Reasoning:
Answer:
","b. The concert was pretty loud.

Reasoning:
- The statement ""I've almost gone deaf"" suggests that the person's hearing was negatively affected by the concert, which implies that it was loud.
- The concert being inaudible (unable to be heard) also supports the idea that it was loud, as it would be difficult to hear anything over extremely loud noise.
- The other options do not fit the context of the situation described in the passage. The person did not express any desire for the next concert (a), there is no indication that the person's grandfather is deaf (c), and the concert being quiet would contradict the fact that it was inaudible (","['d', 'b', 'c', 'a']",2,UA_I,"{'a': 7.21875, 'b': 21.625, 'c': 9.6875, 'd': 10.625}","{'a': 5.539043286262313e-07, 'b': 0.9999761581420898, 'c': 6.540324193338165e-06, 'd': 1.670130222919397e-05}",0.9999761581420898,b,"- The statement ""I've almost gone deaf"" suggests that the person's hearing was negatively affected by the concert, which implies that it was loud.
- The concert being inaudible (unable to be heard) also supports the idea that it was loud, as it would be difficult to hear anything over extremely loud noise.
- The other options do not fit the context of the situation described in the passage. The person did not express any desire for the next concert (a), there is no indication that the person's grandfather is deaf (c), and the concert being quiet would contradict the fact that it was inaudible (",b
C1_35_UA_NI,C1_35,38,1,unambiguous,non-ironic,b,The movie was too quiet to hear.,Mistral-7B-Instruct,Condition1B_context_richness_stimuli,general_reasoning,"You will read short stories that describe everyday situations and which finish with a person saying something. Your task is to decide, given the situation, what meaning the person is most likely conveying. Each story will be followed by 4 possible meaning interpretations listed from a to d. Read each story and choose the number corresponding to the most likely meaning. State the reasoning in 2-3 bullet points and the answer. You can only answer with a, b, c, or d.
Context:  She watched a movie in the theater and found it inaudible.
Target utterance: She says: """"It was so difficult to hear.""""
What meaning is She most likely conveying?
a. Watching a movie in the theater is a real event.
b. The movie was too quiet to hear.
c. The movie was very loud.
d. She generally has difficulties with her hearing.
Reasoning:
Answer:
","d. She generally has difficulties with her hearing.

Reasoning:
- The movie was inaudible for her, suggesting a personal issue with hearing rather than the volume of the movie being too low or too high.
- The statement ""It was so difficult to hear"" implies a persistent issue rather than a one-time problem.
- The context does not provide any information to suggest that the movie was too quiet or too loud, or that it was a unique event.","['d', 'a', 'b', 'c']",2,UA_NI,"{'a': 8.875, 'b': 10.75, 'c': 12.0, 'd': 22.5}","{'a': 1.2098229262846871e-06, 'b': 7.889036169217434e-06, 'c': 2.7535441404324956e-05, 'd': 0.9999634027481079}",0.9999634027481079,d,"- The movie was inaudible for her, suggesting a personal issue with hearing rather than the volume of the movie being too low or too high.
- The statement ""It was so difficult to hear"" implies a persistent issue rather than a one-time problem.
- The context does not provide any information to suggest that the movie was too quiet or too loud, or that it was a unique event.",c
C1_36_A_I,C1_36,170,1,ambiguous,ironic,a,He expected to hear louder music from his neighbours' party.,Mistral-7B-Instruct,Condition1B_context_richness_stimuli,general_reasoning,"You will read short stories that describe everyday situations and which finish with a person saying something. Your task is to decide, given the situation, what meaning the person is most likely conveying. Each story will be followed by 4 possible meaning interpretations listed from a to d. Read each story and choose the number corresponding to the most likely meaning. State the reasoning in 2-3 bullet points and the answer. You can only answer with a, b, c, or d.
Context: His neighbours' music was quiet.
Target utterance: He says: """"It seems like they are having a great party.""""
What meaning is He most likely conveying?
a. He expected to hear louder music from his neighbours' party.
b. He is still unsure which party to vote for in the upcoming elections.
c. He likes talking about pop music.
d. He thinks that his neighbours' are playing music for a party.
Reasoning:
Answer:
","d. He thinks that his neighbours' are playing music for a party.

Reasoning:
- The context states that the music was quiet, which suggests that it was not as loud as the person expected or hoped for a party.
- The person's statement ""It seems like they are having a great party"" implies that they believe a party is happening based on the music they are hearing, even though it is quiet.
- The other options do not fit the context or the statement made by the person. For example, there is no indication that the person is discussing politics (b), and the statement does not indicate a preference for or discussion about pop music (c).","['b', 'c', 'd', 'a']",2,A_I,"{'a': 7.96875, 'b': 9.9375, 'c': 9.875, 'd': 22.75}","{'a': 3.806993902344402e-07, 'b': 2.726462071223068e-06, 'c': 2.561274186518858e-06, 'd': 0.9999942779541016}",0.9999942779541016,d,"- The context states that the music was quiet, which suggests that it was not as loud as the person expected or hoped for a party.
- The person's statement ""It seems like they are having a great party"" implies that they believe a party is happening based on the music they are hearing, even though it is quiet.
- The other options do not fit the context or the statement made by the person. For example, there is no indication that the person is discussing politics (b), and the statement does not indicate a preference for or discussion about pop music (c).",a
C1_37_A_NI,C1_37,153,1,ambiguous,non-ironic,d,The questions required thorough preparation to answer.,Mistral-7B-Instruct,Condition1B_context_richness_stimuli,general_reasoning,"You will read short stories that describe everyday situations and which finish with a person saying something. Your task is to decide, given the situation, what meaning the person is most likely conveying. Each story will be followed by 4 possible meaning interpretations listed from a to d. Read each story and choose the number corresponding to the most likely meaning. State the reasoning in 2-3 bullet points and the answer. You can only answer with a, b, c, or d.
Context: She prepared difficult questions for the students.
Target utterance: She says: """"I hope they're prepared for this.""""
What meaning is She most likely conveying?
a. She had never felt so well prepared for a meeting.
b. The questions were straightforward and required little effort.
c. She posted the question on the class forum.
d. The questions required thorough preparation to answer.
Reasoning:
Answer:
","d. The questions required thorough preparation to answer.
Reasoning:
- The context suggests that she prepared difficult questions for the students, which implies that answering them would require effort and preparation.
- The phrase ""I hope they're prepared for this"" indicates that she is expressing a hope that the students have prepared themselves to answer the questions she has prepared.
- The other options do not fit the context or the phrase used by the person in the story.","['c', 'b', 'd', 'a']",2,A_NI,"{'a': 8.25, 'b': 10.8125, 'c': 11.625, 'd': 22.625}","{'a': 5.714866802009055e-07, 'b': 7.411152182612568e-06, 'c': 1.6701287677278742e-05, 'd': 0.999975323677063}",0.999975323677063,d,"- The context suggests that she prepared difficult questions for the students, which implies that answering them would require effort and preparation.
- The phrase ""I hope they're prepared for this"" indicates that she is expressing a hope that the students have prepared themselves to answer the questions she has prepared.
- The other options do not fit the context or the phrase used by the person in the story.",a
C1_38_UA_I,C1_38,20,1,unambiguous,ironic,a,Booking the appointment was frustrating and difficult.,Mistral-7B-Instruct,Condition1B_context_richness_stimuli,general_reasoning,"You will read short stories that describe everyday situations and which finish with a person saying something. Your task is to decide, given the situation, what meaning the person is most likely conveying. Each story will be followed by 4 possible meaning interpretations listed from a to d. Read each story and choose the number corresponding to the most likely meaning. State the reasoning in 2-3 bullet points and the answer. You can only answer with a, b, c, or d.
Context: He booked an appointment through a system which was impossible to use.
Target utterance: He says:  """"That was about as easy as it gets.""""
What meaning is He most likely conveying?
a. Booking the appointment was frustrating and difficult.
b. Booking the appointment was straightforward and effortless.
c. He always found parallel parking easy as it gets.
d. He decided to cancel the appointment.
Reasoning:
Answer:
","a. Booking the appointment was frustrating and difficult.

Reasoning:
- The statement ""That was about as easy as it gets"" is typically used to express sarcasm or irony when something is actually difficult or challenging.
- In this context, since the person booked an appointment through a system which was impossible to use, it is likely that they found the process difficult and are using the statement to express their frustration.
- The other options do not fit the context as they suggest the opposite of what the person experienced.","['b', 'a', 'c', 'd']",2,UA_I,"{'a': 21.75, 'b': 9.5, 'c': 8.6875, 'd': 7.5}","{'a': 0.9999924898147583, 'b': 4.785081273439573e-06, 'c': 2.1233670395304216e-06, 'd': 6.475903546743211e-07}",0.9999924898147583,a,"- The statement ""That was about as easy as it gets"" is typically used to express sarcasm or irony when something is actually difficult or challenging.
- In this context, since the person booked an appointment through a system which was impossible to use, it is likely that they found the process difficult and are using the statement to express their frustration.
- The other options do not fit the context as they suggest the opposite of what the person experienced.",b
C1_39_UA_NI,C1_39,224,1,unambiguous,non-ironic,b,Completing the task was a genuine sign of intelligence.,Mistral-7B-Instruct,Condition1B_context_richness_stimuli,general_reasoning,"You will read short stories that describe everyday situations and which finish with a person saying something. Your task is to decide, given the situation, what meaning the person is most likely conveying. Each story will be followed by 4 possible meaning interpretations listed from a to d. Read each story and choose the number corresponding to the most likely meaning. State the reasoning in 2-3 bullet points and the answer. You can only answer with a, b, c, or d.
Context: They finished an impossible task for their maths lesson.
Target utterance: They say: """"We must be very smart.""""
What meaning is They most likely conveying?
a. Anyone could have done the task, no special abilities required.
b. Completing the task was a genuine sign of intelligence.
c. They were always smart about managing their money.
d. They were given another task after the math lesson.
Reasoning:
Answer:
","b. Completing the task was a genuine sign of intelligence.

Reasoning:
- The task was impossible, implying it required a high level of intelligence to solve.
- The statement ""We must be very smart"" suggests that they believe they have demonstrated their intelligence by completing the task.
- There is no indication in the passage that anyone else could have done the task, or that they were discussing their financial management, or that they were given another task after the math lesson.","['b', 'a', 'c', 'd']",2,UA_NI,"{'a': 8.5, 'b': 22.0, 'c': 10.0625, 'd': 9.0}","{'a': 1.3709450286114588e-06, 'b': 0.9999897480010986, 'c': 6.540413323818939e-06, 'd': 2.2603062461712398e-06}",0.9999897480010986,b,"- The task was impossible, implying it required a high level of intelligence to solve.
- The statement ""We must be very smart"" suggests that they believe they have demonstrated their intelligence by completing the task.
- There is no indication in the passage that anyone else could have done the task, or that they were discussing their financial management, or that they were given another task after the math lesson.",a
C1_40_A_I,C1_40,274,1,ambiguous,ironic,c,Making the payment was complicated and painful.,Mistral-7B-Instruct,Condition1B_context_richness_stimuli,general_reasoning,"You will read short stories that describe everyday situations and which finish with a person saying something. Your task is to decide, given the situation, what meaning the person is most likely conveying. Each story will be followed by 4 possible meaning interpretations listed from a to d. Read each story and choose the number corresponding to the most likely meaning. State the reasoning in 2-3 bullet points and the answer. You can only answer with a, b, c, or d.
Context: He made a payment through a website which was difficult to use.
Target utterance: He says:  """"Technology at its finest.""""
What meaning is He most likely conveying?
a. He decided to cancel the payment altogether.
b. He always thought the finest restaurants required a reservation.
c. Making the payment was complicated and painful.
d. Making the payment was a smooth and effortless experience.
Reasoning:
Answer:
","c. Making the payment was complicated and painful.
Reasoning:
- The statement ""Technology at its finest"" is often used sarcastically to express frustration or disappointment when technology does not work as expected.
- In this context, the person made a payment through a difficult-to-use website, which aligns with the sarcastic tone and the sentiment of frustration.
- The other options do not fit the context as they do not convey a sense of difficulty or complication in the payment process.","['d', 'c', 'b', 'a']",2,A_I,"{'a': 8.125, 'b': 10.0, 'c': 22.25, 'd': 9.875}","{'a': 7.33814431441715e-07, 'b': 4.785070814250503e-06, 'c': 0.9999903440475464, 'd': 4.222810275678057e-06}",0.9999903440475464,c,"- The statement ""Technology at its finest"" is often used sarcastically to express frustration or disappointment when technology does not work as expected.
- In this context, the person made a payment through a difficult-to-use website, which aligns with the sarcastic tone and the sentiment of frustration.
- The other options do not fit the context as they do not convey a sense of difficulty or complication in the payment process.",b
C1_41_A_NI,C1_41,90,1,ambiguous,non-ironic,d,Her kitchen was tidy.,Mistral-7B-Instruct,Condition1B_context_richness_stimuli,general_reasoning,"You will read short stories that describe everyday situations and which finish with a person saying something. Your task is to decide, given the situation, what meaning the person is most likely conveying. Each story will be followed by 4 possible meaning interpretations listed from a to d. Read each story and choose the number corresponding to the most likely meaning. State the reasoning in 2-3 bullet points and the answer. You can only answer with a, b, c, or d.
Context: She finished cooking and the kitchen was clean.
Target utterance: She says: """"I'm the sort of person who likes to keep things tidy.""""
What meaning is She most likely conveying?
a. The apartment came with a fully equipped kitchen.
b. Children should regularly tidy up their rooms.
c. Her kitchen was a mess.
d. Her kitchen was tidy.
Reasoning:
Answer:
","d. Her kitchen was tidy.
Reasoning:
- The statement ""I'm the sort of person who likes to keep things tidy"" implies that the speaker prefers a clean and organized environment.
- The fact that she finished cooking and the kitchen was clean supports this interpretation.
- The other options do not fit the context provided in the story. For example, ""The apartment came with a fully equipped kitchen"" is not relevant to the situation, ""Children should regularly tidy up their rooms"" is not about the kitchen, and ""Her kitchen was a mess"" contradicts the given information that the kitchen was clean.","['d', 'c', 'b', 'a']",2,A_NI,"{'a': 9.3125, 'b': 11.0, 'c': 11.0, 'd': 22.5}","{'a': 1.8738373910309747e-06, 'b': 1.0129869224329013e-05, 'c': 1.0129869224329013e-05, 'd': 0.9999778270721436}",0.9999778270721436,d,"- The statement ""I'm the sort of person who likes to keep things tidy"" implies that the speaker prefers a clean and organized environment.
- The fact that she finished cooking and the kitchen was clean supports this interpretation.
- The other options do not fit the context provided in the story. For example, ""The apartment came with a fully equipped kitchen"" is not relevant to the situation, ""Children should regularly tidy up their rooms"" is not about the kitchen, and ""Her kitchen was a mess"" contradicts the given information that the kitchen was clean.",a
C1_42_UA_I,C1_42,220,1,unambiguous,ironic,c,The room was left in a terrible state for far too long.,Mistral-7B-Instruct,Condition1B_context_richness_stimuli,general_reasoning,"You will read short stories that describe everyday situations and which finish with a person saying something. Your task is to decide, given the situation, what meaning the person is most likely conveying. Each story will be followed by 4 possible meaning interpretations listed from a to d. Read each story and choose the number corresponding to the most likely meaning. State the reasoning in 2-3 bullet points and the answer. You can only answer with a, b, c, or d.
Context: They walked into the room and found it pristine.
Target utterance: They said: ""“Looks like you didn’t wait too long to clean it.”""
What meaning is They most likely conveying?
a. They decided to book a different room altogether.
b. The room was tidied up well before it got too messy.
c. The room was left in a terrible state for far too long.
d. They never had to wait long for a table.
Reasoning:
Answer:
","c. The room was left in a terrible state for far too long.

Reasoning:
- The statement implies that the room was clean, which suggests that it was previously in a messy state.
- ""Too long"" indicates that the room was left in a mess for an extended period.
- The phrase ""didn't wait too long"" is a negative way of saying that the room was cleaned promptly, which contradicts the cleanliness of the room. Therefore, the room must have been left in a terrible state for a long time before it was cleaned.","['d', 'a', 'b', 'c']",2,UA_I,"{'a': 7.3125, 'b': 10.75, 'c': 22.625, 'd': 11.125}","{'a': 2.2379904862646072e-07, 'b': 6.96218421580852e-06, 'c': 0.9999827146530151, 'd': 1.0129918337042909e-05}",0.9999827146530151,c,"- The statement implies that the room was clean, which suggests that it was previously in a messy state.
- ""Too long"" indicates that the room was left in a mess for an extended period.
- The phrase ""didn't wait too long"" is a negative way of saying that the room was cleaned promptly, which contradicts the cleanliness of the room. Therefore, the room must have been left in a terrible state for a long time before it was cleaned.",b
C1_43_UA_NI,C1_43,41,1,unambiguous,non-ironic,d,The street was genuinely pleasant.,Mistral-7B-Instruct,Condition1B_context_richness_stimuli,general_reasoning,"You will read short stories that describe everyday situations and which finish with a person saying something. Your task is to decide, given the situation, what meaning the person is most likely conveying. Each story will be followed by 4 possible meaning interpretations listed from a to d. Read each story and choose the number corresponding to the most likely meaning. State the reasoning in 2-3 bullet points and the answer. You can only answer with a, b, c, or d.
Context: The street was pristine.
Target utterance: They say:  """"Such a beautiful walk.""""
What meaning is They most likely conveying?
a. The street was far from pretty.
b. A dog was barking on the street.
c. They went for a walk in the park.
d. The street was genuinely pleasant.
Reasoning:
Answer:
","d. The street was genuinely pleasant.
Reasoning:
- The statement ""Such a beautiful walk"" suggests a positive sentiment about the walk, which is consistent with the description of the street being pristine.
- The other options do not fit the context as there is no indication of a dog barking, they were not in a park, and the street being far from pretty contradicts the initial description of it being pristine.","['b', 'd', 'c', 'a']",2,UA_NI,"{'a': 8.0, 'b': 10.4375, 'c': 11.5, 'd': 22.75}","{'a': 3.927793272850977e-07, 'b': 4.495121174841188e-06, 'c': 1.300706480833469e-05, 'd': 0.9999821186065674}",0.9999821186065674,d,"- The statement ""Such a beautiful walk"" suggests a positive sentiment about the walk, which is consistent with the description of the street being pristine.
- The other options do not fit the context as there is no indication of a dog barking, they were not in a park, and the street being far from pretty contradicts the initial description of it being pristine.",a
C1_44_A_I,C1_44,167,1,ambiguous,ironic,b,The floor was very dirty.,Mistral-7B-Instruct,Condition1B_context_richness_stimuli,general_reasoning,"You will read short stories that describe everyday situations and which finish with a person saying something. Your task is to decide, given the situation, what meaning the person is most likely conveying. Each story will be followed by 4 possible meaning interpretations listed from a to d. Read each story and choose the number corresponding to the most likely meaning. State the reasoning in 2-3 bullet points and the answer. You can only answer with a, b, c, or d.
Context: The floor was clean.
Target utterance: She says: """"You could practically eat off the floor here.""""
What meaning is She most likely conveying?
a. The dance floor was very empty.
b. The floor was very dirty.
c. She could eat a whole cake.
d. The floor was very clean.
Reasoning:
Answer:
","d. The floor was very clean.
Reasoning:
- The statement ""You could practically eat off the floor here"" is a common idiom used to express that a surface is extremely clean.
- In this context, the cleanliness of the floor is being emphasized.
- There is no indication that the floor is empty, dirty, or that the person is hungry enough to eat a whole cake.","['d', 'b', 'c', 'a']",2,A_I,"{'a': 8.8125, 'b': 11.25, 'c': 10.5625, 'd': 22.75}","{'a': 8.85143435880309e-07, 'b': 1.0129931069968734e-05, 'c': 5.093649178888882e-06, 'd': 0.9999839067459106}",0.9999839067459106,d,"- The statement ""You could practically eat off the floor here"" is a common idiom used to express that a surface is extremely clean.
- In this context, the cleanliness of the floor is being emphasized.
- There is no indication that the floor is empty, dirty, or that the person is hungry enough to eat a whole cake.",a
C1_45_A_NI,C1_45,60,1,ambiguous,non-ironic,c,The movie was funny and great.,Mistral-7B-Instruct,Condition1B_context_richness_stimuli,general_reasoning,"You will read short stories that describe everyday situations and which finish with a person saying something. Your task is to decide, given the situation, what meaning the person is most likely conveying. Each story will be followed by 4 possible meaning interpretations listed from a to d. Read each story and choose the number corresponding to the most likely meaning. State the reasoning in 2-3 bullet points and the answer. You can only answer with a, b, c, or d.
Context: They watched a serious movie.
Target utterance: They say: """"That was the perfect movie for a laugh.""""
What meaning is They most likely conveying?
a. They had such a perfect night.
b. The movie wasn't amusing.
c. The movie was funny and great.
d. They saw three movies that week.
Reasoning:
Answer:
","c. The movie was funny and great.

Reasoning:
- The statement ""That was the perfect movie for a laugh"" implies that the movie was intended to be humorous and the speaker found it to be so.
- The context does not suggest that they had a perfect night, as the statement is specific to the movie and not the entire evening.
- The statement does not indicate that the movie wasn't amusing, as the speaker is expressing positivity about the movie.
- The statement does not suggest that they saw three movies that week, as the speaker is only commenting on the movie they watched.","['c', 'b', 'a', 'd']",2,A_NI,"{'a': 7.75, 'b': 9.25, 'c': 22.75, 'd': 10.0}","{'a': 3.0590092592319706e-07, 'b': 1.3709528730032616e-06, 'c': 0.9999954700469971, 'd': 2.9023071874689776e-06}",0.9999954700469971,c,"- The statement ""That was the perfect movie for a laugh"" implies that the movie was intended to be humorous and the speaker found it to be so.
- The context does not suggest that they had a perfect night, as the statement is specific to the movie and not the entire evening.
- The statement does not indicate that the movie wasn't amusing, as the speaker is expressing positivity about the movie.
- The statement does not suggest that they saw three movies that week, as the speaker is only commenting on the movie they watched.",a
C1_46_UA_I,C1_46,124,1,unambiguous,ironic,a,The musical was purely for laughs.,Mistral-7B-Instruct,Condition1B_context_richness_stimuli,general_reasoning,"You will read short stories that describe everyday situations and which finish with a person saying something. Your task is to decide, given the situation, what meaning the person is most likely conveying. Each story will be followed by 4 possible meaning interpretations listed from a to d. Read each story and choose the number corresponding to the most likely meaning. State the reasoning in 2-3 bullet points and the answer. You can only answer with a, b, c, or d.
Context: The musical she watched was really grim.
Target utterance: She says: """"That cracked me up.""""
What meaning is She most likely conveying?
a. The musical was purely for laughs.
b. She answered some questions about the musical.
c. The musical left her deeply moved.
d. The joke cracked everyone up.
Reasoning:
Answer:
","a. The musical was not intended to be funny, but her comment ""That cracked me up"" suggests that she found something humorous or amusing in the musical, which was unexpected given its grim nature.
b. There is no indication in the passage that she answered any questions about the musical.
c. The musical was grim, so it is unlikely that it left her deeply moved.
d. There is no mention of a joke being told, so it is not likely that she is referring to a joke cracking everyone up.","['b', 'd', 'a', 'c']",2,UA_I,"{'a': 22.25, 'b': 8.9375, 'c': 7.625, 'd': 10.75}","{'a': 0.9999877214431763, 'b': 1.6536720295334817e-06, 'c': 4.450797916888405e-07, 'd': 1.0129969268746208e-05}",0.9999877214431763,a,,b
C1_47_UA_NI,C1_47,152,1,unambiguous,non-ironic,c,The situation was genuinely amusing.,Mistral-7B-Instruct,Condition1B_context_richness_stimuli,general_reasoning,"You will read short stories that describe everyday situations and which finish with a person saying something. Your task is to decide, given the situation, what meaning the person is most likely conveying. Each story will be followed by 4 possible meaning interpretations listed from a to d. Read each story and choose the number corresponding to the most likely meaning. State the reasoning in 2-3 bullet points and the answer. You can only answer with a, b, c, or d.
Context: The situation was grim.
Target utterance: She says: """"Truly something to laugh about.""""
What meaning is She most likely conveying?
a. She tried to make the best of the situation.
b. The situation was far too serious.
c. The situation was genuinely amusing.
d. She always found it hard to laugh about things.
Reasoning:
Answer:
","a. She tried to make the best of the situation.

Reasoning:
- The phrase ""Truely something to laugh about"" is often used to express finding a humorous or light-hearted aspect in a difficult or grim situation.
- In this context, the situation is described as grim, which suggests it is serious or negative.
- The speaker's statement indicates an attempt to find a positive or humorous aspect in the grim situation.
- Options b, c, and d do not fit the context as the situation is grim and not amusing, and there is no indication that she always finds it hard to laugh about things.","['d', 'b', 'a', 'c']",2,UA_NI,"{'a': 22.0, 'b': 8.8125, 'c': 8.6875, 'd': 6.75}","{'a': 0.9999961853027344, 'b': 1.8738717244559666e-06, 'c': 1.6536861267013592e-06, 'd': 2.3823605488360045e-07}",0.9999961853027344,a,"- The phrase ""Truely something to laugh about"" is often used to express finding a humorous or light-hearted aspect in a difficult or grim situation.
- In this context, the situation is described as grim, which suggests it is serious or negative.
- The speaker's statement indicates an attempt to find a positive or humorous aspect in the grim situation.
- Options b, c, and d do not fit the context as the situation is grim and not amusing, and there is no indication that she always finds it hard to laugh about things.",d
C1_48_A_I,C1_48,138,1,ambiguous,ironic,b,The talk contained no humour.,Mistral-7B-Instruct,Condition1B_context_richness_stimuli,general_reasoning,"You will read short stories that describe everyday situations and which finish with a person saying something. Your task is to decide, given the situation, what meaning the person is most likely conveying. Each story will be followed by 4 possible meaning interpretations listed from a to d. Read each story and choose the number corresponding to the most likely meaning. State the reasoning in 2-3 bullet points and the answer. You can only answer with a, b, c, or d.
Context: His talk was serious. 
Target utterance: Hey says: """"Wow, so many jokes in one talk.""""
What meaning is He most likely conveying?
a. He was a fan of old jokes.
b. The talk contained no humour.
c. He decided to cancel the talk.
d. The talk contained humour.
Reasoning:
Answer:
","d. The talk contained humour.
Reasoning:
- The phrase ""Wow, so many jokes"" suggests that the person is surprised and impressed by the number of jokes in the talk.
- The context states that his talk was serious, but the person's comment indicates that the talk was not entirely serious, as it contained humour.
- The options a, c, and b do not fit the context or the person's comment.","['c', 'b', 'd', 'a']",2,A_I,"{'a': 7.71875, 'b': 10.5, 'c': 10.0, 'd': 22.5}","{'a': 3.806976849318744e-07, 'b': 6.144149210740579e-06, 'c': 3.7266149774950463e-06, 'd': 0.9999897480010986}",0.9999897480010986,d,"- The phrase ""Wow, so many jokes"" suggests that the person is surprised and impressed by the number of jokes in the talk.
- The context states that his talk was serious, but the person's comment indicates that the talk was not entirely serious, as it contained humour.
- The options a, c, and b do not fit the context or the person's comment.",a
C1_49_A_NI,C1_49,43,1,ambiguous,non-ironic,d,The airport experience was enjoyable.,Mistral-7B-Instruct,Condition1B_context_richness_stimuli,general_reasoning,"You will read short stories that describe everyday situations and which finish with a person saying something. Your task is to decide, given the situation, what meaning the person is most likely conveying. Each story will be followed by 4 possible meaning interpretations listed from a to d. Read each story and choose the number corresponding to the most likely meaning. State the reasoning in 2-3 bullet points and the answer. You can only answer with a, b, c, or d.
Context: He had a bad experience at the airport.
Target utterance: He says: """"A complete nightmare, really.""""
What meaning is He most likely conveying?
a. He came back from his trip exhausted.
b. He decided to book a different airport transfer.
c. The airport experience was thoroughly unpleasant.
d. The airport experience was enjoyable.
Reasoning:
Answer:
","c. The airport experience was thoroughly unpleasant.

Reasoning:
- The phrase ""A complete nightmare"" is often used to describe a very bad or difficult experience.
- The context suggests that the person had a bad experience at the airport, so it is likely that they are expressing that the airport experience was unpleasant.
- The other options do not fit the context or the phrase used by the person. For example, ""exhausted"" would not be the natural response to a bad experience at the airport, and ""book a different airport transfer"" would not be a response to a past experience. ""Enjoyable"" is also not a likely response given the phrase ""complete nightmare.""","['c', 'd', 'b', 'a']",2,A_NI,"{'a': 7.0625, 'b': 10.1875, 'c': 22.375, 'd': 9.25}","{'a': 2.238012655197963e-07, 'b': 5.0936932893819176e-06, 'c': 0.9999926090240479, 'd': 1.994719013964641e-06}",0.9999926090240479,c,"- The phrase ""A complete nightmare"" is often used to describe a very bad or difficult experience.
- The context suggests that the person had a bad experience at the airport, so it is likely that they are expressing that the airport experience was unpleasant.
- The other options do not fit the context or the phrase used by the person. For example, ""exhausted"" would not be the natural response to a bad experience at the airport, and ""book a different airport transfer"" would not be a response to a past experience. ""Enjoyable"" is also not a likely response given the phrase ""complete nightmare.""",b
C1_50_UA_I,C1_50,16,1,unambiguous,ironic,d,The exam results were deeply disappointing.,Mistral-7B-Instruct,Condition1B_context_richness_stimuli,general_reasoning,"You will read short stories that describe everyday situations and which finish with a person saying something. Your task is to decide, given the situation, what meaning the person is most likely conveying. Each story will be followed by 4 possible meaning interpretations listed from a to d. Read each story and choose the number corresponding to the most likely meaning. State the reasoning in 2-3 bullet points and the answer. You can only answer with a, b, c, or d.
Context: He studied hard for the exam, and the results were terrible.
Target utterance: He says: """"Well, this is amazing.""""
What meaning is He most likely conveying?
a. The exam results were impressive
b. He had one more exam this week.
c. He always found art museums amazing.
d. The exam results were deeply disappointing.
Reasoning:
Answer:
","d. The exam results were deeply disappointing.

Reasoning:
- The context of the story describes the person studying hard for an exam and receiving terrible results.
- The phrase ""Well, this is amazing"" is often used sarcastically to express disappointment or surprise at something negative.
- The other options do not fit the context of the story. For example, ""He had one more exam this week"" would not be a response to the exam results, and ""He always found art museums amazing"" is unrelated to the exam results.","['a', 'd', 'c', 'b']",2,UA_I,"{'a': 8.125, 'b': 10.9375, 'c': 10.9375, 'd': 22.375}","{'a': 6.475808618233714e-07, 'b': 1.0783189281937666e-05, 'c': 1.0783189281937666e-05, 'd': 0.9999778270721436}",0.9999778270721436,d,"- The context of the story describes the person studying hard for an exam and receiving terrible results.
- The phrase ""Well, this is amazing"" is often used sarcastically to express disappointment or surprise at something negative.
- The other options do not fit the context of the story. For example, ""He had one more exam this week"" would not be a response to the exam results, and ""He always found art museums amazing"" is unrelated to the exam results.",b
C1_51_UA_NI,C1_51,284,1,unambiguous,non-ironic,b,They found the play dull.,Mistral-7B-Instruct,Condition1B_context_richness_stimuli,general_reasoning,"You will read short stories that describe everyday situations and which finish with a person saying something. Your task is to decide, given the situation, what meaning the person is most likely conveying. Each story will be followed by 4 possible meaning interpretations listed from a to d. Read each story and choose the number corresponding to the most likely meaning. State the reasoning in 2-3 bullet points and the answer. You can only answer with a, b, c, or d.
Context: They left the play feeling terrible.
Target utterance: They said:  """"That wasn't fun at all.""""
What meaning is They most likely conveying?
a. They found the play entertaining.
b. They found the play dull.
c. They liked to watch a play in their favorite theatre.
d. They had fun eating together.
Reasoning:
Answer:
","b. They found the play dull.

Reasoning:
- The context indicates that they left the play feeling terrible, which suggests they did not enjoy the play.
- The statement ""That wasn't fun at all"" implies a negative experience.
- The options a, c, and d do not align with the context or the statement, as they suggest a positive or neutral experience.","['b', 'a', 'd', 'c']",2,UA_NI,"{'a': 6.53125, 'b': 22.375, 'c': 9.3125, 'd': 8.9375}","{'a': 1.315664661660776e-07, 'b': 0.9999963045120239, 'c': 2.123374997609062e-06, 'd': 1.459373038414924e-06}",0.9999963045120239,b,"- The context indicates that they left the play feeling terrible, which suggests they did not enjoy the play.
- The statement ""That wasn't fun at all"" implies a negative experience.
- The options a, c, and d do not align with the context or the statement, as they suggest a positive or neutral experience.",a
C1_52_A_I,C1_52,82,1,ambiguous,ironic,c,She found the whole meal disappointing.,Mistral-7B-Instruct,Condition1B_context_richness_stimuli,general_reasoning,"You will read short stories that describe everyday situations and which finish with a person saying something. Your task is to decide, given the situation, what meaning the person is most likely conveying. Each story will be followed by 4 possible meaning interpretations listed from a to d. Read each story and choose the number corresponding to the most likely meaning. State the reasoning in 2-3 bullet points and the answer. You can only answer with a, b, c, or d.
Context: She had a bad meal at a restaurant.
Target utterance: She says: """"That was a great restaurant visit.""""
What meaning is She most likely conveying?
a. The rmeal was a genuinely enjoyable experience.
b. She wanted to try the meal for months.
c. She found the whole meal disappointing.
d. She always enjoyed a restaurant visit before a big day out.
Reasoning:
Answer:
","c. She found the whole meal disappointing.

Reasoning:
- The context of the story is that she had a bad meal at a restaurant.
- The statement ""That was a great restaurant visit"" is ironic, as it contradicts the negative experience she had.
- It is unlikely that she would use such a statement if she wanted to try the meal for months (b) or if she always enjoyed a restaurant visit before a big day out (d).
- The statement ""a. The meal was a genuinely enjoyable experience"" is the opposite of the context provided.","['a', 'd', 'b', 'c']",2,A_I,"{'a': 6.90625, 'b': 10.5625, 'c': 22.375, 'd': 10.0625}","{'a': 1.9142645157899096e-07, 'b': 7.411244951072149e-06, 'c': 0.9999878406524658, 'd': 4.495147095440188e-06}",0.9999878406524658,c,"- The context of the story is that she had a bad meal at a restaurant.
- The statement ""That was a great restaurant visit"" is ironic, as it contradicts the negative experience she had.
- It is unlikely that she would use such a statement if she wanted to try the meal for months (b) or if she always enjoyed a restaurant visit before a big day out (d).
- The statement ""a. The meal was a genuinely enjoyable experience"" is the opposite of the context provided.",b
C1_53_A_NI,C1_53,264,1,ambiguous,non-ironic,d,The ground was moist and muddy after the rain.,Mistral-7B-Instruct,Condition1B_context_richness_stimuli,general_reasoning,"You will read short stories that describe everyday situations and which finish with a person saying something. Your task is to decide, given the situation, what meaning the person is most likely conveying. Each story will be followed by 4 possible meaning interpretations listed from a to d. Read each story and choose the number corresponding to the most likely meaning. State the reasoning in 2-3 bullet points and the answer. You can only answer with a, b, c, or d.
Context: After the weather changed, the ground became dry.
Target utterance: She says: """"Perfect conditions for a picnic..""""
What meaning is She most likely conveying?
a. She knelt in the mud to look closely at the earth.
b. The ground was uneven where she stood.
c. The ground was dried out.
d. The ground was moist and muddy after the rain.
Reasoning:
Answer:
","c. The ground was dried out.
Reasoning:
- The weather changed, making the ground dry (context).
- A picnic is typically held in pleasant, dry weather, not wet or muddy conditions.
- Therefore, the person is conveying that the ground is dry and suitable for a picnic.","['c', 'd', 'b', 'a']",2,A_NI,"{'a': 8.0, 'b': 8.9375, 'c': 22.375, 'd': 10.1875}","{'a': 5.71496684642625e-07, 'b': 1.4593679225072265e-06, 'c': 0.999992847442627, 'd': 5.09369465362397e-06}",0.999992847442627,c,"- The weather changed, making the ground dry (context).
- A picnic is typically held in pleasant, dry weather, not wet or muddy conditions.
- Therefore, the person is conveying that the ground is dry and suitable for a picnic.",b
C1_54_UA_I,C1_54,178,1,unambiguous,ironic,a,The garden was just watered and needed to dry out.,Mistral-7B-Instruct,Condition1B_context_richness_stimuli,general_reasoning,"You will read short stories that describe everyday situations and which finish with a person saying something. Your task is to decide, given the situation, what meaning the person is most likely conveying. Each story will be followed by 4 possible meaning interpretations listed from a to d. Read each story and choose the number corresponding to the most likely meaning. State the reasoning in 2-3 bullet points and the answer. You can only answer with a, b, c, or d.
Context: The garden was parched in the morning.
Target utterance: They said: """"That’s enough water for the day.""""
What meaning is They most likely conveying?
a. The garden was just watered and needed to dry out.
b. They wanted a new water feature.
c. They played some boardgames in the garden.
d. The garden was struggling without any water.
Reasoning:
Answer:
","d. The garden was struggling without any water.

Reasoning:
- The statement ""That’s enough water for the day"" suggests that the garden had been watered and the speaker is indicating that the watering is sufficient for the day, implying that the garden was in need of water.
- The other options do not fit the context as they do not relate to the watering of the garden. For example, ""The garden was just watered and needed to dry out"" is the opposite of the statement, ""They played some boardgames in the garden"" is unrelated, and ""They wanted a new water feature"" is a different action from watering the garden.","['b', 'c', 'd', 'a']",2,UA_I,"{'a': 8.6875, 'b': 11.8125, 'c': 10.9375, 'd': 22.125}","{'a': 1.4593075547963963e-06, 'b': 3.3213687856914476e-05, 'c': 1.3845524335920345e-05, 'd': 0.9999514818191528}",0.9999514818191528,d,"- The statement ""That’s enough water for the day"" suggests that the garden had been watered and the speaker is indicating that the watering is sufficient for the day, implying that the garden was in need of water.
- The other options do not fit the context as they do not relate to the watering of the garden. For example, ""The garden was just watered and needed to dry out"" is the opposite of the statement, ""They played some boardgames in the garden"" is unrelated, and ""They wanted a new water feature"" is a different action from watering the garden.",a
C1_55_UA_NI,C1_55,104,1,unambiguous,non-ironic,d,The plants had been getting plenty of moisture to grow.,Mistral-7B-Instruct,Condition1B_context_richness_stimuli,general_reasoning,"You will read short stories that describe everyday situations and which finish with a person saying something. Your task is to decide, given the situation, what meaning the person is most likely conveying. Each story will be followed by 4 possible meaning interpretations listed from a to d. Read each story and choose the number corresponding to the most likely meaning. State the reasoning in 2-3 bullet points and the answer. You can only answer with a, b, c, or d.
Context: The field was parched
Target utterance: He says: """"Terrible news for anything trying to grow..""""
What meaning is He most likely conveying?
a. He was considering buying a new tractor.
b. He had been reading about different farming techniques.
c. The plants had been wilting due to lack of water.
d. The plants had been getting plenty of moisture to grow.
Reasoning:
Answer:
","c. The plants had been wilting due to lack of water.

Reasoning:
- The statement ""Terrible news for anything trying to grow"" suggests a negative impact on growth, which is consistent with wilting plants due to lack of water.
- The other options do not provide a clear connection to the statement, as buying a new tractor (a) would not necessarily have a direct impact on plant growth, reading about farming techniques (b) would not directly affect the plants, and plenty of moisture (d) would not be ""terrible news"" for plants.","['d', 'c', 'b', 'a']",2,UA_NI,"{'a': 7.21875, 'b': 9.6875, 'c': 22.25, 'd': 9.4375}","{'a': 2.9648876420651504e-07, 'b': 3.5008436043426627e-06, 'c': 0.9999934434890747, 'd': 2.7264597974863136e-06}",0.9999934434890747,c,"- The statement ""Terrible news for anything trying to grow"" suggests a negative impact on growth, which is consistent with wilting plants due to lack of water.
- The other options do not provide a clear connection to the statement, as buying a new tractor (a) would not necessarily have a direct impact on plant growth, reading about farming techniques (b) would not directly affect the plants, and plenty of moisture (d) would not be ""terrible news"" for plants.",b
C1_56_A_I,C1_56,103,1,ambiguous,ironic,a,Her hair was completely dry.,Mistral-7B-Instruct,Condition1B_context_richness_stimuli,general_reasoning,"You will read short stories that describe everyday situations and which finish with a person saying something. Your task is to decide, given the situation, what meaning the person is most likely conveying. Each story will be followed by 4 possible meaning interpretations listed from a to d. Read each story and choose the number corresponding to the most likely meaning. State the reasoning in 2-3 bullet points and the answer. You can only answer with a, b, c, or d.
Context: She saw her dry hair.
Target utterance: She said: """"The rain really caught me by surprise.""""
What meaning is She most likely conveying?
a. Her hair was completely dry.
b. She had her hair cut short last week.
c. Her hair was soaking wet.
d. They organised a surprise party for him.
Reasoning:
Answer:
","a. Her hair was completely dry.
Reasoning:
- The statement ""The rain really caught me by surprise"" suggests that the person was expecting dry weather but encountered rain instead.
- Since the passage mentions that she saw her dry hair, it is reasonable to infer that her hair was dry before the rain.
- The other options do not fit the context provided. For example, ""She had her hair cut short last week"" does not relate to the rain, and ""Her hair was soaking wet"" contradicts the fact that she saw her dry hair. ""They organised a surprise party for him"" is unrelated to the situation described.","['b', 'd', 'a', 'c']",2,A_I,"{'a': 22.125, 'b': 8.5625, 'c': 8.6875, 'd': 9.125}","{'a': 0.9999949932098389, 'b': 1.287890427192906e-06, 'c': 1.4593711057386827e-06, 'd': 2.260318069602363e-06}",0.9999949932098389,a,"- The statement ""The rain really caught me by surprise"" suggests that the person was expecting dry weather but encountered rain instead.
- Since the passage mentions that she saw her dry hair, it is reasonable to infer that her hair was dry before the rain.
- The other options do not fit the context provided. For example, ""She had her hair cut short last week"" does not relate to the rain, and ""Her hair was soaking wet"" contradicts the fact that she saw her dry hair. ""They organised a surprise party for him"" is unrelated to the situation described.",b
C1_57_A_NI,C1_57,28,1,ambiguous,non-ironic,b,I admired the outfit.,Mistral-7B-Instruct,Condition1B_context_richness_stimuli,general_reasoning,"You will read short stories that describe everyday situations and which finish with a person saying something. Your task is to decide, given the situation, what meaning the person is most likely conveying. Each story will be followed by 4 possible meaning interpretations listed from a to d. Read each story and choose the number corresponding to the most likely meaning. State the reasoning in 2-3 bullet points and the answer. You can only answer with a, b, c, or d.
Context: I wore an ugly outfit to attend the award ceremony.
Target utterance: I say: """"I really didn't try at all today.""""
What meaning is I most likely conveying?
a. I thought the outfit was ugly.
b. I admired the outfit.
c. I received an amazing award.
d. The comedians on the stage enjoyed themselves.
Reasoning:
Answer:
","a. I thought the outfit was ugly.
Reasoning:
- The person wore an ugly outfit to the award ceremony.
- The statement ""I really didn't try at all today"" suggests a lack of effort or care in their appearance, which aligns with wearing an ugly outfit.
- The other options do not fit the context as the person did not express admiration for the outfit, did not receive an award, or make a comment about the comedians.","['b', 'a', 'c', 'd']",2,A_NI,"{'a': 21.875, 'b': 8.5, 'c': 8.25, 'd': 9.125}","{'a': 0.9999943971633911, 'b': 1.553491415506869e-06, 'c': 1.2098603292542975e-06, 'd': 2.9023040042375214e-06}",0.9999943971633911,a,"- The person wore an ugly outfit to the award ceremony.
- The statement ""I really didn't try at all today"" suggests a lack of effort or care in their appearance, which aligns with wearing an ugly outfit.
- The other options do not fit the context as the person did not express admiration for the outfit, did not receive an award, or make a comment about the comedians.",b
C1_58_UA_I,C1_58,150,1,unambiguous,ironic,a,She thought the car was ugly.,Mistral-7B-Instruct,Condition1B_context_richness_stimuli,general_reasoning,"You will read short stories that describe everyday situations and which finish with a person saying something. Your task is to decide, given the situation, what meaning the person is most likely conveying. Each story will be followed by 4 possible meaning interpretations listed from a to d. Read each story and choose the number corresponding to the most likely meaning. State the reasoning in 2-3 bullet points and the answer. You can only answer with a, b, c, or d.
Context: She saw a hideous car on the street.
Target utterance: She says: """"That’s a real beauty.""""
What meaning is she most likely conveying?
a. She thought the car was ugly.
b. She had booked a car.
c. She admired the car.
d. She thought the painting was beautiful.
Reasoning:
Answer:
","c. She admired the car.

Reasoning:
- The context describes her seeing a car, and her statement ""That’s a real beauty"" is typically used to express admiration or appreciation for something, not to express dislike or disapproval.
- The options a, b, and d do not fit the context as she did not express booking a car or referring to a painting.
- The phrase ""That’s a real beauty"" is not commonly used to express dislike or disapproval, so option d is also unlikely.","['b', 'd', 'a', 'c']",2,UA_I,"{'a': 7.21875, 'b': 10.0625, 'c': 22.25, 'd': 9.875}","{'a': 2.964878831335227e-07, 'b': 5.093682375445496e-06, 'c': 0.9999904632568359, 'd': 4.222810730425408e-06}",0.9999904632568359,c,"- The context describes her seeing a car, and her statement ""That’s a real beauty"" is typically used to express admiration or appreciation for something, not to express dislike or disapproval.
- The options a, b, and d do not fit the context as she did not express booking a car or referring to a painting.
- The phrase ""That’s a real beauty"" is not commonly used to express dislike or disapproval, so option d is also unlikely.",a
C1_59_UA_NI,C1_59,287,1,unambiguous,non-ironic,c,The painting was genuinely ugly.,Mistral-7B-Instruct,Condition1B_context_richness_stimuli,general_reasoning,"You will read short stories that describe everyday situations and which finish with a person saying something. Your task is to decide, given the situation, what meaning the person is most likely conveying. Each story will be followed by 4 possible meaning interpretations listed from a to d. Read each story and choose the number corresponding to the most likely meaning. State the reasoning in 2-3 bullet points and the answer. You can only answer with a, b, c, or d.
Context: He looked at a hideous painting.
Target utterance: He said: """"That's hard to look at.""""
What meaning is He most likely conveying?
a. The painting was genuinely beautiful.
b. They spent the weekend for this painting.
c. The painting was genuinely ugly.
d. He gave her a stern look.
Reasoning:
Answer:
","c. The painting was genuinely ugly.

Reasoning:
- The person is expressing a negative opinion about the painting, as ""hard to look at"" is typically used to describe something unpleasant or unattractive.
- There is no indication in the passage that the painting was beautiful or that the person spent a weekend on it, so options a and b can be ruled out.
- The person did not give a stern look, so option d can be ruled out.","['b', 'd', 'a', 'c']",2,UA_NI,"{'a': 6.8125, 'b': 10.0625, 'c': 22.25, 'd': 9.875}","{'a': 1.975035246459811e-07, 'b': 5.093683284940198e-06, 'c': 0.9999905824661255, 'd': 4.22281163992011e-06}",0.9999905824661255,c,"- The person is expressing a negative opinion about the painting, as ""hard to look at"" is typically used to describe something unpleasant or unattractive.
- There is no indication in the passage that the painting was beautiful or that the person spent a weekend on it, so options a and b can be ruled out.
- The person did not give a stern look, so option d can be ruled out.",a
C1_60_A_I,C1_60,215,1,ambiguous,ironic,b,They thought the bird was not beautiful.,Mistral-7B-Instruct,Condition1B_context_richness_stimuli,general_reasoning,"You will read short stories that describe everyday situations and which finish with a person saying something. Your task is to decide, given the situation, what meaning the person is most likely conveying. Each story will be followed by 4 possible meaning interpretations listed from a to d. Read each story and choose the number corresponding to the most likely meaning. State the reasoning in 2-3 bullet points and the answer. You can only answer with a, b, c, or d.
Context: They saw an ugly bird.
Target utterance: They said: """"A real eye-catcher.""""
What meaning is They most likely conveying?
a. They thought the bird was beautiful.
b. They thought the bird was not beautiful.
c. The bird looked at them really closely.
d. They had a great time on a trip.
Reasoning:
Answer:
","a. They thought the bird was beautiful.
Reasoning:
- The term ""eye-catcher"" is often used to describe something that is visually attractive or striking.
- In this context, the bird being described as an ""eye-catcher"" suggests that the speaker found the bird to be visually appealing or beautiful.
- There is no indication in the passage that the bird was not beautiful, the bird looked at them, or that they had a great time on a trip.","['a', 'b', 'c', 'd']",2,A_I,"{'a': 22.5, 'b': 9.3125, 'c': 8.875, 'd': 8.875}","{'a': 0.9999957084655762, 'b': 1.8738708149612648e-06, 'c': 1.2098619208700256e-06, 'd': 1.2098619208700256e-06}",0.9999957084655762,a,"- The term ""eye-catcher"" is often used to describe something that is visually attractive or striking.
- In this context, the bird being described as an ""eye-catcher"" suggests that the speaker found the bird to be visually appealing or beautiful.
- There is no indication in the passage that the bird was not beautiful, the bird looked at them, or that they had a great time on a trip.",a
C1_61_A_NI,C1_61,270,1,ambiguous,non-ironic,b,The kettle was a real bargain.,Mistral-7B-Instruct,Condition1B_context_richness_stimuli,general_reasoning,"You will read short stories that describe everyday situations and which finish with a person saying something. Your task is to decide, given the situation, what meaning the person is most likely conveying. Each story will be followed by 4 possible meaning interpretations listed from a to d. Read each story and choose the number corresponding to the most likely meaning. State the reasoning in 2-3 bullet points and the answer. You can only answer with a, b, c, or d.
Context: I found a nice kettle which was cheap.
Target utterance: I said: """"What a steal.""""
What meaning is I most likely conveying?
a. The kettle boiled over..
b. The kettle was a real bargain.
c. A thief tried to steal my bag.
d. The kettle was expensive.
Reasoning:
Answer:
","b. The kettle was a real bargain.

Reasoning:
- The phrase ""What a steal"" is an idiomatic expression used to describe something that is a good buy or a bargain.
- In this context, the speaker found a nice kettle that was cheap, so it is likely they are expressing that they got a good deal on the kettle.
- None of the other options (boiling over, being stolen, or being expensive) are related to the situation described in the passage.","['d', 'a', 'c', 'b']",2,A_NI,"{'a': 7.15625, 'b': 22.125, 'c': 10.75, 'd': 8.9375}","{'a': 3.15608389200861e-07, 'b': 0.9999862909317017, 'c': 1.1478742635517847e-05, 'd': 1.873853193501418e-06}",0.9999862909317017,b,"- The phrase ""What a steal"" is an idiomatic expression used to describe something that is a good buy or a bargain.
- In this context, the speaker found a nice kettle that was cheap, so it is likely they are expressing that they got a good deal on the kettle.
- None of the other options (boiling over, being stolen, or being expensive) are related to the situation described in the passage.",a
C1_62_UA_I,C1_62,2,1,unambiguous,ironic,b,The vase was not pricy.,Mistral-7B-Instruct,Condition1B_context_richness_stimuli,general_reasoning,"You will read short stories that describe everyday situations and which finish with a person saying something. Your task is to decide, given the situation, what meaning the person is most likely conveying. Each story will be followed by 4 possible meaning interpretations listed from a to d. Read each story and choose the number corresponding to the most likely meaning. State the reasoning in 2-3 bullet points and the answer. You can only answer with a, b, c, or d.
Context: He broke a free vase.

Target utterance: He said: """"Well, there goes a priceless treasure""""
What meaning is He most likely conveying?
a. He went on a hike and picked up flowers.
b. The vase was not pricy.
c. The vase was worth a lot of money.
d. The experience of breaking the vase was worth it.
Reasoning:
Answer:
","c. The vase was worth a lot of money.

Reasoning:
- The person's statement ""Well, there goes a priceless treasure"" suggests that the vase was valuable or precious.
- The phrase ""priceless treasure"" is often used to describe something that is very valuable or precious, not something that is not pricy or free.
- The context of breaking a vase implies that it was not intentionally broken, so the experience of breaking it was likely not worth it for the speaker.","['d', 'b', 'a', 'c']",2,UA_I,"{'a': 7.6875, 'b': 8.875, 'c': 22.375, 'd': 10.4375}","{'a': 4.1811540540948045e-07, 'b': 1.3709476434087264e-06, 'c': 0.9999916553497314, 'd': 6.540425601997413e-06}",0.9999916553497314,c,"- The person's statement ""Well, there goes a priceless treasure"" suggests that the vase was valuable or precious.
- The phrase ""priceless treasure"" is often used to describe something that is very valuable or precious, not something that is not pricy or free.
- The context of breaking a vase implies that it was not intentionally broken, so the experience of breaking it was likely not worth it for the speaker.",a
C1_63_UA_NI,C1_63,155,1,unambiguous,non-ironic,c,The perfume was pricy.,Mistral-7B-Instruct,Condition1B_context_richness_stimuli,general_reasoning,"You will read short stories that describe everyday situations and which finish with a person saying something. Your task is to decide, given the situation, what meaning the person is most likely conveying. Each story will be followed by 4 possible meaning interpretations listed from a to d. Read each story and choose the number corresponding to the most likely meaning. State the reasoning in 2-3 bullet points and the answer. You can only answer with a, b, c, or d.
Context: She was wearing free perfume.
Target utterance: She said: """"Smells like it's from a gas station.""""
What meaning is She most likely conveying?
a. The perfume was not pricy.
b. The fragrance label was worth reading.
c. The perfume was pricy.
d. The ocean was calm and quiet.
Reasoning:
Answer:
","a. The perfume was not pricy.

Reasoning:
- The phrase ""Smells like it's from a gas station"" is often used to describe a cheap or low-quality fragrance.
- Gas stations typically sell inexpensive or generic perfumes.
- The statement does not suggest that the fragrance label was worth reading or that the ocean was calm and quiet, which are unrelated to the perfume's quality.
- The statement does not imply that the perfume was pricy, as the speaker is suggesting the opposite, that it smells like a cheap perfume.","['b', 'c', 'a', 'd']",2,UA_NI,"{'a': 22.0, 'b': 8.8125, 'c': 7.875, 'd': 7.0625}","{'a': 0.9999970197677612, 'b': 1.8738733160716947e-06, 'c': 7.338193768191559e-07, 'd': 3.2563036711508175e-07}",0.9999970197677612,a,"- The phrase ""Smells like it's from a gas station"" is often used to describe a cheap or low-quality fragrance.
- Gas stations typically sell inexpensive or generic perfumes.
- The statement does not suggest that the fragrance label was worth reading or that the ocean was calm and quiet, which are unrelated to the perfume's quality.
- The statement does not imply that the perfume was pricy, as the speaker is suggesting the opposite, that it smells like a cheap perfume.",b
C1_64_A_I,C1_64,275,1,ambiguous,ironic,c,The bag was worth very little.,Mistral-7B-Instruct,Condition1B_context_richness_stimuli,general_reasoning,"You will read short stories that describe everyday situations and which finish with a person saying something. Your task is to decide, given the situation, what meaning the person is most likely conveying. Each story will be followed by 4 possible meaning interpretations listed from a to d. Read each story and choose the number corresponding to the most likely meaning. State the reasoning in 2-3 bullet points and the answer. You can only answer with a, b, c, or d.
Context: She got a cheap bag.
Target utterance: She said: """"Looks like a real designer piece.""""
What meaning is She most likely conveying?
a. She liked to wear that designer piece.
b. She had dark bags under her eyes.
c. The bag was worth very little.
d. The bag was worth a lot.
Reasoning:
Answer:
","c. The bag was worth very little.

Reasoning:
- The phrase ""Looks like a real designer piece"" is often used to describe something that looks expensive or high-quality, but is actually not.
- In this context, since the bag was cheap, it is likely that the speaker is implying that the bag looks expensive, but is actually not worth much.
- The other options do not fit the context as there is no indication that she likes to wear designer pieces, she does not have dark bags under her eyes, and there is no indication that the bag is worth a lot.","['c', 'd', 'b', 'a']",2,A_I,"{'a': 8.3125, 'b': 9.75, 'c': 22.125, 'd': 11.5}","{'a': 1.0029854138338123e-06, 'b': 4.222726147418143e-06, 'c': 0.9999704360961914, 'd': 2.430011227261275e-05}",0.9999704360961914,c,"- The phrase ""Looks like a real designer piece"" is often used to describe something that looks expensive or high-quality, but is actually not.
- In this context, since the bag was cheap, it is likely that the speaker is implying that the bag looks expensive, but is actually not worth much.
- The other options do not fit the context as there is no indication that she likes to wear designer pieces, she does not have dark bags under her eyes, and there is no indication that the bag is worth a lot.",b
C1_65_A_NI,C1_65,157,1,ambiguous,non-ironic,b,The house felt cramped and tiny.,Mistral-7B-Instruct,Condition1B_context_richness_stimuli,general_reasoning,"You will read short stories that describe everyday situations and which finish with a person saying something. Your task is to decide, given the situation, what meaning the person is most likely conveying. Each story will be followed by 4 possible meaning interpretations listed from a to d. Read each story and choose the number corresponding to the most likely meaning. State the reasoning in 2-3 bullet points and the answer. You can only answer with a, b, c, or d.
Context: They moved into a small house.
Target utterance: They said: """"You can barely turn around in here.""""
What meaning is They most likely conveying?
a. The house was red and blue.
b. The house felt cramped and tiny.
c. The house felt spacious and huge.
d. They made a sharp turn at the end of the road.
Reasoning:
Answer:
","b. The house felt cramped and tiny.

Reasoning:
- The statement ""You can barely turn around in here"" suggests a feeling of limited space or confinement.
- The context does not provide any information about the color of the house, so option a can be ruled out.
- The statement does not indicate a sharp turn, so option d can be ruled out.
- The statement does not suggest a large or spacious house, so option c can be ruled out.","['d', 'a', 'b', 'c']",2,A_NI,"{'a': 6.1875, 'b': 21.375, 'c': 8.8125, 'd': 8.8125}","{'a': 2.536001204589411e-07, 'b': 0.999992847442627, 'c': 3.5008415579795837e-06, 'd': 3.5008415579795837e-06}",0.999992847442627,b,"- The statement ""You can barely turn around in here"" suggests a feeling of limited space or confinement.
- The context does not provide any information about the color of the house, so option a can be ruled out.
- The statement does not indicate a sharp turn, so option d can be ruled out.
- The statement does not suggest a large or spacious house, so option c can be ruled out.",a
C1_66_UA_I,C1_66,126,1,unambiguous,ironic,c,They thought the concert was small.,Mistral-7B-Instruct,Condition1B_context_richness_stimuli,general_reasoning,"You will read short stories that describe everyday situations and which finish with a person saying something. Your task is to decide, given the situation, what meaning the person is most likely conveying. Each story will be followed by 4 possible meaning interpretations listed from a to d. Read each story and choose the number corresponding to the most likely meaning. State the reasoning in 2-3 bullet points and the answer. You can only answer with a, b, c, or d.
Context: They attended a concert at a tiny venue.


Target utterance: They said: """"What a massive event.""""
What meaning is they most likely conveying?
a. They liked go to concerts.
b. They thought the concert was huge.
c. They thought the concert was small.
d. They organized a massive event for dating.
Reasoning:
Answer:
","b. They thought the concert was huge.

Reasoning:
- The statement ""What a massive event"" implies a positive reaction to the size or scale of the concert.
- The context of the concert being at a tiny venue suggests that the concert was likely smaller than typical concerts, making it more likely that the speaker was surprised by its size.
- The options a, c, and d do not fit the context or the speaker's statement. Option a is incorrect because the speaker's statement does not indicate a general liking for concerts. Option c is incorrect because the speaker's statement suggests they found the concert to be large, not small. Option d is incorrect because there is no indication in the","['d', 'a', 'b', 'c']",2,UA_I,"{'a': 6.375, 'b': 20.5, 'c': 8.8125, 'd': 8.5625}","{'a': 7.338100544984627e-07, 'b': 0.9999843835830688, 'c': 8.398011232202407e-06, 'd': 6.54037785352557e-06}",0.9999843835830688,b,"- The statement ""What a massive event"" implies a positive reaction to the size or scale of the concert.
- The context of the concert being at a tiny venue suggests that the concert was likely smaller than typical concerts, making it more likely that the speaker was surprised by its size.
- The options a, c, and d do not fit the context or the speaker's statement. Option a is incorrect because the speaker's statement does not indicate a general liking for concerts. Option c is incorrect because the speaker's statement suggests they found the concert to be large, not small. Option d is incorrect because there is no indication in the",a
C1_67_UA_NI,C1_67,262,1,unambiguous,non-ironic,a,She thought the spider was tiny.,Mistral-7B-Instruct,Condition1B_context_richness_stimuli,general_reasoning,"You will read short stories that describe everyday situations and which finish with a person saying something. Your task is to decide, given the situation, what meaning the person is most likely conveying. Each story will be followed by 4 possible meaning interpretations listed from a to d. Read each story and choose the number corresponding to the most likely meaning. State the reasoning in 2-3 bullet points and the answer. You can only answer with a, b, c, or d.
Context: She spotted a tiny spider.
Target utterance: She said: """"Almost didn't see it.""""
What meaning is She most likely conveying?
a. She thought the spider was tiny.
b. She drew a spider diagram to plan her essay.
c. She went to see her doctor on Monday.
d. She thought the spider was huge.
Reasoning:
Answer:
","a. She thought the spider was tiny.
Reasoning:
- The statement ""Almost didn't see it"" suggests that the spider was small and hard to notice.
- The context of the story mentions that she spotted a tiny spider, which supports the idea that she thought the spider was small.
- There is no mention of a spider diagram, a doctor's appointment, or a large spider in the context.","['a', 'd', 'c', 'b']",2,UA_NI,"{'a': 22.125, 'b': 8.8125, 'c': 8.4375, 'd': 7.34375}","{'a': 0.9999967813491821, 'b': 1.653687036196061e-06, 'c': 1.1365613090674742e-06, 'd': 3.8070035657256085e-07}",0.9999967813491821,a,"- The statement ""Almost didn't see it"" suggests that the spider was small and hard to notice.
- The context of the story mentions that she spotted a tiny spider, which supports the idea that she thought the spider was small.
- There is no mention of a spider diagram, a doctor's appointment, or a large spider in the context.",a
C1_68_A_I,C1_68,62,1,ambiguous,ironic,a,I thought the dog was small.,Mistral-7B-Instruct,Condition1B_context_richness_stimuli,general_reasoning,"You will read short stories that describe everyday situations and which finish with a person saying something. Your task is to decide, given the situation, what meaning the person is most likely conveying. Each story will be followed by 4 possible meaning interpretations listed from a to d. Read each story and choose the number corresponding to the most likely meaning. State the reasoning in 2-3 bullet points and the answer. You can only answer with a, b, c, or d.
Context: I met a small dog.
Target utterance: I said: """"He could swallow me whole.""""
What meaning is I most likely conveying?
a. I thought the dog was small.
b. The dog wore a collar.
c. I thought the dog was huge.
d. I swallowed a pill.
Reasoning:
Answer:
","c. I thought the dog was huge.

Reasoning:
- The statement ""He could swallow me whole"" implies that the speaker is expressing a sense of the dog's size in relation to their own, suggesting that the dog is large enough to potentially consume the speaker.
- There is no mention of a collar or pill-taking in the given context.
- The speaker's meeting of a small dog does not necessarily imply that they thought the dog was small, as their statement indicates a perception of the dog as large.","['b', 'd', 'a', 'c']",2,A_I,"{'a': 7.21875, 'b': 10.4375, 'c': 22.875, 'd': 9.875}","{'a': 1.5869900948928262e-07, 'b': 3.966976237279596e-06, 'c': 0.9999935626983643, 'd': 2.2603148863709066e-06}",0.9999935626983643,c,"- The statement ""He could swallow me whole"" implies that the speaker is expressing a sense of the dog's size in relation to their own, suggesting that the dog is large enough to potentially consume the speaker.
- There is no mention of a collar or pill-taking in the given context.
- The speaker's meeting of a small dog does not necessarily imply that they thought the dog was small, as their statement indicates a perception of the dog as large.",a
C1_69_A_NI,C1_69,37,1,ambiguous,non-ironic,b,The pool was super cold.,Mistral-7B-Instruct,Condition1B_context_richness_stimuli,general_reasoning,"You will read short stories that describe everyday situations and which finish with a person saying something. Your task is to decide, given the situation, what meaning the person is most likely conveying. Each story will be followed by 4 possible meaning interpretations listed from a to d. Read each story and choose the number corresponding to the most likely meaning. State the reasoning in 2-3 bullet points and the answer. You can only answer with a, b, c, or d.
Context: She jumped into a cool pool.
Target utterance: She said:  """"One could catch a cold in here.""""
What meaning is She most likely conveying?
a. She liked to chill on that sofa after work.
b. The pool was super cold.
c. The pool was super warm.
d. She played a game of pool in the bar.
Reasoning:
Answer:
","b. The pool was super cold.

Reasoning:
- The statement ""One could catch a cold in here"" suggests a concern about the temperature being too low, which is consistent with a cold pool.
- There is no indication that she liked to chill on a sofa after work, play a game of pool, or that the pool was warm.
- The context of the story mentions a pool, and the statement is about the pool's temperature, so it is most likely that she is referring to the pool.","['c', 'a', 'b', 'd']",2,A_NI,"{'a': 7.03125, 'b': 22.25, 'c': 9.5, 'd': 9.125}","{'a': 2.457981622683292e-07, 'b': 0.9999948740005493, 'c': 2.9023055958532495e-06, 'd': 1.9947235614381498e-06}",0.9999948740005493,b,"- The statement ""One could catch a cold in here"" suggests a concern about the temperature being too low, which is consistent with a cold pool.
- There is no indication that she liked to chill on a sofa after work, play a game of pool, or that the pool was warm.
- The context of the story mentions a pool, and the statement is about the pool's temperature, so it is most likely that she is referring to the pool.",a
C1_70_UA_I,C1_70,17,1,unambiguous,ironic,b,The weather conditions were awful.,Mistral-7B-Instruct,Condition1B_context_richness_stimuli,general_reasoning,"You will read short stories that describe everyday situations and which finish with a person saying something. Your task is to decide, given the situation, what meaning the person is most likely conveying. Each story will be followed by 4 possible meaning interpretations listed from a to d. Read each story and choose the number corresponding to the most likely meaning. State the reasoning in 2-3 bullet points and the answer. You can only answer with a, b, c, or d.
Context: He went to the beach, and the weather was cold.
Target utterance: He said: """"Couldn't have asked for better weather.""""
What meaning is he most likely conveying?
a. He meant to harvest the houseplants, but forgot about it.
b. The weather conditions were awful.
c. The delivery driver arrived in heavy rain.
d. The weather conditions were perfect.
Reasoning:
Answer:
","d. The weather conditions were perfect.
Reasoning:
- The statement ""Couldn't have asked for better weather"" is an idiom that means the weather is ideal or perfect.
- The context describes the person going to the beach, which is typically associated with good weather.
- There is no mention of bad weather, a delivery driver, or houseplant harvesting in the context, making options a, b, and c less likely.","['d', 'b', 'c', 'a']",2,UA_I,"{'a': 8.0625, 'b': 9.6875, 'c': 11.0, 'd': 22.375}","{'a': 6.083502057663281e-07, 'b': 3.0894570954842493e-06, 'c': 1.1478726264613215e-05, 'd': 0.999984860420227}",0.999984860420227,d,"- The statement ""Couldn't have asked for better weather"" is an idiom that means the weather is ideal or perfect.
- The context describes the person going to the beach, which is typically associated with good weather.
- There is no mention of bad weather, a delivery driver, or houseplant harvesting in the context, making options a, b, and c less likely.",a
C1_71_UA_NI,C1_71,75,1,unambiguous,non-ironic,b,The room was freezing cold.,Mistral-7B-Instruct,Condition1B_context_richness_stimuli,general_reasoning,"You will read short stories that describe everyday situations and which finish with a person saying something. Your task is to decide, given the situation, what meaning the person is most likely conveying. Each story will be followed by 4 possible meaning interpretations listed from a to d. Read each story and choose the number corresponding to the most likely meaning. State the reasoning in 2-3 bullet points and the answer. You can only answer with a, b, c, or d.
Context: I walked into a cold room. 
Target utterance: I said:  """"Feels like the North Pole in here.""""
What meaning is I most likely conveying?
a. There wasn't enough room in the car for everyone.
b. The room was freezing cold.
c. The room was really warm.
d. I leaned the fishing pole against the wall.
Reasoning:
Answer:
","b. The room was freezing cold.

Reasoning:
- The statement ""Feels like the North Pole in here"" implies a very cold temperature, as the North Pole is known for its extreme cold.
- There is no mention of a car, fishing pole, or any other context that would suggest the other options.
- The room being too warm would not be described as feeling like the North Pole.","['d', 'a', 'b', 'c']",2,UA_NI,"{'a': 7.25, 'b': 21.875, 'c': 8.6875, 'd': 8.5625}","{'a': 4.45083458089357e-07, 'b': 0.9999959468841553, 'c': 1.8738712697086157e-06, 'd': 1.6536856719540083e-06}",0.9999959468841553,b,"- The statement ""Feels like the North Pole in here"" implies a very cold temperature, as the North Pole is known for its extreme cold.
- There is no mention of a car, fishing pole, or any other context that would suggest the other options.
- The room being too warm would not be described as feeling like the North Pole.",a
C1_72_A_I,C1_72,222,1,ambiguous,ironic,d,Her coffee did not taste good.,Mistral-7B-Instruct,Condition1B_context_richness_stimuli,general_reasoning,"You will read short stories that describe everyday situations and which finish with a person saying something. Your task is to decide, given the situation, what meaning the person is most likely conveying. Each story will be followed by 4 possible meaning interpretations listed from a to d. Read each story and choose the number corresponding to the most likely meaning. State the reasoning in 2-3 bullet points and the answer. You can only answer with a, b, c, or d.
Context: She took a sip of the cool coffee.
Target utterance: She said: """"This is what freshly made coffee tastes like.""""
What meaning is she most likely conveying?
a. Her coffee was delicious.
b. She did an experiment in health science.
c. Her coffee tasted like fresh mint.
d. Her coffee did not taste good.
Reasoning:
Answer:
","a. Her coffee was delicious.

Reasoning:
- The person took a sip of the coffee, which suggests that she enjoyed the taste.
- Saying ""This is what freshly made coffee tastes like"" implies that she is comparing the coffee to a standard or expectation of freshly made coffee, and is expressing that it meets or exceeds that standard.
- The statement does not suggest any experimentation in health science, nor does it indicate a taste of fresh mint.
- The statement does not imply that the coffee did not taste good, as she is expressing a positive sentiment about the taste.","['a', 'd', 'c', 'b']",2,A_I,"{'a': 21.875, 'b': 9.5, 'c': 8.125, 'd': 7.03125}","{'a': 0.9999943971633911, 'b': 4.222827556077391e-06, 'c': 1.0676980082280352e-06, 'd': 3.5763403616329015e-07}",0.9999943971633911,a,"- The person took a sip of the coffee, which suggests that she enjoyed the taste.
- Saying ""This is what freshly made coffee tastes like"" implies that she is comparing the coffee to a standard or expectation of freshly made coffee, and is expressing that it meets or exceeds that standard.
- The statement does not suggest any experimentation in health science, nor does it indicate a taste of fresh mint.
- The statement does not imply that the coffee did not taste good, as she is expressing a positive sentiment about the taste.",a
