Item_ID,base_item,presentation_order,seed,context_level,irony_label,correct_option_pos,correct_option_text,model,dataset,prompt_type,prompt,output,original_option_mapping,run,condition,option_logits_raw,confidence_dist,confidence_top_prob,chosen_option,reasoning,chosen_original_option
C1_01_UA_NI,C1_01,255,1,unambiguous,non-ironic,a,The cat was easy to lift up.,Mistral-7B-Instruct,Condition1B_context_richness_stimuli,general_reasoning,"You will read short stories that describe everyday situations and which finish with a person saying something. Your task is to decide, given the situation, what meaning the person is most likely conveying. Each story will be followed by 4 possible meaning interpretations listed from a to d. Read each story and choose the number corresponding to the most likely meaning. State the reasoning in 2-3 bullet points and the answer. You can only answer with a, b, c, or d.
Context: He lifted the skinny cat from the table.
Target utterance: He said:  """"That was easy!""""
What meaning is He most likely conveying?
a. The cat was easy to lift up.
b. He just got a great deal on a cat bed.
c. The exam was really easy.
d. The cat was really hard to lift up.
Reasoning:
Answer:
","a. The cat was easy to lift up.
Reasoning:
- The action of lifting the cat from the table suggests that the person is commenting on the ease of the action.
- There is no indication in the passage that the person is referring to a cat bed or an exam.
- The phrase ""That was easy!"" is typically used to express satisfaction with the ease of a task.
- The phrase ""The cat was really hard to lift up"" would imply the opposite of what the passage suggests, as the cat was lifted easily.","['a', 'd', 'c', 'b']",4,UA_NI,"{'a': 22.25, 'b': 9.3125, 'c': 7.90625, 'd': 6.34375}","{'a': 0.9999969005584717, 'b': 2.40610074797587e-06, 'c': 5.896403081351309e-07, 'd': 1.235953277500812e-07}",0.9999969005584717,a,"- The action of lifting the cat from the table suggests that the person is commenting on the ease of the action.
- There is no indication in the passage that the person is referring to a cat bed or an exam.
- The phrase ""That was easy!"" is typically used to express satisfaction with the ease of a task.
- The phrase ""The cat was really hard to lift up"" would imply the opposite of what the passage suggests, as the cat was lifted easily.",a
C1_02_A_I,C1_02,51,1,ambiguous,ironic,c,The dog was very light to lift.,Mistral-7B-Instruct,Condition1B_context_richness_stimuli,general_reasoning,"You will read short stories that describe everyday situations and which finish with a person saying something. Your task is to decide, given the situation, what meaning the person is most likely conveying. Each story will be followed by 4 possible meaning interpretations listed from a to d. Read each story and choose the number corresponding to the most likely meaning. State the reasoning in 2-3 bullet points and the answer. You can only answer with a, b, c, or d.
Context: She picked up her thin dog.
Target utterance: She said: """"Heaviest dog ever.""""
What meaning is She most likely conveying?
a. She just adopted a new dog.
b. The dog was really heavy to lift
c. The dog was very light to lift.
d. It was the heaviest package she ever carried.
Reasoning:
Answer:
","b. The dog was really heavy to lift

Reasoning:
- The action of picking up the dog suggests that the person is lifting the dog, not a package.
- The statement ""Heaviest dog ever"" implies that the dog is unusually heavy compared to other dogs.
- The context does not suggest that the person has just adopted a new dog or is referring to a light dog.","['d', 'a', 'b', 'c']",4,A_I,"{'a': 7.4375, 'b': 22.5, 'c': 9.0, 'd': 9.25}","{'a': 2.8736764079440036e-07, 'b': 0.999996542930603, 'c': 1.370954350932152e-06, 'd': 1.7603401829546783e-06}",0.999996542930603,b,"- The action of picking up the dog suggests that the person is lifting the dog, not a package.
- The statement ""Heaviest dog ever"" implies that the dog is unusually heavy compared to other dogs.
- The context does not suggest that the person has just adopted a new dog or is referring to a light dog.",a
C1_03_A_NI,C1_03,230,1,ambiguous,non-ironic,c,Their friend was very easy to lift.,Mistral-7B-Instruct,Condition1B_context_richness_stimuli,general_reasoning,"You will read short stories that describe everyday situations and which finish with a person saying something. Your task is to decide, given the situation, what meaning the person is most likely conveying. Each story will be followed by 4 possible meaning interpretations listed from a to d. Read each story and choose the number corresponding to the most likely meaning. State the reasoning in 2-3 bullet points and the answer. You can only answer with a, b, c, or d.
Context: They lift their thin friend.
Target utterance: They said: """"Light as a feather.""""
What meaning is They most likely conveying?
a. Getting their friend off the ground took a lot of effort.
b. The feather fell gently to the ground.
c. Their friend was very easy to lift.
d. They decided to go out for dinner with their friend.
Reasoning:
Answer:
","c. Their friend was very easy to lift.

Reasoning:
- The phrase ""Light as a feather"" is often used to describe something that is very light or easy to lift.
- In this context, the friends are lifting their thin friend, and the phrase ""Light as a feather"" suggests that the friend was easy to lift.
- The other options do not fit the situation described in the passage. For example, ""Getting their friend off the ground took a lot of effort"" would not be conveyed by the phrase ""Light as a feather."" Similarly, ""The feather fell gently to the ground"" and ""They decided to go out for dinner with their friend"" are not related to","['b', 'c', 'a', 'd']",4,A_NI,"{'a': 7.1875, 'b': 9.625, 'c': 22.625, 'd': 9.1875}","{'a': 1.9750460467093944e-07, 'b': 2.2603205707127927e-06, 'c': 0.9999960660934448, 'd': 1.4593726973544108e-06}",0.9999960660934448,c,"- The phrase ""Light as a feather"" is often used to describe something that is very light or easy to lift.
- In this context, the friends are lifting their thin friend, and the phrase ""Light as a feather"" suggests that the friend was easy to lift.
- The other options do not fit the situation described in the passage. For example, ""Getting their friend off the ground took a lot of effort"" would not be conveyed by the phrase ""Light as a feather."" Similarly, ""The feather fell gently to the ground"" and ""They decided to go out for dinner with their friend"" are not related to",a
C1_04_UA_I,C1_04,78,1,unambiguous,ironic,a,Holding my nephew took nothing of my strength.,Mistral-7B-Instruct,Condition1B_context_richness_stimuli,general_reasoning,"You will read short stories that describe everyday situations and which finish with a person saying something. Your task is to decide, given the situation, what meaning the person is most likely conveying. Each story will be followed by 4 possible meaning interpretations listed from a to d. Read each story and choose the number corresponding to the most likely meaning. State the reasoning in 2-3 bullet points and the answer. You can only answer with a, b, c, or d.
Context: I held my skinny nephew in my arms.
Target utterance: I said: """"Heavier than an elephant.""""
What meaning is I most likely conveying?
a. Holding my nephew took nothing of my strength.
b. Holding my nephew took all my strength.
c. The elephant lumbered slowly across the plain.
d. My nephew ate a burger that day.
Reasoning:
Answer:
","b. Holding my nephew took all my strength.

Reasoning:
- The statement ""Heavier than an elephant"" implies that the person is finding the weight of the nephew to be extremely heavy.
- Elephants are known for their significant weight, so comparing the nephew to an elephant suggests that he is unusually heavy.
- In the given context, it is unlikely that the person is referring to an elephant lumbering across the plain (c), or that the nephew ate a burger that day (d). The statement does not suggest that holding the nephew took nothing of the person's strength (a), as the comparison to an elephant implies a considerable weight.","['b', 'a', 'c', 'd']",4,UA_I,"{'a': 7.25, 'b': 22.125, 'c': 10.25, 'd': 10.5}","{'a': 3.4662713233046816e-07, 'b': 0.9999837875366211, 'c': 6.962191946513485e-06, 'd': 8.939631698012818e-06}",0.9999837875366211,b,"- The statement ""Heavier than an elephant"" implies that the person is finding the weight of the nephew to be extremely heavy.
- Elephants are known for their significant weight, so comparing the nephew to an elephant suggests that he is unusually heavy.
- In the given context, it is unlikely that the person is referring to an elephant lumbering across the plain (c), or that the nephew ate a burger that day (d). The statement does not suggest that holding the nephew took nothing of the person's strength (a), as the comparison to an elephant implies a considerable weight.",a
C1_05_UA_NI,C1_05,77,1,unambiguous,non-ironic,a,The cake tasted really good.,Mistral-7B-Instruct,Condition1B_context_richness_stimuli,general_reasoning,"You will read short stories that describe everyday situations and which finish with a person saying something. Your task is to decide, given the situation, what meaning the person is most likely conveying. Each story will be followed by 4 possible meaning interpretations listed from a to d. Read each story and choose the number corresponding to the most likely meaning. State the reasoning in 2-3 bullet points and the answer. You can only answer with a, b, c, or d.
Context: She ate a disgusting cake.
Target utterance: She said: """"What an amazing flavour.""""
What meaning is She most likely conveying?
a. The cake tasted really good.
b. The cake tasted really bad.
c. The soup smelled absolutely delicious
d. The cake had three candles on top.
Reasoning:
Answer:
","b. The cake tasted really bad.
Reasoning:
- The statement ""What an amazing flavour"" is sarcastic, as the cake was described as disgusting earlier in the passage.
- Sarcasm is used to express the opposite of what is actually meant, so in this case, the speaker is conveying that the cake did not have an amazing flavor, but rather a bad one.
- The other options (the cake tasted really good, the soup smelled absolutely delicious, the cake had three candles on top) are not supported by the information given in the passage.","['a', 'b', 'c', 'd']",4,UA_NI,"{'a': 7.21875, 'b': 21.625, 'c': 9.9375, 'd': 10.5}","{'a': 5.539043854696502e-07, 'b': 0.9999762773513794, 'c': 8.397943020099774e-06, 'd': 1.4738850040885154e-05}",0.9999762773513794,b,"- The statement ""What an amazing flavour"" is sarcastic, as the cake was described as disgusting earlier in the passage.
- Sarcasm is used to express the opposite of what is actually meant, so in this case, the speaker is conveying that the cake did not have an amazing flavor, but rather a bad one.
- The other options (the cake tasted really good, the soup smelled absolutely delicious, the cake had three candles on top) are not supported by the information given in the passage.",b
C1_06_A_I,C1_06,188,1,ambiguous,ironic,a,The medicine tasted absolutely awful.,Mistral-7B-Instruct,Condition1B_context_richness_stimuli,general_reasoning,"You will read short stories that describe everyday situations and which finish with a person saying something. Your task is to decide, given the situation, what meaning the person is most likely conveying. Each story will be followed by 4 possible meaning interpretations listed from a to d. Read each story and choose the number corresponding to the most likely meaning. State the reasoning in 2-3 bullet points and the answer. You can only answer with a, b, c, or d.
Context: He swallowed the medicine and found it unpleasant.
Target utterance: He said: """"Tastier than expected.""""
What meaning is He most likely conveying?
a. The medicine tasted absolutely awful.
b. The medicine tasted surprisingly pleasant.
c. He kept the medicine in the bathroom cabinet.
d. The cake was tastier than expected.
Reasoning:
Answer:
","a. The medicine tasted absolutely awful.

Reasoning:
- The context states that he found the medicine unpleasant after swallowing it.
- Saying ""Tastier than expected"" would be an ironic statement if the medicine was unpleasant, as one would not expect a pleasant taste from medicine.
- The other options do not fit the context as they do not relate to the medicine.","['b', 'a', 'd', 'c']",4,A_I,"{'a': 21.75, 'b': 9.625, 'c': 8.1875, 'd': 7.0625}","{'a': 0.999992847442627, 'b': 5.4222095968725625e-06, 'c': 1.2878876987088006e-06, 'd': 4.181159170002502e-07}",0.999992847442627,a,"- The context states that he found the medicine unpleasant after swallowing it.
- Saying ""Tastier than expected"" would be an ironic statement if the medicine was unpleasant, as one would not expect a pleasant taste from medicine.
- The other options do not fit the context as they do not relate to the medicine.",b
C1_07_A_NI,C1_07,239,1,ambiguous,non-ironic,a,The smoothie was thoroughly enjoyable.,Mistral-7B-Instruct,Condition1B_context_richness_stimuli,general_reasoning,"You will read short stories that describe everyday situations and which finish with a person saying something. Your task is to decide, given the situation, what meaning the person is most likely conveying. Each story will be followed by 4 possible meaning interpretations listed from a to d. Read each story and choose the number corresponding to the most likely meaning. State the reasoning in 2-3 bullet points and the answer. You can only answer with a, b, c, or d.
Context: I took a sip of my smoothie and found it unpleasant.
Target utterance: I said: """"What a treat.""""
What meaning is I most likely conveying?
a. The smoothie was thoroughly enjoyable.
b. She gave the dog a treat.
c. She was looking for a new smoothie recipe.
d. The smoothie was thoroughly nasty.
Reasoning:
Answer:
","d. The smoothie was thoroughly nasty.

Reasoning:
- The context describes the speaker taking a sip of their smoothie and finding it unpleasant.
- Saying ""What a treat"" would be an ironic statement, implying the opposite of what is actually true.
- The other options do not fit the context as there is no indication of giving a treat to someone or looking for a new smoothie recipe.","['a', 'c', 'd', 'b']",4,A_NI,"{'a': 8.125, 'b': 10.75, 'c': 10.75, 'd': 22.75}","{'a': 4.4507956431516504e-07, 'b': 6.144134204078e-06, 'c': 6.144134204078e-06, 'd': 0.9999872446060181}",0.9999872446060181,d,"- The context describes the speaker taking a sip of their smoothie and finding it unpleasant.
- Saying ""What a treat"" would be an ironic statement, implying the opposite of what is actually true.
- The other options do not fit the context as there is no indication of giving a treat to someone or looking for a new smoothie recipe.",b
C1_08_UA_I,C1_08,259,1,unambiguous,ironic,d,They could barely force themselves to swallow the burger.,Mistral-7B-Instruct,Condition1B_context_richness_stimuli,general_reasoning,"You will read short stories that describe everyday situations and which finish with a person saying something. Your task is to decide, given the situation, what meaning the person is most likely conveying. Each story will be followed by 4 possible meaning interpretations listed from a to d. Read each story and choose the number corresponding to the most likely meaning. State the reasoning in 2-3 bullet points and the answer. You can only answer with a, b, c, or d.
Context: They ate a disgusting burger.
Target utterance: They said: """"This burger tasted like heaven.""""
What meaning is They most likely conveying?
a. They liked the burger more than the pizza.
b. The burger was the most expensive item on the menu.
c. They liked every single bite of the burger.
d. They could barely force themselves to swallow the burger.
Reasoning:
Answer:
","d. They could barely force themselves to swallow the burger.

Reasoning:
- The context of the story describes the burger as disgusting, which contradicts the idea that they liked it (a, c).
- There is no mention of comparing the burger to pizza (a), or of its price (b).
- The statement ""This burger tasted like heaven"" is ironic, as it implies a positive sentiment about something that is described as disgusting, suggesting they found it difficult to eat (d).","['d', 'c', 'a', 'b']",4,UA_I,"{'a': 6.90625, 'b': 10.75, 'c': 11.75, 'd': 22.625}","{'a': 1.490810035420509e-07, 'b': 6.962123734410852e-06, 'c': 1.8925014956039377e-05, 'd': 0.9999740123748779}",0.9999740123748779,d,"- The context of the story describes the burger as disgusting, which contradicts the idea that they liked it (a, c).
- There is no mention of comparing the burger to pizza (a), or of its price (b).
- The statement ""This burger tasted like heaven"" is ironic, as it implies a positive sentiment about something that is described as disgusting, suggesting they found it difficult to eat (d).",b
C1_09_UA_NI,C1_09,109,1,unambiguous,non-ironic,a,The babysitter was taking good care of the kids.,Mistral-7B-Instruct,Condition1B_context_richness_stimuli,general_reasoning,"You will read short stories that describe everyday situations and which finish with a person saying something. Your task is to decide, given the situation, what meaning the person is most likely conveying. Each story will be followed by 4 possible meaning interpretations listed from a to d. Read each story and choose the number corresponding to the most likely meaning. State the reasoning in 2-3 bullet points and the answer. You can only answer with a, b, c, or d.
Context: They hired a petrified babysitter.
Target utterance: They said: """"The kids are not safe at all.""""
What meaning is They most likely conveying?
a. The babysitter was taking good care of the kids.
b. The babysitter was not taking good care of the kids.
c. The kids had very clean hands.
d. The babysitter parked her car outside.
Reasoning:
Answer:
","b. The babysitter was not taking good care of the kids.

Reasoning:
- The context suggests that the babysitter is new or inexperienced, as indicated by being ""petrified.""
- The statement ""The kids are not safe at all"" implies a concern for the children's well-being and suggests that the babysitter is not providing adequate care.
- The other options do not fit the context or the statement made by the speaker. For example, the kids' cleanliness is not mentioned, and the babysitter's parking location is irrelevant to the situation.","['a', 'b', 'c', 'd']",4,UA_NI,"{'a': 7.78125, 'b': 21.5, 'c': 10.25, 'd': 10.5}","{'a': 1.101562702388037e-06, 'b': 0.9999692440032959, 'c': 1.3006897461309563e-05, 'd': 1.6701187632861547e-05}",0.9999692440032959,b,"- The context suggests that the babysitter is new or inexperienced, as indicated by being ""petrified.""
- The statement ""The kids are not safe at all"" implies a concern for the children's well-being and suggests that the babysitter is not providing adequate care.
- The other options do not fit the context or the statement made by the speaker. For example, the kids' cleanliness is not mentioned, and the babysitter's parking location is irrelevant to the situation.",b
C1_10_A_I,C1_10,186,1,ambiguous,ironic,b,The police officer did not make them feel safe at all.,Mistral-7B-Instruct,Condition1B_context_richness_stimuli,general_reasoning,"You will read short stories that describe everyday situations and which finish with a person saying something. Your task is to decide, given the situation, what meaning the person is most likely conveying. Each story will be followed by 4 possible meaning interpretations listed from a to d. Read each story and choose the number corresponding to the most likely meaning. State the reasoning in 2-3 bullet points and the answer. You can only answer with a, b, c, or d.
Context: They met a scared police officer.
Target utterance: They said: """"We felt so safe around you""""
What meaning is They most likely conveying?
a. The police officer drank a cup of coffee.
b. The police officer did not make them feel safe at all.
c. They were sitting in a very safe seat.
d. The police officer made them feel very safe.
Reasoning:
Answer:
","d. The police officer made them feel very safe.
Reasoning:
- The context describes a situation where they met a scared police officer, implying that the police officer was not initially perceived as safe.
- The statement ""We felt so safe around you"" suggests that the person is expressing gratitude or appreciation for the police officer's actions, which made them feel safe.
- The other options do not fit the context or the statement made by the person.","['d', 'b', 'c', 'a']",4,A_I,"{'a': 9.0625, 'b': 10.9375, 'c': 10.6875, 'd': 22.5}","{'a': 1.4593515516025946e-06, 'b': 9.516167665424291e-06, 'c': 7.4111990215897094e-06, 'd': 0.9999816417694092}",0.9999816417694092,d,"- The context describes a situation where they met a scared police officer, implying that the police officer was not initially perceived as safe.
- The statement ""We felt so safe around you"" suggests that the person is expressing gratitude or appreciation for the police officer's actions, which made them feel safe.
- The other options do not fit the context or the statement made by the person.",a
C1_11_A_NI,C1_11,244,1,ambiguous,non-ironic,a,Seeing the pilot put her completely at ease.,Mistral-7B-Instruct,Condition1B_context_richness_stimuli,general_reasoning,"You will read short stories that describe everyday situations and which finish with a person saying something. Your task is to decide, given the situation, what meaning the person is most likely conveying. Each story will be followed by 4 possible meaning interpretations listed from a to d. Read each story and choose the number corresponding to the most likely meaning. State the reasoning in 2-3 bullet points and the answer. You can only answer with a, b, c, or d.
Context: She noticed the scared pilot before boarding.
Target utterance: She said: """"That really shook me up.""""
What meaning is She most likely conveying?
a. Seeing the pilot put her completely at ease.
b. She settled into her seat and fastened the belt.
c. Seeing the pilot made her feel even more anxious.
d. She dated a pilot for several months.
Reasoning:
Answer:
","c. Seeing the pilot made her feel even more anxious.

Reasoning:
- The context describes the person noticing a scared pilot before boarding, which suggests a potentially distressing situation.
- The target utterance ""That really shook me up"" is a common phrase used to express fear or anxiety.
- None of the other options (a, b, d) provide a context that would lead to the person saying ""That really shook me up"".","['a', 'c', 'b', 'd']",4,A_NI,"{'a': 7.15625, 'b': 9.625, 'c': 22.375, 'd': 10.8125}","{'a': 2.457963148572162e-07, 'b': 2.902283767980407e-06, 'c': 0.9999873638153076, 'd': 9.516222235106397e-06}",0.9999873638153076,c,"- The context describes the person noticing a scared pilot before boarding, which suggests a potentially distressing situation.
- The target utterance ""That really shook me up"" is a common phrase used to express fear or anxiety.
- None of the other options (a, b, d) provide a context that would lead to the person saying ""That really shook me up"".",b
C1_12_UA_I,C1_12,207,1,unambiguous,ironic,a,His father's face was full of fear.,Mistral-7B-Instruct,Condition1B_context_richness_stimuli,general_reasoning,"You will read short stories that describe everyday situations and which finish with a person saying something. Your task is to decide, given the situation, what meaning the person is most likely conveying. Each story will be followed by 4 possible meaning interpretations listed from a to d. Read each story and choose the number corresponding to the most likely meaning. State the reasoning in 2-3 bullet points and the answer. You can only answer with a, b, c, or d.
Context: He saw his petrified father.
Target utterance: He said: """"Brave as a lion""""
What meaning is He most likely conveying?
a. His father's face was full of fear.
b. The lion prowled across the savannah.
c. His father wore a blue jacket.
d. His father showed no fear at all.
Reasoning:
Answer:
","d. His father showed no fear at all.

Reasoning:
- The phrase ""Brave as a lion"" is often used to express that someone is not afraid or is showing courage.
- In the context of the story, the person saw his petrified (terrified) father. If the father was truly petrified, it would be contradictory for the speaker to say he was ""Brave as a lion.""
- The other options (a, b, c) do not relate to the situation or the phrase used by the speaker.","['b', 'c', 'd', 'a']",4,UA_I,"{'a': 7.96875, 'b': 10.75, 'c': 11.125, 'd': 22.75}","{'a': 3.8069566699050483e-07, 'b': 6.144117378426017e-06, 'c': 8.93963806447573e-06, 'd': 0.9999845027923584}",0.9999845027923584,d,"- The phrase ""Brave as a lion"" is often used to express that someone is not afraid or is showing courage.
- In the context of the story, the person saw his petrified (terrified) father. If the father was truly petrified, it would be contradictory for the speaker to say he was ""Brave as a lion.""
- The other options (a, b, c) do not relate to the situation or the phrase used by the speaker.",a
C1_13_UA_NI,C1_13,48,1,unambiguous,non-ironic,a,"To him, his girlfriend looked well-rested and full of energy.",Mistral-7B-Instruct,Condition1B_context_richness_stimuli,general_reasoning,"You will read short stories that describe everyday situations and which finish with a person saying something. Your task is to decide, given the situation, what meaning the person is most likely conveying. Each story will be followed by 4 possible meaning interpretations listed from a to d. Read each story and choose the number corresponding to the most likely meaning. State the reasoning in 2-3 bullet points and the answer. You can only answer with a, b, c, or d.
Context: He saw his exhausted girlfriend.
Target utterance: He said: """"You look like you've been awake since birth.""""
What meaning is He most likely conveying?
a. To him, his girlfriend looked well-rested and full of energy.
b. He was planning to surprise his girlfriend with a home-cooked meal.
c. His girlfriend clearly looked worn out, not refreshed at all.
d. He had just bought her a refreshing cold drink.
Reasoning:
Answer:
","c. His girlfriend clearly looked worn out, not refreshed at all.

Reasoning:
- The phrase ""You look like you've been awake since birth"" is often used to express that someone appears extremely tired or exhausted.
- There is no indication in the passage that the girlfriend looked well-rested or full of energy, nor is there any mention of a surprise meal, home-cooked or otherwise, or a refreshing cold drink.
- The context suggests that the speaker is commenting on the girlfriend's appearance, and the phrase used implies exhaustion.","['a', 'd', 'b', 'c']",4,UA_NI,"{'a': 6.625, 'b': 10.625, 'c': 22.125, 'd': 9.9375}","{'a': 1.8553626546236046e-07, 'b': 1.0129936526936945e-05, 'c': 0.9999845027923584, 'd': 5.093651907372987e-06}",0.9999845027923584,c,"- The phrase ""You look like you've been awake since birth"" is often used to express that someone appears extremely tired or exhausted.
- There is no indication in the passage that the girlfriend looked well-rested or full of energy, nor is there any mention of a surprise meal, home-cooked or otherwise, or a refreshing cold drink.
- The context suggests that the speaker is commenting on the girlfriend's appearance, and the phrase used implies exhaustion.",b
C1_14_A_I,C1_14,248,1,ambiguous,ironic,d,Her colleague seemed very tired today.,Mistral-7B-Instruct,Condition1B_context_richness_stimuli,general_reasoning,"You will read short stories that describe everyday situations and which finish with a person saying something. Your task is to decide, given the situation, what meaning the person is most likely conveying. Each story will be followed by 4 possible meaning interpretations listed from a to d. Read each story and choose the number corresponding to the most likely meaning. State the reasoning in 2-3 bullet points and the answer. You can only answer with a, b, c, or d.
Context: She saw her tired colleague.
Target utterance: She said: """"You seem so full of energy today.""""
What meaning is She most likely conveying?
a. She was redecorating the office of her colleague.
b. Her colleague seemed very energetic today.
c. She filled up the car with energy.
d. Her colleague seemed very tired today.
Reasoning:
Answer:
","b. Her colleague seemed very energetic today.

Reasoning:
- The context describes the speaker seeing a tired colleague, which contradicts the statement ""You seem so full of energy today.""
- The speaker's statement is a comment on the colleague's apparent energy level, not an action related to redecorating or filling up a car with energy (options a and c).
- The statement ""You seem so full of energy today"" is a positive comment, suggesting that the colleague appeared energetic, not tired (option d).","['d', 'a', 'c', 'b']",4,A_I,"{'a': 7.40625, 'b': 21.875, 'c': 9.6875, 'd': 8.6875}","{'a': 5.2035346698176e-07, 'b': 0.9999924898147583, 'c': 5.093692834634567e-06, 'd': 1.8738647895588656e-06}",0.9999924898147583,b,"- The context describes the speaker seeing a tired colleague, which contradicts the statement ""You seem so full of energy today.""
- The speaker's statement is a comment on the colleague's apparent energy level, not an action related to redecorating or filling up a car with energy (options a and c).
- The statement ""You seem so full of energy today"" is a positive comment, suggesting that the colleague appeared energetic, not tired (option d).",a
C1_15_A_NI,C1_15,256,1,ambiguous,non-ironic,a,They felt very well-rested after the sleepover.,Mistral-7B-Instruct,Condition1B_context_richness_stimuli,general_reasoning,"You will read short stories that describe everyday situations and which finish with a person saying something. Your task is to decide, given the situation, what meaning the person is most likely conveying. Each story will be followed by 4 possible meaning interpretations listed from a to d. Read each story and choose the number corresponding to the most likely meaning. State the reasoning in 2-3 bullet points and the answer. You can only answer with a, b, c, or d.
Context: After the sleepover, they were tired.
Target utterance: They said:  """"We never felt more tired in our lifes.""""
What meaning is They most likely conveying?
a. They felt very well-rested after the sleepover.
b. They did sleep overs once a year.
c. They rested the heavy boxes on the floor.
d. They felt really exhausted after the sleepover.
Reasoning:
Answer:
","d. They felt really exhausted after the sleepover.
Reasoning:
- The sleepover is an event associated with rest and relaxation, but the phrase ""never felt more tired"" suggests the opposite of feeling well-rested.
- The phrase ""in our lifes"" implies a strong feeling of exhaustion that is significant in their lives.
- The options ""They did sleep overs once a year"" and ""They rested the heavy boxes on the floor"" do not make sense in the context of the sleepover situation.","['a', 'd', 'c', 'b']",4,A_NI,"{'a': 8.0, 'b': 11.1875, 'c': 11.375, 'd': 22.25}","{'a': 6.475723921539611e-07, 'b': 1.568924380990211e-05, 'c': 1.8924838514067233e-05, 'd': 0.999964714050293}",0.999964714050293,d,"- The sleepover is an event associated with rest and relaxation, but the phrase ""never felt more tired"" suggests the opposite of feeling well-rested.
- The phrase ""in our lifes"" implies a strong feeling of exhaustion that is significant in their lives.
- The options ""They did sleep overs once a year"" and ""They rested the heavy boxes on the floor"" do not make sense in the context of the sleepover situation.",b
C1_16_UA_I,C1_16,14,1,unambiguous,ironic,d,Deep down I felt completely unprepared for the exam.,Mistral-7B-Instruct,Condition1B_context_richness_stimuli,general_reasoning,"You will read short stories that describe everyday situations and which finish with a person saying something. Your task is to decide, given the situation, what meaning the person is most likely conveying. Each story will be followed by 4 possible meaning interpretations listed from a to d. Read each story and choose the number corresponding to the most likely meaning. State the reasoning in 2-3 bullet points and the answer. You can only answer with a, b, c, or d.
Context: Right before my exam, I felt really exhausted.
Target utterance: I said: """"I have never felt more ready.""""
What meaning is I most likely conveying?
a. I felt fully prepared and ready for the exam.
b. Dinner was ready by seven o'clock.
c. The exam started at nine o'clock.
d. Deep down I felt completely unprepared for the exam.
Reasoning:
Answer:
","a. I felt fully prepared and ready for the exam.
Reasoning:
- The person is stating that they feel ready, which is typically a sign of being prepared for an event, in this case, an exam.
- The phrase ""I have never felt more ready"" suggests a high level of readiness, implying that the person is confident and well-prepared.
- The context of the story also supports this interpretation, as feeling exhausted before an exam would not typically be associated with a lack of preparation.","['a', 'c', 'd', 'b']",4,UA_I,"{'a': 22.0, 'b': 8.4375, 'c': 8.5, 'd': 7.25}","{'a': 0.9999969005584717, 'b': 1.2878929283033358e-06, 'c': 1.3709549193663406e-06, 'd': 3.927851253138215e-07}",0.9999969005584717,a,"- The person is stating that they feel ready, which is typically a sign of being prepared for an event, in this case, an exam.
- The phrase ""I have never felt more ready"" suggests a high level of readiness, implying that the person is confident and well-prepared.
- The context of the story also supports this interpretation, as feeling exhausted before an exam would not typically be associated with a lack of preparation.",a
C1_17_UA_NI,C1_17,118,1,unambiguous,non-ironic,d,Her idea was innovative.,Mistral-7B-Instruct,Condition1B_context_richness_stimuli,general_reasoning,"You will read short stories that describe everyday situations and which finish with a person saying something. Your task is to decide, given the situation, what meaning the person is most likely conveying. Each story will be followed by 4 possible meaning interpretations listed from a to d. Read each story and choose the number corresponding to the most likely meaning. State the reasoning in 2-3 bullet points and the answer. You can only answer with a, b, c, or d.
Context: She had a novel idea.
Target utterance: She said: """"Truly ahead of its time.""""
What meaning is She most likely conveying?
a. Her idea was outdated.
b. She had arrived early.
c. She had the idea to redecorate her office.
d. Her idea was innovative.
Reasoning:
Answer:
","d. Her idea was innovative.
Reasoning:
- The phrase ""Truly ahead of its time"" is often used to describe something that is innovative or forward-thinking, as it suggests the idea or invention is more advanced than what is currently available or accepted.
- There is no indication in the passage that her idea was outdated, she had arrived early, or that she had the idea to redecorate her office.
- The context of having a ""novel idea"" supports the interpretation that the idea was new and creative, which aligns with the meaning of ""innovative.""","['b', 'c', 'd', 'a']",4,UA_NI,"{'a': 8.5625, 'b': 11.625, 'c': 11.875, 'd': 22.75}","{'a': 6.893378667882644e-07, 'b': 1.473869360779645e-05, 'c': 1.8924856703961268e-05, 'd': 0.9999656677246094}",0.9999656677246094,d,"- The phrase ""Truly ahead of its time"" is often used to describe something that is innovative or forward-thinking, as it suggests the idea or invention is more advanced than what is currently available or accepted.
- There is no indication in the passage that her idea was outdated, she had arrived early, or that she had the idea to redecorate her office.
- The context of having a ""novel idea"" supports the interpretation that the idea was new and creative, which aligns with the meaning of ""innovative.""",a
C1_18_A_I,C1_18,272,1,ambiguous,ironic,b,"In his view, it was a stale approach he had seen many times before.",Mistral-7B-Instruct,Condition1B_context_richness_stimuli,general_reasoning,"You will read short stories that describe everyday situations and which finish with a person saying something. Your task is to decide, given the situation, what meaning the person is most likely conveying. Each story will be followed by 4 possible meaning interpretations listed from a to d. Read each story and choose the number corresponding to the most likely meaning. State the reasoning in 2-3 bullet points and the answer. You can only answer with a, b, c, or d.
Context: It was a new approach. 
Target utterance: He said: """"How refreshingly innovative.""""
What meaning is He most likely conveying?
a. He found the approach genuinely new and creative.
b. In his view, it was a stale approach he had seen many times before.
c. Refreshments were served at the end of the presentation.
d. He researched new approaches for several months.
Reasoning:
Answer:
","a. He found the approach genuinely new and creative.
Reasoning:
- The phrase ""How refreshingly innovative"" suggests a positive reaction to something new and creative.
- The context of ""It was a new approach"" supports this interpretation as it indicates that the approach was indeed new.
- The other options do not fit the context or the phrase used by the person. For example, ""In his view, it was a stale approach he had seen many times before"" contradicts the positive tone of the phrase, and ""Refreshments were served at the end of the presentation"" does not relate to the person's comment about the approach. ""He researched new approaches for several months"" does not provide","['a', 'b', 'c', 'd']",4,A_I,"{'a': 22.375, 'b': 8.0625, 'c': 7.96875, 'd': 6.8125}","{'a': 0.9999986886978149, 'b': 6.083586185923195e-07, 'c': 5.539167773349618e-07, 'd': 1.7429766785426182e-07}",0.9999986886978149,a,"- The phrase ""How refreshingly innovative"" suggests a positive reaction to something new and creative.
- The context of ""It was a new approach"" supports this interpretation as it indicates that the approach was indeed new.
- The other options do not fit the context or the phrase used by the person. For example, ""In his view, it was a stale approach he had seen many times before"" contradicts the positive tone of the phrase, and ""Refreshments were served at the end of the presentation"" does not relate to the person's comment about the approach. ""He researched new approaches for several months"" does not provide",a
C1_19_A_NI,C1_19,32,1,ambiguous,non-ironic,a,She found the tradition beautifully enduring and meaningful.,Mistral-7B-Instruct,Condition1B_context_richness_stimuli,general_reasoning,"You will read short stories that describe everyday situations and which finish with a person saying something. Your task is to decide, given the situation, what meaning the person is most likely conveying. Each story will be followed by 4 possible meaning interpretations listed from a to d. Read each story and choose the number corresponding to the most likely meaning. State the reasoning in 2-3 bullet points and the answer. You can only answer with a, b, c, or d.
Context: The tradition was new.
Target utterance: She said: """"How wonderfully timeless.""""
What meaning is She most likely conveying?
a. She found the tradition beautifully enduring and meaningful.
b. She read about the tradition in a local history book.
c. To her, the tradition felt stale and long past its use.
d. The clock ticked for over a century.
Reasoning:
Answer:
","a. She found the tradition beautifully enduring and meaningful.

Reasoning:
- The context suggests that the tradition is new, so it is unlikely that she has read about it in a local history book (b).
- The statement ""How wonderfully timeless"" implies a positive sentiment towards the tradition, which is not consistent with finding it stale and long past its use (c).
- The statement does not mention a clock or time, so ""The clock ticked for over a century"" (d) is not a reasonable interpretation.","['a', 'd', 'b', 'c']",4,A_NI,"{'a': 21.75, 'b': 8.875, 'c': 7.71875, 'd': 7.125}","{'a': 0.9999961853027344, 'b': 2.5612789613660425e-06, 'c': 8.059421929829114e-07, 'd': 4.450835433544853e-07}",0.9999961853027344,a,"- The context suggests that the tradition is new, so it is unlikely that she has read about it in a local history book (b).
- The statement ""How wonderfully timeless"" implies a positive sentiment towards the tradition, which is not consistent with finding it stale and long past its use (c).
- The statement does not mention a clock or time, so ""The clock ticked for over a century"" (d) is not a reasonable interpretation.",a
C1_20_UA_I,C1_20,125,1,unambiguous,ironic,d,She was disappointed with the smell of her car.,Mistral-7B-Instruct,Condition1B_context_richness_stimuli,general_reasoning,"You will read short stories that describe everyday situations and which finish with a person saying something. Your task is to decide, given the situation, what meaning the person is most likely conveying. Each story will be followed by 4 possible meaning interpretations listed from a to d. Read each story and choose the number corresponding to the most likely meaning. State the reasoning in 2-3 bullet points and the answer. You can only answer with a, b, c, or d.
Context: She bought a novel car.
Target utterance: She says: """"I just love the new car smell.""""
What meaning is She most likely conveying?
a. She took her car to the gas station.
b. She could smell what her husband was cooking.
c. She liked the smell of her car.
d. She was disappointed with the smell of her car.
Reasoning:
Answer:
","c. She liked the smell of her car.

Reasoning:
- The context suggests that she has just bought a new car.
- The statement ""I just love the new car smell"" indicates a positive sentiment towards the smell of the car.
- The other options do not fit the context or the statement made by the person. For example, ""She took her car to the gas station"" would not be relevant after buying a new car, and ""She could smell what her husband was cooking"" and ""She was disappointed with the smell of her car"" do not match the positive sentiment expressed in the statement.","['d', 'c', 'a', 'b']",4,UA_I,"{'a': 7.5, 'b': 10.125, 'c': 22.25, 'd': 9.6875}","{'a': 3.9278268104681047e-07, 'b': 5.4221977734414395e-06, 'c': 0.999990701675415, 'd': 3.500834054648294e-06}",0.999990701675415,c,"- The context suggests that she has just bought a new car.
- The statement ""I just love the new car smell"" indicates a positive sentiment towards the smell of the car.
- The other options do not fit the context or the statement made by the person. For example, ""She took her car to the gas station"" would not be relevant after buying a new car, and ""She could smell what her husband was cooking"" and ""She was disappointed with the smell of her car"" do not match the positive sentiment expressed in the statement.",a
C1_21_UA_NI,C1_21,221,1,unambiguous,non-ironic,c,The birthday party was a great success.,Mistral-7B-Instruct,Condition1B_context_richness_stimuli,general_reasoning,"You will read short stories that describe everyday situations and which finish with a person saying something. Your task is to decide, given the situation, what meaning the person is most likely conveying. Each story will be followed by 4 possible meaning interpretations listed from a to d. Read each story and choose the number corresponding to the most likely meaning. State the reasoning in 2-3 bullet points and the answer. You can only answer with a, b, c, or d.
Context: She left the birthday party feeling miserable.
Target utterance: She says: """"Truly a night to remember.""""
What meaning is She most likely conveying?
a. The birthday party was a disappointment.
b. She planned her next birthday party.
c. The birthday party was a great success.
d. She had trouble remembering things.
Reasoning:
Answer:
","a. The birthday party was a disappointment.

Reasoning:
- The context states that she left the birthday party feeling miserable.
- Saying ""Truly a night to remember"" is often used sarcastically to express disappointment or irony, especially when the event was not enjoyable.
- In this case, it is unlikely that she would plan her next birthday party (b) or say that the party was a great success (c) given the context of her feeling miserable.
- Saying she had trouble remembering things (d) is not related to the context or her statement.","['b', 'd', 'a', 'c']",4,UA_NI,"{'a': 21.75, 'b': 8.75, 'c': 8.4375, 'd': 7.78125}","{'a': 0.999995231628418, 'b': 2.260318751723389e-06, 'c': 1.653684535085631e-06, 'd': 8.579202130931662e-07}",0.999995231628418,a,"- The context states that she left the birthday party feeling miserable.
- Saying ""Truly a night to remember"" is often used sarcastically to express disappointment or irony, especially when the event was not enjoyable.
- In this case, it is unlikely that she would plan her next birthday party (b) or say that the party was a great success (c) given the context of her feeling miserable.
- Saying she had trouble remembering things (d) is not related to the context or her statement.",b
C1_22_A_I,C1_22,146,1,ambiguous,ironic,d,"The wedding had been a dull, disappointing event from start to finish.",Mistral-7B-Instruct,Condition1B_context_richness_stimuli,general_reasoning,"You will read short stories that describe everyday situations and which finish with a person saying something. Your task is to decide, given the situation, what meaning the person is most likely conveying. Each story will be followed by 4 possible meaning interpretations listed from a to d. Read each story and choose the number corresponding to the most likely meaning. State the reasoning in 2-3 bullet points and the answer. You can only answer with a, b, c, or d.
Context: She left the wedding feeling sad.
Target utterance: She says: """"What a magical day.""""
What meaning is She most likely conveying?
a. The wedding was a beautiful and enchanting occasion.
b. The magician wowed all the guests at the reception.
c. She helped organise the flowers for the wedding beforehand.
d. The wedding had been a dull, disappointing event from start to finish.
Reasoning:
Answer:
","a. The wedding was a beautiful and enchanting occasion.

Reasoning:
- The person left the wedding feeling sad, but then said ""What a magical day."" This suggests that despite her initial feelings, she is expressing a positive sentiment about the wedding.
- It is unlikely that the magician was the main focus of the wedding, as the story does not mention any magicians or magic-related activities.
- The person did not mention any involvement in organizing the flowers for the wedding.
- The phrase ""What a magical day"" does not indicate a dull or disappointing event.","['a', 'c', 'd', 'b']",4,A_I,"{'a': 21.375, 'b': 8.5625, 'c': 7.21875, 'd': 7.78125}","{'a': 0.9999953508377075, 'b': 2.726465027080849e-06, 'c': 7.112408866305486e-07, 'd': 1.2482666988944402e-06}",0.9999953508377075,a,"- The person left the wedding feeling sad, but then said ""What a magical day."" This suggests that despite her initial feelings, she is expressing a positive sentiment about the wedding.
- It is unlikely that the magician was the main focus of the wedding, as the story does not mention any magicians or magic-related activities.
- The person did not mention any involvement in organizing the flowers for the wedding.
- The phrase ""What a magical day"" does not indicate a dull or disappointing event.",a
C1_23_A_NI,C1_23,45,1,ambiguous,non-ironic,b,They had found the film dull from start to finish.,Mistral-7B-Instruct,Condition1B_context_richness_stimuli,general_reasoning,"You will read short stories that describe everyday situations and which finish with a person saying something. Your task is to decide, given the situation, what meaning the person is most likely conveying. Each story will be followed by 4 possible meaning interpretations listed from a to d. Read each story and choose the number corresponding to the most likely meaning. State the reasoning in 2-3 bullet points and the answer. You can only answer with a, b, c, or d.
Context: They left the cinema feeling sad.
Target utterance: They say: """"What a painfull film.""""
What meaning is They most likely conveying?
a. They went to the same cinema as always.
b. They had found the film dull from start to finish.
c. They had found the film funny from start to finish.
d. The injection was over quickly, but it was painful.
Reasoning:
Answer:
","b. They had found the film dull from start to finish.

Reasoning:
- The context indicates that they left the cinema feeling sad, which is often associated with a negative experience.
- The statement ""What a painfull film"" suggests a negative opinion about the movie.
- The options a, c, and d do not fit the context or the statement, as they do not convey a negative sentiment about the film.","['d', 'a', 'b', 'c']",4,A_NI,"{'a': 7.46875, 'b': 22.125, 'c': 9.4375, 'd': 9.25}","{'a': 4.3138879846083e-07, 'b': 0.9999939203262329, 'c': 3.089485062446329e-06, 'd': 2.5612732770241564e-06}",0.9999939203262329,b,"- The context indicates that they left the cinema feeling sad, which is often associated with a negative experience.
- The statement ""What a painfull film"" suggests a negative opinion about the movie.
- The options a, c, and d do not fit the context or the statement, as they do not convey a negative sentiment about the film.",a
C1_24_UA_I,C1_24,169,1,unambiguous,ironic,b,The message brought negative news.,Mistral-7B-Instruct,Condition1B_context_richness_stimuli,general_reasoning,"You will read short stories that describe everyday situations and which finish with a person saying something. Your task is to decide, given the situation, what meaning the person is most likely conveying. Each story will be followed by 4 possible meaning interpretations listed from a to d. Read each story and choose the number corresponding to the most likely meaning. State the reasoning in 2-3 bullet points and the answer. You can only answer with a, b, c, or d.
Context: She received a message and was miserable.
Target utterance: She says: """"These are amazing news.""""
What meaning is She most likely conveying?
a. What she read was news to her.
b. The message brought negative news.
c. She wanted to send a message.
d. The message brought good news.
Reasoning:
Answer:
","d. The message brought good news.
Reasoning:
- The person's misery at the beginning of the story suggests that she was expecting bad news or was in a negative state.
- The phrase ""These are amazing news"" indicates that the person received news that was unexpectedly good.
- The options a, b, and c do not fit the context as the person did not indicate that the message was new to her, it did not contain negative news, and she was not trying to send a message.","['c', 'b', 'd', 'a']",4,UA_I,"{'a': 8.5, 'b': 10.5, 'c': 10.6875, 'd': 22.75}","{'a': 6.47587967250729e-07, 'b': 4.7850635382928886e-06, 'c': 5.771888936578762e-06, 'd': 0.9999887943267822}",0.9999887943267822,d,"- The person's misery at the beginning of the story suggests that she was expecting bad news or was in a negative state.
- The phrase ""These are amazing news"" indicates that the person received news that was unexpectedly good.
- The options a, b, and c do not fit the context as the person did not indicate that the message was new to her, it did not contain negative news, and she was not trying to send a message.",a
C1_25_UA_NI,C1_25,92,1,unambiguous,non-ironic,b,Her exam answers were impressively smart.,Mistral-7B-Instruct,Condition1B_context_richness_stimuli,general_reasoning,"You will read short stories that describe everyday situations and which finish with a person saying something. Your task is to decide, given the situation, what meaning the person is most likely conveying. Each story will be followed by 4 possible meaning interpretations listed from a to d. Read each story and choose the number corresponding to the most likely meaning. State the reasoning in 2-3 bullet points and the answer. You can only answer with a, b, c, or d.
Context: Her answers in the exam were idiotic.
Target utterance: She says: """"What a genius.""""
What meaning is She most likely conveying?
a. She had a high IQ.
b. Her exam answers were impressively smart.
c. Her exam answers were embarrassingly poor.
d. She studied for her next exam.
Reasoning:
Answer:
","b. Her exam answers were impressively smart.

Reasoning:
- The speaker's statement ""What a genius"" is typically used to express admiration or appreciation for someone's intelligence or smartness.
- Given the context that her answers in the exam were idiotic, it is unlikely that the speaker would use such a term if her answers were embarrassingly poor.
- The options a, ""She had a high IQ,"" and d, ""She studied for her next exam,"" do not fit the context or the speaker's statement.","['c', 'a', 'b', 'd']",4,UA_NI,"{'a': 7.59375, 'b': 22.5, 'c': 10.1875, 'd': 9.1875}","{'a': 3.359657512191916e-07, 'b': 0.9999934434890747, 'c': 4.495172106544487e-06, 'd': 1.6536815792278503e-06}",0.9999934434890747,b,"- The speaker's statement ""What a genius"" is typically used to express admiration or appreciation for someone's intelligence or smartness.
- Given the context that her answers in the exam were idiotic, it is unlikely that the speaker would use such a term if her answers were embarrassingly poor.
- The options a, ""She had a high IQ,"" and d, ""She studied for her next exam,"" do not fit the context or the speaker's statement.",a
C1_26_A_I,C1_26,225,1,ambiguous,ironic,d,"As far as they were concerned, it was a poor suggestion.",Mistral-7B-Instruct,Condition1B_context_richness_stimuli,general_reasoning,"You will read short stories that describe everyday situations and which finish with a person saying something. Your task is to decide, given the situation, what meaning the person is most likely conveying. Each story will be followed by 4 possible meaning interpretations listed from a to d. Read each story and choose the number corresponding to the most likely meaning. State the reasoning in 2-3 bullet points and the answer. You can only answer with a, b, c, or d.
Context: Their colleague's suggestion was stupid.
Target utterance: They said: """"We really had luck with that one.""""
What meaning is They most likely conveying?
a. They got lucky at the casino.
b. They thought that every project starts with a suggestion.
c. They were genuinely fortunate to have such a strong suggestion.
d. As far as they were concerned, it was a poor suggestion.
Reasoning:
Answer:
","d. As far as they were concerned, it was a poor suggestion.

Reasoning:
- The context suggests that the colleague's suggestion was stupid or unhelpful.
- The phrase ""We really had luck"" is sarcastic, implying that the outcome was not due to good planning or a good idea, but rather due to chance or luck.
- In this context, luck is not a positive connotation, but rather a way of expressing disappointment or sarcasm about the outcome. Therefore, the colleague is conveying that they consider the suggestion to be poor or unsuccessful.","['c', 'd', 'a', 'b']",4,A_I,"{'a': 9.0, 'b': 11.0, 'c': 12.125, 'd': 22.625}","{'a': 1.2098215620426345e-06, 'b': 8.939439794630744e-06, 'c': 2.75354123004945e-05, 'd': 0.999962329864502}",0.999962329864502,d,"- The context suggests that the colleague's suggestion was stupid or unhelpful.
- The phrase ""We really had luck"" is sarcastic, implying that the outcome was not due to good planning or a good idea, but rather due to chance or luck.
- In this context, luck is not a positive connotation, but rather a way of expressing disappointment or sarcasm about the outcome. Therefore, the colleague is conveying that they consider the suggestion to be poor or unsuccessful.",b
C1_27_A_NI,C1_27,30,1,ambiguous,non-ironic,d,His argument was strong and well presented.,Mistral-7B-Instruct,Condition1B_context_richness_stimuli,general_reasoning,"You will read short stories that describe everyday situations and which finish with a person saying something. Your task is to decide, given the situation, what meaning the person is most likely conveying. Each story will be followed by 4 possible meaning interpretations listed from a to d. Read each story and choose the number corresponding to the most likely meaning. State the reasoning in 2-3 bullet points and the answer. You can only answer with a, b, c, or d.
Context: His argument in the debate was stupid.
Target utterance: She says: """"What a master of rhetoric.""""
What meaning is She most likely conveying?
a. His argument was weak and poorly constructed.
b. Sokrates was a master of rhetoric.
c. She had an argument with him that night.
d. His argument was strong and well presented.
Reasoning:
Answer:
","a. His argument was weak and poorly constructed.
Reasoning:
- The statement ""What a master of rhetoric"" is sarcastic, implying the opposite of what is meant.
- In this context, ""rhetoric"" refers to the art of effective or persuasive speaking or writing, especially the exploitation of figures of speech and other compositional techniques.
- Given that the argument was described as ""stupid"" earlier, it is likely that the speaker is implying that the argument was not well-constructed or persuasive, and is therefore sarcastically calling the person a ""master"" of rhetoric.","['b', 'c', 'd', 'a']",4,A_NI,"{'a': 22.125, 'b': 8.875, 'c': 9.125, 'd': 7.90625}","{'a': 0.999995231628418, 'b': 1.7603379092179239e-06, 'c': 2.260318751723389e-06, 'd': 6.681489139737096e-07}",0.999995231628418,a,"- The statement ""What a master of rhetoric"" is sarcastic, implying the opposite of what is meant.
- In this context, ""rhetoric"" refers to the art of effective or persuasive speaking or writing, especially the exploitation of figures of speech and other compositional techniques.
- Given that the argument was described as ""stupid"" earlier, it is likely that the speaker is implying that the argument was not well-constructed or persuasive, and is therefore sarcastically calling the person a ""master"" of rhetoric.",b
C1_28_UA_I,C1_28,47,1,unambiguous,ironic,d,She believed that his business plan would fail.,Mistral-7B-Instruct,Condition1B_context_richness_stimuli,general_reasoning,"You will read short stories that describe everyday situations and which finish with a person saying something. Your task is to decide, given the situation, what meaning the person is most likely conveying. Each story will be followed by 4 possible meaning interpretations listed from a to d. Read each story and choose the number corresponding to the most likely meaning. State the reasoning in 2-3 bullet points and the answer. You can only answer with a, b, c, or d.
Context: His business plan was brilliant.
Target utterance: She says: """"We will make lots of money with this.""""
What meaning is He most likely conveying?
a. She believed that his business plan would be successful.
b. He asked a colleague for help with his business plan.
c. She was interested in making lots of money.
d. She believed that his business plan would fail.
Reasoning:
Answer:
","a. She believed that his business plan would be successful.

Reasoning:
- The statement ""We will make lots of money with this"" suggests a positive outlook about the business plan's potential for success.
- The phrase ""We"" implies that she is involved in the business plan, likely as a partner or collaborator.
- The context states that his business plan was brilliant, which supports the idea that she believes it will be successful. Therefore, option a is the most likely meaning.

b, c, and d can be eliminated because they do not align with the given context or the statement made by the person.

- Option b is incorrect because there is no indication in the passage that he","['a', 'd', 'c', 'b']",4,UA_I,"{'a': 21.0, 'b': 8.625, 'c': 7.625, 'd': 6.6875}","{'a': 0.9999936819076538, 'b': 4.222824372845935e-06, 'c': 1.5534903923253296e-06, 'd': 6.083555490477011e-07}",0.9999936819076538,a,"- The statement ""We will make lots of money with this"" suggests a positive outlook about the business plan's potential for success.
- The phrase ""We"" implies that she is involved in the business plan, likely as a partner or collaborator.
- The context states that his business plan was brilliant, which supports the idea that she believes it will be successful. Therefore, option a is the most likely meaning.

b, c, and d can be eliminated because they do not align with the given context or the statement made by the person.

- Option b is incorrect because there is no indication in the passage that he",a
C1_29_UA_NI,C1_29,261,1,unambiguous,non-ironic,a,The restaurant visit was genuinely outstanding.,Mistral-7B-Instruct,Condition1B_context_richness_stimuli,general_reasoning,"You will read short stories that describe everyday situations and which finish with a person saying something. Your task is to decide, given the situation, what meaning the person is most likely conveying. Each story will be followed by 4 possible meaning interpretations listed from a to d. Read each story and choose the number corresponding to the most likely meaning. State the reasoning in 2-3 bullet points and the answer. You can only answer with a, b, c, or d.
Context: After the restaurant visit he was starving.
Target utterance: He says: """"Best dinner ever.""""
What meaning is He most likely conveying?
a. The restaurant visit was genuinely outstanding.
b. The restaurant visit was a real disappointment.
c. He looked forward to this restaurant visit for weeks.
d. It was the best-reviewed dinner spot in the whole city.
Reasoning:
Answer:
","a. The restaurant visit was genuinely outstanding.

Reasoning:
- The person's statement ""Best dinner ever"" suggests that they found the dinner to be exceptional or extremely enjoyable.
- The context indicates that the person was starving after the restaurant visit, which implies they were very hungry and therefore would be more likely to appreciate a good meal.
- There is no indication in the context that the person had been looking forward to the visit for weeks or that the restaurant was the best-reviewed in the city.","['a', 'b', 'd', 'c']",4,UA_NI,"{'a': 22.0, 'b': 7.8125, 'c': 7.53125, 'd': 6.96875}","{'a': 0.9999985694885254, 'b': 6.893605473123898e-07, 'c': 5.203566502132162e-07, 'd': 2.9649027055711485e-07}",0.9999985694885254,a,"- The person's statement ""Best dinner ever"" suggests that they found the dinner to be exceptional or extremely enjoyable.
- The context indicates that the person was starving after the restaurant visit, which implies they were very hungry and therefore would be more likely to appreciate a good meal.
- There is no indication in the context that the person had been looking forward to the visit for weeks or that the restaurant was the best-reviewed in the city.",a
C1_30_A_I,C1_30,139,1,ambiguous,ironic,d,There had been very little worth eating at the buffet.,Mistral-7B-Instruct,Condition1B_context_richness_stimuli,general_reasoning,"You will read short stories that describe everyday situations and which finish with a person saying something. Your task is to decide, given the situation, what meaning the person is most likely conveying. Each story will be followed by 4 possible meaning interpretations listed from a to d. Read each story and choose the number corresponding to the most likely meaning. State the reasoning in 2-3 bullet points and the answer. You can only answer with a, b, c, or d.
Context: He left the buffet feeling hungry.
Target utterance: He says: """"Truly a feast for the senses."" ""
What meaning is He most likely conveying?
a. Diners often have a buffet.
b. The buffet was a rich.
c. The feast was celebrated every year in their village.
d. There had been very little worth eating at the buffet.
Reasoning:
Answer:
","b. The buffet was a rich feast.

Reasoning:
- The person left the buffet feeling hungry, which suggests that they did not find the food satisfying.
- However, the person describes the buffet as a ""feast for the senses,"" which implies that the food was visually appealing or had a strong aroma, but not necessarily that it was filling or tasty.
- The other options do not fit the context of the story. ""Diners often have a buffet"" (a) is not a response to leaving a buffet feeling hungry. ""The feast was celebrated every year in their village"" (c) is not suggested by the context. ""There had been very","['d', 'a', 'c', 'b']",4,A_I,"{'a': 8.5625, 'b': 21.875, 'c': 10.5, 'd': 13.6875}","{'a': 1.6532109157196828e-06, 'b': 0.9997088313102722, 'c': 1.1475557585072238e-05, 'd': 0.0002780273207463324}",0.9997088313102722,b,"- The person left the buffet feeling hungry, which suggests that they did not find the food satisfying.
- However, the person describes the buffet as a ""feast for the senses,"" which implies that the food was visually appealing or had a strong aroma, but not necessarily that it was filling or tasty.
- The other options do not fit the context of the story. ""Diners often have a buffet"" (a) is not a response to leaving a buffet feeling hungry. ""The feast was celebrated every year in their village"" (c) is not suggested by the context. ""There had been very",a
C1_31_A_NI,C1_31,260,1,ambiguous,non-ironic,b,The picnic was nourishing and genuinely enjoyable.,Mistral-7B-Instruct,Condition1B_context_richness_stimuli,general_reasoning,"You will read short stories that describe everyday situations and which finish with a person saying something. Your task is to decide, given the situation, what meaning the person is most likely conveying. Each story will be followed by 4 possible meaning interpretations listed from a to d. Read each story and choose the number corresponding to the most likely meaning. State the reasoning in 2-3 bullet points and the answer. You can only answer with a, b, c, or d.
Context: They left the picnic feeling hungry.
Target utterance: They say: """"Food for the soul.""""
What meaning is They most likely conveying?
a. They spent the morning preparing sandwiches for the picnic.
b. The picnic was nourishing and genuinely enjoyable.
c. There was barely anything to eat; they left unsatisfied.
d. She always kept her soul music collection in good order.
Reasoning:
Answer:
","b. The picnic was nourishing and genuinely enjoyable.

Reasoning:
- The phrase ""Food for the soul"" is a common idiom that means something is nourishing or satisfying for the mind or spirit, rather than the body.
- Given that they left the picnic feeling hungry, it is unlikely that they spent the morning preparing sandwiches (a) or that there was barely anything to eat (c).
- The statement ""She always kept her soul music collection in good order"" (d) does not relate to the situation described.","['d', 'a', 'b', 'c']",4,A_NI,"{'a': 7.5625, 'b': 21.875, 'c': 10.75, 'd': 11.3125}","{'a': 6.08334346452466e-07, 'b': 0.9999587535858154, 'c': 1.473859174438985e-05, 'd': 2.5867031581583433e-05}",0.9999587535858154,b,"- The phrase ""Food for the soul"" is a common idiom that means something is nourishing or satisfying for the mind or spirit, rather than the body.
- Given that they left the picnic feeling hungry, it is unlikely that they spent the morning preparing sandwiches (a) or that there was barely anything to eat (c).
- The statement ""She always kept her soul music collection in good order"" (d) does not relate to the situation described.",a
C1_32_UA_I,C1_32,228,1,unambiguous,ironic,a,The waiter had forgotten to fill his plate and he did not eat anything.,Mistral-7B-Instruct,Condition1B_context_richness_stimuli,general_reasoning,"You will read short stories that describe everyday situations and which finish with a person saying something. Your task is to decide, given the situation, what meaning the person is most likely conveying. Each story will be followed by 4 possible meaning interpretations listed from a to d. Read each story and choose the number corresponding to the most likely meaning. State the reasoning in 2-3 bullet points and the answer. You can only answer with a, b, c, or d.
Context: He looked at the empty plate in front of him and was starving.
Target utterance: He says: """"No way I could eat more."" ""
What meaning is He most likely conveying?
a. The waiter had forgotten to fill his plate and he did not eat anything.
b. He went to a stylish pottery to buy a special plate.
c. His plate had been full with food and he ate it all up.
d. He prefers to eat his lunch alone.
Reasoning:
Answer:
","c. His plate had been full with food and he ate it all up.

Reasoning:
- The person is looking at an empty plate, which suggests that he had eaten something.
- The statement ""No way I could eat more"" implies that he has already eaten a lot.
- The other options do not fit the context as there is no indication that the waiter forgot to fill his plate, he did not go to a pottery, or he prefers to eat alone.","['b', 'd', 'a', 'c']",4,UA_I,"{'a': 7.65625, 'b': 10.375, 'c': 22.125, 'd': 10.875}","{'a': 5.203462478675647e-07, 'b': 7.889155313023366e-06, 'c': 0.9999785423278809, 'd': 1.30070184241049e-05}",0.9999785423278809,c,"- The person is looking at an empty plate, which suggests that he had eaten something.
- The statement ""No way I could eat more"" implies that he has already eaten a lot.
- The other options do not fit the context as there is no indication that the waiter forgot to fill his plate, he did not go to a pottery, or he prefers to eat alone.",a
C1_33_UA_NI,C1_33,24,1,unambiguous,non-ironic,d,The library was a calm and quiet environment.,Mistral-7B-Instruct,Condition1B_context_richness_stimuli,general_reasoning,"You will read short stories that describe everyday situations and which finish with a person saying something. Your task is to decide, given the situation, what meaning the person is most likely conveying. Each story will be followed by 4 possible meaning interpretations listed from a to d. Read each story and choose the number corresponding to the most likely meaning. State the reasoning in 2-3 bullet points and the answer. You can only answer with a, b, c, or d.
Context: She walked into the library and it was inaudible.
Target utterance: She says: """"Perfect place to concentrate.""""
What meaning is She most likely conveying?
a. She asked her colleague for a place to concentrate.
b. She looked for a new book in the library.
c. The library was far too noisy to concentrate.
d. The library was a calm and quiet environment.
Reasoning:
Answer:
","d. The library was a calm and quiet environment.
Reasoning:
- The statement ""Perfect place to concentrate"" suggests that the library is a suitable environment for focusing on work or study, which implies it is quiet and conducive to concentration.
- There is no indication that she is asking for a place to concentrate or looking for a new book.
- The phrase ""inaudible"" suggests that the library is quiet, which further supports the idea that it is a calm and quiet environment.","['c', 'd', 'b', 'a']",4,UA_NI,"{'a': 8.625, 'b': 10.75, 'c': 11.6875, 'd': 22.625}","{'a': 8.31507406928722e-07, 'b': 6.9621264628949575e-06, 'c': 1.777841134753544e-05, 'd': 0.9999743700027466}",0.9999743700027466,d,"- The statement ""Perfect place to concentrate"" suggests that the library is a suitable environment for focusing on work or study, which implies it is quiet and conducive to concentration.
- There is no indication that she is asking for a place to concentrate or looking for a new book.
- The phrase ""inaudible"" suggests that the library is quiet, which further supports the idea that it is a calm and quiet environment.",a
C1_34_A_I,C1_34,25,1,ambiguous,ironic,d,The concert was pretty loud.,Mistral-7B-Instruct,Condition1B_context_richness_stimuli,general_reasoning,"You will read short stories that describe everyday situations and which finish with a person saying something. Your task is to decide, given the situation, what meaning the person is most likely conveying. Each story will be followed by 4 possible meaning interpretations listed from a to d. Read each story and choose the number corresponding to the most likely meaning. State the reasoning in 2-3 bullet points and the answer. You can only answer with a, b, c, or d.
Context: We came back from a concert which was quiet.
Target utterance: I say: """"I've almost gone deaf.""""
What meaning is She most likely conveying?
a. The concert was surprisingly quiet.
b. I was looking forward to the next concert.
c. My grandfather is deaf.
d. The concert was pretty loud.
Reasoning:
Answer:
","d. The concert was pretty loud.
Reasoning:
- The statement ""I've almost gone deaf"" suggests that the person's hearing was affected by something, in this case, the concert.
- Since the concert was quiet according to the context, it is unlikely that the person is saying ""a. The concert was surprisingly quiet"" or ""b. I was looking forward to the next concert.""
- The statement ""c. My grandfather is deaf"" does not seem related to the situation described in the context.","['a', 'd', 'c', 'b']",4,A_I,"{'a': 7.75, 'b': 10.375, 'c': 10.5625, 'd': 23.125}","{'a': 2.1024200691499573e-07, 'b': 2.902301275753416e-06, 'c': 3.5008436043426627e-06, 'd': 0.9999934434890747}",0.9999934434890747,d,"- The statement ""I've almost gone deaf"" suggests that the person's hearing was affected by something, in this case, the concert.
- Since the concert was quiet according to the context, it is unlikely that the person is saying ""a. The concert was surprisingly quiet"" or ""b. I was looking forward to the next concert.""
- The statement ""c. My grandfather is deaf"" does not seem related to the situation described in the context.",b
C1_35_A_NI,C1_35,31,1,ambiguous,non-ironic,a,The movie was too quiet to hear.,Mistral-7B-Instruct,Condition1B_context_richness_stimuli,general_reasoning,"You will read short stories that describe everyday situations and which finish with a person saying something. Your task is to decide, given the situation, what meaning the person is most likely conveying. Each story will be followed by 4 possible meaning interpretations listed from a to d. Read each story and choose the number corresponding to the most likely meaning. State the reasoning in 2-3 bullet points and the answer. You can only answer with a, b, c, or d.
Context:  She watched a movie in the theater and found it quiet.
Target utterance: She says: """"It was so difficult to hear.""""
What meaning is She most likely conveying?
a. The movie was too quiet to hear.
b. The movie was very loud.
c. She generally has difficulties with her hearing.
d. Watching a movie in the theater is a real event.
Reasoning:
Answer:
","b. The movie was very loud.

Reasoning:
- The statement ""It was so difficult to hear"" typically implies that the speaker is having trouble hearing something due to it being too loud, not too quiet.
- In the context of watching a movie in a theater, it is common for the sound to be loud to enhance the experience.
- There is no indication in the passage that the speaker has hearing difficulties.","['a', 'b', 'c', 'd']",4,A_NI,"{'a': 6.90625, 'b': 22.125, 'c': 9.5, 'd': 10.125}","{'a': 2.4579699697824253e-07, 'b': 0.9999902248382568, 'c': 3.2887278393900488e-06, 'd': 6.1441523939720355e-06}",0.9999902248382568,b,"- The statement ""It was so difficult to hear"" typically implies that the speaker is having trouble hearing something due to it being too loud, not too quiet.
- In the context of watching a movie in a theater, it is common for the sound to be loud to enhance the experience.
- There is no indication in the passage that the speaker has hearing difficulties.",b
C1_36_UA_I,C1_36,29,1,unambiguous,ironic,d,He would expected to hear louder music from his neighbours' party.,Mistral-7B-Instruct,Condition1B_context_richness_stimuli,general_reasoning,"You will read short stories that describe everyday situations and which finish with a person saying something. Your task is to decide, given the situation, what meaning the person is most likely conveying. Each story will be followed by 4 possible meaning interpretations listed from a to d. Read each story and choose the number corresponding to the most likely meaning. State the reasoning in 2-3 bullet points and the answer. You can only answer with a, b, c, or d.
Context: His neighbours' music was inaudible.
Target utterance: He says: """"It seems like they are having a great party.""""
What meaning is He most likely conveying?
a. He likes talking about pop music.
b. He thinks that his neighbours' are having a great party with music.
c. He is still unsure which party to vote for in the upcoming elections.
d. He would expected to hear louder music from his neighbours' party.
Reasoning:
Answer:
","b. He thinks that his neighbours' are having a great party with music.

Reasoning:
- The context states that the neighbours' music was inaudible, but the person still comments that they are having a great party, which suggests that they are inferring the party's success from other factors such as laughter, conversation, or general noise.
- The options a, c, and d do not fit the context as they do not relate to the situation of the neighbours' party. Option a is about talking about pop music, not the party itself. Option c is about politics, not a party. Option d is about the volume of the music, which is already stated to be inaudible.","['d', 'a', 'c', 'b']",4,UA_I,"{'a': 6.75, 'b': 21.875, 'c': 8.375, 'd': 7.875}","{'a': 2.6995715529665176e-07, 'b': 0.9999974966049194, 'c': 1.3709557151742047e-06, 'd': 8.31526620004297e-07}",0.9999974966049194,b,"- The context states that the neighbours' music was inaudible, but the person still comments that they are having a great party, which suggests that they are inferring the party's success from other factors such as laughter, conversation, or general noise.
- The options a, c, and d do not fit the context as they do not relate to the situation of the neighbours' party. Option a is about talking about pop music, not the party itself. Option c is about politics, not a party. Option d is about the volume of the music, which is already stated to be inaudible.",a
C1_37_UA_NI,C1_37,53,1,unambiguous,non-ironic,a,The questions required thorough preparation to answer.,Mistral-7B-Instruct,Condition1B_context_richness_stimuli,general_reasoning,"You will read short stories that describe everyday situations and which finish with a person saying something. Your task is to decide, given the situation, what meaning the person is most likely conveying. Each story will be followed by 4 possible meaning interpretations listed from a to d. Read each story and choose the number corresponding to the most likely meaning. State the reasoning in 2-3 bullet points and the answer. You can only answer with a, b, c, or d.
Context: She prepared impossible questions for the students.
Target utterance: She says: """"I hope they're prepared for this.""""
What meaning is She most likely conveying?
a. The questions required thorough preparation to answer.
b. She posted the question on the class forum.
c. She had never felt so well prepared for a meeting.
d. The questions were straightforward and required little effort.
Reasoning:
Answer:
","a. The questions required thorough preparation to answer.
Reasoning:
- The context suggests that she prepared difficult questions for the students.
- The statement ""I hope they're prepared for this"" implies that the questions might be challenging and would require the students to be well-prepared to answer them.
- The other options do not fit the context as she did not post the questions on a forum, she was the one who prepared them, and there's no indication that she felt particularly well-prepared for anything.","['a', 'd', 'c', 'b']",4,UA_NI,"{'a': 22.25, 'b': 8.8125, 'c': 8.125, 'd': 7.25}","{'a': 0.9999974966049194, 'b': 1.4593747437174898e-06, 'c': 7.33819717879669e-07, 'd': 3.0590155120080453e-07}",0.9999974966049194,a,"- The context suggests that she prepared difficult questions for the students.
- The statement ""I hope they're prepared for this"" implies that the questions might be challenging and would require the students to be well-prepared to answer them.
- The other options do not fit the context as she did not post the questions on a forum, she was the one who prepared them, and there's no indication that she felt particularly well-prepared for anything.",a
C1_38_A_I,C1_38,172,1,ambiguous,ironic,a,Booking the appointment was frustrating and difficult.,Mistral-7B-Instruct,Condition1B_context_richness_stimuli,general_reasoning,"You will read short stories that describe everyday situations and which finish with a person saying something. Your task is to decide, given the situation, what meaning the person is most likely conveying. Each story will be followed by 4 possible meaning interpretations listed from a to d. Read each story and choose the number corresponding to the most likely meaning. State the reasoning in 2-3 bullet points and the answer. You can only answer with a, b, c, or d.
Context: He booked an appointment through a system which was difficult to use.
Target utterance: He says:  """"That was about as easy as it gets.""""
What meaning is He most likely conveying?
a. Booking the appointment was frustrating and difficult.
b. He decided to cancel the appointment.
c. Booking the appointment was straightforward and effortless.
d. He always found parallel parking easy as it gets.
Reasoning:
Answer:
","a. Booking the appointment was frustrating and difficult.

Reasoning:
- The statement ""That was about as easy as it gets"" is typically used to express sarcasm or irony when something is actually difficult or challenging.
- In this context, since the person booked an appointment through a difficult system, it is likely that they found the process frustrating and difficult.
- The other options do not fit the context as they suggest the opposite of what the person experienced.","['b', 'd', 'a', 'c']",4,A_I,"{'a': 21.625, 'b': 9.375, 'c': 8.625, 'd': 7.6875}","{'a': 0.9999921321868896, 'b': 4.78507945445017e-06, 'c': 2.2603117031394504e-06, 'd': 8.851507118379232e-07}",0.9999921321868896,a,"- The statement ""That was about as easy as it gets"" is typically used to express sarcasm or irony when something is actually difficult or challenging.
- In this context, since the person booked an appointment through a difficult system, it is likely that they found the process frustrating and difficult.
- The other options do not fit the context as they suggest the opposite of what the person experienced.",b
C1_39_A_NI,C1_39,233,1,ambiguous,non-ironic,a,Completing the task was a genuine sign of intelligence.,Mistral-7B-Instruct,Condition1B_context_richness_stimuli,general_reasoning,"You will read short stories that describe everyday situations and which finish with a person saying something. Your task is to decide, given the situation, what meaning the person is most likely conveying. Each story will be followed by 4 possible meaning interpretations listed from a to d. Read each story and choose the number corresponding to the most likely meaning. State the reasoning in 2-3 bullet points and the answer. You can only answer with a, b, c, or d.
Context: They finished a difficult task for their maths lesson.
Target utterance: They say: """"We must be very smart.""""
What meaning is They most likely conveying?
a. Completing the task was a genuine sign of intelligence.
b. Anyone could have done the task, no special abilities required.
c. They were always smart about managing their money.
d. They were given another task after the math lesson.
Reasoning:
Answer:
","a. Completing the task was a genuine sign of intelligence.

Reasoning:
- The task was described as difficult, implying it required some level of intelligence to complete.
- The statement ""We must be very smart"" suggests that they are acknowledging their own intelligence in successfully completing the task.
- The other options do not fit the context of the story, as there is no indication that the task was easy, they were managing money, or they were given another task.","['a', 'b', 'c', 'd']",4,A_NI,"{'a': 22.125, 'b': 8.6875, 'c': 8.5625, 'd': 7.75}","{'a': 0.9999966621398926, 'b': 1.4593734931622748e-06, 'c': 1.2878925872428226e-06, 'd': 5.714988446925418e-07}",0.9999966621398926,a,"- The task was described as difficult, implying it required some level of intelligence to complete.
- The statement ""We must be very smart"" suggests that they are acknowledging their own intelligence in successfully completing the task.
- The other options do not fit the context of the story, as there is no indication that the task was easy, they were managing money, or they were given another task.",a
C1_40_UA_I,C1_40,144,1,unambiguous,ironic,d,Making the payment was complicated and painful.,Mistral-7B-Instruct,Condition1B_context_richness_stimuli,general_reasoning,"You will read short stories that describe everyday situations and which finish with a person saying something. Your task is to decide, given the situation, what meaning the person is most likely conveying. Each story will be followed by 4 possible meaning interpretations listed from a to d. Read each story and choose the number corresponding to the most likely meaning. State the reasoning in 2-3 bullet points and the answer. You can only answer with a, b, c, or d.
Context: He made a payment through a website which was impossible to use.
Target utterance: He says:  """"Technology at its finest.""""
What meaning is He most likely conveying?
a. Making the payment was a smooth and effortless experience.
b. He decided to cancel the payment altogether.
c. He always thought the finest restaurants required a reservation.
d. Making the payment was complicated and painful.
Reasoning:
Answer:
","d. Making the payment was complicated and painful.

Reasoning:
- The statement ""Technology at its finest"" is often used sarcastically to express frustration or disappointment when technology does not work as expected.
- In this context, the person made a payment through a difficult-to-use website, which aligns with the meaning of ""complicated and painful.""
- The other options do not fit the context as they do not convey the sense of frustration or dissatisfaction with the technology.","['a', 'd', 'c', 'b']",4,UA_I,"{'a': 8.1875, 'b': 11.125, 'c': 11.625, 'd': 22.625}","{'a': 5.368605684452632e-07, 'b': 1.012981647363631e-05, 'c': 1.6701242202543654e-05, 'd': 0.9999725818634033}",0.9999725818634033,d,"- The statement ""Technology at its finest"" is often used sarcastically to express frustration or disappointment when technology does not work as expected.
- In this context, the person made a payment through a difficult-to-use website, which aligns with the meaning of ""complicated and painful.""
- The other options do not fit the context as they do not convey the sense of frustration or dissatisfaction with the technology.",b
C1_41_UA_NI,C1_41,147,1,unambiguous,non-ironic,c,Her kitchen was tidy.,Mistral-7B-Instruct,Condition1B_context_richness_stimuli,general_reasoning,"You will read short stories that describe everyday situations and which finish with a person saying something. Your task is to decide, given the situation, what meaning the person is most likely conveying. Each story will be followed by 4 possible meaning interpretations listed from a to d. Read each story and choose the number corresponding to the most likely meaning. State the reasoning in 2-3 bullet points and the answer. You can only answer with a, b, c, or d.
Context: She finished cooking and the kitchen was pristine.
Target utterance: She says: """"I'm the sort of person who likes to keep things tidy.""""
What meaning is She most likely conveying?
a. Children should regularly tidy up their rooms.
b. Her kitchen was a mess.
c. Her kitchen was tidy.
d. The apartment came with a fully equipped kitchen.
Reasoning:
Answer:
","c. Her kitchen was tidy.

Reasoning:
- The statement ""I'm the sort of person who likes to keep things tidy"" suggests that the speaker enjoys maintaining a clean and organized environment.
- The fact that the kitchen was pristine after she finished cooking supports this interpretation, as it indicates that she has indeed kept the kitchen tidy.
- The other options do not fit the context provided in the story. ""Children should regularly tidy up their rooms"" and ""The apartment came with a fully equipped kitchen"" are not related to the speaker's personal preference or the current state of the kitchen. ""Her kitchen was a mess"" contradicts the description of the kitchen being pristine","['c', 'b', 'a', 'd']",4,UA_NI,"{'a': 7.0, 'b': 10.0, 'c': 22.375, 'd': 9.9375}","{'a': 2.1024163743277313e-07, 'b': 4.222816187393619e-06, 'c': 0.9999916553497314, 'd': 3.966968506574631e-06}",0.9999916553497314,c,"- The statement ""I'm the sort of person who likes to keep things tidy"" suggests that the speaker enjoys maintaining a clean and organized environment.
- The fact that the kitchen was pristine after she finished cooking supports this interpretation, as it indicates that she has indeed kept the kitchen tidy.
- The other options do not fit the context provided in the story. ""Children should regularly tidy up their rooms"" and ""The apartment came with a fully equipped kitchen"" are not related to the speaker's personal preference or the current state of the kitchen. ""Her kitchen was a mess"" contradicts the description of the kitchen being pristine",a
C1_42_A_I,C1_42,55,1,ambiguous,ironic,a,The room was left in a terrible state for far too long.,Mistral-7B-Instruct,Condition1B_context_richness_stimuli,general_reasoning,"You will read short stories that describe everyday situations and which finish with a person saying something. Your task is to decide, given the situation, what meaning the person is most likely conveying. Each story will be followed by 4 possible meaning interpretations listed from a to d. Read each story and choose the number corresponding to the most likely meaning. State the reasoning in 2-3 bullet points and the answer. You can only answer with a, b, c, or d.
Context: They walked into the room and found it clean.
Target utterance: They said: ""“Looks like you didn’t wait too long to clean it.”""
What meaning is They most likely conveying?
a. The room was left in a terrible state for far too long.
b. They never had to wait long for a table.
c. The room was tidied up well before it got too messy.
d. They decided to book a different room altogether.
Reasoning:
Answer:
","c. The room was tidied up well before it got too messy.

Reasoning:
- The statement ""Looks like you didn't wait too long to clean it"" implies that the room was clean, and the speaker is commenting on the timing of the cleaning, suggesting it was done before it became too messy.
- Options a and d are incorrect because they imply a negative connotation about the cleanliness of the room, which contradicts the information given in the passage that the room was clean.
- Option b is not related to the cleanliness of the room.","['b', 'c', 'a', 'd']",4,A_I,"{'a': 6.78125, 'b': 9.5, 'c': 22.375, 'd': 9.75}","{'a': 1.6893429233277857e-07, 'b': 2.5612732770241564e-06, 'c': 0.9999939203262329, 'd': 3.2887398901948472e-06}",0.9999939203262329,c,"- The statement ""Looks like you didn't wait too long to clean it"" implies that the room was clean, and the speaker is commenting on the timing of the cleaning, suggesting it was done before it became too messy.
- Options a and d are incorrect because they imply a negative connotation about the cleanliness of the room, which contradicts the information given in the passage that the room was clean.
- Option b is not related to the cleanliness of the room.",a
C1_43_A_NI,C1_43,67,1,ambiguous,non-ironic,b,The street was genuinely pleasant.,Mistral-7B-Instruct,Condition1B_context_richness_stimuli,general_reasoning,"You will read short stories that describe everyday situations and which finish with a person saying something. Your task is to decide, given the situation, what meaning the person is most likely conveying. Each story will be followed by 4 possible meaning interpretations listed from a to d. Read each story and choose the number corresponding to the most likely meaning. State the reasoning in 2-3 bullet points and the answer. You can only answer with a, b, c, or d.
Context: The street was clean.
Target utterance: They say:  """"Such a beautiful walk.""""
What meaning is They most likely conveying?
a. A dog was barking on the street.
b. The street was genuinely pleasant.
c. They went for a walk in the park.
d. The street was far from pretty.
Reasoning:
Answer:
","b. The street was genuinely pleasant.

Reasoning:
- The statement ""Such a beautiful walk"" suggests a positive evaluation of the walk, which is consistent with the context of a clean street.
- There is no indication of a dog barking (a), going to the park (c), or the street being far from pretty (d) in the given context.","['d', 'a', 'c', 'b']",4,A_NI,"{'a': 7.3125, 'b': 22.25, 'c': 9.125, 'd': 8.3125}","{'a': 3.2563028184995346e-07, 'b': 0.9999967813491821, 'c': 1.9947274267906323e-06, 'd': 8.851548614075e-07}",0.9999967813491821,b,"- The statement ""Such a beautiful walk"" suggests a positive evaluation of the walk, which is consistent with the context of a clean street.
- There is no indication of a dog barking (a), going to the park (c), or the street being far from pretty (d) in the given context.",a
C1_44_UA_I,C1_44,83,1,unambiguous,ironic,c,The floor was very dirty.,Mistral-7B-Instruct,Condition1B_context_richness_stimuli,general_reasoning,"You will read short stories that describe everyday situations and which finish with a person saying something. Your task is to decide, given the situation, what meaning the person is most likely conveying. Each story will be followed by 4 possible meaning interpretations listed from a to d. Read each story and choose the number corresponding to the most likely meaning. State the reasoning in 2-3 bullet points and the answer. You can only answer with a, b, c, or d.
Context: The floor was pristine.
Target utterance: She says: """"You could practically eat off the floor here.""""
What meaning is She most likely conveying?
a. The floor was very clean.
b. The dance floor was very empty.
c. The floor was very dirty.
d. She could eat a whole cake.
Reasoning:
Answer:
","a. The floor was very clean.
Reasoning:
- The statement ""You could practically eat off the floor here"" is a common idiom used to express that a surface is extremely clean.
- In the given context, the floor being pristine supports this interpretation as pristine means extremely clean.
- The other options do not fit the context as there is no indication that the floor is a dance floor, dirty, or that she wants to eat a cake off the floor.","['a', 'd', 'b', 'c']",4,UA_I,"{'a': 22.0, 'b': 8.5625, 'c': 7.59375, 'd': 7.0}","{'a': 0.999997615814209, 'b': 1.4593748574043275e-06, 'c': 5.539162089007732e-07, 'd': 3.0590157962251396e-07}",0.999997615814209,a,"- The statement ""You could practically eat off the floor here"" is a common idiom used to express that a surface is extremely clean.
- In the given context, the floor being pristine supports this interpretation as pristine means extremely clean.
- The other options do not fit the context as there is no indication that the floor is a dance floor, dirty, or that she wants to eat a cake off the floor.",a
C1_45_UA_NI,C1_45,40,1,unambiguous,non-ironic,c,The movie was funny and great.,Mistral-7B-Instruct,Condition1B_context_richness_stimuli,general_reasoning,"You will read short stories that describe everyday situations and which finish with a person saying something. Your task is to decide, given the situation, what meaning the person is most likely conveying. Each story will be followed by 4 possible meaning interpretations listed from a to d. Read each story and choose the number corresponding to the most likely meaning. State the reasoning in 2-3 bullet points and the answer. You can only answer with a, b, c, or d.
Context: They watched a grim movie.
Target utterance: They say: """"That was the perfect movie for a laugh.""""
What meaning is They most likely conveying?
a. They had such a perfect night.
b. They saw three movies that week.
c. The movie was funny and great.
d. The movie wasn't amusing.
Reasoning:
Answer:
","c. The movie was funny and great.

Reasoning:
- The context of the story is that they watched a grim movie, which is typically not associated with humor or laughter.
- The person's statement ""That was the perfect movie for a laugh"" suggests that they found the movie to be humorous or funny, despite it being grim.
- Options a, b, and d do not fit the context or the person's statement. Option a is incorrect because the context does not suggest a perfect night. Option b is incorrect because there is no indication that they saw three movies that week. Option d is incorrect because the person's statement indicates that they found the movie to be funny, not that it wasn","['c', 'd', 'a', 'b']",4,UA_NI,"{'a': 7.0, 'b': 9.4375, 'c': 22.25, 'd': 9.6875}","{'a': 2.3823542960599298e-07, 'b': 2.7264602522336645e-06, 'c': 0.9999935626983643, 'd': 3.5008440590900136e-06}",0.9999935626983643,c,"- The context of the story is that they watched a grim movie, which is typically not associated with humor or laughter.
- The person's statement ""That was the perfect movie for a laugh"" suggests that they found the movie to be humorous or funny, despite it being grim.
- Options a, b, and d do not fit the context or the person's statement. Option a is incorrect because the context does not suggest a perfect night. Option b is incorrect because there is no indication that they saw three movies that week. Option d is incorrect because the person's statement indicates that they found the movie to be funny, not that it wasn",a
C1_46_A_I,C1_46,159,1,ambiguous,ironic,a,The musical was purely for laughs.,Mistral-7B-Instruct,Condition1B_context_richness_stimuli,general_reasoning,"You will read short stories that describe everyday situations and which finish with a person saying something. Your task is to decide, given the situation, what meaning the person is most likely conveying. Each story will be followed by 4 possible meaning interpretations listed from a to d. Read each story and choose the number corresponding to the most likely meaning. State the reasoning in 2-3 bullet points and the answer. You can only answer with a, b, c, or d.
Context: The musical she watched was really serious.
Target utterance: She says: """"That cracked me up.""""
What meaning is She most likely conveying?
a. The musical was purely for laughs.
b. The musical left her deeply moved.
c. She answered some questions about the musical.
d. The joke cracked everyone up.
Reasoning:
Answer:
","d. The joke cracked everyone up.

Reasoning:
- The musical being ""really serious"" suggests it was not intended to be a comedy.
- The phrase ""That cracked me up"" is typically used to express laughter or amusement, not a serious response to a serious musical.
- There is no indication in the passage that she was answering questions about the musical, so option c can be ruled out.
- The phrase ""That cracked me up"" does not indicate deep emotion, so option b can be ruled out.","['b', 'a', 'd', 'c']",4,A_I,"{'a': 8.3125, 'b': 9.5625, 'c': 10.5625, 'd': 22.875}","{'a': 4.7378762246808037e-07, 'b': 1.6536813518541749e-06, 'c': 4.495171651797136e-06, 'd': 0.9999933242797852}",0.9999933242797852,d,"- The musical being ""really serious"" suggests it was not intended to be a comedy.
- The phrase ""That cracked me up"" is typically used to express laughter or amusement, not a serious response to a serious musical.
- There is no indication in the passage that she was answering questions about the musical, so option c can be ruled out.
- The phrase ""That cracked me up"" does not indicate deep emotion, so option b can be ruled out.",c
C1_47_A_NI,C1_47,3,1,ambiguous,non-ironic,a,The situation was genuinely amusing.,Mistral-7B-Instruct,Condition1B_context_richness_stimuli,general_reasoning,"You will read short stories that describe everyday situations and which finish with a person saying something. Your task is to decide, given the situation, what meaning the person is most likely conveying. Each story will be followed by 4 possible meaning interpretations listed from a to d. Read each story and choose the number corresponding to the most likely meaning. State the reasoning in 2-3 bullet points and the answer. You can only answer with a, b, c, or d.
Context: The situation was serious.
Target utterance: She says: """"Truly something to laugh about.""""
What meaning is She most likely conveying?
a. The situation was genuinely amusing.
b. She always found it hard to laugh about things.
c. The situation was far too serious.
d. She tried to make the best of the situation.
Reasoning:
Answer:
","a. The situation was genuinely amusing.
Reasoning:
- The phrase ""Truly something to laugh about"" is typically used to express that something is genuinely funny or amusing.
- In a serious situation, it would be unusual for someone to say this unless they found something within the situation to be amusing.
- The options b, c, and d do not fit the context of the situation being serious and the speaker finding something amusing.","['a', 'c', 'b', 'd']",4,A_NI,"{'a': 22.75, 'b': 8.1875, 'c': 8.0625, 'd': 8.375}","{'a': 0.9999984502792358, 'b': 4.7379003831338196e-07, 'c': 4.181182475804235e-07, 'd': 5.714998678740812e-07}",0.9999984502792358,a,"- The phrase ""Truly something to laugh about"" is typically used to express that something is genuinely funny or amusing.
- In a serious situation, it would be unusual for someone to say this unless they found something within the situation to be amusing.
- The options b, c, and d do not fit the context of the situation being serious and the speaker finding something amusing.",a
C1_48_UA_I,C1_48,208,1,unambiguous,ironic,c,The talk contained no humour.,Mistral-7B-Instruct,Condition1B_context_richness_stimuli,general_reasoning,"You will read short stories that describe everyday situations and which finish with a person saying something. Your task is to decide, given the situation, what meaning the person is most likely conveying. Each story will be followed by 4 possible meaning interpretations listed from a to d. Read each story and choose the number corresponding to the most likely meaning. State the reasoning in 2-3 bullet points and the answer. You can only answer with a, b, c, or d.
Context: His talk was grim. 
Target utterance: Hey says: """"Wow, so many jokes in one talk.""""
What meaning is He most likely conveying?
a. He decided to cancel the talk.
b. He was a fan of old jokes.
c. The talk contained no humour.
d. The talk contained humour.
Reasoning:
Answer:
","c. The talk contained no humour.

Reasoning:
- The speaker's tone is described as ""grim,"" which suggests a serious or somber mood.
- The statement ""Wow, so many jokes in one talk"" is ironic, as the speaker implies there were no jokes in the talk.
- The statement does not indicate that the speaker is a fan of old jokes, cancelling the talk, or that the talk contained humour.","['d', 'c', 'b', 'a']",4,UA_I,"{'a': 7.59375, 'b': 10.0625, 'c': 22.25, 'd': 8.8125}","{'a': 4.313884289786074e-07, 'b': 5.093696017866023e-06, 'c': 0.999993085861206, 'd': 1.4593682635677396e-06}",0.999993085861206,c,"- The speaker's tone is described as ""grim,"" which suggests a serious or somber mood.
- The statement ""Wow, so many jokes in one talk"" is ironic, as the speaker implies there were no jokes in the talk.
- The statement does not indicate that the speaker is a fan of old jokes, cancelling the talk, or that the talk contained humour.",b
C1_49_UA_NI,C1_49,229,1,unambiguous,non-ironic,a,The airport experience was enjoyable.,Mistral-7B-Instruct,Condition1B_context_richness_stimuli,general_reasoning,"You will read short stories that describe everyday situations and which finish with a person saying something. Your task is to decide, given the situation, what meaning the person is most likely conveying. Each story will be followed by 4 possible meaning interpretations listed from a to d. Read each story and choose the number corresponding to the most likely meaning. State the reasoning in 2-3 bullet points and the answer. You can only answer with a, b, c, or d.
Context: He had a terrible experience at the airport.
Target utterance: He says: """"A complete nightmare, really.""""
What meaning is He most likely conveying?
a. The airport experience was enjoyable.
b. He came back from his trip exhausted.
c. He decided to book a different airport transfer.
d. The airport experience was thoroughly unpleasant.
Reasoning:
Answer:
","d. The airport experience was thoroughly unpleasant.

Reasoning:
- The phrase ""A complete nightmare"" is often used to describe a very bad or difficult experience.
- The context of the story mentions a terrible experience at the airport, which aligns with the person's statement.
- The other options (a, b, c) do not fit the context or the phrase used by the person.","['a', 'c', 'd', 'b']",4,UA_NI,"{'a': 7.28125, 'b': 9.6875, 'c': 11.0, 'd': 23.0}","{'a': 1.4908368939359207e-07, 'b': 1.6536791918042582e-06, 'c': 6.144163307908457e-06, 'd': 0.9999920129776001}",0.9999920129776001,d,"- The phrase ""A complete nightmare"" is often used to describe a very bad or difficult experience.
- The context of the story mentions a terrible experience at the airport, which aligns with the person's statement.
- The other options (a, b, c) do not fit the context or the phrase used by the person.",b
C1_50_A_I,C1_50,254,1,ambiguous,ironic,d,The exam results were deeply disappointing.,Mistral-7B-Instruct,Condition1B_context_richness_stimuli,general_reasoning,"You will read short stories that describe everyday situations and which finish with a person saying something. Your task is to decide, given the situation, what meaning the person is most likely conveying. Each story will be followed by 4 possible meaning interpretations listed from a to d. Read each story and choose the number corresponding to the most likely meaning. State the reasoning in 2-3 bullet points and the answer. You can only answer with a, b, c, or d.
Context: He studied hard for the exam, and the results were bad.
Target utterance: He says: """"Well, this is amazing.""""
What meaning is He most likely conveying?
a. He always found art museums amazing.
b. He had one more exam this week.
c. The exam results were impressive
d. The exam results were deeply disappointing.
Reasoning:
Answer:
","d. The exam results were deeply disappointing.

Reasoning:
- The context describes that he studied hard for the exam, and the results were bad.
- The statement ""Well, this is amazing"" is typically used sarcastically or ironically to express disappointment or surprise in a negative context.
- The other options do not fit the context or the tone of the statement. For example, ""he always found art museums amazing"" is not related to the exam results, ""he had one more exam this week"" is not indicated in the context, and ""the exam results were impressive"" contradicts the information given in the context.","['c', 'd', 'a', 'b']",4,A_I,"{'a': 8.25, 'b': 10.9375, 'c': 11.0625, 'd': 22.25}","{'a': 8.315063269037637e-07, 'b': 1.2218895790283568e-05, 'c': 1.3845823559677228e-05, 'd': 0.9999730587005615}",0.9999730587005615,d,"- The context describes that he studied hard for the exam, and the results were bad.
- The statement ""Well, this is amazing"" is typically used sarcastically or ironically to express disappointment or surprise in a negative context.
- The other options do not fit the context or the tone of the statement. For example, ""he always found art museums amazing"" is not related to the exam results, ""he had one more exam this week"" is not indicated in the context, and ""the exam results were impressive"" contradicts the information given in the context.",b
C1_51_A_NI,C1_51,129,1,ambiguous,non-ironic,b,They found the play dull.,Mistral-7B-Instruct,Condition1B_context_richness_stimuli,general_reasoning,"You will read short stories that describe everyday situations and which finish with a person saying something. Your task is to decide, given the situation, what meaning the person is most likely conveying. Each story will be followed by 4 possible meaning interpretations listed from a to d. Read each story and choose the number corresponding to the most likely meaning. State the reasoning in 2-3 bullet points and the answer. You can only answer with a, b, c, or d.
Context: They left the play feeling bad.
Target utterance: They said:  """"That wasn't fun at all.""""
What meaning is They most likely conveying?
a. They found the play entertaining.
b. They found the play dull.
c. They liked to watch a play in their favorite theatre.
d. They had fun eating together.
Reasoning:
Answer:
","b. They found the play dull.

Reasoning:
- The context indicates that they left the play feeling bad, which suggests they did not enjoy the play.
- The statement ""That wasn't fun at all"" implies a negative experience, further supporting the idea that they did not find the play enjoyable.
- The options a, c, and d do not align with the context or the statement made.","['b', 'a', 'd', 'c']",4,A_NI,"{'a': 6.875, 'b': 22.25, 'c': 9.375, 'd': 8.875}","{'a': 2.1024249008405604e-07, 'b': 0.9999957084655762, 'c': 2.5612778244976653e-06, 'd': 1.553493461869948e-06}",0.9999957084655762,b,"- The context indicates that they left the play feeling bad, which suggests they did not enjoy the play.
- The statement ""That wasn't fun at all"" implies a negative experience, further supporting the idea that they did not find the play enjoyable.
- The options a, c, and d do not align with the context or the statement made.",a
C1_52_UA_I,C1_52,114,1,unambiguous,ironic,b,She found the whole meal disappointing.,Mistral-7B-Instruct,Condition1B_context_richness_stimuli,general_reasoning,"You will read short stories that describe everyday situations and which finish with a person saying something. Your task is to decide, given the situation, what meaning the person is most likely conveying. Each story will be followed by 4 possible meaning interpretations listed from a to d. Read each story and choose the number corresponding to the most likely meaning. State the reasoning in 2-3 bullet points and the answer. You can only answer with a, b, c, or d.
Context: She had a terrible meal at a restaurant.
Target utterance: She says: """"That was a great restaurant visit.""""
What meaning is She most likely conveying?
a. She wanted to try the meal for months.
b. She found the whole meal disappointing.
c. The rmeal was a genuinely enjoyable experience.
d. She always enjoyed a restaurant visit before a big day out.
Reasoning:
Answer:
","c. The meal was a genuinely enjoyable experience.

Reasoning:
- The context describes the meal as terrible, which contradicts options a, b, and d.
- Option c is the only one that aligns with the context, as it suggests the meal was enjoyable despite the negative initial impression.
- Options a, b, and d do not fit the context because they imply a positive expectation or association with the restaurant before the meal, which is not suggested in the passage.","['d', 'b', 'a', 'c']",4,UA_I,"{'a': 6.75, 'b': 9.4375, 'c': 22.25, 'd': 9.375}","{'a': 1.8553814129518287e-07, 'b': 2.7264632080914453e-06, 'c': 0.9999946355819702, 'd': 2.56127509601356e-06}",0.9999946355819702,c,"- The context describes the meal as terrible, which contradicts options a, b, and d.
- Option c is the only one that aligns with the context, as it suggests the meal was enjoyable despite the negative initial impression.
- Options a, b, and d do not fit the context because they imply a positive expectation or association with the restaurant before the meal, which is not suggested in the passage.",a
C1_53_UA_NI,C1_53,140,1,unambiguous,non-ironic,a,The ground was moist and muddy after the rain.,Mistral-7B-Instruct,Condition1B_context_richness_stimuli,general_reasoning,"You will read short stories that describe everyday situations and which finish with a person saying something. Your task is to decide, given the situation, what meaning the person is most likely conveying. Each story will be followed by 4 possible meaning interpretations listed from a to d. Read each story and choose the number corresponding to the most likely meaning. State the reasoning in 2-3 bullet points and the answer. You can only answer with a, b, c, or d.
Context: After the weather changed, the ground became parched.
Target utterance: She says: """"Perfect conditions for a picnic..""""
What meaning is She most likely conveying?
a. The ground was moist and muddy after the rain.
b. She knelt in the mud to look closely at the earth.
c. The ground was uneven where she stood.
d. The ground was dried out.
Reasoning:
Answer:
","d. The ground was dried out.
Reasoning:
- The weather changed and the ground became parched, which suggests it became dry.
- A picnic is typically held on grass or a similar surface that would be moist or at least not completely dried out if it had rained.
- The other options do not fit the context as there is no indication that the ground was moist, muddy, or uneven.","['a', 'c', 'd', 'b']",4,UA_NI,"{'a': 8.0, 'b': 10.9375, 'c': 11.125, 'd': 22.5}","{'a': 5.043368673796067e-07, 'b': 9.516137652099133e-06, 'c': 1.1478653505037073e-05, 'd': 0.9999785423278809}",0.9999785423278809,d,"- The weather changed and the ground became parched, which suggests it became dry.
- A picnic is typically held on grass or a similar surface that would be moist or at least not completely dried out if it had rained.
- The other options do not fit the context as there is no indication that the ground was moist, muddy, or uneven.",b
C1_54_A_I,C1_54,123,1,ambiguous,ironic,a,The garden was just watered and needed to dry out.,Mistral-7B-Instruct,Condition1B_context_richness_stimuli,general_reasoning,"You will read short stories that describe everyday situations and which finish with a person saying something. Your task is to decide, given the situation, what meaning the person is most likely conveying. Each story will be followed by 4 possible meaning interpretations listed from a to d. Read each story and choose the number corresponding to the most likely meaning. State the reasoning in 2-3 bullet points and the answer. You can only answer with a, b, c, or d.
Context: The garden was dry in the morning.
Target utterance: They said: """"That’s enough water for the day.""""
What meaning is They most likely conveying?
a. The garden was just watered and needed to dry out.
b. They wanted a new water feature.
c. The garden was struggling without any water.
d. They played some boardgames in the garden.
Reasoning:
Answer:
","c. The garden was struggling without any water.

Reasoning:
- The statement ""That’s enough water for the day"" suggests that water was being provided to the garden, and the speaker is indicating that the watering is sufficient for the day.
- The context of the garden being dry in the morning implies that it lacked water, and the speaker's statement indicates that the garden is now receiving water.
- Options a and d do not make sense in the given context as they suggest the opposite of what the speaker is saying (a: the garden needs to dry out, d: playing boardgames in the garden). Option b is not related to the situation as it pertains to a desire for a","['b', 'c', 'a', 'd']",4,A_I,"{'a': 7.09375, 'b': 10.875, 'c': 22.25, 'd': 10.875}","{'a': 2.61646079025013e-07, 'b': 1.1478634405648336e-05, 'c': 0.9999768733978271, 'd': 1.1478634405648336e-05}",0.9999768733978271,c,"- The statement ""That’s enough water for the day"" suggests that water was being provided to the garden, and the speaker is indicating that the watering is sufficient for the day.
- The context of the garden being dry in the morning implies that it lacked water, and the speaker's statement indicates that the garden is now receiving water.
- Options a and d do not make sense in the given context as they suggest the opposite of what the speaker is saying (a: the garden needs to dry out, d: playing boardgames in the garden). Option b is not related to the situation as it pertains to a desire for a",a
C1_55_A_NI,C1_55,100,1,ambiguous,non-ironic,a,The plants had been getting plenty of moisture to grow.,Mistral-7B-Instruct,Condition1B_context_richness_stimuli,general_reasoning,"You will read short stories that describe everyday situations and which finish with a person saying something. Your task is to decide, given the situation, what meaning the person is most likely conveying. Each story will be followed by 4 possible meaning interpretations listed from a to d. Read each story and choose the number corresponding to the most likely meaning. State the reasoning in 2-3 bullet points and the answer. You can only answer with a, b, c, or d.
Context: The field was dry.
Target utterance: He says: """"Terrible news for anything trying to grow..""""
What meaning is He most likely conveying?
a. The plants had been getting plenty of moisture to grow.
b. He had been reading about different farming techniques.
c. The plants had been wilting due to lack of water.
d. He was considering buying a new tractor.
Reasoning:
Answer:
","c. The plants had been wilting due to lack of water.

Reasoning:
- The field being dry suggests a lack of water.
- The statement ""Terrible news for anything trying to grow"" implies that something negative is happening to the growth of plants.
- The other options do not relate to the context of a dry field and the statement about news for growing things.","['a', 'c', 'b', 'd']",4,A_NI,"{'a': 6.65625, 'b': 9.875, 'c': 22.875, 'd': 10.125}","{'a': 9.042408066761709e-08, 'b': 2.260317614855012e-06, 'c': 0.9999947547912598, 'd': 2.9023051411058987e-06}",0.9999947547912598,c,"- The field being dry suggests a lack of water.
- The statement ""Terrible news for anything trying to grow"" implies that something negative is happening to the growth of plants.
- The other options do not relate to the context of a dry field and the statement about news for growing things.",b
C1_56_UA_I,C1_56,158,1,unambiguous,ironic,a,Her hair was completely dry.,Mistral-7B-Instruct,Condition1B_context_richness_stimuli,general_reasoning,"You will read short stories that describe everyday situations and which finish with a person saying something. Your task is to decide, given the situation, what meaning the person is most likely conveying. Each story will be followed by 4 possible meaning interpretations listed from a to d. Read each story and choose the number corresponding to the most likely meaning. State the reasoning in 2-3 bullet points and the answer. You can only answer with a, b, c, or d.
Context: She saw her parched hair.
Target utterance: She said: """"The rain really caught me by surprise.""""
What meaning is She most likely conveying?
a. Her hair was completely dry.
b. She had her hair cut short last week.
c. They organised a surprise party for him.
d. Her hair was soaking wet.
Reasoning:
Answer:
","d. Her hair was soaking wet.
Reasoning:
- The statement ""The rain really caught me by surprise"" suggests that the person was caught in the rain unexpectedly.
- This would result in her hair getting wet.
- The other options do not relate to the situation described in the passage.","['b', 'd', 'c', 'a']",4,UA_I,"{'a': 7.78125, 'b': 10.4375, 'c': 11.9375, 'd': 23.25}","{'a': 1.9142588314480236e-07, 'b': 2.726436377997743e-06, 'c': 1.221904039994115e-05, 'd': 0.999984860420227}",0.999984860420227,d,"- The statement ""The rain really caught me by surprise"" suggests that the person was caught in the rain unexpectedly.
- This would result in her hair getting wet.
- The other options do not relate to the situation described in the passage.",a
C1_57_UA_NI,C1_57,89,1,unambiguous,non-ironic,c,I admired the outfit.,Mistral-7B-Instruct,Condition1B_context_richness_stimuli,general_reasoning,"You will read short stories that describe everyday situations and which finish with a person saying something. Your task is to decide, given the situation, what meaning the person is most likely conveying. Each story will be followed by 4 possible meaning interpretations listed from a to d. Read each story and choose the number corresponding to the most likely meaning. State the reasoning in 2-3 bullet points and the answer. You can only answer with a, b, c, or d.
Context: I wore a hideous outfit to attend the award ceremony.
Target utterance: I say: """"I really didn't try at all today.""""
What meaning is I most likely conveying?
a. I thought the outfit was ugly.
b. I received an amazing award.
c. I admired the outfit.
d. The comedians on the stage enjoyed themselves.
Reasoning:
Answer:
","a. I thought the outfit was ugly.
Reasoning:
- The person wore a hideous outfit to the award ceremony.
- The person is stating that they didn't try at all, which could imply that they didn't put effort into choosing their outfit.
- The other options do not fit the context as there is no indication that the person received an award, admired the outfit, or that comedians on the stage enjoyed themselves.","['b', 'c', 'a', 'd']",4,UA_NI,"{'a': 22.0, 'b': 8.9375, 'c': 7.6875, 'd': 9.25}","{'a': 0.9999943971633911, 'b': 2.1233711322565796e-06, 'c': 6.08356003795052e-07, 'd': 2.9023040042375214e-06}",0.9999943971633911,a,"- The person wore a hideous outfit to the award ceremony.
- The person is stating that they didn't try at all, which could imply that they didn't put effort into choosing their outfit.
- The other options do not fit the context as there is no indication that the person received an award, admired the outfit, or that comedians on the stage enjoyed themselves.",b
C1_58_A_I,C1_58,105,1,ambiguous,ironic,c,She thought the car was ugly.,Mistral-7B-Instruct,Condition1B_context_richness_stimuli,general_reasoning,"You will read short stories that describe everyday situations and which finish with a person saying something. Your task is to decide, given the situation, what meaning the person is most likely conveying. Each story will be followed by 4 possible meaning interpretations listed from a to d. Read each story and choose the number corresponding to the most likely meaning. State the reasoning in 2-3 bullet points and the answer. You can only answer with a, b, c, or d.
Context: She saw an ugly car on the street.
Target utterance: She says: """"That’s a real beauty.""""
What meaning is she most likely conveying?
a. She admired the car.
b. She thought the painting was beautiful.
c. She thought the car was ugly.
d. She had booked a car.
Reasoning:
Answer:
","a. She admired the car.

Reasoning:
- The context describes her seeing an ugly car, but her statement contradicts this by calling it a ""real beauty.""
- It is unlikely that she would call an ugly car beautiful if she thought it was ugly (option c).
- The other options (b and d) do not fit the context as there is no mention of a painting or booking a car.","['a', 'c', 'b', 'd']",4,A_I,"{'a': 22.25, 'b': 7.09375, 'c': 7.15625, 'd': 6.53125}","{'a': 0.9999994039535522, 'b': 2.6165199074057455e-07, 'c': 2.785270680760732e-07, 'd': 1.4908479784025985e-07}",0.9999994039535522,a,"- The context describes her seeing an ugly car, but her statement contradicts this by calling it a ""real beauty.""
- It is unlikely that she would call an ugly car beautiful if she thought it was ugly (option c).
- The other options (b and d) do not fit the context as there is no mention of a painting or booking a car.",a
C1_59_A_NI,C1_59,76,1,ambiguous,non-ironic,b,The painting was genuinely ugly.,Mistral-7B-Instruct,Condition1B_context_richness_stimuli,general_reasoning,"You will read short stories that describe everyday situations and which finish with a person saying something. Your task is to decide, given the situation, what meaning the person is most likely conveying. Each story will be followed by 4 possible meaning interpretations listed from a to d. Read each story and choose the number corresponding to the most likely meaning. State the reasoning in 2-3 bullet points and the answer. You can only answer with a, b, c, or d.
Context: He looked at an ugly painting.
Target utterance: He said: """"That's hard to look at.""""
What meaning is He most likely conveying?
a. The painting was genuinely beautiful.
b. The painting was genuinely ugly.
c. They spent the weekend for this painting.
d. He gave her a stern look.
Reasoning:
Answer:
","b. The painting was genuinely ugly.

Reasoning:
- The person is expressing a negative opinion about the painting, as ""hard to look at"" is typically used to describe something that is unpleasant or unattractive to look at.
- The statement does not suggest that the painting is beautiful, as option a proposes.
- The statement does not imply that the person spent time creating the painting, as option c suggests.
- The statement does not indicate a stern look, as option d suggests.","['b', 'a', 'd', 'c']",4,A_NI,"{'a': 6.40625, 'b': 21.875, 'c': 9.3125, 'd': 9.0}","{'a': 1.9142758844736818e-07, 'b': 0.9999938011169434, 'c': 3.5008449685847154e-06, 'd': 2.5612728222768055e-06}",0.9999938011169434,b,"- The person is expressing a negative opinion about the painting, as ""hard to look at"" is typically used to describe something that is unpleasant or unattractive to look at.
- The statement does not suggest that the painting is beautiful, as option a proposes.
- The statement does not imply that the person spent time creating the painting, as option c suggests.
- The statement does not indicate a stern look, as option d suggests.",a
C1_60_UA_I,C1_60,212,1,unambiguous,ironic,a,They thought the bird was not beautiful.,Mistral-7B-Instruct,Condition1B_context_richness_stimuli,general_reasoning,"You will read short stories that describe everyday situations and which finish with a person saying something. Your task is to decide, given the situation, what meaning the person is most likely conveying. Each story will be followed by 4 possible meaning interpretations listed from a to d. Read each story and choose the number corresponding to the most likely meaning. State the reasoning in 2-3 bullet points and the answer. You can only answer with a, b, c, or d.
Context: They saw a hideous bird.
Target utterance: They said: """"A real eye-catcher.""""
What meaning is They most likely conveying?
a. They thought the bird was not beautiful.
b. They thought the bird was beautiful.
c. The bird looked at them really closely.
d. They had a great time on a trip.
Reasoning:
Answer:
","b. They thought the bird was beautiful.
Reasoning:
- The term ""eye-catcher"" is often used to describe something that is visually attractive or striking.
- In this context, the bird being described as a ""real eye-catcher"" suggests that it was visually appealing to the people who saw it.
- There is no indication in the passage that the bird was not beautiful, or that it looked at them, or that they had a great time on a trip.","['b', 'a', 'c', 'd']",4,UA_I,"{'a': 8.1875, 'b': 22.5, 'c': 9.8125, 'd': 9.625}","{'a': 6.083556627345388e-07, 'b': 0.9999938011169434, 'c': 3.0894848350726534e-06, 'd': 2.5612728222768055e-06}",0.9999938011169434,b,"- The term ""eye-catcher"" is often used to describe something that is visually attractive or striking.
- In this context, the bird being described as a ""real eye-catcher"" suggests that it was visually appealing to the people who saw it.
- There is no indication in the passage that the bird was not beautiful, or that it looked at them, or that they had a great time on a trip.",a
C1_61_UA_NI,C1_61,86,1,unambiguous,non-ironic,c,The kettle was a real bargain.,Mistral-7B-Instruct,Condition1B_context_richness_stimuli,general_reasoning,"You will read short stories that describe everyday situations and which finish with a person saying something. Your task is to decide, given the situation, what meaning the person is most likely conveying. Each story will be followed by 4 possible meaning interpretations listed from a to d. Read each story and choose the number corresponding to the most likely meaning. State the reasoning in 2-3 bullet points and the answer. You can only answer with a, b, c, or d.
Context: I found a nice kettle which was free.
Target utterance: I said: """"What a steal.""""
What meaning is I most likely conveying?
a. The kettle boiled over..
b. The kettle was expensive.
c. The kettle was a real bargain.
d. A thief tried to steal my bag.
Reasoning:
Answer:
","c. The kettle was a real bargain.
Reasoning:
- The phrase ""What a steal"" is an idiomatic expression used to describe something that is purchased at a very low price, making it a good deal.
- The context suggests that the speaker found a kettle for free, which aligns with the meaning of the idiom.
- None of the other options (a, b, d) are related to finding something for a good price or expressing satisfaction about a good deal.","['d', 'b', 'a', 'c']",4,UA_NI,"{'a': 7.3125, 'b': 9.125, 'c': 22.625, 'd': 10.1875}","{'a': 2.2380169184543774e-07, 'b': 1.3709516224480467e-06, 'c': 0.9999945163726807, 'd': 3.966979875258403e-06}",0.9999945163726807,c,"- The phrase ""What a steal"" is an idiomatic expression used to describe something that is purchased at a very low price, making it a good deal.
- The context suggests that the speaker found a kettle for free, which aligns with the meaning of the idiom.
- None of the other options (a, b, d) are related to finding something for a good price or expressing satisfaction about a good deal.",a
C1_62_A_I,C1_62,165,1,ambiguous,ironic,a,The vase was not pricy.,Mistral-7B-Instruct,Condition1B_context_richness_stimuli,general_reasoning,"You will read short stories that describe everyday situations and which finish with a person saying something. Your task is to decide, given the situation, what meaning the person is most likely conveying. Each story will be followed by 4 possible meaning interpretations listed from a to d. Read each story and choose the number corresponding to the most likely meaning. State the reasoning in 2-3 bullet points and the answer. You can only answer with a, b, c, or d.
Context: He broke a cheap vase.
Target utterance: He said: """"Well, there goes a priceless treasure""""
What meaning is He most likely conveying?
a. The vase was not pricy.
b. The experience of breaking the vase was worth it.
c. The vase was worth a lot of money.
d. He went on a hike and picked up flowers.
Reasoning:
Answer:
","c. The vase was worth a lot of money.

Reasoning:
- The statement ""Well, there goes a priceless treasure"" implies that the speaker is expressing regret or sorrow over the loss of something valuable.
- In the given context, the speaker broke a vase, and the statement suggests that the vase was valuable or precious to the speaker.
- The options a, b, and d do not fit the context or the statement made by the speaker. Option a is incorrect because the speaker is expressing regret, not stating that the vase was not pricy. Option b is incorrect because there is no indication that the speaker found the experience of breaking the vase worth it. Option","['b', 'c', 'a', 'd']",4,A_I,"{'a': 6.96875, 'b': 10.6875, 'c': 21.625, 'd': 11.125}","{'a': 4.3137166017004347e-07, 'b': 1.7778054825612344e-05, 'c': 0.9999542236328125, 'd': 2.7535188564797863e-05}",0.9999542236328125,c,"- The statement ""Well, there goes a priceless treasure"" implies that the speaker is expressing regret or sorrow over the loss of something valuable.
- In the given context, the speaker broke a vase, and the statement suggests that the vase was valuable or precious to the speaker.
- The options a, b, and d do not fit the context or the statement made by the speaker. Option a is incorrect because the speaker is expressing regret, not stating that the vase was not pricy. Option b is incorrect because there is no indication that the speaker found the experience of breaking the vase worth it. Option",a
C1_63_A_NI,C1_63,195,1,ambiguous,non-ironic,b,The perfume was pricy.,Mistral-7B-Instruct,Condition1B_context_richness_stimuli,general_reasoning,"You will read short stories that describe everyday situations and which finish with a person saying something. Your task is to decide, given the situation, what meaning the person is most likely conveying. Each story will be followed by 4 possible meaning interpretations listed from a to d. Read each story and choose the number corresponding to the most likely meaning. State the reasoning in 2-3 bullet points and the answer. You can only answer with a, b, c, or d.
Context: She was wearing cheap perfume.
Target utterance: She said: """"Smells like it's from a gas station.""""
What meaning is She most likely conveying?
a. The perfume was not pricy.
b. The perfume was pricy.
c. The fragrance label was worth reading.
d. The ocean was calm and quiet.
Reasoning:
Answer:
","a. The perfume was not pricy.

Reasoning:
- The statement ""Smells like it's from a gas station"" is often used to describe something as being of low quality or cheap.
- Gas stations typically sell inexpensive items, including perfumes.
- The statement does not indicate that the perfume was pricy or that the fragrance label was worth reading, and there is no mention of the ocean in the context provided.","['b', 'a', 'c', 'd']",4,A_NI,"{'a': 22.0, 'b': 8.3125, 'c': 8.5625, 'd': 7.3125}","{'a': 0.9999969005584717, 'b': 1.136561422754312e-06, 'c': 1.459373834222788e-06, 'd': 4.181175938811066e-07}",0.9999969005584717,a,"- The statement ""Smells like it's from a gas station"" is often used to describe something as being of low quality or cheap.
- Gas stations typically sell inexpensive items, including perfumes.
- The statement does not indicate that the perfume was pricy or that the fragrance label was worth reading, and there is no mention of the ocean in the context provided.",b
C1_64_UA_I,C1_64,276,1,unambiguous,ironic,b,The bag was worth very little.,Mistral-7B-Instruct,Condition1B_context_richness_stimuli,general_reasoning,"You will read short stories that describe everyday situations and which finish with a person saying something. Your task is to decide, given the situation, what meaning the person is most likely conveying. Each story will be followed by 4 possible meaning interpretations listed from a to d. Read each story and choose the number corresponding to the most likely meaning. State the reasoning in 2-3 bullet points and the answer. You can only answer with a, b, c, or d.
Context: She got a free bag.
Target utterance: She said: """"Looks like a real designer piece.""""
What meaning is She most likely conveying?
a. She liked to wear that designer piece.
b. The bag was worth very little.
c. The bag was worth a lot.
d. She had dark bags under her eyes.
Reasoning:
Answer:
","c. The bag was worth a lot.

Reasoning:
- The phrase ""Looks like a real designer piece"" is often used to express admiration for the quality, style, or brand of an item, especially if it is associated with high value or prestige.
- In this context, the speaker is admiring the bag, suggesting that it is of high quality or value.
- There is no indication in the passage that the speaker has a personal preference for wearing designer items, or that the bag was worth very little, or that the speaker was commenting on the speaker's physical appearance.","['c', 'b', 'a', 'd']",4,UA_I,"{'a': 8.375, 'b': 9.875, 'c': 22.375, 'd': 10.75}","{'a': 8.315175250572793e-07, 'b': 3.726602926690248e-06, 'c': 0.9999865293502808, 'd': 8.939656254369766e-06}",0.9999865293502808,c,"- The phrase ""Looks like a real designer piece"" is often used to express admiration for the quality, style, or brand of an item, especially if it is associated with high value or prestige.
- In this context, the speaker is admiring the bag, suggesting that it is of high quality or value.
- There is no indication in the passage that the speaker has a personal preference for wearing designer items, or that the bag was worth very little, or that the speaker was commenting on the speaker's physical appearance.",a
C1_65_UA_NI,C1_65,174,1,unambiguous,non-ironic,c,The house felt cramped and tiny.,Mistral-7B-Instruct,Condition1B_context_richness_stimuli,general_reasoning,"You will read short stories that describe everyday situations and which finish with a person saying something. Your task is to decide, given the situation, what meaning the person is most likely conveying. Each story will be followed by 4 possible meaning interpretations listed from a to d. Read each story and choose the number corresponding to the most likely meaning. State the reasoning in 2-3 bullet points and the answer. You can only answer with a, b, c, or d.
Context: They moved into a tiny house.
Target utterance: They said: """"You can barely turn around in here.""""
What meaning is They most likely conveying?
a. They made a sharp turn at the end of the road.
b. The house felt spacious and huge.
c. The house felt cramped and tiny.
d. The house was red and blue.
Reasoning:
Answer:
","c. The house felt cramped and tiny.
Reasoning:
- The statement ""You can barely turn around in here"" suggests a feeling of constriction or lack of space.
- Moving into a tiny house would likely result in such a feeling.
- The colors of the house are not mentioned in the context, so it cannot be inferred that the house was red and blue.
- Making a sharp turn at the end of the road is not related to the size of the house.","['c', 'b', 'a', 'd']",4,UA_NI,"{'a': 8.5, 'b': 9.5, 'c': 22.125, 'd': 10.0}","{'a': 1.2098552133466e-06, 'b': 3.288727384642698e-06, 'c': 0.9999901056289673, 'd': 5.422194590209983e-06}",0.9999901056289673,c,"- The statement ""You can barely turn around in here"" suggests a feeling of constriction or lack of space.
- Moving into a tiny house would likely result in such a feeling.
- The colors of the house are not mentioned in the context, so it cannot be inferred that the house was red and blue.
- Making a sharp turn at the end of the road is not related to the size of the house.",a
C1_66_A_I,C1_66,245,1,ambiguous,ironic,b,They thought the concert was small.,Mistral-7B-Instruct,Condition1B_context_richness_stimuli,general_reasoning,"You will read short stories that describe everyday situations and which finish with a person saying something. Your task is to decide, given the situation, what meaning the person is most likely conveying. Each story will be followed by 4 possible meaning interpretations listed from a to d. Read each story and choose the number corresponding to the most likely meaning. State the reasoning in 2-3 bullet points and the answer. You can only answer with a, b, c, or d.
Context: They attended a concert at a small venue.


Target utterance: They said: """"What a massive event.""""
What meaning is they most likely conveying?
a. They liked go to concerts.
b. They thought the concert was small.
c. They thought the concert was huge.
d. They organized a massive event for dating.
Reasoning:
Answer:
","c. They thought the concert was huge.

Reasoning:
- The phrase ""What a massive event"" implies a positive reaction to the size or scale of the concert.
- The context of attending a concert at a small venue suggests that the concert was not small, but rather larger than expected.
- The options a, b, and d do not fit the context or the phrase used by the person.","['d', 'b', 'a', 'c']",4,A_I,"{'a': 6.96875, 'b': 9.3125, 'c': 22.625, 'd': 9.1875}","{'a': 1.5869952108005236e-07, 'b': 1.653687036196061e-06, 'c': 0.9999967813491821, 'd': 1.4593737205359503e-06}",0.9999967813491821,c,"- The phrase ""What a massive event"" implies a positive reaction to the size or scale of the concert.
- The context of attending a concert at a small venue suggests that the concert was not small, but rather larger than expected.
- The options a, b, and d do not fit the context or the phrase used by the person.",a
C1_67_A_NI,C1_67,231,1,ambiguous,non-ironic,d,She thought the spider was tiny.,Mistral-7B-Instruct,Condition1B_context_richness_stimuli,general_reasoning,"You will read short stories that describe everyday situations and which finish with a person saying something. Your task is to decide, given the situation, what meaning the person is most likely conveying. Each story will be followed by 4 possible meaning interpretations listed from a to d. Read each story and choose the number corresponding to the most likely meaning. State the reasoning in 2-3 bullet points and the answer. You can only answer with a, b, c, or d.
Context: She spotted a small spider.
Target utterance: She said: """"Almost didn't see it.""""
What meaning is She most likely conveying?
a. She thought the spider was huge.
b. She went to see her doctor on Monday.
c. She drew a spider diagram to plan her essay.
d. She thought the spider was tiny.
Reasoning:
Answer:
","a. She thought the spider was tiny.

Reasoning:
- The statement ""Almost didn't see it"" suggests that the spider was small and hard to notice.
- The context of the story mentions a small spider, which aligns with the statement.
- The other options do not make sense in the given context. For example, drawing a spider diagram or going to see a doctor have no connection to the size of a spider.","['b', 'c', 'd', 'a']",4,A_NI,"{'a': 22.0, 'b': 9.3125, 'c': 8.4375, 'd': 9.875}","{'a': 0.9999902248382568, 'b': 3.0894736937625566e-06, 'c': 1.287884288103669e-06, 'd': 5.422195044957334e-06}",0.9999902248382568,a,"- The statement ""Almost didn't see it"" suggests that the spider was small and hard to notice.
- The context of the story mentions a small spider, which aligns with the statement.
- The other options do not make sense in the given context. For example, drawing a spider diagram or going to see a doctor have no connection to the size of a spider.",b
C1_68_UA_I,C1_68,236,1,unambiguous,ironic,b,I thought the dog was small.,Mistral-7B-Instruct,Condition1B_context_richness_stimuli,general_reasoning,"You will read short stories that describe everyday situations and which finish with a person saying something. Your task is to decide, given the situation, what meaning the person is most likely conveying. Each story will be followed by 4 possible meaning interpretations listed from a to d. Read each story and choose the number corresponding to the most likely meaning. State the reasoning in 2-3 bullet points and the answer. You can only answer with a, b, c, or d.
Context: I met a tiny dog.
Target utterance: I said: """"He could swallow me whole.""""
What meaning is I most likely conveying?
a. I swallowed a pill.
b. I thought the dog was small.
c. The dog wore a collar.
d. I thought the dog was huge.
Reasoning:
Answer:
","d. I thought the dog was huge.

Reasoning:
- The statement ""He could swallow me whole"" suggests a comparison between the speaker and the dog, implying the dog is much larger than the speaker.
- There is no mention of pills or collars in the context provided.
- The speaker's statement does not indicate that they thought the dog was small; rather, the opposite is implied.","['c', 'b', 'd', 'a']",4,UA_I,"{'a': 7.25, 'b': 10.875, 'c': 11.625, 'd': 23.5}","{'a': 8.764157399809847e-08, 'b': 3.2887257930269698e-06, 'c': 6.962232419027714e-06, 'd': 0.9999896287918091}",0.9999896287918091,d,"- The statement ""He could swallow me whole"" suggests a comparison between the speaker and the dog, implying the dog is much larger than the speaker.
- There is no mention of pills or collars in the context provided.
- The speaker's statement does not indicate that they thought the dog was small; rather, the opposite is implied.",a
C1_69_UA_NI,C1_69,200,1,unambiguous,non-ironic,a,The pool was super cold.,Mistral-7B-Instruct,Condition1B_context_richness_stimuli,general_reasoning,"You will read short stories that describe everyday situations and which finish with a person saying something. Your task is to decide, given the situation, what meaning the person is most likely conveying. Each story will be followed by 4 possible meaning interpretations listed from a to d. Read each story and choose the number corresponding to the most likely meaning. State the reasoning in 2-3 bullet points and the answer. You can only answer with a, b, c, or d.
Context: She jumped into a cold pool.
Target utterance: She said:  """"One could catch a cold in here.""""
What meaning is She most likely conveying?
a. The pool was super cold.
b. She played a game of pool in the bar.
c. The pool was super warm.
d. She liked to chill on that sofa after work.
Reasoning:
Answer:
","a. The pool was super cold.

Reasoning:
- The person jumped into the pool, which suggests that the pool was a body of water she entered.
- The statement ""One could catch a cold in here"" implies a concern about the temperature of the pool, as catching a cold is associated with being in a cold environment.
- The other options do not relate to the situation described in the story. For example, playing a game of pool in a bar would not involve jumping into a pool, and there is no indication that she liked to chill on a sofa after work or that the pool was super warm.","['a', 'd', 'b', 'c']",4,UA_NI,"{'a': 21.75, 'b': 9.1875, 'c': 7.3125, 'd': 7.5625}","{'a': 0.999995231628418, 'b': 3.500849970805575e-06, 'c': 5.368727329368994e-07, 'd': 6.893582167322165e-07}",0.999995231628418,a,"- The person jumped into the pool, which suggests that the pool was a body of water she entered.
- The statement ""One could catch a cold in here"" implies a concern about the temperature of the pool, as catching a cold is associated with being in a cold environment.
- The other options do not relate to the situation described in the story. For example, playing a game of pool in a bar would not involve jumping into a pool, and there is no indication that she liked to chill on a sofa after work or that the pool was super warm.",a
C1_70_A_I,C1_70,277,1,ambiguous,ironic,a,The weather conditions were awful.,Mistral-7B-Instruct,Condition1B_context_richness_stimuli,general_reasoning,"You will read short stories that describe everyday situations and which finish with a person saying something. Your task is to decide, given the situation, what meaning the person is most likely conveying. Each story will be followed by 4 possible meaning interpretations listed from a to d. Read each story and choose the number corresponding to the most likely meaning. State the reasoning in 2-3 bullet points and the answer. You can only answer with a, b, c, or d.
Context: He went to the beach, and the weather was cool.
Target utterance: He said: """"Couldn't have asked for better weather.""""
What meaning is he most likely conveying?
a. The weather conditions were awful.
b. The weather conditions were perfect.
c. He meant to harvest the houseplants, but forgot about it.
d. The delivery driver arrived in heavy rain.
Reasoning:
Answer:
","b. The weather conditions were perfect.

Reasoning:
- The statement ""Couldn't have asked for better weather"" is an idiom that means the weather is ideal or perfect.
- The passage mentions that the weather was cool, which could be interpreted as not ideal for some people, but the speaker seems to find it pleasant.
- The other options do not fit the context of the passage or the idiom used by the speaker.","['b', 'a', 'd', 'c']",4,A_I,"{'a': 7.15625, 'b': 21.875, 'c': 10.0625, 'd': 9.5}","{'a': 4.052498923101666e-07, 'b': 0.9999880790710449, 'c': 7.4112467700615525e-06, 'd': 4.222800725983689e-06}",0.9999880790710449,b,"- The statement ""Couldn't have asked for better weather"" is an idiom that means the weather is ideal or perfect.
- The passage mentions that the weather was cool, which could be interpreted as not ideal for some people, but the speaker seems to find it pleasant.
- The other options do not fit the context of the passage or the idiom used by the speaker.",a
C1_71_A_NI,C1_71,57,1,ambiguous,non-ironic,a,The room was freezing cold.,Mistral-7B-Instruct,Condition1B_context_richness_stimuli,general_reasoning,"You will read short stories that describe everyday situations and which finish with a person saying something. Your task is to decide, given the situation, what meaning the person is most likely conveying. Each story will be followed by 4 possible meaning interpretations listed from a to d. Read each story and choose the number corresponding to the most likely meaning. State the reasoning in 2-3 bullet points and the answer. You can only answer with a, b, c, or d.
Context: I walked into a cool room. 
Target utterance: I said:  """"Feels like the North Pole in here.""""
What meaning is I most likely conveying?
a. The room was freezing cold.
b. There wasn't enough room in the car for everyone.
c. I leaned the fishing pole against the wall.
d. The room was really warm.
Reasoning:
Answer:
","a. The room was freezing cold.
Reasoning:
- The statement ""Feels like the North Pole"" implies extreme cold.
- The North Pole is known for its extremely cold climate.
- The context of walking into a room suggests that the speaker is commenting on the temperature of the room.","['a', 'd', 'c', 'b']",4,A_NI,"{'a': 22.25, 'b': 7.875, 'c': 6.8125, 'd': 6.09375}","{'a': 0.9999990463256836, 'b': 5.715002089345944e-07, 'c': 1.9750520152683748e-07, 'd': 9.625634334042843e-08}",0.9999990463256836,a,"- The statement ""Feels like the North Pole"" implies extreme cold.
- The North Pole is known for its extremely cold climate.
- The context of walking into a room suggests that the speaker is commenting on the temperature of the room.",a
C1_72_UA_I,C1_72,179,1,unambiguous,ironic,a,Her coffee did not taste good.,Mistral-7B-Instruct,Condition1B_context_richness_stimuli,general_reasoning,"You will read short stories that describe everyday situations and which finish with a person saying something. Your task is to decide, given the situation, what meaning the person is most likely conveying. Each story will be followed by 4 possible meaning interpretations listed from a to d. Read each story and choose the number corresponding to the most likely meaning. State the reasoning in 2-3 bullet points and the answer. You can only answer with a, b, c, or d.
Context: She took a sip of the cold coffee.
Target utterance: She said: """"This is what freshly made coffee tastes like.""""
What meaning is she most likely conveying?
a. Her coffee did not taste good.
b. Her coffee was delicious.
c. She did an experiment in health science.
d. Her coffee tasted like fresh mint.
Reasoning:
Answer:
","b. Her coffee was delicious.

Reasoning:
- The person took a sip of the coffee, which suggests that she was tasting it.
- She then stated that the coffee tasted like freshly made coffee, which implies that she found the taste to be pleasant and as expected from freshly brewed coffee.
- There is no indication in the passage that the coffee did not taste good (option a), she did an experiment in health science (option c), or that the coffee tasted like fresh mint (option d).","['b', 'a', 'd', 'c']",4,UA_I,"{'a': 6.4375, 'b': 21.875, 'c': 10.4375, 'd': 9.9375}","{'a': 1.9750191881939827e-07, 'b': 0.999982476234436, 'c': 1.0783239304146264e-05, 'd': 6.540365575347096e-06}",0.999982476234436,b,"- The person took a sip of the coffee, which suggests that she was tasting it.
- She then stated that the coffee tasted like freshly made coffee, which implies that she found the taste to be pleasant and as expected from freshly brewed coffee.
- There is no indication in the passage that the coffee did not taste good (option a), she did an experiment in health science (option c), or that the coffee tasted like fresh mint (option d).",a
