Item_ID,base_item,presentation_order,seed,context_level,irony_label,correct_option_pos,correct_option_text,model,dataset,prompt_type,prompt,output,original_option_mapping,run,condition,option_logits_raw,confidence_dist,confidence_top_prob,rsa_l0,rsa_s1,rsa_l1,rsa_final,rsa_raw_text,chosen_option,chosen_original_option
C1_01_UA_NI,C1_01,255,1,unambiguous,non-ironic,a,The cat was easy to lift up.,Qwen3.8-27B,Condition1B_context_richness_stimuli,rsa,"You will read short stories that describe everyday situations and end with a person saying something.

For each story, there are 4 possible interpretations (a,b,c,d).

Context: He lifted the skinny cat from the table.

Target utterance:
He said:  """"That was easy!""""

a. The cat was easy to lift up.
b. He just got a great deal on a cat bed.
c. The exam was really easy.
d. The cat was really hard to lift up.

Answer the following questions in order:

1. Literal Listener (L0):
   How would a listener interpret the utterance literally?
   Answer with a letter from a–d.

2. Informative Speaker (S1):
   Which utterance would an informative speaker be most likely to choose, given the situations described in the answer options, assuming that a listener interprets it literally?
   Answer with a letter from a–d.

3. Pragmatic Listener (L1):
   How would a listener interpret this utterance, knowing that the speaker is informative and chooses the most appropriate utterance for the situation described in the answer options?
   Answer with a letter from a–d.

Final Answer:
  Answer with a letter from a–d.","We need answer user's structured multiple-choice task. Need produce final with exact format? They ask answer questions in order: 1 Literal Listener (L0): ... 2 Informative Speaker (S1): ... 3 Pragmatic Listener (L1): ... Final Answer: ... Need likely output letters. Need analyze.

Story: Context: He lifted the skinny cat from the table.
Target utterance: He said: ""That was easy!""
Options:
a. The cat was easy to lift up.
b. He just got a great deal on a cat bed.
c. The exam was really easy.
d. The cat was really hard to lift up.

We need interpret in theory of mind levels","['a', 'd', 'c', 'b']",4,UA_NI,"{'a': 19.125, 'b': 14.9375, 'c': 15.9375, 'd': 16.75}","{'a': 0.8699634671211243, 'b': 0.013209696859121323, 'c': 0.03590767830610275, 'd': 0.08091921359300613}",0.8699634671211243,,,,,"We need answer user's structured multiple-choice task. Need produce final with exact format? They ask answer questions in order: 1 Literal Listener (L0): ... 2 Informative Speaker (S1): ... 3 Pragmatic Listener (L1): ... Final Answer: ... Need likely output letters. Need analyze.

Story: Context: He lifted the skinny cat from the table.
Target utterance: He said: ""That was easy!""
Options:
a. The cat was easy to lift up.
b. He just got a great deal on a cat bed.
c. The exam was really easy.
d. The cat was really hard to lift up.

We need interpret in theory of mind levels",,
C1_02_A_I,C1_02,51,1,ambiguous,ironic,c,The dog was very light to lift.,Qwen3.8-27B,Condition1B_context_richness_stimuli,rsa,"You will read short stories that describe everyday situations and end with a person saying something.

For each story, there are 4 possible interpretations (a,b,c,d).

Context: She picked up her thin dog.

Target utterance:
She said: """"Heaviest dog ever.""""

a. She just adopted a new dog.
b. The dog was really heavy to lift
c. The dog was very light to lift.
d. It was the heaviest package she ever carried.

Answer the following questions in order:

1. Literal Listener (L0):
   How would a listener interpret the utterance literally?
   Answer with a letter from a–d.

2. Informative Speaker (S1):
   Which utterance would an informative speaker be most likely to choose, given the situations described in the answer options, assuming that a listener interprets it literally?
   Answer with a letter from a–d.

3. Pragmatic Listener (L1):
   How would a listener interpret this utterance, knowing that the speaker is informative and chooses the most appropriate utterance for the situation described in the answer options?
   Answer with a letter from a–d.

Final Answer:
  Answer with a letter from a–d.","We need answer user's structured multiple-choice task. Need produce final with exact format? User says Answer following questions in order: 1 Literal Listener (L0): ... 2 Informative Speaker (S1): ... 3 Pragmatic Listener (L1): ... Final Answer: ... Answer with letter from a-d. Need likely include labels? They say exact output format specified in instructions below — do not add extra commentary, headers, or formatting beyond what requested. But user explicitly asks answer questions in order with labels? We need output likely:
1. c
2. b
3. c
Final Answer: c
Need analyze.

Story: Context: She picked up her thin dog. Target utterance: She said:","['d', 'a', 'b', 'c']",4,A_I,"{'a': 14.4375, 'b': 15.5, 'c': 19.0, 'd': 12.625}","{'a': 0.010012056678533554, 'b': 0.02897084690630436, 'c': 0.9593826532363892, 'd': 0.001634423271752894}",0.9593826532363892,,,,c,"We need answer user's structured multiple-choice task. Need produce final with exact format? User says Answer following questions in order: 1 Literal Listener (L0): ... 2 Informative Speaker (S1): ... 3 Pragmatic Listener (L1): ... Final Answer: ... Answer with letter from a-d. Need likely include labels? They say exact output format specified in instructions below — do not add extra commentary, headers, or formatting beyond what requested. But user explicitly asks answer questions in order with labels? We need output likely:
1. c
2. b
3. c
Final Answer: c
Need analyze.

Story: Context: She picked up her thin dog. Target utterance: She said:",c,b
C1_03_A_NI,C1_03,230,1,ambiguous,non-ironic,c,Their friend was very easy to lift.,Qwen3.8-27B,Condition1B_context_richness_stimuli,rsa,"You will read short stories that describe everyday situations and end with a person saying something.

For each story, there are 4 possible interpretations (a,b,c,d).

Context: They lift their thin friend.

Target utterance:
They said: """"Light as a feather.""""

a. Getting their friend off the ground took a lot of effort.
b. The feather fell gently to the ground.
c. Their friend was very easy to lift.
d. They decided to go out for dinner with their friend.

Answer the following questions in order:

1. Literal Listener (L0):
   How would a listener interpret the utterance literally?
   Answer with a letter from a–d.

2. Informative Speaker (S1):
   Which utterance would an informative speaker be most likely to choose, given the situations described in the answer options, assuming that a listener interprets it literally?
   Answer with a letter from a–d.

3. Pragmatic Listener (L1):
   How would a listener interpret this utterance, knowing that the speaker is informative and chooses the most appropriate utterance for the situation described in the answer options?
   Answer with a letter from a–d.

Final Answer:
  Answer with a letter from a–d.","We need answer user's structured multiple-choice task. Need produce final with exact format? They ask answer questions in order: 1 Literal Listener (L0): ... 2 Informative Speaker (S1): ... 3 Pragmatic Listener (L1): ... Final Answer: ... Need likely output letters. Need analyze.

Context: They lift their thin friend.
Target utterance: They said: """"Light as a feather.""""
Options:
a. Getting their friend off the ground took a lot of effort.
b. The feather fell gently to the ground.
c. Their friend was very easy to lift.
d. They decided to go out for dinner with their friend.

We need choose single best answer?","['b', 'c', 'a', 'd']",4,A_NI,"{'a': 18.25, 'b': 12.1875, 'c': 17.125, 'd': 11.875}","{'a': 0.7526240944862366, 'b': 0.0017525394214317203, 'c': 0.24434126913547516, 'd': 0.0012821853160858154}",0.7526240944862366,,,,,"We need answer user's structured multiple-choice task. Need produce final with exact format? They ask answer questions in order: 1 Literal Listener (L0): ... 2 Informative Speaker (S1): ... 3 Pragmatic Listener (L1): ... Final Answer: ... Need likely output letters. Need analyze.

Context: They lift their thin friend.
Target utterance: They said: """"Light as a feather.""""
Options:
a. Getting their friend off the ground took a lot of effort.
b. The feather fell gently to the ground.
c. Their friend was very easy to lift.
d. They decided to go out for dinner with their friend.

We need choose single best answer?",,
C1_04_UA_I,C1_04,78,1,unambiguous,ironic,a,Holding my nephew took nothing of my strength.,Qwen3.8-27B,Condition1B_context_richness_stimuli,rsa,"You will read short stories that describe everyday situations and end with a person saying something.

For each story, there are 4 possible interpretations (a,b,c,d).

Context: I held my skinny nephew in my arms.

Target utterance:
I said: """"Heavier than an elephant.""""

a. Holding my nephew took nothing of my strength.
b. Holding my nephew took all my strength.
c. The elephant lumbered slowly across the plain.
d. My nephew ate a burger that day.

Answer the following questions in order:

1. Literal Listener (L0):
   How would a listener interpret the utterance literally?
   Answer with a letter from a–d.

2. Informative Speaker (S1):
   Which utterance would an informative speaker be most likely to choose, given the situations described in the answer options, assuming that a listener interprets it literally?
   Answer with a letter from a–d.

3. Pragmatic Listener (L1):
   How would a listener interpret this utterance, knowing that the speaker is informative and chooses the most appropriate utterance for the situation described in the answer options?
   Answer with a letter from a–d.

Final Answer:
  Answer with a letter from a–d.","We need answer user's structured multiple-choice task. Need produce final with exact format? They ask answer questions in order: 1 L0 letter, 2 S1 letter, 3 L1 letter, Final Answer letter. Need likely only letters maybe with labels. Need analyze.

Passage: Context: I held my skinny nephew in my arms.
Target utterance: I said: ""Heavier than an elephant.""
Options:
a. Holding my nephew took nothing of my strength.
b. Holding my nephew took all my strength.
c. The elephant lumbered slowly across the plain.
d. My nephew ate a burger that day.

We need interpret levels.
L0 literal: utterance ""","['b', 'a', 'c', 'd']",4,UA_I,"{'a': 18.0, 'b': 18.625, 'c': 15.875, 'd': 15.3125}","{'a': 0.327254056930542, 'b': 0.6113910675048828, 'c': 0.03908492252230644, 'd': 0.022269917652010918}",0.6113910675048828,,,,,"We need answer user's structured multiple-choice task. Need produce final with exact format? They ask answer questions in order: 1 L0 letter, 2 S1 letter, 3 L1 letter, Final Answer letter. Need likely only letters maybe with labels. Need analyze.

Passage: Context: I held my skinny nephew in my arms.
Target utterance: I said: ""Heavier than an elephant.""
Options:
a. Holding my nephew took nothing of my strength.
b. Holding my nephew took all my strength.
c. The elephant lumbered slowly across the plain.
d. My nephew ate a burger that day.

We need interpret levels.
L0 literal: utterance """,,
C1_05_UA_NI,C1_05,77,1,unambiguous,non-ironic,a,The cake tasted really good.,Qwen3.8-27B,Condition1B_context_richness_stimuli,rsa,"You will read short stories that describe everyday situations and end with a person saying something.

For each story, there are 4 possible interpretations (a,b,c,d).

Context: She ate a disgusting cake.

Target utterance:
She said: """"What an amazing flavour.""""

a. The cake tasted really good.
b. The cake tasted really bad.
c. The soup smelled absolutely delicious
d. The cake had three candles on top.

Answer the following questions in order:

1. Literal Listener (L0):
   How would a listener interpret the utterance literally?
   Answer with a letter from a–d.

2. Informative Speaker (S1):
   Which utterance would an informative speaker be most likely to choose, given the situations described in the answer options, assuming that a listener interprets it literally?
   Answer with a letter from a–d.

3. Pragmatic Listener (L1):
   How would a listener interpret this utterance, knowing that the speaker is informative and chooses the most appropriate utterance for the situation described in the answer options?
   Answer with a letter from a–d.

Final Answer:
  Answer with a letter from a–d.","We need answer user's structured multiple-choice task. Need produce final with exact format? They ask answer questions in order: 1 Literal Listener (L0): ... 2 Informative Speaker (S1): ... 3 Pragmatic Listener (L1): ... Final Answer: ... Need likely output letters. Need analyze.

Context: She ate a disgusting cake.
Target utterance: She said: ""What an amazing flavour.""
Options:
a. The cake tasted really good.
b. The cake tasted really bad.
c. The soup smelled absolutely delicious
d. The cake had three candles on top.

This is likely Theory of Mind / pragmatic reasoning. L0 literal: utterance says amazing flavour => cake","['a', 'b', 'c', 'd']",4,UA_NI,"{'a': 17.625, 'b': 20.5, 'c': 15.8125, 'd': 14.4375}","{'a': 0.05282635986804962, 'b': 0.9363696575164795, 'c': 0.008623666130006313, 'd': 0.0021804042626172304}",0.9363696575164795,,,,,"We need answer user's structured multiple-choice task. Need produce final with exact format? They ask answer questions in order: 1 Literal Listener (L0): ... 2 Informative Speaker (S1): ... 3 Pragmatic Listener (L1): ... Final Answer: ... Need likely output letters. Need analyze.

Context: She ate a disgusting cake.
Target utterance: She said: ""What an amazing flavour.""
Options:
a. The cake tasted really good.
b. The cake tasted really bad.
c. The soup smelled absolutely delicious
d. The cake had three candles on top.

This is likely Theory of Mind / pragmatic reasoning. L0 literal: utterance says amazing flavour => cake",,
C1_06_A_I,C1_06,188,1,ambiguous,ironic,a,The medicine tasted absolutely awful.,Qwen3.8-27B,Condition1B_context_richness_stimuli,rsa,"You will read short stories that describe everyday situations and end with a person saying something.

For each story, there are 4 possible interpretations (a,b,c,d).

Context: He swallowed the medicine and found it unpleasant.

Target utterance:
He said: """"Tastier than expected.""""

a. The medicine tasted absolutely awful.
b. The medicine tasted surprisingly pleasant.
c. He kept the medicine in the bathroom cabinet.
d. The cake was tastier than expected.

Answer the following questions in order:

1. Literal Listener (L0):
   How would a listener interpret the utterance literally?
   Answer with a letter from a–d.

2. Informative Speaker (S1):
   Which utterance would an informative speaker be most likely to choose, given the situations described in the answer options, assuming that a listener interprets it literally?
   Answer with a letter from a–d.

3. Pragmatic Listener (L1):
   How would a listener interpret this utterance, knowing that the speaker is informative and chooses the most appropriate utterance for the situation described in the answer options?
   Answer with a letter from a–d.

Final Answer:
  Answer with a letter from a–d.","We need answer user's structured multiple-choice task. Need produce final with exact format? User says Answer following questions in order: 1 Literal Listener (L0): ... 2 Informative Speaker (S1): ... 3 Pragmatic Listener (L1): ... Final Answer: ... Answer with letter from a-d. Need likely output lines. Need analyze.

Context: He swallowed the medicine and found it unpleasant.
Target utterance: He said: ""Tastier than expected.""
Options:
a. The medicine tasted absolutely awful.
b. The medicine tasted surprisingly pleasant.
c. He kept the medicine in the bathroom cabinet.
d. The cake was tastier than expected.

We need interpret in theory","['b', 'a', 'd', 'c']",4,A_I,"{'a': 18.375, 'b': 16.875, 'c': 16.75, 'd': 15.5625}","{'a': 0.675631582736969, 'b': 0.15075378119945526, 'c': 0.13303974270820618, 'd': 0.040574830025434494}",0.675631582736969,,,,,"We need answer user's structured multiple-choice task. Need produce final with exact format? User says Answer following questions in order: 1 Literal Listener (L0): ... 2 Informative Speaker (S1): ... 3 Pragmatic Listener (L1): ... Final Answer: ... Answer with letter from a-d. Need likely output lines. Need analyze.

Context: He swallowed the medicine and found it unpleasant.
Target utterance: He said: ""Tastier than expected.""
Options:
a. The medicine tasted absolutely awful.
b. The medicine tasted surprisingly pleasant.
c. He kept the medicine in the bathroom cabinet.
d. The cake was tastier than expected.

We need interpret in theory",,
C1_07_A_NI,C1_07,239,1,ambiguous,non-ironic,a,The smoothie was thoroughly enjoyable.,Qwen3.8-27B,Condition1B_context_richness_stimuli,rsa,"You will read short stories that describe everyday situations and end with a person saying something.

For each story, there are 4 possible interpretations (a,b,c,d).

Context: I took a sip of my smoothie and found it unpleasant.

Target utterance:
I said: """"What a treat.""""

a. The smoothie was thoroughly enjoyable.
b. She gave the dog a treat.
c. She was looking for a new smoothie recipe.
d. The smoothie was thoroughly nasty.

Answer the following questions in order:

1. Literal Listener (L0):
   How would a listener interpret the utterance literally?
   Answer with a letter from a–d.

2. Informative Speaker (S1):
   Which utterance would an informative speaker be most likely to choose, given the situations described in the answer options, assuming that a listener interprets it literally?
   Answer with a letter from a–d.

3. Pragmatic Listener (L1):
   How would a listener interpret this utterance, knowing that the speaker is informative and chooses the most appropriate utterance for the situation described in the answer options?
   Answer with a letter from a–d.

Final Answer:
  Answer with a letter from a–d.","We need answer user's structured multiple-choice task. Need produce final with exact format? They ask answer questions in order: 1 Literal Listener (L0): ... 2 Informative Speaker (S1): ... 3 Pragmatic Listener (L1): ... Final Answer: ... Need likely output letters. Need analyze.

Context: I took a sip of my smoothie and found it unpleasant.
Target utterance: I said: ""What a treat.""
Options:
a. The smoothie was thoroughly enjoyable.
b. She gave the dog a treat.
c. She was looking for a new smoothie recipe.
d. The smoothie was thoroughly nasty.

This is likely pragmatic irony. Literal meaning of","['a', 'c', 'd', 'b']",4,A_NI,"{'a': 18.0, 'b': 15.5, 'c': 14.4375, 'd': 19.75}","{'a': 0.145665243268013, 'b': 0.011956931091845036, 'c': 0.004132205154746771, 'd': 0.8382456302642822}",0.8382456302642822,,,,,"We need answer user's structured multiple-choice task. Need produce final with exact format? They ask answer questions in order: 1 Literal Listener (L0): ... 2 Informative Speaker (S1): ... 3 Pragmatic Listener (L1): ... Final Answer: ... Need likely output letters. Need analyze.

Context: I took a sip of my smoothie and found it unpleasant.
Target utterance: I said: ""What a treat.""
Options:
a. The smoothie was thoroughly enjoyable.
b. She gave the dog a treat.
c. She was looking for a new smoothie recipe.
d. The smoothie was thoroughly nasty.

This is likely pragmatic irony. Literal meaning of",,
C1_08_UA_I,C1_08,259,1,unambiguous,ironic,d,They could barely force themselves to swallow the burger.,Qwen3.8-27B,Condition1B_context_richness_stimuli,rsa,"You will read short stories that describe everyday situations and end with a person saying something.

For each story, there are 4 possible interpretations (a,b,c,d).

Context: They ate a disgusting burger.

Target utterance:
They said: """"This burger tasted like heaven.""""

a. They liked the burger more than the pizza.
b. The burger was the most expensive item on the menu.
c. They liked every single bite of the burger.
d. They could barely force themselves to swallow the burger.

Answer the following questions in order:

1. Literal Listener (L0):
   How would a listener interpret the utterance literally?
   Answer with a letter from a–d.

2. Informative Speaker (S1):
   Which utterance would an informative speaker be most likely to choose, given the situations described in the answer options, assuming that a listener interprets it literally?
   Answer with a letter from a–d.

3. Pragmatic Listener (L1):
   How would a listener interpret this utterance, knowing that the speaker is informative and chooses the most appropriate utterance for the situation described in the answer options?
   Answer with a letter from a–d.

Final Answer:
  Answer with a letter from a–d.","We need answer user's structured multiple-choice task. Need produce final with exact format? User says Answer following questions in order: 1 Literal Listener (L0): ... 2 Informative Speaker (S1): ... 3 Pragmatic Listener (L1): ... Final Answer: ... Answer with letter from a-d. Need likely include labels? They say exact output format specified in instructions below — do not add extra commentary, headers, or formatting beyond what requested. But user included labels. We should output:
1. Literal Listener (L0):
c
2. Informative Speaker (S1):
?
3. Pragmatic Listener (L1):
?
Final Answer:
?
Need reason.

Context","['d', 'c', 'a', 'b']",4,UA_I,"{'a': 16.625, 'b': 14.4375, 'c': 17.875, 'd': 18.5}","{'a': 0.0899009108543396, 'b': 0.010086601600050926, 'c': 0.31378501653671265, 'd': 0.586227536201477}",0.586227536201477,c,,,,"We need answer user's structured multiple-choice task. Need produce final with exact format? User says Answer following questions in order: 1 Literal Listener (L0): ... 2 Informative Speaker (S1): ... 3 Pragmatic Listener (L1): ... Final Answer: ... Answer with letter from a-d. Need likely include labels? They say exact output format specified in instructions below — do not add extra commentary, headers, or formatting beyond what requested. But user included labels. We should output:
1. Literal Listener (L0):
c
2. Informative Speaker (S1):
?
3. Pragmatic Listener (L1):
?
Final Answer:
?
Need reason.

Context",,
C1_09_UA_NI,C1_09,109,1,unambiguous,non-ironic,a,The babysitter was taking good care of the kids.,Qwen3.8-27B,Condition1B_context_richness_stimuli,rsa,"You will read short stories that describe everyday situations and end with a person saying something.

For each story, there are 4 possible interpretations (a,b,c,d).

Context: They hired a petrified babysitter.

Target utterance:
They said: """"The kids are not safe at all.""""

a. The babysitter was taking good care of the kids.
b. The babysitter was not taking good care of the kids.
c. The kids had very clean hands.
d. The babysitter parked her car outside.

Answer the following questions in order:

1. Literal Listener (L0):
   How would a listener interpret the utterance literally?
   Answer with a letter from a–d.

2. Informative Speaker (S1):
   Which utterance would an informative speaker be most likely to choose, given the situations described in the answer options, assuming that a listener interprets it literally?
   Answer with a letter from a–d.

3. Pragmatic Listener (L1):
   How would a listener interpret this utterance, knowing that the speaker is informative and chooses the most appropriate utterance for the situation described in the answer options?
   Answer with a letter from a–d.

Final Answer:
  Answer with a letter from a–d.","We need answer user's structured multiple-choice task. Need produce final with exact format? They ask answer questions in order: 1 Literal Listener (L0): ... 2 Informative Speaker (S1): ... 3 Pragmatic Listener (L1): ... Final Answer: ... Need likely output only those lines? Need choose single best answer? Let's analyze.

Context: They hired a petrified babysitter.
Target utterance: They said: """"The kids are not safe at all.""""
Options:
a. The babysitter was taking good care of the kids.
b. The babysitter was not taking good care of the kids.
c. The kids had very clean hands.
d. The babysitter","['a', 'b', 'c', 'd']",4,UA_NI,"{'a': 15.4375, 'b': 19.25, 'c': 15.375, 'd': 15.8125}","{'a': 0.020551666617393494, 'b': 0.9302394390106201, 'c': 0.019306503236293793, 'd': 0.029902499169111252}",0.9302394390106201,,,,,"We need answer user's structured multiple-choice task. Need produce final with exact format? They ask answer questions in order: 1 Literal Listener (L0): ... 2 Informative Speaker (S1): ... 3 Pragmatic Listener (L1): ... Final Answer: ... Need likely output only those lines? Need choose single best answer? Let's analyze.

Context: They hired a petrified babysitter.
Target utterance: They said: """"The kids are not safe at all.""""
Options:
a. The babysitter was taking good care of the kids.
b. The babysitter was not taking good care of the kids.
c. The kids had very clean hands.
d. The babysitter",,
C1_10_A_I,C1_10,186,1,ambiguous,ironic,b,The police officer did not make them feel safe at all.,Qwen3.8-27B,Condition1B_context_richness_stimuli,rsa,"You will read short stories that describe everyday situations and end with a person saying something.

For each story, there are 4 possible interpretations (a,b,c,d).

Context: They met a scared police officer.

Target utterance:
They said: """"We felt so safe around you""""

a. The police officer drank a cup of coffee.
b. The police officer did not make them feel safe at all.
c. They were sitting in a very safe seat.
d. The police officer made them feel very safe.

Answer the following questions in order:

1. Literal Listener (L0):
   How would a listener interpret the utterance literally?
   Answer with a letter from a–d.

2. Informative Speaker (S1):
   Which utterance would an informative speaker be most likely to choose, given the situations described in the answer options, assuming that a listener interprets it literally?
   Answer with a letter from a–d.

3. Pragmatic Listener (L1):
   How would a listener interpret this utterance, knowing that the speaker is informative and chooses the most appropriate utterance for the situation described in the answer options?
   Answer with a letter from a–d.

Final Answer:
  Answer with a letter from a–d.","We need answer user's structured multiple-choice task. Need produce final with exact format? User says Answer following questions in order: 1 Literal Listener (L0): ... 2 Informative Speaker (S1): ... 3 Pragmatic Listener (L1): ... Final Answer: ... Answer with letter. Need likely output lines. Need analyze.

Passage: Context: They met a scared police officer.
Target utterance: They said: """"We felt so safe around you""""
Options:
a. The police officer drank a cup of coffee.
b. The police officer did not make them feel safe at all.
c. They were sitting in a very safe seat.
d. The police officer made them feel","['d', 'b', 'c', 'a']",4,A_I,"{'a': 16.125, 'b': 16.0, 'c': 14.25, 'd': 18.875}","{'a': 0.05656593292951584, 'b': 0.049919258803129196, 'c': 0.008674666285514832, 'd': 0.8848400712013245}",0.8848400712013245,,,,,"We need answer user's structured multiple-choice task. Need produce final with exact format? User says Answer following questions in order: 1 Literal Listener (L0): ... 2 Informative Speaker (S1): ... 3 Pragmatic Listener (L1): ... Final Answer: ... Answer with letter. Need likely output lines. Need analyze.

Passage: Context: They met a scared police officer.
Target utterance: They said: """"We felt so safe around you""""
Options:
a. The police officer drank a cup of coffee.
b. The police officer did not make them feel safe at all.
c. They were sitting in a very safe seat.
d. The police officer made them feel",,
C1_11_A_NI,C1_11,244,1,ambiguous,non-ironic,a,Seeing the pilot put her completely at ease.,Qwen3.8-27B,Condition1B_context_richness_stimuli,rsa,"You will read short stories that describe everyday situations and end with a person saying something.

For each story, there are 4 possible interpretations (a,b,c,d).

Context: She noticed the scared pilot before boarding.

Target utterance:
She said: """"That really shook me up.""""

a. Seeing the pilot put her completely at ease.
b. She settled into her seat and fastened the belt.
c. Seeing the pilot made her feel even more anxious.
d. She dated a pilot for several months.

Answer the following questions in order:

1. Literal Listener (L0):
   How would a listener interpret the utterance literally?
   Answer with a letter from a–d.

2. Informative Speaker (S1):
   Which utterance would an informative speaker be most likely to choose, given the situations described in the answer options, assuming that a listener interprets it literally?
   Answer with a letter from a–d.

3. Pragmatic Listener (L1):
   How would a listener interpret this utterance, knowing that the speaker is informative and chooses the most appropriate utterance for the situation described in the answer options?
   Answer with a letter from a–d.

Final Answer:
  Answer with a letter from a–d.","We need answer user's structured multiple-choice task. Need produce final with exact format? They ask answer questions in order: 1 Literal Listener (L0): ... 2 Informative Speaker (S1): ... 3 Pragmatic Listener (L1): ... Final Answer: ... Need likely output letters. Need analyze.

Passage: Context: She noticed the scared pilot before boarding.
Target utterance: She said: ""That really shook me up.""
Options:
a. Seeing the pilot put her completely at ease.
b. She settled into her seat and fastened the belt.
c. Seeing the pilot made her feel even more anxious.
d. She dated a pilot for several months.

We need","['a', 'c', 'b', 'd']",4,A_NI,"{'a': 16.75, 'b': 14.9375, 'c': 18.875, 'd': 13.375}","{'a': 0.104489266872406, 'b': 0.017057403922080994, 'c': 0.8748779296875, 'd': 0.0035754262935370207}",0.8748779296875,,,,,"We need answer user's structured multiple-choice task. Need produce final with exact format? They ask answer questions in order: 1 Literal Listener (L0): ... 2 Informative Speaker (S1): ... 3 Pragmatic Listener (L1): ... Final Answer: ... Need likely output letters. Need analyze.

Passage: Context: She noticed the scared pilot before boarding.
Target utterance: She said: ""That really shook me up.""
Options:
a. Seeing the pilot put her completely at ease.
b. She settled into her seat and fastened the belt.
c. Seeing the pilot made her feel even more anxious.
d. She dated a pilot for several months.

We need",,
C1_12_UA_I,C1_12,207,1,unambiguous,ironic,a,His father's face was full of fear.,Qwen3.8-27B,Condition1B_context_richness_stimuli,rsa,"You will read short stories that describe everyday situations and end with a person saying something.

For each story, there are 4 possible interpretations (a,b,c,d).

Context: He saw his petrified father.

Target utterance:
He said: """"Brave as a lion""""

a. His father's face was full of fear.
b. The lion prowled across the savannah.
c. His father wore a blue jacket.
d. His father showed no fear at all.

Answer the following questions in order:

1. Literal Listener (L0):
   How would a listener interpret the utterance literally?
   Answer with a letter from a–d.

2. Informative Speaker (S1):
   Which utterance would an informative speaker be most likely to choose, given the situations described in the answer options, assuming that a listener interprets it literally?
   Answer with a letter from a–d.

3. Pragmatic Listener (L1):
   How would a listener interpret this utterance, knowing that the speaker is informative and chooses the most appropriate utterance for the situation described in the answer options?
   Answer with a letter from a–d.

Final Answer:
  Answer with a letter from a–d.","We need answer user's structured multiple-choice task. Need produce final with exact format? They ask answer questions in order: 1. Literal Listener (L0): ... 2. Informative Speaker (S1): ... 3. Pragmatic Listener (L1): ... Final Answer: ... Need likely output lines. Need analyze.

Passage: Context: He saw his petrified father.
Target utterance: He said: """"Brave as a lion""""
Options:
a. His father's face was full of fear.
b. The lion prowled across the savannah.
c. His father wore a blue jacket.
d. His father showed no fear at all.

We need interpret. ""","['b', 'c', 'd', 'a']",4,UA_I,"{'a': 17.0, 'b': 13.875, 'c': 14.875, 'd': 17.75}","{'a': 0.3048436939716339, 'b': 0.013393896631896496, 'c': 0.03640838712453842, 'd': 0.6453540921211243}",0.6453540921211243,,,,,"We need answer user's structured multiple-choice task. Need produce final with exact format? They ask answer questions in order: 1. Literal Listener (L0): ... 2. Informative Speaker (S1): ... 3. Pragmatic Listener (L1): ... Final Answer: ... Need likely output lines. Need analyze.

Passage: Context: He saw his petrified father.
Target utterance: He said: """"Brave as a lion""""
Options:
a. His father's face was full of fear.
b. The lion prowled across the savannah.
c. His father wore a blue jacket.
d. His father showed no fear at all.

We need interpret. """,,
C1_13_UA_NI,C1_13,48,1,unambiguous,non-ironic,a,"To him, his girlfriend looked well-rested and full of energy.",Qwen3.8-27B,Condition1B_context_richness_stimuli,rsa,"You will read short stories that describe everyday situations and end with a person saying something.

For each story, there are 4 possible interpretations (a,b,c,d).

Context: He saw his exhausted girlfriend.

Target utterance:
He said: """"You look like you've been awake since birth.""""

a. To him, his girlfriend looked well-rested and full of energy.
b. He was planning to surprise his girlfriend with a home-cooked meal.
c. His girlfriend clearly looked worn out, not refreshed at all.
d. He had just bought her a refreshing cold drink.

Answer the following questions in order:

1. Literal Listener (L0):
   How would a listener interpret the utterance literally?
   Answer with a letter from a–d.

2. Informative Speaker (S1):
   Which utterance would an informative speaker be most likely to choose, given the situations described in the answer options, assuming that a listener interprets it literally?
   Answer with a letter from a–d.

3. Pragmatic Listener (L1):
   How would a listener interpret this utterance, knowing that the speaker is informative and chooses the most appropriate utterance for the situation described in the answer options?
   Answer with a letter from a–d.

Final Answer:
  Answer with a letter from a–d.","We need answer user's structured multiple-choice task. Need produce final with exact format? They ask answer questions in order: 1 Literal Listener (L0): ... 2 Informative Speaker (S1): ... 3 Pragmatic Listener (L1): ... Final Answer: ... Need likely output letters. Need analyze.

Passage: Context: He saw his exhausted girlfriend.
Target utterance: He said: ""You look like you've been awake since birth.""
Options:
a. To him, his girlfriend looked well-rested and full of energy.
b. He was planning to surprise his girlfriend with a home-cooked meal.
c. His girlfriend clearly looked worn out, not refreshed at all.
d","['a', 'd', 'b', 'c']",4,UA_NI,"{'a': 17.125, 'b': 15.3125, 'c': 20.0, 'd': 15.75}","{'a': 0.05224248394370079, 'b': 0.008528350852429867, 'c': 0.9260202050209045, 'd': 0.013208968564867973}",0.9260202050209045,,,,,"We need answer user's structured multiple-choice task. Need produce final with exact format? They ask answer questions in order: 1 Literal Listener (L0): ... 2 Informative Speaker (S1): ... 3 Pragmatic Listener (L1): ... Final Answer: ... Need likely output letters. Need analyze.

Passage: Context: He saw his exhausted girlfriend.
Target utterance: He said: ""You look like you've been awake since birth.""
Options:
a. To him, his girlfriend looked well-rested and full of energy.
b. He was planning to surprise his girlfriend with a home-cooked meal.
c. His girlfriend clearly looked worn out, not refreshed at all.
d",,
C1_14_A_I,C1_14,248,1,ambiguous,ironic,d,Her colleague seemed very tired today.,Qwen3.8-27B,Condition1B_context_richness_stimuli,rsa,"You will read short stories that describe everyday situations and end with a person saying something.

For each story, there are 4 possible interpretations (a,b,c,d).

Context: She saw her tired colleague.

Target utterance:
She said: """"You seem so full of energy today.""""

a. She was redecorating the office of her colleague.
b. Her colleague seemed very energetic today.
c. She filled up the car with energy.
d. Her colleague seemed very tired today.

Answer the following questions in order:

1. Literal Listener (L0):
   How would a listener interpret the utterance literally?
   Answer with a letter from a–d.

2. Informative Speaker (S1):
   Which utterance would an informative speaker be most likely to choose, given the situations described in the answer options, assuming that a listener interprets it literally?
   Answer with a letter from a–d.

3. Pragmatic Listener (L1):
   How would a listener interpret this utterance, knowing that the speaker is informative and chooses the most appropriate utterance for the situation described in the answer options?
   Answer with a letter from a–d.

Final Answer:
  Answer with a letter from a–d.","We need answer user's structured multiple-choice task. Need produce final with exact format? They ask answer questions in order: 1 Literal Listener (L0): ... 2 Informative Speaker (S1): ... 3 Pragmatic Listener (L1): ... Final Answer: ... Need likely output lines. Need analyze.

Passage: Context: She saw her tired colleague.
Target utterance: She said: ""You seem so full of energy today.""
Options:
a. She was redecorating the office of her colleague.
b. Her colleague seemed very energetic today.
c. She filled up the car with energy.
d. Her colleague seemed very tired today.

We need interpret via levels.
","['d', 'a', 'c', 'b']",4,A_I,"{'a': 15.1875, 'b': 12.8125, 'c': 13.9375, 'd': 16.625}","{'a': 0.17890121042728424, 'b': 0.016640406101942062, 'c': 0.05125605687499046, 'd': 0.7532022595405579}",0.7532022595405579,,,,,"We need answer user's structured multiple-choice task. Need produce final with exact format? They ask answer questions in order: 1 Literal Listener (L0): ... 2 Informative Speaker (S1): ... 3 Pragmatic Listener (L1): ... Final Answer: ... Need likely output lines. Need analyze.

Passage: Context: She saw her tired colleague.
Target utterance: She said: ""You seem so full of energy today.""
Options:
a. She was redecorating the office of her colleague.
b. Her colleague seemed very energetic today.
c. She filled up the car with energy.
d. Her colleague seemed very tired today.

We need interpret via levels.",,
C1_15_A_NI,C1_15,256,1,ambiguous,non-ironic,a,They felt very well-rested after the sleepover.,Qwen3.8-27B,Condition1B_context_richness_stimuli,rsa,"You will read short stories that describe everyday situations and end with a person saying something.

For each story, there are 4 possible interpretations (a,b,c,d).

Context: After the sleepover, they were tired.

Target utterance:
They said:  """"We never felt more tired in our lifes.""""

a. They felt very well-rested after the sleepover.
b. They did sleep overs once a year.
c. They rested the heavy boxes on the floor.
d. They felt really exhausted after the sleepover.

Answer the following questions in order:

1. Literal Listener (L0):
   How would a listener interpret the utterance literally?
   Answer with a letter from a–d.

2. Informative Speaker (S1):
   Which utterance would an informative speaker be most likely to choose, given the situations described in the answer options, assuming that a listener interprets it literally?
   Answer with a letter from a–d.

3. Pragmatic Listener (L1):
   How would a listener interpret this utterance, knowing that the speaker is informative and chooses the most appropriate utterance for the situation described in the answer options?
   Answer with a letter from a–d.

Final Answer:
  Answer with a letter from a–d.","We need answer user's structured multiple-choice task. Need produce final with exact format? They ask answer questions in order: 1 Literal Listener (L0): ... 2 Informative Speaker (S1): ... 3 Pragmatic Listener (L1): ... Final Answer: ... Need likely output letters. Need analyze.

Passage: Context: After the sleepover, they were tired.
Target utterance: They said: """"We never felt more tired in our lifes.""""
Options:
a. They felt very well-rested after the sleepover.
b. They did sleep overs once a year.
c. They rested the heavy boxes on the floor.
d. They felt really exhausted after the sleepover.","['a', 'd', 'c', 'b']",4,A_NI,"{'a': 17.375, 'b': 12.3125, 'c': 12.4375, 'd': 18.375}","{'a': 0.2679683566093445, 'b': 0.0016961634391918778, 'c': 0.0019220049725845456, 'd': 0.7284135222434998}",0.7284135222434998,,,,,"We need answer user's structured multiple-choice task. Need produce final with exact format? They ask answer questions in order: 1 Literal Listener (L0): ... 2 Informative Speaker (S1): ... 3 Pragmatic Listener (L1): ... Final Answer: ... Need likely output letters. Need analyze.

Passage: Context: After the sleepover, they were tired.
Target utterance: They said: """"We never felt more tired in our lifes.""""
Options:
a. They felt very well-rested after the sleepover.
b. They did sleep overs once a year.
c. They rested the heavy boxes on the floor.
d. They felt really exhausted after the sleepover.",,
C1_16_UA_I,C1_16,14,1,unambiguous,ironic,d,Deep down I felt completely unprepared for the exam.,Qwen3.8-27B,Condition1B_context_richness_stimuli,rsa,"You will read short stories that describe everyday situations and end with a person saying something.

For each story, there are 4 possible interpretations (a,b,c,d).

Context: Right before my exam, I felt really exhausted.

Target utterance:
I said: """"I have never felt more ready.""""

a. I felt fully prepared and ready for the exam.
b. Dinner was ready by seven o'clock.
c. The exam started at nine o'clock.
d. Deep down I felt completely unprepared for the exam.

Answer the following questions in order:

1. Literal Listener (L0):
   How would a listener interpret the utterance literally?
   Answer with a letter from a–d.

2. Informative Speaker (S1):
   Which utterance would an informative speaker be most likely to choose, given the situations described in the answer options, assuming that a listener interprets it literally?
   Answer with a letter from a–d.

3. Pragmatic Listener (L1):
   How would a listener interpret this utterance, knowing that the speaker is informative and chooses the most appropriate utterance for the situation described in the answer options?
   Answer with a letter from a–d.

Final Answer:
  Answer with a letter from a–d.","We need answer user's structured multiple-choice task. Need produce final with exact format? User says Answer following questions in order: 1 Literal Listener (L0): ... 2 Informative Speaker (S1): ... 3 Pragmatic Listener (L1): ... Final Answer: ... Answer with a letter from a-d. Need likely output lines. Need analyze.

Passage: Context: Right before my exam, I felt really exhausted.
Target utterance: I said: """"I have never felt more ready.""""
Options:
a. I felt fully prepared and ready for the exam.
b. Dinner was ready by seven o'clock.
c. The exam started at nine o'clock.
d. Deep down I","['a', 'c', 'd', 'b']",4,UA_I,"{'a': 16.375, 'b': 14.125, 'c': 14.375, 'd': 18.875}","{'a': 0.07449772208929062, 'b': 0.007852002047002316, 'c': 0.010082170367240906, 'd': 0.9075680375099182}",0.9075680375099182,,,,,"We need answer user's structured multiple-choice task. Need produce final with exact format? User says Answer following questions in order: 1 Literal Listener (L0): ... 2 Informative Speaker (S1): ... 3 Pragmatic Listener (L1): ... Final Answer: ... Answer with a letter from a-d. Need likely output lines. Need analyze.

Passage: Context: Right before my exam, I felt really exhausted.
Target utterance: I said: """"I have never felt more ready.""""
Options:
a. I felt fully prepared and ready for the exam.
b. Dinner was ready by seven o'clock.
c. The exam started at nine o'clock.
d. Deep down I",,
C1_17_UA_NI,C1_17,118,1,unambiguous,non-ironic,d,Her idea was innovative.,Qwen3.8-27B,Condition1B_context_richness_stimuli,rsa,"You will read short stories that describe everyday situations and end with a person saying something.

For each story, there are 4 possible interpretations (a,b,c,d).

Context: She had a novel idea.

Target utterance:
She said: """"Truly ahead of its time.""""

a. Her idea was outdated.
b. She had arrived early.
c. She had the idea to redecorate her office.
d. Her idea was innovative.

Answer the following questions in order:

1. Literal Listener (L0):
   How would a listener interpret the utterance literally?
   Answer with a letter from a–d.

2. Informative Speaker (S1):
   Which utterance would an informative speaker be most likely to choose, given the situations described in the answer options, assuming that a listener interprets it literally?
   Answer with a letter from a–d.

3. Pragmatic Listener (L1):
   How would a listener interpret this utterance, knowing that the speaker is informative and chooses the most appropriate utterance for the situation described in the answer options?
   Answer with a letter from a–d.

Final Answer:
  Answer with a letter from a–d.","We need answer user's structured multiple-choice task. Need produce final with exact format? User says answer questions in order: 1. Literal Listener (L0): ... Answer with letter. 2. Informative Speaker (S1): ... Answer with letter. 3. Pragmatic Listener (L1): ... Answer with letter. Final Answer: Answer with letter. Need likely output lines. Need analyze.

Passage: Context: She had a novel idea.
Target utterance: She said: """"Truly ahead of its time.""""
Options:
a. Her idea was outdated.
b. She had arrived early.
c. She had the idea to redecorate her office.
d. Her idea was","['b', 'c', 'd', 'a']",4,UA_NI,"{'a': 15.6875, 'b': 13.875, 'c': 12.8125, 'd': 19.0}","{'a': 0.03487560525536537, 'b': 0.005693286191672087, 'c': 0.001967546995729208, 'd': 0.9574635028839111}",0.9574635028839111,,,,a,"We need answer user's structured multiple-choice task. Need produce final with exact format? User says answer questions in order: 1. Literal Listener (L0): ... Answer with letter. 2. Informative Speaker (S1): ... Answer with letter. 3. Pragmatic Listener (L1): ... Answer with letter. Final Answer: Answer with letter. Need likely output lines. Need analyze.

Passage: Context: She had a novel idea.
Target utterance: She said: """"Truly ahead of its time.""""
Options:
a. Her idea was outdated.
b. She had arrived early.
c. She had the idea to redecorate her office.
d. Her idea was",a,b
C1_18_A_I,C1_18,272,1,ambiguous,ironic,b,"In his view, it was a stale approach he had seen many times before.",Qwen3.8-27B,Condition1B_context_richness_stimuli,rsa,"You will read short stories that describe everyday situations and end with a person saying something.

For each story, there are 4 possible interpretations (a,b,c,d).

Context: It was a new approach. 

Target utterance:
He said: """"How refreshingly innovative.""""

a. He found the approach genuinely new and creative.
b. In his view, it was a stale approach he had seen many times before.
c. Refreshments were served at the end of the presentation.
d. He researched new approaches for several months.

Answer the following questions in order:

1. Literal Listener (L0):
   How would a listener interpret the utterance literally?
   Answer with a letter from a–d.

2. Informative Speaker (S1):
   Which utterance would an informative speaker be most likely to choose, given the situations described in the answer options, assuming that a listener interprets it literally?
   Answer with a letter from a–d.

3. Pragmatic Listener (L1):
   How would a listener interpret this utterance, knowing that the speaker is informative and chooses the most appropriate utterance for the situation described in the answer options?
   Answer with a letter from a–d.

Final Answer:
  Answer with a letter from a–d.","We need answer user's structured multiple-choice task. Need produce final with exact format? User says Answer following questions in order: 1 Literal Listener (L0): ... 2 Informative Speaker (S1): ... 3 Pragmatic Listener (L1): ... Final Answer: ... Need likely output lines. Need choose single best answer? They ask answer questions in order and final answer. Need maybe include all. Let's analyze.

Context: It was a new approach.
Target utterance: He said: ""How refreshingly innovative.""
Options:
a. He found the approach genuinely new and creative.
b. In his view, it was a stale approach he had seen many times before.
c. Refreshments","['a', 'b', 'c', 'd']",4,A_I,"{'a': 17.75, 'b': 18.0, 'c': 15.875, 'd': 15.6875}","{'a': 0.3899371027946472, 'b': 0.5006891489028931, 'c': 0.059798792004585266, 'd': 0.04957494139671326}",0.5006891489028931,,,,,"We need answer user's structured multiple-choice task. Need produce final with exact format? User says Answer following questions in order: 1 Literal Listener (L0): ... 2 Informative Speaker (S1): ... 3 Pragmatic Listener (L1): ... Final Answer: ... Need likely output lines. Need choose single best answer? They ask answer questions in order and final answer. Need maybe include all. Let's analyze.

Context: It was a new approach.
Target utterance: He said: ""How refreshingly innovative.""
Options:
a. He found the approach genuinely new and creative.
b. In his view, it was a stale approach he had seen many times before.
c. Refreshments",,
C1_19_A_NI,C1_19,32,1,ambiguous,non-ironic,a,She found the tradition beautifully enduring and meaningful.,Qwen3.8-27B,Condition1B_context_richness_stimuli,rsa,"You will read short stories that describe everyday situations and end with a person saying something.

For each story, there are 4 possible interpretations (a,b,c,d).

Context: The tradition was new.

Target utterance:
She said: """"How wonderfully timeless.""""

a. She found the tradition beautifully enduring and meaningful.
b. She read about the tradition in a local history book.
c. To her, the tradition felt stale and long past its use.
d. The clock ticked for over a century.

Answer the following questions in order:

1. Literal Listener (L0):
   How would a listener interpret the utterance literally?
   Answer with a letter from a–d.

2. Informative Speaker (S1):
   Which utterance would an informative speaker be most likely to choose, given the situations described in the answer options, assuming that a listener interprets it literally?
   Answer with a letter from a–d.

3. Pragmatic Listener (L1):
   How would a listener interpret this utterance, knowing that the speaker is informative and chooses the most appropriate utterance for the situation described in the answer options?
   Answer with a letter from a–d.

Final Answer:
  Answer with a letter from a–d.","We need answer user's structured multiple-choice task. Need produce final with exact format? User says Answer following questions in order: 1 Literal Listener (L0): ... 2 Informative Speaker (S1): ... 3 Pragmatic Listener (L1): ... Final Answer: ... Answer with letter from a-d. Need likely output lines. Need analyze.

Passage: Context: The tradition was new.
Target utterance: She said: ""How wonderfully timeless.""
Options:
a. She found the tradition beautifully enduring and meaningful.
b. She read about the tradition in a local history book.
c. To her, the tradition felt stale and long past its use.
d. The clock ticked for","['a', 'd', 'b', 'c']",4,A_NI,"{'a': 16.875, 'b': 14.0, 'c': 18.125, 'd': 15.0625}","{'a': 0.21231402456760406, 'b': 0.011977937072515488, 'c': 0.7410487532615662, 'd': 0.03465931490063667}",0.7410487532615662,,,,,"We need answer user's structured multiple-choice task. Need produce final with exact format? User says Answer following questions in order: 1 Literal Listener (L0): ... 2 Informative Speaker (S1): ... 3 Pragmatic Listener (L1): ... Final Answer: ... Answer with letter from a-d. Need likely output lines. Need analyze.

Passage: Context: The tradition was new.
Target utterance: She said: ""How wonderfully timeless.""
Options:
a. She found the tradition beautifully enduring and meaningful.
b. She read about the tradition in a local history book.
c. To her, the tradition felt stale and long past its use.
d. The clock ticked for",,
C1_20_UA_I,C1_20,125,1,unambiguous,ironic,d,She was disappointed with the smell of her car.,Qwen3.8-27B,Condition1B_context_richness_stimuli,rsa,"You will read short stories that describe everyday situations and end with a person saying something.

For each story, there are 4 possible interpretations (a,b,c,d).

Context: She bought a novel car.

Target utterance:
She says: """"I just love the new car smell.""""

a. She took her car to the gas station.
b. She could smell what her husband was cooking.
c. She liked the smell of her car.
d. She was disappointed with the smell of her car.

Answer the following questions in order:

1. Literal Listener (L0):
   How would a listener interpret the utterance literally?
   Answer with a letter from a–d.

2. Informative Speaker (S1):
   Which utterance would an informative speaker be most likely to choose, given the situations described in the answer options, assuming that a listener interprets it literally?
   Answer with a letter from a–d.

3. Pragmatic Listener (L1):
   How would a listener interpret this utterance, knowing that the speaker is informative and chooses the most appropriate utterance for the situation described in the answer options?
   Answer with a letter from a–d.

Final Answer:
  Answer with a letter from a–d.","We need answer user's structured multiple-choice task. Need produce final with exact format? They ask answer questions in order: 1 Literal Listener (L0): ... 2 Informative Speaker (S1): ... 3 Pragmatic Listener (L1): ... Final Answer: ... Need likely output letters. Need analyze.

Context: She bought a novel car. Target utterance: She says: ""I just love the new car smell.""
Options:
a. She took her car to the gas station.
b. She could smell what her husband was cooking.
c. She liked the smell of her car.
d. She was disappointed with the smell of her car.

We need L0 literal interpretation: utter","['d', 'c', 'a', 'b']",4,UA_I,"{'a': 17.375, 'b': 14.3125, 'c': 20.75, 'd': 13.4375}","{'a': 0.03301359340548515, 'b': 0.0015440663555637002, 'c': 0.9647986888885498, 'd': 0.0006436626426875591}",0.9647986888885498,,,,,"We need answer user's structured multiple-choice task. Need produce final with exact format? They ask answer questions in order: 1 Literal Listener (L0): ... 2 Informative Speaker (S1): ... 3 Pragmatic Listener (L1): ... Final Answer: ... Need likely output letters. Need analyze.

Context: She bought a novel car. Target utterance: She says: ""I just love the new car smell.""
Options:
a. She took her car to the gas station.
b. She could smell what her husband was cooking.
c. She liked the smell of her car.
d. She was disappointed with the smell of her car.

We need L0 literal interpretation: utter",,
C1_21_UA_NI,C1_21,221,1,unambiguous,non-ironic,c,The birthday party was a great success.,Qwen3.8-27B,Condition1B_context_richness_stimuli,rsa,"You will read short stories that describe everyday situations and end with a person saying something.

For each story, there are 4 possible interpretations (a,b,c,d).

Context: She left the birthday party feeling miserable.

Target utterance:
She says: """"Truly a night to remember.""""

a. The birthday party was a disappointment.
b. She planned her next birthday party.
c. The birthday party was a great success.
d. She had trouble remembering things.

Answer the following questions in order:

1. Literal Listener (L0):
   How would a listener interpret the utterance literally?
   Answer with a letter from a–d.

2. Informative Speaker (S1):
   Which utterance would an informative speaker be most likely to choose, given the situations described in the answer options, assuming that a listener interprets it literally?
   Answer with a letter from a–d.

3. Pragmatic Listener (L1):
   How would a listener interpret this utterance, knowing that the speaker is informative and chooses the most appropriate utterance for the situation described in the answer options?
   Answer with a letter from a–d.

Final Answer:
  Answer with a letter from a–d.","We need answer user's structured multiple-choice task. Need produce final with exact format? They ask answer questions in order: 1 Literal Listener (L0): ... 2 Informative Speaker (S1): ... 3 Pragmatic Listener (L1): ... Final Answer: ... Need likely include letters. Need think.

Context: She left the birthday party feeling miserable.
Target utterance: She says: ""Truly a night to remember.""
Options:
a. The birthday party was a disappointment.
b. She planned her next birthday party.
c. The birthday party was a great success.
d. She had trouble remembering things.

We need compute L0, S1, L1.

This","['b', 'd', 'a', 'c']",4,UA_NI,"{'a': 18.625, 'b': 14.625, 'c': 15.8125, 'd': 13.375}","{'a': 0.922834575176239, 'b': 0.01690230518579483, 'c': 0.05542052164673805, 'd': 0.004842591471970081}",0.922834575176239,,,,,"We need answer user's structured multiple-choice task. Need produce final with exact format? They ask answer questions in order: 1 Literal Listener (L0): ... 2 Informative Speaker (S1): ... 3 Pragmatic Listener (L1): ... Final Answer: ... Need likely include letters. Need think.

Context: She left the birthday party feeling miserable.
Target utterance: She says: ""Truly a night to remember.""
Options:
a. The birthday party was a disappointment.
b. She planned her next birthday party.
c. The birthday party was a great success.
d. She had trouble remembering things.

We need compute L0, S1, L1.

This",,
C1_22_A_I,C1_22,146,1,ambiguous,ironic,d,"The wedding had been a dull, disappointing event from start to finish.",Qwen3.8-27B,Condition1B_context_richness_stimuli,rsa,"You will read short stories that describe everyday situations and end with a person saying something.

For each story, there are 4 possible interpretations (a,b,c,d).

Context: She left the wedding feeling sad.

Target utterance:
She says: """"What a magical day.""""

a. The wedding was a beautiful and enchanting occasion.
b. The magician wowed all the guests at the reception.
c. She helped organise the flowers for the wedding beforehand.
d. The wedding had been a dull, disappointing event from start to finish.

Answer the following questions in order:

1. Literal Listener (L0):
   How would a listener interpret the utterance literally?
   Answer with a letter from a–d.

2. Informative Speaker (S1):
   Which utterance would an informative speaker be most likely to choose, given the situations described in the answer options, assuming that a listener interprets it literally?
   Answer with a letter from a–d.

3. Pragmatic Listener (L1):
   How would a listener interpret this utterance, knowing that the speaker is informative and chooses the most appropriate utterance for the situation described in the answer options?
   Answer with a letter from a–d.

Final Answer:
  Answer with a letter from a–d.","We need answer user's structured multiple-choice task. Need produce final with exact format? User says Answer following questions in order:
1. Literal Listener (L0): ... Answer with a letter from a–d.
2. Informative Speaker (S1): ... Answer with a letter from a–d.
3. Pragmatic Listener (L1): ... Answer with a letter from a–d.
Final Answer:
  Answer with a letter from a–d.

Need choose single best? They ask answer questions in order and final answer. Need likely output lines. Need analyze.

Context: She left the wedding feeling sad.
Target utterance: She says: ""What a magical day.""
Options:","['a', 'c', 'd', 'b']",4,A_I,"{'a': 16.375, 'b': 14.6875, 'c': 15.1875, 'd': 16.75}","{'a': 0.3395636975765228, 'b': 0.06281296908855438, 'c': 0.10356107354164124, 'd': 0.49406224489212036}",0.49406224489212036,,,,a,"We need answer user's structured multiple-choice task. Need produce final with exact format? User says Answer following questions in order:
1. Literal Listener (L0): ... Answer with a letter from a–d.
2. Informative Speaker (S1): ... Answer with a letter from a–d.
3. Pragmatic Listener (L1): ... Answer with a letter from a–d.
Final Answer:
  Answer with a letter from a–d.

Need choose single best? They ask answer questions in order and final answer. Need likely output lines. Need analyze.

Context: She left the wedding feeling sad.
Target utterance: She says: ""What a magical day.""
Options:",a,a
C1_23_A_NI,C1_23,45,1,ambiguous,non-ironic,b,They had found the film dull from start to finish.,Qwen3.8-27B,Condition1B_context_richness_stimuli,rsa,"You will read short stories that describe everyday situations and end with a person saying something.

For each story, there are 4 possible interpretations (a,b,c,d).

Context: They left the cinema feeling sad.

Target utterance:
They say: """"What a painfull film.""""

a. They went to the same cinema as always.
b. They had found the film dull from start to finish.
c. They had found the film funny from start to finish.
d. The injection was over quickly, but it was painful.

Answer the following questions in order:

1. Literal Listener (L0):
   How would a listener interpret the utterance literally?
   Answer with a letter from a–d.

2. Informative Speaker (S1):
   Which utterance would an informative speaker be most likely to choose, given the situations described in the answer options, assuming that a listener interprets it literally?
   Answer with a letter from a–d.

3. Pragmatic Listener (L1):
   How would a listener interpret this utterance, knowing that the speaker is informative and chooses the most appropriate utterance for the situation described in the answer options?
   Answer with a letter from a–d.

Final Answer:
  Answer with a letter from a–d.","We need answer user's structured multiple-choice task. Need produce final with exact format? User says answer following questions in order: 1 Literal Listener (L0): ... 2 Informative Speaker (S1): ... 3 Pragmatic Listener (L1): ... Final Answer: ... Answer with letter from a-d. Need likely output lines. Need analyze.

Context: They left the cinema feeling sad.
Target utterance: They say: ""What a painfull film."" (typo painful)
Options:
a. They went to the same cinema as always.
b. They had found the film dull from start to finish.
c. They had found the film funny from start to finish.
d. The","['d', 'a', 'b', 'c']",4,A_NI,"{'a': 16.125, 'b': 18.25, 'c': 18.375, 'd': 17.875}","{'a': 0.04062524810433388, 'b': 0.3401510417461395, 'c': 0.3854416310787201, 'd': 0.23378217220306396}",0.3854416310787201,,,,,"We need answer user's structured multiple-choice task. Need produce final with exact format? User says answer following questions in order: 1 Literal Listener (L0): ... 2 Informative Speaker (S1): ... 3 Pragmatic Listener (L1): ... Final Answer: ... Answer with letter from a-d. Need likely output lines. Need analyze.

Context: They left the cinema feeling sad.
Target utterance: They say: ""What a painfull film."" (typo painful)
Options:
a. They went to the same cinema as always.
b. They had found the film dull from start to finish.
c. They had found the film funny from start to finish.
d. The",,
C1_24_UA_I,C1_24,169,1,unambiguous,ironic,b,The message brought negative news.,Qwen3.8-27B,Condition1B_context_richness_stimuli,rsa,"You will read short stories that describe everyday situations and end with a person saying something.

For each story, there are 4 possible interpretations (a,b,c,d).

Context: She received a message and was miserable.

Target utterance:
She says: """"These are amazing news.""""

a. What she read was news to her.
b. The message brought negative news.
c. She wanted to send a message.
d. The message brought good news.

Answer the following questions in order:

1. Literal Listener (L0):
   How would a listener interpret the utterance literally?
   Answer with a letter from a–d.

2. Informative Speaker (S1):
   Which utterance would an informative speaker be most likely to choose, given the situations described in the answer options, assuming that a listener interprets it literally?
   Answer with a letter from a–d.

3. Pragmatic Listener (L1):
   How would a listener interpret this utterance, knowing that the speaker is informative and chooses the most appropriate utterance for the situation described in the answer options?
   Answer with a letter from a–d.

Final Answer:
  Answer with a letter from a–d.","We need answer user's structured multiple-choice task. Need produce final with exact format? User says Answer questions in order: 1. Literal Listener (L0): ... 2. Informative Speaker (S1): ... 3. Pragmatic Listener (L1): ... Final Answer: ... Answer with letter from a-d. Need likely output lines. Need analyze.

Passage: Context: She received a message and was miserable. Target utterance: She says: """"These are amazing news."""" Options:
a. What she read was news to her.
b. The message brought negative news.
c. She wanted to send a message.
d. The message brought good news.

We need L0 literal interpretation","['c', 'b', 'd', 'a']",4,UA_I,"{'a': 15.6875, 'b': 18.25, 'c': 15.625, 'd': 18.875}","{'a': 0.02555231750011444, 'b': 0.33136752247810364, 'c': 0.02400418184697628, 'd': 0.6190760135650635}",0.6190760135650635,,,,,"We need answer user's structured multiple-choice task. Need produce final with exact format? User says Answer questions in order: 1. Literal Listener (L0): ... 2. Informative Speaker (S1): ... 3. Pragmatic Listener (L1): ... Final Answer: ... Answer with letter from a-d. Need likely output lines. Need analyze.

Passage: Context: She received a message and was miserable. Target utterance: She says: """"These are amazing news."""" Options:
a. What she read was news to her.
b. The message brought negative news.
c. She wanted to send a message.
d. The message brought good news.

We need L0 literal interpretation",,
C1_25_UA_NI,C1_25,92,1,unambiguous,non-ironic,b,Her exam answers were impressively smart.,Qwen3.8-27B,Condition1B_context_richness_stimuli,rsa,"You will read short stories that describe everyday situations and end with a person saying something.

For each story, there are 4 possible interpretations (a,b,c,d).

Context: Her answers in the exam were idiotic.

Target utterance:
She says: """"What a genius.""""

a. She had a high IQ.
b. Her exam answers were impressively smart.
c. Her exam answers were embarrassingly poor.
d. She studied for her next exam.

Answer the following questions in order:

1. Literal Listener (L0):
   How would a listener interpret the utterance literally?
   Answer with a letter from a–d.

2. Informative Speaker (S1):
   Which utterance would an informative speaker be most likely to choose, given the situations described in the answer options, assuming that a listener interprets it literally?
   Answer with a letter from a–d.

3. Pragmatic Listener (L1):
   How would a listener interpret this utterance, knowing that the speaker is informative and chooses the most appropriate utterance for the situation described in the answer options?
   Answer with a letter from a–d.

Final Answer:
  Answer with a letter from a–d.","We need answer user's structured multiple-choice task. Need produce final with exact format? User says Answer following questions in order: 1 Literal Listener (L0): ... 2 Informative Speaker (S1): ... 3 Pragmatic Listener (L1): ... Final Answer: ... Answer with a letter from a-d. Need likely output lines. Need analyze.

Context: Her answers in the exam were idiotic.
Target utterance: She says: ""What a genius.""
Options:
a. She had a high IQ.
b. Her exam answers were impressively smart.
c. Her exam answers were embarrassingly poor.
d. She studied for her next exam.

We need interpret. Literal:","['c', 'a', 'b', 'd']",4,UA_NI,"{'a': 15.25, 'b': 14.5625, 'c': 18.0, 'd': 14.3125}","{'a': 0.05702206492424011, 'b': 0.02867249771952629, 'c': 0.8919752240180969, 'd': 0.022330163046717644}",0.8919752240180969,,,,,"We need answer user's structured multiple-choice task. Need produce final with exact format? User says Answer following questions in order: 1 Literal Listener (L0): ... 2 Informative Speaker (S1): ... 3 Pragmatic Listener (L1): ... Final Answer: ... Answer with a letter from a-d. Need likely output lines. Need analyze.

Context: Her answers in the exam were idiotic.
Target utterance: She says: ""What a genius.""
Options:
a. She had a high IQ.
b. Her exam answers were impressively smart.
c. Her exam answers were embarrassingly poor.
d. She studied for her next exam.

We need interpret. Literal:",,
C1_26_A_I,C1_26,225,1,ambiguous,ironic,d,"As far as they were concerned, it was a poor suggestion.",Qwen3.8-27B,Condition1B_context_richness_stimuli,rsa,"You will read short stories that describe everyday situations and end with a person saying something.

For each story, there are 4 possible interpretations (a,b,c,d).

Context: Their colleague's suggestion was stupid.

Target utterance:
They said: """"We really had luck with that one.""""

a. They got lucky at the casino.
b. They thought that every project starts with a suggestion.
c. They were genuinely fortunate to have such a strong suggestion.
d. As far as they were concerned, it was a poor suggestion.

Answer the following questions in order:

1. Literal Listener (L0):
   How would a listener interpret the utterance literally?
   Answer with a letter from a–d.

2. Informative Speaker (S1):
   Which utterance would an informative speaker be most likely to choose, given the situations described in the answer options, assuming that a listener interprets it literally?
   Answer with a letter from a–d.

3. Pragmatic Listener (L1):
   How would a listener interpret this utterance, knowing that the speaker is informative and chooses the most appropriate utterance for the situation described in the answer options?
   Answer with a letter from a–d.

Final Answer:
  Answer with a letter from a–d.","We need answer user's structured multiple-choice task. Need produce final with exact format? User says answer questions in order: 1 Literal Listener (L0): ... 2 Informative Speaker (S1): ... 3 Pragmatic Listener (L1): ... Final Answer: ... Answer with letter. Need likely include labels? They say Carefully follow exact output format specified in instructions below — do not add extra commentary, headers, or formatting beyond what is requested. But user's prompt includes questions. We need output likely:
1. d
2. c?
3. d
Final Answer: d
Need reason.

Let's analyze. Context: Their colleague's suggestion was stupid.
Target utterance: They said:","['c', 'd', 'a', 'b']",4,A_I,"{'a': 13.8125, 'b': 12.5, 'c': 15.5625, 'd': 18.125}","{'a': 0.01224731095135212, 'b': 0.003296319395303726, 'c': 0.0704784169793129, 'd': 0.9139779806137085}",0.9139779806137085,,,,d,"We need answer user's structured multiple-choice task. Need produce final with exact format? User says answer questions in order: 1 Literal Listener (L0): ... 2 Informative Speaker (S1): ... 3 Pragmatic Listener (L1): ... Final Answer: ... Answer with letter. Need likely include labels? They say Carefully follow exact output format specified in instructions below — do not add extra commentary, headers, or formatting beyond what is requested. But user's prompt includes questions. We need output likely:
1. d
2. c?
3. d
Final Answer: d
Need reason.

Let's analyze. Context: Their colleague's suggestion was stupid.
Target utterance: They said:",d,b
C1_27_A_NI,C1_27,30,1,ambiguous,non-ironic,d,His argument was strong and well presented.,Qwen3.8-27B,Condition1B_context_richness_stimuli,rsa,"You will read short stories that describe everyday situations and end with a person saying something.

For each story, there are 4 possible interpretations (a,b,c,d).

Context: His argument in the debate was stupid.

Target utterance:
She says: """"What a master of rhetoric.""""

a. His argument was weak and poorly constructed.
b. Sokrates was a master of rhetoric.
c. She had an argument with him that night.
d. His argument was strong and well presented.

Answer the following questions in order:

1. Literal Listener (L0):
   How would a listener interpret the utterance literally?
   Answer with a letter from a–d.

2. Informative Speaker (S1):
   Which utterance would an informative speaker be most likely to choose, given the situations described in the answer options, assuming that a listener interprets it literally?
   Answer with a letter from a–d.

3. Pragmatic Listener (L1):
   How would a listener interpret this utterance, knowing that the speaker is informative and chooses the most appropriate utterance for the situation described in the answer options?
   Answer with a letter from a–d.

Final Answer:
  Answer with a letter from a–d.","We need answer user's structured multiple-choice task. Need produce final with exact format? User says answer questions in order: 1 Literal Listener (L0): ... Answer with letter. 2 Informative Speaker (S1): ... Answer with letter. 3 Pragmatic Listener (L1): ... Answer with letter. Final Answer: letter. Need likely include labels? They say do not add extra commentary, headers, or formatting beyond requested. But they explicitly ask answer following questions in order. We can output:
1. a
2. d
3. a
Final Answer: a
Need determine correct letters.

Passage: Context: His argument in the debate was stupid.
Target utterance: She says: ""","['b', 'c', 'd', 'a']",4,A_NI,"{'a': 18.875, 'b': 14.1875, 'c': 14.4375, 'd': 15.5}","{'a': 0.9476398825645447, 'b': 0.008727461099624634, 'c': 0.01120628323405981, 'd': 0.03242645412683487}",0.9476398825645447,,,,a,"We need answer user's structured multiple-choice task. Need produce final with exact format? User says answer questions in order: 1 Literal Listener (L0): ... Answer with letter. 2 Informative Speaker (S1): ... Answer with letter. 3 Pragmatic Listener (L1): ... Answer with letter. Final Answer: letter. Need likely include labels? They say do not add extra commentary, headers, or formatting beyond requested. But they explicitly ask answer following questions in order. We can output:
1. a
2. d
3. a
Final Answer: a
Need determine correct letters.

Passage: Context: His argument in the debate was stupid.
Target utterance: She says: """,a,b
C1_28_UA_I,C1_28,47,1,unambiguous,ironic,d,She believed that his business plan would fail.,Qwen3.8-27B,Condition1B_context_richness_stimuli,rsa,"You will read short stories that describe everyday situations and end with a person saying something.

For each story, there are 4 possible interpretations (a,b,c,d).

Context: His business plan was brilliant.

Target utterance:
She says: """"We will make lots of money with this.""""

a. She believed that his business plan would be successful.
b. He asked a colleague for help with his business plan.
c. She was interested in making lots of money.
d. She believed that his business plan would fail.

Answer the following questions in order:

1. Literal Listener (L0):
   How would a listener interpret the utterance literally?
   Answer with a letter from a–d.

2. Informative Speaker (S1):
   Which utterance would an informative speaker be most likely to choose, given the situations described in the answer options, assuming that a listener interprets it literally?
   Answer with a letter from a–d.

3. Pragmatic Listener (L1):
   How would a listener interpret this utterance, knowing that the speaker is informative and chooses the most appropriate utterance for the situation described in the answer options?
   Answer with a letter from a–d.

Final Answer:
  Answer with a letter from a–d.","We need answer user's structured task. Need produce final with exact format? User says Answer following questions in order: 1 Literal Listener (L0): ... Answer with letter. 2 Informative Speaker (S1): ... Answer with letter. 3 Pragmatic Listener (L1): ... Answer with letter. Final Answer: Answer with letter. Need likely output lines. Need choose best.

Passage: Context: His business plan was brilliant. Target utterance: She says: ""We will make lots of money with this.""
Options:
a. She believed that his business plan would be successful.
b. He asked a colleague for help with his business plan.
c. She was interested in making lots of money","['a', 'd', 'c', 'b']",4,UA_I,"{'a': 19.375, 'b': 13.5625, 'c': 14.3125, 'd': 14.125}","{'a': 0.98564213514328, 'b': 0.00294701661914587, 'c': 0.006238834001123905, 'd': 0.005172175355255604}",0.98564213514328,,,,a,"We need answer user's structured task. Need produce final with exact format? User says Answer following questions in order: 1 Literal Listener (L0): ... Answer with letter. 2 Informative Speaker (S1): ... Answer with letter. 3 Pragmatic Listener (L1): ... Answer with letter. Final Answer: Answer with letter. Need likely output lines. Need choose best.

Passage: Context: His business plan was brilliant. Target utterance: She says: ""We will make lots of money with this.""
Options:
a. She believed that his business plan would be successful.
b. He asked a colleague for help with his business plan.
c. She was interested in making lots of money",a,a
C1_29_UA_NI,C1_29,261,1,unambiguous,non-ironic,a,The restaurant visit was genuinely outstanding.,Qwen3.8-27B,Condition1B_context_richness_stimuli,rsa,"You will read short stories that describe everyday situations and end with a person saying something.

For each story, there are 4 possible interpretations (a,b,c,d).

Context: After the restaurant visit he was starving.

Target utterance:
He says: """"Best dinner ever.""""

a. The restaurant visit was genuinely outstanding.
b. The restaurant visit was a real disappointment.
c. He looked forward to this restaurant visit for weeks.
d. It was the best-reviewed dinner spot in the whole city.

Answer the following questions in order:

1. Literal Listener (L0):
   How would a listener interpret the utterance literally?
   Answer with a letter from a–d.

2. Informative Speaker (S1):
   Which utterance would an informative speaker be most likely to choose, given the situations described in the answer options, assuming that a listener interprets it literally?
   Answer with a letter from a–d.

3. Pragmatic Listener (L1):
   How would a listener interpret this utterance, knowing that the speaker is informative and chooses the most appropriate utterance for the situation described in the answer options?
   Answer with a letter from a–d.

Final Answer:
  Answer with a letter from a–d.","We need answer user's structured multiple-choice task. Need produce final with exact format? User says Answer following questions in order: 1 Literal Listener (L0): ... 2 Informative Speaker (S1): ... 3 Pragmatic Listener (L1): ... Final Answer: ... Answer with a letter from a-d. Need likely output lines. Need analyze.

Passage: Context: After the restaurant visit he was starving.
Target utterance: He says: ""Best dinner ever.""
Options:
a. The restaurant visit was genuinely outstanding.
b. The restaurant visit was a real disappointment.
c. He looked forward to this restaurant visit for weeks.
d. It was the best-reviewed dinner spot in the","['a', 'b', 'd', 'c']",4,UA_NI,"{'a': 14.875, 'b': 16.625, 'c': 14.375, 'd': 12.8125}","{'a': 0.13354219496250153, 'b': 0.7684822678565979, 'c': 0.08099742978811264, 'd': 0.016977986320853233}",0.7684822678565979,,,,,"We need answer user's structured multiple-choice task. Need produce final with exact format? User says Answer following questions in order: 1 Literal Listener (L0): ... 2 Informative Speaker (S1): ... 3 Pragmatic Listener (L1): ... Final Answer: ... Answer with a letter from a-d. Need likely output lines. Need analyze.

Passage: Context: After the restaurant visit he was starving.
Target utterance: He says: ""Best dinner ever.""
Options:
a. The restaurant visit was genuinely outstanding.
b. The restaurant visit was a real disappointment.
c. He looked forward to this restaurant visit for weeks.
d. It was the best-reviewed dinner spot in the",,
C1_30_A_I,C1_30,139,1,ambiguous,ironic,d,There had been very little worth eating at the buffet.,Qwen3.8-27B,Condition1B_context_richness_stimuli,rsa,"You will read short stories that describe everyday situations and end with a person saying something.

For each story, there are 4 possible interpretations (a,b,c,d).

Context: He left the buffet feeling hungry.

Target utterance:
He says: """"Truly a feast for the senses."" ""

a. Diners often have a buffet.
b. The buffet was a rich.
c. The feast was celebrated every year in their village.
d. There had been very little worth eating at the buffet.

Answer the following questions in order:

1. Literal Listener (L0):
   How would a listener interpret the utterance literally?
   Answer with a letter from a–d.

2. Informative Speaker (S1):
   Which utterance would an informative speaker be most likely to choose, given the situations described in the answer options, assuming that a listener interprets it literally?
   Answer with a letter from a–d.

3. Pragmatic Listener (L1):
   How would a listener interpret this utterance, knowing that the speaker is informative and chooses the most appropriate utterance for the situation described in the answer options?
   Answer with a letter from a–d.

Final Answer:
  Answer with a letter from a–d.","We need answer user's structured multiple-choice task. Need produce final with exact format? They ask answer questions in order: 1 Literal Listener (L0): ... 2 Informative Speaker (S1): ... 3 Pragmatic Listener (L1): ... Final Answer: ... Need likely output letters. Need analyze.

Context: He left the buffet feeling hungry.
Target utterance: He says: ""Truly a feast for the senses.""
Options:
a. Diners often have a buffet.
b. The buffet was a rich. (probably typo: rich? maybe ""The buffet was a rich [feast?]""? But option b says The buffet was a rich. Maybe intended ""The buffet was rich","['d', 'a', 'c', 'b']",4,A_I,"{'a': 17.75, 'b': 18.125, 'c': 17.625, 'd': 19.625}","{'a': 0.1014372929930687, 'b': 0.14759038388729095, 'c': 0.08951809257268906, 'd': 0.6614542007446289}",0.6614542007446289,,,,,"We need answer user's structured multiple-choice task. Need produce final with exact format? They ask answer questions in order: 1 Literal Listener (L0): ... 2 Informative Speaker (S1): ... 3 Pragmatic Listener (L1): ... Final Answer: ... Need likely output letters. Need analyze.

Context: He left the buffet feeling hungry.
Target utterance: He says: ""Truly a feast for the senses.""
Options:
a. Diners often have a buffet.
b. The buffet was a rich. (probably typo: rich? maybe ""The buffet was a rich [feast?]""? But option b says The buffet was a rich. Maybe intended ""The buffet was rich",,
C1_31_A_NI,C1_31,260,1,ambiguous,non-ironic,b,The picnic was nourishing and genuinely enjoyable.,Qwen3.8-27B,Condition1B_context_richness_stimuli,rsa,"You will read short stories that describe everyday situations and end with a person saying something.

For each story, there are 4 possible interpretations (a,b,c,d).

Context: They left the picnic feeling hungry.

Target utterance:
They say: """"Food for the soul.""""

a. They spent the morning preparing sandwiches for the picnic.
b. The picnic was nourishing and genuinely enjoyable.
c. There was barely anything to eat; they left unsatisfied.
d. She always kept her soul music collection in good order.

Answer the following questions in order:

1. Literal Listener (L0):
   How would a listener interpret the utterance literally?
   Answer with a letter from a–d.

2. Informative Speaker (S1):
   Which utterance would an informative speaker be most likely to choose, given the situations described in the answer options, assuming that a listener interprets it literally?
   Answer with a letter from a–d.

3. Pragmatic Listener (L1):
   How would a listener interpret this utterance, knowing that the speaker is informative and chooses the most appropriate utterance for the situation described in the answer options?
   Answer with a letter from a–d.

Final Answer:
  Answer with a letter from a–d.","We need answer user's structured multiple-choice task. Need produce final with exact format? User says answer questions in order: 1 Literal Listener (L0): ... 2 Informative Speaker (S1): ... 3 Pragmatic Listener (L1): ... Final Answer: ... Answer with letter from a-d. Need likely output lines. Need analyze.

Context: They left the picnic feeling hungry.
Target utterance: They say: ""Food for the soul.""
Options:
a. They spent the morning preparing sandwiches for the picnic.
b. The picnic was nourishing and genuinely enjoyable.
c. There was barely anything to eat; they left unsatisfied.
d. She always kept her soul music collection in","['d', 'a', 'b', 'c']",4,A_NI,"{'a': 15.8125, 'b': 12.25, 'c': 18.25, 'd': 12.75}","{'a': 0.07987518608570099, 'b': 0.0022658847738057375, 'c': 0.9141231179237366, 'd': 0.0037358123809099197}",0.9141231179237366,,,,,"We need answer user's structured multiple-choice task. Need produce final with exact format? User says answer questions in order: 1 Literal Listener (L0): ... 2 Informative Speaker (S1): ... 3 Pragmatic Listener (L1): ... Final Answer: ... Answer with letter from a-d. Need likely output lines. Need analyze.

Context: They left the picnic feeling hungry.
Target utterance: They say: ""Food for the soul.""
Options:
a. They spent the morning preparing sandwiches for the picnic.
b. The picnic was nourishing and genuinely enjoyable.
c. There was barely anything to eat; they left unsatisfied.
d. She always kept her soul music collection in",,
C1_32_UA_I,C1_32,228,1,unambiguous,ironic,a,The waiter had forgotten to fill his plate and he did not eat anything.,Qwen3.8-27B,Condition1B_context_richness_stimuli,rsa,"You will read short stories that describe everyday situations and end with a person saying something.

For each story, there are 4 possible interpretations (a,b,c,d).

Context: He looked at the empty plate in front of him and was starving.

Target utterance:
He says: """"No way I could eat more."" ""

a. The waiter had forgotten to fill his plate and he did not eat anything.
b. He went to a stylish pottery to buy a special plate.
c. His plate had been full with food and he ate it all up.
d. He prefers to eat his lunch alone.

Answer the following questions in order:

1. Literal Listener (L0):
   How would a listener interpret the utterance literally?
   Answer with a letter from a–d.

2. Informative Speaker (S1):
   Which utterance would an informative speaker be most likely to choose, given the situations described in the answer options, assuming that a listener interprets it literally?
   Answer with a letter from a–d.

3. Pragmatic Listener (L1):
   How would a listener interpret this utterance, knowing that the speaker is informative and chooses the most appropriate utterance for the situation described in the answer options?
   Answer with a letter from a–d.

Final Answer:
  Answer with a letter from a–d.","We need answer user's structured multiple-choice task. Need produce final with exact format? User says answer questions in order:
1. Literal Listener (L0): ... Answer with a letter from a–d.
2. Informative Speaker (S1): ... Answer with a letter from a–d.
3. Pragmatic Listener (L1): ... Answer with a letter from a–d.
Final Answer:
  Answer with a letter from a–d.

Need choose single best? They ask answer following questions in order and final answer. Need likely output lines. Need analyze.

Context: He looked at the empty plate in front of him and was starving.
Target utterance: He says: """"No","['b', 'd', 'a', 'c']",4,UA_I,"{'a': 18.0, 'b': 15.4375, 'c': 18.5, 'd': 14.1875}","{'a': 0.36391085386276245, 'b': 0.028061794117093086, 'c': 0.5999875664710999, 'd': 0.008039837703108788}",0.5999875664710999,,,,a,"We need answer user's structured multiple-choice task. Need produce final with exact format? User says answer questions in order:
1. Literal Listener (L0): ... Answer with a letter from a–d.
2. Informative Speaker (S1): ... Answer with a letter from a–d.
3. Pragmatic Listener (L1): ... Answer with a letter from a–d.
Final Answer:
  Answer with a letter from a–d.

Need choose single best? They ask answer following questions in order and final answer. Need likely output lines. Need analyze.

Context: He looked at the empty plate in front of him and was starving.
Target utterance: He says: """"No",a,b
C1_33_UA_NI,C1_33,24,1,unambiguous,non-ironic,d,The library was a calm and quiet environment.,Qwen3.8-27B,Condition1B_context_richness_stimuli,rsa,"You will read short stories that describe everyday situations and end with a person saying something.

For each story, there are 4 possible interpretations (a,b,c,d).

Context: She walked into the library and it was inaudible.

Target utterance:
She says: """"Perfect place to concentrate.""""

a. She asked her colleague for a place to concentrate.
b. She looked for a new book in the library.
c. The library was far too noisy to concentrate.
d. The library was a calm and quiet environment.

Answer the following questions in order:

1. Literal Listener (L0):
   How would a listener interpret the utterance literally?
   Answer with a letter from a–d.

2. Informative Speaker (S1):
   Which utterance would an informative speaker be most likely to choose, given the situations described in the answer options, assuming that a listener interprets it literally?
   Answer with a letter from a–d.

3. Pragmatic Listener (L1):
   How would a listener interpret this utterance, knowing that the speaker is informative and chooses the most appropriate utterance for the situation described in the answer options?
   Answer with a letter from a–d.

Final Answer:
  Answer with a letter from a–d.","We need answer user's structured multiple-choice task. Need produce final with exact format? They ask answer questions in order: 1 Literal Listener (L0): ... 2 Informative Speaker (S1): ... 3 Pragmatic Listener (L1): ... Final Answer: ... Need likely output letters. Need analyze.

Passage: Context: She walked into the library and it was inaudible.
Target utterance: She says: """"Perfect place to concentrate.""""
Options:
a. She asked her colleague for a place to concentrate.
b. She looked for a new book in the library.
c. The library was far too noisy to concentrate.
d. The library was a calm and quiet environment.","['c', 'd', 'b', 'a']",4,UA_NI,"{'a': 17.625, 'b': 11.9375, 'c': 13.625, 'd': 16.75}","{'a': 0.6951367855072021, 'b': 0.0023551599588245153, 'c': 0.012731874361634254, 'd': 0.28977611660957336}",0.6951367855072021,,,,,"We need answer user's structured multiple-choice task. Need produce final with exact format? They ask answer questions in order: 1 Literal Listener (L0): ... 2 Informative Speaker (S1): ... 3 Pragmatic Listener (L1): ... Final Answer: ... Need likely output letters. Need analyze.

Passage: Context: She walked into the library and it was inaudible.
Target utterance: She says: """"Perfect place to concentrate.""""
Options:
a. She asked her colleague for a place to concentrate.
b. She looked for a new book in the library.
c. The library was far too noisy to concentrate.
d. The library was a calm and quiet environment.",,
C1_34_A_I,C1_34,25,1,ambiguous,ironic,d,The concert was pretty loud.,Qwen3.8-27B,Condition1B_context_richness_stimuli,rsa,"You will read short stories that describe everyday situations and end with a person saying something.

For each story, there are 4 possible interpretations (a,b,c,d).

Context: We came back from a concert which was quiet.

Target utterance:
I say: """"I've almost gone deaf.""""

a. The concert was surprisingly quiet.
b. I was looking forward to the next concert.
c. My grandfather is deaf.
d. The concert was pretty loud.

Answer the following questions in order:

1. Literal Listener (L0):
   How would a listener interpret the utterance literally?
   Answer with a letter from a–d.

2. Informative Speaker (S1):
   Which utterance would an informative speaker be most likely to choose, given the situations described in the answer options, assuming that a listener interprets it literally?
   Answer with a letter from a–d.

3. Pragmatic Listener (L1):
   How would a listener interpret this utterance, knowing that the speaker is informative and chooses the most appropriate utterance for the situation described in the answer options?
   Answer with a letter from a–d.

Final Answer:
  Answer with a letter from a–d.","We need answer user's structured multiple-choice task. Need produce final with exact format? They ask answer questions in order: 1 Literal Listener (L0): ... 2 Informative Speaker (S1): ... 3 Pragmatic Listener (L1): ... Final Answer: ... Need likely output letters. Need analyze.

Passage: Context: We came back from a concert which was quiet.
Target utterance: I say: ""I've almost gone deaf.""
Options:
a. The concert was surprisingly quiet.
b. I was looking forward to the next concert.
c. My grandfather is deaf.
d. The concert was pretty loud.

We need interpret via levels.

L0 literal: ""","['a', 'd', 'c', 'b']",4,A_I,"{'a': 18.375, 'b': 15.25, 'c': 14.9375, 'd': 17.375}","{'a': 0.6925392746925354, 'b': 0.030428051948547363, 'c': 0.022261640056967735, 'd': 0.254770964384079}",0.6925392746925354,,,,,"We need answer user's structured multiple-choice task. Need produce final with exact format? They ask answer questions in order: 1 Literal Listener (L0): ... 2 Informative Speaker (S1): ... 3 Pragmatic Listener (L1): ... Final Answer: ... Need likely output letters. Need analyze.

Passage: Context: We came back from a concert which was quiet.
Target utterance: I say: ""I've almost gone deaf.""
Options:
a. The concert was surprisingly quiet.
b. I was looking forward to the next concert.
c. My grandfather is deaf.
d. The concert was pretty loud.

We need interpret via levels.

L0 literal: """,,
C1_35_A_NI,C1_35,31,1,ambiguous,non-ironic,a,The movie was too quiet to hear.,Qwen3.8-27B,Condition1B_context_richness_stimuli,rsa,"You will read short stories that describe everyday situations and end with a person saying something.

For each story, there are 4 possible interpretations (a,b,c,d).

Context:  She watched a movie in the theater and found it quiet.

Target utterance:
She says: """"It was so difficult to hear.""""

a. The movie was too quiet to hear.
b. The movie was very loud.
c. She generally has difficulties with her hearing.
d. Watching a movie in the theater is a real event.

Answer the following questions in order:

1. Literal Listener (L0):
   How would a listener interpret the utterance literally?
   Answer with a letter from a–d.

2. Informative Speaker (S1):
   Which utterance would an informative speaker be most likely to choose, given the situations described in the answer options, assuming that a listener interprets it literally?
   Answer with a letter from a–d.

3. Pragmatic Listener (L1):
   How would a listener interpret this utterance, knowing that the speaker is informative and chooses the most appropriate utterance for the situation described in the answer options?
   Answer with a letter from a–d.

Final Answer:
  Answer with a letter from a–d.","We need answer user's structured multiple-choice task. Need produce final with exact format? User says Answer following questions in order: 1. Literal Listener (L0): ... 2. Informative Speaker (S1): ... 3. Pragmatic Listener (L1): ... Final Answer: ... Answer with a letter from a-d. Need likely output lines. Need analyze.

Passage: She watched a movie in the theater and found it quiet.
Target utterance: She says: ""It was so difficult to hear.""
Options:
a. The movie was too quiet to hear.
b. The movie was very loud.
c. She generally has difficulties with her hearing.
d. Watching a movie in","['a', 'b', 'c', 'd']",4,A_NI,"{'a': 18.625, 'b': 17.625, 'c': 17.125, 'd': 16.75}","{'a': 0.5732746124267578, 'b': 0.21089595556259155, 'c': 0.12791486084461212, 'd': 0.08791451156139374}",0.5732746124267578,,,,,"We need answer user's structured multiple-choice task. Need produce final with exact format? User says Answer following questions in order: 1. Literal Listener (L0): ... 2. Informative Speaker (S1): ... 3. Pragmatic Listener (L1): ... Final Answer: ... Answer with a letter from a-d. Need likely output lines. Need analyze.

Passage: She watched a movie in the theater and found it quiet.
Target utterance: She says: ""It was so difficult to hear.""
Options:
a. The movie was too quiet to hear.
b. The movie was very loud.
c. She generally has difficulties with her hearing.
d. Watching a movie in",,
C1_36_UA_I,C1_36,29,1,unambiguous,ironic,d,He would expected to hear louder music from his neighbours' party.,Qwen3.8-27B,Condition1B_context_richness_stimuli,rsa,"You will read short stories that describe everyday situations and end with a person saying something.

For each story, there are 4 possible interpretations (a,b,c,d).

Context: His neighbours' music was inaudible.

Target utterance:
He says: """"It seems like they are having a great party.""""

a. He likes talking about pop music.
b. He thinks that his neighbours' are having a great party with music.
c. He is still unsure which party to vote for in the upcoming elections.
d. He would expected to hear louder music from his neighbours' party.

Answer the following questions in order:

1. Literal Listener (L0):
   How would a listener interpret the utterance literally?
   Answer with a letter from a–d.

2. Informative Speaker (S1):
   Which utterance would an informative speaker be most likely to choose, given the situations described in the answer options, assuming that a listener interprets it literally?
   Answer with a letter from a–d.

3. Pragmatic Listener (L1):
   How would a listener interpret this utterance, knowing that the speaker is informative and chooses the most appropriate utterance for the situation described in the answer options?
   Answer with a letter from a–d.

Final Answer:
  Answer with a letter from a–d.","We need answer user's structured multiple-choice task. Need produce final with exact format? User says Answer following questions in order: 1 Literal Listener (L0): ... Answer with letter. 2 Informative Speaker (S1): ... Answer with letter. 3 Pragmatic Listener (L1): ... Answer with letter. Final Answer: Answer with letter. Need likely output lines. Need analyze.

Passage: Context: His neighbours' music was inaudible.
Target utterance: He says: ""It seems like they are having a great party.""
Options:
a. He likes talking about pop music.
b. He thinks that his neighbours' are having a great party with music.
c. He is","['d', 'a', 'c', 'b']",4,UA_I,"{'a': 15.6875, 'b': 18.625, 'c': 16.0, 'd': 18.5}","{'a': 0.02639431320130825, 'b': 0.4980241358280182, 'c': 0.03607675060629845, 'd': 0.4395047426223755}",0.4980241358280182,,,,a,"We need answer user's structured multiple-choice task. Need produce final with exact format? User says Answer following questions in order: 1 Literal Listener (L0): ... Answer with letter. 2 Informative Speaker (S1): ... Answer with letter. 3 Pragmatic Listener (L1): ... Answer with letter. Final Answer: Answer with letter. Need likely output lines. Need analyze.

Passage: Context: His neighbours' music was inaudible.
Target utterance: He says: ""It seems like they are having a great party.""
Options:
a. He likes talking about pop music.
b. He thinks that his neighbours' are having a great party with music.
c. He is",a,d
C1_37_UA_NI,C1_37,53,1,unambiguous,non-ironic,a,The questions required thorough preparation to answer.,Qwen3.8-27B,Condition1B_context_richness_stimuli,rsa,"You will read short stories that describe everyday situations and end with a person saying something.

For each story, there are 4 possible interpretations (a,b,c,d).

Context: She prepared impossible questions for the students.

Target utterance:
She says: """"I hope they're prepared for this.""""

a. The questions required thorough preparation to answer.
b. She posted the question on the class forum.
c. She had never felt so well prepared for a meeting.
d. The questions were straightforward and required little effort.

Answer the following questions in order:

1. Literal Listener (L0):
   How would a listener interpret the utterance literally?
   Answer with a letter from a–d.

2. Informative Speaker (S1):
   Which utterance would an informative speaker be most likely to choose, given the situations described in the answer options, assuming that a listener interprets it literally?
   Answer with a letter from a–d.

3. Pragmatic Listener (L1):
   How would a listener interpret this utterance, knowing that the speaker is informative and chooses the most appropriate utterance for the situation described in the answer options?
   Answer with a letter from a–d.

Final Answer:
  Answer with a letter from a–d.","We need answer user's structured multiple-choice task. Need produce final with exact format? User says Answer following questions in order: 1 Literal Listener (L0): ... Answer with letter. 2 Informative Speaker (S1): ... Answer with letter. 3 Pragmatic Listener (L1): ... Answer with letter. Final Answer: Answer with letter. Need likely output lines. Need analyze.

Context: She prepared impossible questions for the students.
Target utterance: She says: ""I hope they're prepared for this.""
Options:
a. The questions required thorough preparation to answer.
b. She posted the question on the class forum.
c. She had never felt so well prepared for a meeting.
","['a', 'd', 'c', 'b']",4,UA_NI,"{'a': 19.0, 'b': 14.125, 'c': 15.625, 'd': 16.375}","{'a': 0.8974300622940063, 'b': 0.006851963233202696, 'c': 0.030708367004990578, 'd': 0.06500961631536484}",0.8974300622940063,,,,a,"We need answer user's structured multiple-choice task. Need produce final with exact format? User says Answer following questions in order: 1 Literal Listener (L0): ... Answer with letter. 2 Informative Speaker (S1): ... Answer with letter. 3 Pragmatic Listener (L1): ... Answer with letter. Final Answer: Answer with letter. Need likely output lines. Need analyze.

Context: She prepared impossible questions for the students.
Target utterance: She says: ""I hope they're prepared for this.""
Options:
a. The questions required thorough preparation to answer.
b. She posted the question on the class forum.
c. She had never felt so well prepared for a meeting.",a,a
C1_38_A_I,C1_38,172,1,ambiguous,ironic,a,Booking the appointment was frustrating and difficult.,Qwen3.8-27B,Condition1B_context_richness_stimuli,rsa,"You will read short stories that describe everyday situations and end with a person saying something.

For each story, there are 4 possible interpretations (a,b,c,d).

Context: He booked an appointment through a system which was difficult to use.

Target utterance:
He says:  """"That was about as easy as it gets.""""

a. Booking the appointment was frustrating and difficult.
b. He decided to cancel the appointment.
c. Booking the appointment was straightforward and effortless.
d. He always found parallel parking easy as it gets.

Answer the following questions in order:

1. Literal Listener (L0):
   How would a listener interpret the utterance literally?
   Answer with a letter from a–d.

2. Informative Speaker (S1):
   Which utterance would an informative speaker be most likely to choose, given the situations described in the answer options, assuming that a listener interprets it literally?
   Answer with a letter from a–d.

3. Pragmatic Listener (L1):
   How would a listener interpret this utterance, knowing that the speaker is informative and chooses the most appropriate utterance for the situation described in the answer options?
   Answer with a letter from a–d.

Final Answer:
  Answer with a letter from a–d.","We need answer user's structured multiple-choice task. Need produce final with exact format? User says answer questions in order: 1. Literal Listener (L0): ... 2. Informative Speaker (S1): ... 3. Pragmatic Listener (L1): ... Final Answer: ... Answer with letter from a-d. Need likely output lines. Need analyze.

Context: He booked an appointment through a system which was difficult to use.
Target utterance: He says: ""That was about as easy as it gets.""
Options:
a. Booking the appointment was frustrating and difficult.
b. He decided to cancel the appointment.
c. Booking the appointment was straightforward and effortless.
d. He always found","['b', 'd', 'a', 'c']",4,A_I,"{'a': 18.625, 'b': 14.4375, 'c': 18.0, 'd': 16.25}","{'a': 0.6084723472595215, 'b': 0.009239164181053638, 'c': 0.3256917893886566, 'd': 0.056596748530864716}",0.6084723472595215,,,,,"We need answer user's structured multiple-choice task. Need produce final with exact format? User says answer questions in order: 1. Literal Listener (L0): ... 2. Informative Speaker (S1): ... 3. Pragmatic Listener (L1): ... Final Answer: ... Answer with letter from a-d. Need likely output lines. Need analyze.

Context: He booked an appointment through a system which was difficult to use.
Target utterance: He says: ""That was about as easy as it gets.""
Options:
a. Booking the appointment was frustrating and difficult.
b. He decided to cancel the appointment.
c. Booking the appointment was straightforward and effortless.
d. He always found",,
C1_39_A_NI,C1_39,233,1,ambiguous,non-ironic,a,Completing the task was a genuine sign of intelligence.,Qwen3.8-27B,Condition1B_context_richness_stimuli,rsa,"You will read short stories that describe everyday situations and end with a person saying something.

For each story, there are 4 possible interpretations (a,b,c,d).

Context: They finished a difficult task for their maths lesson.

Target utterance:
They say: """"We must be very smart.""""

a. Completing the task was a genuine sign of intelligence.
b. Anyone could have done the task, no special abilities required.
c. They were always smart about managing their money.
d. They were given another task after the math lesson.

Answer the following questions in order:

1. Literal Listener (L0):
   How would a listener interpret the utterance literally?
   Answer with a letter from a–d.

2. Informative Speaker (S1):
   Which utterance would an informative speaker be most likely to choose, given the situations described in the answer options, assuming that a listener interprets it literally?
   Answer with a letter from a–d.

3. Pragmatic Listener (L1):
   How would a listener interpret this utterance, knowing that the speaker is informative and chooses the most appropriate utterance for the situation described in the answer options?
   Answer with a letter from a–d.

Final Answer:
  Answer with a letter from a–d.","We need answer user's structured multiple-choice task. Need produce final with exact format? User says Answer following questions in order: 1. Literal Listener (L0): ... 2. Informative Speaker (S1): ... 3. Pragmatic Listener (L1): ... Final Answer: ... Answer with a letter from a-d. Need likely output lines? Need choose single best? Let's analyze.

Context: They finished a difficult task for their maths lesson.
Target utterance: They say: ""We must be very smart.""
Options:
a. Completing the task was a genuine sign of intelligence.
b. Anyone could have done the task, no special abilities required.
c. They were always smart","['a', 'b', 'c', 'd']",4,A_NI,"{'a': 16.625, 'b': 18.5, 'c': 15.5625, 'd': 15.8125}","{'a': 0.12033466249704361, 'b': 0.7846805453300476, 'c': 0.04158654436469078, 'd': 0.05339818075299263}",0.7846805453300476,,,,,"We need answer user's structured multiple-choice task. Need produce final with exact format? User says Answer following questions in order: 1. Literal Listener (L0): ... 2. Informative Speaker (S1): ... 3. Pragmatic Listener (L1): ... Final Answer: ... Answer with a letter from a-d. Need likely output lines? Need choose single best? Let's analyze.

Context: They finished a difficult task for their maths lesson.
Target utterance: They say: ""We must be very smart.""
Options:
a. Completing the task was a genuine sign of intelligence.
b. Anyone could have done the task, no special abilities required.
c. They were always smart",,
C1_40_UA_I,C1_40,144,1,unambiguous,ironic,d,Making the payment was complicated and painful.,Qwen3.8-27B,Condition1B_context_richness_stimuli,rsa,"You will read short stories that describe everyday situations and end with a person saying something.

For each story, there are 4 possible interpretations (a,b,c,d).

Context: He made a payment through a website which was impossible to use.

Target utterance:
He says:  """"Technology at its finest.""""

a. Making the payment was a smooth and effortless experience.
b. He decided to cancel the payment altogether.
c. He always thought the finest restaurants required a reservation.
d. Making the payment was complicated and painful.

Answer the following questions in order:

1. Literal Listener (L0):
   How would a listener interpret the utterance literally?
   Answer with a letter from a–d.

2. Informative Speaker (S1):
   Which utterance would an informative speaker be most likely to choose, given the situations described in the answer options, assuming that a listener interprets it literally?
   Answer with a letter from a–d.

3. Pragmatic Listener (L1):
   How would a listener interpret this utterance, knowing that the speaker is informative and chooses the most appropriate utterance for the situation described in the answer options?
   Answer with a letter from a–d.

Final Answer:
  Answer with a letter from a–d.","We need answer user's structured multiple-choice task. Need produce final with exact format? They ask answer questions in order: 1 Literal Listener (L0): ... 2 Informative Speaker (S1): ... 3 Pragmatic Listener (L1): ... Final Answer: ... Need likely include letters. Need analyze.

Context: He made a payment through a website which was impossible to use.
Target utterance: He says: ""Technology at its finest.""
Options:
a. Making the payment was a smooth and effortless experience.
b. He decided to cancel the payment altogether.
c. He always thought the finest restaurants required a reservation.
d. Making the payment was complicated and painful.

This is sarc","['a', 'd', 'c', 'b']",4,UA_I,"{'a': 16.375, 'b': 14.25, 'c': 14.125, 'd': 19.25}","{'a': 0.052769735455513, 'b': 0.0063024465925991535, 'c': 0.005561889614909887, 'd': 0.9353659749031067}",0.9353659749031067,,,,,"We need answer user's structured multiple-choice task. Need produce final with exact format? They ask answer questions in order: 1 Literal Listener (L0): ... 2 Informative Speaker (S1): ... 3 Pragmatic Listener (L1): ... Final Answer: ... Need likely include letters. Need analyze.

Context: He made a payment through a website which was impossible to use.
Target utterance: He says: ""Technology at its finest.""
Options:
a. Making the payment was a smooth and effortless experience.
b. He decided to cancel the payment altogether.
c. He always thought the finest restaurants required a reservation.
d. Making the payment was complicated and painful.

This is sarc",,
C1_41_UA_NI,C1_41,147,1,unambiguous,non-ironic,c,Her kitchen was tidy.,Qwen3.8-27B,Condition1B_context_richness_stimuli,rsa,"You will read short stories that describe everyday situations and end with a person saying something.

For each story, there are 4 possible interpretations (a,b,c,d).

Context: She finished cooking and the kitchen was pristine.

Target utterance:
She says: """"I'm the sort of person who likes to keep things tidy.""""

a. Children should regularly tidy up their rooms.
b. Her kitchen was a mess.
c. Her kitchen was tidy.
d. The apartment came with a fully equipped kitchen.

Answer the following questions in order:

1. Literal Listener (L0):
   How would a listener interpret the utterance literally?
   Answer with a letter from a–d.

2. Informative Speaker (S1):
   Which utterance would an informative speaker be most likely to choose, given the situations described in the answer options, assuming that a listener interprets it literally?
   Answer with a letter from a–d.

3. Pragmatic Listener (L1):
   How would a listener interpret this utterance, knowing that the speaker is informative and chooses the most appropriate utterance for the situation described in the answer options?
   Answer with a letter from a–d.

Final Answer:
  Answer with a letter from a–d.","We need answer user's structured multiple-choice task. Need produce final with exact format? User says Answer questions in order: 1. Literal Listener (L0): ... 2. Informative Speaker (S1): ... 3. Pragmatic Listener (L1): ... Final Answer: ... Answer with a letter from a-d. Need likely output lines. Need analyze.

Passage: Context: She finished cooking and the kitchen was pristine.
Target utterance: She says: ""I'm the sort of person who likes to keep things tidy.""
Options:
a. Children should regularly tidy up their rooms.
b. Her kitchen was a mess.
c. Her kitchen was tidy.
d. The apartment came","['c', 'b', 'a', 'd']",4,UA_NI,"{'a': 14.8125, 'b': 12.8125, 'c': 19.0, 'd': 13.875}","{'a': 0.014840123243629932, 'b': 0.0020083922427147627, 'c': 0.9773399829864502, 'd': 0.005811476148664951}",0.9773399829864502,,,,,"We need answer user's structured multiple-choice task. Need produce final with exact format? User says Answer questions in order: 1. Literal Listener (L0): ... 2. Informative Speaker (S1): ... 3. Pragmatic Listener (L1): ... Final Answer: ... Answer with a letter from a-d. Need likely output lines. Need analyze.

Passage: Context: She finished cooking and the kitchen was pristine.
Target utterance: She says: ""I'm the sort of person who likes to keep things tidy.""
Options:
a. Children should regularly tidy up their rooms.
b. Her kitchen was a mess.
c. Her kitchen was tidy.
d. The apartment came",,
C1_42_A_I,C1_42,55,1,ambiguous,ironic,a,The room was left in a terrible state for far too long.,Qwen3.8-27B,Condition1B_context_richness_stimuli,rsa,"You will read short stories that describe everyday situations and end with a person saying something.

For each story, there are 4 possible interpretations (a,b,c,d).

Context: They walked into the room and found it clean.

Target utterance:
They said: ""“Looks like you didn’t wait too long to clean it.”""

a. The room was left in a terrible state for far too long.
b. They never had to wait long for a table.
c. The room was tidied up well before it got too messy.
d. They decided to book a different room altogether.

Answer the following questions in order:

1. Literal Listener (L0):
   How would a listener interpret the utterance literally?
   Answer with a letter from a–d.

2. Informative Speaker (S1):
   Which utterance would an informative speaker be most likely to choose, given the situations described in the answer options, assuming that a listener interprets it literally?
   Answer with a letter from a–d.

3. Pragmatic Listener (L1):
   How would a listener interpret this utterance, knowing that the speaker is informative and chooses the most appropriate utterance for the situation described in the answer options?
   Answer with a letter from a–d.

Final Answer:
  Answer with a letter from a–d.","We need answer user's structured multiple-choice task. Need produce final with exact format? User says Answer questions in order: 1. Literal Listener (L0): ... 2. Informative Speaker (S1): ... 3. Pragmatic Listener (L1): ... Final Answer: ... Answer with a letter from a-d. Need likely output lines. Need analyze.

Passage: Context: They walked into the room and found it clean.
Target utterance: They said: ""“Looks like you didn’t wait too long to clean it.”""
Options:
a. The room was left in a terrible state for far too long.
b. They never had to wait long for a table.
c.","['b', 'c', 'a', 'd']",4,A_I,"{'a': 15.9375, 'b': 14.25, 'c': 19.125, 'd': 13.4375}","{'a': 0.03922361135482788, 'b': 0.007255638483911753, 'c': 0.9503011107444763, 'd': 0.0032196701504290104}",0.9503011107444763,,,,,"We need answer user's structured multiple-choice task. Need produce final with exact format? User says Answer questions in order: 1. Literal Listener (L0): ... 2. Informative Speaker (S1): ... 3. Pragmatic Listener (L1): ... Final Answer: ... Answer with a letter from a-d. Need likely output lines. Need analyze.

Passage: Context: They walked into the room and found it clean.
Target utterance: They said: ""“Looks like you didn’t wait too long to clean it.”""
Options:
a. The room was left in a terrible state for far too long.
b. They never had to wait long for a table.
c.",,
C1_43_A_NI,C1_43,67,1,ambiguous,non-ironic,b,The street was genuinely pleasant.,Qwen3.8-27B,Condition1B_context_richness_stimuli,rsa,"You will read short stories that describe everyday situations and end with a person saying something.

For each story, there are 4 possible interpretations (a,b,c,d).

Context: The street was clean.

Target utterance:
They say:  """"Such a beautiful walk.""""

a. A dog was barking on the street.
b. The street was genuinely pleasant.
c. They went for a walk in the park.
d. The street was far from pretty.

Answer the following questions in order:

1. Literal Listener (L0):
   How would a listener interpret the utterance literally?
   Answer with a letter from a–d.

2. Informative Speaker (S1):
   Which utterance would an informative speaker be most likely to choose, given the situations described in the answer options, assuming that a listener interprets it literally?
   Answer with a letter from a–d.

3. Pragmatic Listener (L1):
   How would a listener interpret this utterance, knowing that the speaker is informative and chooses the most appropriate utterance for the situation described in the answer options?
   Answer with a letter from a–d.

Final Answer:
  Answer with a letter from a–d.","We need answer user's structured multiple-choice task. Need produce final with exact format? User says Answer following questions in order: 1. Literal Listener (L0): ... 2. Informative Speaker (S1): ... 3. Pragmatic Listener (L1): ... Final Answer: ... Answer with a letter from a-d. Need likely output lines? Need choose single best? Let's analyze.

Passage/context: ""The street was clean."" Target utterance: They say: """"Such a beautiful walk."""" Options:
a. A dog was barking on the street.
b. The street was genuinely pleasant.
c. They went for a walk in the park.
d. The street was far from","['d', 'a', 'c', 'b']",4,A_NI,"{'a': 14.6875, 'b': 17.75, 'c': 15.75, 'd': 17.0}","{'a': 0.02826920710504055, 'b': 0.6044222712516785, 'c': 0.08179965615272522, 'd': 0.2855088710784912}",0.6044222712516785,,,,,"We need answer user's structured multiple-choice task. Need produce final with exact format? User says Answer following questions in order: 1. Literal Listener (L0): ... 2. Informative Speaker (S1): ... 3. Pragmatic Listener (L1): ... Final Answer: ... Answer with a letter from a-d. Need likely output lines? Need choose single best? Let's analyze.

Passage/context: ""The street was clean."" Target utterance: They say: """"Such a beautiful walk."""" Options:
a. A dog was barking on the street.
b. The street was genuinely pleasant.
c. They went for a walk in the park.
d. The street was far from",,
C1_44_UA_I,C1_44,83,1,unambiguous,ironic,c,The floor was very dirty.,Qwen3.8-27B,Condition1B_context_richness_stimuli,rsa,"You will read short stories that describe everyday situations and end with a person saying something.

For each story, there are 4 possible interpretations (a,b,c,d).

Context: The floor was pristine.

Target utterance:
She says: """"You could practically eat off the floor here.""""

a. The floor was very clean.
b. The dance floor was very empty.
c. The floor was very dirty.
d. She could eat a whole cake.

Answer the following questions in order:

1. Literal Listener (L0):
   How would a listener interpret the utterance literally?
   Answer with a letter from a–d.

2. Informative Speaker (S1):
   Which utterance would an informative speaker be most likely to choose, given the situations described in the answer options, assuming that a listener interprets it literally?
   Answer with a letter from a–d.

3. Pragmatic Listener (L1):
   How would a listener interpret this utterance, knowing that the speaker is informative and chooses the most appropriate utterance for the situation described in the answer options?
   Answer with a letter from a–d.

Final Answer:
  Answer with a letter from a–d.","We need answer user's structured multiple-choice task. Need produce final with exact format? They ask answer questions in order: 1. Literal Listener (L0): ... 2. Informative Speaker (S1): ... 3. Pragmatic Listener (L1): ... Final Answer: ... Need likely output lines. Need choose single best answer? They say for each story 4 interpretations. Need answer following questions in order. Need maybe only letters? Let's analyze.

Context: The floor was pristine.
Target utterance: She says: ""You could practically eat off the floor here.""
Options:
a. The floor was very clean.
b. The dance floor was very empty.
c. The floor was","['a', 'd', 'b', 'c']",4,UA_I,"{'a': 19.5, 'b': 14.3125, 'c': 15.0625, 'd': 16.375}","{'a': 0.9421977400779724, 'b': 0.005263073835521936, 'c': 0.011141926981508732, 'd': 0.04139728099107742}",0.9421977400779724,,,,,"We need answer user's structured multiple-choice task. Need produce final with exact format? They ask answer questions in order: 1. Literal Listener (L0): ... 2. Informative Speaker (S1): ... 3. Pragmatic Listener (L1): ... Final Answer: ... Need likely output lines. Need choose single best answer? They say for each story 4 interpretations. Need answer following questions in order. Need maybe only letters? Let's analyze.

Context: The floor was pristine.
Target utterance: She says: ""You could practically eat off the floor here.""
Options:
a. The floor was very clean.
b. The dance floor was very empty.
c. The floor was",,
C1_45_UA_NI,C1_45,40,1,unambiguous,non-ironic,c,The movie was funny and great.,Qwen3.8-27B,Condition1B_context_richness_stimuli,rsa,"You will read short stories that describe everyday situations and end with a person saying something.

For each story, there are 4 possible interpretations (a,b,c,d).

Context: They watched a grim movie.

Target utterance:
They say: """"That was the perfect movie for a laugh.""""

a. They had such a perfect night.
b. They saw three movies that week.
c. The movie was funny and great.
d. The movie wasn't amusing.

Answer the following questions in order:

1. Literal Listener (L0):
   How would a listener interpret the utterance literally?
   Answer with a letter from a–d.

2. Informative Speaker (S1):
   Which utterance would an informative speaker be most likely to choose, given the situations described in the answer options, assuming that a listener interprets it literally?
   Answer with a letter from a–d.

3. Pragmatic Listener (L1):
   How would a listener interpret this utterance, knowing that the speaker is informative and chooses the most appropriate utterance for the situation described in the answer options?
   Answer with a letter from a–d.

Final Answer:
  Answer with a letter from a–d.","We need answer user's structured multiple-choice task. Need produce final with exact format? User says Answer following questions in order: 1 Literal Listener (L0): ... 2 Informative Speaker (S1): ... 3 Pragmatic Listener (L1): ... Final Answer: ... Answer with letter from a-d. Need likely output lines. Need analyze.

Context: They watched a grim movie.
Target utterance: They say: ""That was the perfect movie for a laugh.""
Options:
a. They had such a perfect night.
b. They saw three movies that week.
c. The movie was funny and great.
d. The movie wasn't amusing.

We need interpret. This is likely","['c', 'd', 'a', 'b']",4,UA_NI,"{'a': 16.5, 'b': 14.6875, 'c': 15.625, 'd': 19.5}","{'a': 0.04615601897239685, 'b': 0.0075347633101046085, 'c': 0.019240692257881165, 'd': 0.9270684719085693}",0.9270684719085693,,,,,"We need answer user's structured multiple-choice task. Need produce final with exact format? User says Answer following questions in order: 1 Literal Listener (L0): ... 2 Informative Speaker (S1): ... 3 Pragmatic Listener (L1): ... Final Answer: ... Answer with letter from a-d. Need likely output lines. Need analyze.

Context: They watched a grim movie.
Target utterance: They say: ""That was the perfect movie for a laugh.""
Options:
a. They had such a perfect night.
b. They saw three movies that week.
c. The movie was funny and great.
d. The movie wasn't amusing.

We need interpret. This is likely",,
C1_46_A_I,C1_46,159,1,ambiguous,ironic,a,The musical was purely for laughs.,Qwen3.8-27B,Condition1B_context_richness_stimuli,rsa,"You will read short stories that describe everyday situations and end with a person saying something.

For each story, there are 4 possible interpretations (a,b,c,d).

Context: The musical she watched was really serious.

Target utterance:
She says: """"That cracked me up.""""

a. The musical was purely for laughs.
b. The musical left her deeply moved.
c. She answered some questions about the musical.
d. The joke cracked everyone up.

Answer the following questions in order:

1. Literal Listener (L0):
   How would a listener interpret the utterance literally?
   Answer with a letter from a–d.

2. Informative Speaker (S1):
   Which utterance would an informative speaker be most likely to choose, given the situations described in the answer options, assuming that a listener interprets it literally?
   Answer with a letter from a–d.

3. Pragmatic Listener (L1):
   How would a listener interpret this utterance, knowing that the speaker is informative and chooses the most appropriate utterance for the situation described in the answer options?
   Answer with a letter from a–d.

Final Answer:
  Answer with a letter from a–d.","We need answer user's structured multiple-choice task. Need produce final with exact format? They ask answer questions in order: 1 Literal Listener (L0): ... 2 Informative Speaker (S1): ... 3 Pragmatic Listener (L1): ... Final Answer: ... Need likely output letters. Need analyze.

Passage/context: The musical she watched was really serious.
Target utterance: She says: ""That cracked me up.""
Options:
a. The musical was purely for laughs.
b. The musical left her deeply moved.
c. She answered some questions about the musical.
d. The joke cracked everyone up.

We need interpret. ""That cracked me up"" idiom means made","['b', 'a', 'd', 'c']",4,A_I,"{'a': 18.25, 'b': 19.375, 'c': 16.5, 'd': 17.125}","{'a': 0.21840530633926392, 'b': 0.6727356910705566, 'c': 0.037953149527311325, 'd': 0.07090581953525543}",0.6727356910705566,,,,,"We need answer user's structured multiple-choice task. Need produce final with exact format? They ask answer questions in order: 1 Literal Listener (L0): ... 2 Informative Speaker (S1): ... 3 Pragmatic Listener (L1): ... Final Answer: ... Need likely output letters. Need analyze.

Passage/context: The musical she watched was really serious.
Target utterance: She says: ""That cracked me up.""
Options:
a. The musical was purely for laughs.
b. The musical left her deeply moved.
c. She answered some questions about the musical.
d. The joke cracked everyone up.

We need interpret. ""That cracked me up"" idiom means made",,
C1_47_A_NI,C1_47,3,1,ambiguous,non-ironic,a,The situation was genuinely amusing.,Qwen3.8-27B,Condition1B_context_richness_stimuli,rsa,"You will read short stories that describe everyday situations and end with a person saying something.

For each story, there are 4 possible interpretations (a,b,c,d).

Context: The situation was serious.

Target utterance:
She says: """"Truly something to laugh about.""""

a. The situation was genuinely amusing.
b. She always found it hard to laugh about things.
c. The situation was far too serious.
d. She tried to make the best of the situation.

Answer the following questions in order:

1. Literal Listener (L0):
   How would a listener interpret the utterance literally?
   Answer with a letter from a–d.

2. Informative Speaker (S1):
   Which utterance would an informative speaker be most likely to choose, given the situations described in the answer options, assuming that a listener interprets it literally?
   Answer with a letter from a–d.

3. Pragmatic Listener (L1):
   How would a listener interpret this utterance, knowing that the speaker is informative and chooses the most appropriate utterance for the situation described in the answer options?
   Answer with a letter from a–d.

Final Answer:
  Answer with a letter from a–d.","We need answer user's structured multiple-choice task. Need produce final with exact format? User says Answer following questions in order: 1 Literal Listener (L0): ... 2 Informative Speaker (S1): ... 3 Pragmatic Listener (L1): ... Final Answer: ... Need likely output lines. Need choose single best answer? They ask answer questions in order and final answer. Need maybe include all. Let's analyze.

Passage: Context: The situation was serious.
Target utterance: She says: """"Truly something to laugh about.""""
Options:
a. The situation was genuinely amusing.
b. She always found it hard to laugh about things.
c. The situation was far too serious.","['a', 'c', 'b', 'd']",4,A_NI,"{'a': 15.875, 'b': 12.125, 'c': 18.375, 'd': 15.0}","{'a': 0.07340595126152039, 'b': 0.0017263424815610051, 'c': 0.8942675590515137, 'd': 0.030600152909755707}",0.8942675590515137,,,,,"We need answer user's structured multiple-choice task. Need produce final with exact format? User says Answer following questions in order: 1 Literal Listener (L0): ... 2 Informative Speaker (S1): ... 3 Pragmatic Listener (L1): ... Final Answer: ... Need likely output lines. Need choose single best answer? They ask answer questions in order and final answer. Need maybe include all. Let's analyze.

Passage: Context: The situation was serious.
Target utterance: She says: """"Truly something to laugh about.""""
Options:
a. The situation was genuinely amusing.
b. She always found it hard to laugh about things.
c. The situation was far too serious.",,
C1_48_UA_I,C1_48,208,1,unambiguous,ironic,c,The talk contained no humour.,Qwen3.8-27B,Condition1B_context_richness_stimuli,rsa,"You will read short stories that describe everyday situations and end with a person saying something.

For each story, there are 4 possible interpretations (a,b,c,d).

Context: His talk was grim. 

Target utterance:
Hey says: """"Wow, so many jokes in one talk.""""

a. He decided to cancel the talk.
b. He was a fan of old jokes.
c. The talk contained no humour.
d. The talk contained humour.

Answer the following questions in order:

1. Literal Listener (L0):
   How would a listener interpret the utterance literally?
   Answer with a letter from a–d.

2. Informative Speaker (S1):
   Which utterance would an informative speaker be most likely to choose, given the situations described in the answer options, assuming that a listener interprets it literally?
   Answer with a letter from a–d.

3. Pragmatic Listener (L1):
   How would a listener interpret this utterance, knowing that the speaker is informative and chooses the most appropriate utterance for the situation described in the answer options?
   Answer with a letter from a–d.

Final Answer:
  Answer with a letter from a–d.","We need answer user's structured multiple-choice task. Need produce final with exact format? They ask answer questions in order:
1. Literal Listener (L0): ... Answer with a letter from a–d.
2. Informative Speaker (S1): ... Answer with a letter from a–d.
3. Pragmatic Listener (L1): ... Answer with a letter from a–d.
Final Answer:
  Answer with a letter from a–d.

Need choose single best? They want all. Need analyze.

Context: His talk was grim.
Target utterance: Hey says: ""Wow, so many jokes in one talk.""
Options:
a. He decided to cancel the talk.","['d', 'c', 'b', 'a']",4,UA_I,"{'a': 16.125, 'b': 16.375, 'c': 19.125, 'd': 16.5}","{'a': 0.041973501443862915, 'b': 0.05389504134654999, 'c': 0.843060314655304, 'd': 0.061071086674928665}",0.843060314655304,,,,a,"We need answer user's structured multiple-choice task. Need produce final with exact format? They ask answer questions in order:
1. Literal Listener (L0): ... Answer with a letter from a–d.
2. Informative Speaker (S1): ... Answer with a letter from a–d.
3. Pragmatic Listener (L1): ... Answer with a letter from a–d.
Final Answer:
  Answer with a letter from a–d.

Need choose single best? They want all. Need analyze.

Context: His talk was grim.
Target utterance: Hey says: ""Wow, so many jokes in one talk.""
Options:
a. He decided to cancel the talk.",a,d
C1_49_UA_NI,C1_49,229,1,unambiguous,non-ironic,a,The airport experience was enjoyable.,Qwen3.8-27B,Condition1B_context_richness_stimuli,rsa,"You will read short stories that describe everyday situations and end with a person saying something.

For each story, there are 4 possible interpretations (a,b,c,d).

Context: He had a terrible experience at the airport.

Target utterance:
He says: """"A complete nightmare, really.""""

a. The airport experience was enjoyable.
b. He came back from his trip exhausted.
c. He decided to book a different airport transfer.
d. The airport experience was thoroughly unpleasant.

Answer the following questions in order:

1. Literal Listener (L0):
   How would a listener interpret the utterance literally?
   Answer with a letter from a–d.

2. Informative Speaker (S1):
   Which utterance would an informative speaker be most likely to choose, given the situations described in the answer options, assuming that a listener interprets it literally?
   Answer with a letter from a–d.

3. Pragmatic Listener (L1):
   How would a listener interpret this utterance, knowing that the speaker is informative and chooses the most appropriate utterance for the situation described in the answer options?
   Answer with a letter from a–d.

Final Answer:
  Answer with a letter from a–d.","We need answer user's structured multiple-choice task. Need produce final with exact format? User says Answer questions in order: 1. Literal Listener (L0): ... 2. Informative Speaker (S1): ... 3. Pragmatic Listener (L1): ... Final Answer: ... Answer with letter from a-d. Need likely output lines. Need analyze.

Context: He had a terrible experience at the airport.
Target utterance: He says: ""A complete nightmare, really.""
Options:
a. The airport experience was enjoyable.
b. He came back from his trip exhausted.
c. He decided to book a different airport transfer.
d. The airport experience was thoroughly unpleasant.

Questions:","['a', 'c', 'd', 'b']",4,UA_NI,"{'a': 17.375, 'b': 14.875, 'c': 15.5, 'd': 17.625}","{'a': 0.39690959453582764, 'b': 0.03258032351732254, 'c': 0.06086805835366249, 'd': 0.5096420049667358}",0.5096420049667358,,,,,"We need answer user's structured multiple-choice task. Need produce final with exact format? User says Answer questions in order: 1. Literal Listener (L0): ... 2. Informative Speaker (S1): ... 3. Pragmatic Listener (L1): ... Final Answer: ... Answer with letter from a-d. Need likely output lines. Need analyze.

Context: He had a terrible experience at the airport.
Target utterance: He says: ""A complete nightmare, really.""
Options:
a. The airport experience was enjoyable.
b. He came back from his trip exhausted.
c. He decided to book a different airport transfer.
d. The airport experience was thoroughly unpleasant.

Questions:",,
C1_50_A_I,C1_50,254,1,ambiguous,ironic,d,The exam results were deeply disappointing.,Qwen3.8-27B,Condition1B_context_richness_stimuli,rsa,"You will read short stories that describe everyday situations and end with a person saying something.

For each story, there are 4 possible interpretations (a,b,c,d).

Context: He studied hard for the exam, and the results were bad.

Target utterance:
He says: """"Well, this is amazing.""""

a. He always found art museums amazing.
b. He had one more exam this week.
c. The exam results were impressive
d. The exam results were deeply disappointing.

Answer the following questions in order:

1. Literal Listener (L0):
   How would a listener interpret the utterance literally?
   Answer with a letter from a–d.

2. Informative Speaker (S1):
   Which utterance would an informative speaker be most likely to choose, given the situations described in the answer options, assuming that a listener interprets it literally?
   Answer with a letter from a–d.

3. Pragmatic Listener (L1):
   How would a listener interpret this utterance, knowing that the speaker is informative and chooses the most appropriate utterance for the situation described in the answer options?
   Answer with a letter from a–d.

Final Answer:
  Answer with a letter from a–d.","We need answer user's structured multiple-choice task. Need produce final with exact format? User says Answer following questions in order: 1 Literal Listener (L0): ... Answer with letter. 2 Informative Speaker (S1): ... Answer with letter. 3 Pragmatic Listener (L1): ... Answer with letter. Final Answer: Answer with letter. Need likely output lines. Need think.

Passage: He studied hard for exam, results bad. Target: He says: ""Well, this is amazing."" Options:
a. He always found art museums amazing.
b. He had one more exam this week.
c. The exam results were impressive
d. The exam results were deeply disappointing.

We need","['c', 'd', 'a', 'b']",4,A_I,"{'a': 17.5, 'b': 14.6875, 'c': 17.0, 'd': 18.25}","{'a': 0.26429957151412964, 'b': 0.015872424468398094, 'c': 0.16030579805374146, 'd': 0.5595222115516663}",0.5595222115516663,,,,a,"We need answer user's structured multiple-choice task. Need produce final with exact format? User says Answer following questions in order: 1 Literal Listener (L0): ... Answer with letter. 2 Informative Speaker (S1): ... Answer with letter. 3 Pragmatic Listener (L1): ... Answer with letter. Final Answer: Answer with letter. Need likely output lines. Need think.

Passage: He studied hard for exam, results bad. Target: He says: ""Well, this is amazing."" Options:
a. He always found art museums amazing.
b. He had one more exam this week.
c. The exam results were impressive
d. The exam results were deeply disappointing.

We need",a,c
C1_51_A_NI,C1_51,129,1,ambiguous,non-ironic,b,They found the play dull.,Qwen3.8-27B,Condition1B_context_richness_stimuli,rsa,"You will read short stories that describe everyday situations and end with a person saying something.

For each story, there are 4 possible interpretations (a,b,c,d).

Context: They left the play feeling bad.

Target utterance:
They said:  """"That wasn't fun at all.""""

a. They found the play entertaining.
b. They found the play dull.
c. They liked to watch a play in their favorite theatre.
d. They had fun eating together.

Answer the following questions in order:

1. Literal Listener (L0):
   How would a listener interpret the utterance literally?
   Answer with a letter from a–d.

2. Informative Speaker (S1):
   Which utterance would an informative speaker be most likely to choose, given the situations described in the answer options, assuming that a listener interprets it literally?
   Answer with a letter from a–d.

3. Pragmatic Listener (L1):
   How would a listener interpret this utterance, knowing that the speaker is informative and chooses the most appropriate utterance for the situation described in the answer options?
   Answer with a letter from a–d.

Final Answer:
  Answer with a letter from a–d.","We need answer user's structured multiple-choice task. Need produce final with exact format? User says Answer following questions in order: 1. Literal Listener (L0): ... Answer with letter. 2. Informative Speaker (S1): ... Answer with letter. 3. Pragmatic Listener (L1): ... Answer with letter. Final Answer: Answer with letter. Need likely output lines. Need analyze.

Context: They left the play feeling bad.
Target utterance: They said: ""That wasn't fun at all.""
Options:
a. They found the play entertaining.
b. They found the play dull.
c. They liked to watch a play in their favorite theatre.
d. They had","['b', 'a', 'd', 'c']",4,A_NI,"{'a': 15.5, 'b': 19.625, 'c': 14.5625, 'd': 15.625}","{'a': 0.015529744327068329, 'b': 0.960791289806366, 'c': 0.0060815354809165, 'd': 0.017597505822777748}",0.960791289806366,,,,a,"We need answer user's structured multiple-choice task. Need produce final with exact format? User says Answer following questions in order: 1. Literal Listener (L0): ... Answer with letter. 2. Informative Speaker (S1): ... Answer with letter. 3. Pragmatic Listener (L1): ... Answer with letter. Final Answer: Answer with letter. Need likely output lines. Need analyze.

Context: They left the play feeling bad.
Target utterance: They said: ""That wasn't fun at all.""
Options:
a. They found the play entertaining.
b. They found the play dull.
c. They liked to watch a play in their favorite theatre.
d. They had",a,b
C1_52_UA_I,C1_52,114,1,unambiguous,ironic,b,She found the whole meal disappointing.,Qwen3.8-27B,Condition1B_context_richness_stimuli,rsa,"You will read short stories that describe everyday situations and end with a person saying something.

For each story, there are 4 possible interpretations (a,b,c,d).

Context: She had a terrible meal at a restaurant.

Target utterance:
She says: """"That was a great restaurant visit.""""

a. She wanted to try the meal for months.
b. She found the whole meal disappointing.
c. The rmeal was a genuinely enjoyable experience.
d. She always enjoyed a restaurant visit before a big day out.

Answer the following questions in order:

1. Literal Listener (L0):
   How would a listener interpret the utterance literally?
   Answer with a letter from a–d.

2. Informative Speaker (S1):
   Which utterance would an informative speaker be most likely to choose, given the situations described in the answer options, assuming that a listener interprets it literally?
   Answer with a letter from a–d.

3. Pragmatic Listener (L1):
   How would a listener interpret this utterance, knowing that the speaker is informative and chooses the most appropriate utterance for the situation described in the answer options?
   Answer with a letter from a–d.

Final Answer:
  Answer with a letter from a–d.","We need answer user's structured multiple-choice task. Need produce final with exact format? User says answer following questions in order: 1 Literal Listener (L0): ... 2 Informative Speaker (S1): ... 3 Pragmatic Listener (L1): ... Final Answer: ... Answer with letter from a-d. Need likely output lines. Need analyze.

Context: She had a terrible meal at a restaurant.
Target utterance: She says: ""That was a great restaurant visit.""
Options:
a. She wanted to try the meal for months.
b. She found the whole meal disappointing.
c. The meal was a genuinely enjoyable experience.
d. She always enjoyed a restaurant visit before a big day","['d', 'b', 'a', 'c']",4,UA_I,"{'a': 16.375, 'b': 16.75, 'c': 15.25, 'd': 14.1875}","{'a': 0.345800518989563, 'b': 0.5031367540359497, 'c': 0.11226499080657959, 'd': 0.03879773989319801}",0.5031367540359497,,,,,"We need answer user's structured multiple-choice task. Need produce final with exact format? User says answer following questions in order: 1 Literal Listener (L0): ... 2 Informative Speaker (S1): ... 3 Pragmatic Listener (L1): ... Final Answer: ... Answer with letter from a-d. Need likely output lines. Need analyze.

Context: She had a terrible meal at a restaurant.
Target utterance: She says: ""That was a great restaurant visit.""
Options:
a. She wanted to try the meal for months.
b. She found the whole meal disappointing.
c. The meal was a genuinely enjoyable experience.
d. She always enjoyed a restaurant visit before a big day",,
C1_53_UA_NI,C1_53,140,1,unambiguous,non-ironic,a,The ground was moist and muddy after the rain.,Qwen3.8-27B,Condition1B_context_richness_stimuli,rsa,"You will read short stories that describe everyday situations and end with a person saying something.

For each story, there are 4 possible interpretations (a,b,c,d).

Context: After the weather changed, the ground became parched.

Target utterance:
She says: """"Perfect conditions for a picnic..""""

a. The ground was moist and muddy after the rain.
b. She knelt in the mud to look closely at the earth.
c. The ground was uneven where she stood.
d. The ground was dried out.

Answer the following questions in order:

1. Literal Listener (L0):
   How would a listener interpret the utterance literally?
   Answer with a letter from a–d.

2. Informative Speaker (S1):
   Which utterance would an informative speaker be most likely to choose, given the situations described in the answer options, assuming that a listener interprets it literally?
   Answer with a letter from a–d.

3. Pragmatic Listener (L1):
   How would a listener interpret this utterance, knowing that the speaker is informative and chooses the most appropriate utterance for the situation described in the answer options?
   Answer with a letter from a–d.

Final Answer:
  Answer with a letter from a–d.","We need answer user's structured multiple-choice task. Need produce final with exact format? User says Answer questions in order: 1. Literal Listener (L0): ... 2. Informative Speaker (S1): ... 3. Pragmatic Listener (L1): ... Final Answer: ... Answer with a letter from a-d. Need likely output lines. Need analyze.

Passage: Context: After the weather changed, the ground became parched.
Target utterance: She says: ""Perfect conditions for a picnic..""
Options:
a. The ground was moist and muddy after the rain.
b. She knelt in the mud to look closely at the earth.
c. The ground was uneven where she stood","['a', 'c', 'd', 'b']",4,UA_NI,"{'a': 15.5625, 'b': 15.1875, 'c': 16.25, 'd': 19.375}","{'a': 0.020433401688933372, 'b': 0.01404365710914135, 'c': 0.04063666984438896, 'd': 0.9248863458633423}",0.9248863458633423,,,,,"We need answer user's structured multiple-choice task. Need produce final with exact format? User says Answer questions in order: 1. Literal Listener (L0): ... 2. Informative Speaker (S1): ... 3. Pragmatic Listener (L1): ... Final Answer: ... Answer with a letter from a-d. Need likely output lines. Need analyze.

Passage: Context: After the weather changed, the ground became parched.
Target utterance: She says: ""Perfect conditions for a picnic..""
Options:
a. The ground was moist and muddy after the rain.
b. She knelt in the mud to look closely at the earth.
c. The ground was uneven where she stood",,
C1_54_A_I,C1_54,123,1,ambiguous,ironic,a,The garden was just watered and needed to dry out.,Qwen3.8-27B,Condition1B_context_richness_stimuli,rsa,"You will read short stories that describe everyday situations and end with a person saying something.

For each story, there are 4 possible interpretations (a,b,c,d).

Context: The garden was dry in the morning.

Target utterance:
They said: """"That’s enough water for the day.""""

a. The garden was just watered and needed to dry out.
b. They wanted a new water feature.
c. The garden was struggling without any water.
d. They played some boardgames in the garden.

Answer the following questions in order:

1. Literal Listener (L0):
   How would a listener interpret the utterance literally?
   Answer with a letter from a–d.

2. Informative Speaker (S1):
   Which utterance would an informative speaker be most likely to choose, given the situations described in the answer options, assuming that a listener interprets it literally?
   Answer with a letter from a–d.

3. Pragmatic Listener (L1):
   How would a listener interpret this utterance, knowing that the speaker is informative and chooses the most appropriate utterance for the situation described in the answer options?
   Answer with a letter from a–d.

Final Answer:
  Answer with a letter from a–d.","We need answer user's structured multiple-choice task. Need produce final with exact format? They ask answer questions in order: 1 Literal Listener (L0): ... 2 Informative Speaker (S1): ... 3 Pragmatic Listener (L1): ... Final Answer: ... Need likely output letters. Need analyze.

Passage/context: The garden was dry in the morning.
Target utterance: They said: ""That’s enough water for the day.""
Options:
a. The garden was just watered and needed to dry out.
b. They wanted a new water feature.
c. The garden was struggling without any water.
d. They played some boardgames in the garden.

We need interpret","['b', 'c', 'a', 'd']",4,A_I,"{'a': 18.375, 'b': 15.375, 'c': 17.0, 'd': 15.6875}","{'a': 0.729566216468811, 'b': 0.03632296249270439, 'c': 0.184463232755661, 'd': 0.049647603183984756}",0.729566216468811,,,,,"We need answer user's structured multiple-choice task. Need produce final with exact format? They ask answer questions in order: 1 Literal Listener (L0): ... 2 Informative Speaker (S1): ... 3 Pragmatic Listener (L1): ... Final Answer: ... Need likely output letters. Need analyze.

Passage/context: The garden was dry in the morning.
Target utterance: They said: ""That’s enough water for the day.""
Options:
a. The garden was just watered and needed to dry out.
b. They wanted a new water feature.
c. The garden was struggling without any water.
d. They played some boardgames in the garden.

We need interpret",,
C1_55_A_NI,C1_55,100,1,ambiguous,non-ironic,a,The plants had been getting plenty of moisture to grow.,Qwen3.8-27B,Condition1B_context_richness_stimuli,rsa,"You will read short stories that describe everyday situations and end with a person saying something.

For each story, there are 4 possible interpretations (a,b,c,d).

Context: The field was dry.

Target utterance:
He says: """"Terrible news for anything trying to grow..""""

a. The plants had been getting plenty of moisture to grow.
b. He had been reading about different farming techniques.
c. The plants had been wilting due to lack of water.
d. He was considering buying a new tractor.

Answer the following questions in order:

1. Literal Listener (L0):
   How would a listener interpret the utterance literally?
   Answer with a letter from a–d.

2. Informative Speaker (S1):
   Which utterance would an informative speaker be most likely to choose, given the situations described in the answer options, assuming that a listener interprets it literally?
   Answer with a letter from a–d.

3. Pragmatic Listener (L1):
   How would a listener interpret this utterance, knowing that the speaker is informative and chooses the most appropriate utterance for the situation described in the answer options?
   Answer with a letter from a–d.

Final Answer:
  Answer with a letter from a–d.","We need answer user's structured multiple-choice. Need produce final with exact format? User says Answer following questions in order: 1 Literal Listener (L0): ... 2 Informative Speaker (S1): ... 3 Pragmatic Listener (L1): ... Final Answer: ... Answer with letter from a-d. Need likely output lines. Need analyze.

Passage: Context: The field was dry.
Target utterance: He says: """"Terrible news for anything trying to grow..""""
Options:
a. The plants had been getting plenty of moisture to grow.
b. He had been reading about different farming techniques.
c. The plants had been wilting due to lack of water.
d. He","['a', 'c', 'b', 'd']",4,A_NI,"{'a': 16.25, 'b': 14.1875, 'c': 20.0, 'd': 15.75}","{'a': 0.022596444934606552, 'b': 0.002872815588489175, 'c': 0.9608252644538879, 'd': 0.013705436140298843}",0.9608252644538879,,,,,"We need answer user's structured multiple-choice. Need produce final with exact format? User says Answer following questions in order: 1 Literal Listener (L0): ... 2 Informative Speaker (S1): ... 3 Pragmatic Listener (L1): ... Final Answer: ... Answer with letter from a-d. Need likely output lines. Need analyze.

Passage: Context: The field was dry.
Target utterance: He says: """"Terrible news for anything trying to grow..""""
Options:
a. The plants had been getting plenty of moisture to grow.
b. He had been reading about different farming techniques.
c. The plants had been wilting due to lack of water.
d. He",,
C1_56_UA_I,C1_56,158,1,unambiguous,ironic,a,Her hair was completely dry.,Qwen3.8-27B,Condition1B_context_richness_stimuli,rsa,"You will read short stories that describe everyday situations and end with a person saying something.

For each story, there are 4 possible interpretations (a,b,c,d).

Context: She saw her parched hair.

Target utterance:
She said: """"The rain really caught me by surprise.""""

a. Her hair was completely dry.
b. She had her hair cut short last week.
c. They organised a surprise party for him.
d. Her hair was soaking wet.

Answer the following questions in order:

1. Literal Listener (L0):
   How would a listener interpret the utterance literally?
   Answer with a letter from a–d.

2. Informative Speaker (S1):
   Which utterance would an informative speaker be most likely to choose, given the situations described in the answer options, assuming that a listener interprets it literally?
   Answer with a letter from a–d.

3. Pragmatic Listener (L1):
   How would a listener interpret this utterance, knowing that the speaker is informative and chooses the most appropriate utterance for the situation described in the answer options?
   Answer with a letter from a–d.

Final Answer:
  Answer with a letter from a–d.","We need answer user's structured multiple-choice task. Need produce final with exact format? They ask answer questions in order: 1 Literal Listener (L0): ... 2 Informative Speaker (S1): ... 3 Pragmatic Listener (L1): ... Final Answer: ... Need likely output letters. Need analyze.

Passage: Context: She saw her parched hair.
Target utterance: She said: ""The rain really caught me by surprise.""
Options:
a. Her hair was completely dry.
b. She had her hair cut short last week.
c. They organised a surprise party for him.
d. Her hair was soaking wet.

We need interpret. ""parched hair""","['b', 'd', 'c', 'a']",4,UA_I,"{'a': 16.75, 'b': 14.0, 'c': 14.125, 'd': 18.5}","{'a': 0.14511743187904358, 'b': 0.009277047589421272, 'c': 0.010512271896004677, 'd': 0.8350932002067566}",0.8350932002067566,,,,,"We need answer user's structured multiple-choice task. Need produce final with exact format? They ask answer questions in order: 1 Literal Listener (L0): ... 2 Informative Speaker (S1): ... 3 Pragmatic Listener (L1): ... Final Answer: ... Need likely output letters. Need analyze.

Passage: Context: She saw her parched hair.
Target utterance: She said: ""The rain really caught me by surprise.""
Options:
a. Her hair was completely dry.
b. She had her hair cut short last week.
c. They organised a surprise party for him.
d. Her hair was soaking wet.

We need interpret. ""parched hair""",,
C1_57_UA_NI,C1_57,89,1,unambiguous,non-ironic,c,I admired the outfit.,Qwen3.8-27B,Condition1B_context_richness_stimuli,rsa,"You will read short stories that describe everyday situations and end with a person saying something.

For each story, there are 4 possible interpretations (a,b,c,d).

Context: I wore a hideous outfit to attend the award ceremony.

Target utterance:
I say: """"I really didn't try at all today.""""

a. I thought the outfit was ugly.
b. I received an amazing award.
c. I admired the outfit.
d. The comedians on the stage enjoyed themselves.

Answer the following questions in order:

1. Literal Listener (L0):
   How would a listener interpret the utterance literally?
   Answer with a letter from a–d.

2. Informative Speaker (S1):
   Which utterance would an informative speaker be most likely to choose, given the situations described in the answer options, assuming that a listener interprets it literally?
   Answer with a letter from a–d.

3. Pragmatic Listener (L1):
   How would a listener interpret this utterance, knowing that the speaker is informative and chooses the most appropriate utterance for the situation described in the answer options?
   Answer with a letter from a–d.

Final Answer:
  Answer with a letter from a–d.","We need answer user's structured multiple-choice task. Need produce final with exact format? They ask answer questions in order: 1 Literal Listener (L0): ... Answer with letter. 2 Informative Speaker (S1): ... Answer with letter. 3 Pragmatic Listener (L1): ... Answer with letter. Final Answer: letter. Need likely only letters? ""Carefully follow exact output format specified in instructions below — do not add extra commentary, headers, or formatting beyond what is requested."" But user includes labels. We should output:
1. a
2. ?
3. ?
Final Answer: ?
Need determine.

Context: I wore a hideous outfit to attend the award ceremony.
Target utter","['b', 'c', 'a', 'd']",4,UA_NI,"{'a': 18.625, 'b': 16.75, 'c': 18.0, 'd': 16.875}","{'a': 0.5369443297386169, 'b': 0.08234308660030365, 'c': 0.2874056100845337, 'd': 0.09330693632364273}",0.5369443297386169,,,,,"We need answer user's structured multiple-choice task. Need produce final with exact format? They ask answer questions in order: 1 Literal Listener (L0): ... Answer with letter. 2 Informative Speaker (S1): ... Answer with letter. 3 Pragmatic Listener (L1): ... Answer with letter. Final Answer: letter. Need likely only letters? ""Carefully follow exact output format specified in instructions below — do not add extra commentary, headers, or formatting beyond what is requested."" But user includes labels. We should output:
1. a
2. ?
3. ?
Final Answer: ?
Need determine.

Context: I wore a hideous outfit to attend the award ceremony.
Target utter",,
C1_58_A_I,C1_58,105,1,ambiguous,ironic,c,She thought the car was ugly.,Qwen3.8-27B,Condition1B_context_richness_stimuli,rsa,"You will read short stories that describe everyday situations and end with a person saying something.

For each story, there are 4 possible interpretations (a,b,c,d).

Context: She saw an ugly car on the street.

Target utterance:
She says: """"That’s a real beauty.""""

a. She admired the car.
b. She thought the painting was beautiful.
c. She thought the car was ugly.
d. She had booked a car.

Answer the following questions in order:

1. Literal Listener (L0):
   How would a listener interpret the utterance literally?
   Answer with a letter from a–d.

2. Informative Speaker (S1):
   Which utterance would an informative speaker be most likely to choose, given the situations described in the answer options, assuming that a listener interprets it literally?
   Answer with a letter from a–d.

3. Pragmatic Listener (L1):
   How would a listener interpret this utterance, knowing that the speaker is informative and chooses the most appropriate utterance for the situation described in the answer options?
   Answer with a letter from a–d.

Final Answer:
  Answer with a letter from a–d.","We need answer user's structured multiple-choice task. Need produce final with exact format? User says answer questions in order: 1 Literal Listener (L0): ... 2 Informative Speaker (S1): ... 3 Pragmatic Listener (L1): ... Final Answer: ... Answer with letter from a-d. Need likely output lines. Need analyze.

Context: She saw an ugly car on the street. Target utterance: She says: ""That’s a real beauty.""
Options:
a. She admired the car.
b. She thought the painting was beautiful.
c. She thought the car was ugly.
d. She had booked a car.

This is about irony/sarcasm. Literal interpretation:","['a', 'c', 'b', 'd']",4,A_I,"{'a': 15.9375, 'b': 14.3125, 'c': 18.625, 'd': 14.125}","{'a': 0.06228570267558098, 'b': 0.012264781631529331, 'c': 0.9152817130088806, 'd': 0.010167861357331276}",0.9152817130088806,,,,,"We need answer user's structured multiple-choice task. Need produce final with exact format? User says answer questions in order: 1 Literal Listener (L0): ... 2 Informative Speaker (S1): ... 3 Pragmatic Listener (L1): ... Final Answer: ... Answer with letter from a-d. Need likely output lines. Need analyze.

Context: She saw an ugly car on the street. Target utterance: She says: ""That’s a real beauty.""
Options:
a. She admired the car.
b. She thought the painting was beautiful.
c. She thought the car was ugly.
d. She had booked a car.

This is about irony/sarcasm. Literal interpretation:",,
C1_59_A_NI,C1_59,76,1,ambiguous,non-ironic,b,The painting was genuinely ugly.,Qwen3.8-27B,Condition1B_context_richness_stimuli,rsa,"You will read short stories that describe everyday situations and end with a person saying something.

For each story, there are 4 possible interpretations (a,b,c,d).

Context: He looked at an ugly painting.

Target utterance:
He said: """"That's hard to look at.""""

a. The painting was genuinely beautiful.
b. The painting was genuinely ugly.
c. They spent the weekend for this painting.
d. He gave her a stern look.

Answer the following questions in order:

1. Literal Listener (L0):
   How would a listener interpret the utterance literally?
   Answer with a letter from a–d.

2. Informative Speaker (S1):
   Which utterance would an informative speaker be most likely to choose, given the situations described in the answer options, assuming that a listener interprets it literally?
   Answer with a letter from a–d.

3. Pragmatic Listener (L1):
   How would a listener interpret this utterance, knowing that the speaker is informative and chooses the most appropriate utterance for the situation described in the answer options?
   Answer with a letter from a–d.

Final Answer:
  Answer with a letter from a–d.","We need answer user's structured multiple-choice task. Need produce final with exact format? User says Answer questions in order: 1 Literal Listener (L0): ... 2 Informative Speaker (S1): ... 3 Pragmatic Listener (L1): ... Final Answer: ... Answer with letter from a-d. Need likely output lines. Need analyze.

Context: He looked at an ugly painting.
Target utterance: He said: ""That's hard to look at.""
Options:
a. The painting was genuinely beautiful.
b. The painting was genuinely ugly.
c. They spent the weekend for this painting.
d. He gave her a stern look.

We need choose best interpretations.

This is","['b', 'a', 'd', 'c']",4,A_NI,"{'a': 16.125, 'b': 19.625, 'c': 14.0625, 'd': 12.4375}","{'a': 0.029182065278291702, 'b': 0.9663772583007812, 'c': 0.0037100829649716616, 'd': 0.0007305587059818208}",0.9663772583007812,,,,,"We need answer user's structured multiple-choice task. Need produce final with exact format? User says Answer questions in order: 1 Literal Listener (L0): ... 2 Informative Speaker (S1): ... 3 Pragmatic Listener (L1): ... Final Answer: ... Answer with letter from a-d. Need likely output lines. Need analyze.

Context: He looked at an ugly painting.
Target utterance: He said: ""That's hard to look at.""
Options:
a. The painting was genuinely beautiful.
b. The painting was genuinely ugly.
c. They spent the weekend for this painting.
d. He gave her a stern look.

We need choose best interpretations.

This is",,
C1_60_UA_I,C1_60,212,1,unambiguous,ironic,a,They thought the bird was not beautiful.,Qwen3.8-27B,Condition1B_context_richness_stimuli,rsa,"You will read short stories that describe everyday situations and end with a person saying something.

For each story, there are 4 possible interpretations (a,b,c,d).

Context: They saw a hideous bird.

Target utterance:
They said: """"A real eye-catcher.""""

a. They thought the bird was not beautiful.
b. They thought the bird was beautiful.
c. The bird looked at them really closely.
d. They had a great time on a trip.

Answer the following questions in order:

1. Literal Listener (L0):
   How would a listener interpret the utterance literally?
   Answer with a letter from a–d.

2. Informative Speaker (S1):
   Which utterance would an informative speaker be most likely to choose, given the situations described in the answer options, assuming that a listener interprets it literally?
   Answer with a letter from a–d.

3. Pragmatic Listener (L1):
   How would a listener interpret this utterance, knowing that the speaker is informative and chooses the most appropriate utterance for the situation described in the answer options?
   Answer with a letter from a–d.

Final Answer:
  Answer with a letter from a–d.","We need answer user's structured multiple-choice task. Need produce final with exact format? They ask answer questions in order: 1 Literal Listener (L0): ... 2 Informative Speaker (S1): ... 3 Pragmatic Listener (L1): ... Final Answer: ... Need likely output letters. Need analyze.

Context: They saw a hideous bird.
Target utterance: They said: """"A real eye-catcher.""""
Options:
a. They thought the bird was not beautiful.
b. They thought the bird was beautiful.
c. The bird looked at them really closely.
d. They had a great time on a trip.

Need interpret. ""A real eye-catcher"" idiom","['b', 'a', 'c', 'd']",4,UA_I,"{'a': 19.625, 'b': 16.875, 'c': 16.625, 'd': 15.5}","{'a': 0.8850510120391846, 'b': 0.05657941475510597, 'c': 0.04406409338116646, 'd': 0.014305517077445984}",0.8850510120391846,,,,,"We need answer user's structured multiple-choice task. Need produce final with exact format? They ask answer questions in order: 1 Literal Listener (L0): ... 2 Informative Speaker (S1): ... 3 Pragmatic Listener (L1): ... Final Answer: ... Need likely output letters. Need analyze.

Context: They saw a hideous bird.
Target utterance: They said: """"A real eye-catcher.""""
Options:
a. They thought the bird was not beautiful.
b. They thought the bird was beautiful.
c. The bird looked at them really closely.
d. They had a great time on a trip.

Need interpret. ""A real eye-catcher"" idiom",,
C1_61_UA_NI,C1_61,86,1,unambiguous,non-ironic,c,The kettle was a real bargain.,Qwen3.8-27B,Condition1B_context_richness_stimuli,rsa,"You will read short stories that describe everyday situations and end with a person saying something.

For each story, there are 4 possible interpretations (a,b,c,d).

Context: I found a nice kettle which was free.

Target utterance:
I said: """"What a steal.""""

a. The kettle boiled over..
b. The kettle was expensive.
c. The kettle was a real bargain.
d. A thief tried to steal my bag.

Answer the following questions in order:

1. Literal Listener (L0):
   How would a listener interpret the utterance literally?
   Answer with a letter from a–d.

2. Informative Speaker (S1):
   Which utterance would an informative speaker be most likely to choose, given the situations described in the answer options, assuming that a listener interprets it literally?
   Answer with a letter from a–d.

3. Pragmatic Listener (L1):
   How would a listener interpret this utterance, knowing that the speaker is informative and chooses the most appropriate utterance for the situation described in the answer options?
   Answer with a letter from a–d.

Final Answer:
  Answer with a letter from a–d.","We need answer user's structured multiple-choice task. Need produce final with exact format? They ask answer questions in order: 1 Literal Listener (L0): ... 2 Informative Speaker (S1): ... 3 Pragmatic Listener (L1): ... Final Answer: ... Need likely output letters. Need analyze.

Passage: Context: I found a nice kettle which was free.
Target utterance: I said: ""What a steal.""
Options:
a. The kettle boiled over.
b. The kettle was expensive.
c. The kettle was a real bargain.
d. A thief tried to steal my bag.

Need interpret. ""What a steal"" idiom means a bargain, something obtained","['d', 'b', 'a', 'c']",4,UA_NI,"{'a': 17.25, 'b': 16.25, 'c': 20.0, 'd': 14.4375}","{'a': 0.058580365031957626, 'b': 0.021550513803958893, 'c': 0.9163511395454407, 'd': 0.0035180244594812393}",0.9163511395454407,,,,,"We need answer user's structured multiple-choice task. Need produce final with exact format? They ask answer questions in order: 1 Literal Listener (L0): ... 2 Informative Speaker (S1): ... 3 Pragmatic Listener (L1): ... Final Answer: ... Need likely output letters. Need analyze.

Passage: Context: I found a nice kettle which was free.
Target utterance: I said: ""What a steal.""
Options:
a. The kettle boiled over.
b. The kettle was expensive.
c. The kettle was a real bargain.
d. A thief tried to steal my bag.

Need interpret. ""What a steal"" idiom means a bargain, something obtained",,
C1_62_A_I,C1_62,165,1,ambiguous,ironic,a,The vase was not pricy.,Qwen3.8-27B,Condition1B_context_richness_stimuli,rsa,"You will read short stories that describe everyday situations and end with a person saying something.

For each story, there are 4 possible interpretations (a,b,c,d).

Context: He broke a cheap vase.

Target utterance:
He said: """"Well, there goes a priceless treasure""""

a. The vase was not pricy.
b. The experience of breaking the vase was worth it.
c. The vase was worth a lot of money.
d. He went on a hike and picked up flowers.

Answer the following questions in order:

1. Literal Listener (L0):
   How would a listener interpret the utterance literally?
   Answer with a letter from a–d.

2. Informative Speaker (S1):
   Which utterance would an informative speaker be most likely to choose, given the situations described in the answer options, assuming that a listener interprets it literally?
   Answer with a letter from a–d.

3. Pragmatic Listener (L1):
   How would a listener interpret this utterance, knowing that the speaker is informative and chooses the most appropriate utterance for the situation described in the answer options?
   Answer with a letter from a–d.

Final Answer:
  Answer with a letter from a–d.","We need answer user's structured multiple-choice task. Need produce final with exact format? User says Answer following questions in order: 1 Literal Listener (L0): ... 2 Informative Speaker (S1): ... 3 Pragmatic Listener (L1): ... Final Answer: ... Answer with a letter from a-d. Need likely output lines. Need analyze.

Context: He broke a cheap vase.
Target utterance: He said: ""Well, there goes a priceless treasure""
Options:
a. The vase was not pricy.
b. The experience of breaking the vase was worth it.
c. The vase was worth a lot of money.
d. He went on a hike and picked up flowers","['b', 'c', 'a', 'd']",4,A_I,"{'a': 16.625, 'b': 11.375, 'c': 13.5625, 'd': 11.6875}","{'a': 0.9441172480583191, 'b': 0.004954272881150246, 'c': 0.04415695369243622, 'd': 0.006771687883883715}",0.9441172480583191,,,,,"We need answer user's structured multiple-choice task. Need produce final with exact format? User says Answer following questions in order: 1 Literal Listener (L0): ... 2 Informative Speaker (S1): ... 3 Pragmatic Listener (L1): ... Final Answer: ... Answer with a letter from a-d. Need likely output lines. Need analyze.

Context: He broke a cheap vase.
Target utterance: He said: ""Well, there goes a priceless treasure""
Options:
a. The vase was not pricy.
b. The experience of breaking the vase was worth it.
c. The vase was worth a lot of money.
d. He went on a hike and picked up flowers",,
C1_63_A_NI,C1_63,195,1,ambiguous,non-ironic,b,The perfume was pricy.,Qwen3.8-27B,Condition1B_context_richness_stimuli,rsa,"You will read short stories that describe everyday situations and end with a person saying something.

For each story, there are 4 possible interpretations (a,b,c,d).

Context: She was wearing cheap perfume.

Target utterance:
She said: """"Smells like it's from a gas station.""""

a. The perfume was not pricy.
b. The perfume was pricy.
c. The fragrance label was worth reading.
d. The ocean was calm and quiet.

Answer the following questions in order:

1. Literal Listener (L0):
   How would a listener interpret the utterance literally?
   Answer with a letter from a–d.

2. Informative Speaker (S1):
   Which utterance would an informative speaker be most likely to choose, given the situations described in the answer options, assuming that a listener interprets it literally?
   Answer with a letter from a–d.

3. Pragmatic Listener (L1):
   How would a listener interpret this utterance, knowing that the speaker is informative and chooses the most appropriate utterance for the situation described in the answer options?
   Answer with a letter from a–d.

Final Answer:
  Answer with a letter from a–d.","We need answer user's structured multiple-choice task. Need produce final with exact format? User says Answer following questions in order: 1 Literal Listener (L0): ... 2 Informative Speaker (S1): ... 3 Pragmatic Listener (L1): ... Final Answer: ... Answer with a letter from a-d. Need likely output lines. Need analyze.

Passage: Context: She was wearing cheap perfume.
Target utterance: She said: """"Smells like it's from a gas station.""""
Options:
a. The perfume was not pricy.
b. The perfume was pricy.
c. The fragrance label was worth reading.
d. The ocean was calm and quiet.

We need","['b', 'a', 'c', 'd']",4,A_NI,"{'a': 18.75, 'b': 15.125, 'c': 15.25, 'd': 14.25}","{'a': 0.9363685846328735, 'b': 0.02495337650179863, 'c': 0.028275880962610245, 'd': 0.010402115061879158}",0.9363685846328735,,,,,"We need answer user's structured multiple-choice task. Need produce final with exact format? User says Answer following questions in order: 1 Literal Listener (L0): ... 2 Informative Speaker (S1): ... 3 Pragmatic Listener (L1): ... Final Answer: ... Answer with a letter from a-d. Need likely output lines. Need analyze.

Passage: Context: She was wearing cheap perfume.
Target utterance: She said: """"Smells like it's from a gas station.""""
Options:
a. The perfume was not pricy.
b. The perfume was pricy.
c. The fragrance label was worth reading.
d. The ocean was calm and quiet.

We need",,
C1_64_UA_I,C1_64,276,1,unambiguous,ironic,b,The bag was worth very little.,Qwen3.8-27B,Condition1B_context_richness_stimuli,rsa,"You will read short stories that describe everyday situations and end with a person saying something.

For each story, there are 4 possible interpretations (a,b,c,d).

Context: She got a free bag.

Target utterance:
She said: """"Looks like a real designer piece.""""

a. She liked to wear that designer piece.
b. The bag was worth very little.
c. The bag was worth a lot.
d. She had dark bags under her eyes.

Answer the following questions in order:

1. Literal Listener (L0):
   How would a listener interpret the utterance literally?
   Answer with a letter from a–d.

2. Informative Speaker (S1):
   Which utterance would an informative speaker be most likely to choose, given the situations described in the answer options, assuming that a listener interprets it literally?
   Answer with a letter from a–d.

3. Pragmatic Listener (L1):
   How would a listener interpret this utterance, knowing that the speaker is informative and chooses the most appropriate utterance for the situation described in the answer options?
   Answer with a letter from a–d.

Final Answer:
  Answer with a letter from a–d.","We need answer user's structured multiple-choice task. Need produce final with exact format? They ask answer questions in order: 1 Literal Listener (L0): ... 2 Informative Speaker (S1): ... 3 Pragmatic Listener (L1): ... Final Answer: ... Need likely only letters? Need choose single best answer? Let's analyze.

Context: She got a free bag.
Target utterance: She said: ""Looks like a real designer piece.""
Options:
a. She liked to wear that designer piece.
b. The bag was worth very little.
c. The bag was worth a lot.
d. She had dark bags under her eyes.

This is likely from pragmatic reasoning /","['c', 'b', 'a', 'd']",4,UA_I,"{'a': 15.8125, 'b': 17.875, 'c': 17.5, 'd': 15.0}","{'a': 0.06795645505189896, 'b': 0.5345188975334167, 'c': 0.3673691153526306, 'd': 0.030155492946505547}",0.5345188975334167,,,,,"We need answer user's structured multiple-choice task. Need produce final with exact format? They ask answer questions in order: 1 Literal Listener (L0): ... 2 Informative Speaker (S1): ... 3 Pragmatic Listener (L1): ... Final Answer: ... Need likely only letters? Need choose single best answer? Let's analyze.

Context: She got a free bag.
Target utterance: She said: ""Looks like a real designer piece.""
Options:
a. She liked to wear that designer piece.
b. The bag was worth very little.
c. The bag was worth a lot.
d. She had dark bags under her eyes.

This is likely from pragmatic reasoning /",,
C1_65_UA_NI,C1_65,174,1,unambiguous,non-ironic,c,The house felt cramped and tiny.,Qwen3.8-27B,Condition1B_context_richness_stimuli,rsa,"You will read short stories that describe everyday situations and end with a person saying something.

For each story, there are 4 possible interpretations (a,b,c,d).

Context: They moved into a tiny house.

Target utterance:
They said: """"You can barely turn around in here.""""

a. They made a sharp turn at the end of the road.
b. The house felt spacious and huge.
c. The house felt cramped and tiny.
d. The house was red and blue.

Answer the following questions in order:

1. Literal Listener (L0):
   How would a listener interpret the utterance literally?
   Answer with a letter from a–d.

2. Informative Speaker (S1):
   Which utterance would an informative speaker be most likely to choose, given the situations described in the answer options, assuming that a listener interprets it literally?
   Answer with a letter from a–d.

3. Pragmatic Listener (L1):
   How would a listener interpret this utterance, knowing that the speaker is informative and chooses the most appropriate utterance for the situation described in the answer options?
   Answer with a letter from a–d.

Final Answer:
  Answer with a letter from a–d.","We need answer user's structured multiple-choice task. Need produce final with exact format? User says Answer following questions in order: 1 Literal Listener (L0): ... 2 Informative Speaker (S1): ... 3 Pragmatic Listener (L1): ... Final Answer: ... Answer with a letter from a-d. Need likely include labels? They say exact output format specified in instructions below — do not add extra commentary, headers, or formatting beyond what is requested. But user asks answer questions in order. We need output maybe:
1. c
2. c
3. c
Final Answer: c
Need analyze.

Context: They moved into a tiny house.
Utterance: ""You can barely turn","['c', 'b', 'a', 'd']",4,UA_NI,"{'a': 16.375, 'b': 14.3125, 'c': 20.25, 'd': 13.375}","{'a': 0.020259475335478783, 'b': 0.0025757031980901957, 'c': 0.9761561751365662, 'd': 0.0010086598340421915}",0.9761561751365662,,,,c,"We need answer user's structured multiple-choice task. Need produce final with exact format? User says Answer following questions in order: 1 Literal Listener (L0): ... 2 Informative Speaker (S1): ... 3 Pragmatic Listener (L1): ... Final Answer: ... Answer with a letter from a-d. Need likely include labels? They say exact output format specified in instructions below — do not add extra commentary, headers, or formatting beyond what is requested. But user asks answer questions in order. We need output maybe:
1. c
2. c
3. c
Final Answer: c
Need analyze.

Context: They moved into a tiny house.
Utterance: ""You can barely turn",c,a
C1_66_A_I,C1_66,245,1,ambiguous,ironic,b,They thought the concert was small.,Qwen3.8-27B,Condition1B_context_richness_stimuli,rsa,"You will read short stories that describe everyday situations and end with a person saying something.

For each story, there are 4 possible interpretations (a,b,c,d).

Context: They attended a concert at a small venue.



Target utterance:
They said: """"What a massive event.""""

a. They liked go to concerts.
b. They thought the concert was small.
c. They thought the concert was huge.
d. They organized a massive event for dating.

Answer the following questions in order:

1. Literal Listener (L0):
   How would a listener interpret the utterance literally?
   Answer with a letter from a–d.

2. Informative Speaker (S1):
   Which utterance would an informative speaker be most likely to choose, given the situations described in the answer options, assuming that a listener interprets it literally?
   Answer with a letter from a–d.

3. Pragmatic Listener (L1):
   How would a listener interpret this utterance, knowing that the speaker is informative and chooses the most appropriate utterance for the situation described in the answer options?
   Answer with a letter from a–d.

Final Answer:
  Answer with a letter from a–d.","We need answer user's structured multiple-choice task. Need produce final with exact format? User says Answer following questions in order: 1 Literal Listener (L0): ... 2 Informative Speaker (S1): ... 3 Pragmatic Listener (L1): ... Final Answer: ... Answer with letter from a-d. Need likely output lines. Need analyze.

Context: They attended a concert at a small venue.
Target utterance: They said: ""What a massive event.""
Options:
a. They liked go to concerts.
b. They thought the concert was small.
c. They thought the concert was huge.
d. They organized a massive event for dating.

We need interpret in theory of mind","['d', 'b', 'a', 'c']",4,A_I,"{'a': 15.4375, 'b': 17.875, 'c': 18.125, 'd': 15.3125}","{'a': 0.03568652644753456, 'b': 0.4084106385707855, 'c': 0.5244096517562866, 'd': 0.03149324655532837}",0.5244096517562866,,,,,"We need answer user's structured multiple-choice task. Need produce final with exact format? User says Answer following questions in order: 1 Literal Listener (L0): ... 2 Informative Speaker (S1): ... 3 Pragmatic Listener (L1): ... Final Answer: ... Answer with letter from a-d. Need likely output lines. Need analyze.

Context: They attended a concert at a small venue.
Target utterance: They said: ""What a massive event.""
Options:
a. They liked go to concerts.
b. They thought the concert was small.
c. They thought the concert was huge.
d. They organized a massive event for dating.

We need interpret in theory of mind",,
C1_67_A_NI,C1_67,231,1,ambiguous,non-ironic,d,She thought the spider was tiny.,Qwen3.8-27B,Condition1B_context_richness_stimuli,rsa,"You will read short stories that describe everyday situations and end with a person saying something.

For each story, there are 4 possible interpretations (a,b,c,d).

Context: She spotted a small spider.

Target utterance:
She said: """"Almost didn't see it.""""

a. She thought the spider was huge.
b. She went to see her doctor on Monday.
c. She drew a spider diagram to plan her essay.
d. She thought the spider was tiny.

Answer the following questions in order:

1. Literal Listener (L0):
   How would a listener interpret the utterance literally?
   Answer with a letter from a–d.

2. Informative Speaker (S1):
   Which utterance would an informative speaker be most likely to choose, given the situations described in the answer options, assuming that a listener interprets it literally?
   Answer with a letter from a–d.

3. Pragmatic Listener (L1):
   How would a listener interpret this utterance, knowing that the speaker is informative and chooses the most appropriate utterance for the situation described in the answer options?
   Answer with a letter from a–d.

Final Answer:
  Answer with a letter from a–d.","We need answer user's structured multiple-choice task. Need produce final with exact format? They ask answer questions in order: 1 Literal Listener (L0): ... 2 Informative Speaker (S1): ... 3 Pragmatic Listener (L1): ... Final Answer: ... Need likely output lines. Need choose single best answer? The final answer likely L1? But they ask answer following questions in order and final answer. Need include all.

Let's analyze. Context: She spotted a small spider. Target utterance: She said: ""Almost didn't see it."" Options:
a. She thought the spider was huge.
b. She went to see her doctor on Monday.
c. She drew a spider diagram","['b', 'c', 'd', 'a']",4,A_NI,"{'a': 15.5, 'b': 14.1875, 'c': 13.9375, 'd': 19.25}","{'a': 0.022727355360984802, 'b': 0.006116984412074089, 'c': 0.004763912409543991, 'd': 0.9663917422294617}",0.9663917422294617,,,,,"We need answer user's structured multiple-choice task. Need produce final with exact format? They ask answer questions in order: 1 Literal Listener (L0): ... 2 Informative Speaker (S1): ... 3 Pragmatic Listener (L1): ... Final Answer: ... Need likely output lines. Need choose single best answer? The final answer likely L1? But they ask answer following questions in order and final answer. Need include all.

Let's analyze. Context: She spotted a small spider. Target utterance: She said: ""Almost didn't see it."" Options:
a. She thought the spider was huge.
b. She went to see her doctor on Monday.
c. She drew a spider diagram",,
C1_68_UA_I,C1_68,236,1,unambiguous,ironic,b,I thought the dog was small.,Qwen3.8-27B,Condition1B_context_richness_stimuli,rsa,"You will read short stories that describe everyday situations and end with a person saying something.

For each story, there are 4 possible interpretations (a,b,c,d).

Context: I met a tiny dog.

Target utterance:
I said: """"He could swallow me whole.""""

a. I swallowed a pill.
b. I thought the dog was small.
c. The dog wore a collar.
d. I thought the dog was huge.

Answer the following questions in order:

1. Literal Listener (L0):
   How would a listener interpret the utterance literally?
   Answer with a letter from a–d.

2. Informative Speaker (S1):
   Which utterance would an informative speaker be most likely to choose, given the situations described in the answer options, assuming that a listener interprets it literally?
   Answer with a letter from a–d.

3. Pragmatic Listener (L1):
   How would a listener interpret this utterance, knowing that the speaker is informative and chooses the most appropriate utterance for the situation described in the answer options?
   Answer with a letter from a–d.

Final Answer:
  Answer with a letter from a–d.","We need answer user's structured multiple-choice task. Need produce final with exact format? User says Answer following questions in order: 1 Literal Listener (L0): ... 2 Informative Speaker (S1): ... 3 Pragmatic Listener (L1): ... Final Answer: ... Answer with a letter from a-d. Need likely output lines. Need analyze.

Context: I met a tiny dog.
Target utterance: I said: ""He could swallow me whole.""
Options:
a. I swallowed a pill.
b. I thought the dog was small.
c. The dog wore a collar.
d. I thought the dog was huge.

We need interpret via levels.
L0 literal:","['c', 'b', 'd', 'a']",4,UA_I,"{'a': 14.8125, 'b': 16.5, 'c': 15.25, 'd': 18.625}","{'a': 0.018790552392601967, 'b': 0.10158076882362366, 'c': 0.02910337597131729, 'd': 0.8505253195762634}",0.8505253195762634,,,,,"We need answer user's structured multiple-choice task. Need produce final with exact format? User says Answer following questions in order: 1 Literal Listener (L0): ... 2 Informative Speaker (S1): ... 3 Pragmatic Listener (L1): ... Final Answer: ... Answer with a letter from a-d. Need likely output lines. Need analyze.

Context: I met a tiny dog.
Target utterance: I said: ""He could swallow me whole.""
Options:
a. I swallowed a pill.
b. I thought the dog was small.
c. The dog wore a collar.
d. I thought the dog was huge.

We need interpret via levels.
L0 literal:",,
C1_69_UA_NI,C1_69,200,1,unambiguous,non-ironic,a,The pool was super cold.,Qwen3.8-27B,Condition1B_context_richness_stimuli,rsa,"You will read short stories that describe everyday situations and end with a person saying something.

For each story, there are 4 possible interpretations (a,b,c,d).

Context: She jumped into a cold pool.

Target utterance:
She said:  """"One could catch a cold in here.""""

a. The pool was super cold.
b. She played a game of pool in the bar.
c. The pool was super warm.
d. She liked to chill on that sofa after work.

Answer the following questions in order:

1. Literal Listener (L0):
   How would a listener interpret the utterance literally?
   Answer with a letter from a–d.

2. Informative Speaker (S1):
   Which utterance would an informative speaker be most likely to choose, given the situations described in the answer options, assuming that a listener interprets it literally?
   Answer with a letter from a–d.

3. Pragmatic Listener (L1):
   How would a listener interpret this utterance, knowing that the speaker is informative and chooses the most appropriate utterance for the situation described in the answer options?
   Answer with a letter from a–d.

Final Answer:
  Answer with a letter from a–d.","We need answer user's structured multiple-choice task. Need produce final with exact format? They ask answer questions in order: 1. Literal Listener (L0): ... 2. Informative Speaker (S1): ... 3. Pragmatic Listener (L1): ... Final Answer: ... Need likely output letters. Need analyze.

Context: She jumped into a cold pool.
Target utterance: She said: """"One could catch a cold in here.""""
Options:
a. The pool was super cold.
b. She played a game of pool in the bar.
c. The pool was super warm.
d. She liked to chill on that sofa after work.

We need interpret. Utterance","['a', 'd', 'b', 'c']",4,UA_NI,"{'a': 19.5, 'b': 15.4375, 'c': 15.25, 'd': 14.625}","{'a': 0.9623664021492004, 'b': 0.01655842736363411, 'c': 0.013727419078350067, 'd': 0.007347757928073406}",0.9623664021492004,,,,,"We need answer user's structured multiple-choice task. Need produce final with exact format? They ask answer questions in order: 1. Literal Listener (L0): ... 2. Informative Speaker (S1): ... 3. Pragmatic Listener (L1): ... Final Answer: ... Need likely output letters. Need analyze.

Context: She jumped into a cold pool.
Target utterance: She said: """"One could catch a cold in here.""""
Options:
a. The pool was super cold.
b. She played a game of pool in the bar.
c. The pool was super warm.
d. She liked to chill on that sofa after work.

We need interpret. Utterance",,
C1_70_A_I,C1_70,277,1,ambiguous,ironic,a,The weather conditions were awful.,Qwen3.8-27B,Condition1B_context_richness_stimuli,rsa,"You will read short stories that describe everyday situations and end with a person saying something.

For each story, there are 4 possible interpretations (a,b,c,d).

Context: He went to the beach, and the weather was cool.

Target utterance:
He said: """"Couldn't have asked for better weather.""""

a. The weather conditions were awful.
b. The weather conditions were perfect.
c. He meant to harvest the houseplants, but forgot about it.
d. The delivery driver arrived in heavy rain.

Answer the following questions in order:

1. Literal Listener (L0):
   How would a listener interpret the utterance literally?
   Answer with a letter from a–d.

2. Informative Speaker (S1):
   Which utterance would an informative speaker be most likely to choose, given the situations described in the answer options, assuming that a listener interprets it literally?
   Answer with a letter from a–d.

3. Pragmatic Listener (L1):
   How would a listener interpret this utterance, knowing that the speaker is informative and chooses the most appropriate utterance for the situation described in the answer options?
   Answer with a letter from a–d.

Final Answer:
  Answer with a letter from a–d.","We need answer user's structured multiple-choice task. Need produce final with exact format? They ask answer questions in order: 1 Literal Listener (L0): ... 2 Informative Speaker (S1): ... 3 Pragmatic Listener (L1): ... Final Answer: ... Need likely output letters. Need analyze.

Context: He went to the beach, and the weather was cool.
Target utterance: He said: ""Couldn't have asked for better weather.""
Options:
a. The weather conditions were awful.
b. The weather conditions were perfect.
c. He meant to harvest the houseplants, but forgot about it.
d. The delivery driver arrived in heavy rain.

Need interpret. Ut","['b', 'a', 'd', 'c']",4,A_I,"{'a': 18.0, 'b': 18.5, 'c': 15.25, 'd': 14.3125}","{'a': 0.36527231335639954, 'b': 0.6022322177886963, 'c': 0.023351076990365982, 'd': 0.009144413284957409}",0.6022322177886963,,,,,"We need answer user's structured multiple-choice task. Need produce final with exact format? They ask answer questions in order: 1 Literal Listener (L0): ... 2 Informative Speaker (S1): ... 3 Pragmatic Listener (L1): ... Final Answer: ... Need likely output letters. Need analyze.

Context: He went to the beach, and the weather was cool.
Target utterance: He said: ""Couldn't have asked for better weather.""
Options:
a. The weather conditions were awful.
b. The weather conditions were perfect.
c. He meant to harvest the houseplants, but forgot about it.
d. The delivery driver arrived in heavy rain.

Need interpret. Ut",,
C1_71_A_NI,C1_71,57,1,ambiguous,non-ironic,a,The room was freezing cold.,Qwen3.8-27B,Condition1B_context_richness_stimuli,rsa,"You will read short stories that describe everyday situations and end with a person saying something.

For each story, there are 4 possible interpretations (a,b,c,d).

Context: I walked into a cool room. 

Target utterance:
I said:  """"Feels like the North Pole in here.""""

a. The room was freezing cold.
b. There wasn't enough room in the car for everyone.
c. I leaned the fishing pole against the wall.
d. The room was really warm.

Answer the following questions in order:

1. Literal Listener (L0):
   How would a listener interpret the utterance literally?
   Answer with a letter from a–d.

2. Informative Speaker (S1):
   Which utterance would an informative speaker be most likely to choose, given the situations described in the answer options, assuming that a listener interprets it literally?
   Answer with a letter from a–d.

3. Pragmatic Listener (L1):
   How would a listener interpret this utterance, knowing that the speaker is informative and chooses the most appropriate utterance for the situation described in the answer options?
   Answer with a letter from a–d.

Final Answer:
  Answer with a letter from a–d.","We need answer user's structured multiple-choice task. Need produce final with exact format? User says Answer following questions in order: 1 Literal Listener (L0): ... 2 Informative Speaker (S1): ... 3 Pragmatic Listener (L1): ... Final Answer: ... Need likely output lines. Need choose single best answer? They ask answer questions in order and final answer. Need maybe include all. Let's analyze.

Context: I walked into a cool room.
Target utterance: I said: ""Feels like the North Pole in here.""
Options:
a. The room was freezing cold.
b. There wasn't enough room in the car for everyone.
c. I leaned the fishing pole against","['a', 'd', 'c', 'b']",4,A_NI,"{'a': 19.375, 'b': 14.75, 'c': 15.9375, 'd': 17.75}","{'a': 0.8071935772895813, 'b': 0.007913446985185146, 'c': 0.025947196409106255, 'd': 0.15894584357738495}",0.8071935772895813,,,,,"We need answer user's structured multiple-choice task. Need produce final with exact format? User says Answer following questions in order: 1 Literal Listener (L0): ... 2 Informative Speaker (S1): ... 3 Pragmatic Listener (L1): ... Final Answer: ... Need likely output lines. Need choose single best answer? They ask answer questions in order and final answer. Need maybe include all. Let's analyze.

Context: I walked into a cool room.
Target utterance: I said: ""Feels like the North Pole in here.""
Options:
a. The room was freezing cold.
b. There wasn't enough room in the car for everyone.
c. I leaned the fishing pole against",,
C1_72_UA_I,C1_72,179,1,unambiguous,ironic,a,Her coffee did not taste good.,Qwen3.8-27B,Condition1B_context_richness_stimuli,rsa,"You will read short stories that describe everyday situations and end with a person saying something.

For each story, there are 4 possible interpretations (a,b,c,d).

Context: She took a sip of the cold coffee.

Target utterance:
She said: """"This is what freshly made coffee tastes like.""""

a. Her coffee did not taste good.
b. Her coffee was delicious.
c. She did an experiment in health science.
d. Her coffee tasted like fresh mint.

Answer the following questions in order:

1. Literal Listener (L0):
   How would a listener interpret the utterance literally?
   Answer with a letter from a–d.

2. Informative Speaker (S1):
   Which utterance would an informative speaker be most likely to choose, given the situations described in the answer options, assuming that a listener interprets it literally?
   Answer with a letter from a–d.

3. Pragmatic Listener (L1):
   How would a listener interpret this utterance, knowing that the speaker is informative and chooses the most appropriate utterance for the situation described in the answer options?
   Answer with a letter from a–d.

Final Answer:
  Answer with a letter from a–d.","We need answer user's structured multiple-choice task. Need produce final with exact format? User says Answer following questions in order: 1 Literal Listener (L0): ... 2 Informative Speaker (S1): ... 3 Pragmatic Listener (L1): ... Final Answer: ... Answer with a letter from a-d. Need likely output lines. Need analyze.

Passage: She took a sip of the cold coffee. Target: She said: ""This is what freshly made coffee tastes like."" Options:
a. Her coffee did not taste good.
b. Her coffee was delicious.
c. She did an experiment in health science.
d. Her coffee tasted like fresh mint.

We need L0 literal interpretation","['b', 'a', 'd', 'c']",4,UA_I,"{'a': 19.0, 'b': 17.625, 'c': 16.75, 'd': 16.75}","{'a': 0.6832290291786194, 'b': 0.17274734377861023, 'c': 0.0720118060708046, 'd': 0.0720118060708046}",0.6832290291786194,,,,,"We need answer user's structured multiple-choice task. Need produce final with exact format? User says Answer following questions in order: 1 Literal Listener (L0): ... 2 Informative Speaker (S1): ... 3 Pragmatic Listener (L1): ... Final Answer: ... Answer with a letter from a-d. Need likely output lines. Need analyze.

Passage: She took a sip of the cold coffee. Target: She said: ""This is what freshly made coffee tastes like."" Options:
a. Her coffee did not taste good.
b. Her coffee was delicious.
c. She did an experiment in health science.
d. Her coffee tasted like fresh mint.

We need L0 literal interpretation",,
