Item_ID,base_item,presentation_order,seed,context_level,irony_label,correct_option_pos,correct_option_text,model,dataset,prompt_type,prompt,output,original_option_mapping,run,condition,option_logits_raw,confidence_dist,confidence_top_prob,rsa_l0,rsa_s1,rsa_l1,rsa_final,rsa_raw_text,chosen_option,chosen_original_option
C1_01_UA_I,C1_01,196,1,unambiguous,ironic,a,The cat was really hard to lift up.,Qwen3.8-27B,Condition1B_context_richness_stimuli,rsa,"You will read short stories that describe everyday situations and end with a person saying something.

For each story, there are 4 possible interpretations (a,b,c,d).

Context: He lifted the obese cat from the table.

Target utterance:
He said:  """"That was easy!""""

a. The cat was really hard to lift up.
b. The cat was easy to lift up.
c. He just got a great deal on a cat bed.
d. The exam was really easy.

Answer the following questions in order:

1. Literal Listener (L0):
   How would a listener interpret the utterance literally?
   Answer with a letter from a–d.

2. Informative Speaker (S1):
   Which utterance would an informative speaker be most likely to choose, given the situations described in the answer options, assuming that a listener interprets it literally?
   Answer with a letter from a–d.

3. Pragmatic Listener (L1):
   How would a listener interpret this utterance, knowing that the speaker is informative and chooses the most appropriate utterance for the situation described in the answer options?
   Answer with a letter from a–d.

Final Answer:
  Answer with a letter from a–d.","We need answer user's structured multiple-choice task. Need produce final with exact format? User says Answer following questions in order: 1 Literal Listener (L0): ... 2 Informative Speaker (S1): ... 3 Pragmatic Listener (L1): ... Final Answer: ... Answer with a letter from a-d. Need likely output lines. Need analyze.

Context: He lifted the obese cat from the table.
Target utterance: He said: ""That was easy!""
Options:
a. The cat was really hard to lift up.
b. The cat was easy to lift up.
c. He just got a great deal on a cat bed.
d. The exam was really easy.

We","['b', 'a', 'd', 'c']",3,UA_I,"{'a': 17.0, 'b': 19.625, 'c': 15.4375, 'd': 14.25}","{'a': 0.06632129848003387, 'b': 0.9155372381210327, 'c': 0.013901698403060436, 'd': 0.004239778500050306}",0.9155372381210327,,,,,"We need answer user's structured multiple-choice task. Need produce final with exact format? User says Answer following questions in order: 1 Literal Listener (L0): ... 2 Informative Speaker (S1): ... 3 Pragmatic Listener (L1): ... Final Answer: ... Answer with a letter from a-d. Need likely output lines. Need analyze.

Context: He lifted the obese cat from the table.
Target utterance: He said: ""That was easy!""
Options:
a. The cat was really hard to lift up.
b. The cat was easy to lift up.
c. He just got a great deal on a cat bed.
d. The exam was really easy.

We",,
C1_02_UA_NI,C1_02,267,1,unambiguous,non-ironic,d,The dog was really heavy to pick up.,Qwen3.8-27B,Condition1B_context_richness_stimuli,rsa,"You will read short stories that describe everyday situations and end with a person saying something.

For each story, there are 4 possible interpretations (a,b,c,d).

Context: She picked up her obese dog.

Target utterance:
She said: """"Heaviest dog ever.""""

a. The dog was very light to pick up.
b. She just adopted a new dog.
c. It was the heaviest package she ever carried.
d. The dog was really heavy to pick up.

Answer the following questions in order:

1. Literal Listener (L0):
   How would a listener interpret the utterance literally?
   Answer with a letter from a–d.

2. Informative Speaker (S1):
   Which utterance would an informative speaker be most likely to choose, given the situations described in the answer options, assuming that a listener interprets it literally?
   Answer with a letter from a–d.

3. Pragmatic Listener (L1):
   How would a listener interpret this utterance, knowing that the speaker is informative and chooses the most appropriate utterance for the situation described in the answer options?
   Answer with a letter from a–d.

Final Answer:
  Answer with a letter from a–d.","We need answer user's structured multiple-choice task. Need produce final with exact format? They ask answer questions in order: 1 Literal Listener (L0): ... 2 Informative Speaker (S1): ... 3 Pragmatic Listener (L1): ... Final Answer: ... Need likely output letters. Need analyze.

Passage: Context: She picked up her obese dog.
Target utterance: She said: ""Heaviest dog ever.""
Options:
a. The dog was very light to pick up.
b. She just adopted a new dog.
c. It was the heaviest package she ever carried.
d. The dog was really heavy to pick up.

We need interpret via levels.
","['b', 'd', 'c', 'a']",3,UA_NI,"{'a': 15.5, 'b': 12.0625, 'c': 12.375, 'd': 18.0}","{'a': 0.07542288303375244, 'b': 0.00242446456104517, 'c': 0.0033138501457870007, 'd': 0.9188387989997864}",0.9188387989997864,,,,,"We need answer user's structured multiple-choice task. Need produce final with exact format? They ask answer questions in order: 1 Literal Listener (L0): ... 2 Informative Speaker (S1): ... 3 Pragmatic Listener (L1): ... Final Answer: ... Need likely output letters. Need analyze.

Passage: Context: She picked up her obese dog.
Target utterance: She said: ""Heaviest dog ever.""
Options:
a. The dog was very light to pick up.
b. She just adopted a new dog.
c. It was the heaviest package she ever carried.
d. The dog was really heavy to pick up.

We need interpret via levels.",,
C1_03_A_I,C1_03,93,1,ambiguous,ironic,c,Their friend was hard to lift.,Qwen3.8-27B,Condition1B_context_richness_stimuli,rsa,"You will read short stories that describe everyday situations and end with a person saying something.

For each story, there are 4 possible interpretations (a,b,c,d).

Context: They lift their overweight friend.

Target utterance:
They said: """"Light as a feather.""""

a. The feather fell gently to the ground.
b. They decided to go out for dinner with their friend.
c. Their friend was hard to lift.
d. Their friend was very easy to lift.

Answer the following questions in order:

1. Literal Listener (L0):
   How would a listener interpret the utterance literally?
   Answer with a letter from a–d.

2. Informative Speaker (S1):
   Which utterance would an informative speaker be most likely to choose, given the situations described in the answer options, assuming that a listener interprets it literally?
   Answer with a letter from a–d.

3. Pragmatic Listener (L1):
   How would a listener interpret this utterance, knowing that the speaker is informative and chooses the most appropriate utterance for the situation described in the answer options?
   Answer with a letter from a–d.

Final Answer:
  Answer with a letter from a–d.","We need answer user's structured multiple-choice task. Need produce final with exact format? They ask answer questions in order: 1 Literal Listener (L0): ... 2 Informative Speaker (S1): ... 3 Pragmatic Listener (L1): ... Final Answer: ... Need likely include letters. Need analyze.

Context: They lift their overweight friend.
Target utterance: They said: ""Light as a feather.""
Options:
a. The feather fell gently to the ground.
b. They decided to go out for dinner with their friend.
c. Their friend was hard to lift.
d. Their friend was very easy to lift.

We need interpret via levels.
L0 literal: utter","['c', 'd', 'b', 'a']",3,A_I,"{'a': 18.75, 'b': 16.375, 'c': 19.0, 'd': 19.125}","{'a': 0.2609582245349884, 'b': 0.024272894486784935, 'c': 0.3350769877433777, 'd': 0.3796919584274292}",0.3796919584274292,,,,,"We need answer user's structured multiple-choice task. Need produce final with exact format? They ask answer questions in order: 1 Literal Listener (L0): ... 2 Informative Speaker (S1): ... 3 Pragmatic Listener (L1): ... Final Answer: ... Need likely include letters. Need analyze.

Context: They lift their overweight friend.
Target utterance: They said: ""Light as a feather.""
Options:
a. The feather fell gently to the ground.
b. They decided to go out for dinner with their friend.
c. Their friend was hard to lift.
d. Their friend was very easy to lift.

We need interpret via levels.
L0 literal: utter",,
C1_04_A_NI,C1_04,180,1,ambiguous,non-ironic,d,Holding my nephew took all my strength.,Qwen3.8-27B,Condition1B_context_richness_stimuli,rsa,"You will read short stories that describe everyday situations and end with a person saying something.

For each story, there are 4 possible interpretations (a,b,c,d).

Context: I held my overweight nephew in my arms.

Target utterance:
I said: """"Heavier than an elephant.""""

a. My nephew ate a burger that day.
b. Holding my nephew took nothing of my strength.
c. The elephant lumbered slowly across the plain.
d. Holding my nephew took all my strength.

Answer the following questions in order:

1. Literal Listener (L0):
   How would a listener interpret the utterance literally?
   Answer with a letter from a–d.

2. Informative Speaker (S1):
   Which utterance would an informative speaker be most likely to choose, given the situations described in the answer options, assuming that a listener interprets it literally?
   Answer with a letter from a–d.

3. Pragmatic Listener (L1):
   How would a listener interpret this utterance, knowing that the speaker is informative and chooses the most appropriate utterance for the situation described in the answer options?
   Answer with a letter from a–d.

Final Answer:
  Answer with a letter from a–d.","We need answer user's structured multiple-choice task. Need produce final with exact format? They ask answer questions in order: 1 Literal Listener (L0): ... 2 Informative Speaker (S1): ... 3 Pragmatic Listener (L1): ... Final Answer: ... Need likely only letters? Need choose single best answer? Let's analyze.

Context: I held my overweight nephew in my arms.
Target utterance: I said: ""Heavier than an elephant.""
Options:
a. My nephew ate a burger that day.
b. Holding my nephew took nothing of my strength.
c. The elephant lumbered slowly across the plain.
d. Holding my nephew took all my strength.

We","['d', 'b', 'c', 'a']",3,A_NI,"{'a': 17.75, 'b': 15.625, 'c': 15.5, 'd': 19.0}","{'a': 0.2120811939239502, 'b': 0.025329485535621643, 'c': 0.022353194653987885, 'd': 0.7402361035346985}",0.7402361035346985,,,,,"We need answer user's structured multiple-choice task. Need produce final with exact format? They ask answer questions in order: 1 Literal Listener (L0): ... 2 Informative Speaker (S1): ... 3 Pragmatic Listener (L1): ... Final Answer: ... Need likely only letters? Need choose single best answer? Let's analyze.

Context: I held my overweight nephew in my arms.
Target utterance: I said: ""Heavier than an elephant.""
Options:
a. My nephew ate a burger that day.
b. Holding my nephew took nothing of my strength.
c. The elephant lumbered slowly across the plain.
d. Holding my nephew took all my strength.

We",,
C1_05_UA_I,C1_05,10,1,unambiguous,ironic,a,The cake tasted really bad.,Qwen3.8-27B,Condition1B_context_richness_stimuli,rsa,"You will read short stories that describe everyday situations and end with a person saying something.

For each story, there are 4 possible interpretations (a,b,c,d).

Context: She ate a delicious cake.

Target utterance:
She said: """"What an amazing flavour.""""

a. The cake tasted really bad.
b. The cake tasted really good.
c. The soup smelled absolutely delicious
d. The cake had three candles on top.

Answer the following questions in order:

1. Literal Listener (L0):
   How would a listener interpret the utterance literally?
   Answer with a letter from a–d.

2. Informative Speaker (S1):
   Which utterance would an informative speaker be most likely to choose, given the situations described in the answer options, assuming that a listener interprets it literally?
   Answer with a letter from a–d.

3. Pragmatic Listener (L1):
   How would a listener interpret this utterance, knowing that the speaker is informative and chooses the most appropriate utterance for the situation described in the answer options?
   Answer with a letter from a–d.

Final Answer:
  Answer with a letter from a–d.","We need answer user's structured multiple-choice task. Need produce final with exact format? They ask answer questions in order: 1 Literal Listener (L0): ... 2 Informative Speaker (S1): ... 3 Pragmatic Listener (L1): ... Final Answer: ... Need likely output letters. Need analyze.

Context: She ate a delicious cake.
Target utterance: She said: ""What an amazing flavour.""
Options:
a. The cake tasted really bad.
b. The cake tasted really good.
c. The soup smelled absolutely delicious
d. The cake had three candles on top.

1 Literal Listener: utterance literally says amazing flavour. In context cake. Which option literal? b cake","['b', 'a', 'c', 'd']",3,UA_I,"{'a': 15.0625, 'b': 19.875, 'c': 14.4375, 'd': 13.875}","{'a': 0.008007747121155262, 'b': 0.9852638244628906, 'c': 0.004286237992346287, 'd': 0.002442224882543087}",0.9852638244628906,,,,,"We need answer user's structured multiple-choice task. Need produce final with exact format? They ask answer questions in order: 1 Literal Listener (L0): ... 2 Informative Speaker (S1): ... 3 Pragmatic Listener (L1): ... Final Answer: ... Need likely output letters. Need analyze.

Context: She ate a delicious cake.
Target utterance: She said: ""What an amazing flavour.""
Options:
a. The cake tasted really bad.
b. The cake tasted really good.
c. The soup smelled absolutely delicious
d. The cake had three candles on top.

1 Literal Listener: utterance literally says amazing flavour. In context cake. Which option literal? b cake",,
C1_06_UA_NI,C1_06,227,1,unambiguous,non-ironic,c,The medicine tasted surprisingly pleasant.,Qwen3.8-27B,Condition1B_context_richness_stimuli,rsa,"You will read short stories that describe everyday situations and end with a person saying something.

For each story, there are 4 possible interpretations (a,b,c,d).

Context: He swallowed the medicine and found it delicious.

Target utterance:
He said: """"Tastier than expected.""""

a. He kept the medicine in the bathroom cabinet.
b. The cake was tastier than expected.
c. The medicine tasted surprisingly pleasant.
d. The medicine tasted absolutely awful.

Answer the following questions in order:

1. Literal Listener (L0):
   How would a listener interpret the utterance literally?
   Answer with a letter from a–d.

2. Informative Speaker (S1):
   Which utterance would an informative speaker be most likely to choose, given the situations described in the answer options, assuming that a listener interprets it literally?
   Answer with a letter from a–d.

3. Pragmatic Listener (L1):
   How would a listener interpret this utterance, knowing that the speaker is informative and chooses the most appropriate utterance for the situation described in the answer options?
   Answer with a letter from a–d.

Final Answer:
  Answer with a letter from a–d.","We need answer user's structured multiple-choice task. Need produce final with exact format? User says Answer questions in order: 1. Literal Listener (L0): ... 2. Informative Speaker (S1): ... 3. Pragmatic Listener (L1): ... Final Answer: ... Answer with letter from a-d. Need likely output lines. Need analyze.

Context: He swallowed the medicine and found it delicious.
Target utterance: He said: ""Tastier than expected.""
Options:
a. He kept the medicine in the bathroom cabinet.
b. The cake was tastier than expected.
c. The medicine tasted surprisingly pleasant.
d. The medicine tasted absolutely awful.

We need L","['d', 'c', 'a', 'b']",3,UA_NI,"{'a': 16.875, 'b': 15.0, 'c': 19.75, 'd': 14.6875}","{'a': 0.05265658721327782, 'b': 0.008075148798525333, 'c': 0.9333603382110596, 'd': 0.005907905288040638}",0.9333603382110596,,,,,"We need answer user's structured multiple-choice task. Need produce final with exact format? User says Answer questions in order: 1. Literal Listener (L0): ... 2. Informative Speaker (S1): ... 3. Pragmatic Listener (L1): ... Final Answer: ... Answer with letter from a-d. Need likely output lines. Need analyze.

Context: He swallowed the medicine and found it delicious.
Target utterance: He said: ""Tastier than expected.""
Options:
a. He kept the medicine in the bathroom cabinet.
b. The cake was tastier than expected.
c. The medicine tasted surprisingly pleasant.
d. The medicine tasted absolutely awful.

We need L",,
C1_07_A_I,C1_07,253,1,ambiguous,ironic,c,The smoothie was thoroughly nasty.,Qwen3.8-27B,Condition1B_context_richness_stimuli,rsa,"You will read short stories that describe everyday situations and end with a person saying something.

For each story, there are 4 possible interpretations (a,b,c,d).

Context: I took a sip of my smoothie and found it palatable.

Target utterance:
I said: """"What a treat.""""

a. She gave the dog a treat.
b. She was looking for a new smoothie recipe.
c. The smoothie was thoroughly nasty.
d. The smoothie was thoroughly enjoyable.

Answer the following questions in order:

1. Literal Listener (L0):
   How would a listener interpret the utterance literally?
   Answer with a letter from a–d.

2. Informative Speaker (S1):
   Which utterance would an informative speaker be most likely to choose, given the situations described in the answer options, assuming that a listener interprets it literally?
   Answer with a letter from a–d.

3. Pragmatic Listener (L1):
   How would a listener interpret this utterance, knowing that the speaker is informative and chooses the most appropriate utterance for the situation described in the answer options?
   Answer with a letter from a–d.

Final Answer:
  Answer with a letter from a–d.","We need answer user's structured multiple-choice task. Need produce final with exact format? User says Answer following questions in order: 1 Literal Listener (L0): ... 2 Informative Speaker (S1): ... 3 Pragmatic Listener (L1): ... Final Answer: ... Answer with letter from a-d. Need likely include labels? They say exact output format specified in instructions below — do not add extra commentary, headers, or formatting beyond what requested. But user asks answer questions in order. We should output:
1. d
2. d
3. d
Final Answer:
d
Need analyze.

Context: I took a sip of my smoothie and found it palatable. Target utterance: I","['c', 'd', 'b', 'a']",3,A_I,"{'a': 16.0, 'b': 13.1875, 'c': 12.6875, 'd': 19.0}","{'a': 0.047209858894348145, 'b': 0.002835172461345792, 'c': 0.0017196191474795341, 'd': 0.9482353925704956}",0.9482353925704956,,,,d,"We need answer user's structured multiple-choice task. Need produce final with exact format? User says Answer following questions in order: 1 Literal Listener (L0): ... 2 Informative Speaker (S1): ... 3 Pragmatic Listener (L1): ... Final Answer: ... Answer with letter from a-d. Need likely include labels? They say exact output format specified in instructions below — do not add extra commentary, headers, or formatting beyond what requested. But user asks answer questions in order. We should output:
1. d
2. d
3. d
Final Answer:
d
Need analyze.

Context: I took a sip of my smoothie and found it palatable. Target utterance: I",d,a
C1_08_A_NI,C1_08,112,1,ambiguous,non-ironic,c,They liked every single bite of the burger.,Qwen3.8-27B,Condition1B_context_richness_stimuli,rsa,"You will read short stories that describe everyday situations and end with a person saying something.

For each story, there are 4 possible interpretations (a,b,c,d).

Context: They ate a palatable burger.

Target utterance:
They said: """"This burger tasted like heaven.""""

a. They liked the burger more than the pizza.
b. They could barely force themselves to swallow the burger.
c. They liked every single bite of the burger.
d. The burger was the most expensive item on the menu.

Answer the following questions in order:

1. Literal Listener (L0):
   How would a listener interpret the utterance literally?
   Answer with a letter from a–d.

2. Informative Speaker (S1):
   Which utterance would an informative speaker be most likely to choose, given the situations described in the answer options, assuming that a listener interprets it literally?
   Answer with a letter from a–d.

3. Pragmatic Listener (L1):
   How would a listener interpret this utterance, knowing that the speaker is informative and chooses the most appropriate utterance for the situation described in the answer options?
   Answer with a letter from a–d.

Final Answer:
  Answer with a letter from a–d.","We need answer user's structured multiple-choice task. Need produce final with exact format? They ask answer questions in order: 1 Literal Listener (L0): ... 2 Informative Speaker (S1): ... 3 Pragmatic Listener (L1): ... Final Answer: ... Need likely output letters. Need analyze.

Passage: Context: They ate a palatable burger.
Target utterance: They said: ""This burger tasted like heaven.""
Options:
a. They liked the burger more than the pizza.
b. They could barely force themselves to swallow the burger.
c. They liked every single bite of the burger.
d. The burger was the most expensive item on the menu.

We need","['d', 'b', 'a', 'c']",3,A_NI,"{'a': 16.75, 'b': 13.5625, 'c': 18.625, 'd': 13.375}","{'a': 0.13164283335208893, 'b': 0.005433548707515001, 'c': 0.8584191203117371, 'd': 0.00450457027181983}",0.8584191203117371,,,,,"We need answer user's structured multiple-choice task. Need produce final with exact format? They ask answer questions in order: 1 Literal Listener (L0): ... 2 Informative Speaker (S1): ... 3 Pragmatic Listener (L1): ... Final Answer: ... Need likely output letters. Need analyze.

Passage: Context: They ate a palatable burger.
Target utterance: They said: ""This burger tasted like heaven.""
Options:
a. They liked the burger more than the pizza.
b. They could barely force themselves to swallow the burger.
c. They liked every single bite of the burger.
d. The burger was the most expensive item on the menu.

We need",,
C1_09_UA_I,C1_09,71,1,unambiguous,ironic,c,The babysitter was not taking good care of the kids.,Qwen3.8-27B,Condition1B_context_richness_stimuli,rsa,"You will read short stories that describe everyday situations and end with a person saying something.

For each story, there are 4 possible interpretations (a,b,c,d).

Context: They hired a brave babysitter.

Target utterance:
They said: """"The kids are not safe at all.""""

a. The babysitter was taking good care of the kids.
b. The kids had very clean hands.
c. The babysitter was not taking good care of the kids.
d. The babysitter parked her car outside.

Answer the following questions in order:

1. Literal Listener (L0):
   How would a listener interpret the utterance literally?
   Answer with a letter from a–d.

2. Informative Speaker (S1):
   Which utterance would an informative speaker be most likely to choose, given the situations described in the answer options, assuming that a listener interprets it literally?
   Answer with a letter from a–d.

3. Pragmatic Listener (L1):
   How would a listener interpret this utterance, knowing that the speaker is informative and chooses the most appropriate utterance for the situation described in the answer options?
   Answer with a letter from a–d.

Final Answer:
  Answer with a letter from a–d.","We need answer user's structured multiple-choice task. Need produce final with exact format? They ask answer questions in order: 1 Literal Listener (L0): ... 2 Informative Speaker (S1): ... 3 Pragmatic Listener (L1): ... Final Answer: ... Need likely only letters? Need choose single best answer? Let's analyze.

Context: They hired a brave babysitter.
Target utterance: They said: """"The kids are not safe at all.""""
Options:
a. The babysitter was taking good care of the kids.
b. The kids had very clean hands.
c. The babysitter was not taking good care of the kids.
d. The babysitter parked her car","['a', 'c', 'b', 'd']",3,UA_I,"{'a': 17.875, 'b': 13.4375, 'c': 16.625, 'd': 13.9375}","{'a': 0.7588248252868652, 'b': 0.008973456919193268, 'c': 0.2174069583415985, 'd': 0.01479472778737545}",0.7588248252868652,,,,,"We need answer user's structured multiple-choice task. Need produce final with exact format? They ask answer questions in order: 1 Literal Listener (L0): ... 2 Informative Speaker (S1): ... 3 Pragmatic Listener (L1): ... Final Answer: ... Need likely only letters? Need choose single best answer? Let's analyze.

Context: They hired a brave babysitter.
Target utterance: They said: """"The kids are not safe at all.""""
Options:
a. The babysitter was taking good care of the kids.
b. The kids had very clean hands.
c. The babysitter was not taking good care of the kids.
d. The babysitter parked her car",,
C1_10_UA_NI,C1_10,64,1,unambiguous,non-ironic,a,The police officer made them feel very safe.,Qwen3.8-27B,Condition1B_context_richness_stimuli,rsa,"You will read short stories that describe everyday situations and end with a person saying something.

For each story, there are 4 possible interpretations (a,b,c,d).

Context: They met a brave police officer.

Target utterance:
They said: """"We felt so safe around you""""

a. The police officer made them feel very safe.
b. The police officer did not make them feel safe at all.
c. They were sitting in a very safe seat.
d. The police officer drank a cup of coffee.

Answer the following questions in order:

1. Literal Listener (L0):
   How would a listener interpret the utterance literally?
   Answer with a letter from a–d.

2. Informative Speaker (S1):
   Which utterance would an informative speaker be most likely to choose, given the situations described in the answer options, assuming that a listener interprets it literally?
   Answer with a letter from a–d.

3. Pragmatic Listener (L1):
   How would a listener interpret this utterance, knowing that the speaker is informative and chooses the most appropriate utterance for the situation described in the answer options?
   Answer with a letter from a–d.

Final Answer:
  Answer with a letter from a–d.","We need answer user's structured multiple-choice task. Need produce final with exact format? User says Answer following questions in order: 1 Literal Listener (L0): ... 2 Informative Speaker (S1): ... 3 Pragmatic Listener (L1): ... Final Answer: ... Answer with a letter from a-d. Need likely output lines. Need analyze.

Context: They met a brave police officer.
Target utterance: They said: """"We felt so safe around you""""
Options:
a. The police officer made them feel very safe.
b. The police officer did not make them feel safe at all.
c. They were sitting in a very safe seat.
d. The police officer drank a","['a', 'b', 'c', 'd']",3,UA_NI,"{'a': 19.375, 'b': 14.8125, 'c': 15.0625, 'd': 15.0}","{'a': 0.9648560285568237, 'b': 0.01006917655467987, 'c': 0.012929077260196209, 'd': 0.012145744636654854}",0.9648560285568237,,,,,"We need answer user's structured multiple-choice task. Need produce final with exact format? User says Answer following questions in order: 1 Literal Listener (L0): ... 2 Informative Speaker (S1): ... 3 Pragmatic Listener (L1): ... Final Answer: ... Answer with a letter from a-d. Need likely output lines. Need analyze.

Context: They met a brave police officer.
Target utterance: They said: """"We felt so safe around you""""
Options:
a. The police officer made them feel very safe.
b. The police officer did not make them feel safe at all.
c. They were sitting in a very safe seat.
d. The police officer drank a",,
C1_11_A_I,C1_11,131,1,ambiguous,ironic,d,Seeing the pilot made her feel even more anxious.,Qwen3.8-27B,Condition1B_context_richness_stimuli,rsa,"You will read short stories that describe everyday situations and end with a person saying something.

For each story, there are 4 possible interpretations (a,b,c,d).

Context: She noticed the fearless pilot before boarding.

Target utterance:
She said: """"That really shook me up.""""

a. She dated a pilot for several months.
b. She settled into her seat and fastened the belt.
c. Seeing the pilot put her completely at ease.
d. Seeing the pilot made her feel even more anxious.

Answer the following questions in order:

1. Literal Listener (L0):
   How would a listener interpret the utterance literally?
   Answer with a letter from a–d.

2. Informative Speaker (S1):
   Which utterance would an informative speaker be most likely to choose, given the situations described in the answer options, assuming that a listener interprets it literally?
   Answer with a letter from a–d.

3. Pragmatic Listener (L1):
   How would a listener interpret this utterance, knowing that the speaker is informative and chooses the most appropriate utterance for the situation described in the answer options?
   Answer with a letter from a–d.

Final Answer:
  Answer with a letter from a–d.","We need answer user's structured multiple-choice task. Need produce final with exact format? They ask answer questions in order: 1 Literal Listener (L0): ... 2 Informative Speaker (S1): ... 3 Pragmatic Listener (L1): ... Final Answer: ... Need likely output letters. Need analyze.

Passage: Context: She noticed the fearless pilot before boarding.
Target utterance: She said: ""That really shook me up.""
Options:
a. She dated a pilot for several months.
b. She settled into her seat and fastened the belt.
c. Seeing the pilot put her completely at ease.
d. Seeing the pilot made her feel even more anxious.

We need","['d', 'c', 'a', 'b']",3,A_I,"{'a': 16.75, 'b': 16.5, 'c': 16.375, 'd': 18.125}","{'a': 0.15573494136333466, 'b': 0.12128650397062302, 'c': 0.10703495889902115, 'd': 0.6159436702728271}",0.6159436702728271,,,,,"We need answer user's structured multiple-choice task. Need produce final with exact format? They ask answer questions in order: 1 Literal Listener (L0): ... 2 Informative Speaker (S1): ... 3 Pragmatic Listener (L1): ... Final Answer: ... Need likely output letters. Need analyze.

Passage: Context: She noticed the fearless pilot before boarding.
Target utterance: She said: ""That really shook me up.""
Options:
a. She dated a pilot for several months.
b. She settled into her seat and fastened the belt.
c. Seeing the pilot put her completely at ease.
d. Seeing the pilot made her feel even more anxious.

We need",,
C1_12_A_NI,C1_12,183,1,ambiguous,non-ironic,a,His father showed no fear at all.,Qwen3.8-27B,Condition1B_context_richness_stimuli,rsa,"You will read short stories that describe everyday situations and end with a person saying something.

For each story, there are 4 possible interpretations (a,b,c,d).

Context: He saw his fearless father.

Target utterance:
He said: """"Brave as a lion""""

a. His father showed no fear at all.
b. His father's face was full of fear.
c. The lion prowled across the savannah.
d. His father wore a blue jacket.

Answer the following questions in order:

1. Literal Listener (L0):
   How would a listener interpret the utterance literally?
   Answer with a letter from a–d.

2. Informative Speaker (S1):
   Which utterance would an informative speaker be most likely to choose, given the situations described in the answer options, assuming that a listener interprets it literally?
   Answer with a letter from a–d.

3. Pragmatic Listener (L1):
   How would a listener interpret this utterance, knowing that the speaker is informative and chooses the most appropriate utterance for the situation described in the answer options?
   Answer with a letter from a–d.

Final Answer:
  Answer with a letter from a–d.","We need answer user's structured multiple-choice task. Need produce final with exact format? User says Answer following questions in order: 1 Literal Listener (L0): ... 2 Informative Speaker (S1): ... 3 Pragmatic Listener (L1): ... Final Answer: ... Answer with a letter from a-d. Need likely output lines. Need analyze.

Passage: Context: He saw his fearless father.
Target utterance: He said: """"Brave as a lion""""
Options:
a. His father showed no fear at all.
b. His father's face was full of fear.
c. The lion prowled across the savannah.
d. His father wore a blue jacket.

","['a', 'b', 'c', 'd']",3,A_NI,"{'a': 17.625, 'b': 14.1875, 'c': 14.5625, 'd': 13.25}","{'a': 0.9161673784255981, 'b': 0.029450153931975365, 'c': 0.042849719524383545, 'd': 0.011532844975590706}",0.9161673784255981,,,,,"We need answer user's structured multiple-choice task. Need produce final with exact format? User says Answer following questions in order: 1 Literal Listener (L0): ... 2 Informative Speaker (S1): ... 3 Pragmatic Listener (L1): ... Final Answer: ... Answer with a letter from a-d. Need likely output lines. Need analyze.

Passage: Context: He saw his fearless father.
Target utterance: He said: """"Brave as a lion""""
Options:
a. His father showed no fear at all.
b. His father's face was full of fear.
c. The lion prowled across the savannah.
d. His father wore a blue jacket.",,
C1_13_UA_I,C1_13,273,1,unambiguous,ironic,b,"His girlfriend clearly looked worn out, not refreshed at all.",Qwen3.8-27B,Condition1B_context_richness_stimuli,rsa,"You will read short stories that describe everyday situations and end with a person saying something.

For each story, there are 4 possible interpretations (a,b,c,d).

Context: He saw his hyperactive girlfriend.

Target utterance:
He said: """"You look like you've been awake since birth.""""

a. He was planning to surprise his girlfriend with a home-cooked meal.
b. His girlfriend clearly looked worn out, not refreshed at all.
c. He had just bought her a refreshing cold drink.
d. To him, his girlfriend looked well-rested and full of energy.

Answer the following questions in order:

1. Literal Listener (L0):
   How would a listener interpret the utterance literally?
   Answer with a letter from a–d.

2. Informative Speaker (S1):
   Which utterance would an informative speaker be most likely to choose, given the situations described in the answer options, assuming that a listener interprets it literally?
   Answer with a letter from a–d.

3. Pragmatic Listener (L1):
   How would a listener interpret this utterance, knowing that the speaker is informative and chooses the most appropriate utterance for the situation described in the answer options?
   Answer with a letter from a–d.

Final Answer:
  Answer with a letter from a–d.","We need answer user's structured multiple-choice task. Need produce final with exact format? They ask answer questions in order: 1 Literal Listener (L0): ... 2 Informative Speaker (S1): ... 3 Pragmatic Listener (L1): ... Final Answer: ... Need likely output letters. Need analyze.

Passage: Context: He saw his hyperactive girlfriend.
Target utterance: He said: ""You look like you've been awake since birth.""
Options:
a. He was planning to surprise his girlfriend with a home-cooked meal.
b. His girlfriend clearly looked worn out, not refreshed at all.
c. He had just bought her a refreshing cold drink.
d. To him","['d', 'b', 'c', 'a']",3,UA_I,"{'a': 16.125, 'b': 18.375, 'c': 15.8125, 'd': 19.375}","{'a': 0.02701994962990284, 'b': 0.25635814666748047, 'c': 0.01976821757853031, 'd': 0.6968536972999573}",0.6968536972999573,,,,,"We need answer user's structured multiple-choice task. Need produce final with exact format? They ask answer questions in order: 1 Literal Listener (L0): ... 2 Informative Speaker (S1): ... 3 Pragmatic Listener (L1): ... Final Answer: ... Need likely output letters. Need analyze.

Passage: Context: He saw his hyperactive girlfriend.
Target utterance: He said: ""You look like you've been awake since birth.""
Options:
a. He was planning to surprise his girlfriend with a home-cooked meal.
b. His girlfriend clearly looked worn out, not refreshed at all.
c. He had just bought her a refreshing cold drink.
d. To him",,
C1_14_UA_NI,C1_14,98,1,unambiguous,non-ironic,b,Her colleague seemed very energetic today.,Qwen3.8-27B,Condition1B_context_richness_stimuli,rsa,"You will read short stories that describe everyday situations and end with a person saying something.

For each story, there are 4 possible interpretations (a,b,c,d).

Context: She saw her hyperactive colleague.

Target utterance:
She said: """"You seem so full of energy today.""""

a. She was redecorating the office of her colleague.
b. Her colleague seemed very energetic today.
c. She filled up the car with energy.
d. Her colleague seemed very tired today.

Answer the following questions in order:

1. Literal Listener (L0):
   How would a listener interpret the utterance literally?
   Answer with a letter from a–d.

2. Informative Speaker (S1):
   Which utterance would an informative speaker be most likely to choose, given the situations described in the answer options, assuming that a listener interprets it literally?
   Answer with a letter from a–d.

3. Pragmatic Listener (L1):
   How would a listener interpret this utterance, knowing that the speaker is informative and chooses the most appropriate utterance for the situation described in the answer options?
   Answer with a letter from a–d.

Final Answer:
  Answer with a letter from a–d.","We need answer user's structured multiple-choice task. Need produce final with exact format? User says Answer following questions in order: 1 Literal Listener (L0): ... Answer with letter. 2 Informative Speaker (S1): ... Answer with letter. 3 Pragmatic Listener (L1): ... Answer with letter. Final Answer: Answer with letter. Need likely output lines. Need analyze.

Passage: Context: She saw her hyperactive colleague.
Target utterance: She said: ""You seem so full of energy today.""
Options:
a. She was redecorating the office of her colleague.
b. Her colleague seemed very energetic today.
c. She filled up the car with energy.
","['d', 'a', 'c', 'b']",3,UA_NI,"{'a': 14.625, 'b': 19.25, 'c': 14.9375, 'd': 15.375}","{'a': 0.00939085241407156, 'b': 0.9578930139541626, 'c': 0.012835772708058357, 'd': 0.01988043449819088}",0.9578930139541626,,,,a,"We need answer user's structured multiple-choice task. Need produce final with exact format? User says Answer following questions in order: 1 Literal Listener (L0): ... Answer with letter. 2 Informative Speaker (S1): ... Answer with letter. 3 Pragmatic Listener (L1): ... Answer with letter. Final Answer: Answer with letter. Need likely output lines. Need analyze.

Passage: Context: She saw her hyperactive colleague.
Target utterance: She said: ""You seem so full of energy today.""
Options:
a. She was redecorating the office of her colleague.
b. Her colleague seemed very energetic today.
c. She filled up the car with energy.",a,d
C1_15_A_I,C1_15,142,1,ambiguous,ironic,d,They felt really exhausted after the sleepover.,Qwen3.8-27B,Condition1B_context_richness_stimuli,rsa,"You will read short stories that describe everyday situations and end with a person saying something.

For each story, there are 4 possible interpretations (a,b,c,d).

Context: After the sleepover, they were energetic.

Target utterance:
They said:  """"We never felt more tired in our lifes.""""

a. They did sleep overs once a year.
b. They felt very well-rested after the sleepover.
c. They rested the heavy boxes on the floor.
d. They felt really exhausted after the sleepover.

Answer the following questions in order:

1. Literal Listener (L0):
   How would a listener interpret the utterance literally?
   Answer with a letter from a–d.

2. Informative Speaker (S1):
   Which utterance would an informative speaker be most likely to choose, given the situations described in the answer options, assuming that a listener interprets it literally?
   Answer with a letter from a–d.

3. Pragmatic Listener (L1):
   How would a listener interpret this utterance, knowing that the speaker is informative and chooses the most appropriate utterance for the situation described in the answer options?
   Answer with a letter from a–d.

Final Answer:
  Answer with a letter from a–d.","We need answer user's structured multiple-choice task. Need produce final with exact format? They ask answer questions in order: 1 Literal Listener (L0): ... 2 Informative Speaker (S1): ... 3 Pragmatic Listener (L1): ... Final Answer: ... Need likely output lines. Need analyze.

Passage: Context: After the sleepover, they were energetic.
Target utterance: They said: """"We never felt more tired in our lifes.""""
Options:
a. They did sleep overs once a year.
b. They felt very well-rested after the sleepover.
c. They rested the heavy boxes on the floor.
d. They felt really exhausted after the sleepover.","['d', 'a', 'c', 'b']",3,A_I,"{'a': 17.875, 'b': 12.4375, 'c': 12.625, 'd': 15.6875}","{'a': 0.8914287090301514, 'b': 0.0038780230097472668, 'c': 0.004677788354456425, 'd': 0.10001552850008011}",0.8914287090301514,,,,,"We need answer user's structured multiple-choice task. Need produce final with exact format? They ask answer questions in order: 1 Literal Listener (L0): ... 2 Informative Speaker (S1): ... 3 Pragmatic Listener (L1): ... Final Answer: ... Need likely output lines. Need analyze.

Passage: Context: After the sleepover, they were energetic.
Target utterance: They said: """"We never felt more tired in our lifes.""""
Options:
a. They did sleep overs once a year.
b. They felt very well-rested after the sleepover.
c. They rested the heavy boxes on the floor.
d. They felt really exhausted after the sleepover.",,
C1_16_A_NI,C1_16,143,1,ambiguous,non-ironic,b,I felt fully prepared and ready for the exam.,Qwen3.8-27B,Condition1B_context_richness_stimuli,rsa,"You will read short stories that describe everyday situations and end with a person saying something.

For each story, there are 4 possible interpretations (a,b,c,d).

Context: Right before my exam, I felt really energetic

Target utterance:
I said: """"I have never felt more ready.""""

a. Dinner was ready by seven o'clock.
b. I felt fully prepared and ready for the exam.
c. The exam started at nine o'clock.
d. Deep down I felt completely unprepared for the exam.

Answer the following questions in order:

1. Literal Listener (L0):
   How would a listener interpret the utterance literally?
   Answer with a letter from a–d.

2. Informative Speaker (S1):
   Which utterance would an informative speaker be most likely to choose, given the situations described in the answer options, assuming that a listener interprets it literally?
   Answer with a letter from a–d.

3. Pragmatic Listener (L1):
   How would a listener interpret this utterance, knowing that the speaker is informative and chooses the most appropriate utterance for the situation described in the answer options?
   Answer with a letter from a–d.

Final Answer:
  Answer with a letter from a–d.","We need answer user's structured multiple-choice task. Need produce final with exact format? User says Answer following questions in order: 1 Literal Listener (L0): ... 2 Informative Speaker (S1): ... 3 Pragmatic Listener (L1): ... Final Answer: ... Answer with letter from a-d. Need likely output lines. Need think.

Passage: Context: Right before my exam, I felt really energetic. Target utterance: I said: """"I have never felt more ready.""""
Options:
a. Dinner was ready by seven o'clock.
b. I felt fully prepared and ready for the exam.
c. The exam started at nine o'clock.
d. Deep down I felt completely","['c', 'a', 'd', 'b']",3,A_NI,"{'a': 15.0625, 'b': 18.875, 'c': 14.4375, 'd': 18.0}","{'a': 0.01522827334702015, 'b': 0.6892842650413513, 'c': 0.008151107467710972, 'd': 0.28733643889427185}",0.6892842650413513,,,,,"We need answer user's structured multiple-choice task. Need produce final with exact format? User says Answer following questions in order: 1 Literal Listener (L0): ... 2 Informative Speaker (S1): ... 3 Pragmatic Listener (L1): ... Final Answer: ... Answer with letter from a-d. Need likely output lines. Need think.

Passage: Context: Right before my exam, I felt really energetic. Target utterance: I said: """"I have never felt more ready.""""
Options:
a. Dinner was ready by seven o'clock.
b. I felt fully prepared and ready for the exam.
c. The exam started at nine o'clock.
d. Deep down I felt completely",,
C1_17_UA_I,C1_17,116,1,unambiguous,ironic,d,Her idea was outdated.,Qwen3.8-27B,Condition1B_context_richness_stimuli,rsa,"You will read short stories that describe everyday situations and end with a person saying something.

For each story, there are 4 possible interpretations (a,b,c,d).

Context: She had an ancient idea.

Target utterance:
She said: """"Truly ahead of its time.""""

a. Her idea was innovative.
b. She had arrived early.
c. She had the idea to redecorate her office.
d. Her idea was outdated.

Answer the following questions in order:

1. Literal Listener (L0):
   How would a listener interpret the utterance literally?
   Answer with a letter from a–d.

2. Informative Speaker (S1):
   Which utterance would an informative speaker be most likely to choose, given the situations described in the answer options, assuming that a listener interprets it literally?
   Answer with a letter from a–d.

3. Pragmatic Listener (L1):
   How would a listener interpret this utterance, knowing that the speaker is informative and chooses the most appropriate utterance for the situation described in the answer options?
   Answer with a letter from a–d.

Final Answer:
  Answer with a letter from a–d.","We need answer user's structured multiple-choice task. Need produce final with exact format? User says answer questions in order: 1. Literal Listener (L0): ... Answer with letter. 2. Informative Speaker (S1): ... Answer with letter. 3. Pragmatic Listener (L1): ... Answer with letter. Final Answer: Answer with letter. Need likely output lines. Need analyze.

Context: She had an ancient idea.
Target utterance: She said: """"Truly ahead of its time.""""
Options:
a. Her idea was innovative.
b. She had arrived early.
c. She had the idea to redecorate her office.
d. Her idea was outdated.

","['a', 'c', 'd', 'b']",3,UA_I,"{'a': 16.375, 'b': 14.5625, 'c': 14.5625, 'd': 18.0}","{'a': 0.15613022446632385, 'b': 0.025487558916211128, 'c': 0.025487558916211128, 'd': 0.7928946614265442}",0.7928946614265442,,,,a,"We need answer user's structured multiple-choice task. Need produce final with exact format? User says answer questions in order: 1. Literal Listener (L0): ... Answer with letter. 2. Informative Speaker (S1): ... Answer with letter. 3. Pragmatic Listener (L1): ... Answer with letter. Final Answer: Answer with letter. Need likely output lines. Need analyze.

Context: She had an ancient idea.
Target utterance: She said: """"Truly ahead of its time.""""
Options:
a. Her idea was innovative.
b. She had arrived early.
c. She had the idea to redecorate her office.
d. Her idea was outdated.",a,a
C1_18_UA_NI,C1_18,280,1,unambiguous,non-ironic,b,He found the approach genuinely new and creative.,Qwen3.8-27B,Condition1B_context_richness_stimuli,rsa,"You will read short stories that describe everyday situations and end with a person saying something.

For each story, there are 4 possible interpretations (a,b,c,d).

Context: It was an ancient approach. 

Target utterance:
He said: """"How refreshingly innovative.""""

a. He researched new approaches for several months.
b. He found the approach genuinely new and creative.
c. Refreshments were served at the end of the presentation.
d. In his view, it was a stale approach he had seen many times before.

Answer the following questions in order:

1. Literal Listener (L0):
   How would a listener interpret the utterance literally?
   Answer with a letter from a–d.

2. Informative Speaker (S1):
   Which utterance would an informative speaker be most likely to choose, given the situations described in the answer options, assuming that a listener interprets it literally?
   Answer with a letter from a–d.

3. Pragmatic Listener (L1):
   How would a listener interpret this utterance, knowing that the speaker is informative and chooses the most appropriate utterance for the situation described in the answer options?
   Answer with a letter from a–d.

Final Answer:
  Answer with a letter from a–d.","We need answer user's structured multiple-choice task. Need produce final with exact format? User says Answer following questions in order: 1 Literal Listener (L0): ... 2 Informative Speaker (S1): ... 3 Pragmatic Listener (L1): ... Final Answer: ... Need likely output lines. Need choose single best answer? They ask answer questions in order and final answer. Need maybe include all. Let's analyze.

Context: It was an ancient approach.
Target utterance: He said: ""How refreshingly innovative.""
Options:
a. He researched new approaches for several months.
b. He found the approach genuinely new and creative.
c. Refreshments were served at the end of the presentation","['d', 'a', 'c', 'b']",3,UA_NI,"{'a': 15.5, 'b': 16.75, 'c': 15.625, 'd': 18.875}","{'a': 0.02869623713195324, 'b': 0.10015971213579178, 'c': 0.032517097890377045, 'd': 0.8386269807815552}",0.8386269807815552,,,,,"We need answer user's structured multiple-choice task. Need produce final with exact format? User says Answer following questions in order: 1 Literal Listener (L0): ... 2 Informative Speaker (S1): ... 3 Pragmatic Listener (L1): ... Final Answer: ... Need likely output lines. Need choose single best answer? They ask answer questions in order and final answer. Need maybe include all. Let's analyze.

Context: It was an ancient approach.
Target utterance: He said: ""How refreshingly innovative.""
Options:
a. He researched new approaches for several months.
b. He found the approach genuinely new and creative.
c. Refreshments were served at the end of the presentation",,
C1_19_A_I,C1_19,286,1,ambiguous,ironic,b,"To her, the tradition felt stale and long past its use.",Qwen3.8-27B,Condition1B_context_richness_stimuli,rsa,"You will read short stories that describe everyday situations and end with a person saying something.

For each story, there are 4 possible interpretations (a,b,c,d).

Context: The tradition was old.

Target utterance:
She said: """"How wonderfully timeless.""""

a. She read about the tradition in a local history book.
b. To her, the tradition felt stale and long past its use.
c. She found the tradition beautifully enduring and meaningful.
d. The clock ticked for over a century.

Answer the following questions in order:

1. Literal Listener (L0):
   How would a listener interpret the utterance literally?
   Answer with a letter from a–d.

2. Informative Speaker (S1):
   Which utterance would an informative speaker be most likely to choose, given the situations described in the answer options, assuming that a listener interprets it literally?
   Answer with a letter from a–d.

3. Pragmatic Listener (L1):
   How would a listener interpret this utterance, knowing that the speaker is informative and chooses the most appropriate utterance for the situation described in the answer options?
   Answer with a letter from a–d.

Final Answer:
  Answer with a letter from a–d.","We need answer user's structured multiple-choice task. Need produce final with exact format? They ask answer questions in order: 1. Literal Listener (L0): ... 2. Informative Speaker (S1): ... 3. Pragmatic Listener (L1): ... Final Answer: ... Need likely output letters. Need analyze.

Passage: Context: The tradition was old.
Target utterance: She said: ""How wonderfully timeless.""
Options:
a. She read about the tradition in a local history book.
b. To her, the tradition felt stale and long past its use.
c. She found the tradition beautifully enduring and meaningful.
d. The clock ticked for over a century.

","['d', 'b', 'a', 'c']",3,A_I,"{'a': 15.125, 'b': 13.625, 'c': 18.625, 'd': 13.625}","{'a': 0.028933752328157425, 'b': 0.006455992814153433, 'c': 0.9581542611122131, 'd': 0.006455992814153433}",0.9581542611122131,,,,,"We need answer user's structured multiple-choice task. Need produce final with exact format? They ask answer questions in order: 1. Literal Listener (L0): ... 2. Informative Speaker (S1): ... 3. Pragmatic Listener (L1): ... Final Answer: ... Need likely output letters. Need analyze.

Passage: Context: The tradition was old.
Target utterance: She said: ""How wonderfully timeless.""
Options:
a. She read about the tradition in a local history book.
b. To her, the tradition felt stale and long past its use.
c. She found the tradition beautifully enduring and meaningful.
d. The clock ticked for over a century.",,
C1_20_A_NI,C1_20,201,1,ambiguous,non-ironic,c,She liked the smell of her car.,Qwen3.8-27B,Condition1B_context_richness_stimuli,rsa,"You will read short stories that describe everyday situations and end with a person saying something.

For each story, there are 4 possible interpretations (a,b,c,d).

Context: She bought an old car.

Target utterance:
She says: """"I just love the new car smell.""""

a. She took her car to the gas station.
b. She was disappointed with the smell of her car.
c. She liked the smell of her car.
d. She could smell what her husband was cooking.

Answer the following questions in order:

1. Literal Listener (L0):
   How would a listener interpret the utterance literally?
   Answer with a letter from a–d.

2. Informative Speaker (S1):
   Which utterance would an informative speaker be most likely to choose, given the situations described in the answer options, assuming that a listener interprets it literally?
   Answer with a letter from a–d.

3. Pragmatic Listener (L1):
   How would a listener interpret this utterance, knowing that the speaker is informative and chooses the most appropriate utterance for the situation described in the answer options?
   Answer with a letter from a–d.

Final Answer:
  Answer with a letter from a–d.","We need answer user's structured multiple-choice task. Need produce final with exact format? They ask answer questions in order: 1 Literal Listener (L0): ... 2 Informative Speaker (S1): ... 3 Pragmatic Listener (L1): ... Final Answer: ... Need likely output letters. Need analyze.

Context: She bought an old car.
Target utterance: She says: ""I just love the new car smell.""
Options:
a. She took her car to the gas station.
b. She was disappointed with the smell of her car.
c. She liked the smell of her car.
d. She could smell what her husband was cooking.

We need choose single best answer?","['d', 'b', 'a', 'c']",3,A_NI,"{'a': 18.5, 'b': 11.3125, 'c': 15.9375, 'd': 11.125}","{'a': 0.927218496799469, 'b': 0.0007009555702097714, 'c': 0.07149941474199295, 'd': 0.0005811126320622861}",0.927218496799469,,,,,"We need answer user's structured multiple-choice task. Need produce final with exact format? They ask answer questions in order: 1 Literal Listener (L0): ... 2 Informative Speaker (S1): ... 3 Pragmatic Listener (L1): ... Final Answer: ... Need likely output letters. Need analyze.

Context: She bought an old car.
Target utterance: She says: ""I just love the new car smell.""
Options:
a. She took her car to the gas station.
b. She was disappointed with the smell of her car.
c. She liked the smell of her car.
d. She could smell what her husband was cooking.

We need choose single best answer?",,
C1_21_UA_I,C1_21,166,1,unambiguous,ironic,b,The birthday party was a disappointment.,Qwen3.8-27B,Condition1B_context_richness_stimuli,rsa,"You will read short stories that describe everyday situations and end with a person saying something.

For each story, there are 4 possible interpretations (a,b,c,d).

Context: She left the birthday party feeling delighted.

Target utterance:
She says: """"Truly a night to remember.""""

a. The birthday party was a great success.
b. The birthday party was a disappointment.
c. She had trouble remembering things.
d. She planned her next birthday party.

Answer the following questions in order:

1. Literal Listener (L0):
   How would a listener interpret the utterance literally?
   Answer with a letter from a–d.

2. Informative Speaker (S1):
   Which utterance would an informative speaker be most likely to choose, given the situations described in the answer options, assuming that a listener interprets it literally?
   Answer with a letter from a–d.

3. Pragmatic Listener (L1):
   How would a listener interpret this utterance, knowing that the speaker is informative and chooses the most appropriate utterance for the situation described in the answer options?
   Answer with a letter from a–d.

Final Answer:
  Answer with a letter from a–d.","We need answer user's structured multiple-choice task. Need produce final with exact format? They ask answer questions in order: 1. Literal Listener (L0): ... 2. Informative Speaker (S1): ... 3. Pragmatic Listener (L1): ... Final Answer: ... Need likely output lines. Need choose single best? Let's analyze.

Context: She left the birthday party feeling delighted.
Target utterance: She says: ""Truly a night to remember.""
Options:
a. The birthday party was a great success.
b. The birthday party was a disappointment.
c. She had trouble remembering things.
d. She planned her next birthday party.

Questions:
1 Literal","['a', 'b', 'c', 'd']",3,UA_I,"{'a': 18.25, 'b': 14.8125, 'c': 15.8125, 'd': 14.8125}","{'a': 0.8683052062988281, 'b': 0.027911625802516937, 'c': 0.07587166130542755, 'd': 0.027911625802516937}",0.8683052062988281,,,,,"We need answer user's structured multiple-choice task. Need produce final with exact format? They ask answer questions in order: 1. Literal Listener (L0): ... 2. Informative Speaker (S1): ... 3. Pragmatic Listener (L1): ... Final Answer: ... Need likely output lines. Need choose single best? Let's analyze.

Context: She left the birthday party feeling delighted.
Target utterance: She says: ""Truly a night to remember.""
Options:
a. The birthday party was a great success.
b. The birthday party was a disappointment.
c. She had trouble remembering things.
d. She planned her next birthday party.

Questions:
1 Literal",,
C1_22_UA_NI,C1_22,213,1,unambiguous,non-ironic,a,The wedding was a beautiful and enchanting occasion.,Qwen3.8-27B,Condition1B_context_richness_stimuli,rsa,"You will read short stories that describe everyday situations and end with a person saying something.

For each story, there are 4 possible interpretations (a,b,c,d).

Context: She left the wedding feeling delighted.

Target utterance:
She says: """"What a magical day.""""

a. The wedding was a beautiful and enchanting occasion.
b. The magician wowed all the guests at the reception.
c. She helped organise the flowers for the wedding beforehand.
d. The wedding had been a dull, disappointing event from start to finish.

Answer the following questions in order:

1. Literal Listener (L0):
   How would a listener interpret the utterance literally?
   Answer with a letter from a–d.

2. Informative Speaker (S1):
   Which utterance would an informative speaker be most likely to choose, given the situations described in the answer options, assuming that a listener interprets it literally?
   Answer with a letter from a–d.

3. Pragmatic Listener (L1):
   How would a listener interpret this utterance, knowing that the speaker is informative and chooses the most appropriate utterance for the situation described in the answer options?
   Answer with a letter from a–d.

Final Answer:
  Answer with a letter from a–d.","We need answer user's structured multiple-choice task. Need produce final with exact format? User says Answer following questions in order: 1. Literal Listener (L0): ... Answer with a letter. 2. Informative Speaker (S1): ... Answer with a letter. 3. Pragmatic Listener (L1): ... Answer with a letter. Final Answer: Answer with a letter. Need likely output lines. Need choose best.

Context: She left the wedding feeling delighted. Target utterance: She says: ""What a magical day.""
Options:
a. The wedding was a beautiful and enchanting occasion.
b. The magician wowed all the guests at the reception.
c. She helped organise the flowers","['a', 'c', 'd', 'b']",3,UA_NI,"{'a': 19.75, 'b': 14.25, 'c': 14.375, 'd': 15.8125}","{'a': 0.9725596308708191, 'b': 0.00397462910041213, 'c': 0.004503844305872917, 'd': 0.018961893394589424}",0.9725596308708191,,,,a,"We need answer user's structured multiple-choice task. Need produce final with exact format? User says Answer following questions in order: 1. Literal Listener (L0): ... Answer with a letter. 2. Informative Speaker (S1): ... Answer with a letter. 3. Pragmatic Listener (L1): ... Answer with a letter. Final Answer: Answer with a letter. Need likely output lines. Need choose best.

Context: She left the wedding feeling delighted. Target utterance: She says: ""What a magical day.""
Options:
a. The wedding was a beautiful and enchanting occasion.
b. The magician wowed all the guests at the reception.
c. She helped organise the flowers",a,a
C1_23_A_I,C1_23,49,1,ambiguous,ironic,c,They had found the film funny from start to finish.,Qwen3.8-27B,Condition1B_context_richness_stimuli,rsa,"You will read short stories that describe everyday situations and end with a person saying something.

For each story, there are 4 possible interpretations (a,b,c,d).

Context: They left the cinema feeling happy.

Target utterance:
They say: """"What a painfull film.""""

a. The injection was over quickly, but it was painful.
b. They had found the film dull from start to finish.
c. They had found the film funny from start to finish.
d. They went to the same cinema as always.

Answer the following questions in order:

1. Literal Listener (L0):
   How would a listener interpret the utterance literally?
   Answer with a letter from a–d.

2. Informative Speaker (S1):
   Which utterance would an informative speaker be most likely to choose, given the situations described in the answer options, assuming that a listener interprets it literally?
   Answer with a letter from a–d.

3. Pragmatic Listener (L1):
   How would a listener interpret this utterance, knowing that the speaker is informative and chooses the most appropriate utterance for the situation described in the answer options?
   Answer with a letter from a–d.

Final Answer:
  Answer with a letter from a–d.","We need answer user's structured multiple-choice task. Need produce final with exact format? User says Answer questions in order: 1. Literal Listener (L0): ... 2. Informative Speaker (S1): ... 3. Pragmatic Listener (L1): ... Final Answer: ... Answer with letter from a-d. Need likely output lines. Need analyze.

Context: They left the cinema feeling happy.
Target utterance: They say: """"What a painfull film."""" (typo painfull, likely painful)
Options:
a. The injection was over quickly, but it was painful.
b. They had found the film dull from start to finish.
c. They had found the film funny from","['c', 'a', 'b', 'd']",3,A_I,"{'a': 17.125, 'b': 17.875, 'c': 19.625, 'd': 17.25}","{'a': 0.060854487121105194, 'b': 0.12882894277572632, 'c': 0.7413594126701355, 'd': 0.06895717233419418}",0.7413594126701355,,,,,"We need answer user's structured multiple-choice task. Need produce final with exact format? User says Answer questions in order: 1. Literal Listener (L0): ... 2. Informative Speaker (S1): ... 3. Pragmatic Listener (L1): ... Final Answer: ... Answer with letter from a-d. Need likely output lines. Need analyze.

Context: They left the cinema feeling happy.
Target utterance: They say: """"What a painfull film."""" (typo painfull, likely painful)
Options:
a. The injection was over quickly, but it was painful.
b. They had found the film dull from start to finish.
c. They had found the film funny from",,
C1_24_A_NI,C1_24,107,1,ambiguous,non-ironic,a,The message brought good news.,Qwen3.8-27B,Condition1B_context_richness_stimuli,rsa,"You will read short stories that describe everyday situations and end with a person saying something.

For each story, there are 4 possible interpretations (a,b,c,d).

Context: She received a message and was happy.

Target utterance:
She says: """"These are amazing news.""""

a. The message brought good news.
b. The message brought negative news.
c. She wanted to send a message.
d. What she read was news to her.

Answer the following questions in order:

1. Literal Listener (L0):
   How would a listener interpret the utterance literally?
   Answer with a letter from a–d.

2. Informative Speaker (S1):
   Which utterance would an informative speaker be most likely to choose, given the situations described in the answer options, assuming that a listener interprets it literally?
   Answer with a letter from a–d.

3. Pragmatic Listener (L1):
   How would a listener interpret this utterance, knowing that the speaker is informative and chooses the most appropriate utterance for the situation described in the answer options?
   Answer with a letter from a–d.

Final Answer:
  Answer with a letter from a–d.","We need answer user's structured multiple-choice task. Need produce final with exact format? They ask answer questions in order: 1. Literal Listener (L0): ... 2. Informative Speaker (S1): ... 3. Pragmatic Listener (L1): ... Final Answer: ... Need likely output letters. Need analyze.

Context: She received a message and was happy.
Target utterance: She says: ""These are amazing news.""
Options:
a. The message brought good news.
b. The message brought negative news.
c. She wanted to send a message.
d. What she read was news to her.

We need choose single best answer? The prompt says for each story ","['a', 'b', 'd', 'c']",3,A_NI,"{'a': 17.75, 'b': 9.8125, 'c': 10.6875, 'd': 10.4375}","{'a': 0.9981226325035095, 'b': 0.0003564277139957994, 'c': 0.000855025602504611, 'd': 0.0006658946513198316}",0.9981226325035095,,,,,"We need answer user's structured multiple-choice task. Need produce final with exact format? They ask answer questions in order: 1. Literal Listener (L0): ... 2. Informative Speaker (S1): ... 3. Pragmatic Listener (L1): ... Final Answer: ... Need likely output letters. Need analyze.

Context: She received a message and was happy.
Target utterance: She says: ""These are amazing news.""
Options:
a. The message brought good news.
b. The message brought negative news.
c. She wanted to send a message.
d. What she read was news to her.

We need choose single best answer? The prompt says for each story",,
C1_25_UA_I,C1_25,161,1,unambiguous,ironic,d,Her exam answers were embarrassingly poor.,Qwen3.8-27B,Condition1B_context_richness_stimuli,rsa,"You will read short stories that describe everyday situations and end with a person saying something.

For each story, there are 4 possible interpretations (a,b,c,d).

Context: Her answers in the exam were brilliant.

Target utterance:
She says: """"What a genius.""""

a. She studied for her next exam.
b. Her exam answers were impressively smart.
c. She had a high IQ.
d. Her exam answers were embarrassingly poor.

Answer the following questions in order:

1. Literal Listener (L0):
   How would a listener interpret the utterance literally?
   Answer with a letter from a–d.

2. Informative Speaker (S1):
   Which utterance would an informative speaker be most likely to choose, given the situations described in the answer options, assuming that a listener interprets it literally?
   Answer with a letter from a–d.

3. Pragmatic Listener (L1):
   How would a listener interpret this utterance, knowing that the speaker is informative and chooses the most appropriate utterance for the situation described in the answer options?
   Answer with a letter from a–d.

Final Answer:
  Answer with a letter from a–d.","We need answer user's structured multiple-choice task. Need produce final with exact format? They ask answer questions in order: 1 Literal Listener (L0): ... 2 Informative Speaker (S1): ... 3 Pragmatic Listener (L1): ... Final Answer: ... Need likely output letters. Need analyze.

Context: Her answers in the exam were brilliant.
Target utterance: She says: ""What a genius.""
Options:
a. She studied for her next exam.
b. Her exam answers were impressively smart.
c. She had a high IQ.
d. Her exam answers were embarrassingly poor.

We need interpret. This is likely from pragmatics / iterative reasoning. Literal listener","['d', 'a', 'c', 'b']",3,UA_I,"{'a': 15.9375, 'b': 19.875, 'c': 17.25, 'd': 16.25}","{'a': 0.017429949715733528, 'b': 0.89398592710495, 'c': 0.06476012617349625, 'd': 0.023823916912078857}",0.89398592710495,,,,,"We need answer user's structured multiple-choice task. Need produce final with exact format? They ask answer questions in order: 1 Literal Listener (L0): ... 2 Informative Speaker (S1): ... 3 Pragmatic Listener (L1): ... Final Answer: ... Need likely output letters. Need analyze.

Context: Her answers in the exam were brilliant.
Target utterance: She says: ""What a genius.""
Options:
a. She studied for her next exam.
b. Her exam answers were impressively smart.
c. She had a high IQ.
d. Her exam answers were embarrassingly poor.

We need interpret. This is likely from pragmatics / iterative reasoning. Literal listener",,
C1_26_UA_NI,C1_26,185,1,unambiguous,non-ironic,a,They were genuinely fortunate to have such a strong suggestion.,Qwen3.8-27B,Condition1B_context_richness_stimuli,rsa,"You will read short stories that describe everyday situations and end with a person saying something.

For each story, there are 4 possible interpretations (a,b,c,d).

Context: Their colleague's suggestion was brilliant.

Target utterance:
They said: """"We really had luck with that one.""""

a. They were genuinely fortunate to have such a strong suggestion.
b. As far as they were concerned, it was a poor suggestion.
c. They thought that every project starts with a suggestion.
d. They got lucky at the casino.

Answer the following questions in order:

1. Literal Listener (L0):
   How would a listener interpret the utterance literally?
   Answer with a letter from a–d.

2. Informative Speaker (S1):
   Which utterance would an informative speaker be most likely to choose, given the situations described in the answer options, assuming that a listener interprets it literally?
   Answer with a letter from a–d.

3. Pragmatic Listener (L1):
   How would a listener interpret this utterance, knowing that the speaker is informative and chooses the most appropriate utterance for the situation described in the answer options?
   Answer with a letter from a–d.

Final Answer:
  Answer with a letter from a–d.","We need answer user's structured multiple-choice task. Need produce final with exact format? User says answer following questions in order: 1 Literal Listener (L0): ... Answer with letter. 2 Informative Speaker (S1): ... Answer with letter. 3 Pragmatic Listener (L1): ... Answer with letter. Final Answer: Answer with letter. Need likely output lines. Need analyze.

Context: Their colleague's suggestion was brilliant.
Target utterance: They said: ""We really had luck with that one.""
Options:
a. They were genuinely fortunate to have such a strong suggestion.
b. As far as they were concerned, it was a poor suggestion.
c. They thought that every project starts","['a', 'b', 'd', 'c']",3,UA_NI,"{'a': 19.0, 'b': 15.8125, 'c': 16.5, 'd': 16.375}","{'a': 0.8362604379653931, 'b': 0.0345165878534317, 'c': 0.0686444342136383, 'd': 0.06057850643992424}",0.8362604379653931,,,,a,"We need answer user's structured multiple-choice task. Need produce final with exact format? User says answer following questions in order: 1 Literal Listener (L0): ... Answer with letter. 2 Informative Speaker (S1): ... Answer with letter. 3 Pragmatic Listener (L1): ... Answer with letter. Final Answer: Answer with letter. Need likely output lines. Need analyze.

Context: Their colleague's suggestion was brilliant.
Target utterance: They said: ""We really had luck with that one.""
Options:
a. They were genuinely fortunate to have such a strong suggestion.
b. As far as they were concerned, it was a poor suggestion.
c. They thought that every project starts",a,a
C1_27_A_I,C1_27,232,1,ambiguous,ironic,d,His argument was weak and poorly constructed.,Qwen3.8-27B,Condition1B_context_richness_stimuli,rsa,"You will read short stories that describe everyday situations and end with a person saying something.

For each story, there are 4 possible interpretations (a,b,c,d).

Context: His argument in the debate was intelligent.

Target utterance:
She says: """"What a master of rhetoric.""""

a. She had an argument with him that night.
b. His argument was strong and well presented.
c. Sokrates was a master of rhetoric.
d. His argument was weak and poorly constructed.

Answer the following questions in order:

1. Literal Listener (L0):
   How would a listener interpret the utterance literally?
   Answer with a letter from a–d.

2. Informative Speaker (S1):
   Which utterance would an informative speaker be most likely to choose, given the situations described in the answer options, assuming that a listener interprets it literally?
   Answer with a letter from a–d.

3. Pragmatic Listener (L1):
   How would a listener interpret this utterance, knowing that the speaker is informative and chooses the most appropriate utterance for the situation described in the answer options?
   Answer with a letter from a–d.

Final Answer:
  Answer with a letter from a–d.","We need answer user's structured multiple-choice task. Need produce final with exact format? They ask answer questions in order:
1. Literal Listener (L0): ... Answer with a letter from a–d.
2. Informative Speaker (S1): ... Answer with a letter from a–d.
3. Pragmatic Listener (L1): ... Answer with a letter from a–d.
Final Answer:
  Answer with a letter from a–d.

Need choose single best? The task says for each story 4 interpretations. Need answer L0, S1, L1, Final. We need infer. Context: His argument in the debate was intelligent. Target: She says: ""What a master","['d', 'a', 'c', 'b']",3,A_I,"{'a': 15.625, 'b': 19.625, 'c': 15.5625, 'd': 15.375}","{'a': 0.01744702458381653, 'b': 0.9525752067565918, 'c': 0.016389960423111916, 'd': 0.013587755151093006}",0.9525752067565918,,,,a,"We need answer user's structured multiple-choice task. Need produce final with exact format? They ask answer questions in order:
1. Literal Listener (L0): ... Answer with a letter from a–d.
2. Informative Speaker (S1): ... Answer with a letter from a–d.
3. Pragmatic Listener (L1): ... Answer with a letter from a–d.
Final Answer:
  Answer with a letter from a–d.

Need choose single best? The task says for each story 4 interpretations. Need answer L0, S1, L1, Final. We need infer. Context: His argument in the debate was intelligent. Target: She says: ""What a master",a,d
C1_28_A_NI,C1_28,246,1,ambiguous,non-ironic,b,She believed that his business plan would be successful.,Qwen3.8-27B,Condition1B_context_richness_stimuli,rsa,"You will read short stories that describe everyday situations and end with a person saying something.

For each story, there are 4 possible interpretations (a,b,c,d).

Context: His business plan was intelligent.

Target utterance:
She says: """"We will make lots of money with this.""""

a. He asked a colleague for help with his business plan.
b. She believed that his business plan would be successful.
c. She was interested in making lots of money.
d. She believed that his business plan would fail.

Answer the following questions in order:

1. Literal Listener (L0):
   How would a listener interpret the utterance literally?
   Answer with a letter from a–d.

2. Informative Speaker (S1):
   Which utterance would an informative speaker be most likely to choose, given the situations described in the answer options, assuming that a listener interprets it literally?
   Answer with a letter from a–d.

3. Pragmatic Listener (L1):
   How would a listener interpret this utterance, knowing that the speaker is informative and chooses the most appropriate utterance for the situation described in the answer options?
   Answer with a letter from a–d.

Final Answer:
  Answer with a letter from a–d.","We need answer user's structured multiple-choice task. Need produce final with exact format? User says answer questions in order: 1 Literal Listener (L0): ... 2 Informative Speaker (S1): ... 3 Pragmatic Listener (L1): ... Final Answer: ... Need likely output only those lines? Need choose single best answer? Let's analyze.

Passage/context: ""His business plan was intelligent."" Target utterance: She says: ""We will make lots of money with this.""
Options:
a. He asked a colleague for help with his business plan.
b. She believed that his business plan would be successful.
c. She was interested in making lots of money.
d. She believed","['d', 'a', 'c', 'b']",3,A_NI,"{'a': 14.6875, 'b': 19.5, 'c': 15.8125, 'd': 15.75}","{'a': 0.007691558450460434, 'b': 0.9463604092597961, 'c': 0.02369166910648346, 'd': 0.022256264463067055}",0.9463604092597961,,,,,"We need answer user's structured multiple-choice task. Need produce final with exact format? User says answer questions in order: 1 Literal Listener (L0): ... 2 Informative Speaker (S1): ... 3 Pragmatic Listener (L1): ... Final Answer: ... Need likely output only those lines? Need choose single best answer? Let's analyze.

Passage/context: ""His business plan was intelligent."" Target utterance: She says: ""We will make lots of money with this.""
Options:
a. He asked a colleague for help with his business plan.
b. She believed that his business plan would be successful.
c. She was interested in making lots of money.
d. She believed",,
C1_29_UA_I,C1_29,148,1,unambiguous,ironic,b,The restaurant visit was a real disappointment.,Qwen3.8-27B,Condition1B_context_richness_stimuli,rsa,"You will read short stories that describe everyday situations and end with a person saying something.

For each story, there are 4 possible interpretations (a,b,c,d).

Context: After the restaurant visit he was full.

Target utterance:
He says: """"Best dinner ever.""""

a. The restaurant visit was genuinely outstanding.
b. The restaurant visit was a real disappointment.
c. He looked forward to this restaurant visit for weeks.
d. It was the best-reviewed dinner spot in the whole city.

Answer the following questions in order:

1. Literal Listener (L0):
   How would a listener interpret the utterance literally?
   Answer with a letter from a–d.

2. Informative Speaker (S1):
   Which utterance would an informative speaker be most likely to choose, given the situations described in the answer options, assuming that a listener interprets it literally?
   Answer with a letter from a–d.

3. Pragmatic Listener (L1):
   How would a listener interpret this utterance, knowing that the speaker is informative and chooses the most appropriate utterance for the situation described in the answer options?
   Answer with a letter from a–d.

Final Answer:
  Answer with a letter from a–d.","We need answer user's structured multiple-choice task. Need produce final with exact format? User says Answer following questions in order: 1 Literal Listener (L0): ... 2 Informative Speaker (S1): ... 3 Pragmatic Listener (L1): ... Final Answer: ... Answer with a letter from a-d. Need likely output lines. Need analyze.

Passage: Context: After the restaurant visit he was full.
Target utterance: He says: ""Best dinner ever.""
Options:
a. The restaurant visit was genuinely outstanding.
b. The restaurant visit was a real disappointment.
c. He looked forward to this restaurant visit for weeks.
d. It was the best-reviewed dinner spot in the","['a', 'b', 'd', 'c']",3,UA_I,"{'a': 16.5, 'b': 15.5625, 'c': 15.125, 'd': 14.6875}","{'a': 0.5531919598579407, 'b': 0.21663308143615723, 'c': 0.139868825674057, 'd': 0.0903061032295227}",0.5531919598579407,,,,,"We need answer user's structured multiple-choice task. Need produce final with exact format? User says Answer following questions in order: 1 Literal Listener (L0): ... 2 Informative Speaker (S1): ... 3 Pragmatic Listener (L1): ... Final Answer: ... Answer with a letter from a-d. Need likely output lines. Need analyze.

Passage: Context: After the restaurant visit he was full.
Target utterance: He says: ""Best dinner ever.""
Options:
a. The restaurant visit was genuinely outstanding.
b. The restaurant visit was a real disappointment.
c. He looked forward to this restaurant visit for weeks.
d. It was the best-reviewed dinner spot in the",,
C1_30_UA_NI,C1_30,18,1,unambiguous,non-ironic,b,The buffet was a rich.,Qwen3.8-27B,Condition1B_context_richness_stimuli,rsa,"You will read short stories that describe everyday situations and end with a person saying something.

For each story, there are 4 possible interpretations (a,b,c,d).

Context: He left the buffet feeling full.

Target utterance:
He says: """"Truly a feast for the senses."" ""

a. There had been very little worth eating at the buffet.
b. The buffet was a rich.
c. The feast was celebrated every year in their village.
d. Diners often have a buffet.

Answer the following questions in order:

1. Literal Listener (L0):
   How would a listener interpret the utterance literally?
   Answer with a letter from a–d.

2. Informative Speaker (S1):
   Which utterance would an informative speaker be most likely to choose, given the situations described in the answer options, assuming that a listener interprets it literally?
   Answer with a letter from a–d.

3. Pragmatic Listener (L1):
   How would a listener interpret this utterance, knowing that the speaker is informative and chooses the most appropriate utterance for the situation described in the answer options?
   Answer with a letter from a–d.

Final Answer:
  Answer with a letter from a–d.","We need answer user's structured multiple-choice task. Need produce final with exact format? They ask answer questions in order: 1 Literal Listener (L0): ... 2 Informative Speaker (S1): ... 3 Pragmatic Listener (L1): ... Final Answer: ... Need likely output letters. Need analyze.

Context: He left the buffet feeling full.
Target utterance: He says: """"Truly a feast for the senses."" ""
Options:
a. There had been very little worth eating at the buffet.
b. The buffet was a rich.
c. The feast was celebrated every year in their village.
d. Diners often have a buffet.

We need choose single best answer?","['b', 'a', 'c', 'd']",3,UA_NI,"{'a': 18.75, 'b': 13.0625, 'c': 12.8125, 'd': 10.5625}","{'a': 0.9937347769737244, 'b': 0.0033668256364762783, 'c': 0.0026220865547657013, 'd': 0.00027636587037704885}",0.9937347769737244,,,,,"We need answer user's structured multiple-choice task. Need produce final with exact format? They ask answer questions in order: 1 Literal Listener (L0): ... 2 Informative Speaker (S1): ... 3 Pragmatic Listener (L1): ... Final Answer: ... Need likely output letters. Need analyze.

Context: He left the buffet feeling full.
Target utterance: He says: """"Truly a feast for the senses."" ""
Options:
a. There had been very little worth eating at the buffet.
b. The buffet was a rich.
c. The feast was celebrated every year in their village.
d. Diners often have a buffet.

We need choose single best answer?",,
C1_31_A_I,C1_31,99,1,ambiguous,ironic,d,There was barely anything to eat; they left unsatisfied.,Qwen3.8-27B,Condition1B_context_richness_stimuli,rsa,"You will read short stories that describe everyday situations and end with a person saying something.

For each story, there are 4 possible interpretations (a,b,c,d).

Context: They left the picnic feeling satiated.

Target utterance:
They say: """"Food for the soul.""""

a. They spent the morning preparing sandwiches for the picnic.
b. The picnic was nourishing and genuinely enjoyable.
c. She always kept her soul music collection in good order.
d. There was barely anything to eat; they left unsatisfied.

Answer the following questions in order:

1. Literal Listener (L0):
   How would a listener interpret the utterance literally?
   Answer with a letter from a–d.

2. Informative Speaker (S1):
   Which utterance would an informative speaker be most likely to choose, given the situations described in the answer options, assuming that a listener interprets it literally?
   Answer with a letter from a–d.

3. Pragmatic Listener (L1):
   How would a listener interpret this utterance, knowing that the speaker is informative and chooses the most appropriate utterance for the situation described in the answer options?
   Answer with a letter from a–d.

Final Answer:
  Answer with a letter from a–d.","We need answer user's structured multiple-choice task. Need produce final with exact format? They ask answer questions in order: 1 L0 letter, 2 S1 letter, 3 L1 letter, Final Answer letter. Need likely only letters maybe with labels. Need analyze.

Passage: Context: They left the picnic feeling satiated.
Target utterance: They say: """"Food for the soul.""""
Options:
a. They spent the morning preparing sandwiches for the picnic.
b. The picnic was nourishing and genuinely enjoyable.
c. She always kept her soul music collection in good order.
d. There was barely anything to eat; they left unsatisfied.

Need interpret.
L0 literal","['d', 'a', 'c', 'b']",3,A_I,"{'a': 14.6875, 'b': 19.0, 'c': 15.5, 'd': 15.4375}","{'a': 0.012500411830842495, 'b': 0.932866096496582, 'c': 0.028170116245746613, 'd': 0.026463374495506287}",0.932866096496582,,,,,"We need answer user's structured multiple-choice task. Need produce final with exact format? They ask answer questions in order: 1 L0 letter, 2 S1 letter, 3 L1 letter, Final Answer letter. Need likely only letters maybe with labels. Need analyze.

Passage: Context: They left the picnic feeling satiated.
Target utterance: They say: """"Food for the soul.""""
Options:
a. They spent the morning preparing sandwiches for the picnic.
b. The picnic was nourishing and genuinely enjoyable.
c. She always kept her soul music collection in good order.
d. There was barely anything to eat; they left unsatisfied.

Need interpret.
L0 literal",,
C1_32_A_NI,C1_32,226,1,ambiguous,non-ironic,a,His plate had been full with food and he ate it all up.,Qwen3.8-27B,Condition1B_context_richness_stimuli,rsa,"You will read short stories that describe everyday situations and end with a person saying something.

For each story, there are 4 possible interpretations (a,b,c,d).

Context: He looked at the empty plate in front of him and was satiated.

Target utterance:
He says: """"No way I could eat more."" ""

a. His plate had been full with food and he ate it all up.
b. He went to a stylish pottery to buy a special plate.
c. The waiter had forgotten to fill his plate and he did not eat anything.
d. He prefers to eat his lunch alone.

Answer the following questions in order:

1. Literal Listener (L0):
   How would a listener interpret the utterance literally?
   Answer with a letter from a–d.

2. Informative Speaker (S1):
   Which utterance would an informative speaker be most likely to choose, given the situations described in the answer options, assuming that a listener interprets it literally?
   Answer with a letter from a–d.

3. Pragmatic Listener (L1):
   How would a listener interpret this utterance, knowing that the speaker is informative and chooses the most appropriate utterance for the situation described in the answer options?
   Answer with a letter from a–d.

Final Answer:
  Answer with a letter from a–d.","We need answer user's structured multiple-choice task. Need produce final with exact format? User says Answer following questions in order: 1 Literal Listener (L0): ... Answer with letter. 2 Informative Speaker (S1): ... Answer with letter. 3 Pragmatic Listener (L1): ... Answer with letter. Final Answer: Answer with letter. Need likely output lines. Need analyze.

Passage: He looked at the empty plate in front of him and was satiated.
Target utterance: He says: ""No way I could eat more.""
Options:
a. His plate had been full with food and he ate it all up.
b. He went to a stylish pottery to buy a special plate","['a', 'd', 'b', 'c']",3,A_NI,"{'a': 19.625, 'b': 15.4375, 'c': 17.25, 'd': 15.5625}","{'a': 0.8885692954063416, 'b': 0.013492211699485779, 'c': 0.08264981955289841, 'd': 0.01528867892920971}",0.8885692954063416,,,,a,"We need answer user's structured multiple-choice task. Need produce final with exact format? User says Answer following questions in order: 1 Literal Listener (L0): ... Answer with letter. 2 Informative Speaker (S1): ... Answer with letter. 3 Pragmatic Listener (L1): ... Answer with letter. Final Answer: Answer with letter. Need likely output lines. Need analyze.

Passage: He looked at the empty plate in front of him and was satiated.
Target utterance: He says: ""No way I could eat more.""
Options:
a. His plate had been full with food and he ate it all up.
b. He went to a stylish pottery to buy a special plate",a,a
C1_33_UA_I,C1_33,163,1,unambiguous,ironic,c,The library was far too noisy to concentrate.,Qwen3.8-27B,Condition1B_context_richness_stimuli,rsa,"You will read short stories that describe everyday situations and end with a person saying something.

For each story, there are 4 possible interpretations (a,b,c,d).

Context: She walked into the library and it was deafening.

Target utterance:
She says: """"Perfect place to concentrate.""""

a. She asked her colleague for a place to concentrate.
b. The library was a calm and quiet environment.
c. The library was far too noisy to concentrate.
d. She looked for a new book in the library.

Answer the following questions in order:

1. Literal Listener (L0):
   How would a listener interpret the utterance literally?
   Answer with a letter from a–d.

2. Informative Speaker (S1):
   Which utterance would an informative speaker be most likely to choose, given the situations described in the answer options, assuming that a listener interprets it literally?
   Answer with a letter from a–d.

3. Pragmatic Listener (L1):
   How would a listener interpret this utterance, knowing that the speaker is informative and chooses the most appropriate utterance for the situation described in the answer options?
   Answer with a letter from a–d.

Final Answer:
  Answer with a letter from a–d.","We need answer user's structured multiple-choice task. Need produce final with exact format? They ask answer questions in order: 1 Literal Listener (L0): ... 2 Informative Speaker (S1): ... 3 Pragmatic Listener (L1): ... Final Answer: ... Need likely output letters. Need analyze.

Context: She walked into the library and it was deafening.
Target utterance: She says: ""Perfect place to concentrate.""
Options:
a. She asked her colleague for a place to concentrate.
b. The library was a calm and quiet environment.
c. The library was far too noisy to concentrate.
d. She looked for a new book in the library.

We need interpret","['c', 'a', 'b', 'd']",3,UA_I,"{'a': 16.75, 'b': 13.875, 'c': 18.5, 'd': 13.5}","{'a': 0.1459898203611374, 'b': 0.008236181922256947, 'c': 0.8401134014129639, 'd': 0.005660639610141516}",0.8401134014129639,,,,,"We need answer user's structured multiple-choice task. Need produce final with exact format? They ask answer questions in order: 1 Literal Listener (L0): ... 2 Informative Speaker (S1): ... 3 Pragmatic Listener (L1): ... Final Answer: ... Need likely output letters. Need analyze.

Context: She walked into the library and it was deafening.
Target utterance: She says: ""Perfect place to concentrate.""
Options:
a. She asked her colleague for a place to concentrate.
b. The library was a calm and quiet environment.
c. The library was far too noisy to concentrate.
d. She looked for a new book in the library.

We need interpret",,
C1_34_UA_NI,C1_34,235,1,unambiguous,non-ironic,d,The concert was surprisingly quiet.,Qwen3.8-27B,Condition1B_context_richness_stimuli,rsa,"You will read short stories that describe everyday situations and end with a person saying something.

For each story, there are 4 possible interpretations (a,b,c,d).

Context: We came back from a concert which was deafening.

Target utterance:
I say: """"I've almost gone deaf.""""

a. The concert was pretty loud.
b. I was looking forward to the next concert.
c. My grandfather is deaf.
d. The concert was surprisingly quiet.

Answer the following questions in order:

1. Literal Listener (L0):
   How would a listener interpret the utterance literally?
   Answer with a letter from a–d.

2. Informative Speaker (S1):
   Which utterance would an informative speaker be most likely to choose, given the situations described in the answer options, assuming that a listener interprets it literally?
   Answer with a letter from a–d.

3. Pragmatic Listener (L1):
   How would a listener interpret this utterance, knowing that the speaker is informative and chooses the most appropriate utterance for the situation described in the answer options?
   Answer with a letter from a–d.

Final Answer:
  Answer with a letter from a–d.","We need answer user's structured multiple-choice task. Need produce final with exact format? User says Answer following questions in order: 1 Literal Listener (L0): ... 2 Informative Speaker (S1): ... 3 Pragmatic Listener (L1): ... Final Answer: ... Answer with letter from a-d. Need likely output lines. Need analyze.

Passage: Context: We came back from a concert which was deafening.
Target utterance: I say: ""I've almost gone deaf.""
Options:
a. The concert was pretty loud.
b. I was looking forward to the next concert.
c. My grandfather is deaf.
d. The concert was surprisingly quiet.

Question 1","['b', 'd', 'c', 'a']",3,UA_NI,"{'a': 19.875, 'b': 16.5, 'c': 16.125, 'd': 16.625}","{'a': 0.9119843244552612, 'b': 0.031206386163830757, 'c': 0.021447816863656044, 'd': 0.03536146879196167}",0.9119843244552612,,,,,"We need answer user's structured multiple-choice task. Need produce final with exact format? User says Answer following questions in order: 1 Literal Listener (L0): ... 2 Informative Speaker (S1): ... 3 Pragmatic Listener (L1): ... Final Answer: ... Answer with letter from a-d. Need likely output lines. Need analyze.

Passage: Context: We came back from a concert which was deafening.
Target utterance: I say: ""I've almost gone deaf.""
Options:
a. The concert was pretty loud.
b. I was looking forward to the next concert.
c. My grandfather is deaf.
d. The concert was surprisingly quiet.

Question 1",,
C1_35_A_I,C1_35,219,1,ambiguous,ironic,b,The movie was very loud.,Qwen3.8-27B,Condition1B_context_richness_stimuli,rsa,"You will read short stories that describe everyday situations and end with a person saying something.

For each story, there are 4 possible interpretations (a,b,c,d).

Context:  She watched a movie in the theater and found it loud.

Target utterance:
She says: """"It was so difficult to hear.""""

a. Watching a movie in the theater is a real event.
b. The movie was very loud.
c. She generally has difficulties with her hearing.
d. The movie was too quiet to hear.

Answer the following questions in order:

1. Literal Listener (L0):
   How would a listener interpret the utterance literally?
   Answer with a letter from a–d.

2. Informative Speaker (S1):
   Which utterance would an informative speaker be most likely to choose, given the situations described in the answer options, assuming that a listener interprets it literally?
   Answer with a letter from a–d.

3. Pragmatic Listener (L1):
   How would a listener interpret this utterance, knowing that the speaker is informative and chooses the most appropriate utterance for the situation described in the answer options?
   Answer with a letter from a–d.

Final Answer:
  Answer with a letter from a–d.","We need answer user's structured multiple-choice task. Need produce final with exact format? They ask answer questions in order: 1 Literal Listener (L0): ... 2 Informative Speaker (S1): ... 3 Pragmatic Listener (L1): ... Final Answer: ... Need likely output letters. Need analyze.

Passage: She watched a movie in the theater and found it loud.
Target utterance: She says: ""It was so difficult to hear.""
Options:
a. Watching a movie in the theater is a real event.
b. The movie was very loud.
c. She generally has difficulties with her hearing.
d. The movie was too quiet to hear.

We need interpret via","['d', 'b', 'c', 'a']",3,A_I,"{'a': 16.125, 'b': 18.0, 'c': 16.75, 'd': 15.8125}","{'a': 0.09880757331848145, 'b': 0.6443063020706177, 'c': 0.18459685146808624, 'd': 0.07228916138410568}",0.6443063020706177,,,,,"We need answer user's structured multiple-choice task. Need produce final with exact format? They ask answer questions in order: 1 Literal Listener (L0): ... 2 Informative Speaker (S1): ... 3 Pragmatic Listener (L1): ... Final Answer: ... Need likely output letters. Need analyze.

Passage: She watched a movie in the theater and found it loud.
Target utterance: She says: ""It was so difficult to hear.""
Options:
a. Watching a movie in the theater is a real event.
b. The movie was very loud.
c. She generally has difficulties with her hearing.
d. The movie was too quiet to hear.

We need interpret via",,
C1_36_A_NI,C1_36,268,1,ambiguous,non-ironic,a,He thinks that his neighbours' are having a great party with music.,Qwen3.8-27B,Condition1B_context_richness_stimuli,rsa,"You will read short stories that describe everyday situations and end with a person saying something.

For each story, there are 4 possible interpretations (a,b,c,d).

Context: His neighbours' music was loud.

Target utterance:
He says: """"It seems like they are having a great party.""""

a. He thinks that his neighbours' are having a great party with music.
b. He would expected to hear louder music from his neighbours' party.
c. He is still unsure which party to vote for in the upcoming elections.
d. He likes talking about pop music.

Answer the following questions in order:

1. Literal Listener (L0):
   How would a listener interpret the utterance literally?
   Answer with a letter from a–d.

2. Informative Speaker (S1):
   Which utterance would an informative speaker be most likely to choose, given the situations described in the answer options, assuming that a listener interprets it literally?
   Answer with a letter from a–d.

3. Pragmatic Listener (L1):
   How would a listener interpret this utterance, knowing that the speaker is informative and chooses the most appropriate utterance for the situation described in the answer options?
   Answer with a letter from a–d.

Final Answer:
  Answer with a letter from a–d.","We need answer user's structured multiple-choice task. Need produce final with exact format? They ask answer questions in order: 1. Literal Listener (L0): ... 2. Informative Speaker (S1): ... 3. Pragmatic Listener (L1): ... Final Answer: ... Need likely output lines. Need choose single best answer? The final answer likely L1? But they ask answer following questions in order and final answer. Need include all? The instruction: ""Answer the following questions in order: ... Final Answer: Answer with a letter from a–d."" We should output maybe:
1. a
2. a
3. a
Final Answer: a
Need ensure no extra commentary. Let's analyze","['a', 'b', 'c', 'd']",3,A_NI,"{'a': 19.625, 'b': 12.5, 'c': 11.4375, 'd': 11.25}","{'a': 0.998688280582428, 'b': 0.0008036774233914912, 'c': 0.00027774350019171834, 'd': 0.00023025742848403752}",0.998688280582428,,,,a,"We need answer user's structured multiple-choice task. Need produce final with exact format? They ask answer questions in order: 1. Literal Listener (L0): ... 2. Informative Speaker (S1): ... 3. Pragmatic Listener (L1): ... Final Answer: ... Need likely output lines. Need choose single best answer? The final answer likely L1? But they ask answer following questions in order and final answer. Need include all? The instruction: ""Answer the following questions in order: ... Final Answer: Answer with a letter from a–d."" We should output maybe:
1. a
2. a
3. a
Final Answer: a
Need ensure no extra commentary. Let's analyze",a,a
C1_37_UA_I,C1_37,9,1,unambiguous,ironic,a,The questions were straightforward and required little effort.,Qwen3.8-27B,Condition1B_context_richness_stimuli,rsa,"You will read short stories that describe everyday situations and end with a person saying something.

For each story, there are 4 possible interpretations (a,b,c,d).

Context: She prepared trivial questions for the students.

Target utterance:
She says: """"I hope they're prepared for this.""""

a. The questions were straightforward and required little effort.
b. She had never felt so well prepared for a meeting.
c. She posted the question on the class forum.
d. The questions required thorough preparation to answer.

Answer the following questions in order:

1. Literal Listener (L0):
   How would a listener interpret the utterance literally?
   Answer with a letter from a–d.

2. Informative Speaker (S1):
   Which utterance would an informative speaker be most likely to choose, given the situations described in the answer options, assuming that a listener interprets it literally?
   Answer with a letter from a–d.

3. Pragmatic Listener (L1):
   How would a listener interpret this utterance, knowing that the speaker is informative and chooses the most appropriate utterance for the situation described in the answer options?
   Answer with a letter from a–d.

Final Answer:
  Answer with a letter from a–d.","We need answer user's structured multiple-choice task. Need produce final with exact format? They ask answer questions in order: 1 Literal Listener (L0): ... 2 Informative Speaker (S1): ... 3 Pragmatic Listener (L1): ... Final Answer: ... Need likely output letters. Need analyze.

Context: She prepared trivial questions for the students.
Target utterance: She says: ""I hope they're prepared for this.""
Options:
a. The questions were straightforward and required little effort.
b. She had never felt so well prepared for a meeting.
c. She posted the question on the class forum.
d. The questions required thorough preparation to answer.

We need choose best","['b', 'c', 'd', 'a']",3,UA_I,"{'a': 18.625, 'b': 14.625, 'c': 15.1875, 'd': 18.375}","{'a': 0.5466687679290771, 'b': 0.010012587532401085, 'c': 0.017572639510035515, 'd': 0.42574605345726013}",0.5466687679290771,,,,,"We need answer user's structured multiple-choice task. Need produce final with exact format? They ask answer questions in order: 1 Literal Listener (L0): ... 2 Informative Speaker (S1): ... 3 Pragmatic Listener (L1): ... Final Answer: ... Need likely output letters. Need analyze.

Context: She prepared trivial questions for the students.
Target utterance: She says: ""I hope they're prepared for this.""
Options:
a. The questions were straightforward and required little effort.
b. She had never felt so well prepared for a meeting.
c. She posted the question on the class forum.
d. The questions required thorough preparation to answer.

We need choose best",,
C1_38_UA_NI,C1_38,205,1,unambiguous,non-ironic,c,Booking the appointment was straightforward and effortless.,Qwen3.8-27B,Condition1B_context_richness_stimuli,rsa,"You will read short stories that describe everyday situations and end with a person saying something.

For each story, there are 4 possible interpretations (a,b,c,d).

Context: He booked an appointment through a system which was trivial to use.

Target utterance:
He says:  """"That was about as easy as it gets.""""

a. He always found parallel parking easy as it gets.
b. Booking the appointment was frustrating and difficult.
c. Booking the appointment was straightforward and effortless.
d. He decided to cancel the appointment.

Answer the following questions in order:

1. Literal Listener (L0):
   How would a listener interpret the utterance literally?
   Answer with a letter from a–d.

2. Informative Speaker (S1):
   Which utterance would an informative speaker be most likely to choose, given the situations described in the answer options, assuming that a listener interprets it literally?
   Answer with a letter from a–d.

3. Pragmatic Listener (L1):
   How would a listener interpret this utterance, knowing that the speaker is informative and chooses the most appropriate utterance for the situation described in the answer options?
   Answer with a letter from a–d.

Final Answer:
  Answer with a letter from a–d.","We need answer user's structured multiple-choice task. Need produce final with exact format? User says Answer following questions in order: 1. Literal Listener (L0): ... Answer with a letter. 2. Informative Speaker (S1): ... Answer with a letter. 3. Pragmatic Listener (L1): ... Answer with a letter. Final Answer: Answer with a letter. Need likely output lines? They say do not add extra commentary, headers, or formatting beyond requested. But they explicitly ask answer questions in order and final answer. We can output:
1. c
2. c
3. c
Final Answer: c
Need ensure best. Let's analyze.
Context: He booked appointment through system","['c', 'b', 'a', 'd']",3,UA_NI,"{'a': 15.4375, 'b': 12.9375, 'c': 20.0, 'd': 12.5625}","{'a': 0.010313400067389011, 'b': 0.0008465753635391593, 'c': 0.9882581830024719, 'd': 0.0005818422068841755}",0.9882581830024719,,,,a,"We need answer user's structured multiple-choice task. Need produce final with exact format? User says Answer following questions in order: 1. Literal Listener (L0): ... Answer with a letter. 2. Informative Speaker (S1): ... Answer with a letter. 3. Pragmatic Listener (L1): ... Answer with a letter. Final Answer: Answer with a letter. Need likely output lines? They say do not add extra commentary, headers, or formatting beyond requested. But they explicitly ask answer questions in order and final answer. We can output:
1. c
2. c
3. c
Final Answer: c
Need ensure best. Let's analyze.
Context: He booked appointment through system",a,c
C1_39_A_I,C1_39,173,1,ambiguous,ironic,c,"Anyone could have done the task, no special abilities required.",Qwen3.8-27B,Condition1B_context_richness_stimuli,rsa,"You will read short stories that describe everyday situations and end with a person saying something.

For each story, there are 4 possible interpretations (a,b,c,d).

Context: They finished an easy task for their maths lesson.

Target utterance:
They say: """"We must be very smart.""""

a. Completing the task was a genuine sign of intelligence.
b. They were given another task after the math lesson.
c. Anyone could have done the task, no special abilities required.
d. They were always smart about managing their money.

Answer the following questions in order:

1. Literal Listener (L0):
   How would a listener interpret the utterance literally?
   Answer with a letter from a–d.

2. Informative Speaker (S1):
   Which utterance would an informative speaker be most likely to choose, given the situations described in the answer options, assuming that a listener interprets it literally?
   Answer with a letter from a–d.

3. Pragmatic Listener (L1):
   How would a listener interpret this utterance, knowing that the speaker is informative and chooses the most appropriate utterance for the situation described in the answer options?
   Answer with a letter from a–d.

Final Answer:
  Answer with a letter from a–d.","We need answer user's structured multiple-choice task. Need produce final with exact format? User says Answer following questions in order: 1 Literal Listener (L0): ... 2 Informative Speaker (S1): ... 3 Pragmatic Listener (L1): ... Final Answer: ... Need likely output lines. Need choose single best answer? They ask answer questions in order and final answer. Need maybe include all. Need analyze.

Context: They finished an easy task for their maths lesson.
Target utterance: They say: ""We must be very smart.""
Options:
a. Completing the task was a genuine sign of intelligence.
b. They were given another task after the math lesson.
c. Anyone could","['a', 'd', 'b', 'c']",3,A_I,"{'a': 16.75, 'b': 15.0625, 'c': 19.75, 'd': 15.9375}","{'a': 0.04605266824364662, 'b': 0.008518887683749199, 'c': 0.9249926209449768, 'd': 0.020435750484466553}",0.9249926209449768,,,,,"We need answer user's structured multiple-choice task. Need produce final with exact format? User says Answer following questions in order: 1 Literal Listener (L0): ... 2 Informative Speaker (S1): ... 3 Pragmatic Listener (L1): ... Final Answer: ... Need likely output lines. Need choose single best answer? They ask answer questions in order and final answer. Need maybe include all. Need analyze.

Context: They finished an easy task for their maths lesson.
Target utterance: They say: ""We must be very smart.""
Options:
a. Completing the task was a genuine sign of intelligence.
b. They were given another task after the math lesson.
c. Anyone could",,
C1_40_A_NI,C1_40,97,1,ambiguous,non-ironic,c,Making the payment was a smooth and effortless experience.,Qwen3.8-27B,Condition1B_context_richness_stimuli,rsa,"You will read short stories that describe everyday situations and end with a person saying something.

For each story, there are 4 possible interpretations (a,b,c,d).

Context: He made a payment through a website which was easy to use.

Target utterance:
He says:  """"Technology at its finest.""""

a. He always thought the finest restaurants required a reservation.
b. He decided to cancel the payment altogether.
c. Making the payment was a smooth and effortless experience.
d. Making the payment was complicated and painful.

Answer the following questions in order:

1. Literal Listener (L0):
   How would a listener interpret the utterance literally?
   Answer with a letter from a–d.

2. Informative Speaker (S1):
   Which utterance would an informative speaker be most likely to choose, given the situations described in the answer options, assuming that a listener interprets it literally?
   Answer with a letter from a–d.

3. Pragmatic Listener (L1):
   How would a listener interpret this utterance, knowing that the speaker is informative and chooses the most appropriate utterance for the situation described in the answer options?
   Answer with a letter from a–d.

Final Answer:
  Answer with a letter from a–d.","We need answer user's structured multiple-choice task. Need produce final with exact format? User says Answer following questions in order: 1. Literal Listener (L0): ... Answer with a letter. 2. Informative Speaker (S1): ... Answer with a letter. 3. Pragmatic Listener (L1): ... Answer with a letter. Final Answer: Answer with a letter. Need likely output lines. Need choose best.

Context: He made a payment through a website which was easy to use.
Target utterance: He says: ""Technology at its finest.""
Options:
a. He always thought the finest restaurants required a reservation.
b. He decided to cancel the payment altogether.
c. Making","['c', 'd', 'a', 'b']",3,A_NI,"{'a': 16.125, 'b': 14.3125, 'c': 20.25, 'd': 15.25}","{'a': 0.015760958194732666, 'b': 0.0025729057379066944, 'c': 0.9750959277153015, 'd': 0.006570144556462765}",0.9750959277153015,,,,a,"We need answer user's structured multiple-choice task. Need produce final with exact format? User says Answer following questions in order: 1. Literal Listener (L0): ... Answer with a letter. 2. Informative Speaker (S1): ... Answer with a letter. 3. Pragmatic Listener (L1): ... Answer with a letter. Final Answer: Answer with a letter. Need likely output lines. Need choose best.

Context: He made a payment through a website which was easy to use.
Target utterance: He says: ""Technology at its finest.""
Options:
a. He always thought the finest restaurants required a reservation.
b. He decided to cancel the payment altogether.
c. Making",a,c
C1_41_UA_I,C1_41,217,1,unambiguous,ironic,a,Her kitchen was a mess.,Qwen3.8-27B,Condition1B_context_richness_stimuli,rsa,"You will read short stories that describe everyday situations and end with a person saying something.

For each story, there are 4 possible interpretations (a,b,c,d).

Context: She finished cooking and the kitchen was filthy.

Target utterance:
She says: """"I'm the sort of person who likes to keep things tidy.""""

a. Her kitchen was a mess.
b. Her kitchen was tidy.
c. The apartment came with a fully equipped kitchen.
d. Children should regularly tidy up their rooms.

Answer the following questions in order:

1. Literal Listener (L0):
   How would a listener interpret the utterance literally?
   Answer with a letter from a–d.

2. Informative Speaker (S1):
   Which utterance would an informative speaker be most likely to choose, given the situations described in the answer options, assuming that a listener interprets it literally?
   Answer with a letter from a–d.

3. Pragmatic Listener (L1):
   How would a listener interpret this utterance, knowing that the speaker is informative and chooses the most appropriate utterance for the situation described in the answer options?
   Answer with a letter from a–d.

Final Answer:
  Answer with a letter from a–d.","We need answer user's structured multiple-choice task. Need produce final with exact format? They ask answer questions in order: 1. Literal Listener (L0): ... 2. Informative Speaker (S1): ... 3. Pragmatic Listener (L1): ... Final Answer: ... Need likely output lines. Need analyze.

Passage: Context: She finished cooking and the kitchen was filthy.
Target utterance: She says: ""I'm the sort of person who likes to keep things tidy.""
Options:
a. Her kitchen was a mess.
b. Her kitchen was tidy.
c. The apartment came with a fully equipped kitchen.
d. Children should regularly tidy up their rooms.

We","['b', 'a', 'd', 'c']",3,UA_I,"{'a': 19.25, 'b': 17.625, 'c': 15.75, 'd': 15.875}","{'a': 0.7928157448768616, 'b': 0.15611468255519867, 'c': 0.023940961807966232, 'd': 0.027128662914037704}",0.7928157448768616,,,,,"We need answer user's structured multiple-choice task. Need produce final with exact format? They ask answer questions in order: 1. Literal Listener (L0): ... 2. Informative Speaker (S1): ... 3. Pragmatic Listener (L1): ... Final Answer: ... Need likely output lines. Need analyze.

Passage: Context: She finished cooking and the kitchen was filthy.
Target utterance: She says: ""I'm the sort of person who likes to keep things tidy.""
Options:
a. Her kitchen was a mess.
b. Her kitchen was tidy.
c. The apartment came with a fully equipped kitchen.
d. Children should regularly tidy up their rooms.

We",,
C1_42_UA_NI,C1_42,72,1,unambiguous,non-ironic,d,The room was tidied up well before it got too messy.,Qwen3.8-27B,Condition1B_context_richness_stimuli,rsa,"You will read short stories that describe everyday situations and end with a person saying something.

For each story, there are 4 possible interpretations (a,b,c,d).

Context: They walked into the room and found it filthy.

Target utterance:
They said: ""“Looks like you didn’t wait too long to clean it.”""

a. They decided to book a different room altogether.
b. They never had to wait long for a table.
c. The room was left in a terrible state for far too long.
d. The room was tidied up well before it got too messy.

Answer the following questions in order:

1. Literal Listener (L0):
   How would a listener interpret the utterance literally?
   Answer with a letter from a–d.

2. Informative Speaker (S1):
   Which utterance would an informative speaker be most likely to choose, given the situations described in the answer options, assuming that a listener interprets it literally?
   Answer with a letter from a–d.

3. Pragmatic Listener (L1):
   How would a listener interpret this utterance, knowing that the speaker is informative and chooses the most appropriate utterance for the situation described in the answer options?
   Answer with a letter from a–d.

Final Answer:
  Answer with a letter from a–d.","We need answer user's structured multiple-choice task. Need produce final with exact format? User says answer questions in order: 1. Literal Listener (L0): ... Answer with letter. 2. Informative Speaker (S1): ... Answer with letter. 3. Pragmatic Listener (L1): ... Answer with letter. Final Answer: Answer with letter. Need likely output lines. Need analyze.

Context: They walked into the room and found it filthy.
Target utterance: They said: ""Looks like you didn’t wait too long to clean it.""
Options:
a. They decided to book a different room altogether.
b. They never had to wait long for a table.
c. The room","['d', 'c', 'b', 'a']",3,UA_NI,"{'a': 17.0, 'b': 15.0, 'c': 19.375, 'd': 16.625}","{'a': 0.0795314833521843, 'b': 0.01076341513544321, 'c': 0.8550439476966858, 'd': 0.05466112866997719}",0.8550439476966858,,,,a,"We need answer user's structured multiple-choice task. Need produce final with exact format? User says answer questions in order: 1. Literal Listener (L0): ... Answer with letter. 2. Informative Speaker (S1): ... Answer with letter. 3. Pragmatic Listener (L1): ... Answer with letter. Final Answer: Answer with letter. Need likely output lines. Need analyze.

Context: They walked into the room and found it filthy.
Target utterance: They said: ""Looks like you didn’t wait too long to clean it.""
Options:
a. They decided to book a different room altogether.
b. They never had to wait long for a table.
c. The room",a,d
C1_43_A_I,C1_43,44,1,ambiguous,ironic,a,The street was far from pretty.,Qwen3.8-27B,Condition1B_context_richness_stimuli,rsa,"You will read short stories that describe everyday situations and end with a person saying something.

For each story, there are 4 possible interpretations (a,b,c,d).

Context: The street was dirty.

Target utterance:
They say:  """"Such a beautiful walk.""""

a. The street was far from pretty.
b. A dog was barking on the street.
c. The street was genuinely pleasant.
d. They went for a walk in the park.

Answer the following questions in order:

1. Literal Listener (L0):
   How would a listener interpret the utterance literally?
   Answer with a letter from a–d.

2. Informative Speaker (S1):
   Which utterance would an informative speaker be most likely to choose, given the situations described in the answer options, assuming that a listener interprets it literally?
   Answer with a letter from a–d.

3. Pragmatic Listener (L1):
   How would a listener interpret this utterance, knowing that the speaker is informative and chooses the most appropriate utterance for the situation described in the answer options?
   Answer with a letter from a–d.

Final Answer:
  Answer with a letter from a–d.","We need answer user's structured multiple-choice task. Need produce final with exact format? They ask:
Answer the following questions in order:
1. Literal Listener (L0): ... Answer with a letter from a–d.
2. Informative Speaker (S1): ... Answer with a letter from a–d.
3. Pragmatic Listener (L1): ... Answer with a letter from a–d.
Final Answer:
  Answer with a letter from a–d.

Need choose single best? Actually asks answer questions in order and final answer. Need likely output lines? We need infer from theory of mind / pragmatic reasoning. Context: street was dirty. Target utterance: ""Such a beautiful walk.""","['b', 'd', 'a', 'c']",3,A_I,"{'a': 17.125, 'b': 13.25, 'c': 16.875, 'd': 15.1875}","{'a': 0.5145041942596436, 'b': 0.010678193531930447, 'c': 0.4006962776184082, 'd': 0.07412136346101761}",0.5145041942596436,,,,a,"We need answer user's structured multiple-choice task. Need produce final with exact format? They ask:
Answer the following questions in order:
1. Literal Listener (L0): ... Answer with a letter from a–d.
2. Informative Speaker (S1): ... Answer with a letter from a–d.
3. Pragmatic Listener (L1): ... Answer with a letter from a–d.
Final Answer:
  Answer with a letter from a–d.

Need choose single best? Actually asks answer questions in order and final answer. Need likely output lines? We need infer from theory of mind / pragmatic reasoning. Context: street was dirty. Target utterance: ""Such a beautiful walk.""",a,b
C1_44_A_NI,C1_44,35,1,ambiguous,non-ironic,b,The floor was very clean.,Qwen3.8-27B,Condition1B_context_richness_stimuli,rsa,"You will read short stories that describe everyday situations and end with a person saying something.

For each story, there are 4 possible interpretations (a,b,c,d).

Context: The floor was dirty.

Target utterance:
She says: """"You could practically eat off the floor here.""""

a. She could eat a whole cake.
b. The floor was very clean.
c. The floor was very dirty.
d. The dance floor was very empty.

Answer the following questions in order:

1. Literal Listener (L0):
   How would a listener interpret the utterance literally?
   Answer with a letter from a–d.

2. Informative Speaker (S1):
   Which utterance would an informative speaker be most likely to choose, given the situations described in the answer options, assuming that a listener interprets it literally?
   Answer with a letter from a–d.

3. Pragmatic Listener (L1):
   How would a listener interpret this utterance, knowing that the speaker is informative and chooses the most appropriate utterance for the situation described in the answer options?
   Answer with a letter from a–d.

Final Answer:
  Answer with a letter from a–d.","We need answer user's structured multiple-choice task. Need produce final with exact format? User says answer questions in order: 1 Literal Listener (L0): ... 2 Informative Speaker (S1): ... 3 Pragmatic Listener (L1): ... Final Answer: ... Answer with letter. Need likely output lines. Need analyze.

Passage: Context: The floor was dirty.
Target utterance: She says: ""You could practically eat off the floor here.""
Options:
a. She could eat a whole cake.
b. The floor was very clean.
c. The floor was very dirty.
d. The dance floor was very empty.

We need L0 literal interpretation. Utterance","['c', 'a', 'b', 'd']",3,A_NI,"{'a': 17.75, 'b': 19.25, 'c': 18.0, 'd': 13.8125}","{'a': 0.14737935364246368, 'b': 0.660508394241333, 'c': 0.18923883140087128, 'd': 0.002873439807444811}",0.660508394241333,,,,,"We need answer user's structured multiple-choice task. Need produce final with exact format? User says answer questions in order: 1 Literal Listener (L0): ... 2 Informative Speaker (S1): ... 3 Pragmatic Listener (L1): ... Final Answer: ... Answer with letter. Need likely output lines. Need analyze.

Passage: Context: The floor was dirty.
Target utterance: She says: ""You could practically eat off the floor here.""
Options:
a. She could eat a whole cake.
b. The floor was very clean.
c. The floor was very dirty.
d. The dance floor was very empty.

We need L0 literal interpretation. Utterance",,
C1_45_UA_I,C1_45,278,1,unambiguous,ironic,c,The movie wasn't amusing.,Qwen3.8-27B,Condition1B_context_richness_stimuli,rsa,"You will read short stories that describe everyday situations and end with a person saying something.

For each story, there are 4 possible interpretations (a,b,c,d).

Context: They watched a hilarious movie.

Target utterance:
They say: """"That was the perfect movie for a laugh.""""

a. They saw three movies that week.
b. The movie was funny and great.
c. The movie wasn't amusing.
d. They had such a perfect night.

Answer the following questions in order:

1. Literal Listener (L0):
   How would a listener interpret the utterance literally?
   Answer with a letter from a–d.

2. Informative Speaker (S1):
   Which utterance would an informative speaker be most likely to choose, given the situations described in the answer options, assuming that a listener interprets it literally?
   Answer with a letter from a–d.

3. Pragmatic Listener (L1):
   How would a listener interpret this utterance, knowing that the speaker is informative and chooses the most appropriate utterance for the situation described in the answer options?
   Answer with a letter from a–d.

Final Answer:
  Answer with a letter from a–d.","We need answer user's structured multiple-choice task. Need produce final with exact format? User says Answer following questions in order: 1 Literal Listener (L0): ... 2 Informative Speaker (S1): ... 3 Pragmatic Listener (L1): ... Final Answer: ... Answer with letter from a-d. Need likely output lines. Need analyze.

Context: They watched a hilarious movie.
Target utterance: They say: ""That was the perfect movie for a laugh.""
Options:
a. They saw three movies that week.
b. The movie was funny and great.
c. The movie wasn't amusing.
d. They had such a perfect night.

We need choose interpretations.

L","['d', 'a', 'b', 'c']",3,UA_I,"{'a': 16.5, 'b': 20.5, 'c': 13.875, 'd': 13.875}","{'a': 0.017939463257789612, 'b': 0.9794614315032959, 'c': 0.001299530267715454, 'd': 0.001299530267715454}",0.9794614315032959,,,,,"We need answer user's structured multiple-choice task. Need produce final with exact format? User says Answer following questions in order: 1 Literal Listener (L0): ... 2 Informative Speaker (S1): ... 3 Pragmatic Listener (L1): ... Final Answer: ... Answer with letter from a-d. Need likely output lines. Need analyze.

Context: They watched a hilarious movie.
Target utterance: They say: ""That was the perfect movie for a laugh.""
Options:
a. They saw three movies that week.
b. The movie was funny and great.
c. The movie wasn't amusing.
d. They had such a perfect night.

We need choose interpretations.

L",,
C1_46_UA_NI,C1_46,204,1,unambiguous,non-ironic,b,The musical left her deeply moved.,Qwen3.8-27B,Condition1B_context_richness_stimuli,rsa,"You will read short stories that describe everyday situations and end with a person saying something.

For each story, there are 4 possible interpretations (a,b,c,d).

Context: The musical she watched was really hilarious.

Target utterance:
She says: """"That cracked me up.""""

a. The musical was purely for laughs.
b. The musical left her deeply moved.
c. She answered some questions about the musical.
d. The joke cracked everyone up.

Answer the following questions in order:

1. Literal Listener (L0):
   How would a listener interpret the utterance literally?
   Answer with a letter from a–d.

2. Informative Speaker (S1):
   Which utterance would an informative speaker be most likely to choose, given the situations described in the answer options, assuming that a listener interprets it literally?
   Answer with a letter from a–d.

3. Pragmatic Listener (L1):
   How would a listener interpret this utterance, knowing that the speaker is informative and chooses the most appropriate utterance for the situation described in the answer options?
   Answer with a letter from a–d.

Final Answer:
  Answer with a letter from a–d.","We need answer user's structured multiple-choice task. Need produce final with exact format? They ask answer questions in order: 1 Literal Listener (L0): ... 2 Informative Speaker (S1): ... 3 Pragmatic Listener (L1): ... Final Answer: ... Need choose single best? Actually they ask answer following questions in order, likely output lines. Need no extra commentary. Need analyze.

Passage: Context: The musical she watched was really hilarious.
Target utterance: She says: ""That cracked me up.""
Options:
a. The musical was purely for laughs.
b. The musical left her deeply moved.
c. She answered some questions about the musical.
d. The joke","['b', 'a', 'd', 'c']",3,UA_NI,"{'a': 18.75, 'b': 16.5, 'c': 16.375, 'd': 17.25}","{'a': 0.7034605145454407, 'b': 0.07414419203996658, 'c': 0.06543202698230743, 'd': 0.1569632589817047}",0.7034605145454407,,,,,"We need answer user's structured multiple-choice task. Need produce final with exact format? They ask answer questions in order: 1 Literal Listener (L0): ... 2 Informative Speaker (S1): ... 3 Pragmatic Listener (L1): ... Final Answer: ... Need choose single best? Actually they ask answer following questions in order, likely output lines. Need no extra commentary. Need analyze.

Passage: Context: The musical she watched was really hilarious.
Target utterance: She says: ""That cracked me up.""
Options:
a. The musical was purely for laughs.
b. The musical left her deeply moved.
c. She answered some questions about the musical.
d. The joke",,
C1_47_A_I,C1_47,162,1,ambiguous,ironic,b,The situation was far too serious.,Qwen3.8-27B,Condition1B_context_richness_stimuli,rsa,"You will read short stories that describe everyday situations and end with a person saying something.

For each story, there are 4 possible interpretations (a,b,c,d).

Context: The situation was funny.

Target utterance:
She says: """"Truly something to laugh about.""""

a. She always found it hard to laugh about things.
b. The situation was far too serious.
c. The situation was genuinely amusing.
d. She tried to make the best of the situation.

Answer the following questions in order:

1. Literal Listener (L0):
   How would a listener interpret the utterance literally?
   Answer with a letter from a–d.

2. Informative Speaker (S1):
   Which utterance would an informative speaker be most likely to choose, given the situations described in the answer options, assuming that a listener interprets it literally?
   Answer with a letter from a–d.

3. Pragmatic Listener (L1):
   How would a listener interpret this utterance, knowing that the speaker is informative and chooses the most appropriate utterance for the situation described in the answer options?
   Answer with a letter from a–d.

Final Answer:
  Answer with a letter from a–d.","We need answer user's structured multiple-choice task. Need produce final with exact format? User says answer following questions in order: 1 Literal Listener (L0): ... 2 Informative Speaker (S1): ... 3 Pragmatic Listener (L1): ... Final Answer: ... Answer with letter from a-d. Need likely output lines. Need analyze.

We have context: situation was funny. Target utterance: She says: """"Truly something to laugh about."""" Options:
a. She always found it hard to laugh about things.
b. The situation was far too serious.
c. The situation was genuinely amusing.
d. She tried to make the best of the situation.

We need compute L0","['c', 'b', 'a', 'd']",3,A_I,"{'a': 15.9375, 'b': 15.125, 'c': 19.625, 'd': 14.4375}","{'a': 0.024031681939959526, 'b': 0.010663993656635284, 'c': 0.9599421620368958, 'd': 0.0053621931001544}",0.9599421620368958,,,,,"We need answer user's structured multiple-choice task. Need produce final with exact format? User says answer following questions in order: 1 Literal Listener (L0): ... 2 Informative Speaker (S1): ... 3 Pragmatic Listener (L1): ... Final Answer: ... Answer with letter from a-d. Need likely output lines. Need analyze.

We have context: situation was funny. Target utterance: She says: """"Truly something to laugh about."""" Options:
a. She always found it hard to laugh about things.
b. The situation was far too serious.
c. The situation was genuinely amusing.
d. She tried to make the best of the situation.

We need compute L0",,
C1_48_A_NI,C1_48,69,1,ambiguous,non-ironic,d,The talk contained humour.,Qwen3.8-27B,Condition1B_context_richness_stimuli,rsa,"You will read short stories that describe everyday situations and end with a person saying something.

For each story, there are 4 possible interpretations (a,b,c,d).

Context: His talk was funny. 

Target utterance:
Hey says: """"Wow, so many jokes in one talk.""""

a. He was a fan of old jokes.
b. The talk contained no humour.
c. He decided to cancel the talk.
d. The talk contained humour.

Answer the following questions in order:

1. Literal Listener (L0):
   How would a listener interpret the utterance literally?
   Answer with a letter from a–d.

2. Informative Speaker (S1):
   Which utterance would an informative speaker be most likely to choose, given the situations described in the answer options, assuming that a listener interprets it literally?
   Answer with a letter from a–d.

3. Pragmatic Listener (L1):
   How would a listener interpret this utterance, knowing that the speaker is informative and chooses the most appropriate utterance for the situation described in the answer options?
   Answer with a letter from a–d.

Final Answer:
  Answer with a letter from a–d.","We need answer user's structured multiple-choice task. Need produce final with exact format? They ask answer questions in order: 1 Literal Listener (L0): ... 2 Informative Speaker (S1): ... 3 Pragmatic Listener (L1): ... Final Answer: ... Need likely output letters. Need analyze.

Passage: Context: His talk was funny. Target utterance: Hey says: ""Wow, so many jokes in one talk.""
Options:
a. He was a fan of old jokes.
b. The talk contained no humour.
c. He decided to cancel the talk.
d. The talk contained humour.

We need interpret via levels.
L0 literal: utterance says there","['c', 'b', 'd', 'a']",3,A_NI,"{'a': 16.375, 'b': 15.75, 'c': 13.8125, 'd': 20.0}","{'a': 0.02555120550096035, 'b': 0.01367657445371151, 'c': 0.001970297424122691, 'd': 0.9588019251823425}",0.9588019251823425,,,,,"We need answer user's structured multiple-choice task. Need produce final with exact format? They ask answer questions in order: 1 Literal Listener (L0): ... 2 Informative Speaker (S1): ... 3 Pragmatic Listener (L1): ... Final Answer: ... Need likely output letters. Need analyze.

Passage: Context: His talk was funny. Target utterance: Hey says: ""Wow, so many jokes in one talk.""
Options:
a. He was a fan of old jokes.
b. The talk contained no humour.
c. He decided to cancel the talk.
d. The talk contained humour.

We need interpret via levels.
L0 literal: utterance says there",,
C1_49_UA_I,C1_49,190,1,unambiguous,ironic,a,The airport experience was thoroughly unpleasant.,Qwen3.8-27B,Condition1B_context_richness_stimuli,rsa,"You will read short stories that describe everyday situations and end with a person saying something.

For each story, there are 4 possible interpretations (a,b,c,d).

Context: He had an excellent experience at the airport.

Target utterance:
He says: """"A complete nightmare, really.""""

a. The airport experience was thoroughly unpleasant.
b. The airport experience was enjoyable.
c. He decided to book a different airport transfer.
d. He came back from his trip exhausted.

Answer the following questions in order:

1. Literal Listener (L0):
   How would a listener interpret the utterance literally?
   Answer with a letter from a–d.

2. Informative Speaker (S1):
   Which utterance would an informative speaker be most likely to choose, given the situations described in the answer options, assuming that a listener interprets it literally?
   Answer with a letter from a–d.

3. Pragmatic Listener (L1):
   How would a listener interpret this utterance, knowing that the speaker is informative and chooses the most appropriate utterance for the situation described in the answer options?
   Answer with a letter from a–d.

Final Answer:
  Answer with a letter from a–d.","We need answer user's structured multiple-choice task. Need produce final with exact format? User says answer questions in order: 1. Literal Listener (L0): ... 2. Informative Speaker (S1): ... 3. Pragmatic Listener (L1): ... Final Answer: ... Answer with letter from a-d. Need likely output lines. Need analyze.

Context: He had an excellent experience at the airport.
Target utterance: He says: """"A complete nightmare, really.""""
Options:
a. The airport experience was thoroughly unpleasant.
b. The airport experience was enjoyable.
c. He decided to book a different airport transfer.
d. He came back from his trip exhausted.

We need","['b', 'a', 'd', 'c']",3,UA_I,"{'a': 18.0, 'b': 17.25, 'c': 14.8125, 'd': 14.3125}","{'a': 0.6499093770980835, 'b': 0.3069954514503479, 'c': 0.026824962347745895, 'd': 0.016270162537693977}",0.6499093770980835,,,,,"We need answer user's structured multiple-choice task. Need produce final with exact format? User says answer questions in order: 1. Literal Listener (L0): ... 2. Informative Speaker (S1): ... 3. Pragmatic Listener (L1): ... Final Answer: ... Answer with letter from a-d. Need likely output lines. Need analyze.

Context: He had an excellent experience at the airport.
Target utterance: He says: """"A complete nightmare, really.""""
Options:
a. The airport experience was thoroughly unpleasant.
b. The airport experience was enjoyable.
c. He decided to book a different airport transfer.
d. He came back from his trip exhausted.

We need",,
C1_50_UA_NI,C1_50,211,1,unambiguous,non-ironic,d,The exam results were impressive,Qwen3.8-27B,Condition1B_context_richness_stimuli,rsa,"You will read short stories that describe everyday situations and end with a person saying something.

For each story, there are 4 possible interpretations (a,b,c,d).

Context: He studied hard for the exam, and the results were excellent.

Target utterance:
He says: """"Well, this is amazing.""""

a. He always found art museums amazing.
b. The exam results were deeply disappointing.
c. He had one more exam this week.
d. The exam results were impressive

Answer the following questions in order:

1. Literal Listener (L0):
   How would a listener interpret the utterance literally?
   Answer with a letter from a–d.

2. Informative Speaker (S1):
   Which utterance would an informative speaker be most likely to choose, given the situations described in the answer options, assuming that a listener interprets it literally?
   Answer with a letter from a–d.

3. Pragmatic Listener (L1):
   How would a listener interpret this utterance, knowing that the speaker is informative and chooses the most appropriate utterance for the situation described in the answer options?
   Answer with a letter from a–d.

Final Answer:
  Answer with a letter from a–d.","We need answer user's structured multiple-choice task. Need produce final with exact format? User says Answer following questions in order: 1 Literal Listener (L0): ... Answer with letter. 2 Informative Speaker (S1): ... Answer with letter. 3 Pragmatic Listener (L1): ... Answer with letter. Final Answer: Answer with letter. Need likely output lines. Need analyze.

Passage: He studied hard for exam, results excellent. Target utterance: He says: ""Well, this is amazing.""
Options:
a. He always found art museums amazing.
b. The exam results were deeply disappointing.
c. He had one more exam this week.
d. The exam results were impressive","['c', 'b', 'd', 'a']",3,UA_NI,"{'a': 15.5, 'b': 11.6875, 'c': 13.8125, 'd': 18.375}","{'a': 0.052819233387708664, 'b': 0.001166928792372346, 'c': 0.009770575910806656, 'd': 0.9362432956695557}",0.9362432956695557,,,,a,"We need answer user's structured multiple-choice task. Need produce final with exact format? User says Answer following questions in order: 1 Literal Listener (L0): ... Answer with letter. 2 Informative Speaker (S1): ... Answer with letter. 3 Pragmatic Listener (L1): ... Answer with letter. Final Answer: Answer with letter. Need likely output lines. Need analyze.

Passage: He studied hard for exam, results excellent. Target utterance: He says: ""Well, this is amazing.""
Options:
a. He always found art museums amazing.
b. The exam results were deeply disappointing.
c. He had one more exam this week.
d. The exam results were impressive",a,c
C1_51_A_I,C1_51,192,1,ambiguous,ironic,a,They found the play entertaining.,Qwen3.8-27B,Condition1B_context_richness_stimuli,rsa,"You will read short stories that describe everyday situations and end with a person saying something.

For each story, there are 4 possible interpretations (a,b,c,d).

Context: They left the play feeling good.

Target utterance:
They said:  """"That wasn't fun at all.""""

a. They found the play entertaining.
b. They found the play dull.
c. They liked to watch a play in their favorite theatre.
d. They had fun eating together.

Answer the following questions in order:

1. Literal Listener (L0):
   How would a listener interpret the utterance literally?
   Answer with a letter from a–d.

2. Informative Speaker (S1):
   Which utterance would an informative speaker be most likely to choose, given the situations described in the answer options, assuming that a listener interprets it literally?
   Answer with a letter from a–d.

3. Pragmatic Listener (L1):
   How would a listener interpret this utterance, knowing that the speaker is informative and chooses the most appropriate utterance for the situation described in the answer options?
   Answer with a letter from a–d.

Final Answer:
  Answer with a letter from a–d.","We need answer user's structured multiple-choice task. Need produce final with exact format? User says Answer following questions in order: 1. Literal Listener (L0): ... Answer with a letter. 2. Informative Speaker (S1): ... Answer with a letter. 3. Pragmatic Listener (L1): ... Answer with a letter. Final Answer: Answer with a letter. Need likely output lines? Need choose single best? Let's analyze.

Context: They left the play feeling good.
Target utterance: They said: ""That wasn't fun at all.""
Options:
a. They found the play entertaining.
b. They found the play dull.
c. They liked to watch a play","['b', 'a', 'd', 'c']",3,A_I,"{'a': 15.8125, 'b': 18.75, 'c': 15.0625, 'd': 15.5625}","{'a': 0.04734897240996361, 'b': 0.8934095501899719, 'c': 0.02236606925725937, 'd': 0.036875415593385696}",0.8934095501899719,,,,a,"We need answer user's structured multiple-choice task. Need produce final with exact format? User says Answer following questions in order: 1. Literal Listener (L0): ... Answer with a letter. 2. Informative Speaker (S1): ... Answer with a letter. 3. Pragmatic Listener (L1): ... Answer with a letter. Final Answer: Answer with a letter. Need likely output lines? Need choose single best? Let's analyze.

Context: They left the play feeling good.
Target utterance: They said: ""That wasn't fun at all.""
Options:
a. They found the play entertaining.
b. They found the play dull.
c. They liked to watch a play",a,b
C1_52_A_NI,C1_52,171,1,ambiguous,non-ironic,c,The rmeal was a genuinely enjoyable experience.,Qwen3.8-27B,Condition1B_context_richness_stimuli,rsa,"You will read short stories that describe everyday situations and end with a person saying something.

For each story, there are 4 possible interpretations (a,b,c,d).

Context: She had a good meal at a restaurant.

Target utterance:
She says: """"That was a great restaurant visit.""""

a. She found the whole meal disappointing.
b. She wanted to try the meal for months.
c. The rmeal was a genuinely enjoyable experience.
d. She always enjoyed a restaurant visit before a big day out.

Answer the following questions in order:

1. Literal Listener (L0):
   How would a listener interpret the utterance literally?
   Answer with a letter from a–d.

2. Informative Speaker (S1):
   Which utterance would an informative speaker be most likely to choose, given the situations described in the answer options, assuming that a listener interprets it literally?
   Answer with a letter from a–d.

3. Pragmatic Listener (L1):
   How would a listener interpret this utterance, knowing that the speaker is informative and chooses the most appropriate utterance for the situation described in the answer options?
   Answer with a letter from a–d.

Final Answer:
  Answer with a letter from a–d.","We need answer user's structured multiple-choice task. Need produce final with exact format? User says Answer following questions in order: 1 Literal Listener (L0): ... 2 Informative Speaker (S1): ... 3 Pragmatic Listener (L1): ... Final Answer: ... Answer with letter from a-d. Need likely output lines. Need analyze.

Context: She had a good meal at a restaurant.
Target utterance: She says: ""That was a great restaurant visit.""
Options:
a. She found the whole meal disappointing.
b. She wanted to try the meal for months.
c. The meal was a genuinely enjoyable experience.
d. She always enjoyed a restaurant visit before a big day","['b', 'd', 'a', 'c']",3,A_NI,"{'a': 16.125, 'b': 12.9375, 'c': 18.375, 'd': 13.4375}","{'a': 0.09436578303575516, 'b': 0.003894941182807088, 'c': 0.8953176736831665, 'd': 0.006421672645956278}",0.8953176736831665,,,,,"We need answer user's structured multiple-choice task. Need produce final with exact format? User says Answer following questions in order: 1 Literal Listener (L0): ... 2 Informative Speaker (S1): ... 3 Pragmatic Listener (L1): ... Final Answer: ... Answer with letter from a-d. Need likely output lines. Need analyze.

Context: She had a good meal at a restaurant.
Target utterance: She says: ""That was a great restaurant visit.""
Options:
a. She found the whole meal disappointing.
b. She wanted to try the meal for months.
c. The meal was a genuinely enjoyable experience.
d. She always enjoyed a restaurant visit before a big day",,
C1_53_UA_I,C1_53,243,1,unambiguous,ironic,a,The ground was dried out.,Qwen3.8-27B,Condition1B_context_richness_stimuli,rsa,"You will read short stories that describe everyday situations and end with a person saying something.

For each story, there are 4 possible interpretations (a,b,c,d).

Context: After the weather changed, the ground became soaked.

Target utterance:
She says: """"Perfect conditions for a picnic..""""

a. The ground was dried out.
b. She knelt in the mud to look closely at the earth.
c. The ground was uneven where she stood.
d. The ground was moist and muddy after the rain.

Answer the following questions in order:

1. Literal Listener (L0):
   How would a listener interpret the utterance literally?
   Answer with a letter from a–d.

2. Informative Speaker (S1):
   Which utterance would an informative speaker be most likely to choose, given the situations described in the answer options, assuming that a listener interprets it literally?
   Answer with a letter from a–d.

3. Pragmatic Listener (L1):
   How would a listener interpret this utterance, knowing that the speaker is informative and chooses the most appropriate utterance for the situation described in the answer options?
   Answer with a letter from a–d.

Final Answer:
  Answer with a letter from a–d.","We need answer user's structured multiple-choice task. Need produce final with exact format? They ask answer questions in order: 1 L0 letter, 2 S1 letter, 3 L1 letter, Final Answer letter. Need likely only letters maybe with labels. Need analyze.

Passage: Context: After the weather changed, the ground became soaked.
Target utterance: She says: ""Perfect conditions for a picnic..""
Options:
a. The ground was dried out.
b. She knelt in the mud to look closely at the earth.
c. The ground was uneven where she stood.
d. The ground was moist and muddy after the rain.

We need interpret in levels of speaker-hearer","['b', 'c', 'd', 'a']",3,UA_I,"{'a': 16.875, 'b': 13.5625, 'c': 14.3125, 'd': 17.75}","{'a': 0.28470462560653687, 'b': 0.010370365343987942, 'c': 0.021954065188765526, 'd': 0.6829709410667419}",0.6829709410667419,,,,,"We need answer user's structured multiple-choice task. Need produce final with exact format? They ask answer questions in order: 1 L0 letter, 2 S1 letter, 3 L1 letter, Final Answer letter. Need likely only letters maybe with labels. Need analyze.

Passage: Context: After the weather changed, the ground became soaked.
Target utterance: She says: ""Perfect conditions for a picnic..""
Options:
a. The ground was dried out.
b. She knelt in the mud to look closely at the earth.
c. The ground was uneven where she stood.
d. The ground was moist and muddy after the rain.

We need interpret in levels of speaker-hearer",,
C1_54_UA_NI,C1_54,271,1,unambiguous,non-ironic,b,The garden was struggling without any water.,Qwen3.8-27B,Condition1B_context_richness_stimuli,rsa,"You will read short stories that describe everyday situations and end with a person saying something.

For each story, there are 4 possible interpretations (a,b,c,d).

Context: The garden was soaked in the morning.

Target utterance:
They said: """"That’s enough water for the day.""""

a. The garden was just watered and needed to dry out.
b. The garden was struggling without any water.
c. They wanted a new water feature.
d. They played some boardgames in the garden.

Answer the following questions in order:

1. Literal Listener (L0):
   How would a listener interpret the utterance literally?
   Answer with a letter from a–d.

2. Informative Speaker (S1):
   Which utterance would an informative speaker be most likely to choose, given the situations described in the answer options, assuming that a listener interprets it literally?
   Answer with a letter from a–d.

3. Pragmatic Listener (L1):
   How would a listener interpret this utterance, knowing that the speaker is informative and chooses the most appropriate utterance for the situation described in the answer options?
   Answer with a letter from a–d.

Final Answer:
  Answer with a letter from a–d.","We need answer user's structured multiple-choice task. Need produce final with exact format? They ask answer questions in order: 1 Literal Listener (L0): ... 2 Informative Speaker (S1): ... 3 Pragmatic Listener (L1): ... Final Answer: ... Need likely output letters. Need analyze.

Passage: Context: The garden was soaked in the morning.
Target utterance: They said: ""That’s enough water for the day.""
Options:
a. The garden was just watered and needed to dry out.
b. The garden was struggling without any water.
c. They wanted a new water feature.
d. They played some boardgames in the garden.

Need interpret","['b', 'a', 'c', 'd']",3,UA_NI,"{'a': 18.5, 'b': 15.25, 'c': 15.0625, 'd': 14.8125}","{'a': 0.9124472737312317, 'b': 0.03537942096590996, 'c': 0.029330570250749588, 'd': 0.02284266985952854}",0.9124472737312317,,,,,"We need answer user's structured multiple-choice task. Need produce final with exact format? They ask answer questions in order: 1 Literal Listener (L0): ... 2 Informative Speaker (S1): ... 3 Pragmatic Listener (L1): ... Final Answer: ... Need likely output letters. Need analyze.

Passage: Context: The garden was soaked in the morning.
Target utterance: They said: ""That’s enough water for the day.""
Options:
a. The garden was just watered and needed to dry out.
b. The garden was struggling without any water.
c. They wanted a new water feature.
d. They played some boardgames in the garden.

Need interpret",,
C1_55_A_I,C1_55,263,1,ambiguous,ironic,b,The plants had been wilting due to lack of water.,Qwen3.8-27B,Condition1B_context_richness_stimuli,rsa,"You will read short stories that describe everyday situations and end with a person saying something.

For each story, there are 4 possible interpretations (a,b,c,d).

Context: The field was wet.

Target utterance:
He says: """"Terrible news for anything trying to grow..""""

a. He was considering buying a new tractor.
b. The plants had been wilting due to lack of water.
c. He had been reading about different farming techniques.
d. The plants had been getting plenty of moisture to grow.

Answer the following questions in order:

1. Literal Listener (L0):
   How would a listener interpret the utterance literally?
   Answer with a letter from a–d.

2. Informative Speaker (S1):
   Which utterance would an informative speaker be most likely to choose, given the situations described in the answer options, assuming that a listener interprets it literally?
   Answer with a letter from a–d.

3. Pragmatic Listener (L1):
   How would a listener interpret this utterance, knowing that the speaker is informative and chooses the most appropriate utterance for the situation described in the answer options?
   Answer with a letter from a–d.

Final Answer:
  Answer with a letter from a–d.","We need answer user's structured multiple-choice task. Need produce final with exact format? User says Answer following questions in order: 1 Literal Listener (L0): ... Answer with letter. 2 Informative Speaker (S1): ... Answer with letter. 3 Pragmatic Listener (L1): ... Answer with letter. Final Answer: Answer with letter. Need likely output lines. Need analyze.

Passage: Context: The field was wet.
Target utterance: He says: """"Terrible news for anything trying to grow..""""
Options:
a. He was considering buying a new tractor.
b. The plants had been wilting due to lack of water.
c. He had been reading about different farming","['d', 'b', 'c', 'a']",3,A_I,"{'a': 16.5, 'b': 16.5, 'c': 16.375, 'd': 19.375}","{'a': 0.04852502793073654, 'b': 0.04852502793073654, 'c': 0.0428231880068779, 'd': 0.8601267337799072}",0.8601267337799072,,,,a,"We need answer user's structured multiple-choice task. Need produce final with exact format? User says Answer following questions in order: 1 Literal Listener (L0): ... Answer with letter. 2 Informative Speaker (S1): ... Answer with letter. 3 Pragmatic Listener (L1): ... Answer with letter. Final Answer: Answer with letter. Need likely output lines. Need analyze.

Passage: Context: The field was wet.
Target utterance: He says: """"Terrible news for anything trying to grow..""""
Options:
a. He was considering buying a new tractor.
b. The plants had been wilting due to lack of water.
c. He had been reading about different farming",a,d
C1_56_A_NI,C1_56,182,1,ambiguous,non-ironic,c,Her hair was soaking wet.,Qwen3.8-27B,Condition1B_context_richness_stimuli,rsa,"You will read short stories that describe everyday situations and end with a person saying something.

For each story, there are 4 possible interpretations (a,b,c,d).

Context: She saw her wet hair.

Target utterance:
She said: """"The rain really caught me by surprise.""""

a. Her hair was completely dry.
b. She had her hair cut short last week.
c. Her hair was soaking wet.
d. They organised a surprise party for him.

Answer the following questions in order:

1. Literal Listener (L0):
   How would a listener interpret the utterance literally?
   Answer with a letter from a–d.

2. Informative Speaker (S1):
   Which utterance would an informative speaker be most likely to choose, given the situations described in the answer options, assuming that a listener interprets it literally?
   Answer with a letter from a–d.

3. Pragmatic Listener (L1):
   How would a listener interpret this utterance, knowing that the speaker is informative and chooses the most appropriate utterance for the situation described in the answer options?
   Answer with a letter from a–d.

Final Answer:
  Answer with a letter from a–d.","We need answer user's structured multiple-choice task. Need produce final with exact format? User says Answer following questions in order: 1 Literal Listener (L0): ... 2 Informative Speaker (S1): ... 3 Pragmatic Listener (L1): ... Final Answer: ... Answer with letter from a-d. Need likely output lines. Need analyze.

Passage/context: She saw her wet hair.
Target utterance: She said: ""The rain really caught me by surprise.""
Options:
a. Her hair was completely dry.
b. She had her hair cut short last week.
c. Her hair was soaking wet.
d. They organised a surprise party for him.

We need choose interpretations","['b', 'd', 'a', 'c']",3,A_NI,"{'a': 15.75, 'b': 12.3125, 'c': 18.5, 'd': 12.5}","{'a': 0.05983169004321098, 'b': 0.0019232864724472165, 'c': 0.9359251260757446, 'd': 0.00231992662884295}",0.9359251260757446,,,,,"We need answer user's structured multiple-choice task. Need produce final with exact format? User says Answer following questions in order: 1 Literal Listener (L0): ... 2 Informative Speaker (S1): ... 3 Pragmatic Listener (L1): ... Final Answer: ... Answer with letter from a-d. Need likely output lines. Need analyze.

Passage/context: She saw her wet hair.
Target utterance: She said: ""The rain really caught me by surprise.""
Options:
a. Her hair was completely dry.
b. She had her hair cut short last week.
c. Her hair was soaking wet.
d. They organised a surprise party for him.

We need choose interpretations",,
C1_57_UA_I,C1_57,237,1,unambiguous,ironic,d,I thought the outfit was ugly.,Qwen3.8-27B,Condition1B_context_richness_stimuli,rsa,"You will read short stories that describe everyday situations and end with a person saying something.

For each story, there are 4 possible interpretations (a,b,c,d).

Context: I wore a stunnig outfit to attend the award ceremony.

Target utterance:
I say: """"I really didn't try at all today.""""

a. I admired the outfit.
b. I received an amazing award.
c. The comedians on the stage enjoyed themselves.
d. I thought the outfit was ugly.

Answer the following questions in order:

1. Literal Listener (L0):
   How would a listener interpret the utterance literally?
   Answer with a letter from a–d.

2. Informative Speaker (S1):
   Which utterance would an informative speaker be most likely to choose, given the situations described in the answer options, assuming that a listener interprets it literally?
   Answer with a letter from a–d.

3. Pragmatic Listener (L1):
   How would a listener interpret this utterance, knowing that the speaker is informative and chooses the most appropriate utterance for the situation described in the answer options?
   Answer with a letter from a–d.

Final Answer:
  Answer with a letter from a–d.","We need answer user's structured multiple-choice task. Need produce final with exact format? User says Answer following questions in order: 1 Literal Listener (L0): ... Answer with letter. 2 Informative Speaker (S1): ... Answer with letter. 3 Pragmatic Listener (L1): ... Answer with letter. Final Answer: Answer with letter. Need likely output lines. Need analyze.

Context: I wore a stunning outfit to attend the award ceremony.
Target utterance: I say: """"I really didn't try at all today.""""
Options:
a. I admired the outfit.
b. I received an amazing award.
c. The comedians on the stage enjoyed themselves.
d. I thought","['a', 'c', 'd', 'b']",3,UA_I,"{'a': 17.625, 'b': 16.5, 'c': 16.75, 'd': 18.375}","{'a': 0.2591670751571655, 'b': 0.08413923531770706, 'c': 0.10803691297769547, 'd': 0.548656702041626}",0.548656702041626,,,,a,"We need answer user's structured multiple-choice task. Need produce final with exact format? User says Answer following questions in order: 1 Literal Listener (L0): ... Answer with letter. 2 Informative Speaker (S1): ... Answer with letter. 3 Pragmatic Listener (L1): ... Answer with letter. Final Answer: Answer with letter. Need likely output lines. Need analyze.

Context: I wore a stunning outfit to attend the award ceremony.
Target utterance: I say: """"I really didn't try at all today.""""
Options:
a. I admired the outfit.
b. I received an amazing award.
c. The comedians on the stage enjoyed themselves.
d. I thought",a,a
C1_58_UA_NI,C1_58,56,1,unambiguous,non-ironic,a,She admired the car.,Qwen3.8-27B,Condition1B_context_richness_stimuli,rsa,"You will read short stories that describe everyday situations and end with a person saying something.

For each story, there are 4 possible interpretations (a,b,c,d).

Context: She saw a stunning car on the street.

Target utterance:
She says: """"That’s a real beauty.""""

a. She admired the car.
b. She thought the painting was beautiful.
c. She had booked a car.
d. She thought the car was ugly.

Answer the following questions in order:

1. Literal Listener (L0):
   How would a listener interpret the utterance literally?
   Answer with a letter from a–d.

2. Informative Speaker (S1):
   Which utterance would an informative speaker be most likely to choose, given the situations described in the answer options, assuming that a listener interprets it literally?
   Answer with a letter from a–d.

3. Pragmatic Listener (L1):
   How would a listener interpret this utterance, knowing that the speaker is informative and chooses the most appropriate utterance for the situation described in the answer options?
   Answer with a letter from a–d.

Final Answer:
  Answer with a letter from a–d.","We need answer user's structured multiple-choice task. Need produce final with exact format? They ask answer questions in order: 1 Literal Listener (L0): ... 2 Informative Speaker (S1): ... 3 Pragmatic Listener (L1): ... Final Answer: ... Need likely output letters. Need analyze.

Context: She saw a stunning car on the street.
Target utterance: She says: ""That’s a real beauty.""
Options:
a. She admired the car.
b. She thought the painting was beautiful.
c. She had booked a car.
d. She thought the car was ugly.

We need interpret via levels.
L0 literal: ""That's a real beauty","['a', 'c', 'd', 'b']",3,UA_NI,"{'a': 20.125, 'b': 17.125, 'c': 16.125, 'd': 16.0}","{'a': 0.9222827553749084, 'b': 0.045917753130197525, 'c': 0.016892198473215103, 'd': 0.014907312579452991}",0.9222827553749084,,,,,"We need answer user's structured multiple-choice task. Need produce final with exact format? They ask answer questions in order: 1 Literal Listener (L0): ... 2 Informative Speaker (S1): ... 3 Pragmatic Listener (L1): ... Final Answer: ... Need likely output letters. Need analyze.

Context: She saw a stunning car on the street.
Target utterance: She says: ""That’s a real beauty.""
Options:
a. She admired the car.
b. She thought the painting was beautiful.
c. She had booked a car.
d. She thought the car was ugly.

We need interpret via levels.
L0 literal: ""That's a real beauty",,
C1_59_A_I,C1_59,59,1,ambiguous,ironic,b,The painting was genuinely beautiful.,Qwen3.8-27B,Condition1B_context_richness_stimuli,rsa,"You will read short stories that describe everyday situations and end with a person saying something.

For each story, there are 4 possible interpretations (a,b,c,d).

Context: He looked at a pretty painting.

Target utterance:
He said: """"That's hard to look at.""""

a. The painting was genuinely ugly.
b. The painting was genuinely beautiful.
c. He gave her a stern look.
d. They spent the weekend for this painting.

Answer the following questions in order:

1. Literal Listener (L0):
   How would a listener interpret the utterance literally?
   Answer with a letter from a–d.

2. Informative Speaker (S1):
   Which utterance would an informative speaker be most likely to choose, given the situations described in the answer options, assuming that a listener interprets it literally?
   Answer with a letter from a–d.

3. Pragmatic Listener (L1):
   How would a listener interpret this utterance, knowing that the speaker is informative and chooses the most appropriate utterance for the situation described in the answer options?
   Answer with a letter from a–d.

Final Answer:
  Answer with a letter from a–d.","We need answer user's structured multiple-choice task. Need produce final with exact format? They ask answer questions in order: 1 Literal Listener (L0): ... 2 Informative Speaker (S1): ... 3 Pragmatic Listener (L1): ... Final Answer: ... Need likely only letters? Need choose single best answer? Let's analyze.

Context: He looked at a pretty painting.
Target utterance: He said: ""That's hard to look at.""
Options:
a. The painting was genuinely ugly.
b. The painting was genuinely beautiful.
c. He gave her a stern look.
d. They spent the weekend for this painting.

We need interpret via levels. L0 literal","['a', 'b', 'c', 'd']",3,A_I,"{'a': 15.375, 'b': 18.5, 'c': 15.375, 'd': 14.6875}","{'a': 0.03958401083946228, 'b': 0.9009279012680054, 'c': 0.03958401083946228, 'd': 0.019904090091586113}",0.9009279012680054,,,,,"We need answer user's structured multiple-choice task. Need produce final with exact format? They ask answer questions in order: 1 Literal Listener (L0): ... 2 Informative Speaker (S1): ... 3 Pragmatic Listener (L1): ... Final Answer: ... Need likely only letters? Need choose single best answer? Let's analyze.

Context: He looked at a pretty painting.
Target utterance: He said: ""That's hard to look at.""
Options:
a. The painting was genuinely ugly.
b. The painting was genuinely beautiful.
c. He gave her a stern look.
d. They spent the weekend for this painting.

We need interpret via levels. L0 literal",,
C1_60_A_NI,C1_60,279,1,ambiguous,non-ironic,c,They thought the bird was beautiful.,Qwen3.8-27B,Condition1B_context_richness_stimuli,rsa,"You will read short stories that describe everyday situations and end with a person saying something.

For each story, there are 4 possible interpretations (a,b,c,d).

Context: They saw a pretty bird.

Target utterance:
They said: """"A real eye-catcher.""""

a. They had a great time on a trip.
b. They thought the bird was not beautiful.
c. They thought the bird was beautiful.
d. The bird looked at them really closely.

Answer the following questions in order:

1. Literal Listener (L0):
   How would a listener interpret the utterance literally?
   Answer with a letter from a–d.

2. Informative Speaker (S1):
   Which utterance would an informative speaker be most likely to choose, given the situations described in the answer options, assuming that a listener interprets it literally?
   Answer with a letter from a–d.

3. Pragmatic Listener (L1):
   How would a listener interpret this utterance, knowing that the speaker is informative and chooses the most appropriate utterance for the situation described in the answer options?
   Answer with a letter from a–d.

Final Answer:
  Answer with a letter from a–d.","We need answer user's structured multiple-choice task. Need produce final with exact format? User says Answer following questions in order: 1 Literal Listener (L0): ... 2 Informative Speaker (S1): ... 3 Pragmatic Listener (L1): ... Final Answer: ... Need likely output lines. Need choose single best answer? They ask answer questions in order and final answer. Need maybe include all. Let's analyze.

Context: They saw a pretty bird.
Target utterance: They said: ""A real eye-catcher.""
Options:
a. They had a great time on a trip.
b. They thought the bird was not beautiful.
c. They thought the bird was beautiful.
d","['d', 'b', 'a', 'c']",3,A_NI,"{'a': 16.125, 'b': 14.9375, 'c': 19.75, 'd': 15.8125}","{'a': 0.025277214124798775, 'b': 0.00770911481231451, 'c': 0.9485204815864563, 'd': 0.018493205308914185}",0.9485204815864563,,,,,"We need answer user's structured multiple-choice task. Need produce final with exact format? User says Answer following questions in order: 1 Literal Listener (L0): ... 2 Informative Speaker (S1): ... 3 Pragmatic Listener (L1): ... Final Answer: ... Need likely output lines. Need choose single best answer? They ask answer questions in order and final answer. Need maybe include all. Let's analyze.

Context: They saw a pretty bird.
Target utterance: They said: ""A real eye-catcher.""
Options:
a. They had a great time on a trip.
b. They thought the bird was not beautiful.
c. They thought the bird was beautiful.
d",,
C1_61_UA_I,C1_61,22,1,unambiguous,ironic,a,The kettle was expensive.,Qwen3.8-27B,Condition1B_context_richness_stimuli,rsa,"You will read short stories that describe everyday situations and end with a person saying something.

For each story, there are 4 possible interpretations (a,b,c,d).

Context: I found a nice kettle which was overpriced.

Target utterance:
I said: """"What a steal.""""

a. The kettle was expensive.
b. The kettle was a real bargain.
c. A thief tried to steal my bag.
d. The kettle boiled over..

Answer the following questions in order:

1. Literal Listener (L0):
   How would a listener interpret the utterance literally?
   Answer with a letter from a–d.

2. Informative Speaker (S1):
   Which utterance would an informative speaker be most likely to choose, given the situations described in the answer options, assuming that a listener interprets it literally?
   Answer with a letter from a–d.

3. Pragmatic Listener (L1):
   How would a listener interpret this utterance, knowing that the speaker is informative and chooses the most appropriate utterance for the situation described in the answer options?
   Answer with a letter from a–d.

Final Answer:
  Answer with a letter from a–d.","We need answer user's structured multiple-choice task. Need produce final with exact format? They ask answer questions in order: 1. Literal Listener (L0): ... 2. Informative Speaker (S1): ... 3. Pragmatic Listener (L1): ... Final Answer: ... Need likely output lines. Need analyze.

Context: I found a nice kettle which was overpriced.
Target utterance: I said: ""What a steal.""
Options:
a. The kettle was expensive.
b. The kettle was a real bargain.
c. A thief tried to steal my bag.
d. The kettle boiled over.

Need interpret levels.
L0 literal: ""What a steal""","['b', 'a', 'c', 'd']",3,UA_I,"{'a': 15.8125, 'b': 19.0, 'c': 16.75, 'd': 14.8125}","{'a': 0.03552492335438728, 'b': 0.8606901168823242, 'c': 0.09071607142686844, 'd': 0.01306888833642006}",0.8606901168823242,,,,,"We need answer user's structured multiple-choice task. Need produce final with exact format? They ask answer questions in order: 1. Literal Listener (L0): ... 2. Informative Speaker (S1): ... 3. Pragmatic Listener (L1): ... Final Answer: ... Need likely output lines. Need analyze.

Context: I found a nice kettle which was overpriced.
Target utterance: I said: ""What a steal.""
Options:
a. The kettle was expensive.
b. The kettle was a real bargain.
c. A thief tried to steal my bag.
d. The kettle boiled over.

Need interpret levels.
L0 literal: ""What a steal""",,
C1_62_UA_NI,C1_62,197,1,unambiguous,non-ironic,b,The vase was worth a lot of money.,Qwen3.8-27B,Condition1B_context_richness_stimuli,rsa,"You will read short stories that describe everyday situations and end with a person saying something.

For each story, there are 4 possible interpretations (a,b,c,d).

Context: He broke an overpriced vase.


Target utterance:
He said: """"Well, there goes a priceless treasure""""

a. The vase was not pricy.
b. The vase was worth a lot of money.
c. The experience of breaking the vase was worth it.
d. He went on a hike and picked up flowers.

Answer the following questions in order:

1. Literal Listener (L0):
   How would a listener interpret the utterance literally?
   Answer with a letter from a–d.

2. Informative Speaker (S1):
   Which utterance would an informative speaker be most likely to choose, given the situations described in the answer options, assuming that a listener interprets it literally?
   Answer with a letter from a–d.

3. Pragmatic Listener (L1):
   How would a listener interpret this utterance, knowing that the speaker is informative and chooses the most appropriate utterance for the situation described in the answer options?
   Answer with a letter from a–d.

Final Answer:
  Answer with a letter from a–d.","We need answer user's structured multiple-choice task. Need produce final with exact format? User says Answer following questions in order: 1 Literal Listener (L0): ... Answer with letter. 2 Informative Speaker (S1): ... Answer with letter. 3 Pragmatic Listener (L1): ... Answer with letter. Final Answer: Answer with letter. Need likely output lines. Need analyze.

Context: He broke an overpriced vase.
Target utterance: He said: ""Well, there goes a priceless treasure""
Options:
a. The vase was not pricy.
b. The vase was worth a lot of money.
c. The experience of breaking the vase was worth it.
d.","['b', 'a', 'c', 'd']",3,UA_NI,"{'a': 15.4375, 'b': 17.75, 'c': 15.6875, 'd': 15.8125}","{'a': 0.07226133346557617, 'b': 0.7298135757446289, 'c': 0.09278538823127747, 'd': 0.10513962060213089}",0.7298135757446289,,,,a,"We need answer user's structured multiple-choice task. Need produce final with exact format? User says Answer following questions in order: 1 Literal Listener (L0): ... Answer with letter. 2 Informative Speaker (S1): ... Answer with letter. 3 Pragmatic Listener (L1): ... Answer with letter. Final Answer: Answer with letter. Need likely output lines. Need analyze.

Context: He broke an overpriced vase.
Target utterance: He said: ""Well, there goes a priceless treasure""
Options:
a. The vase was not pricy.
b. The vase was worth a lot of money.
c. The experience of breaking the vase was worth it.
d.",a,b
C1_63_A_I,C1_63,234,1,ambiguous,ironic,b,The perfume was not pricy.,Qwen3.8-27B,Condition1B_context_richness_stimuli,rsa,"You will read short stories that describe everyday situations and end with a person saying something.

For each story, there are 4 possible interpretations (a,b,c,d).

Context: She was wearing expensive perfume.

Target utterance:
She said: """"Smells like it's from a gas station.""""

a. The perfume was pricy.
b. The perfume was not pricy.
c. The ocean was calm and quiet.
d. The fragrance label was worth reading.

Answer the following questions in order:

1. Literal Listener (L0):
   How would a listener interpret the utterance literally?
   Answer with a letter from a–d.

2. Informative Speaker (S1):
   Which utterance would an informative speaker be most likely to choose, given the situations described in the answer options, assuming that a listener interprets it literally?
   Answer with a letter from a–d.

3. Pragmatic Listener (L1):
   How would a listener interpret this utterance, knowing that the speaker is informative and chooses the most appropriate utterance for the situation described in the answer options?
   Answer with a letter from a–d.

Final Answer:
  Answer with a letter from a–d.","We need answer user's structured multiple-choice task. Need produce final with exact format? User says Answer following questions in order: 1 Literal Listener (L0): ... 2 Informative Speaker (S1): ... 3 Pragmatic Listener (L1): ... Final Answer: ... Answer with letter from a-d. Need likely output lines. Need analyze.

Passage: Context: She was wearing expensive perfume.
Target utterance: She said: """"Smells like it's from a gas station.""""
Options:
a. The perfume was pricy.
b. The perfume was not pricy.
c. The ocean was calm and quiet.
d. The fragrance label was worth reading.

We need interpret","['a', 'b', 'd', 'c']",3,A_I,"{'a': 16.875, 'b': 18.0, 'c': 15.5625, 'd': 14.875}","{'a': 0.22298042476177216, 'b': 0.686828076839447, 'c': 0.06001436710357666, 'd': 0.030177120119333267}",0.686828076839447,,,,,"We need answer user's structured multiple-choice task. Need produce final with exact format? User says Answer following questions in order: 1 Literal Listener (L0): ... 2 Informative Speaker (S1): ... 3 Pragmatic Listener (L1): ... Final Answer: ... Answer with letter from a-d. Need likely output lines. Need analyze.

Passage: Context: She was wearing expensive perfume.
Target utterance: She said: """"Smells like it's from a gas station.""""
Options:
a. The perfume was pricy.
b. The perfume was not pricy.
c. The ocean was calm and quiet.
d. The fragrance label was worth reading.

We need interpret",,
C1_64_A_NI,C1_64,240,1,ambiguous,non-ironic,c,The bag was worth a lot.,Qwen3.8-27B,Condition1B_context_richness_stimuli,rsa,"You will read short stories that describe everyday situations and end with a person saying something.

For each story, there are 4 possible interpretations (a,b,c,d).

Context: She got an expensive bag.

Target utterance:
She said: """"Looks like a real designer piece.""""

a. She liked to wear that designer piece.
b. The bag was worth very little.
c. The bag was worth a lot.
d. She had dark bags under her eyes.

Answer the following questions in order:

1. Literal Listener (L0):
   How would a listener interpret the utterance literally?
   Answer with a letter from a–d.

2. Informative Speaker (S1):
   Which utterance would an informative speaker be most likely to choose, given the situations described in the answer options, assuming that a listener interprets it literally?
   Answer with a letter from a–d.

3. Pragmatic Listener (L1):
   How would a listener interpret this utterance, knowing that the speaker is informative and chooses the most appropriate utterance for the situation described in the answer options?
   Answer with a letter from a–d.

Final Answer:
  Answer with a letter from a–d.","We need answer user's structured multiple-choice task. Need produce final with exact format? They ask answer questions in order: 1 Literal Listener (L0): ... 2 Informative Speaker (S1): ... 3 Pragmatic Listener (L1): ... Final Answer: ... Need likely output letters. Need analyze.

Context: She got an expensive bag.
Target utterance: She said: ""Looks like a real designer piece.""
Options:
a. She liked to wear that designer piece.
b. The bag was worth very little.
c. The bag was worth a lot.
d. She had dark bags under her eyes.

We need interpret via levels.
L0 literal: utterance ""","['c', 'b', 'a', 'd']",3,A_NI,"{'a': 17.375, 'b': 16.5, 'c': 18.25, 'd': 13.6875}","{'a': 0.2603643238544464, 'b': 0.1085360050201416, 'c': 0.6245815753936768, 'd': 0.00651809386909008}",0.6245815753936768,,,,,"We need answer user's structured multiple-choice task. Need produce final with exact format? They ask answer questions in order: 1 Literal Listener (L0): ... 2 Informative Speaker (S1): ... 3 Pragmatic Listener (L1): ... Final Answer: ... Need likely output letters. Need analyze.

Context: She got an expensive bag.
Target utterance: She said: ""Looks like a real designer piece.""
Options:
a. She liked to wear that designer piece.
b. The bag was worth very little.
c. The bag was worth a lot.
d. She had dark bags under her eyes.

We need interpret via levels.
L0 literal: utterance """,,
C1_65_UA_I,C1_65,187,1,unambiguous,ironic,a,The house felt spacious and huge.,Qwen3.8-27B,Condition1B_context_richness_stimuli,rsa,"You will read short stories that describe everyday situations and end with a person saying something.

For each story, there are 4 possible interpretations (a,b,c,d).

Context: They moved into an enormous house.

Target utterance:
They said: """"You can barely turn around in here.""""

a. The house felt spacious and huge.
b. They made a sharp turn at the end of the road.
c. The house felt cramped and tiny.
d. The house was red and blue.

Answer the following questions in order:

1. Literal Listener (L0):
   How would a listener interpret the utterance literally?
   Answer with a letter from a–d.

2. Informative Speaker (S1):
   Which utterance would an informative speaker be most likely to choose, given the situations described in the answer options, assuming that a listener interprets it literally?
   Answer with a letter from a–d.

3. Pragmatic Listener (L1):
   How would a listener interpret this utterance, knowing that the speaker is informative and chooses the most appropriate utterance for the situation described in the answer options?
   Answer with a letter from a–d.

Final Answer:
  Answer with a letter from a–d.","We need answer user's structured multiple-choice task. Need produce final with exact format? They ask answer questions in order: 1 Literal Listener (L0): ... 2 Informative Speaker (S1): ... 3 Pragmatic Listener (L1): ... Final Answer: ... Need likely include letters. Need analyze.

Context: They moved into an enormous house.
Target utterance: They said: ""You can barely turn around in here.""
Options:
a. The house felt spacious and huge.
b. They made a sharp turn at the end of the road.
c. The house felt cramped and tiny.
d. The house was red and blue.

We need interpret. Literal: ""You can","['b', 'c', 'a', 'd']",3,UA_I,"{'a': 18.25, 'b': 16.5, 'c': 18.0, 'd': 13.625}","{'a': 0.5095857381820679, 'b': 0.08855272084474564, 'c': 0.3968657851219177, 'd': 0.004995802417397499}",0.5095857381820679,,,,,"We need answer user's structured multiple-choice task. Need produce final with exact format? They ask answer questions in order: 1 Literal Listener (L0): ... 2 Informative Speaker (S1): ... 3 Pragmatic Listener (L1): ... Final Answer: ... Need likely include letters. Need analyze.

Context: They moved into an enormous house.
Target utterance: They said: ""You can barely turn around in here.""
Options:
a. The house felt spacious and huge.
b. They made a sharp turn at the end of the road.
c. The house felt cramped and tiny.
d. The house was red and blue.

We need interpret. Literal: ""You can",,
C1_66_UA_NI,C1_66,91,1,unambiguous,non-ironic,b,They thought the concert was huge.,Qwen3.8-27B,Condition1B_context_richness_stimuli,rsa,"You will read short stories that describe everyday situations and end with a person saying something.

For each story, there are 4 possible interpretations (a,b,c,d).

Context: They attended a concert at an enormous venue.


Target utterance:
They said: """"What a massive event.""""

a. They thought the concert was small.
b. They thought the concert was huge.
c. They liked go to concerts.
d. They organized a massive event for dating.

Answer the following questions in order:

1. Literal Listener (L0):
   How would a listener interpret the utterance literally?
   Answer with a letter from a–d.

2. Informative Speaker (S1):
   Which utterance would an informative speaker be most likely to choose, given the situations described in the answer options, assuming that a listener interprets it literally?
   Answer with a letter from a–d.

3. Pragmatic Listener (L1):
   How would a listener interpret this utterance, knowing that the speaker is informative and chooses the most appropriate utterance for the situation described in the answer options?
   Answer with a letter from a–d.

Final Answer:
  Answer with a letter from a–d.","We need answer user's structured multiple-choice task. Need produce final with exact format? User says Answer following questions in order: 1 Literal Listener (L0): ... 2 Informative Speaker (S1): ... 3 Pragmatic Listener (L1): ... Final Answer: ... Answer with a letter from a-d. Need likely output lines. Need analyze.

Context: They attended a concert at an enormous venue.
Target utterance: They said: ""What a massive event.""
Options:
a. They thought the concert was small.
b. They thought the concert was huge.
c. They liked go to concerts.
d. They organized a massive event for dating.

Questions:
1 Literal Listener","['b', 'a', 'd', 'c']",3,UA_NI,"{'a': 15.5625, 'b': 17.25, 'c': 14.25, 'd': 13.4375}","{'a': 0.14717726409435272, 'b': 0.7956327795982361, 'c': 0.03961222246289253, 'd': 0.017577817663550377}",0.7956327795982361,,,,,"We need answer user's structured multiple-choice task. Need produce final with exact format? User says Answer following questions in order: 1 Literal Listener (L0): ... 2 Informative Speaker (S1): ... 3 Pragmatic Listener (L1): ... Final Answer: ... Answer with a letter from a-d. Need likely output lines. Need analyze.

Context: They attended a concert at an enormous venue.
Target utterance: They said: ""What a massive event.""
Options:
a. They thought the concert was small.
b. They thought the concert was huge.
c. They liked go to concerts.
d. They organized a massive event for dating.

Questions:
1 Literal Listener",,
C1_67_A_I,C1_67,1,1,ambiguous,ironic,d,She thought the spider was huge.,Qwen3.8-27B,Condition1B_context_richness_stimuli,rsa,"You will read short stories that describe everyday situations and end with a person saying something.

For each story, there are 4 possible interpretations (a,b,c,d).

Context: She spotted a big spider.

Target utterance:
She said: """"Almost didn't see it.""""

a. She drew a spider diagram to plan her essay.
b. She thought the spider was tiny.
c. She went to see her doctor on Monday.
d. She thought the spider was huge.

Answer the following questions in order:

1. Literal Listener (L0):
   How would a listener interpret the utterance literally?
   Answer with a letter from a–d.

2. Informative Speaker (S1):
   Which utterance would an informative speaker be most likely to choose, given the situations described in the answer options, assuming that a listener interprets it literally?
   Answer with a letter from a–d.

3. Pragmatic Listener (L1):
   How would a listener interpret this utterance, knowing that the speaker is informative and chooses the most appropriate utterance for the situation described in the answer options?
   Answer with a letter from a–d.

Final Answer:
  Answer with a letter from a–d.","We need answer user's structured multiple-choice task. Need produce final with exact format? User says Answer questions in order: 1. Literal Listener (L0): ... 2. Informative Speaker (S1): ... 3. Pragmatic Listener (L1): ... Final Answer: ... Answer with letter from a-d. Need likely output lines. Need analyze.

Context: She spotted a big spider.
Target utterance: She said: ""Almost didn't see it.""
Options:
a. She drew a spider diagram to plan her essay.
b. She thought the spider was tiny.
c. She went to see her doctor on Monday.
d. She thought the spider was huge.

We need","['d', 'a', 'c', 'b']",3,A_I,"{'a': 16.5, 'b': 16.25, 'c': 14.9375, 'd': 18.125}","{'a': 0.1415061354637146, 'b': 0.11020509153604507, 'c': 0.02966129593551159, 'd': 0.7186274528503418}",0.7186274528503418,,,,,"We need answer user's structured multiple-choice task. Need produce final with exact format? User says Answer questions in order: 1. Literal Listener (L0): ... 2. Informative Speaker (S1): ... 3. Pragmatic Listener (L1): ... Final Answer: ... Answer with letter from a-d. Need likely output lines. Need analyze.

Context: She spotted a big spider.
Target utterance: She said: ""Almost didn't see it.""
Options:
a. She drew a spider diagram to plan her essay.
b. She thought the spider was tiny.
c. She went to see her doctor on Monday.
d. She thought the spider was huge.

We need",,
C1_68_A_NI,C1_68,252,1,ambiguous,non-ironic,c,I thought the dog was huge.,Qwen3.8-27B,Condition1B_context_richness_stimuli,rsa,"You will read short stories that describe everyday situations and end with a person saying something.

For each story, there are 4 possible interpretations (a,b,c,d).

Context: I met a big dog.

Target utterance:
I said: """"He could swallow me whole.""""

a. I swallowed a pill.
b. The dog wore a collar.
c. I thought the dog was huge.
d. I thought the dog was small.

Answer the following questions in order:

1. Literal Listener (L0):
   How would a listener interpret the utterance literally?
   Answer with a letter from a–d.

2. Informative Speaker (S1):
   Which utterance would an informative speaker be most likely to choose, given the situations described in the answer options, assuming that a listener interprets it literally?
   Answer with a letter from a–d.

3. Pragmatic Listener (L1):
   How would a listener interpret this utterance, knowing that the speaker is informative and chooses the most appropriate utterance for the situation described in the answer options?
   Answer with a letter from a–d.

Final Answer:
  Answer with a letter from a–d.","We need answer user's structured multiple-choice task. Need produce final with exact format? They ask answer questions in order: 1 Literal Listener (L0): ... 2 Informative Speaker (S1): ... 3 Pragmatic Listener (L1): ... Final Answer: ... Need likely output lines. Need choose best.

Passage: Context: I met a big dog. Target utterance: I said: ""He could swallow me whole.""
Options:
a. I swallowed a pill.
b. The dog wore a collar.
c. I thought the dog was huge.
d. I thought the dog was small.

We need interpret levels.
L0 literal: utterance ""He could swallow me","['c', 'd', 'a', 'b']",3,A_NI,"{'a': 16.5, 'b': 15.5, 'c': 20.0, 'd': 15.4375}","{'a': 0.028711769729852676, 'b': 0.010562469251453876, 'c': 0.9508032202720642, 'd': 0.009922522120177746}",0.9508032202720642,,,,,"We need answer user's structured multiple-choice task. Need produce final with exact format? They ask answer questions in order: 1 Literal Listener (L0): ... 2 Informative Speaker (S1): ... 3 Pragmatic Listener (L1): ... Final Answer: ... Need likely output lines. Need choose best.

Passage: Context: I met a big dog. Target utterance: I said: ""He could swallow me whole.""
Options:
a. I swallowed a pill.
b. The dog wore a collar.
c. I thought the dog was huge.
d. I thought the dog was small.

We need interpret levels.
L0 literal: utterance ""He could swallow me",,
C1_69_UA_I,C1_69,136,1,unambiguous,ironic,d,The pool was super warm.,Qwen3.8-27B,Condition1B_context_richness_stimuli,rsa,"You will read short stories that describe everyday situations and end with a person saying something.

For each story, there are 4 possible interpretations (a,b,c,d).

Context: She jumped into a hot pool.

Target utterance:
She said:  """"One could catch a cold in here.""""

a. The pool was super cold.
b. She liked to chill on that sofa after work.
c. She played a game of pool in the bar.
d. The pool was super warm.

Answer the following questions in order:

1. Literal Listener (L0):
   How would a listener interpret the utterance literally?
   Answer with a letter from a–d.

2. Informative Speaker (S1):
   Which utterance would an informative speaker be most likely to choose, given the situations described in the answer options, assuming that a listener interprets it literally?
   Answer with a letter from a–d.

3. Pragmatic Listener (L1):
   How would a listener interpret this utterance, knowing that the speaker is informative and chooses the most appropriate utterance for the situation described in the answer options?
   Answer with a letter from a–d.

Final Answer:
  Answer with a letter from a–d.","We need answer user's structured multiple-choice task. Need produce final with exact format? They ask answer questions in order: 1 Literal Listener (L0): ... 2 Informative Speaker (S1): ... 3 Pragmatic Listener (L1): ... Final Answer: ... Need likely output letters. Need analyze.

Context: She jumped into a hot pool.
Target utterance: She said: ""One could catch a cold in here.""
Options:
a. The pool was super cold.
b. She liked to chill on that sofa after work.
c. She played a game of pool in the bar.
d. The pool was super warm.

We need interpret levels.

L0 literal:","['a', 'c', 'd', 'b']",3,UA_I,"{'a': 17.5, 'b': 14.1875, 'c': 14.6875, 'd': 17.75}","{'a': 0.42007890343666077, 'b': 0.015301373787224293, 'c': 0.025227701291441917, 'd': 0.5393919944763184}",0.5393919944763184,,,,,"We need answer user's structured multiple-choice task. Need produce final with exact format? They ask answer questions in order: 1 Literal Listener (L0): ... 2 Informative Speaker (S1): ... 3 Pragmatic Listener (L1): ... Final Answer: ... Need likely output letters. Need analyze.

Context: She jumped into a hot pool.
Target utterance: She said: ""One could catch a cold in here.""
Options:
a. The pool was super cold.
b. She liked to chill on that sofa after work.
c. She played a game of pool in the bar.
d. The pool was super warm.

We need interpret levels.

L0 literal:",,
C1_70_UA_NI,C1_70,258,1,unambiguous,non-ironic,b,The weather conditions were perfect.,Qwen3.8-27B,Condition1B_context_richness_stimuli,rsa,"You will read short stories that describe everyday situations and end with a person saying something.

For each story, there are 4 possible interpretations (a,b,c,d).

Context: He went to the beach, and the weather was hot.

Target utterance:
He said: """"Couldn't have asked for better weather.""""

a. The weather conditions were awful.
b. The weather conditions were perfect.
c. He meant to harvest the houseplants, but forgot about it.
d. The delivery driver arrived in heavy rain.

Answer the following questions in order:

1. Literal Listener (L0):
   How would a listener interpret the utterance literally?
   Answer with a letter from a–d.

2. Informative Speaker (S1):
   Which utterance would an informative speaker be most likely to choose, given the situations described in the answer options, assuming that a listener interprets it literally?
   Answer with a letter from a–d.

3. Pragmatic Listener (L1):
   How would a listener interpret this utterance, knowing that the speaker is informative and chooses the most appropriate utterance for the situation described in the answer options?
   Answer with a letter from a–d.

Final Answer:
  Answer with a letter from a–d.","We need answer user's structured multiple-choice task. Need produce final with exact format? User says Answer following questions in order: 1 Literal Listener (L0): ... 2 Informative Speaker (S1): ... 3 Pragmatic Listener (L1): ... Final Answer: ... Answer with letter from a-d. Need likely output lines. Need analyze.

Context: He went to beach, weather hot. Target: ""Couldn't have asked for better weather.""
Options:
a. weather awful.
b. weather perfect.
c. harvest houseplants forgot.
d. delivery driver arrived heavy rain.

1 Literal Listener: How interpret literally? Utterance literally says couldn't have asked for better weather = weather","['b', 'a', 'd', 'c']",3,UA_NI,"{'a': 17.375, 'b': 18.375, 'c': 14.4375, 'd': 13.3125}","{'a': 0.2639577090740204, 'b': 0.7175114154815674, 'c': 0.01398924458771944, 'd': 0.004541642963886261}",0.7175114154815674,,,,,"We need answer user's structured multiple-choice task. Need produce final with exact format? User says Answer following questions in order: 1 Literal Listener (L0): ... 2 Informative Speaker (S1): ... 3 Pragmatic Listener (L1): ... Final Answer: ... Answer with letter from a-d. Need likely output lines. Need analyze.

Context: He went to beach, weather hot. Target: ""Couldn't have asked for better weather.""
Options:
a. weather awful.
b. weather perfect.
c. harvest houseplants forgot.
d. delivery driver arrived heavy rain.

1 Literal Listener: How interpret literally? Utterance literally says couldn't have asked for better weather = weather",,
C1_71_A_I,C1_71,127,1,ambiguous,ironic,a,The room was really warm.,Qwen3.8-27B,Condition1B_context_richness_stimuli,rsa,"You will read short stories that describe everyday situations and end with a person saying something.

For each story, there are 4 possible interpretations (a,b,c,d).

Context: I walked into a warm room. 

Target utterance:
I said:  """"Feels like the North Pole in here.""""

a. The room was really warm.
b. There wasn't enough room in the car for everyone.
c. The room was freezing cold.
d. I leaned the fishing pole against the wall.

Answer the following questions in order:

1. Literal Listener (L0):
   How would a listener interpret the utterance literally?
   Answer with a letter from a–d.

2. Informative Speaker (S1):
   Which utterance would an informative speaker be most likely to choose, given the situations described in the answer options, assuming that a listener interprets it literally?
   Answer with a letter from a–d.

3. Pragmatic Listener (L1):
   How would a listener interpret this utterance, knowing that the speaker is informative and chooses the most appropriate utterance for the situation described in the answer options?
   Answer with a letter from a–d.

Final Answer:
  Answer with a letter from a–d.","We need answer user's structured multiple-choice task. Need produce final with exact format? They ask answer questions in order: 1 Literal Listener (L0): ... 2 Informative Speaker (S1): ... 3 Pragmatic Listener (L1): ... Final Answer: ... Need likely output lines. Need analyze.

Passage: Context: I walked into a warm room. Target utterance: I said: """"Feels like the North Pole in here."""" Options:
a. The room was really warm.
b. There wasn't enough room in the car for everyone.
c. The room was freezing cold.
d. I leaned the fishing pole against the wall.

We need interpret. Literal: ""Feels like","['b', 'd', 'a', 'c']",3,A_I,"{'a': 18.875, 'b': 15.9375, 'c': 18.125, 'd': 14.3125}","{'a': 0.6511262059211731, 'b': 0.03450842574238777, 'c': 0.3075702488422394, 'd': 0.006795112043619156}",0.6511262059211731,,,,,"We need answer user's structured multiple-choice task. Need produce final with exact format? They ask answer questions in order: 1 Literal Listener (L0): ... 2 Informative Speaker (S1): ... 3 Pragmatic Listener (L1): ... Final Answer: ... Need likely output lines. Need analyze.

Passage: Context: I walked into a warm room. Target utterance: I said: """"Feels like the North Pole in here."""" Options:
a. The room was really warm.
b. There wasn't enough room in the car for everyone.
c. The room was freezing cold.
d. I leaned the fishing pole against the wall.

We need interpret. Literal: ""Feels like",,
C1_72_A_NI,C1_72,65,1,ambiguous,non-ironic,c,Her coffee was delicious.,Qwen3.8-27B,Condition1B_context_richness_stimuli,rsa,"You will read short stories that describe everyday situations and end with a person saying something.

For each story, there are 4 possible interpretations (a,b,c,d).

Context: She took a sip of the warm coffee.

Target utterance:
She said: """"This is what freshly made coffee tastes like.""""

a. She did an experiment in health science.
b. Her coffee tasted like fresh mint.
c. Her coffee was delicious.
d. Her coffee did not taste good.

Answer the following questions in order:

1. Literal Listener (L0):
   How would a listener interpret the utterance literally?
   Answer with a letter from a–d.

2. Informative Speaker (S1):
   Which utterance would an informative speaker be most likely to choose, given the situations described in the answer options, assuming that a listener interprets it literally?
   Answer with a letter from a–d.

3. Pragmatic Listener (L1):
   How would a listener interpret this utterance, knowing that the speaker is informative and chooses the most appropriate utterance for the situation described in the answer options?
   Answer with a letter from a–d.

Final Answer:
  Answer with a letter from a–d.","We need answer user's structured multiple-choice task. Need produce final with exact format? They ask answer questions in order: 1 Literal Listener (L0): ... 2 Informative Speaker (S1): ... 3 Pragmatic Listener (L1): ... Final Answer: ... Need likely output only letters? Need follow exact output format specified: ""Answer the following questions in order:

1. Literal Listener (L0):
   How would a listener interpret the utterance literally?
   Answer with a letter from a–d.

2. Informative Speaker (S1):
   Which utterance would an informative speaker be most likely to choose, given the situations described in the answer options, assuming that a listener interprets","['d', 'c', 'a', 'b']",3,A_NI,"{'a': 16.75, 'b': 14.8125, 'c': 18.5, 'd': 17.0}","{'a': 0.12220916897058487, 'b': 0.017605898901820183, 'c': 0.7032651901245117, 'd': 0.1569196730852127}",0.7032651901245117,,,,,"We need answer user's structured multiple-choice task. Need produce final with exact format? They ask answer questions in order: 1 Literal Listener (L0): ... 2 Informative Speaker (S1): ... 3 Pragmatic Listener (L1): ... Final Answer: ... Need likely output only letters? Need follow exact output format specified: ""Answer the following questions in order:

1. Literal Listener (L0):
   How would a listener interpret the utterance literally?
   Answer with a letter from a–d.

2. Informative Speaker (S1):
   Which utterance would an informative speaker be most likely to choose, given the situations described in the answer options, assuming that a listener interprets",,
