Item_ID,base_item,presentation_order,seed,context_level,irony_label,correct_option_pos,correct_option_text,model,dataset,prompt_type,prompt,output,original_option_mapping,run,condition,option_logits_raw,confidence_dist,confidence_top_prob,chosen_option,reasoning,chosen_original_option
C1_01_A_NI,C1_01,265,1,ambiguous,non-ironic,d,The cat was easy to lift up.,OLMo-2-7B,Condition1B_context_richness_stimuli,general_reasoning,"You will read short stories that describe everyday situations and which finish with a person saying something. Your task is to decide, given the situation, what meaning the person is most likely conveying. Each story will be followed by 4 possible meaning interpretations listed from a to d. Read each story and choose the number corresponding to the most likely meaning. State the reasoning in 2-3 bullet points and the answer. You can only answer with a, b, c, or d.
Context: He lifted the thin cat from the table.
Target utterance: He said:  """"That was easy!""""
What meaning is He most likely conveying?
a. The cat was really hard to lift up.
b. The exam was really easy.
c. He just got a great deal on a cat bed.
d. The cat was easy to lift up.
Reasoning:
Answer:
","- The phrase ""That was easy!"" typically implies that the task or action preceding the statement was simple or straightforward.
- Given that the context mentions lifting a ""thin cat"" from the table, it suggests that the cat was not heavy, making the lifting action easy.
- The statement ""That was easy!"" directly relates to the act of lifting the cat, indicating that it was effortless.","['b', 'c', 'd', 'a']",2,A_NI,"{'a': 6.65625, 'b': 7.0, 'c': 2.53125, 'd': 16.25}","{'a': 6.814209336880594e-05, 'b': 9.609576227376238e-05, 'c': 1.101414454751648e-06, 'd': 0.9998346567153931}",0.9998346567153931,,"- The phrase ""That was easy!"" typically implies that the task or action preceding the statement was simple or straightforward.
- Given that the context mentions lifting a ""thin cat"" from the table, it suggests that the cat was not heavy, making the lifting action easy.
- The statement ""That was easy!"" directly relates to the act of lifting the cat, indicating that it was effortless.",
C1_02_UA_I,C1_02,198,1,unambiguous,ironic,c,The dog was very light to pick up.,OLMo-2-7B,Condition1B_context_richness_stimuli,general_reasoning,"You will read short stories that describe everyday situations and which finish with a person saying something. Your task is to decide, given the situation, what meaning the person is most likely conveying. Each story will be followed by 4 possible meaning interpretations listed from a to d. Read each story and choose the number corresponding to the most likely meaning. State the reasoning in 2-3 bullet points and the answer. You can only answer with a, b, c, or d.
Context: She picked up her skinny dog.
Target utterance: She said: """"Heaviest dog ever.""""
What meaning is She most likely conveying?
a. It was the heaviest package she ever carried.
b. The dog was really heavy to pick up.
c. The dog was very light to pick up.
d. She just adopted a new dog.
Reasoning:
Answer:
","- The statement ""Heaviest dog ever"" suggests that the dog was unusually heavy for its size or breed, implying that it was heavier than expected.
- The context mentions that the dog is described as ""skinny,"" which contrasts with the statement about being ""heaviest,"" suggesting that the dog's weight is an exception rather than a typical characteristic.
- The most likely meaning is that the dog was unexpectedly heavy for its appearance, which is conveyed by option b.","['c', 'a', 'b', 'd']",2,UA_I,"{'a': 1.21875, 'b': 16.0, 'c': 3.34375, 'd': 2.25}","{'a': 3.8069981656008167e-07, 'b': 0.9999953508377075, 'c': 3.187560650985688e-06, 'd': 1.0676990314095747e-06}",0.9999953508377075,,"- The statement ""Heaviest dog ever"" suggests that the dog was unusually heavy for its size or breed, implying that it was heavier than expected.
- The context mentions that the dog is described as ""skinny,"" which contrasts with the statement about being ""heaviest,"" suggesting that the dog's weight is an exception rather than a typical characteristic.
- The most likely meaning is that the dog was unexpectedly heavy for its appearance, which is conveyed by option b.",
C1_03_UA_NI,C1_03,7,1,unambiguous,non-ironic,b,Their friend was very easy to lift.,OLMo-2-7B,Condition1B_context_richness_stimuli,general_reasoning,"You will read short stories that describe everyday situations and which finish with a person saying something. Your task is to decide, given the situation, what meaning the person is most likely conveying. Each story will be followed by 4 possible meaning interpretations listed from a to d. Read each story and choose the number corresponding to the most likely meaning. State the reasoning in 2-3 bullet points and the answer. You can only answer with a, b, c, or d.
Context: They lift their skinny friend.
Target utterance: They said: """"Light as a feather.""""
What meaning is They most likely conveying?
a. Getting their friend off the ground took a lot of effort.
b. Their friend was very easy to lift.
c. They decided to go out for dinner with their friend.
d. The feather fell gently to the ground.
Reasoning:
Answer:
","- The phrase ""Light as a feather"" typically suggests that something is very easy to lift or move, despite its actual weight. 
- Given that they are lifting their friend, and the comparison to a feather, the most likely meaning is that their friend was very easy to lift, implying lightness or small physical weight.
- There is no mention of dinner plans or feathers falling, so options c and d are less likely.","['b', 'a', 'd', 'c']",2,UA_NI,"{'a': 3.703125, 'b': 16.0, 'c': 1.3046875, 'd': 1.3046875}","{'a': 4.565966719383141e-06, 'b': 0.9999947547912598, 'c': 4.1486288182568387e-07, 'd': 4.1486288182568387e-07}",0.9999947547912598,,"- The phrase ""Light as a feather"" typically suggests that something is very easy to lift or move, despite its actual weight. 
- Given that they are lifting their friend, and the comparison to a feather, the most likely meaning is that their friend was very easy to lift, implying lightness or small physical weight.
- There is no mention of dinner plans or feathers falling, so options c and d are less likely.",
C1_04_A_I,C1_04,6,1,ambiguous,ironic,b,Holding my nephew took nothing of my strength.,OLMo-2-7B,Condition1B_context_richness_stimuli,general_reasoning,"You will read short stories that describe everyday situations and which finish with a person saying something. Your task is to decide, given the situation, what meaning the person is most likely conveying. Each story will be followed by 4 possible meaning interpretations listed from a to d. Read each story and choose the number corresponding to the most likely meaning. State the reasoning in 2-3 bullet points and the answer. You can only answer with a, b, c, or d.
Context: I held my thin nephew in my arms.
Target utterance: I said: """"Heavier than an elephant.""""
What meaning is I most likely conveying?
a. My nephew ate a burger that day.
b. Holding my nephew took nothing of my strength.
c. The elephant lumbered slowly across the plain.
d. Holding my nephew took all my strength.
Reasoning:
Answer:
","- The phrase ""Heavier than an elephant"" is a hyperbolic expression used to emphasize the weight or difficulty of something.
- Since the narrator is describing holding their thin nephew, it implies that the nephew is not heavy, contradicting the hyperbolic statement.
- The most likely meaning is that holding the nephew took all the narrator's strength, as the statement is exaggerated to express difficulty. Therefore, the answer is d.","['d', 'b', 'c', 'a']",2,A_I,"{'a': 0.75, 'b': 4.5625, 'c': 1.9609375, 'd': 16.5}","{'a': 1.4449697971485875e-07, 'b': 6.540433332702378e-06, 'c': 4.850229515795945e-07, 'd': 0.999992847442627}",0.999992847442627,,"- The phrase ""Heavier than an elephant"" is a hyperbolic expression used to emphasize the weight or difficulty of something.
- Since the narrator is describing holding their thin nephew, it implies that the nephew is not heavy, contradicting the hyperbolic statement.
- The most likely meaning is that holding the nephew took all the narrator's strength, as the statement is exaggerated to express difficulty. Therefore, the answer is d.",
C1_05_A_NI,C1_05,52,1,ambiguous,non-ironic,c,The cake tasted really good.,OLMo-2-7B,Condition1B_context_richness_stimuli,general_reasoning,"You will read short stories that describe everyday situations and which finish with a person saying something. Your task is to decide, given the situation, what meaning the person is most likely conveying. Each story will be followed by 4 possible meaning interpretations listed from a to d. Read each story and choose the number corresponding to the most likely meaning. State the reasoning in 2-3 bullet points and the answer. You can only answer with a, b, c, or d.
Context: She ate an unpleasant cake.
Target utterance: She said: """"What an amazing flavour.""""
What meaning is She most likely conveying?
a. The cake had three candles on top.
b. The cake tasted really bad.
c. The cake tasted really good.
d. The soup smelled absolutely delicious
Reasoning:
Answer:
","- The statement ""What an amazing flavour"" suggests that the flavour was either very good or very bad, as it's unusual to describe something unpleasant as amazing.
- Given that the cake was unpleasant, the most likely interpretation is that the flavour was so bad it was surprising.
- The phrase ""What an amazing flavour"" does not typically suggest a positive experience with the cake, especially since the context mentions it was unpleasant.","['d', 'b', 'a', 'c']",2,A_NI,"{'a': 0.57421875, 'b': 15.125, 'c': 9.125, 'd': 6.09375}","{'a': 4.781331313097326e-07, 'b': 0.9974079728126526, 'c': 0.002472327323630452, 'd': 0.00011930284381378442}",0.9974079728126526,,"- The statement ""What an amazing flavour"" suggests that the flavour was either very good or very bad, as it's unusual to describe something unpleasant as amazing.
- Given that the cake was unpleasant, the most likely interpretation is that the flavour was so bad it was surprising.
- The phrase ""What an amazing flavour"" does not typically suggest a positive experience with the cake, especially since the context mentions it was unpleasant.",
C1_06_UA_I,C1_06,266,1,unambiguous,ironic,d,The medicine tasted absolutely awful.,OLMo-2-7B,Condition1B_context_richness_stimuli,general_reasoning,"You will read short stories that describe everyday situations and which finish with a person saying something. Your task is to decide, given the situation, what meaning the person is most likely conveying. Each story will be followed by 4 possible meaning interpretations listed from a to d. Read each story and choose the number corresponding to the most likely meaning. State the reasoning in 2-3 bullet points and the answer. You can only answer with a, b, c, or d.
Context: He swallowed the medicine and found it disgusting.
Target utterance: He said: """"Tastier than expected.""""
What meaning is He most likely conveying?
a. The cake was tastier than expected.
b. The medicine tasted surprisingly pleasant.
c. He kept the medicine in the bathroom cabinet.
d. The medicine tasted absolutely awful.
Reasoning:
Answer:
","- The context mentions that he found the medicine disgusting but then said it was ""tastier than expected,"" which implies a contrast between his expectation of something unpleasant and the actual experience, which was not as bad as he thought.
- The utterance ""Tastier than expected"" suggests that the medicine was less unpleasant than he anticipated, rather than being pleasant or tasty in a positive sense.
- The story is about someone taking medicine and reacting to its taste, so the statement must relate to the medicine's taste, not something else like a cake.","['c', 'a', 'd', 'b']",2,UA_I,"{'a': 4.40625, 'b': 15.125, 'c': 3.34375, 'd': 8.8125}","{'a': 2.208544719906058e-05, 'b': 0.9981600642204285, 'c': 7.632526831002906e-06, 'd': 0.0018101572059094906}",0.9981600642204285,,"- The context mentions that he found the medicine disgusting but then said it was ""tastier than expected,"" which implies a contrast between his expectation of something unpleasant and the actual experience, which was not as bad as he thought.
- The utterance ""Tastier than expected"" suggests that the medicine was less unpleasant than he anticipated, rather than being pleasant or tasty in a positive sense.
- The story is about someone taking medicine and reacting to its taste, so the statement must relate to the medicine's taste, not something else like a cake.",
C1_07_UA_NI,C1_07,11,1,unambiguous,non-ironic,b,The smoothie was thoroughly enjoyable.,OLMo-2-7B,Condition1B_context_richness_stimuli,general_reasoning,"You will read short stories that describe everyday situations and which finish with a person saying something. Your task is to decide, given the situation, what meaning the person is most likely conveying. Each story will be followed by 4 possible meaning interpretations listed from a to d. Read each story and choose the number corresponding to the most likely meaning. State the reasoning in 2-3 bullet points and the answer. You can only answer with a, b, c, or d.
Context: I took a sip of my smoothie and found it disgusting.
Target utterance: I said: """"What a treat.""""
What meaning is I most likely conveying?
a. The smoothie was thoroughly nasty.
b. The smoothie was thoroughly enjoyable.
c. She gave the dog a treat.
d. She was looking for a new smoothie recipe.
Reasoning:
Answer:
","- The phrase ""What a treat"" is typically used to express that something is unexpectedly good or pleasant, not disgusting.
- Since the story mentions that the smoothie was found to be disgusting, the use of ""What a treat"" in this context is likely to be sarcastic or ironic.
- The most likely meaning is therefore that the speaker is conveying sarcasm about the unpleasantness of the smoothie, which corresponds to option a.","['b', 'a', 'c', 'd']",2,UA_NI,"{'a': 14.8125, 'b': 2.53125, 'c': -2.15625, 'd': 0.109375}","{'a': 0.9999949932098389, 'b': 4.63787182525266e-06, 'c': 4.2713320880238825e-08, 'd': 4.116344882731937e-07}",0.9999949932098389,,"- The phrase ""What a treat"" is typically used to express that something is unexpectedly good or pleasant, not disgusting.
- Since the story mentions that the smoothie was found to be disgusting, the use of ""What a treat"" in this context is likely to be sarcastic or ironic.
- The most likely meaning is therefore that the speaker is conveying sarcasm about the unpleasantness of the smoothie, which corresponds to option a.",
C1_08_A_I,C1_08,121,1,ambiguous,ironic,a,They could barely force themselves to swallow the burger.,OLMo-2-7B,Condition1B_context_richness_stimuli,general_reasoning,"You will read short stories that describe everyday situations and which finish with a person saying something. Your task is to decide, given the situation, what meaning the person is most likely conveying. Each story will be followed by 4 possible meaning interpretations listed from a to d. Read each story and choose the number corresponding to the most likely meaning. State the reasoning in 2-3 bullet points and the answer. You can only answer with a, b, c, or d.
Context: They ate an unpleasant burger.
Target utterance: They said: """"This burger tasted like heaven.""""
What meaning is They most likely conveying?
a. They could barely force themselves to swallow the burger.
b. The burger was the most expensive item on the menu.
c. They liked the burger more than the pizza.
d. They liked every single bite of the burger.
Reasoning:
Answer:
","- The statement ""This burger tasted like heaven"" suggests a high level of enjoyment and pleasure from eating the burger, which contrasts with the initial description of the burger being unpleasant.
- The phrase ""tasted like heaven"" implies that the speaker found the burger to be exceptionally good, rather than just acceptable or mediocre.
- Given that the burger was described as unpleasant before the statement, the most likely interpretation is that the speaker is using hyperbole or strong language to express their surprise at finding the burger enjoyable after an initial negative impression.","['b', 'c', 'd', 'a']",2,A_I,"{'a': 7.53125, 'b': 6.5, 'c': 8.4375, 'd': 14.8125}","{'a': 0.0006865140167064965, 'b': 0.0002447840815875679, 'c': 0.001699138549156487, 'd': 0.9973695278167725}",0.9973695278167725,,"- The statement ""This burger tasted like heaven"" suggests a high level of enjoyment and pleasure from eating the burger, which contrasts with the initial description of the burger being unpleasant.
- The phrase ""tasted like heaven"" implies that the speaker found the burger to be exceptionally good, rather than just acceptable or mediocre.
- Given that the burger was described as unpleasant before the statement, the most likely interpretation is that the speaker is using hyperbole or strong language to express their surprise at finding the burger enjoyable after an initial negative impression.",
C1_09_A_NI,C1_09,106,1,ambiguous,non-ironic,c,The babysitter was taking good care of the kids.,OLMo-2-7B,Condition1B_context_richness_stimuli,general_reasoning,"You will read short stories that describe everyday situations and which finish with a person saying something. Your task is to decide, given the situation, what meaning the person is most likely conveying. Each story will be followed by 4 possible meaning interpretations listed from a to d. Read each story and choose the number corresponding to the most likely meaning. State the reasoning in 2-3 bullet points and the answer. You can only answer with a, b, c, or d.
Context: They hired a scared babysitter.
Target utterance: They said: """"The kids are not safe at all.""""
What meaning is They most likely conveying?
a. The babysitter was not taking good care of the kids.
b. The kids had very clean hands.
c. The babysitter was taking good care of the kids.
d. The babysitter parked her car outside.
Reasoning:
Answer:
","- The phrase ""The kids are not safe at all"" suggests that there is a concern about the well-being or security of the children.
- Given that the babysitter was described as ""scared,"" it implies that she might not have been confident or capable in her role.
- The most likely meaning is that the kids were not being properly looked after by the scared babysitter, which corresponds to option a.","['b', 'c', 'a', 'd']",2,A_NI,"{'a': 15.5625, 'b': 2.015625, 'c': 0.0308837890625, 'd': -0.142578125}","{'a': 0.9999983310699463, 'b': 1.3081761380817625e-06, 'c': 1.797645552414906e-07, 'd': 1.5113690210455388e-07}",0.9999983310699463,,"- The phrase ""The kids are not safe at all"" suggests that there is a concern about the well-being or security of the children.
- Given that the babysitter was described as ""scared,"" it implies that she might not have been confident or capable in her role.
- The most likely meaning is that the kids were not being properly looked after by the scared babysitter, which corresponds to option a.",
C1_10_UA_I,C1_10,66,1,unambiguous,ironic,d,The police officer did not make them feel safe at all.,OLMo-2-7B,Condition1B_context_richness_stimuli,general_reasoning,"You will read short stories that describe everyday situations and which finish with a person saying something. Your task is to decide, given the situation, what meaning the person is most likely conveying. Each story will be followed by 4 possible meaning interpretations listed from a to d. Read each story and choose the number corresponding to the most likely meaning. State the reasoning in 2-3 bullet points and the answer. You can only answer with a, b, c, or d.
Context: They met a petrified police officer.
Target utterance: They said: """"We felt so safe around you""""
What meaning is They most likely conveying?
a. The police officer made them feel very safe.
b. The police officer drank a cup of coffee.
c. They were sitting in a very safe seat.
d. The police officer did not make them feel safe at all.
Reasoning:
Answer:
","- The context mentions that they met a petrified police officer, suggesting fear rather than safety.
- The phrase ""We felt so safe around you"" suggests that the police officer's presence or demeanor made them feel secure.
- The most logical interpretation is that the police officer's professional appearance or behavior conveyed safety to them, making option a the most likely meaning.","['a', 'd', 'c', 'b']",2,UA_I,"{'a': 14.6875, 'b': 1.171875, 'c': -1.640625, 'd': -0.373046875}","{'a': 0.9999983310699463, 'b': 1.3497020745489863e-06, 'c': 8.105590865170598e-08, 'd': 2.879299643154809e-07}",0.9999983310699463,,"- The context mentions that they met a petrified police officer, suggesting fear rather than safety.
- The phrase ""We felt so safe around you"" suggests that the police officer's presence or demeanor made them feel secure.
- The most logical interpretation is that the police officer's professional appearance or behavior conveyed safety to them, making option a the most likely meaning.",
C1_11_UA_NI,C1_11,251,1,unambiguous,non-ironic,d,Seeing the pilot put her completely at ease.,OLMo-2-7B,Condition1B_context_richness_stimuli,general_reasoning,"You will read short stories that describe everyday situations and which finish with a person saying something. Your task is to decide, given the situation, what meaning the person is most likely conveying. Each story will be followed by 4 possible meaning interpretations listed from a to d. Read each story and choose the number corresponding to the most likely meaning. State the reasoning in 2-3 bullet points and the answer. You can only answer with a, b, c, or d.
Context: She noticed the petrified pilot before boarding.
Target utterance: She said: """"That really shook me up.""""
What meaning is She most likely conveying?
a. Seeing the pilot made her feel even more anxious.
b. She settled into her seat and fastened the belt.
c. She dated a pilot for several months.
d. Seeing the pilot put her completely at ease.
Reasoning:
Answer:
","- The phrase ""shook me up"" typically means to cause someone to feel shocked or surprised. 
- Given that the pilot was petrified, seeing him would likely cause a negative emotional reaction rather than ease.
- The context of boarding a plane after seeing a petrified pilot suggests that the speaker is not referring to a past relationship with a pilot.","['b', 'c', 'd', 'a']",2,UA_NI,"{'a': 13.5, 'b': 6.59375, 'c': 1.25, 'd': 3.171875}","{'a': 0.9989621639251709, 'b': 0.001000467105768621, 'c': 4.780150902661262e-06, 'd': 3.266640487709083e-05}",0.9989621639251709,,"- The phrase ""shook me up"" typically means to cause someone to feel shocked or surprised. 
- Given that the pilot was petrified, seeing him would likely cause a negative emotional reaction rather than ease.
- The context of boarding a plane after seeing a petrified pilot suggests that the speaker is not referring to a past relationship with a pilot.",
C1_12_A_I,C1_12,81,1,ambiguous,ironic,d,His father's face was full of fear.,OLMo-2-7B,Condition1B_context_richness_stimuli,general_reasoning,"You will read short stories that describe everyday situations and which finish with a person saying something. Your task is to decide, given the situation, what meaning the person is most likely conveying. Each story will be followed by 4 possible meaning interpretations listed from a to d. Read each story and choose the number corresponding to the most likely meaning. State the reasoning in 2-3 bullet points and the answer. You can only answer with a, b, c, or d.
Context: He saw his scared father.
Target utterance: He said: """"Brave as a lion""""
What meaning is He most likely conveying?
a. His father wore a blue jacket.
b. His father showed no fear at all.
c. The lion prowled across the savannah.
d. His father's face was full of fear.
Reasoning:
Answer:
","- The phrase ""Brave as a lion"" suggests bravery, which contrasts with the description of the father being scared.
- The father's scared state implies a lack of bravery, making the comparison to a lion ironic and therefore likely to mean the opposite.
- The phrase is a common idiom used to compliment someone on their bravery, which fits the context of reassuring or comforting someone who is scared. b","['d', 'a', 'c', 'b']",2,A_I,"{'a': -0.09619140625, 'b': 15.0625, 'c': 0.6796875, 'd': 1.1796875}","{'a': 2.6101363914676767e-07, 'b': 0.9999982118606567, 'c': 5.670523250955739e-07, 'd': 9.34911213334999e-07}",0.9999982118606567,,"- The phrase ""Brave as a lion"" suggests bravery, which contrasts with the description of the father being scared.
- The father's scared state implies a lack of bravery, making the comparison to a lion ironic and therefore likely to mean the opposite.
- The phrase is a common idiom used to compliment someone on their bravery, which fits the context of reassuring or comforting someone who is scared. b",
C1_13_A_NI,C1_13,257,1,ambiguous,non-ironic,a,"To him, his girlfriend looked well-rested and full of energy.",OLMo-2-7B,Condition1B_context_richness_stimuli,general_reasoning,"You will read short stories that describe everyday situations and which finish with a person saying something. Your task is to decide, given the situation, what meaning the person is most likely conveying. Each story will be followed by 4 possible meaning interpretations listed from a to d. Read each story and choose the number corresponding to the most likely meaning. State the reasoning in 2-3 bullet points and the answer. You can only answer with a, b, c, or d.
Context: He saw his tired girlfriend.
Target utterance: He said: """"You look like you've been awake since birth.""""
What meaning is He most likely conveying?
a. To him, his girlfriend looked well-rested and full of energy.
b. He had just bought her a refreshing cold drink.
c. His girlfriend clearly looked worn out, not refreshed at all.
d. He was planning to surprise his girlfriend with a home-cooked meal.
Reasoning:
Answer:
","- The phrase ""You look like you've been awake since birth"" implies that someone looks extremely tired, as if they haven't had any sleep for a very long time.
- Since the context mentions that he saw his tired girlfriend, it indicates that she does not look well-rested.
- The statement is a metaphorical way of saying she looks exhausted, which aligns with option c.","['a', 'c', 'b', 'd']",2,A_NI,"{'a': 2.96875, 'b': 5.28125, 'c': 16.375, 'd': 6.25}","{'a': 1.5056184565764852e-06, 'b': 1.5206208445306402e-05, 'c': 0.9999432563781738, 'd': 4.006302333436906e-05}",0.9999432563781738,,"- The phrase ""You look like you've been awake since birth"" implies that someone looks extremely tired, as if they haven't had any sleep for a very long time.
- Since the context mentions that he saw his tired girlfriend, it indicates that she does not look well-rested.
- The statement is a metaphorical way of saying she looks exhausted, which aligns with option c.",
C1_14_UA_I,C1_14,156,1,unambiguous,ironic,b,Her colleague seemed very tired today.,OLMo-2-7B,Condition1B_context_richness_stimuli,general_reasoning,"You will read short stories that describe everyday situations and which finish with a person saying something. Your task is to decide, given the situation, what meaning the person is most likely conveying. Each story will be followed by 4 possible meaning interpretations listed from a to d. Read each story and choose the number corresponding to the most likely meaning. State the reasoning in 2-3 bullet points and the answer. You can only answer with a, b, c, or d.
Context: She saw her exhausted colleague.
Target utterance: She said: """"You seem so full of energy today.""""
What meaning is She most likely conveying?
a. Her colleague seemed very energetic today.
b. Her colleague seemed very tired today.
c. She filled up the car with energy.
d. She was redecorating the office of her colleague.
Reasoning:
Answer:
","- The phrase ""full of energy"" typically means lively, active, and full of vigor, which contrasts with being tired.
- The context mentions that the colleague is ""exhausted,"" suggesting they are tired and fatigued.
- The target utterance ""You seem so full of energy today"" suggests the speaker believes the opposite of what is stated in the context, implying the colleague appears energetic rather than tired.","['a', 'b', 'c', 'd']",2,UA_I,"{'a': 14.6875, 'b': 4.9375, 'c': -1.8125, 'd': 0.451171875}","{'a': 0.9999408721923828, 'b': 5.829121801070869e-05, 'c': 6.825199960758255e-08, 'd': 6.56471058846364e-07}",0.9999408721923828,,"- The phrase ""full of energy"" typically means lively, active, and full of vigor, which contrasts with being tired.
- The context mentions that the colleague is ""exhausted,"" suggesting they are tired and fatigued.
- The target utterance ""You seem so full of energy today"" suggests the speaker believes the opposite of what is stated in the context, implying the colleague appears energetic rather than tired.",
C1_15_UA_NI,C1_15,26,1,unambiguous,non-ironic,b,They felt very well-rested after the sleepover.,OLMo-2-7B,Condition1B_context_richness_stimuli,general_reasoning,"You will read short stories that describe everyday situations and which finish with a person saying something. Your task is to decide, given the situation, what meaning the person is most likely conveying. Each story will be followed by 4 possible meaning interpretations listed from a to d. Read each story and choose the number corresponding to the most likely meaning. State the reasoning in 2-3 bullet points and the answer. You can only answer with a, b, c, or d.
Context: After the sleepover, they were exhausted.
Target utterance: They said:  """"We never felt more tired in our lifes.""""
What meaning is They most likely conveying?
a. They did sleep overs once a year.
b. They felt very well-rested after the sleepover.
c. They felt really exhausted after the sleepover.
d. They rested the heavy boxes on the floor.
Reasoning:
Answer:
","- The phrase ""We never felt more tired in our lives"" suggests a level of tiredness that is extreme and possibly unprecedented.
- The context mentions that they were exhausted after the sleepover, indicating a high level of fatigue.
- The statement contrasts the current level of tiredness with their entire lives, suggesting this is an unusually high level of tiredness.","['d', 'a', 'b', 'c']",2,UA_NI,"{'a': 5.96875, 'b': 7.4375, 'c': 16.875, 'd': 6.53125}","{'a': 1.8340841052122414e-05, 'b': 7.966898556333035e-05, 'c': 0.9998698234558105, 'd': 3.218917845515534e-05}",0.9998698234558105,,"- The phrase ""We never felt more tired in our lives"" suggests a level of tiredness that is extreme and possibly unprecedented.
- The context mentions that they were exhausted after the sleepover, indicating a high level of fatigue.
- The statement contrasts the current level of tiredness with their entire lives, suggesting this is an unusually high level of tiredness.",
C1_16_A_I,C1_16,168,1,ambiguous,ironic,b,Deep down I felt completely unprepared for the exam.,OLMo-2-7B,Condition1B_context_richness_stimuli,general_reasoning,"You will read short stories that describe everyday situations and which finish with a person saying something. Your task is to decide, given the situation, what meaning the person is most likely conveying. Each story will be followed by 4 possible meaning interpretations listed from a to d. Read each story and choose the number corresponding to the most likely meaning. State the reasoning in 2-3 bullet points and the answer. You can only answer with a, b, c, or d.
Context: Right before my exam, I felt really tired.
Target utterance: I said: """"I have never felt more ready.""""
What meaning is I most likely conveying?
a. The exam started at nine o'clock.
b. Deep down I felt completely unprepared for the exam.
c. I felt fully prepared and ready for the exam.
d. Dinner was ready by seven o'clock.
Reasoning:
Answer:
","- The context mentions feeling tired right before an exam, which typically occurs when someone is not fully prepared.
- Saying ""I have never felt more ready"" in this situation is likely to be ironic or sarcastic, as feeling tired suggests a lack of preparation.
- The statement contrasts with the actual feeling of being unprepared, making option b the most likely meaning.","['d', 'b', 'a', 'c']",2,A_I,"{'a': 1.625, 'b': 14.25, 'c': 8.6875, 'd': 2.71875}","{'a': 3.2761392958491342e-06, 'b': 0.9961625337600708, 'c': 0.0038244337774813175, 'd': 9.780746040632948e-06}",0.9961625337600708,,"- The context mentions feeling tired right before an exam, which typically occurs when someone is not fully prepared.
- Saying ""I have never felt more ready"" in this situation is likely to be ironic or sarcastic, as feeling tired suggests a lack of preparation.
- The statement contrasts with the actual feeling of being unprepared, making option b the most likely meaning.",
C1_17_A_NI,C1_17,203,1,ambiguous,non-ironic,b,Her idea was innovative.,OLMo-2-7B,Condition1B_context_richness_stimuli,general_reasoning,"You will read short stories that describe everyday situations and which finish with a person saying something. Your task is to decide, given the situation, what meaning the person is most likely conveying. Each story will be followed by 4 possible meaning interpretations listed from a to d. Read each story and choose the number corresponding to the most likely meaning. State the reasoning in 2-3 bullet points and the answer. You can only answer with a, b, c, or d.
Context: She had a new idea.
Target utterance: She said: """"Truly ahead of its time.""""
What meaning is She most likely conveying?
a. Her idea was outdated.
b. Her idea was innovative.
c. She had arrived early.
d. She had the idea to redecorate her office.
Reasoning:
Answer:
","- The phrase ""Truly ahead of its time"" suggests that something is more advanced or innovative than what is typical for its time.
- Since the context mentions that she had a new idea, it implies that her idea is not conventional or common.
- Therefore, the most likely meaning is that her idea is innovative (b).","['b', 'a', 'c', 'd']",2,A_NI,"{'a': -1.0, 'b': 15.4375, 'c': 2.0625, 'd': 2.421875}","{'a': 7.265788326549227e-08, 'b': 0.9999960660934448, 'c': 1.5534940303041367e-06, 'd': 2.225277285106131e-06}",0.9999960660934448,,"- The phrase ""Truly ahead of its time"" suggests that something is more advanced or innovative than what is typical for its time.
- Since the context mentions that she had a new idea, it implies that her idea is not conventional or common.
- Therefore, the most likely meaning is that her idea is innovative (b).",
C1_18_UA_I,C1_18,54,1,unambiguous,ironic,a,"In his view, it was a stale approach he had seen many times before.",OLMo-2-7B,Condition1B_context_richness_stimuli,general_reasoning,"You will read short stories that describe everyday situations and which finish with a person saying something. Your task is to decide, given the situation, what meaning the person is most likely conveying. Each story will be followed by 4 possible meaning interpretations listed from a to d. Read each story and choose the number corresponding to the most likely meaning. State the reasoning in 2-3 bullet points and the answer. You can only answer with a, b, c, or d.
Context: It was a novel approach.
Target utterance: He said: """"How refreshingly innovative.""""
What meaning is He most likely conveying?
a. In his view, it was a stale approach he had seen many times before.
b. Refreshments were served at the end of the presentation.
c. He researched new approaches for several months.
d. He found the approach genuinely new and creative.
Reasoning:
Answer:
","- The word ""refreshingly"" suggests that the approach was novel and surprising in a positive way.
- The phrase ""innovative"" implies that the approach was new and different from what was expected.
- The context of a novel approach being mentioned before the quote supports that the speaker finds the approach genuinely new and creative.","['b', 'c', 'd', 'a']",2,UA_I,"{'a': 0.099609375, 'b': 3.546875, 'c': 3.96875, 'd': 16.75}","{'a': 5.872528774375496e-08, 'b': 1.8448183709551813e-06, 'c': 2.8130118607805343e-06, 'd': 0.999995231628418}",0.999995231628418,,"- The word ""refreshingly"" suggests that the approach was novel and surprising in a positive way.
- The phrase ""innovative"" implies that the approach was new and different from what was expected.
- The context of a novel approach being mentioned before the quote supports that the speaker finds the approach genuinely new and creative.",
C1_19_UA_NI,C1_19,191,1,unambiguous,non-ironic,b,She found the tradition beautifully enduring and meaningful.,OLMo-2-7B,Condition1B_context_richness_stimuli,general_reasoning,"You will read short stories that describe everyday situations and which finish with a person saying something. Your task is to decide, given the situation, what meaning the person is most likely conveying. Each story will be followed by 4 possible meaning interpretations listed from a to d. Read each story and choose the number corresponding to the most likely meaning. State the reasoning in 2-3 bullet points and the answer. You can only answer with a, b, c, or d.
Context: The tradition was novel.
Target utterance: She said: """"How wonderfully timeless.""""
What meaning is She most likely conveying?
a. To her, the tradition felt stale and long past its use.
b. She found the tradition beautifully enduring and meaningful.
c. The clock ticked for over a century.
d. She read about the tradition in a local history book.
Reasoning:
Answer:
","- The phrase ""wonderfully timeless"" suggests that something has enduring appeal or significance, which contrasts with being stale or past its use.
- The context mentions that the tradition was novel, indicating that it is new and fresh, not stale or outdated.
- Therefore, the most likely meaning is b. She found the tradition beautifully enduring and meaningful.","['b', 'a', 'c', 'd']",2,UA_NI,"{'a': 0.61328125, 'b': 15.1875, 'c': 2.421875, 'd': 2.5}","{'a': 4.682679275447299e-07, 'b': 0.9999935626983643, 'c': 2.8573056169989286e-06, 'd': 3.089484152951627e-06}",0.9999935626983643,,"- The phrase ""wonderfully timeless"" suggests that something has enduring appeal or significance, which contrasts with being stale or past its use.
- The context mentions that the tradition was novel, indicating that it is new and fresh, not stale or outdated.
- Therefore, the most likely meaning is b. She found the tradition beautifully enduring and meaningful.",
C1_20_A_I,C1_20,250,1,ambiguous,ironic,c,She was disappointed with the smell of her car.,OLMo-2-7B,Condition1B_context_richness_stimuli,general_reasoning,"You will read short stories that describe everyday situations and which finish with a person saying something. Your task is to decide, given the situation, what meaning the person is most likely conveying. Each story will be followed by 4 possible meaning interpretations listed from a to d. Read each story and choose the number corresponding to the most likely meaning. State the reasoning in 2-3 bullet points and the answer. You can only answer with a, b, c, or d.
Context: She bought a new car.
Target utterance: She says: """"I just love the new car smell.""""
What meaning is She most likely conveying?
a. She took her car to the gas station.
b. She could smell what her husband was cooking.
c. She was disappointed with the smell of her car.
d. She liked the smell of her car.
Reasoning:
Answer:
","- The context mentions that she bought a new car, which implies she is referring to the smell of the car she just purchased.
- The phrase ""I just love the new car smell"" directly indicates that she likes the smell of the car.
- The other options do not logically follow from the information given in the story.","['d', 'c', 'b', 'a']",2,A_I,"{'a': 3.265625, 'b': 6.5625, 'c': 4.34375, 'd': 16.125}","{'a': 2.601413598313229e-06, 'b': 7.031112181721255e-05, 'c': 7.64597916713683e-06, 'd': 0.9999194145202637}",0.9999194145202637,,"- The context mentions that she bought a new car, which implies she is referring to the smell of the car she just purchased.
- The phrase ""I just love the new car smell"" directly indicates that she likes the smell of the car.
- The other options do not logically follow from the information given in the story.",
C1_21_A_NI,C1_21,176,1,ambiguous,non-ironic,a,The birthday party was a great success.,OLMo-2-7B,Condition1B_context_richness_stimuli,general_reasoning,"You will read short stories that describe everyday situations and which finish with a person saying something. Your task is to decide, given the situation, what meaning the person is most likely conveying. Each story will be followed by 4 possible meaning interpretations listed from a to d. Read each story and choose the number corresponding to the most likely meaning. State the reasoning in 2-3 bullet points and the answer. You can only answer with a, b, c, or d.
Context: She left the birthday party feeling sad.
Target utterance: She says: """"Truly a night to remember.""""
What meaning is She most likely conveying?
a. The birthday party was a great success.
b. She planned her next birthday party.
c. She had trouble remembering things.
d. The birthday party was a disappointment.
Reasoning:
Answer:
","- The phrase ""a night to remember"" typically implies a memorable event, often with a connotation of something significant or impactful.
- Given that she left the party feeling sad, it is unlikely that she would describe the event as a great success.
- The context suggests that the event was not a happy occasion for her, making option a less likely.
- Option d aligns with her emotional state and the phrase ""a night to remember"" often carries a negative connotation when used in the context of disappointment or regret.
- Therefore, the most likely meaning is d. The birthday party was a disappointment.","['a', 'd', 'c', 'b']",2,A_NI,"{'a': 2.84375, 'b': 4.6875, 'c': 2.453125, 'd': 16.625}","{'a': 1.0348456953579444e-06, 'b': 6.5404265114921145e-06, 'c': 7.002116149124049e-07, 'd': 0.999991774559021}",0.999991774559021,,"- The phrase ""a night to remember"" typically implies a memorable event, often with a connotation of something significant or impactful.
- Given that she left the party feeling sad, it is unlikely that she would describe the event as a great success.
- The context suggests that the event was not a happy occasion for her, making option a less likely.
- Option d aligns with her emotional state and the phrase ""a night to remember"" often carries a negative connotation when used in the context of disappointment or regret.
- Therefore, the most likely meaning is d. The birthday party was a disappointment.",
C1_22_UA_I,C1_22,269,1,unambiguous,ironic,c,"The wedding had been a dull, disappointing event from start to finish.",OLMo-2-7B,Condition1B_context_richness_stimuli,general_reasoning,"You will read short stories that describe everyday situations and which finish with a person saying something. Your task is to decide, given the situation, what meaning the person is most likely conveying. Each story will be followed by 4 possible meaning interpretations listed from a to d. Read each story and choose the number corresponding to the most likely meaning. State the reasoning in 2-3 bullet points and the answer. You can only answer with a, b, c, or d.
Context: She left the wedding feeling miserable.
Target utterance: She says: """"What a magical day.""""
What meaning is She most likely conveying?
a. The magician wowed all the guests at the reception.
b. She helped organise the flowers for the wedding beforehand.
c. The wedding had been a dull, disappointing event from start to finish.
d. The wedding was a beautiful and enchanting occasion.
Reasoning:
Answer:
","- The context mentions that she left the wedding feeling miserable, which contrasts with the statement she made about the day being ""magical.""
- The phrase ""What a magical day"" suggests that she is not referring to a literal magician but rather expressing her feelings about the day as a whole.
- Given that she felt miserable and then described the day as ""magical,"" the most likely interpretation is that she is using hyperbole to express her disappointment with the wedding, as the day could not have been truly magical if she felt miserable. Therefore, the most fitting answer is c. The wedding had been a dull, disappointing event from start to finish.","['c', 'd', 'b', 'a']",2,UA_I,"{'a': 4.125, 'b': 4.53125, 'c': 15.0625, 'd': 7.6875}","{'a': 1.7766944438335486e-05, 'b': 2.6671343221096322e-05, 'c': 0.9993293285369873, 'd': 0.0006263063987717032}",0.9993293285369873,,"- The context mentions that she left the wedding feeling miserable, which contrasts with the statement she made about the day being ""magical.""
- The phrase ""What a magical day"" suggests that she is not referring to a literal magician but rather expressing her feelings about the day as a whole.
- Given that she felt miserable and then described the day as ""magical,"" the most likely interpretation is that she is using hyperbole to express her disappointment with the wedding, as the day could not have been truly magical if she felt miserable. Therefore, the most fitting answer is c. The wedding had been a dull, disappointing event from start to finish.",
C1_23_UA_NI,C1_23,70,1,unambiguous,non-ironic,b,They had found the film dull from start to finish.,OLMo-2-7B,Condition1B_context_richness_stimuli,general_reasoning,"You will read short stories that describe everyday situations and which finish with a person saying something. Your task is to decide, given the situation, what meaning the person is most likely conveying. Each story will be followed by 4 possible meaning interpretations listed from a to d. Read each story and choose the number corresponding to the most likely meaning. State the reasoning in 2-3 bullet points and the answer. You can only answer with a, b, c, or d.
Context: They left the cinema feeling miserable .
Target utterance: They say: """"What a painfull film.""""
What meaning is They most likely conveying?
a. The injection was over quickly, but it was painful.
b. They had found the film dull from start to finish.
c. They went to the same cinema as always.
d. They had found the film funny from start to finish.
Reasoning:
Answer:
","- The phrase ""painfull film"" suggests that the film was unpleasant to watch, which aligns with the context of leaving the cinema feeling miserable.
- The word ""painfull"" implies discomfort or distress, which is not typically associated with a film being funny.
- The phrase does not provide information about the cinema or the routine of going there, nor does it mention anything about the speed of the injection.","['c', 'a', 'd', 'b']",2,UA_NI,"{'a': 2.609375, 'b': 14.8125, 'c': 12.1875, 'd': 12.0625}","{'a': 4.4129537855042145e-06, 'b': 0.8799930214881897, 'c': 0.06374648213386536, 'd': 0.056256070733070374}",0.8799930214881897,,"- The phrase ""painfull film"" suggests that the film was unpleasant to watch, which aligns with the context of leaving the cinema feeling miserable.
- The word ""painfull"" implies discomfort or distress, which is not typically associated with a film being funny.
- The phrase does not provide information about the cinema or the routine of going there, nor does it mention anything about the speed of the injection.",
C1_24_A_I,C1_24,210,1,ambiguous,ironic,d,The message brought negative news.,OLMo-2-7B,Condition1B_context_richness_stimuli,general_reasoning,"You will read short stories that describe everyday situations and which finish with a person saying something. Your task is to decide, given the situation, what meaning the person is most likely conveying. Each story will be followed by 4 possible meaning interpretations listed from a to d. Read each story and choose the number corresponding to the most likely meaning. State the reasoning in 2-3 bullet points and the answer. You can only answer with a, b, c, or d.
Context: She received a message and was sad.
Target utterance: She says: """"These are amazing news.""""
What meaning is She most likely conveying?
a. The message brought good news.
b. What she read was news to her.
c. She wanted to send a message.
d. The message brought negative news.
Reasoning:
Answer:
","- The context mentions that she received a message and was sad, suggesting the news was not positive.
- Saying ""These are amazing news"" in a sad tone likely indicates disappointment or negative news rather than good news.
- The phrase ""These are amazing news"" does not imply wanting to send a message or that what she read was news to her, as the focus is on the content of the message rather than her reaction to receiving a message.","['a', 'c', 'd', 'b']",2,A_I,"{'a': 12.3125, 'b': 9.25, 'c': 2.984375, 'd': 11.0625}","{'a': 0.7499825954437256, 'b': 0.03507715463638306, 'c': 6.666500848950818e-05, 'd': 0.21487361192703247}",0.7499825954437256,,"- The context mentions that she received a message and was sad, suggesting the news was not positive.
- Saying ""These are amazing news"" in a sad tone likely indicates disappointment or negative news rather than good news.
- The phrase ""These are amazing news"" does not imply wanting to send a message or that what she read was news to her, as the focus is on the content of the message rather than her reaction to receiving a message.",
C1_25_A_NI,C1_25,164,1,ambiguous,non-ironic,b,Her exam answers were impressively smart.,OLMo-2-7B,Condition1B_context_richness_stimuli,general_reasoning,"You will read short stories that describe everyday situations and which finish with a person saying something. Your task is to decide, given the situation, what meaning the person is most likely conveying. Each story will be followed by 4 possible meaning interpretations listed from a to d. Read each story and choose the number corresponding to the most likely meaning. State the reasoning in 2-3 bullet points and the answer. You can only answer with a, b, c, or d.
Context: Her answers in the exam were stupid.
Target utterance: She says: """"What a genius.""""
What meaning is She most likely conveying?
a. She studied for her next exam.
b. Her exam answers were impressively smart.
c. Her exam answers were embarrassingly poor.
d. She had a high IQ.
Reasoning:
Answer:
","- The phrase ""What a genius"" typically implies that someone is very intelligent or has done something impressively clever. 
- The context mentions that her answers were ""stupid,"" which suggests that they were not intelligent or well thought out.
- Given that her answers were described as ""stupid"" and she says ""What a genius,"" it is most likely an ironic or sarcastic statement, indicating that she is not actually complimenting herself but rather expressing disbelief or disappointment in her performance. Therefore, the most likely meaning is c. Her exam answers were embarrassingly poor.","['d', 'a', 'b', 'c']",2,A_NI,"{'a': 2.109375, 'b': 6.21875, 'c': 16.0, 'd': 5.375}","{'a': 9.275614161197154e-07, 'b': 5.6496504839742556e-05, 'c': 0.9999182224273682, 'd': 2.4298842618009076e-05}",0.9999182224273682,,"- The phrase ""What a genius"" typically implies that someone is very intelligent or has done something impressively clever. 
- The context mentions that her answers were ""stupid,"" which suggests that they were not intelligent or well thought out.
- Given that her answers were described as ""stupid"" and she says ""What a genius,"" it is most likely an ironic or sarcastic statement, indicating that she is not actually complimenting herself but rather expressing disbelief or disappointment in her performance. Therefore, the most likely meaning is c. Her exam answers were embarrassingly poor.",
C1_26_UA_I,C1_26,84,1,unambiguous,ironic,c,"As far as they were concerned, it was a poor suggestion.",OLMo-2-7B,Condition1B_context_richness_stimuli,general_reasoning,"You will read short stories that describe everyday situations and which finish with a person saying something. Your task is to decide, given the situation, what meaning the person is most likely conveying. Each story will be followed by 4 possible meaning interpretations listed from a to d. Read each story and choose the number corresponding to the most likely meaning. State the reasoning in 2-3 bullet points and the answer. You can only answer with a, b, c, or d.
Context: Their colleague's suggestion was idiotic.
Target utterance: They said: """"We really had luck with that one.""""
What meaning is They most likely conveying?
a. They got lucky at the casino.
b. They thought that every project starts with a suggestion.
c. As far as they were concerned, it was a poor suggestion.
d. They were genuinely fortunate to have such a strong suggestion.
Reasoning:
Answer:
","- The colleague's suggestion was described as 'idiotic,' implying it was a poor idea.
- Saying ""We really had luck with that one"" after a poor suggestion implies they are being sarcastic or critical.
- The context suggests they are not genuinely fortunate to have such a suggestion, as it was considered bad. Therefore, the most likely meaning is c. They were critical of the suggestion. c","['c', 'd', 'b', 'a']",2,UA_I,"{'a': 1.8125, 'b': 4.71875, 'c': 15.1875, 'd': 3.59375}","{'a': 1.5534394606220303e-06, 'b': 2.8409438527887687e-05, 'c': 0.9999608993530273, 'd': 9.223193956131581e-06}",0.9999608993530273,,"- The colleague's suggestion was described as 'idiotic,' implying it was a poor idea.
- Saying ""We really had luck with that one"" after a poor suggestion implies they are being sarcastic or critical.
- The context suggests they are not genuinely fortunate to have such a suggestion, as it was considered bad. Therefore, the most likely meaning is c. They were critical of the suggestion. c",
C1_27_UA_NI,C1_27,74,1,unambiguous,non-ironic,b,His argument was strong and well presented.,OLMo-2-7B,Condition1B_context_richness_stimuli,general_reasoning,"You will read short stories that describe everyday situations and which finish with a person saying something. Your task is to decide, given the situation, what meaning the person is most likely conveying. Each story will be followed by 4 possible meaning interpretations listed from a to d. Read each story and choose the number corresponding to the most likely meaning. State the reasoning in 2-3 bullet points and the answer. You can only answer with a, b, c, or d.
Context: His argument in the debate was idiotic.
Target utterance: She says: """"What a master of rhetoric.""""
What meaning is She most likely conveying?
a. Sokrates was a master of rhetoric.
b. His argument was strong and well presented.
c. She had an argument with him that night.
d. His argument was weak and poorly constructed.
Reasoning:
Answer:
","- The phrase ""What a master of rhetoric"" suggests high praise for someone's ability to use language effectively, which contrasts with the described argument being idiotic.
- The context indicates that the argument was idiotic, implying a poor use of language and reasoning.
- Given the juxtaposition of the poor argument with the praise, the most likely interpretation is that the speaker is being sarcastic or ironic about the quality of the rhetoric used. Therefore, the answer is d. His argument was weak and poorly constructed.","['c', 'a', 'd', 'b']",2,UA_NI,"{'a': 1.6484375, 'b': 5.5625, 'c': 3.75, 'd': 16.75}","{'a': 2.7635519472823944e-07, 'b': 1.3845969988324214e-05, 'c': 2.260292603750713e-06, 'd': 0.9999836683273315}",0.9999836683273315,,"- The phrase ""What a master of rhetoric"" suggests high praise for someone's ability to use language effectively, which contrasts with the described argument being idiotic.
- The context indicates that the argument was idiotic, implying a poor use of language and reasoning.
- Given the juxtaposition of the poor argument with the praise, the most likely interpretation is that the speaker is being sarcastic or ironic about the quality of the rhetoric used. Therefore, the answer is d. His argument was weak and poorly constructed.",
C1_28_A_I,C1_28,46,1,ambiguous,ironic,d,She believed that his business plan would fail.,OLMo-2-7B,Condition1B_context_richness_stimuli,general_reasoning,"You will read short stories that describe everyday situations and which finish with a person saying something. Your task is to decide, given the situation, what meaning the person is most likely conveying. Each story will be followed by 4 possible meaning interpretations listed from a to d. Read each story and choose the number corresponding to the most likely meaning. State the reasoning in 2-3 bullet points and the answer. You can only answer with a, b, c, or d.
Context: His business plan was stupid.
Target utterance: She says: """"We will make lots of money with this.""""
What meaning is He most likely conveying?
a. She was interested in making lots of money.
b. He asked a colleague for help with his business plan.
c. She believed that his business plan would be successful.
d. She believed that his business plan would fail.
Reasoning:
Answer:
","- He thinks the business plan is bad and unlikely to succeed.
- The phrase ""We will make lots of money with this"" implies optimism about the plan's success.
- The context suggests that he is sarcastically pointing out the absurdity of expecting success from a bad plan.","['c', 'd', 'a', 'b']",2,A_I,"{'a': 5.90625, 'b': 6.46875, 'c': 11.25, 'd': 13.125}","{'a': 0.0006341824773699045, 'b': 0.0011130248894914985, 'c': 0.13273192942142487, 'd': 0.8655208349227905}",0.8655208349227905,,"- He thinks the business plan is bad and unlikely to succeed.
- The phrase ""We will make lots of money with this"" implies optimism about the plan's success.
- The context suggests that he is sarcastically pointing out the absurdity of expecting success from a bad plan.",
C1_29_A_NI,C1_29,202,1,ambiguous,non-ironic,b,The restaurant visit was genuinely outstanding.,OLMo-2-7B,Condition1B_context_richness_stimuli,general_reasoning,"You will read short stories that describe everyday situations and which finish with a person saying something. Your task is to decide, given the situation, what meaning the person is most likely conveying. Each story will be followed by 4 possible meaning interpretations listed from a to d. Read each story and choose the number corresponding to the most likely meaning. State the reasoning in 2-3 bullet points and the answer. You can only answer with a, b, c, or d.
Context: After the restaurant visit he was hungry.
Target utterance: He says: """"Best dinner ever.""""
What meaning is He most likely conveying?
a. He looked forward to this restaurant visit for weeks.
b. The restaurant visit was genuinely outstanding.
c. The restaurant visit was a real disappointment.
d. It was the best-reviewed dinner spot in the whole city.
Reasoning:
Answer:
","- The phrase ""Best dinner ever"" suggests high praise for the experience.
- Being hungry after the visit implies that he enjoyed the food and service.
- The context of being hungry after a restaurant visit supports the idea that the dinner was good.","['d', 'a', 'b', 'c']",2,A_NI,"{'a': 2.828125, 'b': 14.5625, 'c': 4.09375, 'd': 3.140625}","{'a': 8.013184014998842e-06, 'b': 0.9999526739120483, 'c': 2.8409205697244033e-05, 'd': 1.095272455131635e-05}",0.9999526739120483,,"- The phrase ""Best dinner ever"" suggests high praise for the experience.
- Being hungry after the visit implies that he enjoyed the food and service.
- The context of being hungry after a restaurant visit supports the idea that the dinner was good.",
C1_30_UA_I,C1_30,151,1,unambiguous,ironic,c,There had been very little worth eating at the buffet.,OLMo-2-7B,Condition1B_context_richness_stimuli,general_reasoning,"You will read short stories that describe everyday situations and which finish with a person saying something. Your task is to decide, given the situation, what meaning the person is most likely conveying. Each story will be followed by 4 possible meaning interpretations listed from a to d. Read each story and choose the number corresponding to the most likely meaning. State the reasoning in 2-3 bullet points and the answer. You can only answer with a, b, c, or d.
Context: He left the buffet feeling starving.
Target utterance: He says: """"Truly a feast for the senses."" ""
What meaning is He most likely conveying?
a. The buffet was a rich.
b. Diners often have a buffet.
c. There had been very little worth eating at the buffet.
d. The feast was celebrated every year in their village.
Reasoning:
Answer:
","- The phrase ""Truly a feast for the senses"" suggests that the buffet was exceptionally good and satisfying, which contrasts with the speaker feeling starving after leaving the buffet. 
- The speaker's statement implies that the buffet offered a rich variety and quality of food, which would not be the case if there had been very little worth eating.
- The statement does not provide any information about whether diners often have a buffet or if the feast was celebrated every year in their village, so options b and d are less likely.","['a', 'd', 'b', 'c']",2,UA_I,"{'a': 13.6875, 'b': 3.578125, 'c': 4.6875, 'd': 0.00183868408203125}","{'a': 0.9998347759246826, 'b': 4.068951238878071e-05, 'c': 0.000123389414511621, 'd': 1.138468519457092e-06}",0.9998347759246826,,"- The phrase ""Truly a feast for the senses"" suggests that the buffet was exceptionally good and satisfying, which contrasts with the speaker feeling starving after leaving the buffet. 
- The speaker's statement implies that the buffet offered a rich variety and quality of food, which would not be the case if there had been very little worth eating.
- The statement does not provide any information about whether diners often have a buffet or if the feast was celebrated every year in their village, so options b and d are less likely.",
C1_31_UA_NI,C1_31,119,1,unambiguous,non-ironic,d,The picnic was nourishing and genuinely enjoyable.,OLMo-2-7B,Condition1B_context_richness_stimuli,general_reasoning,"You will read short stories that describe everyday situations and which finish with a person saying something. Your task is to decide, given the situation, what meaning the person is most likely conveying. Each story will be followed by 4 possible meaning interpretations listed from a to d. Read each story and choose the number corresponding to the most likely meaning. State the reasoning in 2-3 bullet points and the answer. You can only answer with a, b, c, or d.
Context: They left the picnic feeling starving.
Target utterance: They say: """"Food for the soul.""""
What meaning is They most likely conveying?
a. She always kept her soul music collection in good order.
b. There was barely anything to eat; they left unsatisfied.
c. They spent the morning preparing sandwiches for the picnic.
d. The picnic was nourishing and genuinely enjoyable.
Reasoning:
Answer:
","- The phrase ""food for the soul"" typically refers to nourishment that is satisfying and fulfilling on a deeper level, not necessarily physical. 
- The context mentions that they left the picnic feeling starving, indicating that they were physically unsatisfied with the food available.
- The statement ""Food for the soul"" in this context is likely an expression of the enjoyment and satisfaction they experienced, despite the physical hunger, suggesting that the picnic was a fulfilling experience. Therefore, the most likely meaning is d.","['c', 'b', 'd', 'a']",2,UA_NI,"{'a': 0.6171875, 'b': 6.125, 'c': 3.078125, 'd': 16.625}","{'a': 1.116561847425146e-07, 'b': 2.7535650588106364e-05, 'c': 1.3081404404147179e-06, 'd': 0.9999710321426392}",0.9999710321426392,,"- The phrase ""food for the soul"" typically refers to nourishment that is satisfying and fulfilling on a deeper level, not necessarily physical. 
- The context mentions that they left the picnic feeling starving, indicating that they were physically unsatisfied with the food available.
- The statement ""Food for the soul"" in this context is likely an expression of the enjoyment and satisfaction they experienced, despite the physical hunger, suggesting that the picnic was a fulfilling experience. Therefore, the most likely meaning is d.",
C1_32_A_I,C1_32,177,1,ambiguous,ironic,d,The waiter had forgotten to fill his plate and he did not eat anything.,OLMo-2-7B,Condition1B_context_richness_stimuli,general_reasoning,"You will read short stories that describe everyday situations and which finish with a person saying something. Your task is to decide, given the situation, what meaning the person is most likely conveying. Each story will be followed by 4 possible meaning interpretations listed from a to d. Read each story and choose the number corresponding to the most likely meaning. State the reasoning in 2-3 bullet points and the answer. You can only answer with a, b, c, or d.
Context: He looked at the empty plate in front of him and was hungry.
Target utterance: He says: """"No way I could eat more."" ""
What meaning is He most likely conveying?
a. He prefers to eat his lunch alone.
b. His plate had been full with food and he ate it all up.
c. He went to a stylish pottery to buy a special plate.
d. The waiter had forgotten to fill his plate and he did not eat anything.
Reasoning:
Answer:
","- The statement ""He looked at the empty plate in front of him and was hungry"" indicates that he expected the plate to have food on it but it was empty, suggesting that he did not eat anything.
- The target utterance ""No way I could eat more"" implies that he has already eaten a sufficient amount and cannot eat any more.
- The context of looking at an empty plate while being hungry, combined with the utterance, suggests that he has already eaten all the food on his plate and is expressing that he cannot eat more because he is still hungry, not because he is full. This eliminates options b, c, and d as they do not align with the idea of being hungry after eating nothing. Therefore, the most likely","['c', 'a', 'd', 'b']",2,A_I,"{'a': 6.84375, 'b': 12.5625, 'c': 5.25, 'd': 11.0}","{'a': 0.002705928636714816, 'b': 0.824020266532898, 'c': 0.0005497427191585302, 'd': 0.17272402346134186}",0.824020266532898,,"- The statement ""He looked at the empty plate in front of him and was hungry"" indicates that he expected the plate to have food on it but it was empty, suggesting that he did not eat anything.
- The target utterance ""No way I could eat more"" implies that he has already eaten a sufficient amount and cannot eat any more.
- The context of looking at an empty plate while being hungry, combined with the utterance, suggests that he has already eaten all the food on his plate and is expressing that he cannot eat more because he is still hungry, not because he is full. This eliminates options b, c, and d as they do not align with the idea of being hungry after eating nothing. Therefore, the most likely",
C1_33_A_NI,C1_33,281,1,ambiguous,non-ironic,a,The library was a calm and quiet environment.,OLMo-2-7B,Condition1B_context_richness_stimuli,general_reasoning,"You will read short stories that describe everyday situations and which finish with a person saying something. Your task is to decide, given the situation, what meaning the person is most likely conveying. Each story will be followed by 4 possible meaning interpretations listed from a to d. Read each story and choose the number corresponding to the most likely meaning. State the reasoning in 2-3 bullet points and the answer. You can only answer with a, b, c, or d.
Context: She walked into the library and it was quiet.
Target utterance: She says: """"Perfect place to concentrate.""""
What meaning is She most likely conveying?
a. The library was a calm and quiet environment.
b. She looked for a new book in the library.
c. The library was far too noisy to concentrate.
d. She asked her colleague for a place to concentrate.
Reasoning:
Answer:
","- The library is described as quiet, which implies it is a calm and quiet environment.
- The mention of the library being a 'perfect place to concentrate' suggests that the speaker finds the environment conducive to focusing.
- The target utterance directly states that the library is a perfect place to concentrate, indicating that the speaker appreciates the quietness of the library for this purpose.","['a', 'd', 'b', 'c']",2,A_NI,"{'a': 14.8125, 'b': 2.34375, 'c': -0.82421875, 'd': 0.671875}","{'a': 0.9999953508377075, 'b': 3.844932052743388e-06, 'c': 1.618293623550926e-07, 'd': 7.224413138828822e-07}",0.9999953508377075,,"- The library is described as quiet, which implies it is a calm and quiet environment.
- The mention of the library being a 'perfect place to concentrate' suggests that the speaker finds the environment conducive to focusing.
- The target utterance directly states that the library is a perfect place to concentrate, indicating that the speaker appreciates the quietness of the library for this purpose.",
C1_34_UA_I,C1_34,137,1,unambiguous,ironic,b,The concert was pretty loud.,OLMo-2-7B,Condition1B_context_richness_stimuli,general_reasoning,"You will read short stories that describe everyday situations and which finish with a person saying something. Your task is to decide, given the situation, what meaning the person is most likely conveying. Each story will be followed by 4 possible meaning interpretations listed from a to d. Read each story and choose the number corresponding to the most likely meaning. State the reasoning in 2-3 bullet points and the answer. You can only answer with a, b, c, or d.
Context: We came back from a concert which was inaudible.
Target utterance: I say: """"I've almost gone deaf.""""
What meaning is She most likely conveying?
a. I was looking forward to the next concert.
b. The concert was pretty loud.
c. My grandfather is deaf.
d. The concert was surprisingly quiet.
Reasoning:
Answer:
","- The speaker is expressing that the concert was very loud, to the point of being harmful to their hearing.
- The phrase ""I've almost gone deaf"" suggests significant volume and possibly prolonged exposure to loud sounds.
- The context of coming back from a concert implies that the event was recent and directly related to the speaker's statement.","['d', 'b', 'c', 'a']",2,UA_I,"{'a': -0.125, 'b': 13.75, 'c': 1.703125, 'd': 2.171875}","{'a': 9.422302014172601e-07, 'b': 0.9999837875366211, 'c': 5.862753369001439e-06, 'd': 9.368653081764933e-06}",0.9999837875366211,,"- The speaker is expressing that the concert was very loud, to the point of being harmful to their hearing.
- The phrase ""I've almost gone deaf"" suggests significant volume and possibly prolonged exposure to loud sounds.
- The context of coming back from a concert implies that the event was recent and directly related to the speaker's statement.",
C1_35_UA_NI,C1_35,38,1,unambiguous,non-ironic,b,The movie was too quiet to hear.,OLMo-2-7B,Condition1B_context_richness_stimuli,general_reasoning,"You will read short stories that describe everyday situations and which finish with a person saying something. Your task is to decide, given the situation, what meaning the person is most likely conveying. Each story will be followed by 4 possible meaning interpretations listed from a to d. Read each story and choose the number corresponding to the most likely meaning. State the reasoning in 2-3 bullet points and the answer. You can only answer with a, b, c, or d.
Context:  She watched a movie in the theater and found it inaudible.
Target utterance: She says: """"It was so difficult to hear.""""
What meaning is She most likely conveying?
a. Watching a movie in the theater is a real event.
b. The movie was too quiet to hear.
c. The movie was very loud.
d. She generally has difficulties with her hearing.
Reasoning:
Answer:
","- The context mentions that the movie was inaudible, indicating that it was too quiet to hear properly.
- The target utterance directly states that it was difficult to hear the movie.
- The situation is specific to the movie being inaudible in the theater, not a general statement about her hearing ability.","['d', 'a', 'b', 'c']",2,UA_NI,"{'a': 3.125, 'b': 15.0625, 'c': 3.90625, 'd': 2.28125}","{'a': 6.540325102832867e-06, 'b': 0.9999762773513794, 'c': 1.4285382349044085e-05, 'd': 2.8129586553404806e-06}",0.9999762773513794,,"- The context mentions that the movie was inaudible, indicating that it was too quiet to hear properly.
- The target utterance directly states that it was difficult to hear the movie.
- The situation is specific to the movie being inaudible in the theater, not a general statement about her hearing ability.",
C1_36_A_I,C1_36,170,1,ambiguous,ironic,a,He expected to hear louder music from his neighbours' party.,OLMo-2-7B,Condition1B_context_richness_stimuli,general_reasoning,"You will read short stories that describe everyday situations and which finish with a person saying something. Your task is to decide, given the situation, what meaning the person is most likely conveying. Each story will be followed by 4 possible meaning interpretations listed from a to d. Read each story and choose the number corresponding to the most likely meaning. State the reasoning in 2-3 bullet points and the answer. You can only answer with a, b, c, or d.
Context: His neighbours' music was quiet.
Target utterance: He says: """"It seems like they are having a great party.""""
What meaning is He most likely conveying?
a. He expected to hear louder music from his neighbours' party.
b. He is still unsure which party to vote for in the upcoming elections.
c. He likes talking about pop music.
d. He thinks that his neighbours' are playing music for a party.
Reasoning:
Answer:
","- The context mentions that the music was quiet, which contrasts with the expectation of loud music at a party.
- The target utterance suggests that the speaker believes the quiet music indicates a great party, which implies that the speaker thinks the party is happening and is understated.
- The most likely meaning is d because the utterance directly interprets the quiet music as indicative of a party, which aligns with the given context.","['b', 'c', 'd', 'a']",2,A_I,"{'a': 4.0625, 'b': 4.90625, 'c': 2.796875, 'd': 17.125}","{'a': 2.123366812156746e-06, 'b': 4.936975528835319e-06, 'c': 5.989231226521952e-07, 'd': 0.9999923706054688}",0.9999923706054688,,"- The context mentions that the music was quiet, which contrasts with the expectation of loud music at a party.
- The target utterance suggests that the speaker believes the quiet music indicates a great party, which implies that the speaker thinks the party is happening and is understated.
- The most likely meaning is d because the utterance directly interprets the quiet music as indicative of a party, which aligns with the given context.",
C1_37_A_NI,C1_37,153,1,ambiguous,non-ironic,d,The questions required thorough preparation to answer.,OLMo-2-7B,Condition1B_context_richness_stimuli,general_reasoning,"You will read short stories that describe everyday situations and which finish with a person saying something. Your task is to decide, given the situation, what meaning the person is most likely conveying. Each story will be followed by 4 possible meaning interpretations listed from a to d. Read each story and choose the number corresponding to the most likely meaning. State the reasoning in 2-3 bullet points and the answer. You can only answer with a, b, c, or d.
Context: She prepared difficult questions for the students.
Target utterance: She says: """"I hope they're prepared for this.""""
What meaning is She most likely conveying?
a. She had never felt so well prepared for a meeting.
b. The questions were straightforward and required little effort.
c. She posted the question on the class forum.
d. The questions required thorough preparation to answer.
Reasoning:
Answer:
","- The context mentions that she prepared difficult questions for the students, indicating that the questions require thorough preparation to answer.
- The target utterance ""I hope they're prepared for this"" suggests a hope that the students have done the necessary work to handle the challenging questions.
- The most likely meaning is therefore d, as it aligns with the context and the content of the target utterance.","['c', 'b', 'd', 'a']",2,A_NI,"{'a': 1.7578125, 'b': 4.0625, 'c': 2.09375, 'd': 17.375}","{'a': 1.6502158928233257e-07, 'b': 1.65368908255914e-06, 'c': 2.3090672129910672e-07, 'd': 0.9999979734420776}",0.9999979734420776,,"- The context mentions that she prepared difficult questions for the students, indicating that the questions require thorough preparation to answer.
- The target utterance ""I hope they're prepared for this"" suggests a hope that the students have done the necessary work to handle the challenging questions.
- The most likely meaning is therefore d, as it aligns with the context and the content of the target utterance.",
C1_38_UA_I,C1_38,20,1,unambiguous,ironic,a,Booking the appointment was frustrating and difficult.,OLMo-2-7B,Condition1B_context_richness_stimuli,general_reasoning,"You will read short stories that describe everyday situations and which finish with a person saying something. Your task is to decide, given the situation, what meaning the person is most likely conveying. Each story will be followed by 4 possible meaning interpretations listed from a to d. Read each story and choose the number corresponding to the most likely meaning. State the reasoning in 2-3 bullet points and the answer. You can only answer with a, b, c, or d.
Context: He booked an appointment through a system which was impossible to use.
Target utterance: He says:  """"That was about as easy as it gets.""""
What meaning is He most likely conveying?
a. Booking the appointment was frustrating and difficult.
b. Booking the appointment was straightforward and effortless.
c. He always found parallel parking easy as it gets.
d. He decided to cancel the appointment.
Reasoning:
Answer:
","- The phrase ""as it gets"" typically implies that something is as simple or easy as it could possibly be. 
- Given that He is referring to the appointment booking process, which was described as being ""impossible to use,"" it is unlikely that He would describe it as easy.
- The context indicates that He is expressing frustration or sarcasm about the difficulty of the booking process, rather than genuinely praising its ease. Therefore, the most likely meaning is a.","['b', 'a', 'c', 'd']",2,UA_I,"{'a': 14.5, 'b': 1.8203125, 'c': -3.578125, 'd': -1.9296875}","{'a': 0.9999967813491821, 'b': 3.1137251426116563e-06, 'c': 1.4085383526207806e-08, 'd': 7.322780248841809e-08}",0.9999967813491821,,"- The phrase ""as it gets"" typically implies that something is as simple or easy as it could possibly be. 
- Given that He is referring to the appointment booking process, which was described as being ""impossible to use,"" it is unlikely that He would describe it as easy.
- The context indicates that He is expressing frustration or sarcasm about the difficulty of the booking process, rather than genuinely praising its ease. Therefore, the most likely meaning is a.",
C1_39_UA_NI,C1_39,224,1,unambiguous,non-ironic,b,Completing the task was a genuine sign of intelligence.,OLMo-2-7B,Condition1B_context_richness_stimuli,general_reasoning,"You will read short stories that describe everyday situations and which finish with a person saying something. Your task is to decide, given the situation, what meaning the person is most likely conveying. Each story will be followed by 4 possible meaning interpretations listed from a to d. Read each story and choose the number corresponding to the most likely meaning. State the reasoning in 2-3 bullet points and the answer. You can only answer with a, b, c, or d.
Context: They finished an impossible task for their maths lesson.
Target utterance: They say: """"We must be very smart.""""
What meaning is They most likely conveying?
a. Anyone could have done the task, no special abilities required.
b. Completing the task was a genuine sign of intelligence.
c. They were always smart about managing their money.
d. They were given another task after the math lesson.
Reasoning:
Answer:
","- The task was described as 'impossible,' suggesting it required significant intelligence or effort to complete.
- Saying ""We must be very smart"" implies that the accomplishment was a reflection of their intelligence.
- The phrase does not relate to money management or a new task, so options c and d are less likely.","['b', 'a', 'c', 'd']",2,UA_NI,"{'a': 5.71875, 'b': 15.5625, 'c': 2.421875, 'd': 2.0}","{'a': 5.307490937411785e-05, 'b': 0.999943733215332, 'c': 1.9636977413028944e-06, 'd': 1.2878244888270274e-06}",0.999943733215332,,"- The task was described as 'impossible,' suggesting it required significant intelligence or effort to complete.
- Saying ""We must be very smart"" implies that the accomplishment was a reflection of their intelligence.
- The phrase does not relate to money management or a new task, so options c and d are less likely.",
C1_40_A_I,C1_40,274,1,ambiguous,ironic,c,Making the payment was complicated and painful.,OLMo-2-7B,Condition1B_context_richness_stimuli,general_reasoning,"You will read short stories that describe everyday situations and which finish with a person saying something. Your task is to decide, given the situation, what meaning the person is most likely conveying. Each story will be followed by 4 possible meaning interpretations listed from a to d. Read each story and choose the number corresponding to the most likely meaning. State the reasoning in 2-3 bullet points and the answer. You can only answer with a, b, c, or d.
Context: He made a payment through a website which was difficult to use.
Target utterance: He says:  """"Technology at its finest.""""
What meaning is He most likely conveying?
a. He decided to cancel the payment altogether.
b. He always thought the finest restaurants required a reservation.
c. Making the payment was complicated and painful.
d. Making the payment was a smooth and effortless experience.
Reasoning:
Answer:
","- The phrase ""Technology at its finest"" is typically used sarcastically to express that something is the worst example of technology, not the best.
- The context mentions that the payment was made through a website that was difficult to use, suggesting a negative experience.
- Therefore, the most likely meaning He is conveying is c. Making the payment was complicated and painful.","['d', 'c', 'b', 'a']",2,A_I,"{'a': 3.96875, 'b': 4.75, 'c': 15.8125, 'd': 6.59375}","{'a': 7.1824351834948175e-06, 'b': 1.5687881386838853e-05, 'c': 0.9998779296875, 'd': 9.915045666275546e-05}",0.9998779296875,,"- The phrase ""Technology at its finest"" is typically used sarcastically to express that something is the worst example of technology, not the best.
- The context mentions that the payment was made through a website that was difficult to use, suggesting a negative experience.
- Therefore, the most likely meaning He is conveying is c. Making the payment was complicated and painful.",
C1_41_A_NI,C1_41,90,1,ambiguous,non-ironic,d,Her kitchen was tidy.,OLMo-2-7B,Condition1B_context_richness_stimuli,general_reasoning,"You will read short stories that describe everyday situations and which finish with a person saying something. Your task is to decide, given the situation, what meaning the person is most likely conveying. Each story will be followed by 4 possible meaning interpretations listed from a to d. Read each story and choose the number corresponding to the most likely meaning. State the reasoning in 2-3 bullet points and the answer. You can only answer with a, b, c, or d.
Context: She finished cooking and the kitchen was clean.
Target utterance: She says: """"I'm the sort of person who likes to keep things tidy.""""
What meaning is She most likely conveying?
a. The apartment came with a fully equipped kitchen.
b. Children should regularly tidy up their rooms.
c. Her kitchen was a mess.
d. Her kitchen was tidy.
Reasoning:
Answer:
","- The context mentions that ""She finished cooking and the kitchen was clean,"" indicating that the kitchen was tidy after her actions.
- The target utterance is ""I'm the sort of person who likes to keep things tidy,"" which suggests that tidiness is a personal preference or characteristic of the speaker.
- The most likely meaning is d because the combination of the context and the target statement implies that the speaker is proud of maintaining a tidy kitchen, which aligns with her statement about her personal preference.","['d', 'c', 'b', 'a']",2,A_NI,"{'a': 1.5859375, 'b': 5.21875, 'c': 3.171875, 'd': 18.0}","{'a': 7.438096361056523e-08, 'b': 2.8130161808803678e-06, 'c': 3.632668210684642e-07, 'd': 0.9999967813491821}",0.9999967813491821,,"- The context mentions that ""She finished cooking and the kitchen was clean,"" indicating that the kitchen was tidy after her actions.
- The target utterance is ""I'm the sort of person who likes to keep things tidy,"" which suggests that tidiness is a personal preference or characteristic of the speaker.
- The most likely meaning is d because the combination of the context and the target statement implies that the speaker is proud of maintaining a tidy kitchen, which aligns with her statement about her personal preference.",
C1_42_UA_I,C1_42,220,1,unambiguous,ironic,c,The room was left in a terrible state for far too long.,OLMo-2-7B,Condition1B_context_richness_stimuli,general_reasoning,"You will read short stories that describe everyday situations and which finish with a person saying something. Your task is to decide, given the situation, what meaning the person is most likely conveying. Each story will be followed by 4 possible meaning interpretations listed from a to d. Read each story and choose the number corresponding to the most likely meaning. State the reasoning in 2-3 bullet points and the answer. You can only answer with a, b, c, or d.
Context: They walked into the room and found it pristine.
Target utterance: They said: ""“Looks like you didn’t wait too long to clean it.”""
What meaning is They most likely conveying?
a. They decided to book a different room altogether.
b. The room was tidied up well before it got too messy.
c. The room was left in a terrible state for far too long.
d. They never had to wait long for a table.
Reasoning:
Answer:
","- The statement ""Looks like you didn’t wait too long to clean it."" suggests that the room was cleaned promptly, implying that it was cleaned before it had a chance to get too messy.
- The phrase ""pristine"" indicates that the room was in an exceptionally clean state, which supports the idea that the cleaning happened relatively quickly.
- The context of finding a clean room after entering suggests that the cleaning occurred not long before their arrival, indicating efficiency rather than delay.","['d', 'a', 'b', 'c']",2,UA_I,"{'a': -0.01397705078125, 'b': 14.1875, 'c': 6.90625, 'd': 1.6328125}","{'a': 6.793227953494352e-07, 'b': 0.9993078708648682, 'c': 0.0006878481945022941, 'd': 3.525882220856147e-06}",0.9993078708648682,,"- The statement ""Looks like you didn’t wait too long to clean it."" suggests that the room was cleaned promptly, implying that it was cleaned before it had a chance to get too messy.
- The phrase ""pristine"" indicates that the room was in an exceptionally clean state, which supports the idea that the cleaning happened relatively quickly.
- The context of finding a clean room after entering suggests that the cleaning occurred not long before their arrival, indicating efficiency rather than delay.",
C1_43_UA_NI,C1_43,41,1,unambiguous,non-ironic,d,The street was genuinely pleasant.,OLMo-2-7B,Condition1B_context_richness_stimuli,general_reasoning,"You will read short stories that describe everyday situations and which finish with a person saying something. Your task is to decide, given the situation, what meaning the person is most likely conveying. Each story will be followed by 4 possible meaning interpretations listed from a to d. Read each story and choose the number corresponding to the most likely meaning. State the reasoning in 2-3 bullet points and the answer. You can only answer with a, b, c, or d.
Context: The street was pristine.
Target utterance: They say:  """"Such a beautiful walk.""""
What meaning is They most likely conveying?
a. The street was far from pretty.
b. A dog was barking on the street.
c. They went for a walk in the park.
d. The street was genuinely pleasant.
Reasoning:
Answer:
","- The street being described as pristine implies it was clean and well-maintained, suggesting it was indeed pleasant to look at.
- The phrase ""Such a beautiful walk"" suggests a positive evaluation of the experience of walking on the street.
- The context of the street being pristine directly contradicts option a, as it states the opposite of what is described.","['b', 'd', 'c', 'a']",2,UA_NI,"{'a': 2.4375, 'b': 4.1875, 'c': 3.140625, 'd': 16.75}","{'a': 6.083561743253085e-07, 'b': 3.5008476970688207e-06, 'c': 1.2289132200749009e-06, 'd': 0.9999946355819702}",0.9999946355819702,,"- The street being described as pristine implies it was clean and well-maintained, suggesting it was indeed pleasant to look at.
- The phrase ""Such a beautiful walk"" suggests a positive evaluation of the experience of walking on the street.
- The context of the street being pristine directly contradicts option a, as it states the opposite of what is described.",
C1_44_A_I,C1_44,167,1,ambiguous,ironic,b,The floor was very dirty.,OLMo-2-7B,Condition1B_context_richness_stimuli,general_reasoning,"You will read short stories that describe everyday situations and which finish with a person saying something. Your task is to decide, given the situation, what meaning the person is most likely conveying. Each story will be followed by 4 possible meaning interpretations listed from a to d. Read each story and choose the number corresponding to the most likely meaning. State the reasoning in 2-3 bullet points and the answer. You can only answer with a, b, c, or d.
Context: The floor was clean.
Target utterance: She says: """"You could practically eat off the floor here.""""
What meaning is She most likely conveying?
a. The dance floor was very empty.
b. The floor was very dirty.
c. She could eat a whole cake.
d. The floor was very clean.
Reasoning:
Answer:
","- The phrase ""you could practically eat off the floor"" is a common idiom meaning the surface is extremely clean.
- The context mentions that the floor was clean, which supports the idea that it is suitable for eating off of.
- The statement contrasts with what one might expect from a typical floor, implying it is exceptionally clean.","['d', 'b', 'c', 'a']",2,A_I,"{'a': 2.4375, 'b': 6.625, 'c': 1.8828125, 'd': 16.125}","{'a': 1.1364778629285865e-06, 'b': 7.484608795493841e-05, 'c': 6.526243510052154e-07, 'd': 0.9999233484268188}",0.9999233484268188,,"- The phrase ""you could practically eat off the floor"" is a common idiom meaning the surface is extremely clean.
- The context mentions that the floor was clean, which supports the idea that it is suitable for eating off of.
- The statement contrasts with what one might expect from a typical floor, implying it is exceptionally clean.",
C1_45_A_NI,C1_45,60,1,ambiguous,non-ironic,c,The movie was funny and great.,OLMo-2-7B,Condition1B_context_richness_stimuli,general_reasoning,"You will read short stories that describe everyday situations and which finish with a person saying something. Your task is to decide, given the situation, what meaning the person is most likely conveying. Each story will be followed by 4 possible meaning interpretations listed from a to d. Read each story and choose the number corresponding to the most likely meaning. State the reasoning in 2-3 bullet points and the answer. You can only answer with a, b, c, or d.
Context: They watched a serious movie.
Target utterance: They say: """"That was the perfect movie for a laugh.""""
What meaning is They most likely conveying?
a. They had such a perfect night.
b. The movie wasn't amusing.
c. The movie was funny and great.
d. They saw three movies that week.
Reasoning:
Answer:
","- The statement ""That was the perfect movie for a laugh"" suggests that the movie was funny and enjoyable, making option c the most likely meaning.
- The context of watching a serious movie before stating this implies a contrast between the expected serious tone and the actual comedic experience.
- The phrase ""perfect movie for a laugh"" suggests that the movie was unexpectedly humorous, making option c the most fitting interpretation.","['c', 'b', 'a', 'd']",2,A_NI,"{'a': 4.3125, 'b': 5.34375, 'c': 16.875, 'd': 4.6875}","{'a': 3.5008019949600566e-06, 'b': 9.818242688197643e-06, 'c': 0.9999815225601196, 'd': 5.093636900710408e-06}",0.9999815225601196,,"- The statement ""That was the perfect movie for a laugh"" suggests that the movie was funny and enjoyable, making option c the most likely meaning.
- The context of watching a serious movie before stating this implies a contrast between the expected serious tone and the actual comedic experience.
- The phrase ""perfect movie for a laugh"" suggests that the movie was unexpectedly humorous, making option c the most fitting interpretation.",
C1_46_UA_I,C1_46,124,1,unambiguous,ironic,a,The musical was purely for laughs.,OLMo-2-7B,Condition1B_context_richness_stimuli,general_reasoning,"You will read short stories that describe everyday situations and which finish with a person saying something. Your task is to decide, given the situation, what meaning the person is most likely conveying. Each story will be followed by 4 possible meaning interpretations listed from a to d. Read each story and choose the number corresponding to the most likely meaning. State the reasoning in 2-3 bullet points and the answer. You can only answer with a, b, c, or d.
Context: The musical she watched was really grim.
Target utterance: She says: """"That cracked me up.""""
What meaning is She most likely conveying?
a. The musical was purely for laughs.
b. She answered some questions about the musical.
c. The musical left her deeply moved.
d. The joke cracked everyone up.
Reasoning:
Answer:
","- The musical was described as grim, but she found something humorous about it.
- The phrase ""cracked me up"" typically means something amused or entertained the speaker.
- The context of a grim musical followed by a statement of amusement suggests she found it funny despite its grim nature.","['b', 'd', 'a', 'c']",2,UA_I,"{'a': 13.6875, 'b': 8.8125, 'c': 9.875, 'd': 9.0}","{'a': 0.9625217318534851, 'b': 0.007348943967372179, 'c': 0.021264875307679176, 'd': 0.008864518254995346}",0.9625217318534851,,"- The musical was described as grim, but she found something humorous about it.
- The phrase ""cracked me up"" typically means something amused or entertained the speaker.
- The context of a grim musical followed by a statement of amusement suggests she found it funny despite its grim nature.",
C1_47_UA_NI,C1_47,152,1,unambiguous,non-ironic,c,The situation was genuinely amusing.,OLMo-2-7B,Condition1B_context_richness_stimuli,general_reasoning,"You will read short stories that describe everyday situations and which finish with a person saying something. Your task is to decide, given the situation, what meaning the person is most likely conveying. Each story will be followed by 4 possible meaning interpretations listed from a to d. Read each story and choose the number corresponding to the most likely meaning. State the reasoning in 2-3 bullet points and the answer. You can only answer with a, b, c, or d.
Context: The situation was grim.
Target utterance: She says: """"Truly something to laugh about.""""
What meaning is She most likely conveying?
a. She tried to make the best of the situation.
b. The situation was far too serious.
c. The situation was genuinely amusing.
d. She always found it hard to laugh about things.
Reasoning:
Answer:
","- The situation was grim, suggesting it was not a light or funny circumstance.
- Saying ""Truly something to laugh about"" in a grim situation implies an attempt to find humor or a positive spin in a dire context.
- This interpretation aligns with making the best of the situation, which is a common coping mechanism in adverse circumstances. a","['d', 'b', 'a', 'c']",2,UA_NI,"{'a': 14.6875, 'b': 0.99609375, 'c': -2.328125, 'd': -1.3125}","{'a': 0.9999988079071045, 'b': 1.1321326383040287e-06, 'c': 4.075748805121293e-08, 'd': 1.1253504084152155e-07}",0.9999988079071045,,"- The situation was grim, suggesting it was not a light or funny circumstance.
- Saying ""Truly something to laugh about"" in a grim situation implies an attempt to find humor or a positive spin in a dire context.
- This interpretation aligns with making the best of the situation, which is a common coping mechanism in adverse circumstances. a",
C1_48_A_I,C1_48,138,1,ambiguous,ironic,b,The talk contained no humour.,OLMo-2-7B,Condition1B_context_richness_stimuli,general_reasoning,"You will read short stories that describe everyday situations and which finish with a person saying something. Your task is to decide, given the situation, what meaning the person is most likely conveying. Each story will be followed by 4 possible meaning interpretations listed from a to d. Read each story and choose the number corresponding to the most likely meaning. State the reasoning in 2-3 bullet points and the answer. You can only answer with a, b, c, or d.
Context: His talk was serious. 
Target utterance: Hey says: """"Wow, so many jokes in one talk.""""
What meaning is He most likely conveying?
a. He was a fan of old jokes.
b. The talk contained no humour.
c. He decided to cancel the talk.
d. The talk contained humour.
Reasoning:
Answer:
","- The talk was serious, so if it contained jokes, it would be an unusual and unexpected element.
- Saying ""Wow, so many jokes in one talk"" implies surprise at the presence of jokes in a serious talk.
- The phrase ""Wow, so many jokes"" suggests that the speaker found the inclusion of jokes noteworthy or unexpected.","['c', 'b', 'd', 'a']",2,A_I,"{'a': 2.703125, 'b': 7.09375, 'c': 2.6875, 'd': 15.0625}","{'a': 4.287830961402506e-06, 'b': 0.0003459886647760868, 'c': 4.221354174660519e-06, 'd': 0.999645471572876}",0.999645471572876,,"- The talk was serious, so if it contained jokes, it would be an unusual and unexpected element.
- Saying ""Wow, so many jokes in one talk"" implies surprise at the presence of jokes in a serious talk.
- The phrase ""Wow, so many jokes"" suggests that the speaker found the inclusion of jokes noteworthy or unexpected.",
C1_49_A_NI,C1_49,43,1,ambiguous,non-ironic,d,The airport experience was enjoyable.,OLMo-2-7B,Condition1B_context_richness_stimuli,general_reasoning,"You will read short stories that describe everyday situations and which finish with a person saying something. Your task is to decide, given the situation, what meaning the person is most likely conveying. Each story will be followed by 4 possible meaning interpretations listed from a to d. Read each story and choose the number corresponding to the most likely meaning. State the reasoning in 2-3 bullet points and the answer. You can only answer with a, b, c, or d.
Context: He had a bad experience at the airport.
Target utterance: He says: """"A complete nightmare, really.""""
What meaning is He most likely conveying?
a. He came back from his trip exhausted.
b. He decided to book a different airport transfer.
c. The airport experience was thoroughly unpleasant.
d. The airport experience was enjoyable.
Reasoning:
Answer:
","- The phrase ""a complete nightmare"" typically refers to a very unpleasant experience.
- The context of a bad experience at the airport supports the idea that the experience was unpleasant.
- The statement ""A complete nightmare, really"" directly communicates that the airport experience was thoroughly unpleasant.","['c', 'd', 'b', 'a']",2,A_NI,"{'a': 4.125, 'b': 5.8125, 'c': 15.9375, 'd': 5.28125}","{'a': 7.410808393615298e-06, 'b': 4.006245217169635e-05, 'c': 0.9999289512634277, 'd': 2.355149990762584e-05}",0.9999289512634277,,"- The phrase ""a complete nightmare"" typically refers to a very unpleasant experience.
- The context of a bad experience at the airport supports the idea that the experience was unpleasant.
- The statement ""A complete nightmare, really"" directly communicates that the airport experience was thoroughly unpleasant.",
C1_50_UA_I,C1_50,16,1,unambiguous,ironic,d,The exam results were deeply disappointing.,OLMo-2-7B,Condition1B_context_richness_stimuli,general_reasoning,"You will read short stories that describe everyday situations and which finish with a person saying something. Your task is to decide, given the situation, what meaning the person is most likely conveying. Each story will be followed by 4 possible meaning interpretations listed from a to d. Read each story and choose the number corresponding to the most likely meaning. State the reasoning in 2-3 bullet points and the answer. You can only answer with a, b, c, or d.
Context: He studied hard for the exam, and the results were terrible.
Target utterance: He says: """"Well, this is amazing.""""
What meaning is He most likely conveying?
a. The exam results were impressive
b. He had one more exam this week.
c. He always found art museums amazing.
d. The exam results were deeply disappointing.
Reasoning:
Answer:
","- The context mentions that he studied hard for the exam, but the results were terrible, indicating that he likely did not perform well.
- The phrase ""Well, this is amazing"" typically conveys surprise or disappointment in a situation not turning out as expected.
- Given the context, the most fitting interpretation is that he is expressing disappointment with the outcome of the exam.","['a', 'd', 'c', 'b']",2,UA_I,"{'a': 3.53125, 'b': 5.5625, 'c': 1.3984375, 'd': 15.25}","{'a': 8.139179954014253e-06, 'b': 6.204992678249255e-05, 'c': 9.645215186537826e-07, 'd': 0.9999288320541382}",0.9999288320541382,,"- The context mentions that he studied hard for the exam, but the results were terrible, indicating that he likely did not perform well.
- The phrase ""Well, this is amazing"" typically conveys surprise or disappointment in a situation not turning out as expected.
- Given the context, the most fitting interpretation is that he is expressing disappointment with the outcome of the exam.",
C1_51_UA_NI,C1_51,284,1,unambiguous,non-ironic,b,They found the play dull.,OLMo-2-7B,Condition1B_context_richness_stimuli,general_reasoning,"You will read short stories that describe everyday situations and which finish with a person saying something. Your task is to decide, given the situation, what meaning the person is most likely conveying. Each story will be followed by 4 possible meaning interpretations listed from a to d. Read each story and choose the number corresponding to the most likely meaning. State the reasoning in 2-3 bullet points and the answer. You can only answer with a, b, c, or d.
Context: They left the play feeling terrible.
Target utterance: They said:  """"That wasn't fun at all.""""
What meaning is They most likely conveying?
a. They found the play entertaining.
b. They found the play dull.
c. They liked to watch a play in their favorite theatre.
d. They had fun eating together.
Reasoning:
Answer:
","- The phrase ""feeling terrible"" suggests that the experience was negative.
- Saying ""That wasn't fun at all"" directly states that the play was not enjoyable.
- The context of leaving a play and expressing dissatisfaction indicates that the play itself was the source of their negative feelings.","['b', 'a', 'd', 'c']",2,UA_NI,"{'a': 3.078125, 'b': 15.125, 'c': 2.453125, 'd': 6.6875}","{'a': 5.861526460648747e-06, 'b': 0.9997745156288147, 'c': 3.1374490845337277e-06, 'd': 0.0002165421174140647}",0.9997745156288147,,"- The phrase ""feeling terrible"" suggests that the experience was negative.
- Saying ""That wasn't fun at all"" directly states that the play was not enjoyable.
- The context of leaving a play and expressing dissatisfaction indicates that the play itself was the source of their negative feelings.",
C1_52_A_I,C1_52,82,1,ambiguous,ironic,c,She found the whole meal disappointing.,OLMo-2-7B,Condition1B_context_richness_stimuli,general_reasoning,"You will read short stories that describe everyday situations and which finish with a person saying something. Your task is to decide, given the situation, what meaning the person is most likely conveying. Each story will be followed by 4 possible meaning interpretations listed from a to d. Read each story and choose the number corresponding to the most likely meaning. State the reasoning in 2-3 bullet points and the answer. You can only answer with a, b, c, or d.
Context: She had a bad meal at a restaurant.
Target utterance: She says: """"That was a great restaurant visit.""""
What meaning is She most likely conveying?
a. The rmeal was a genuinely enjoyable experience.
b. She wanted to try the meal for months.
c. She found the whole meal disappointing.
d. She always enjoyed a restaurant visit before a big day out.
Reasoning:
Answer:
","- The phrase ""That was a great restaurant visit"" suggests that the experience was not positive, as one would not describe a bad meal as 'great' unless the intent is sarcastic or the experience was otherwise notable for reasons unrelated to the food quality.
- Given the context of having a bad meal, option a is unlikely as it suggests enjoyment.
- Option b is irrelevant to the context provided.
- Option c aligns with the context of a bad meal and the use of the phrase ""great"" in a sarcastic or ironic manner, which is a common way to express disappointment.
- Option d does not relate to the situation described and provides no logical connection to the context of a bad meal.","['a', 'd', 'b', 'c']",2,A_I,"{'a': 6.0, 'b': 4.09375, 'c': 15.625, 'd': 5.9375}","{'a': 6.604739610338584e-05, 'b': 9.817069440032355e-06, 'c': 0.9998620748519897, 'd': 6.204578676261008e-05}",0.9998620748519897,,"- The phrase ""That was a great restaurant visit"" suggests that the experience was not positive, as one would not describe a bad meal as 'great' unless the intent is sarcastic or the experience was otherwise notable for reasons unrelated to the food quality.
- Given the context of having a bad meal, option a is unlikely as it suggests enjoyment.
- Option b is irrelevant to the context provided.
- Option c aligns with the context of a bad meal and the use of the phrase ""great"" in a sarcastic or ironic manner, which is a common way to express disappointment.
- Option d does not relate to the situation described and provides no logical connection to the context of a bad meal.",
C1_53_A_NI,C1_53,264,1,ambiguous,non-ironic,d,The ground was moist and muddy after the rain.,OLMo-2-7B,Condition1B_context_richness_stimuli,general_reasoning,"You will read short stories that describe everyday situations and which finish with a person saying something. Your task is to decide, given the situation, what meaning the person is most likely conveying. Each story will be followed by 4 possible meaning interpretations listed from a to d. Read each story and choose the number corresponding to the most likely meaning. State the reasoning in 2-3 bullet points and the answer. You can only answer with a, b, c, or d.
Context: After the weather changed, the ground became dry.
Target utterance: She says: """"Perfect conditions for a picnic..""""
What meaning is She most likely conveying?
a. She knelt in the mud to look closely at the earth.
b. The ground was uneven where she stood.
c. The ground was dried out.
d. The ground was moist and muddy after the rain.
Reasoning:
Answer:
","- The context mentions that the weather changed and the ground became dry, indicating that it is no longer muddy or wet.
- The target utterance suggests that the speaker sees the dry ground as ideal for a picnic, implying that a dry ground is preferable for such an event.
- The most likely meaning is c. The ground was dried out, as this directly relates to the context provided and the positive statement about perfect conditions for a picnic.","['c', 'd', 'b', 'a']",2,A_NI,"{'a': 2.78125, 'b': 6.6875, 'c': 16.75, 'd': 7.5625}","{'a': 8.577992502978304e-07, 'b': 4.264307062840089e-05, 'c': 0.9998542070388794, 'd': 0.00010229540930595249}",0.9998542070388794,,"- The context mentions that the weather changed and the ground became dry, indicating that it is no longer muddy or wet.
- The target utterance suggests that the speaker sees the dry ground as ideal for a picnic, implying that a dry ground is preferable for such an event.
- The most likely meaning is c. The ground was dried out, as this directly relates to the context provided and the positive statement about perfect conditions for a picnic.",
C1_54_UA_I,C1_54,178,1,unambiguous,ironic,a,The garden was just watered and needed to dry out.,OLMo-2-7B,Condition1B_context_richness_stimuli,general_reasoning,"You will read short stories that describe everyday situations and which finish with a person saying something. Your task is to decide, given the situation, what meaning the person is most likely conveying. Each story will be followed by 4 possible meaning interpretations listed from a to d. Read each story and choose the number corresponding to the most likely meaning. State the reasoning in 2-3 bullet points and the answer. You can only answer with a, b, c, or d.
Context: The garden was parched in the morning.
Target utterance: They said: """"That’s enough water for the day.""""
What meaning is They most likely conveying?
a. The garden was just watered and needed to dry out.
b. They wanted a new water feature.
c. They played some boardgames in the garden.
d. The garden was struggling without any water.
Reasoning:
Answer:
","- The garden was parched, indicating it was dry and in need of water.
- Saying ""That's enough water for the day"" suggests they have provided sufficient water for the immediate need.
- The context of a parched garden implies the need for water, not a water feature or boardgames.","['b', 'c', 'd', 'a']",2,UA_I,"{'a': 13.8125, 'b': 3.3125, 'c': 1.109375, 'd': 7.15625}","{'a': 0.9986851811408997, 'b': 2.7500243959366344e-05, 'c': 3.037606575162499e-06, 'd': 0.001284268917515874}",0.9986851811408997,,"- The garden was parched, indicating it was dry and in need of water.
- Saying ""That's enough water for the day"" suggests they have provided sufficient water for the immediate need.
- The context of a parched garden implies the need for water, not a water feature or boardgames.",
C1_55_UA_NI,C1_55,104,1,unambiguous,non-ironic,d,The plants had been getting plenty of moisture to grow.,OLMo-2-7B,Condition1B_context_richness_stimuli,general_reasoning,"You will read short stories that describe everyday situations and which finish with a person saying something. Your task is to decide, given the situation, what meaning the person is most likely conveying. Each story will be followed by 4 possible meaning interpretations listed from a to d. Read each story and choose the number corresponding to the most likely meaning. State the reasoning in 2-3 bullet points and the answer. You can only answer with a, b, c, or d.
Context: The field was parched
Target utterance: He says: """"Terrible news for anything trying to grow..""""
What meaning is He most likely conveying?
a. He was considering buying a new tractor.
b. He had been reading about different farming techniques.
c. The plants had been wilting due to lack of water.
d. The plants had been getting plenty of moisture to grow.
Reasoning:
Answer:
","- The field being parched indicates a lack of water, which is detrimental to plant growth.
- The statement about something trying to grow suggests that the plants are not thriving due to the dry conditions.
- The context of the parched field directly relates to the condition of the plants and their ability to grow.","['d', 'c', 'b', 'a']",2,UA_NI,"{'a': 4.21875, 'b': 7.65625, 'c': 16.375, 'd': 7.96875}","{'a': 5.253362360235769e-06, 'b': 0.00016342730668839067, 'c': 0.9996078610420227, 'd': 0.00022337865084409714}",0.9996078610420227,,"- The field being parched indicates a lack of water, which is detrimental to plant growth.
- The statement about something trying to grow suggests that the plants are not thriving due to the dry conditions.
- The context of the parched field directly relates to the condition of the plants and their ability to grow.",
C1_56_A_I,C1_56,103,1,ambiguous,ironic,a,Her hair was completely dry.,OLMo-2-7B,Condition1B_context_richness_stimuli,general_reasoning,"You will read short stories that describe everyday situations and which finish with a person saying something. Your task is to decide, given the situation, what meaning the person is most likely conveying. Each story will be followed by 4 possible meaning interpretations listed from a to d. Read each story and choose the number corresponding to the most likely meaning. State the reasoning in 2-3 bullet points and the answer. You can only answer with a, b, c, or d.
Context: She saw her dry hair.
Target utterance: She said: """"The rain really caught me by surprise.""""
What meaning is She most likely conveying?
a. Her hair was completely dry.
b. She had her hair cut short last week.
c. Her hair was soaking wet.
d. They organised a surprise party for him.
Reasoning:
Answer:
","- The phrase ""she saw her dry hair"" indicates that her hair was not wet, suggesting it was dry before encountering rain.
- The utterance ""The rain really caught me by surprise"" implies that she was not expecting rain, indicating that her hair being dry was unexpected.
- Therefore, the most likely meaning is c. Her hair was soaking wet. because it contrasts with her statement about being surprised by the rain, suggesting that her hair was dry before the rain started.","['b', 'd', 'a', 'c']",2,A_I,"{'a': 4.375, 'b': 4.53125, 'c': 16.375, 'd': 4.59375}","{'a': 6.144083727122052e-06, 'b': 7.183161415014183e-06, 'c': 0.9999790191650391, 'd': 7.64643573347712e-06}",0.9999790191650391,,"- The phrase ""she saw her dry hair"" indicates that her hair was not wet, suggesting it was dry before encountering rain.
- The utterance ""The rain really caught me by surprise"" implies that she was not expecting rain, indicating that her hair being dry was unexpected.
- Therefore, the most likely meaning is c. Her hair was soaking wet. because it contrasts with her statement about being surprised by the rain, suggesting that her hair was dry before the rain started.",
C1_57_A_NI,C1_57,28,1,ambiguous,non-ironic,b,I admired the outfit.,OLMo-2-7B,Condition1B_context_richness_stimuli,general_reasoning,"You will read short stories that describe everyday situations and which finish with a person saying something. Your task is to decide, given the situation, what meaning the person is most likely conveying. Each story will be followed by 4 possible meaning interpretations listed from a to d. Read each story and choose the number corresponding to the most likely meaning. State the reasoning in 2-3 bullet points and the answer. You can only answer with a, b, c, or d.
Context: I wore an ugly outfit to attend the award ceremony.
Target utterance: I say: """"I really didn't try at all today.""""
What meaning is I most likely conveying?
a. I thought the outfit was ugly.
b. I admired the outfit.
c. I received an amazing award.
d. The comedians on the stage enjoyed themselves.
Reasoning:
Answer:
","- The speaker wore an ugly outfit, indicating they did not try hard to look good.
- The statement ""I really didn't try at all today"" directly relates to the effort put into the outfit.
- The context of attending an award ceremony suggests the speaker is commenting on their appearance rather than their success at the ceremony.","['b', 'a', 'c', 'd']",2,A_NI,"{'a': 13.5, 'b': 3.0, 'c': 0.72265625, 'd': 2.796875}","{'a': 0.9999470710754395, 'b': 2.753499211394228e-05, 'c': 2.8238857794349315e-06, 'd': 2.247340489702765e-05}",0.9999470710754395,,"- The speaker wore an ugly outfit, indicating they did not try hard to look good.
- The statement ""I really didn't try at all today"" directly relates to the effort put into the outfit.
- The context of attending an award ceremony suggests the speaker is commenting on their appearance rather than their success at the ceremony.",
C1_58_UA_I,C1_58,150,1,unambiguous,ironic,a,She thought the car was ugly.,OLMo-2-7B,Condition1B_context_richness_stimuli,general_reasoning,"You will read short stories that describe everyday situations and which finish with a person saying something. Your task is to decide, given the situation, what meaning the person is most likely conveying. Each story will be followed by 4 possible meaning interpretations listed from a to d. Read each story and choose the number corresponding to the most likely meaning. State the reasoning in 2-3 bullet points and the answer. You can only answer with a, b, c, or d.
Context: She saw a hideous car on the street.
Target utterance: She says: """"That’s a real beauty.""""
What meaning is she most likely conveying?
a. She thought the car was ugly.
b. She had booked a car.
c. She admired the car.
d. She thought the painting was beautiful.
Reasoning:
Answer:
","- The phrase ""real beauty"" typically refers to something that is genuinely attractive or pleasing to look at, rather than something that is actually ugly.
- The context of seeing a ""hideous car"" suggests that the speaker is not expressing admiration but rather irony or sarcasm.
- The statement ""That’s a real beauty"" is more likely to be used sarcastically to mean the opposite of its literal words, indicating that the car is not beautiful but rather ugly.","['b', 'd', 'a', 'c']",2,UA_I,"{'a': 14.1875, 'b': 1.453125, 'c': 0.474609375, 'd': 0.03369140625}","{'a': 0.999995231628418, 'b': 2.948011115222471e-06, 'c': 1.108064907384687e-06, 'd': 7.129793857529876e-07}",0.999995231628418,,"- The phrase ""real beauty"" typically refers to something that is genuinely attractive or pleasing to look at, rather than something that is actually ugly.
- The context of seeing a ""hideous car"" suggests that the speaker is not expressing admiration but rather irony or sarcasm.
- The statement ""That’s a real beauty"" is more likely to be used sarcastically to mean the opposite of its literal words, indicating that the car is not beautiful but rather ugly.",
C1_59_UA_NI,C1_59,287,1,unambiguous,non-ironic,c,The painting was genuinely ugly.,OLMo-2-7B,Condition1B_context_richness_stimuli,general_reasoning,"You will read short stories that describe everyday situations and which finish with a person saying something. Your task is to decide, given the situation, what meaning the person is most likely conveying. Each story will be followed by 4 possible meaning interpretations listed from a to d. Read each story and choose the number corresponding to the most likely meaning. State the reasoning in 2-3 bullet points and the answer. You can only answer with a, b, c, or d.
Context: He looked at a hideous painting.
Target utterance: He said: """"That's hard to look at.""""
What meaning is He most likely conveying?
a. The painting was genuinely beautiful.
b. They spent the weekend for this painting.
c. The painting was genuinely ugly.
d. He gave her a stern look.
Reasoning:
Answer:
","- The context mentions that the painting was hideous, indicating it was not beautiful.
- The phrase ""That's hard to look at"" is commonly used to express that something is unpleasant or difficult to view.
- The target utterance directly matches the context provided, suggesting the most likely meaning is that the painting was genuinely ugly (c).","['b', 'd', 'a', 'c']",2,UA_NI,"{'a': 2.484375, 'b': 4.0, 'c': 16.125, 'd': 5.46875}","{'a': 1.1910739203813137e-06, 'b': 5.422084541351069e-06, 'c': 0.9999698400497437, 'd': 2.3552462153020315e-05}",0.9999698400497437,,"- The context mentions that the painting was hideous, indicating it was not beautiful.
- The phrase ""That's hard to look at"" is commonly used to express that something is unpleasant or difficult to view.
- The target utterance directly matches the context provided, suggesting the most likely meaning is that the painting was genuinely ugly (c).",
C1_60_A_I,C1_60,215,1,ambiguous,ironic,b,They thought the bird was not beautiful.,OLMo-2-7B,Condition1B_context_richness_stimuli,general_reasoning,"You will read short stories that describe everyday situations and which finish with a person saying something. Your task is to decide, given the situation, what meaning the person is most likely conveying. Each story will be followed by 4 possible meaning interpretations listed from a to d. Read each story and choose the number corresponding to the most likely meaning. State the reasoning in 2-3 bullet points and the answer. You can only answer with a, b, c, or d.
Context: They saw an ugly bird.
Target utterance: They said: """"A real eye-catcher.""""
What meaning is They most likely conveying?
a. They thought the bird was beautiful.
b. They thought the bird was not beautiful.
c. The bird looked at them really closely.
d. They had a great time on a trip.
Reasoning:
Answer:
","- The phrase ""real eye-catcher"" typically means something that is very noticeable or striking, often in a positive way. 
- Since the bird is described as ""ugly,"" it's unlikely that ""eye-catcher"" is being used to describe beauty.
- The most logical interpretation is that the person is using sarcasm to express that the bird is indeed noticeable, but not for its beauty. Therefore, the answer is b. They thought the bird was not beautiful.","['a', 'b', 'c', 'd']",2,A_I,"{'a': 4.3125, 'b': 14.75, 'c': 1.78125, 'd': 2.125}","{'a': 2.931136987172067e-05, 'b': 0.9999649524688721, 'c': 2.331998302906868e-06, 'd': 3.2886446206248365e-06}",0.9999649524688721,,"- The phrase ""real eye-catcher"" typically means something that is very noticeable or striking, often in a positive way. 
- Since the bird is described as ""ugly,"" it's unlikely that ""eye-catcher"" is being used to describe beauty.
- The most logical interpretation is that the person is using sarcasm to express that the bird is indeed noticeable, but not for its beauty. Therefore, the answer is b. They thought the bird was not beautiful.",
C1_61_A_NI,C1_61,270,1,ambiguous,non-ironic,b,The kettle was a real bargain.,OLMo-2-7B,Condition1B_context_richness_stimuli,general_reasoning,"You will read short stories that describe everyday situations and which finish with a person saying something. Your task is to decide, given the situation, what meaning the person is most likely conveying. Each story will be followed by 4 possible meaning interpretations listed from a to d. Read each story and choose the number corresponding to the most likely meaning. State the reasoning in 2-3 bullet points and the answer. You can only answer with a, b, c, or d.
Context: I found a nice kettle which was cheap.
Target utterance: I said: """"What a steal.""""
What meaning is I most likely conveying?
a. The kettle boiled over..
b. The kettle was a real bargain.
c. A thief tried to steal my bag.
d. The kettle was expensive.
Reasoning:
Answer:
","- The phrase ""What a steal"" typically means that something has been acquired at a significantly lower price than its value, suggesting a bargain. 
- The context mentions that the kettle was cheap, which aligns with the idea of a good deal or a steal.
- The other options (a, c) do not logically follow from the provided context and are unrelated to the concept of a ""steal"" in the context of a purchase.","['d', 'a', 'c', 'b']",2,A_NI,"{'a': 3.34375, 'b': 15.0625, 'c': 2.125, 'd': 3.453125}","{'a': 8.139600140566472e-06, 'b': 0.9999804496765137, 'c': 2.406061184956343e-06, 'd': 9.080379641090985e-06}",0.9999804496765137,,"- The phrase ""What a steal"" typically means that something has been acquired at a significantly lower price than its value, suggesting a bargain. 
- The context mentions that the kettle was cheap, which aligns with the idea of a good deal or a steal.
- The other options (a, c) do not logically follow from the provided context and are unrelated to the concept of a ""steal"" in the context of a purchase.",
C1_62_UA_I,C1_62,2,1,unambiguous,ironic,b,The vase was not pricy.,OLMo-2-7B,Condition1B_context_richness_stimuli,general_reasoning,"You will read short stories that describe everyday situations and which finish with a person saying something. Your task is to decide, given the situation, what meaning the person is most likely conveying. Each story will be followed by 4 possible meaning interpretations listed from a to d. Read each story and choose the number corresponding to the most likely meaning. State the reasoning in 2-3 bullet points and the answer. You can only answer with a, b, c, or d.
Context: He broke a free vase.

Target utterance: He said: """"Well, there goes a priceless treasure""""
What meaning is He most likely conveying?
a. He went on a hike and picked up flowers.
b. The vase was not pricy.
c. The vase was worth a lot of money.
d. The experience of breaking the vase was worth it.
Reasoning:
Answer:
","- The phrase ""priceless treasure"" suggests high value.
- The context mentions a 'free vase', indicating it was not obtained at personal cost.
- The speaker's reaction implies a sense of loss or regret about the vase's destruction.","['d', 'b', 'a', 'c']",2,UA_I,"{'a': 3.921875, 'b': 7.4375, 'c': 16.375, 'd': 8.8125}","{'a': 3.902942808053922e-06, 'b': 0.00013128307182341814, 'c': 0.9993454813957214, 'd': 0.0005192346288822591}",0.9993454813957214,,"- The phrase ""priceless treasure"" suggests high value.
- The context mentions a 'free vase', indicating it was not obtained at personal cost.
- The speaker's reaction implies a sense of loss or regret about the vase's destruction.",
C1_63_UA_NI,C1_63,155,1,unambiguous,non-ironic,c,The perfume was pricy.,OLMo-2-7B,Condition1B_context_richness_stimuli,general_reasoning,"You will read short stories that describe everyday situations and which finish with a person saying something. Your task is to decide, given the situation, what meaning the person is most likely conveying. Each story will be followed by 4 possible meaning interpretations listed from a to d. Read each story and choose the number corresponding to the most likely meaning. State the reasoning in 2-3 bullet points and the answer. You can only answer with a, b, c, or d.
Context: She was wearing free perfume.
Target utterance: She said: """"Smells like it's from a gas station.""""
What meaning is She most likely conveying?
a. The perfume was not pricy.
b. The fragrance label was worth reading.
c. The perfume was pricy.
d. The ocean was calm and quiet.
Reasoning:
Answer:
","- The phrase ""smells like it's from a gas station"" typically implies a negative or low-quality scent, suggesting that the perfume did not have a pleasant or high-end fragrance.
- The context of ""free perfume"" suggests that the perfume was likely not of high quality, as free items are often perceived as less valuable or desirable.
- The most likely meaning is that the perfume was not pricy, as the speaker's comment about it smelling like it's from a gas station indicates a negative perception of its quality.","['b', 'c', 'a', 'd']",2,UA_NI,"{'a': 14.0, 'b': 2.90625, 'c': -0.00482177734375, 'd': 0.490234375}","{'a': 0.9999825954437256, 'b': 1.5206806892820168e-05, 'c': 8.275145546576823e-07, 'd': 1.3576122910308186e-06}",0.9999825954437256,,"- The phrase ""smells like it's from a gas station"" typically implies a negative or low-quality scent, suggesting that the perfume did not have a pleasant or high-end fragrance.
- The context of ""free perfume"" suggests that the perfume was likely not of high quality, as free items are often perceived as less valuable or desirable.
- The most likely meaning is that the perfume was not pricy, as the speaker's comment about it smelling like it's from a gas station indicates a negative perception of its quality.",
C1_64_A_I,C1_64,275,1,ambiguous,ironic,c,The bag was worth very little.,OLMo-2-7B,Condition1B_context_richness_stimuli,general_reasoning,"You will read short stories that describe everyday situations and which finish with a person saying something. Your task is to decide, given the situation, what meaning the person is most likely conveying. Each story will be followed by 4 possible meaning interpretations listed from a to d. Read each story and choose the number corresponding to the most likely meaning. State the reasoning in 2-3 bullet points and the answer. You can only answer with a, b, c, or d.
Context: She got a cheap bag.
Target utterance: She said: """"Looks like a real designer piece.""""
What meaning is She most likely conveying?
a. She liked to wear that designer piece.
b. She had dark bags under her eyes.
c. The bag was worth very little.
d. The bag was worth a lot.
Reasoning:
Answer:
","- The phrase ""Looks like a real designer piece"" typically implies that something appears to be of high quality or value, suggesting that it is similar to something designed by a well-known designer.
- The context mentions that the bag was cheap, which contrasts with the statement suggesting high quality or value.
- The most likely meaning is therefore c. The bag was worth very little. because the statement about it looking like a designer piece is likely ironic or sarcastic given its low price.","['c', 'd', 'b', 'a']",2,A_I,"{'a': 5.625, 'b': 4.0625, 'c': 16.75, 'd': 8.8125}","{'a': 1.4733673197042663e-05, 'b': 3.0883456929586828e-06, 'c': 0.9996250867843628, 'd': 0.0003569642431102693}",0.9996250867843628,,"- The phrase ""Looks like a real designer piece"" typically implies that something appears to be of high quality or value, suggesting that it is similar to something designed by a well-known designer.
- The context mentions that the bag was cheap, which contrasts with the statement suggesting high quality or value.
- The most likely meaning is therefore c. The bag was worth very little. because the statement about it looking like a designer piece is likely ironic or sarcastic given its low price.",
C1_65_A_NI,C1_65,157,1,ambiguous,non-ironic,b,The house felt cramped and tiny.,OLMo-2-7B,Condition1B_context_richness_stimuli,general_reasoning,"You will read short stories that describe everyday situations and which finish with a person saying something. Your task is to decide, given the situation, what meaning the person is most likely conveying. Each story will be followed by 4 possible meaning interpretations listed from a to d. Read each story and choose the number corresponding to the most likely meaning. State the reasoning in 2-3 bullet points and the answer. You can only answer with a, b, c, or d.
Context: They moved into a small house.
Target utterance: They said: """"You can barely turn around in here.""""
What meaning is They most likely conveying?
a. The house was red and blue.
b. The house felt cramped and tiny.
c. The house felt spacious and huge.
d. They made a sharp turn at the end of the road.
Reasoning:
Answer:
","- The phrase ""You can barely turn around in here"" suggests that the space is very limited and not spacious.
- Given that they moved into a small house, it implies that the house is indeed small and cramped.
- The statement directly relates to the size and spatial constraints of the house, indicating it's not spacious.","['d', 'a', 'b', 'c']",2,A_NI,"{'a': 0.9921875, 'b': 15.1875, 'c': 4.03125, 'd': 1.7265625}","{'a': 6.839856041551684e-07, 'b': 0.999983549118042, 'c': 1.4285486940934788e-05, 'd': 1.4255484757086379e-06}",0.999983549118042,,"- The phrase ""You can barely turn around in here"" suggests that the space is very limited and not spacious.
- Given that they moved into a small house, it implies that the house is indeed small and cramped.
- The statement directly relates to the size and spatial constraints of the house, indicating it's not spacious.",
C1_66_UA_I,C1_66,126,1,unambiguous,ironic,c,They thought the concert was small.,OLMo-2-7B,Condition1B_context_richness_stimuli,general_reasoning,"You will read short stories that describe everyday situations and which finish with a person saying something. Your task is to decide, given the situation, what meaning the person is most likely conveying. Each story will be followed by 4 possible meaning interpretations listed from a to d. Read each story and choose the number corresponding to the most likely meaning. State the reasoning in 2-3 bullet points and the answer. You can only answer with a, b, c, or d.
Context: They attended a concert at a tiny venue.


Target utterance: They said: """"What a massive event.""""
What meaning is they most likely conveying?
a. They liked go to concerts.
b. They thought the concert was huge.
c. They thought the concert was small.
d. They organized a massive event for dating.
Reasoning:
Answer:
","- The context mentions attending a concert at a tiny venue, which implies the venue itself is small.
- The phrase ""What a massive event"" is ironic because it contrasts the small venue with the word ""massive.""
- The comment is likely an expression of surprise or sarcasm about the small size of the venue, given the expectation of a ""massive event"" at a concert. Therefore, the most likely meaning is b. They thought the concert was huge.","['d', 'a', 'b', 'c']",2,UA_I,"{'a': 0.734375, 'b': 14.6875, 'c': 3.40625, 'd': 0.9453125}","{'a': 8.714219461580797e-07, 'b': 0.9999854564666748, 'c': 1.2606921700353269e-05, 'd': 1.0760624036265654e-06}",0.9999854564666748,,"- The context mentions attending a concert at a tiny venue, which implies the venue itself is small.
- The phrase ""What a massive event"" is ironic because it contrasts the small venue with the word ""massive.""
- The comment is likely an expression of surprise or sarcasm about the small size of the venue, given the expectation of a ""massive event"" at a concert. Therefore, the most likely meaning is b. They thought the concert was huge.",
C1_67_UA_NI,C1_67,262,1,unambiguous,non-ironic,a,She thought the spider was tiny.,OLMo-2-7B,Condition1B_context_richness_stimuli,general_reasoning,"You will read short stories that describe everyday situations and which finish with a person saying something. Your task is to decide, given the situation, what meaning the person is most likely conveying. Each story will be followed by 4 possible meaning interpretations listed from a to d. Read each story and choose the number corresponding to the most likely meaning. State the reasoning in 2-3 bullet points and the answer. You can only answer with a, b, c, or d.
Context: She spotted a tiny spider.
Target utterance: She said: """"Almost didn't see it.""""
What meaning is She most likely conveying?
a. She thought the spider was tiny.
b. She drew a spider diagram to plan her essay.
c. She went to see her doctor on Monday.
d. She thought the spider was huge.
Reasoning:
Answer:
","- The phrase ""Almost didn't see it"" suggests that the spider was difficult to spot, implying that it was small or well-hidden.
- The context of spotting a tiny spider directly supports the idea that the spider was small.
- The statement does not imply any action related to drawing a diagram or visiting a doctor, nor does it suggest the spider was huge.","['a', 'd', 'c', 'b']",2,UA_NI,"{'a': 14.1875, 'b': 1.734375, 'c': -0.84375, 'd': 1.828125}","{'a': 0.9999915361404419, 'b': 3.90546574635664e-06, 'c': 2.9648819577232643e-07, 'd': 4.289315256755799e-06}",0.9999915361404419,,"- The phrase ""Almost didn't see it"" suggests that the spider was difficult to spot, implying that it was small or well-hidden.
- The context of spotting a tiny spider directly supports the idea that the spider was small.
- The statement does not imply any action related to drawing a diagram or visiting a doctor, nor does it suggest the spider was huge.",
C1_68_A_I,C1_68,62,1,ambiguous,ironic,a,I thought the dog was small.,OLMo-2-7B,Condition1B_context_richness_stimuli,general_reasoning,"You will read short stories that describe everyday situations and which finish with a person saying something. Your task is to decide, given the situation, what meaning the person is most likely conveying. Each story will be followed by 4 possible meaning interpretations listed from a to d. Read each story and choose the number corresponding to the most likely meaning. State the reasoning in 2-3 bullet points and the answer. You can only answer with a, b, c, or d.
Context: I met a small dog.
Target utterance: I said: """"He could swallow me whole.""""
What meaning is I most likely conveying?
a. I thought the dog was small.
b. The dog wore a collar.
c. I thought the dog was huge.
d. I swallowed a pill.
Reasoning:
Answer:
","- The statement ""He could swallow me whole"" suggests that the speaker is comparing the size of the dog to themselves in a dramatic way, implying that the dog is much larger than they are.
- This comparison is not literal but rather hyperbolic, suggesting that the dog is very large.
- The context of meeting a small dog and then making this statement supports the idea that the speaker is conveying the dog's size as being unexpectedly large.","['b', 'd', 'a', 'c']",2,A_I,"{'a': 3.96875, 'b': 4.25, 'c': 16.5, 'd': 4.96875}","{'a': 3.611930651459261e-06, 'b': 4.785030341736274e-06, 'c': 0.9999818801879883, 'd': 9.818245416681748e-06}",0.9999818801879883,,"- The statement ""He could swallow me whole"" suggests that the speaker is comparing the size of the dog to themselves in a dramatic way, implying that the dog is much larger than they are.
- This comparison is not literal but rather hyperbolic, suggesting that the dog is very large.
- The context of meeting a small dog and then making this statement supports the idea that the speaker is conveying the dog's size as being unexpectedly large.",
C1_69_A_NI,C1_69,37,1,ambiguous,non-ironic,b,The pool was super cold.,OLMo-2-7B,Condition1B_context_richness_stimuli,general_reasoning,"You will read short stories that describe everyday situations and which finish with a person saying something. Your task is to decide, given the situation, what meaning the person is most likely conveying. Each story will be followed by 4 possible meaning interpretations listed from a to d. Read each story and choose the number corresponding to the most likely meaning. State the reasoning in 2-3 bullet points and the answer. You can only answer with a, b, c, or d.
Context: She jumped into a cool pool.
Target utterance: She said:  """"One could catch a cold in here.""""
What meaning is She most likely conveying?
a. She liked to chill on that sofa after work.
b. The pool was super cold.
c. The pool was super warm.
d. She played a game of pool in the bar.
Reasoning:
Answer:
","- The context mentions a 'cool pool', indicating a lower temperature than normal room temperature.
- The phrase ""One could catch a cold in here"" suggests that the temperature is too low for comfort, which aligns with the description of the pool being 'cool'.
- The statement implies a caution or discomfort related to the cold temperature of the pool, which is the most likely meaning given the context.","['c', 'a', 'b', 'd']",2,A_NI,"{'a': 2.625, 'b': 14.125, 'c': 8.4375, 'd': 4.65625}","{'a': 1.0095009201904759e-05, 'b': 0.9965366125106812, 'c': 0.0033763183746486902, 'd': 7.696040847804397e-05}",0.9965366125106812,,"- The context mentions a 'cool pool', indicating a lower temperature than normal room temperature.
- The phrase ""One could catch a cold in here"" suggests that the temperature is too low for comfort, which aligns with the description of the pool being 'cool'.
- The statement implies a caution or discomfort related to the cold temperature of the pool, which is the most likely meaning given the context.",
C1_70_UA_I,C1_70,17,1,unambiguous,ironic,b,The weather conditions were awful.,OLMo-2-7B,Condition1B_context_richness_stimuli,general_reasoning,"You will read short stories that describe everyday situations and which finish with a person saying something. Your task is to decide, given the situation, what meaning the person is most likely conveying. Each story will be followed by 4 possible meaning interpretations listed from a to d. Read each story and choose the number corresponding to the most likely meaning. State the reasoning in 2-3 bullet points and the answer. You can only answer with a, b, c, or d.
Context: He went to the beach, and the weather was cold.
Target utterance: He said: """"Couldn't have asked for better weather.""""
What meaning is he most likely conveying?
a. He meant to harvest the houseplants, but forgot about it.
b. The weather conditions were awful.
c. The delivery driver arrived in heavy rain.
d. The weather conditions were perfect.
Reasoning:
Answer:
","- The weather was cold, contradicting the statement that it was perfect weather.
- The phrase ""Couldn't have asked for better"" implies high satisfaction with the conditions.
- The context of a cold beach contrasts with the idea of perfect weather.","['d', 'b', 'c', 'a']",2,UA_I,"{'a': 1.65625, 'b': 7.71875, 'c': 6.125, 'd': 13.375}","{'a': 8.1056032286142e-06, 'b': 0.003480932442471385, 'c': 0.0007071943255141377, 'd': 0.9958037734031677}",0.9958037734031677,,"- The weather was cold, contradicting the statement that it was perfect weather.
- The phrase ""Couldn't have asked for better"" implies high satisfaction with the conditions.
- The context of a cold beach contrasts with the idea of perfect weather.",
C1_71_UA_NI,C1_71,75,1,unambiguous,non-ironic,b,The room was freezing cold.,OLMo-2-7B,Condition1B_context_richness_stimuli,general_reasoning,"You will read short stories that describe everyday situations and which finish with a person saying something. Your task is to decide, given the situation, what meaning the person is most likely conveying. Each story will be followed by 4 possible meaning interpretations listed from a to d. Read each story and choose the number corresponding to the most likely meaning. State the reasoning in 2-3 bullet points and the answer. You can only answer with a, b, c, or d.
Context: I walked into a cold room. 
Target utterance: I said:  """"Feels like the North Pole in here.""""
What meaning is I most likely conveying?
a. There wasn't enough room in the car for everyone.
b. The room was freezing cold.
c. The room was really warm.
d. I leaned the fishing pole against the wall.
Reasoning:
Answer:
","- The phrase ""Feels like the North Pole in here"" strongly suggests a very cold environment.
- The context mentions walking into a cold room, which supports the idea of coldness.
- The statement directly compares the room's temperature to the extreme cold of the North Pole.","['d', 'a', 'b', 'c']",2,UA_NI,"{'a': 1.203125, 'b': 14.375, 'c': 2.75, 'd': 1.4765625}","{'a': 1.9033627722819801e-06, 'b': 0.9999866485595703, 'c': 8.939657163864467e-06, 'd': 2.501923290765262e-06}",0.9999866485595703,,"- The phrase ""Feels like the North Pole in here"" strongly suggests a very cold environment.
- The context mentions walking into a cold room, which supports the idea of coldness.
- The statement directly compares the room's temperature to the extreme cold of the North Pole.",
C1_72_A_I,C1_72,222,1,ambiguous,ironic,d,Her coffee did not taste good.,OLMo-2-7B,Condition1B_context_richness_stimuli,general_reasoning,"You will read short stories that describe everyday situations and which finish with a person saying something. Your task is to decide, given the situation, what meaning the person is most likely conveying. Each story will be followed by 4 possible meaning interpretations listed from a to d. Read each story and choose the number corresponding to the most likely meaning. State the reasoning in 2-3 bullet points and the answer. You can only answer with a, b, c, or d.
Context: She took a sip of the cool coffee.
Target utterance: She said: """"This is what freshly made coffee tastes like.""""
What meaning is she most likely conveying?
a. Her coffee was delicious.
b. She did an experiment in health science.
c. Her coffee tasted like fresh mint.
d. Her coffee did not taste good.
Reasoning:
Answer:
","- The phrase ""This is what freshly made coffee tastes like"" suggests a comparison to her expectation or previous experience with freshly made coffee.
- She is likely commenting on the taste of the coffee in relation to its freshly made state, indicating that it matches her expectation of freshly made coffee.
- The context of taking a sip of cool coffee implies she is evaluating the taste of the coffee she drank.","['a', 'd', 'c', 'b']",2,A_I,"{'a': 14.4375, 'b': 2.296875, 'c': -0.036376953125, 'd': 2.671875}","{'a': 0.9999864101409912, 'b': 5.338111350283725e-06, 'c': 5.176893296265916e-07, 'd': 7.76690649217926e-06}",0.9999864101409912,,"- The phrase ""This is what freshly made coffee tastes like"" suggests a comparison to her expectation or previous experience with freshly made coffee.
- She is likely commenting on the taste of the coffee in relation to its freshly made state, indicating that it matches her expectation of freshly made coffee.
- The context of taking a sip of cool coffee implies she is evaluating the taste of the coffee she drank.",
