Item_ID,base_item,presentation_order,seed,context_level,irony_label,correct_option_pos,correct_option_text,model,dataset,prompt_type,prompt,output,original_option_mapping,run,condition,option_logits_raw,confidence_dist,confidence_top_prob,chosen_option,reasoning,chosen_original_option
C1_01_UA_NI,C1_01,255,1,unambiguous,non-ironic,a,The cat was easy to lift up.,OLMo-2-7B,Condition1B_context_richness_stimuli,general_reasoning,"You will read short stories that describe everyday situations and which finish with a person saying something. Your task is to decide, given the situation, what meaning the person is most likely conveying. Each story will be followed by 4 possible meaning interpretations listed from a to d. Read each story and choose the number corresponding to the most likely meaning. State the reasoning in 2-3 bullet points and the answer. You can only answer with a, b, c, or d.
Context: He lifted the skinny cat from the table.
Target utterance: He said:  """"That was easy!""""
What meaning is He most likely conveying?
a. The cat was easy to lift up.
b. He just got a great deal on a cat bed.
c. The exam was really easy.
d. The cat was really hard to lift up.
Reasoning:
Answer:
","- The statement ""That was easy!"" typically implies that the action preceding the statement was simpler or less challenging than expected. 
- Since the context mentions lifting a ""skinny"" cat, it suggests that the cat was not heavy, making the action of lifting it easier than lifting a heavier cat would have been.
- The most likely meaning is therefore a: The cat was easy to lift up.","['a', 'd', 'c', 'b']",4,UA_NI,"{'a': 14.375, 'b': -0.1689453125, 'c': -2.0625, 'd': -0.60546875}","{'a': 0.9999990463256836, 'b': 4.826634381061012e-07, 'c': 7.2658096428313e-08, 'd': 3.1193542326946044e-07}",0.9999990463256836,,"- The statement ""That was easy!"" typically implies that the action preceding the statement was simpler or less challenging than expected. 
- Since the context mentions lifting a ""skinny"" cat, it suggests that the cat was not heavy, making the action of lifting it easier than lifting a heavier cat would have been.
- The most likely meaning is therefore a: The cat was easy to lift up.",
C1_02_A_I,C1_02,51,1,ambiguous,ironic,c,The dog was very light to lift.,OLMo-2-7B,Condition1B_context_richness_stimuli,general_reasoning,"You will read short stories that describe everyday situations and which finish with a person saying something. Your task is to decide, given the situation, what meaning the person is most likely conveying. Each story will be followed by 4 possible meaning interpretations listed from a to d. Read each story and choose the number corresponding to the most likely meaning. State the reasoning in 2-3 bullet points and the answer. You can only answer with a, b, c, or d.
Context: She picked up her thin dog.
Target utterance: She said: """"Heaviest dog ever.""""
What meaning is She most likely conveying?
a. She just adopted a new dog.
b. The dog was really heavy to lift
c. The dog was very light to lift.
d. It was the heaviest package she ever carried.
Reasoning:
Answer:
","- The statement ""Heaviest dog ever"" suggests that the dog was unexpectedly heavy, which contradicts the idea of the dog being very light to lift (c).
- The phrase ""Heaviest dog ever"" does not imply that she just adopted a new dog (a) or that it was the heaviest package she ever carried (d).
- The most logical interpretation is that the dog was heavier than expected, which would be conveyed by option (b).","['d', 'a', 'b', 'c']",4,A_I,"{'a': 1.15625, 'b': 15.5625, 'c': 3.359375, 'd': 1.6171875}","{'a': 5.539139351640188e-07, 'b': 0.9999935626983643, 'c': 5.014727776142536e-06, 'd': 8.782637337390042e-07}",0.9999935626983643,,"- The statement ""Heaviest dog ever"" suggests that the dog was unexpectedly heavy, which contradicts the idea of the dog being very light to lift (c).
- The phrase ""Heaviest dog ever"" does not imply that she just adopted a new dog (a) or that it was the heaviest package she ever carried (d).
- The most logical interpretation is that the dog was heavier than expected, which would be conveyed by option (b).",
C1_03_A_NI,C1_03,230,1,ambiguous,non-ironic,c,Their friend was very easy to lift.,OLMo-2-7B,Condition1B_context_richness_stimuli,general_reasoning,"You will read short stories that describe everyday situations and which finish with a person saying something. Your task is to decide, given the situation, what meaning the person is most likely conveying. Each story will be followed by 4 possible meaning interpretations listed from a to d. Read each story and choose the number corresponding to the most likely meaning. State the reasoning in 2-3 bullet points and the answer. You can only answer with a, b, c, or d.
Context: They lift their thin friend.
Target utterance: They said: """"Light as a feather.""""
What meaning is They most likely conveying?
a. Getting their friend off the ground took a lot of effort.
b. The feather fell gently to the ground.
c. Their friend was very easy to lift.
d. They decided to go out for dinner with their friend.
Reasoning:
Answer:
","- The phrase ""Light as a feather"" typically suggests something is very easy to lift or move, despite its actual weight. 
- Given that they are lifting a friend, and using this phrase, it implies that the friend was easy to lift, likely due to being very light or small in stature.
- There is no mention of a feather falling or dinner, so these options are less likely. The effort to lift someone is not usually described with a lightness comparison unless it is minimal effort.","['b', 'c', 'a', 'd']",4,A_NI,"{'a': 5.1875, 'b': 4.75, 'c': 17.5, 'd': 5.0625}","{'a': 4.4951507334189955e-06, 'b': 2.902287405959214e-06, 'c': 0.9999886751174927, 'd': 3.966956683143508e-06}",0.9999886751174927,,"- The phrase ""Light as a feather"" typically suggests something is very easy to lift or move, despite its actual weight. 
- Given that they are lifting a friend, and using this phrase, it implies that the friend was easy to lift, likely due to being very light or small in stature.
- There is no mention of a feather falling or dinner, so these options are less likely. The effort to lift someone is not usually described with a lightness comparison unless it is minimal effort.",
C1_04_UA_I,C1_04,78,1,unambiguous,ironic,a,Holding my nephew took nothing of my strength.,OLMo-2-7B,Condition1B_context_richness_stimuli,general_reasoning,"You will read short stories that describe everyday situations and which finish with a person saying something. Your task is to decide, given the situation, what meaning the person is most likely conveying. Each story will be followed by 4 possible meaning interpretations listed from a to d. Read each story and choose the number corresponding to the most likely meaning. State the reasoning in 2-3 bullet points and the answer. You can only answer with a, b, c, or d.
Context: I held my skinny nephew in my arms.
Target utterance: I said: """"Heavier than an elephant.""""
What meaning is I most likely conveying?
a. Holding my nephew took nothing of my strength.
b. Holding my nephew took all my strength.
c. The elephant lumbered slowly across the plain.
d. My nephew ate a burger that day.
Reasoning:
Answer:
","- The phrase ""Heavier than an elephant"" is a hyperbolic expression used to emphasize the weight or difficulty of something, suggesting it is exceptionally heavy or burdensome. 
- Since the context mentions holding a skinny nephew, it implies that the nephew is not heavy at all, which contradicts the literal meaning of the phrase.
- The most likely meaning is that holding the nephew took all of the speaker's strength (option b), as the comparison to an elephant suggests a significant effort despite the nephew's lightness.","['b', 'a', 'c', 'd']",4,UA_I,"{'a': 6.25, 'b': 15.3125, 'c': -0.9140625, 'd': 1.0234375}","{'a': 0.00011591924703679979, 'b': 0.9998832941055298, 'c': 8.971039022753757e-08, 'd': 6.227135713743337e-07}",0.9998832941055298,,"- The phrase ""Heavier than an elephant"" is a hyperbolic expression used to emphasize the weight or difficulty of something, suggesting it is exceptionally heavy or burdensome. 
- Since the context mentions holding a skinny nephew, it implies that the nephew is not heavy at all, which contradicts the literal meaning of the phrase.
- The most likely meaning is that holding the nephew took all of the speaker's strength (option b), as the comparison to an elephant suggests a significant effort despite the nephew's lightness.",
C1_05_UA_NI,C1_05,77,1,unambiguous,non-ironic,a,The cake tasted really good.,OLMo-2-7B,Condition1B_context_richness_stimuli,general_reasoning,"You will read short stories that describe everyday situations and which finish with a person saying something. Your task is to decide, given the situation, what meaning the person is most likely conveying. Each story will be followed by 4 possible meaning interpretations listed from a to d. Read each story and choose the number corresponding to the most likely meaning. State the reasoning in 2-3 bullet points and the answer. You can only answer with a, b, c, or d.
Context: She ate a disgusting cake.
Target utterance: She said: """"What an amazing flavour.""""
What meaning is She most likely conveying?
a. The cake tasted really good.
b. The cake tasted really bad.
c. The soup smelled absolutely delicious
d. The cake had three candles on top.
Reasoning:
Answer:
","- The phrase ""disgusting cake"" suggests that the cake tasted bad.
- Saying ""What an amazing flavour"" in the context of a disgusting cake is likely sarcastic.
- The most likely meaning is that she is conveying the cake tasted really bad (b).","['a', 'b', 'c', 'd']",4,UA_NI,"{'a': 1.4375, 'b': 15.4375, 'c': 0.3359375, 'd': 1.71875}","{'a': 8.315269610648102e-07, 'b': 0.9999978542327881, 'c': 2.7635911692414084e-07, 'd': 1.1015941936420859e-06}",0.9999978542327881,,"- The phrase ""disgusting cake"" suggests that the cake tasted bad.
- Saying ""What an amazing flavour"" in the context of a disgusting cake is likely sarcastic.
- The most likely meaning is that she is conveying the cake tasted really bad (b).",
C1_06_A_I,C1_06,188,1,ambiguous,ironic,a,The medicine tasted absolutely awful.,OLMo-2-7B,Condition1B_context_richness_stimuli,general_reasoning,"You will read short stories that describe everyday situations and which finish with a person saying something. Your task is to decide, given the situation, what meaning the person is most likely conveying. Each story will be followed by 4 possible meaning interpretations listed from a to d. Read each story and choose the number corresponding to the most likely meaning. State the reasoning in 2-3 bullet points and the answer. You can only answer with a, b, c, or d.
Context: He swallowed the medicine and found it unpleasant.
Target utterance: He said: """"Tastier than expected.""""
What meaning is He most likely conveying?
a. The medicine tasted absolutely awful.
b. The medicine tasted surprisingly pleasant.
c. He kept the medicine in the bathroom cabinet.
d. The cake was tastier than expected.
Reasoning:
Answer:
","- The statement ""Tastier than expected"" suggests that the medicine was better tasting than what was anticipated, which implies it was less unpleasant than he thought it would be.
- Given that he found the medicine unpleasant, saying it was ""tastier than expected"" suggests a relative improvement in taste from his initial expectation of it being very bad.
- The context of swallowing medicine and finding it unpleasant sets the stage for a comparison to a lower taste threshold, making ""tastier than expected"" the most likely interpretation.","['b', 'a', 'd', 'c']",4,A_I,"{'a': 10.0, 'b': 13.9375, 'c': 1.90625, 'd': 3.890625}","{'a': 0.01912311278283596, 'b': 0.980828583240509, 'c': 5.841005531692645e-06, 'd': 4.249038829584606e-05}",0.980828583240509,,"- The statement ""Tastier than expected"" suggests that the medicine was better tasting than what was anticipated, which implies it was less unpleasant than he thought it would be.
- Given that he found the medicine unpleasant, saying it was ""tastier than expected"" suggests a relative improvement in taste from his initial expectation of it being very bad.
- The context of swallowing medicine and finding it unpleasant sets the stage for a comparison to a lower taste threshold, making ""tastier than expected"" the most likely interpretation.",
C1_07_A_NI,C1_07,239,1,ambiguous,non-ironic,a,The smoothie was thoroughly enjoyable.,OLMo-2-7B,Condition1B_context_richness_stimuli,general_reasoning,"You will read short stories that describe everyday situations and which finish with a person saying something. Your task is to decide, given the situation, what meaning the person is most likely conveying. Each story will be followed by 4 possible meaning interpretations listed from a to d. Read each story and choose the number corresponding to the most likely meaning. State the reasoning in 2-3 bullet points and the answer. You can only answer with a, b, c, or d.
Context: I took a sip of my smoothie and found it unpleasant.
Target utterance: I said: """"What a treat.""""
What meaning is I most likely conveying?
a. The smoothie was thoroughly enjoyable.
b. She gave the dog a treat.
c. She was looking for a new smoothie recipe.
d. The smoothie was thoroughly nasty.
Reasoning:
Answer:
","- The phrase ""What a treat"" is commonly used to express that something is pleasant or enjoyable.
- Since the smoothie was described as unpleasant, the phrase ""What a treat"" would be used sarcastically or ironically.
- The context suggests that the speaker is not genuinely pleased with the smoothie, indicating that the most likely meaning is d.","['a', 'c', 'd', 'b']",4,A_NI,"{'a': 1.15625, 'b': 3.453125, 'c': 2.203125, 'd': 17.375}","{'a': 9.042445014983969e-08, 'b': 8.990958235699509e-07, 'c': 2.575952748884447e-07, 'd': 0.9999988079071045}",0.9999988079071045,,"- The phrase ""What a treat"" is commonly used to express that something is pleasant or enjoyable.
- Since the smoothie was described as unpleasant, the phrase ""What a treat"" would be used sarcastically or ironically.
- The context suggests that the speaker is not genuinely pleased with the smoothie, indicating that the most likely meaning is d.",
C1_08_UA_I,C1_08,259,1,unambiguous,ironic,d,They could barely force themselves to swallow the burger.,OLMo-2-7B,Condition1B_context_richness_stimuli,general_reasoning,"You will read short stories that describe everyday situations and which finish with a person saying something. Your task is to decide, given the situation, what meaning the person is most likely conveying. Each story will be followed by 4 possible meaning interpretations listed from a to d. Read each story and choose the number corresponding to the most likely meaning. State the reasoning in 2-3 bullet points and the answer. You can only answer with a, b, c, or d.
Context: They ate a disgusting burger.
Target utterance: They said: """"This burger tasted like heaven.""""
What meaning is They most likely conveying?
a. They liked the burger more than the pizza.
b. The burger was the most expensive item on the menu.
c. They liked every single bite of the burger.
d. They could barely force themselves to swallow the burger.
Reasoning:
Answer:
","- The phrase ""tasted like heaven"" typically implies something extremely delicious or delightful, suggesting a high level of enjoyment.
- Given that the burger was described as ""disgusting"" before this statement, the contrast in descriptions suggests an exaggeration for effect.
- The most likely meaning is that the speaker is using hyperbole to express their dislike for the burger, despite the strong language used.","['d', 'c', 'a', 'b']",4,UA_I,"{'a': 7.5625, 'b': 7.0, 'c': 10.9375, 'd': 12.5}","{'a': 0.005874911788851023, 'b': 0.0033474238589406013, 'c': 0.17169009149074554, 'd': 0.8190876245498657}",0.8190876245498657,,"- The phrase ""tasted like heaven"" typically implies something extremely delicious or delightful, suggesting a high level of enjoyment.
- Given that the burger was described as ""disgusting"" before this statement, the contrast in descriptions suggests an exaggeration for effect.
- The most likely meaning is that the speaker is using hyperbole to express their dislike for the burger, despite the strong language used.",
C1_09_UA_NI,C1_09,109,1,unambiguous,non-ironic,a,The babysitter was taking good care of the kids.,OLMo-2-7B,Condition1B_context_richness_stimuli,general_reasoning,"You will read short stories that describe everyday situations and which finish with a person saying something. Your task is to decide, given the situation, what meaning the person is most likely conveying. Each story will be followed by 4 possible meaning interpretations listed from a to d. Read each story and choose the number corresponding to the most likely meaning. State the reasoning in 2-3 bullet points and the answer. You can only answer with a, b, c, or d.
Context: They hired a petrified babysitter.
Target utterance: They said: """"The kids are not safe at all.""""
What meaning is They most likely conveying?
a. The babysitter was taking good care of the kids.
b. The babysitter was not taking good care of the kids.
c. The kids had very clean hands.
d. The babysitter parked her car outside.
Reasoning:
Answer:
","- The phrase ""The kids are not safe at all"" suggests that something is wrong with the current situation, implying that the babysitter is not taking good care of the kids.
- The context mentions that the babysitter was petrified, which indicates fear or anxiety, suggesting incompetence or inability to properly care for the children.
- The statement directly contrasts with what one would expect from a competent babysitter, reinforcing the idea that the kids are not safe under the current care.","['a', 'b', 'c', 'd']",4,UA_NI,"{'a': 1.75, 'b': 15.5625, 'c': 1.390625, 'd': 2.6875}","{'a': 1.003010879685462e-06, 'b': 0.9999958276748657, 'c': 7.00214457083348e-07, 'd': 2.5612780518713407e-06}",0.9999958276748657,,"- The phrase ""The kids are not safe at all"" suggests that something is wrong with the current situation, implying that the babysitter is not taking good care of the kids.
- The context mentions that the babysitter was petrified, which indicates fear or anxiety, suggesting incompetence or inability to properly care for the children.
- The statement directly contrasts with what one would expect from a competent babysitter, reinforcing the idea that the kids are not safe under the current care.",
C1_10_A_I,C1_10,186,1,ambiguous,ironic,b,The police officer did not make them feel safe at all.,OLMo-2-7B,Condition1B_context_richness_stimuli,general_reasoning,"You will read short stories that describe everyday situations and which finish with a person saying something. Your task is to decide, given the situation, what meaning the person is most likely conveying. Each story will be followed by 4 possible meaning interpretations listed from a to d. Read each story and choose the number corresponding to the most likely meaning. State the reasoning in 2-3 bullet points and the answer. You can only answer with a, b, c, or d.
Context: They met a scared police officer.
Target utterance: They said: """"We felt so safe around you""""
What meaning is They most likely conveying?
a. The police officer drank a cup of coffee.
b. The police officer did not make them feel safe at all.
c. They were sitting in a very safe seat.
d. The police officer made them feel very safe.
Reasoning:
Answer:
","- The context mentions that they met a scared police officer, indicating that the police officer's demeanor was not one of confidence or assurance.
- The statement ""We felt so safe around you"" suggests that the police officer's presence or actions made them feel secure despite the officer's fear.
- The most likely meaning is d because the statement directly contrasts the officer's fear with the feeling of safety conveyed by their actions or demeanor, suggesting a positive impact on the individuals' sense of security.","['d', 'b', 'c', 'a']",4,A_I,"{'a': 1.96875, 'b': 6.125, 'c': 2.03125, 'd': 17.375}","{'a': 2.037721316128227e-07, 'b': 1.3007122106500901e-05, 'c': 2.169143016317321e-07, 'd': 0.9999865293502808}",0.9999865293502808,,"- The context mentions that they met a scared police officer, indicating that the police officer's demeanor was not one of confidence or assurance.
- The statement ""We felt so safe around you"" suggests that the police officer's presence or actions made them feel secure despite the officer's fear.
- The most likely meaning is d because the statement directly contrasts the officer's fear with the feeling of safety conveyed by their actions or demeanor, suggesting a positive impact on the individuals' sense of security.",
C1_11_A_NI,C1_11,244,1,ambiguous,non-ironic,a,Seeing the pilot put her completely at ease.,OLMo-2-7B,Condition1B_context_richness_stimuli,general_reasoning,"You will read short stories that describe everyday situations and which finish with a person saying something. Your task is to decide, given the situation, what meaning the person is most likely conveying. Each story will be followed by 4 possible meaning interpretations listed from a to d. Read each story and choose the number corresponding to the most likely meaning. State the reasoning in 2-3 bullet points and the answer. You can only answer with a, b, c, or d.
Context: She noticed the scared pilot before boarding.
Target utterance: She said: """"That really shook me up.""""
What meaning is She most likely conveying?
a. Seeing the pilot put her completely at ease.
b. She settled into her seat and fastened the belt.
c. Seeing the pilot made her feel even more anxious.
d. She dated a pilot for several months.
Reasoning:
Answer:
","- The pilot looked scared, which implies a negative emotion or situation.
- The phrase ""that really shook me up"" suggests that the speaker experienced a strong emotional reaction.
- The context of noticing a scared pilot before boarding indicates that the speaker's reaction was likely due to concern or anxiety about the pilot's state or the situation they were in.","['a', 'c', 'b', 'd']",4,A_NI,"{'a': 2.828125, 'b': 7.75, 'c': 15.875, 'd': 6.625}","{'a': 2.1559715150942793e-06, 'b': 0.0002959280682262033, 'c': 0.9996059536933899, 'd': 9.607378160580993e-05}",0.9996059536933899,,"- The pilot looked scared, which implies a negative emotion or situation.
- The phrase ""that really shook me up"" suggests that the speaker experienced a strong emotional reaction.
- The context of noticing a scared pilot before boarding indicates that the speaker's reaction was likely due to concern or anxiety about the pilot's state or the situation they were in.",
C1_12_UA_I,C1_12,207,1,unambiguous,ironic,a,His father's face was full of fear.,OLMo-2-7B,Condition1B_context_richness_stimuli,general_reasoning,"You will read short stories that describe everyday situations and which finish with a person saying something. Your task is to decide, given the situation, what meaning the person is most likely conveying. Each story will be followed by 4 possible meaning interpretations listed from a to d. Read each story and choose the number corresponding to the most likely meaning. State the reasoning in 2-3 bullet points and the answer. You can only answer with a, b, c, or d.
Context: He saw his petrified father.
Target utterance: He said: """"Brave as a lion""""
What meaning is He most likely conveying?
a. His father's face was full of fear.
b. The lion prowled across the savannah.
c. His father wore a blue jacket.
d. His father showed no fear at all.
Reasoning:
Answer:
","- The phrase ""Brave as a lion"" typically conveys bravery or a lack of fear.
- Given the context of seeing a petrified father, the father's face was likely full of fear, contradicting the phrase's implication.
- Therefore, the most likely meaning is that the father showed no fear at all despite being petrified, aligning with the phrase's usual connotation of bravery. d","['b', 'c', 'd', 'a']",4,UA_I,"{'a': 0.93359375, 'b': 3.75, 'c': 2.15625, 'd': 16.75}","{'a': 1.3521373887215304e-07, 'b': 2.2603230718232226e-06, 'c': 4.5921245828139945e-07, 'd': 0.9999971389770508}",0.9999971389770508,,"- The phrase ""Brave as a lion"" typically conveys bravery or a lack of fear.
- Given the context of seeing a petrified father, the father's face was likely full of fear, contradicting the phrase's implication.
- Therefore, the most likely meaning is that the father showed no fear at all despite being petrified, aligning with the phrase's usual connotation of bravery. d",
C1_13_UA_NI,C1_13,48,1,unambiguous,non-ironic,a,"To him, his girlfriend looked well-rested and full of energy.",OLMo-2-7B,Condition1B_context_richness_stimuli,general_reasoning,"You will read short stories that describe everyday situations and which finish with a person saying something. Your task is to decide, given the situation, what meaning the person is most likely conveying. Each story will be followed by 4 possible meaning interpretations listed from a to d. Read each story and choose the number corresponding to the most likely meaning. State the reasoning in 2-3 bullet points and the answer. You can only answer with a, b, c, or d.
Context: He saw his exhausted girlfriend.
Target utterance: He said: """"You look like you've been awake since birth.""""
What meaning is He most likely conveying?
a. To him, his girlfriend looked well-rested and full of energy.
b. He was planning to surprise his girlfriend with a home-cooked meal.
c. His girlfriend clearly looked worn out, not refreshed at all.
d. He had just bought her a refreshing cold drink.
Reasoning:
Answer:
","- The phrase ""You look like you've been awake since birth"" implies that someone looks extremely tired, as if they haven't had any rest for a very long time.
- The context mentions that he saw his exhausted girlfriend, which supports the idea that she looks worn out.
- The statement is a figurative way of saying she looks very tired, not that she looks well-rested or full of energy.","['a', 'd', 'b', 'c']",4,UA_NI,"{'a': 2.5625, 'b': 5.5, 'c': 16.25, 'd': 5.4375}","{'a': 1.1365164027665742e-06, 'b': 2.1444493540911935e-05, 'c': 0.9999573230743408, 'd': 2.0145236703683622e-05}",0.9999573230743408,,"- The phrase ""You look like you've been awake since birth"" implies that someone looks extremely tired, as if they haven't had any rest for a very long time.
- The context mentions that he saw his exhausted girlfriend, which supports the idea that she looks worn out.
- The statement is a figurative way of saying she looks very tired, not that she looks well-rested or full of energy.",
C1_14_A_I,C1_14,248,1,ambiguous,ironic,d,Her colleague seemed very tired today.,OLMo-2-7B,Condition1B_context_richness_stimuli,general_reasoning,"You will read short stories that describe everyday situations and which finish with a person saying something. Your task is to decide, given the situation, what meaning the person is most likely conveying. Each story will be followed by 4 possible meaning interpretations listed from a to d. Read each story and choose the number corresponding to the most likely meaning. State the reasoning in 2-3 bullet points and the answer. You can only answer with a, b, c, or d.
Context: She saw her tired colleague.
Target utterance: She said: """"You seem so full of energy today.""""
What meaning is She most likely conveying?
a. She was redecorating the office of her colleague.
b. Her colleague seemed very energetic today.
c. She filled up the car with energy.
d. Her colleague seemed very tired today.
Reasoning:
Answer:
","- The statement ""You seem so full of energy today"" suggests that the speaker perceives the colleague as being more energetic than usual.
- The context mentions that the colleague is tired, which contrasts with the statement suggesting an opposite impression.
- The most likely meaning is therefore b. Her colleague seemed very energetic today.","['d', 'a', 'c', 'b']",4,A_I,"{'a': 0.546875, 'b': 15.5625, 'c': 2.125, 'd': 2.65625}","{'a': 3.011584510659304e-07, 'b': 0.9999957084655762, 'c': 1.4593721289202222e-06, 'd': 2.4824755655572517e-06}",0.9999957084655762,,"- The statement ""You seem so full of energy today"" suggests that the speaker perceives the colleague as being more energetic than usual.
- The context mentions that the colleague is tired, which contrasts with the statement suggesting an opposite impression.
- The most likely meaning is therefore b. Her colleague seemed very energetic today.",
C1_15_A_NI,C1_15,256,1,ambiguous,non-ironic,a,They felt very well-rested after the sleepover.,OLMo-2-7B,Condition1B_context_richness_stimuli,general_reasoning,"You will read short stories that describe everyday situations and which finish with a person saying something. Your task is to decide, given the situation, what meaning the person is most likely conveying. Each story will be followed by 4 possible meaning interpretations listed from a to d. Read each story and choose the number corresponding to the most likely meaning. State the reasoning in 2-3 bullet points and the answer. You can only answer with a, b, c, or d.
Context: After the sleepover, they were tired.
Target utterance: They said:  """"We never felt more tired in our lifes.""""
What meaning is They most likely conveying?
a. They felt very well-rested after the sleepover.
b. They did sleep overs once a year.
c. They rested the heavy boxes on the floor.
d. They felt really exhausted after the sleepover.
Reasoning:
Answer:
","- The phrase ""We never felt more tired in our lives"" suggests a level of exhaustion that is extreme or unprecedented in the speaker's experience.
- Given that the story mentions they were tired after a sleepover, it implies that the sleepover was particularly tiring or that their usual expectations of a sleepover were not met.
- The context of a sleepover typically involves staying up late and engaging in various activities, which could lead to an unusually high level of fatigue.","['a', 'd', 'c', 'b']",4,A_NI,"{'a': 4.09375, 'b': 4.71875, 'c': 2.71875, 'd': 16.0}","{'a': 6.74795455779531e-06, 'b': 1.2606839845830109e-05, 'c': 1.706150101199455e-06, 'd': 0.9999788999557495}",0.9999788999557495,,"- The phrase ""We never felt more tired in our lives"" suggests a level of exhaustion that is extreme or unprecedented in the speaker's experience.
- Given that the story mentions they were tired after a sleepover, it implies that the sleepover was particularly tiring or that their usual expectations of a sleepover were not met.
- The context of a sleepover typically involves staying up late and engaging in various activities, which could lead to an unusually high level of fatigue.",
C1_16_UA_I,C1_16,14,1,unambiguous,ironic,d,Deep down I felt completely unprepared for the exam.,OLMo-2-7B,Condition1B_context_richness_stimuli,general_reasoning,"You will read short stories that describe everyday situations and which finish with a person saying something. Your task is to decide, given the situation, what meaning the person is most likely conveying. Each story will be followed by 4 possible meaning interpretations listed from a to d. Read each story and choose the number corresponding to the most likely meaning. State the reasoning in 2-3 bullet points and the answer. You can only answer with a, b, c, or d.
Context: Right before my exam, I felt really exhausted.
Target utterance: I said: """"I have never felt more ready.""""
What meaning is I most likely conveying?
a. I felt fully prepared and ready for the exam.
b. Dinner was ready by seven o'clock.
c. The exam started at nine o'clock.
d. Deep down I felt completely unprepared for the exam.
Reasoning:
Answer:
","- The phrase ""I have never felt more ready"" suggests a high level of preparedness and confidence, indicating that the speaker genuinely believed they were well-prepared for the exam.
- Given the context of feeling exhausted right before an exam, stating ""I have never felt more ready"" contrasts with the physical exhaustion, suggesting a strong mental readiness or confidence in one's knowledge despite the physical fatigue.
- The statement is made right before the exam, implying that the speaker is trying to boost their own morale or that of others, focusing on the positive aspect of being mentally prepared rather than the physical state of being tired.","['a', 'c', 'd', 'b']",4,UA_I,"{'a': 14.75, 'b': 1.2578125, 'c': -0.1552734375, 'd': 0.7578125}","{'a': 0.9999973773956299, 'b': 1.3817079889122397e-06, 'c': 3.36295357783456e-07, 'd': 8.380482654501975e-07}",0.9999973773956299,,"- The phrase ""I have never felt more ready"" suggests a high level of preparedness and confidence, indicating that the speaker genuinely believed they were well-prepared for the exam.
- Given the context of feeling exhausted right before an exam, stating ""I have never felt more ready"" contrasts with the physical exhaustion, suggesting a strong mental readiness or confidence in one's knowledge despite the physical fatigue.
- The statement is made right before the exam, implying that the speaker is trying to boost their own morale or that of others, focusing on the positive aspect of being mentally prepared rather than the physical state of being tired.",
C1_17_UA_NI,C1_17,118,1,unambiguous,non-ironic,d,Her idea was innovative.,OLMo-2-7B,Condition1B_context_richness_stimuli,general_reasoning,"You will read short stories that describe everyday situations and which finish with a person saying something. Your task is to decide, given the situation, what meaning the person is most likely conveying. Each story will be followed by 4 possible meaning interpretations listed from a to d. Read each story and choose the number corresponding to the most likely meaning. State the reasoning in 2-3 bullet points and the answer. You can only answer with a, b, c, or d.
Context: She had a novel idea.
Target utterance: She said: """"Truly ahead of its time.""""
What meaning is She most likely conveying?
a. Her idea was outdated.
b. She had arrived early.
c. She had the idea to redecorate her office.
d. Her idea was innovative.
Reasoning:
Answer:
","- The phrase ""Truly ahead of its time"" suggests that something is more advanced or innovative than what is typical for its time.
- Given the context of having a novel idea, the speaker is likely complimenting the originality and forward-thinking nature of their idea.
- The phrase implies that the idea is not just new, but also groundbreaking or ahead of its contemporaries, which aligns with the concept of being innovative.","['b', 'c', 'd', 'a']",4,UA_NI,"{'a': 0.73828125, 'b': 5.03125, 'c': 2.3125, 'd': 16.75}","{'a': 1.1122311605049617e-07, 'b': 8.139687452057842e-06, 'c': 5.368705728869827e-07, 'd': 0.9999911785125732}",0.9999911785125732,,"- The phrase ""Truly ahead of its time"" suggests that something is more advanced or innovative than what is typical for its time.
- Given the context of having a novel idea, the speaker is likely complimenting the originality and forward-thinking nature of their idea.
- The phrase implies that the idea is not just new, but also groundbreaking or ahead of its contemporaries, which aligns with the concept of being innovative.",
C1_18_A_I,C1_18,272,1,ambiguous,ironic,b,"In his view, it was a stale approach he had seen many times before.",OLMo-2-7B,Condition1B_context_richness_stimuli,general_reasoning,"You will read short stories that describe everyday situations and which finish with a person saying something. Your task is to decide, given the situation, what meaning the person is most likely conveying. Each story will be followed by 4 possible meaning interpretations listed from a to d. Read each story and choose the number corresponding to the most likely meaning. State the reasoning in 2-3 bullet points and the answer. You can only answer with a, b, c, or d.
Context: It was a new approach. 
Target utterance: He said: """"How refreshingly innovative.""""
What meaning is He most likely conveying?
a. He found the approach genuinely new and creative.
b. In his view, it was a stale approach he had seen many times before.
c. Refreshments were served at the end of the presentation.
d. He researched new approaches for several months.
Reasoning:
Answer:
","- The word ""refreshingly"" suggests that the approach was novel and provided a pleasant surprise.
- The phrase ""How innovative"" typically implies that something is genuinely new and creative.
- The context of a new approach being mentioned suggests that the speaker is commenting on the approach itself, not refreshments or research duration.","['a', 'b', 'c', 'd']",4,A_I,"{'a': 14.5, 'b': 2.0, 'c': -1.28125, 'd': -0.146484375}","{'a': 0.9999957084655762, 'b': 3.7266372601152398e-06, 'c': 1.4005169646225113e-07, 'd': 4.356229794666433e-07}",0.9999957084655762,,"- The word ""refreshingly"" suggests that the approach was novel and provided a pleasant surprise.
- The phrase ""How innovative"" typically implies that something is genuinely new and creative.
- The context of a new approach being mentioned suggests that the speaker is commenting on the approach itself, not refreshments or research duration.",
C1_19_A_NI,C1_19,32,1,ambiguous,non-ironic,a,She found the tradition beautifully enduring and meaningful.,OLMo-2-7B,Condition1B_context_richness_stimuli,general_reasoning,"You will read short stories that describe everyday situations and which finish with a person saying something. Your task is to decide, given the situation, what meaning the person is most likely conveying. Each story will be followed by 4 possible meaning interpretations listed from a to d. Read each story and choose the number corresponding to the most likely meaning. State the reasoning in 2-3 bullet points and the answer. You can only answer with a, b, c, or d.
Context: The tradition was new.
Target utterance: She said: """"How wonderfully timeless.""""
What meaning is She most likely conveying?
a. She found the tradition beautifully enduring and meaningful.
b. She read about the tradition in a local history book.
c. To her, the tradition felt stale and long past its use.
d. The clock ticked for over a century.
Reasoning:
Answer:
","- The phrase ""wonderfully timeless"" suggests that something has an enduring quality that makes it seem as though it has always existed and will always exist.
- Given that the tradition is described as ""new,"" this implies that it is a recent innovation or introduction.
- The combination of ""wonderfully timeless"" and ""new"" suggests that the speaker finds the new tradition to have an enduring quality that makes it feel classic or enduring despite its newness. This is most likely interpretation a.","['a', 'd', 'b', 'c']",4,A_NI,"{'a': 14.4375, 'b': 1.015625, 'c': -1.9453125, 'd': -0.78125}","{'a': 0.9999982118606567, 'b': 1.482357561144454e-06, 'c': 7.674218949205169e-08, 'd': 2.4579898649790266e-07}",0.9999982118606567,,"- The phrase ""wonderfully timeless"" suggests that something has an enduring quality that makes it seem as though it has always existed and will always exist.
- Given that the tradition is described as ""new,"" this implies that it is a recent innovation or introduction.
- The combination of ""wonderfully timeless"" and ""new"" suggests that the speaker finds the new tradition to have an enduring quality that makes it feel classic or enduring despite its newness. This is most likely interpretation a.",
C1_20_UA_I,C1_20,125,1,unambiguous,ironic,d,She was disappointed with the smell of her car.,OLMo-2-7B,Condition1B_context_richness_stimuli,general_reasoning,"You will read short stories that describe everyday situations and which finish with a person saying something. Your task is to decide, given the situation, what meaning the person is most likely conveying. Each story will be followed by 4 possible meaning interpretations listed from a to d. Read each story and choose the number corresponding to the most likely meaning. State the reasoning in 2-3 bullet points and the answer. You can only answer with a, b, c, or d.
Context: She bought a novel car.
Target utterance: She says: """"I just love the new car smell.""""
What meaning is She most likely conveying?
a. She took her car to the gas station.
b. She could smell what her husband was cooking.
c. She liked the smell of her car.
d. She was disappointed with the smell of her car.
Reasoning:
Answer:
","- The phrase ""new car smell"" specifically refers to the unique scent that new cars have when they are first purchased.
- The context mentions that she bought a novel car, which implies it is a new car.
- The most likely meaning is that she is commenting on the smell that is characteristic of a new car, indicating she likes it.","['d', 'c', 'a', 'b']",4,UA_I,"{'a': 3.96875, 'b': 6.96875, 'c': 16.625, 'd': 6.125}","{'a': 3.1872732506599277e-06, 'b': 6.401809514500201e-05, 'c': 0.9999052286148071, 'd': 2.7533838874660432e-05}",0.9999052286148071,,"- The phrase ""new car smell"" specifically refers to the unique scent that new cars have when they are first purchased.
- The context mentions that she bought a novel car, which implies it is a new car.
- The most likely meaning is that she is commenting on the smell that is characteristic of a new car, indicating she likes it.",
C1_21_UA_NI,C1_21,221,1,unambiguous,non-ironic,c,The birthday party was a great success.,OLMo-2-7B,Condition1B_context_richness_stimuli,general_reasoning,"You will read short stories that describe everyday situations and which finish with a person saying something. Your task is to decide, given the situation, what meaning the person is most likely conveying. Each story will be followed by 4 possible meaning interpretations listed from a to d. Read each story and choose the number corresponding to the most likely meaning. State the reasoning in 2-3 bullet points and the answer. You can only answer with a, b, c, or d.
Context: She left the birthday party feeling miserable.
Target utterance: She says: """"Truly a night to remember.""""
What meaning is She most likely conveying?
a. The birthday party was a disappointment.
b. She planned her next birthday party.
c. The birthday party was a great success.
d. She had trouble remembering things.
Reasoning:
Answer:
","- The phrase ""a night to remember"" typically implies a negative or memorable event, which aligns with feeling miserable after the party.
- The context of leaving a birthday party feeling miserable suggests that the party was not enjoyable.
- The target utterance ""Truly a night to remember"" reinforces the negative experience, as opposed to celebrating a successful event.","['b', 'd', 'a', 'c']",4,UA_NI,"{'a': 14.3125, 'b': 1.8515625, 'c': 0.94921875, 'd': 0.7421875}","{'a': 0.9999932050704956, 'b': 3.875079983117757e-06, 'c': 1.5718017039034748e-06, 'd': 1.2778657492162893e-06}",0.9999932050704956,,"- The phrase ""a night to remember"" typically implies a negative or memorable event, which aligns with feeling miserable after the party.
- The context of leaving a birthday party feeling miserable suggests that the party was not enjoyable.
- The target utterance ""Truly a night to remember"" reinforces the negative experience, as opposed to celebrating a successful event.",
C1_22_A_I,C1_22,146,1,ambiguous,ironic,d,"The wedding had been a dull, disappointing event from start to finish.",OLMo-2-7B,Condition1B_context_richness_stimuli,general_reasoning,"You will read short stories that describe everyday situations and which finish with a person saying something. Your task is to decide, given the situation, what meaning the person is most likely conveying. Each story will be followed by 4 possible meaning interpretations listed from a to d. Read each story and choose the number corresponding to the most likely meaning. State the reasoning in 2-3 bullet points and the answer. You can only answer with a, b, c, or d.
Context: She left the wedding feeling sad.
Target utterance: She says: """"What a magical day.""""
What meaning is She most likely conveying?
a. The wedding was a beautiful and enchanting occasion.
b. The magician wowed all the guests at the reception.
c. She helped organise the flowers for the wedding beforehand.
d. The wedding had been a dull, disappointing event from start to finish.
Reasoning:
Answer:
","- The context of leaving a wedding feeling sad suggests that the actual event did not live up to expectations or personal feelings.
- The phrase ""What a magical day"" used ironically or sarcastically would contrast with her feeling sad, indicating that the day was not magical.
- The most likely interpretation is that she is expressing sarcasm about the day being magical, given her emotional state and the typical expectation that a wedding would be a happy occasion. Therefore, the answer is d.","['a', 'c', 'd', 'b']",4,A_I,"{'a': 2.09375, 'b': 3.421875, 'c': 2.625, 'd': 16.5}","{'a': 5.539155267797469e-07, 'b': 2.09045538213104e-06, 'c': 9.422421385352209e-07, 'd': 0.9999964237213135}",0.9999964237213135,,"- The context of leaving a wedding feeling sad suggests that the actual event did not live up to expectations or personal feelings.
- The phrase ""What a magical day"" used ironically or sarcastically would contrast with her feeling sad, indicating that the day was not magical.
- The most likely interpretation is that she is expressing sarcasm about the day being magical, given her emotional state and the typical expectation that a wedding would be a happy occasion. Therefore, the answer is d.",
C1_23_A_NI,C1_23,45,1,ambiguous,non-ironic,b,They had found the film dull from start to finish.,OLMo-2-7B,Condition1B_context_richness_stimuli,general_reasoning,"You will read short stories that describe everyday situations and which finish with a person saying something. Your task is to decide, given the situation, what meaning the person is most likely conveying. Each story will be followed by 4 possible meaning interpretations listed from a to d. Read each story and choose the number corresponding to the most likely meaning. State the reasoning in 2-3 bullet points and the answer. You can only answer with a, b, c, or d.
Context: They left the cinema feeling sad.
Target utterance: They say: """"What a painfull film.""""
What meaning is They most likely conveying?
a. They went to the same cinema as always.
b. They had found the film dull from start to finish.
c. They had found the film funny from start to finish.
d. The injection was over quickly, but it was painful.
Reasoning:
Answer:
","- The phrase ""painfull film"" suggests that the film was emotionally distressing or difficult to watch, rather than being dull or funny. 
- The context of leaving the cinema feeling sad after watching a film supports the idea that the film was not enjoyable.
- The phrase ""painfull"" with two l's indicates a misspelling, which might imply that the speaker is expressing their feelings in an informal or emotionally charged way.","['d', 'a', 'b', 'c']",4,A_NI,"{'a': 8.5625, 'b': 14.25, 'c': 10.6875, 'd': 5.96875}","{'a': 0.003282967722043395, 'b': 0.9689837098121643, 'c': 0.027487952262163162, 'd': 0.0002453665074426681}",0.9689837098121643,,"- The phrase ""painfull film"" suggests that the film was emotionally distressing or difficult to watch, rather than being dull or funny. 
- The context of leaving the cinema feeling sad after watching a film supports the idea that the film was not enjoyable.
- The phrase ""painfull"" with two l's indicates a misspelling, which might imply that the speaker is expressing their feelings in an informal or emotionally charged way.",
C1_24_UA_I,C1_24,169,1,unambiguous,ironic,b,The message brought negative news.,OLMo-2-7B,Condition1B_context_richness_stimuli,general_reasoning,"You will read short stories that describe everyday situations and which finish with a person saying something. Your task is to decide, given the situation, what meaning the person is most likely conveying. Each story will be followed by 4 possible meaning interpretations listed from a to d. Read each story and choose the number corresponding to the most likely meaning. State the reasoning in 2-3 bullet points and the answer. You can only answer with a, b, c, or d.
Context: She received a message and was miserable.
Target utterance: She says: """"These are amazing news.""""
What meaning is She most likely conveying?
a. What she read was news to her.
b. The message brought negative news.
c. She wanted to send a message.
d. The message brought good news.
Reasoning:
Answer:
","- The context mentions that she received a message and was miserable, suggesting that the content of the message was not positive.
- The phrase ""These are amazing news"" typically implies good news.
- Given her initial reaction of misery, the statement about the news being amazing is likely an attempt to mask her disappointment or sadness with a positive spin, suggesting that the news is good despite her initial reaction.","['c', 'b', 'd', 'a']",4,UA_I,"{'a': 6.6875, 'b': 7.0625, 'c': 3.484375, 'd': 13.6875}","{'a': 0.0009098115260712802, 'b': 0.001323767937719822, 'c': 3.697021020343527e-05, 'd': 0.997729480266571}",0.997729480266571,,"- The context mentions that she received a message and was miserable, suggesting that the content of the message was not positive.
- The phrase ""These are amazing news"" typically implies good news.
- Given her initial reaction of misery, the statement about the news being amazing is likely an attempt to mask her disappointment or sadness with a positive spin, suggesting that the news is good despite her initial reaction.",
C1_25_UA_NI,C1_25,92,1,unambiguous,non-ironic,b,Her exam answers were impressively smart.,OLMo-2-7B,Condition1B_context_richness_stimuli,general_reasoning,"You will read short stories that describe everyday situations and which finish with a person saying something. Your task is to decide, given the situation, what meaning the person is most likely conveying. Each story will be followed by 4 possible meaning interpretations listed from a to d. Read each story and choose the number corresponding to the most likely meaning. State the reasoning in 2-3 bullet points and the answer. You can only answer with a, b, c, or d.
Context: Her answers in the exam were idiotic.
Target utterance: She says: """"What a genius.""""
What meaning is She most likely conveying?
a. She had a high IQ.
b. Her exam answers were impressively smart.
c. Her exam answers were embarrassingly poor.
d. She studied for her next exam.
Reasoning:
Answer:
","- The phrase ""What a genius"" typically implies that someone is very intelligent or has demonstrated exceptional skill or intelligence. 
- Given that Her answers in the exam were idiotic, it suggests that her performance was poor and not indicative of high intelligence.
- Therefore, the most likely meaning She is conveying is c. Her exam answers were embarrassingly poor.","['c', 'a', 'b', 'd']",4,UA_NI,"{'a': 2.828125, 'b': 5.46875, 'c': 16.125, 'd': 4.1875}","{'a': 1.6796807358332444e-06, 'b': 2.355242395424284e-05, 'c': 0.9999681711196899, 'd': 6.540271897392813e-06}",0.9999681711196899,,"- The phrase ""What a genius"" typically implies that someone is very intelligent or has demonstrated exceptional skill or intelligence. 
- Given that Her answers in the exam were idiotic, it suggests that her performance was poor and not indicative of high intelligence.
- Therefore, the most likely meaning She is conveying is c. Her exam answers were embarrassingly poor.",
C1_26_A_I,C1_26,225,1,ambiguous,ironic,d,"As far as they were concerned, it was a poor suggestion.",OLMo-2-7B,Condition1B_context_richness_stimuli,general_reasoning,"You will read short stories that describe everyday situations and which finish with a person saying something. Your task is to decide, given the situation, what meaning the person is most likely conveying. Each story will be followed by 4 possible meaning interpretations listed from a to d. Read each story and choose the number corresponding to the most likely meaning. State the reasoning in 2-3 bullet points and the answer. You can only answer with a, b, c, or d.
Context: Their colleague's suggestion was stupid.
Target utterance: They said: """"We really had luck with that one.""""
What meaning is They most likely conveying?
a. They got lucky at the casino.
b. They thought that every project starts with a suggestion.
c. They were genuinely fortunate to have such a strong suggestion.
d. As far as they were concerned, it was a poor suggestion.
Reasoning:
Answer:
","- The colleague's suggestion was described as 'stupid', implying it was a poor idea.
- Saying ""We really had luck with that one"" after a poor suggestion implies irony or sarcasm.
- The most likely meaning is that they are sarcastically claiming luck in having a bad suggestion, which corresponds to option d.","['c', 'd', 'a', 'b']",4,A_I,"{'a': 1.5546875, 'b': 5.34375, 'c': 4.9375, 'd': 17.375}","{'a': 1.34685620878372e-07, 'b': 5.955115284450585e-06, 'c': 3.966962140111718e-06, 'd': 0.9999899864196777}",0.9999899864196777,,"- The colleague's suggestion was described as 'stupid', implying it was a poor idea.
- Saying ""We really had luck with that one"" after a poor suggestion implies irony or sarcasm.
- The most likely meaning is that they are sarcastically claiming luck in having a bad suggestion, which corresponds to option d.",
C1_27_A_NI,C1_27,30,1,ambiguous,non-ironic,d,His argument was strong and well presented.,OLMo-2-7B,Condition1B_context_richness_stimuli,general_reasoning,"You will read short stories that describe everyday situations and which finish with a person saying something. Your task is to decide, given the situation, what meaning the person is most likely conveying. Each story will be followed by 4 possible meaning interpretations listed from a to d. Read each story and choose the number corresponding to the most likely meaning. State the reasoning in 2-3 bullet points and the answer. You can only answer with a, b, c, or d.
Context: His argument in the debate was stupid.
Target utterance: She says: """"What a master of rhetoric.""""
What meaning is She most likely conveying?
a. His argument was weak and poorly constructed.
b. Sokrates was a master of rhetoric.
c. She had an argument with him that night.
d. His argument was strong and well presented.
Reasoning:
Answer:
","- The phrase ""What a master of rhetoric"" suggests high praise for someone's skill in persuasion and argumentation, rather than criticism.
- Since the context mentions that His argument was stupid, it implies that the speaker is not genuinely impressed by the rhetoric.
- The statement is ironic because it contrasts with the actual quality of the argument, which was stupid.","['b', 'c', 'd', 'a']",4,A_NI,"{'a': 13.25, 'b': 6.03125, 'c': 2.328125, 'd': 5.3125}","{'a': 0.9988934397697449, 'b': 0.0007319069700315595, 'c': 1.803886152629275e-05, 'd': 0.0003567029780242592}",0.9988934397697449,,"- The phrase ""What a master of rhetoric"" suggests high praise for someone's skill in persuasion and argumentation, rather than criticism.
- Since the context mentions that His argument was stupid, it implies that the speaker is not genuinely impressed by the rhetoric.
- The statement is ironic because it contrasts with the actual quality of the argument, which was stupid.",
C1_28_UA_I,C1_28,47,1,unambiguous,ironic,d,She believed that his business plan would fail.,OLMo-2-7B,Condition1B_context_richness_stimuli,general_reasoning,"You will read short stories that describe everyday situations and which finish with a person saying something. Your task is to decide, given the situation, what meaning the person is most likely conveying. Each story will be followed by 4 possible meaning interpretations listed from a to d. Read each story and choose the number corresponding to the most likely meaning. State the reasoning in 2-3 bullet points and the answer. You can only answer with a, b, c, or d.
Context: His business plan was brilliant.
Target utterance: She says: """"We will make lots of money with this.""""
What meaning is He most likely conveying?
a. She believed that his business plan would be successful.
b. He asked a colleague for help with his business plan.
c. She was interested in making lots of money.
d. She believed that his business plan would fail.
Reasoning:
Answer:
","- The context mentions that his business plan was brilliant, suggesting it was well thought out and had a high chance of success.
- The target utterance indicates optimism about financial gain, which is typically associated with successful business plans.
- The most likely meaning is that she believed his business plan would be successful (a), as her statement directly reflects confidence in the plan's financial outcome.","['a', 'd', 'c', 'b']",4,UA_I,"{'a': 15.0625, 'b': 0.68359375, 'c': -1.90625, 'd': -0.03076171875}","{'a': 0.9999991655349731, 'b': 5.69272231132345e-07, 'c': 4.2713498515922765e-08, 'd': 2.7866303753398824e-07}",0.9999991655349731,,"- The context mentions that his business plan was brilliant, suggesting it was well thought out and had a high chance of success.
- The target utterance indicates optimism about financial gain, which is typically associated with successful business plans.
- The most likely meaning is that she believed his business plan would be successful (a), as her statement directly reflects confidence in the plan's financial outcome.",
C1_29_UA_NI,C1_29,261,1,unambiguous,non-ironic,a,The restaurant visit was genuinely outstanding.,OLMo-2-7B,Condition1B_context_richness_stimuli,general_reasoning,"You will read short stories that describe everyday situations and which finish with a person saying something. Your task is to decide, given the situation, what meaning the person is most likely conveying. Each story will be followed by 4 possible meaning interpretations listed from a to d. Read each story and choose the number corresponding to the most likely meaning. State the reasoning in 2-3 bullet points and the answer. You can only answer with a, b, c, or d.
Context: After the restaurant visit he was starving.
Target utterance: He says: """"Best dinner ever.""""
What meaning is He most likely conveying?
a. The restaurant visit was genuinely outstanding.
b. The restaurant visit was a real disappointment.
c. He looked forward to this restaurant visit for weeks.
d. It was the best-reviewed dinner spot in the whole city.
Reasoning:
Answer:
","- The phrase ""Best dinner ever"" typically conveys high praise for the experience.
- Given that he was starving after the visit, it implies he was very hungry and the meal must have been particularly satisfying to warrant such a strong statement.
- The context of being starving suggests that the dinner was not only good but exceptional, as it relieved his hunger and met his expectations.","['a', 'b', 'd', 'c']",4,UA_NI,"{'a': 14.5, 'b': 1.8203125, 'c': -0.52734375, 'd': 0.796875}","{'a': 0.9999955892562866, 'b': 3.1137215046328492e-06, 'c': 2.976498194584565e-07, 'd': 1.1189392807864351e-06}",0.9999955892562866,,"- The phrase ""Best dinner ever"" typically conveys high praise for the experience.
- Given that he was starving after the visit, it implies he was very hungry and the meal must have been particularly satisfying to warrant such a strong statement.
- The context of being starving suggests that the dinner was not only good but exceptional, as it relieved his hunger and met his expectations.",
C1_30_A_I,C1_30,139,1,ambiguous,ironic,d,There had been very little worth eating at the buffet.,OLMo-2-7B,Condition1B_context_richness_stimuli,general_reasoning,"You will read short stories that describe everyday situations and which finish with a person saying something. Your task is to decide, given the situation, what meaning the person is most likely conveying. Each story will be followed by 4 possible meaning interpretations listed from a to d. Read each story and choose the number corresponding to the most likely meaning. State the reasoning in 2-3 bullet points and the answer. You can only answer with a, b, c, or d.
Context: He left the buffet feeling hungry.
Target utterance: He says: """"Truly a feast for the senses."" ""
What meaning is He most likely conveying?
a. Diners often have a buffet.
b. The buffet was a rich.
c. The feast was celebrated every year in their village.
d. There had been very little worth eating at the buffet.
Reasoning:
Answer:
","- The phrase ""Truly a feast for the senses"" suggests that the buffet was abundant and likely very satisfying.
- The context mentions that he left the buffet feeling hungry, which contrasts with the expected outcome of a feast.
- The most logical conclusion is that the buffet was rich and offered a lot of food, but he is still hungry, indicating that the food was either not very appealing or he was still hungry despite the abundance of food. Therefore, the answer is d.","['d', 'a', 'c', 'b']",4,A_I,"{'a': 1.515625, 'b': 4.75, 'c': 1.3671875, 'd': 16.375}","{'a': 3.52088079580426e-07, 'b': 8.939690815168433e-06, 'c': 3.035188740341255e-07, 'd': 0.9999904632568359}",0.9999904632568359,,"- The phrase ""Truly a feast for the senses"" suggests that the buffet was abundant and likely very satisfying.
- The context mentions that he left the buffet feeling hungry, which contrasts with the expected outcome of a feast.
- The most logical conclusion is that the buffet was rich and offered a lot of food, but he is still hungry, indicating that the food was either not very appealing or he was still hungry despite the abundance of food. Therefore, the answer is d.",
C1_31_A_NI,C1_31,260,1,ambiguous,non-ironic,b,The picnic was nourishing and genuinely enjoyable.,OLMo-2-7B,Condition1B_context_richness_stimuli,general_reasoning,"You will read short stories that describe everyday situations and which finish with a person saying something. Your task is to decide, given the situation, what meaning the person is most likely conveying. Each story will be followed by 4 possible meaning interpretations listed from a to d. Read each story and choose the number corresponding to the most likely meaning. State the reasoning in 2-3 bullet points and the answer. You can only answer with a, b, c, or d.
Context: They left the picnic feeling hungry.
Target utterance: They say: """"Food for the soul.""""
What meaning is They most likely conveying?
a. They spent the morning preparing sandwiches for the picnic.
b. The picnic was nourishing and genuinely enjoyable.
c. There was barely anything to eat; they left unsatisfied.
d. She always kept her soul music collection in good order.
Reasoning:
Answer:
","- The phrase ""food for the soul"" typically refers to something that is satisfying and nourishing, not just physically but emotionally or spiritually. 
- Since they left the picnic feeling hungry, it implies that they did not get enough physical nourishment, which contradicts the typical interpretation of ""food for the soul"" as being satisfying.
- The context of leaving the picnic hungry suggests dissatisfaction with the food available, making option c the most likely meaning.","['d', 'a', 'b', 'c']",4,A_NI,"{'a': 5.0, 'b': 8.25, 'c': 15.8125, 'd': 5.0}","{'a': 2.0134822989348322e-05, 'b': 0.0005192839307710528, 'c': 0.9994403719902039, 'd': 2.0134822989348322e-05}",0.9994403719902039,,"- The phrase ""food for the soul"" typically refers to something that is satisfying and nourishing, not just physically but emotionally or spiritually. 
- Since they left the picnic feeling hungry, it implies that they did not get enough physical nourishment, which contradicts the typical interpretation of ""food for the soul"" as being satisfying.
- The context of leaving the picnic hungry suggests dissatisfaction with the food available, making option c the most likely meaning.",
C1_32_UA_I,C1_32,228,1,unambiguous,ironic,a,The waiter had forgotten to fill his plate and he did not eat anything.,OLMo-2-7B,Condition1B_context_richness_stimuli,general_reasoning,"You will read short stories that describe everyday situations and which finish with a person saying something. Your task is to decide, given the situation, what meaning the person is most likely conveying. Each story will be followed by 4 possible meaning interpretations listed from a to d. Read each story and choose the number corresponding to the most likely meaning. State the reasoning in 2-3 bullet points and the answer. You can only answer with a, b, c, or d.
Context: He looked at the empty plate in front of him and was starving.
Target utterance: He says: """"No way I could eat more."" ""
What meaning is He most likely conveying?
a. The waiter had forgotten to fill his plate and he did not eat anything.
b. He went to a stylish pottery to buy a special plate.
c. His plate had been full with food and he ate it all up.
d. He prefers to eat his lunch alone.
Reasoning:
Answer:
","- He looked at the empty plate, indicating that it was previously full and now is not.
- He is expressing that he has eaten all the food on the plate, implying that it was full before.
- The phrase ""he was starving"" suggests that he had not eaten for a while and now that the food is gone, he is expressing satisfaction from having eaten.","['b', 'd', 'a', 'c']",4,UA_I,"{'a': 2.578125, 'b': 4.09375, 'c': 16.25, 'd': 5.03125}","{'a': 1.1544402696017642e-06, 'b': 5.255318683339283e-06, 'c': 0.999980092048645, 'd': 1.3419926290225703e-05}",0.999980092048645,,"- He looked at the empty plate, indicating that it was previously full and now is not.
- He is expressing that he has eaten all the food on the plate, implying that it was full before.
- The phrase ""he was starving"" suggests that he had not eaten for a while and now that the food is gone, he is expressing satisfaction from having eaten.",
C1_33_UA_NI,C1_33,24,1,unambiguous,non-ironic,d,The library was a calm and quiet environment.,OLMo-2-7B,Condition1B_context_richness_stimuli,general_reasoning,"You will read short stories that describe everyday situations and which finish with a person saying something. Your task is to decide, given the situation, what meaning the person is most likely conveying. Each story will be followed by 4 possible meaning interpretations listed from a to d. Read each story and choose the number corresponding to the most likely meaning. State the reasoning in 2-3 bullet points and the answer. You can only answer with a, b, c, or d.
Context: She walked into the library and it was inaudible.
Target utterance: She says: """"Perfect place to concentrate.""""
What meaning is She most likely conveying?
a. She asked her colleague for a place to concentrate.
b. She looked for a new book in the library.
c. The library was far too noisy to concentrate.
d. The library was a calm and quiet environment.
Reasoning:
Answer:
","- The library is described as being inaudible, which implies it is quiet.
- Saying the library is a ""perfect place to concentrate"" suggests it is a calm and quiet environment.
- The context of entering a library and commenting on it being a perfect place to concentrate aligns with option d.","['c', 'd', 'b', 'a']",4,UA_NI,"{'a': 2.296875, 'b': 4.25, 'c': 3.09375, 'd': 17.125}","{'a': 3.632666505382076e-07, 'b': 2.561279188739718e-06, 'c': 8.059423066697491e-07, 'd': 0.9999963045120239}",0.9999963045120239,,"- The library is described as being inaudible, which implies it is quiet.
- Saying the library is a ""perfect place to concentrate"" suggests it is a calm and quiet environment.
- The context of entering a library and commenting on it being a perfect place to concentrate aligns with option d.",
C1_34_A_I,C1_34,25,1,ambiguous,ironic,d,The concert was pretty loud.,OLMo-2-7B,Condition1B_context_richness_stimuli,general_reasoning,"You will read short stories that describe everyday situations and which finish with a person saying something. Your task is to decide, given the situation, what meaning the person is most likely conveying. Each story will be followed by 4 possible meaning interpretations listed from a to d. Read each story and choose the number corresponding to the most likely meaning. State the reasoning in 2-3 bullet points and the answer. You can only answer with a, b, c, or d.
Context: We came back from a concert which was quiet.
Target utterance: I say: """"I've almost gone deaf.""""
What meaning is She most likely conveying?
a. The concert was surprisingly quiet.
b. I was looking forward to the next concert.
c. My grandfather is deaf.
d. The concert was pretty loud.
Reasoning:
Answer:
","- The context mentions that the concert was quiet, which contrasts with the expected loudness of a typical concert. 
- The utterance ""I've almost gone deaf"" suggests that the speaker is exaggerating to express how loud they expected the concert to be compared to its actual volume.
- The most likely meaning is a, as it directly relates to the unexpected quietness of the concert.","['a', 'd', 'c', 'b']",4,A_I,"{'a': 14.625, 'b': 1.4609375, 'c': -1.5, 'd': 0.2255859375}","{'a': 0.9999973773956299, 'b': 1.918311681947671e-06, 'c': 9.931168420962422e-08, 'd': 5.577155661740107e-07}",0.9999973773956299,,"- The context mentions that the concert was quiet, which contrasts with the expected loudness of a typical concert. 
- The utterance ""I've almost gone deaf"" suggests that the speaker is exaggerating to express how loud they expected the concert to be compared to its actual volume.
- The most likely meaning is a, as it directly relates to the unexpected quietness of the concert.",
C1_35_A_NI,C1_35,31,1,ambiguous,non-ironic,a,The movie was too quiet to hear.,OLMo-2-7B,Condition1B_context_richness_stimuli,general_reasoning,"You will read short stories that describe everyday situations and which finish with a person saying something. Your task is to decide, given the situation, what meaning the person is most likely conveying. Each story will be followed by 4 possible meaning interpretations listed from a to d. Read each story and choose the number corresponding to the most likely meaning. State the reasoning in 2-3 bullet points and the answer. You can only answer with a, b, c, or d.
Context:  She watched a movie in the theater and found it quiet.
Target utterance: She says: """"It was so difficult to hear.""""
What meaning is She most likely conveying?
a. The movie was too quiet to hear.
b. The movie was very loud.
c. She generally has difficulties with her hearing.
d. Watching a movie in the theater is a real event.
Reasoning:
Answer:
","- The context mentions that she found the movie quiet, which typically implies that it was too soft to hear clearly.
- The phrase ""It was so difficult to hear"" suggests that hearing was challenging due to the low volume.
- The setting is a theater, where sound quality is expected to be clear and loud enough for everyone to hear comfortably.","['a', 'b', 'c', 'd']",4,A_NI,"{'a': 14.0, 'b': 3.40625, 'c': -0.8671875, 'd': 0.62109375}","{'a': 0.9999730587005615, 'b': 2.5071547497645952e-05, 'c': 3.493420024369698e-07, 'd': 1.5474018937311484e-06}",0.9999730587005615,,"- The context mentions that she found the movie quiet, which typically implies that it was too soft to hear clearly.
- The phrase ""It was so difficult to hear"" suggests that hearing was challenging due to the low volume.
- The setting is a theater, where sound quality is expected to be clear and loud enough for everyone to hear comfortably.",
C1_36_UA_I,C1_36,29,1,unambiguous,ironic,d,He would expected to hear louder music from his neighbours' party.,OLMo-2-7B,Condition1B_context_richness_stimuli,general_reasoning,"You will read short stories that describe everyday situations and which finish with a person saying something. Your task is to decide, given the situation, what meaning the person is most likely conveying. Each story will be followed by 4 possible meaning interpretations listed from a to d. Read each story and choose the number corresponding to the most likely meaning. State the reasoning in 2-3 bullet points and the answer. You can only answer with a, b, c, or d.
Context: His neighbours' music was inaudible.
Target utterance: He says: """"It seems like they are having a great party.""""
What meaning is He most likely conveying?
a. He likes talking about pop music.
b. He thinks that his neighbours' are having a great party with music.
c. He is still unsure which party to vote for in the upcoming elections.
d. He would expected to hear louder music from his neighbours' party.
Reasoning:
Answer:
","- The context mentions that the neighbours' music was inaudible, which implies it was very quiet and not noticeable.
- The target utterance suggests that the speaker believes the neighbours are having a great party, despite the lack of audible music.
- The most likely meaning is therefore option b, as it directly interprets the situation and aligns with the inaudible music described in the context.","['d', 'a', 'c', 'b']",4,UA_I,"{'a': 1.828125, 'b': 15.4375, 'c': 1.984375, 'd': 4.78125}","{'a': 1.2288876405364135e-06, 'b': 0.9999737739562988, 'c': 1.4367151379701681e-06, 'd': 2.3552554921479896e-05}",0.9999737739562988,,"- The context mentions that the neighbours' music was inaudible, which implies it was very quiet and not noticeable.
- The target utterance suggests that the speaker believes the neighbours are having a great party, despite the lack of audible music.
- The most likely meaning is therefore option b, as it directly interprets the situation and aligns with the inaudible music described in the context.",
C1_37_UA_NI,C1_37,53,1,unambiguous,non-ironic,a,The questions required thorough preparation to answer.,OLMo-2-7B,Condition1B_context_richness_stimuli,general_reasoning,"You will read short stories that describe everyday situations and which finish with a person saying something. Your task is to decide, given the situation, what meaning the person is most likely conveying. Each story will be followed by 4 possible meaning interpretations listed from a to d. Read each story and choose the number corresponding to the most likely meaning. State the reasoning in 2-3 bullet points and the answer. You can only answer with a, b, c, or d.
Context: She prepared impossible questions for the students.
Target utterance: She says: """"I hope they're prepared for this.""""
What meaning is She most likely conveying?
a. The questions required thorough preparation to answer.
b. She posted the question on the class forum.
c. She had never felt so well prepared for a meeting.
d. The questions were straightforward and required little effort.
Reasoning:
Answer:
","- The context mentions that the woman prepared 'impossible questions' for the students, suggesting that the questions are very difficult and likely require significant effort to answer.
- The target utterance, ""I hope they're prepared for this,"" suggests a hope that the students have the necessary resources or abilities to handle the challenging questions.
- Given the difficulty of the questions and the statement of hope, the most likely meaning is that the questions required thorough preparation to answer (a).","['a', 'd', 'c', 'b']",4,UA_NI,"{'a': 14.625, 'b': -0.1005859375, 'c': -3.375, 'd': -1.5078125}","{'a': 0.9999995231628418, 'b': 4.0249366861644376e-07, 'c': 1.5229971950248e-08, 'd': 9.853904003875869e-08}",0.9999995231628418,,"- The context mentions that the woman prepared 'impossible questions' for the students, suggesting that the questions are very difficult and likely require significant effort to answer.
- The target utterance, ""I hope they're prepared for this,"" suggests a hope that the students have the necessary resources or abilities to handle the challenging questions.
- Given the difficulty of the questions and the statement of hope, the most likely meaning is that the questions required thorough preparation to answer (a).",
C1_38_A_I,C1_38,172,1,ambiguous,ironic,a,Booking the appointment was frustrating and difficult.,OLMo-2-7B,Condition1B_context_richness_stimuli,general_reasoning,"You will read short stories that describe everyday situations and which finish with a person saying something. Your task is to decide, given the situation, what meaning the person is most likely conveying. Each story will be followed by 4 possible meaning interpretations listed from a to d. Read each story and choose the number corresponding to the most likely meaning. State the reasoning in 2-3 bullet points and the answer. You can only answer with a, b, c, or d.
Context: He booked an appointment through a system which was difficult to use.
Target utterance: He says:  """"That was about as easy as it gets.""""
What meaning is He most likely conveying?
a. Booking the appointment was frustrating and difficult.
b. He decided to cancel the appointment.
c. Booking the appointment was straightforward and effortless.
d. He always found parallel parking easy as it gets.
Reasoning:
Answer:
","- The system was difficult to use, indicating a challenging process.
- The phrase ""as easy as it gets"" typically means something was easier than expected.
- Given the context of a difficult system, the speaker's comment suggests the appointment booking was surprisingly simple despite the system's complexity.","['b', 'd', 'a', 'c']",4,A_I,"{'a': 9.625, 'b': 5.625, 'c': 15.375, 'd': 4.15625}","{'a': 0.0031724560540169477, 'b': 5.810555740026757e-05, 'c': 0.9967560172080994, 'd': 1.337665889877826e-05}",0.9967560172080994,,"- The system was difficult to use, indicating a challenging process.
- The phrase ""as easy as it gets"" typically means something was easier than expected.
- Given the context of a difficult system, the speaker's comment suggests the appointment booking was surprisingly simple despite the system's complexity.",
C1_39_A_NI,C1_39,233,1,ambiguous,non-ironic,a,Completing the task was a genuine sign of intelligence.,OLMo-2-7B,Condition1B_context_richness_stimuli,general_reasoning,"You will read short stories that describe everyday situations and which finish with a person saying something. Your task is to decide, given the situation, what meaning the person is most likely conveying. Each story will be followed by 4 possible meaning interpretations listed from a to d. Read each story and choose the number corresponding to the most likely meaning. State the reasoning in 2-3 bullet points and the answer. You can only answer with a, b, c, or d.
Context: They finished a difficult task for their maths lesson.
Target utterance: They say: """"We must be very smart.""""
What meaning is They most likely conveying?
a. Completing the task was a genuine sign of intelligence.
b. Anyone could have done the task, no special abilities required.
c. They were always smart about managing their money.
d. They were given another task after the math lesson.
Reasoning:
Answer:
","- The task was difficult, implying that completing it required effort and possibly higher cognitive abilities.
- Saying ""We must be very smart"" suggests that the speaker believes their intelligence was a factor in successfully completing the task.
- The phrase ""very smart"" implies more than just average intelligence, suggesting that the speaker is complimenting their own or their group's cognitive abilities.","['a', 'b', 'c', 'd']",4,A_NI,"{'a': 14.875, 'b': 3.84375, 'c': -1.0, 'd': 0.423828125}","{'a': 0.9999831914901733, 'b': 1.6187570508918725e-05, 'c': 1.275169125847242e-07, 'd': 5.295761980050884e-07}",0.9999831914901733,,"- The task was difficult, implying that completing it required effort and possibly higher cognitive abilities.
- Saying ""We must be very smart"" suggests that the speaker believes their intelligence was a factor in successfully completing the task.
- The phrase ""very smart"" implies more than just average intelligence, suggesting that the speaker is complimenting their own or their group's cognitive abilities.",
C1_40_UA_I,C1_40,144,1,unambiguous,ironic,d,Making the payment was complicated and painful.,OLMo-2-7B,Condition1B_context_richness_stimuli,general_reasoning,"You will read short stories that describe everyday situations and which finish with a person saying something. Your task is to decide, given the situation, what meaning the person is most likely conveying. Each story will be followed by 4 possible meaning interpretations listed from a to d. Read each story and choose the number corresponding to the most likely meaning. State the reasoning in 2-3 bullet points and the answer. You can only answer with a, b, c, or d.
Context: He made a payment through a website which was impossible to use.
Target utterance: He says:  """"Technology at its finest.""""
What meaning is He most likely conveying?
a. Making the payment was a smooth and effortless experience.
b. He decided to cancel the payment altogether.
c. He always thought the finest restaurants required a reservation.
d. Making the payment was complicated and painful.
Reasoning:
Answer:
","- The phrase ""Technology at its finest"" is typically used sarcastically to describe something that is poorly executed or frustrating, rather than something smooth and effortless.
- The context mentions that the website was impossible to use, which suggests a negative experience with technology.
- The phrase does not fit the context of a restaurant reservation or any unrelated topic.","['a', 'd', 'c', 'b']",4,UA_I,"{'a': 5.90625, 'b': 6.875, 'c': 2.109375, 'd': 15.6875}","{'a': 5.648945443681441e-05, 'b': 0.00014882988762110472, 'c': 1.2676680398726603e-06, 'd': 0.9997934699058533}",0.9997934699058533,,"- The phrase ""Technology at its finest"" is typically used sarcastically to describe something that is poorly executed or frustrating, rather than something smooth and effortless.
- The context mentions that the website was impossible to use, which suggests a negative experience with technology.
- The phrase does not fit the context of a restaurant reservation or any unrelated topic.",
C1_41_UA_NI,C1_41,147,1,unambiguous,non-ironic,c,Her kitchen was tidy.,OLMo-2-7B,Condition1B_context_richness_stimuli,general_reasoning,"You will read short stories that describe everyday situations and which finish with a person saying something. Your task is to decide, given the situation, what meaning the person is most likely conveying. Each story will be followed by 4 possible meaning interpretations listed from a to d. Read each story and choose the number corresponding to the most likely meaning. State the reasoning in 2-3 bullet points and the answer. You can only answer with a, b, c, or d.
Context: She finished cooking and the kitchen was pristine.
Target utterance: She says: """"I'm the sort of person who likes to keep things tidy.""""
What meaning is She most likely conveying?
a. Children should regularly tidy up their rooms.
b. Her kitchen was a mess.
c. Her kitchen was tidy.
d. The apartment came with a fully equipped kitchen.
Reasoning:
Answer:
","- The context mentions that the kitchen was pristine after she finished cooking, indicating that it was tidy.
- The target utterance directly states that she is ""the sort of person who likes to keep things tidy,"" which implies that tidiness is a personal preference.
- The most likely meaning is c, as her statement about being tidy aligns with the described situation of a clean kitchen.","['c', 'b', 'a', 'd']",4,UA_NI,"{'a': 3.71875, 'b': 6.625, 'c': 16.75, 'd': 4.6875}","{'a': 2.190681243519066e-06, 'b': 4.006337621831335e-05, 'c': 0.9999520778656006, 'd': 5.771677024313249e-06}",0.9999520778656006,,"- The context mentions that the kitchen was pristine after she finished cooking, indicating that it was tidy.
- The target utterance directly states that she is ""the sort of person who likes to keep things tidy,"" which implies that tidiness is a personal preference.
- The most likely meaning is c, as her statement about being tidy aligns with the described situation of a clean kitchen.",
C1_42_A_I,C1_42,55,1,ambiguous,ironic,a,The room was left in a terrible state for far too long.,OLMo-2-7B,Condition1B_context_richness_stimuli,general_reasoning,"You will read short stories that describe everyday situations and which finish with a person saying something. Your task is to decide, given the situation, what meaning the person is most likely conveying. Each story will be followed by 4 possible meaning interpretations listed from a to d. Read each story and choose the number corresponding to the most likely meaning. State the reasoning in 2-3 bullet points and the answer. You can only answer with a, b, c, or d.
Context: They walked into the room and found it clean.
Target utterance: They said: ""“Looks like you didn’t wait too long to clean it.”""
What meaning is They most likely conveying?
a. The room was left in a terrible state for far too long.
b. They never had to wait long for a table.
c. The room was tidied up well before it got too messy.
d. They decided to book a different room altogether.
Reasoning:
Answer:
","- The statement ""Looks like you didn’t wait too long to clean it."" suggests that the room was cleaned promptly, implying that it was cleaned before it had a chance to get very dirty or messy.
- The phrase ""too long"" indicates that the expectation was that the room would become dirty if left uncleaned for a longer period.
- The fact that the room is described as clean directly contradicts the implication of being left uncleaned for ""too long,"" thus making option c the most likely meaning.","['b', 'c', 'a', 'd']",4,A_I,"{'a': 5.15625, 'b': 4.65625, 'c': 15.5625, 'd': 3.390625}","{'a': 3.024124634976033e-05, 'b': 1.8342243492952548e-05, 'c': 0.9999462366104126, 'd': 5.173667432245566e-06}",0.9999462366104126,,"- The statement ""Looks like you didn’t wait too long to clean it."" suggests that the room was cleaned promptly, implying that it was cleaned before it had a chance to get very dirty or messy.
- The phrase ""too long"" indicates that the expectation was that the room would become dirty if left uncleaned for a longer period.
- The fact that the room is described as clean directly contradicts the implication of being left uncleaned for ""too long,"" thus making option c the most likely meaning.",
C1_43_A_NI,C1_43,67,1,ambiguous,non-ironic,b,The street was genuinely pleasant.,OLMo-2-7B,Condition1B_context_richness_stimuli,general_reasoning,"You will read short stories that describe everyday situations and which finish with a person saying something. Your task is to decide, given the situation, what meaning the person is most likely conveying. Each story will be followed by 4 possible meaning interpretations listed from a to d. Read each story and choose the number corresponding to the most likely meaning. State the reasoning in 2-3 bullet points and the answer. You can only answer with a, b, c, or d.
Context: The street was clean.
Target utterance: They say:  """"Such a beautiful walk.""""
What meaning is They most likely conveying?
a. A dog was barking on the street.
b. The street was genuinely pleasant.
c. They went for a walk in the park.
d. The street was far from pretty.
Reasoning:
Answer:
","- The street being clean implies a pleasant environment, which supports the idea that the walk was beautiful.
- The phrase ""Such a beautiful walk"" suggests a positive experience, which aligns with the cleanliness of the street.
- The context of a clean street implies a peaceful and aesthetically pleasing setting, making the walk more likely to be described as beautiful.","['d', 'a', 'c', 'b']",4,A_NI,"{'a': 2.1875, 'b': 14.625, 'c': 3.703125, 'd': 3.65625}","{'a': 3.966846179537242e-06, 'b': 0.9999607801437378, 'c': 1.8058137357002124e-05, 'd': 1.7231192032340914e-05}",0.9999607801437378,,"- The street being clean implies a pleasant environment, which supports the idea that the walk was beautiful.
- The phrase ""Such a beautiful walk"" suggests a positive experience, which aligns with the cleanliness of the street.
- The context of a clean street implies a peaceful and aesthetically pleasing setting, making the walk more likely to be described as beautiful.",
C1_44_UA_I,C1_44,83,1,unambiguous,ironic,c,The floor was very dirty.,OLMo-2-7B,Condition1B_context_richness_stimuli,general_reasoning,"You will read short stories that describe everyday situations and which finish with a person saying something. Your task is to decide, given the situation, what meaning the person is most likely conveying. Each story will be followed by 4 possible meaning interpretations listed from a to d. Read each story and choose the number corresponding to the most likely meaning. State the reasoning in 2-3 bullet points and the answer. You can only answer with a, b, c, or d.
Context: The floor was pristine.
Target utterance: She says: """"You could practically eat off the floor here.""""
What meaning is She most likely conveying?
a. The floor was very clean.
b. The dance floor was very empty.
c. The floor was very dirty.
d. She could eat a whole cake.
Reasoning:
Answer:
","- The phrase ""you could practically eat off the floor"" is a common idiom meaning that something is extremely clean.
- The context mentions that the floor was pristine, which supports the idea that it was very clean.
- The phrase does not imply anything about the dance floor being empty or related to eating a whole cake.","['a', 'd', 'b', 'c']",4,UA_I,"{'a': 14.5625, 'b': 2.078125, 'c': -0.859375, 'd': 0.41015625}","{'a': 0.999995231628418, 'b': 3.785321496252436e-06, 'c': 2.0061467864707083e-07, 'd': 7.140245088521624e-07}",0.999995231628418,,"- The phrase ""you could practically eat off the floor"" is a common idiom meaning that something is extremely clean.
- The context mentions that the floor was pristine, which supports the idea that it was very clean.
- The phrase does not imply anything about the dance floor being empty or related to eating a whole cake.",
C1_45_UA_NI,C1_45,40,1,unambiguous,non-ironic,c,The movie was funny and great.,OLMo-2-7B,Condition1B_context_richness_stimuli,general_reasoning,"You will read short stories that describe everyday situations and which finish with a person saying something. Your task is to decide, given the situation, what meaning the person is most likely conveying. Each story will be followed by 4 possible meaning interpretations listed from a to d. Read each story and choose the number corresponding to the most likely meaning. State the reasoning in 2-3 bullet points and the answer. You can only answer with a, b, c, or d.
Context: They watched a grim movie.
Target utterance: They say: """"That was the perfect movie for a laugh.""""
What meaning is They most likely conveying?
a. They had such a perfect night.
b. They saw three movies that week.
c. The movie was funny and great.
d. The movie wasn't amusing.
Reasoning:
Answer:
","- The movie was described as grim, but They say it was perfect for a laugh, suggesting it was unexpectedly humorous or had a dark humor aspect that made it enjoyable in a different way than expected.
- The phrase ""perfect movie for a laugh"" implies that despite the grim nature, the movie had elements that made it suitable for laughter, indicating it was not entirely devoid of comedic value.
- The statement suggests that the movie was enjoyable in a way that involved humor, even if it was not a traditional comedy.","['c', 'd', 'a', 'b']",4,UA_NI,"{'a': 5.375, 'b': 6.0, 'c': 15.6875, 'd': 7.46875}","{'a': 3.320318865007721e-05, 'b': 6.203171506058425e-05, 'c': 0.9996353387832642, 'd': 0.0002694535069167614}",0.9996353387832642,,"- The movie was described as grim, but They say it was perfect for a laugh, suggesting it was unexpectedly humorous or had a dark humor aspect that made it enjoyable in a different way than expected.
- The phrase ""perfect movie for a laugh"" implies that despite the grim nature, the movie had elements that made it suitable for laughter, indicating it was not entirely devoid of comedic value.
- The statement suggests that the movie was enjoyable in a way that involved humor, even if it was not a traditional comedy.",
C1_46_A_I,C1_46,159,1,ambiguous,ironic,a,The musical was purely for laughs.,OLMo-2-7B,Condition1B_context_richness_stimuli,general_reasoning,"You will read short stories that describe everyday situations and which finish with a person saying something. Your task is to decide, given the situation, what meaning the person is most likely conveying. Each story will be followed by 4 possible meaning interpretations listed from a to d. Read each story and choose the number corresponding to the most likely meaning. State the reasoning in 2-3 bullet points and the answer. You can only answer with a, b, c, or d.
Context: The musical she watched was really serious.
Target utterance: She says: """"That cracked me up.""""
What meaning is She most likely conveying?
a. The musical was purely for laughs.
b. The musical left her deeply moved.
c. She answered some questions about the musical.
d. The joke cracked everyone up.
Reasoning:
Answer:
","- The musical was not described as funny, but rather serious.
- Saying something ""cracked her up"" typically means it made her laugh.
- The context of a serious musical followed by a statement about being ""cracked up"" suggests humor rather than deep emotional impact.","['b', 'a', 'd', 'c']",4,A_I,"{'a': 10.375, 'b': 13.9375, 'c': 7.59375, 'd': 7.34375}","{'a': 0.0275016687810421, 'b': 0.9694672226905823, 'c': 0.0017040310194715858, 'd': 0.0013271006755530834}",0.9694672226905823,,"- The musical was not described as funny, but rather serious.
- Saying something ""cracked her up"" typically means it made her laugh.
- The context of a serious musical followed by a statement about being ""cracked up"" suggests humor rather than deep emotional impact.",
C1_47_A_NI,C1_47,3,1,ambiguous,non-ironic,a,The situation was genuinely amusing.,OLMo-2-7B,Condition1B_context_richness_stimuli,general_reasoning,"You will read short stories that describe everyday situations and which finish with a person saying something. Your task is to decide, given the situation, what meaning the person is most likely conveying. Each story will be followed by 4 possible meaning interpretations listed from a to d. Read each story and choose the number corresponding to the most likely meaning. State the reasoning in 2-3 bullet points and the answer. You can only answer with a, b, c, or d.
Context: The situation was serious.
Target utterance: She says: """"Truly something to laugh about.""""
What meaning is She most likely conveying?
a. The situation was genuinely amusing.
b. She always found it hard to laugh about things.
c. The situation was far too serious.
d. She tried to make the best of the situation.
Reasoning:
Answer:
","- The context indicates that the situation was serious, suggesting that finding something to laugh about would be an unusual response.
- The phrase ""Truly something to laugh about"" typically implies that despite the seriousness of the situation, there is an element that could be seen humorously.
- The most likely meaning is that she is trying to make the best of the situation by finding a silver lining or a humorous aspect, which aligns with option d.","['a', 'c', 'b', 'd']",4,A_NI,"{'a': 1.703125, 'b': 3.390625, 'c': 2.625, 'd': 17.75}","{'a': 1.073817159635837e-07, 'b': 5.805000000691507e-07, 'c': 2.699575816222932e-07, 'd': 0.9999990463256836}",0.9999990463256836,,"- The context indicates that the situation was serious, suggesting that finding something to laugh about would be an unusual response.
- The phrase ""Truly something to laugh about"" typically implies that despite the seriousness of the situation, there is an element that could be seen humorously.
- The most likely meaning is that she is trying to make the best of the situation by finding a silver lining or a humorous aspect, which aligns with option d.",
C1_48_UA_I,C1_48,208,1,unambiguous,ironic,c,The talk contained no humour.,OLMo-2-7B,Condition1B_context_richness_stimuli,general_reasoning,"You will read short stories that describe everyday situations and which finish with a person saying something. Your task is to decide, given the situation, what meaning the person is most likely conveying. Each story will be followed by 4 possible meaning interpretations listed from a to d. Read each story and choose the number corresponding to the most likely meaning. State the reasoning in 2-3 bullet points and the answer. You can only answer with a, b, c, or d.
Context: His talk was grim. 
Target utterance: Hey says: """"Wow, so many jokes in one talk.""""
What meaning is He most likely conveying?
a. He decided to cancel the talk.
b. He was a fan of old jokes.
c. The talk contained no humour.
d. The talk contained humour.
Reasoning:
Answer:
","- The talk was described as grim, which typically means it lacked humor or was serious and not funny.
- The utterance ""Wow, so many jokes in one talk"" contrasts with the grim nature of the talk, suggesting that the talk contained humor.
- The speaker is likely commenting on the presence of humor in the talk, despite its grim introduction.","['d', 'c', 'b', 'a']",4,UA_I,"{'a': 1.65625, 'b': 3.375, 'c': 3.265625, 'd': 15.5625}","{'a': 9.132459695138095e-07, 'b': 5.093676918477286e-06, 'c': 4.565942163026193e-06, 'd': 0.99998939037323}",0.99998939037323,,"- The talk was described as grim, which typically means it lacked humor or was serious and not funny.
- The utterance ""Wow, so many jokes in one talk"" contrasts with the grim nature of the talk, suggesting that the talk contained humor.
- The speaker is likely commenting on the presence of humor in the talk, despite its grim introduction.",
C1_49_UA_NI,C1_49,229,1,unambiguous,non-ironic,a,The airport experience was enjoyable.,OLMo-2-7B,Condition1B_context_richness_stimuli,general_reasoning,"You will read short stories that describe everyday situations and which finish with a person saying something. Your task is to decide, given the situation, what meaning the person is most likely conveying. Each story will be followed by 4 possible meaning interpretations listed from a to d. Read each story and choose the number corresponding to the most likely meaning. State the reasoning in 2-3 bullet points and the answer. You can only answer with a, b, c, or d.
Context: He had a terrible experience at the airport.
Target utterance: He says: """"A complete nightmare, really.""""
What meaning is He most likely conveying?
a. The airport experience was enjoyable.
b. He came back from his trip exhausted.
c. He decided to book a different airport transfer.
d. The airport experience was thoroughly unpleasant.
Reasoning:
Answer:
","- The word 'nightmare' typically refers to a bad or unpleasant experience.
- The phrase 'a complete nightmare' suggests that the experience was not just slightly unpleasant, but extremely so.
- Given the context of a 'terrible experience at the airport', the most likely meaning is that the airport experience was thoroughly unpleasant.","['a', 'c', 'd', 'b']",4,UA_NI,"{'a': 0.06787109375, 'b': 2.59375, 'c': 0.416015625, 'd': 15.875}","{'a': 1.3647411378769903e-07, 'b': 1.7061827293218812e-06, 'c': 1.9330695977259893e-07, 'd': 0.9999979734420776}",0.9999979734420776,,"- The word 'nightmare' typically refers to a bad or unpleasant experience.
- The phrase 'a complete nightmare' suggests that the experience was not just slightly unpleasant, but extremely so.
- Given the context of a 'terrible experience at the airport', the most likely meaning is that the airport experience was thoroughly unpleasant.",
C1_50_A_I,C1_50,254,1,ambiguous,ironic,d,The exam results were deeply disappointing.,OLMo-2-7B,Condition1B_context_richness_stimuli,general_reasoning,"You will read short stories that describe everyday situations and which finish with a person saying something. Your task is to decide, given the situation, what meaning the person is most likely conveying. Each story will be followed by 4 possible meaning interpretations listed from a to d. Read each story and choose the number corresponding to the most likely meaning. State the reasoning in 2-3 bullet points and the answer. You can only answer with a, b, c, or d.
Context: He studied hard for the exam, and the results were bad.
Target utterance: He says: """"Well, this is amazing.""""
What meaning is He most likely conveying?
a. He always found art museums amazing.
b. He had one more exam this week.
c. The exam results were impressive
d. The exam results were deeply disappointing.
Reasoning:
Answer:
","- The context mentions that he studied hard for the exam, but the results were bad, indicating that he likely did not perform well.
- The phrase ""Well, this is amazing"" typically conveys surprise or disappointment, especially when results are not as expected.
- Given the context, the most likely interpretation is that he is expressing disappointment with the outcome of the exam.","['c', 'd', 'a', 'b']",4,A_I,"{'a': 0.81640625, 'b': 6.3125, 'c': 5.71875, 'd': 14.8125}","{'a': 8.345190281033865e-07, 'b': 0.0002034039789577946, 'c': 0.00011233033728785813, 'd': 0.9996834993362427}",0.9996834993362427,,"- The context mentions that he studied hard for the exam, but the results were bad, indicating that he likely did not perform well.
- The phrase ""Well, this is amazing"" typically conveys surprise or disappointment, especially when results are not as expected.
- Given the context, the most likely interpretation is that he is expressing disappointment with the outcome of the exam.",
C1_51_A_NI,C1_51,129,1,ambiguous,non-ironic,b,They found the play dull.,OLMo-2-7B,Condition1B_context_richness_stimuli,general_reasoning,"You will read short stories that describe everyday situations and which finish with a person saying something. Your task is to decide, given the situation, what meaning the person is most likely conveying. Each story will be followed by 4 possible meaning interpretations listed from a to d. Read each story and choose the number corresponding to the most likely meaning. State the reasoning in 2-3 bullet points and the answer. You can only answer with a, b, c, or d.
Context: They left the play feeling bad.
Target utterance: They said:  """"That wasn't fun at all.""""
What meaning is They most likely conveying?
a. They found the play entertaining.
b. They found the play dull.
c. They liked to watch a play in their favorite theatre.
d. They had fun eating together.
Reasoning:
Answer:
","- The phrase ""feeling bad"" suggests that the experience was negative.
- Saying ""That wasn't fun at all"" directly states that the play was not enjoyable.
- The context of leaving a play and expressing dissatisfaction indicates that the play itself was the source of the negative feeling, not the company or the venue.","['b', 'a', 'd', 'c']",4,A_NI,"{'a': 3.390625, 'b': 15.3125, 'c': 2.59375, 'd': 7.1875}","{'a': 6.641447725996841e-06, 'b': 0.9996944665908813, 'c': 2.993534963025013e-06, 'd': 0.0002959542616736144}",0.9996944665908813,,"- The phrase ""feeling bad"" suggests that the experience was negative.
- Saying ""That wasn't fun at all"" directly states that the play was not enjoyable.
- The context of leaving a play and expressing dissatisfaction indicates that the play itself was the source of the negative feeling, not the company or the venue.",
C1_52_UA_I,C1_52,114,1,unambiguous,ironic,b,She found the whole meal disappointing.,OLMo-2-7B,Condition1B_context_richness_stimuli,general_reasoning,"You will read short stories that describe everyday situations and which finish with a person saying something. Your task is to decide, given the situation, what meaning the person is most likely conveying. Each story will be followed by 4 possible meaning interpretations listed from a to d. Read each story and choose the number corresponding to the most likely meaning. State the reasoning in 2-3 bullet points and the answer. You can only answer with a, b, c, or d.
Context: She had a terrible meal at a restaurant.
Target utterance: She says: """"That was a great restaurant visit.""""
What meaning is She most likely conveying?
a. She wanted to try the meal for months.
b. She found the whole meal disappointing.
c. The rmeal was a genuinely enjoyable experience.
d. She always enjoyed a restaurant visit before a big day out.
Reasoning:
Answer:
","- The phrase ""terrible meal"" suggests that She did not enjoy the food or experience.
- Saying ""That was a great restaurant visit"" in the context of a terrible meal implies sarcasm or a negative sentiment.
- The most likely meaning is b, as it directly contrasts the poor meal with the claimed greatness of the visit, indicating disappointment.","['d', 'b', 'a', 'c']",4,UA_I,"{'a': 1.3359375, 'b': 15.0625, 'c': 4.125, 'd': 1.921875}","{'a': 1.0930012876997353e-06, 'b': 0.9999792575836182, 'c': 1.777849865902681e-05, 'd': 1.9637675450212555e-06}",0.9999792575836182,,"- The phrase ""terrible meal"" suggests that She did not enjoy the food or experience.
- Saying ""That was a great restaurant visit"" in the context of a terrible meal implies sarcasm or a negative sentiment.
- The most likely meaning is b, as it directly contrasts the poor meal with the claimed greatness of the visit, indicating disappointment.",
C1_53_UA_NI,C1_53,140,1,unambiguous,non-ironic,a,The ground was moist and muddy after the rain.,OLMo-2-7B,Condition1B_context_richness_stimuli,general_reasoning,"You will read short stories that describe everyday situations and which finish with a person saying something. Your task is to decide, given the situation, what meaning the person is most likely conveying. Each story will be followed by 4 possible meaning interpretations listed from a to d. Read each story and choose the number corresponding to the most likely meaning. State the reasoning in 2-3 bullet points and the answer. You can only answer with a, b, c, or d.
Context: After the weather changed, the ground became parched.
Target utterance: She says: """"Perfect conditions for a picnic..""""
What meaning is She most likely conveying?
a. The ground was moist and muddy after the rain.
b. She knelt in the mud to look closely at the earth.
c. The ground was uneven where she stood.
d. The ground was dried out.
Reasoning:
Answer:
","- The context mentions that the weather changed and the ground became parched, indicating dryness.
- The target utterance suggests that the speaker sees the parched ground as ideal for a picnic, implying a positive view of the conditions.
- The most likely meaning is d because the ground's dryness would be beneficial for a picnic, as it would not be muddy or wet, aligning with the statement's positive connotation.","['a', 'c', 'd', 'b']",4,UA_NI,"{'a': 2.359375, 'b': 4.84375, 'c': 2.453125, 'd': 17.5}","{'a': 2.65771546992255e-07, 'b': 3.1875636068434687e-06, 'c': 2.918929453699093e-07, 'd': 0.9999963045120239}",0.9999963045120239,,"- The context mentions that the weather changed and the ground became parched, indicating dryness.
- The target utterance suggests that the speaker sees the parched ground as ideal for a picnic, implying a positive view of the conditions.
- The most likely meaning is d because the ground's dryness would be beneficial for a picnic, as it would not be muddy or wet, aligning with the statement's positive connotation.",
C1_54_A_I,C1_54,123,1,ambiguous,ironic,a,The garden was just watered and needed to dry out.,OLMo-2-7B,Condition1B_context_richness_stimuli,general_reasoning,"You will read short stories that describe everyday situations and which finish with a person saying something. Your task is to decide, given the situation, what meaning the person is most likely conveying. Each story will be followed by 4 possible meaning interpretations listed from a to d. Read each story and choose the number corresponding to the most likely meaning. State the reasoning in 2-3 bullet points and the answer. You can only answer with a, b, c, or d.
Context: The garden was dry in the morning.
Target utterance: They said: """"That’s enough water for the day.""""
What meaning is They most likely conveying?
a. The garden was just watered and needed to dry out.
b. They wanted a new water feature.
c. The garden was struggling without any water.
d. They played some boardgames in the garden.
Reasoning:
Answer:
","- The garden was dry in the morning, indicating it hadn't been watered recently.
- Saying ""That's enough water for the day"" suggests they believe the garden has received sufficient water for the current period.
- The context of a dry garden in the morning implies the garden was in need of water, contradicting the idea of wanting a new water feature (option b) or playing boardgames in the garden (option d), as these activities would not explain the need for water.","['b', 'c', 'a', 'd']",4,A_I,"{'a': 14.5, 'b': 3.609375, 'c': 12.3125, 'd': 2.734375}","{'a': 0.8991000652313232, 'b': 1.6752117517171428e-05, 'c': 0.10087623447179794, 'd': 6.983320872677723e-06}",0.8991000652313232,,"- The garden was dry in the morning, indicating it hadn't been watered recently.
- Saying ""That's enough water for the day"" suggests they believe the garden has received sufficient water for the current period.
- The context of a dry garden in the morning implies the garden was in need of water, contradicting the idea of wanting a new water feature (option b) or playing boardgames in the garden (option d), as these activities would not explain the need for water.",
C1_55_A_NI,C1_55,100,1,ambiguous,non-ironic,a,The plants had been getting plenty of moisture to grow.,OLMo-2-7B,Condition1B_context_richness_stimuli,general_reasoning,"You will read short stories that describe everyday situations and which finish with a person saying something. Your task is to decide, given the situation, what meaning the person is most likely conveying. Each story will be followed by 4 possible meaning interpretations listed from a to d. Read each story and choose the number corresponding to the most likely meaning. State the reasoning in 2-3 bullet points and the answer. You can only answer with a, b, c, or d.
Context: The field was dry.
Target utterance: He says: """"Terrible news for anything trying to grow..""""
What meaning is He most likely conveying?
a. The plants had been getting plenty of moisture to grow.
b. He had been reading about different farming techniques.
c. The plants had been wilting due to lack of water.
d. He was considering buying a new tractor.
Reasoning:
Answer:
","- The field being dry suggests a lack of water, which is unfavorable for growth.
- The comment about it being ""terrible news for anything trying to grow"" implies that the dryness negatively impacts growth.
- The speaker is likely referring to the plants, which require water to grow.","['a', 'c', 'b', 'd']",4,A_NI,"{'a': 7.40625, 'b': 6.25, 'c': 15.875, 'd': 4.40625}","{'a': 0.00020986702293157578, 'b': 6.603758811252192e-05, 'c': 0.9997135996818542, 'd': 1.0448664397699758e-05}",0.9997135996818542,,"- The field being dry suggests a lack of water, which is unfavorable for growth.
- The comment about it being ""terrible news for anything trying to grow"" implies that the dryness negatively impacts growth.
- The speaker is likely referring to the plants, which require water to grow.",
C1_56_UA_I,C1_56,158,1,unambiguous,ironic,a,Her hair was completely dry.,OLMo-2-7B,Condition1B_context_richness_stimuli,general_reasoning,"You will read short stories that describe everyday situations and which finish with a person saying something. Your task is to decide, given the situation, what meaning the person is most likely conveying. Each story will be followed by 4 possible meaning interpretations listed from a to d. Read each story and choose the number corresponding to the most likely meaning. State the reasoning in 2-3 bullet points and the answer. You can only answer with a, b, c, or d.
Context: She saw her parched hair.
Target utterance: She said: """"The rain really caught me by surprise.""""
What meaning is She most likely conveying?
a. Her hair was completely dry.
b. She had her hair cut short last week.
c. They organised a surprise party for him.
d. Her hair was soaking wet.
Reasoning:
Answer:
","- The phrase ""parched hair"" indicates that her hair was dry due to lack of moisture.
- Saying ""The rain really caught me by surprise"" suggests that she was not expecting rain.
- The combination of these two points indicates that her hair was dry because it was not exposed to rain, and she was surprised by the rain. Therefore, the most likely meaning is d. Her hair was soaking wet.","['b', 'd', 'c', 'a']",4,UA_I,"{'a': 1.0546875, 'b': 4.4375, 'c': 1.765625, 'd': 16.625}","{'a': 1.7294053122896003e-07, 'b': 5.093702384328935e-06, 'c': 3.5208947224418807e-07, 'd': 0.9999943971633911}",0.9999943971633911,,"- The phrase ""parched hair"" indicates that her hair was dry due to lack of moisture.
- Saying ""The rain really caught me by surprise"" suggests that she was not expecting rain.
- The combination of these two points indicates that her hair was dry because it was not exposed to rain, and she was surprised by the rain. Therefore, the most likely meaning is d. Her hair was soaking wet.",
C1_57_UA_NI,C1_57,89,1,unambiguous,non-ironic,c,I admired the outfit.,OLMo-2-7B,Condition1B_context_richness_stimuli,general_reasoning,"You will read short stories that describe everyday situations and which finish with a person saying something. Your task is to decide, given the situation, what meaning the person is most likely conveying. Each story will be followed by 4 possible meaning interpretations listed from a to d. Read each story and choose the number corresponding to the most likely meaning. State the reasoning in 2-3 bullet points and the answer. You can only answer with a, b, c, or d.
Context: I wore a hideous outfit to attend the award ceremony.
Target utterance: I say: """"I really didn't try at all today.""""
What meaning is I most likely conveying?
a. I thought the outfit was ugly.
b. I received an amazing award.
c. I admired the outfit.
d. The comedians on the stage enjoyed themselves.
Reasoning:
Answer:
","- The speaker is reflecting on their own appearance and actions, indicating a lack of effort in choosing the outfit.
- The mention of an ""award ceremony"" suggests that the speaker is receiving recognition for something, which contrasts with the statement about the outfit.
- The statement ""I really didn't try at all today"" implies a lack of care or effort in the speaker's actions or appearance, fitting with the context of wearing a poor outfit to an important event.","['b', 'c', 'a', 'd']",4,UA_NI,"{'a': 13.6875, 'b': 3.8125, 'c': 0.8515625, 'd': 3.25}","{'a': 0.9999165534973145, 'b': 5.144056922290474e-05, 'c': 2.6630966658558464e-06, 'd': 2.9309951059985906e-05}",0.9999165534973145,,"- The speaker is reflecting on their own appearance and actions, indicating a lack of effort in choosing the outfit.
- The mention of an ""award ceremony"" suggests that the speaker is receiving recognition for something, which contrasts with the statement about the outfit.
- The statement ""I really didn't try at all today"" implies a lack of care or effort in the speaker's actions or appearance, fitting with the context of wearing a poor outfit to an important event.",
C1_58_A_I,C1_58,105,1,ambiguous,ironic,c,She thought the car was ugly.,OLMo-2-7B,Condition1B_context_richness_stimuli,general_reasoning,"You will read short stories that describe everyday situations and which finish with a person saying something. Your task is to decide, given the situation, what meaning the person is most likely conveying. Each story will be followed by 4 possible meaning interpretations listed from a to d. Read each story and choose the number corresponding to the most likely meaning. State the reasoning in 2-3 bullet points and the answer. You can only answer with a, b, c, or d.
Context: She saw an ugly car on the street.
Target utterance: She says: """"That’s a real beauty.""""
What meaning is she most likely conveying?
a. She admired the car.
b. She thought the painting was beautiful.
c. She thought the car was ugly.
d. She had booked a car.
Reasoning:
Answer:
","- The phrase ""real beauty"" typically refers to something genuinely attractive or pleasing to the eye, which contrasts with being ugly.
- The context mentions that the car is described as ""ugly,"" which suggests that the speaker is using irony or sarcasm.
- The most likely meaning is that she is sarcastically complimenting the car's appearance, indicating it is not beautiful. Therefore, the answer is c. She thought the car was ugly.","['a', 'c', 'b', 'd']",4,A_I,"{'a': 4.21875, 'b': 4.625, 'c': 15.5625, 'd': 4.125}","{'a': 1.1842801541206427e-05, 'b': 1.7778151232050732e-05, 'c': 0.9999597072601318, 'd': 1.0782993740576785e-05}",0.9999597072601318,,"- The phrase ""real beauty"" typically refers to something genuinely attractive or pleasing to the eye, which contrasts with being ugly.
- The context mentions that the car is described as ""ugly,"" which suggests that the speaker is using irony or sarcasm.
- The most likely meaning is that she is sarcastically complimenting the car's appearance, indicating it is not beautiful. Therefore, the answer is c. She thought the car was ugly.",
C1_59_A_NI,C1_59,76,1,ambiguous,non-ironic,b,The painting was genuinely ugly.,OLMo-2-7B,Condition1B_context_richness_stimuli,general_reasoning,"You will read short stories that describe everyday situations and which finish with a person saying something. Your task is to decide, given the situation, what meaning the person is most likely conveying. Each story will be followed by 4 possible meaning interpretations listed from a to d. Read each story and choose the number corresponding to the most likely meaning. State the reasoning in 2-3 bullet points and the answer. You can only answer with a, b, c, or d.
Context: He looked at an ugly painting.
Target utterance: He said: """"That's hard to look at.""""
What meaning is He most likely conveying?
a. The painting was genuinely beautiful.
b. The painting was genuinely ugly.
c. They spent the weekend for this painting.
d. He gave her a stern look.
Reasoning:
Answer:
","- The context mentions that the painting is described as 'ugly', which suggests that He is likely commenting on its unappealing appearance.
- The phrase ""That's hard to look at"" typically implies discomfort or difficulty in viewing something, which aligns with the notion of an 'ugly' painting.
- There is no mention of any other activity or event related to the painting, such as a weekend spent with it, making option c implausible. Similarly, there is no information suggesting He gave someone a stern look (option d), so these options can be ruled out.","['b', 'a', 'd', 'c']",4,A_NI,"{'a': 3.5625, 'b': 15.25, 'c': 2.84375, 'd': 4.71875}","{'a': 8.397813871852122e-06, 'b': 0.9999608993530273, 'c': 4.092767539987108e-06, 'd': 2.6688197976909578e-05}",0.9999608993530273,,"- The context mentions that the painting is described as 'ugly', which suggests that He is likely commenting on its unappealing appearance.
- The phrase ""That's hard to look at"" typically implies discomfort or difficulty in viewing something, which aligns with the notion of an 'ugly' painting.
- There is no mention of any other activity or event related to the painting, such as a weekend spent with it, making option c implausible. Similarly, there is no information suggesting He gave someone a stern look (option d), so these options can be ruled out.",
C1_60_UA_I,C1_60,212,1,unambiguous,ironic,a,They thought the bird was not beautiful.,OLMo-2-7B,Condition1B_context_richness_stimuli,general_reasoning,"You will read short stories that describe everyday situations and which finish with a person saying something. Your task is to decide, given the situation, what meaning the person is most likely conveying. Each story will be followed by 4 possible meaning interpretations listed from a to d. Read each story and choose the number corresponding to the most likely meaning. State the reasoning in 2-3 bullet points and the answer. You can only answer with a, b, c, or d.
Context: They saw a hideous bird.
Target utterance: They said: """"A real eye-catcher.""""
What meaning is They most likely conveying?
a. They thought the bird was not beautiful.
b. They thought the bird was beautiful.
c. The bird looked at them really closely.
d. They had a great time on a trip.
Reasoning:
Answer:
","- The phrase ""a real eye-catcher"" typically means something that is very noticeable or striking, often in a positive way. 
- Given the context of seeing a ""hideous bird,"" it's unlikely that the speaker would describe it as beautiful (option b).
- The bird being hideous suggests it was not visually appealing, which aligns with option a: they thought the bird was not beautiful.
- Therefore, the most likely meaning is a. They thought the bird was not beautiful.","['b', 'a', 'c', 'd']",4,UA_I,"{'a': 14.1875, 'b': 2.0, 'c': -2.265625, 'd': -0.8046875}","{'a': 0.9999943971633911, 'b': 5.093702384328935e-06, 'c': 7.153131065251728e-08, 'd': 3.0829980346425145e-07}",0.9999943971633911,,"- The phrase ""a real eye-catcher"" typically means something that is very noticeable or striking, often in a positive way. 
- Given the context of seeing a ""hideous bird,"" it's unlikely that the speaker would describe it as beautiful (option b).
- The bird being hideous suggests it was not visually appealing, which aligns with option a: they thought the bird was not beautiful.
- Therefore, the most likely meaning is a. They thought the bird was not beautiful.",
C1_61_UA_NI,C1_61,86,1,unambiguous,non-ironic,c,The kettle was a real bargain.,OLMo-2-7B,Condition1B_context_richness_stimuli,general_reasoning,"You will read short stories that describe everyday situations and which finish with a person saying something. Your task is to decide, given the situation, what meaning the person is most likely conveying. Each story will be followed by 4 possible meaning interpretations listed from a to d. Read each story and choose the number corresponding to the most likely meaning. State the reasoning in 2-3 bullet points and the answer. You can only answer with a, b, c, or d.
Context: I found a nice kettle which was free.
Target utterance: I said: """"What a steal.""""
What meaning is I most likely conveying?
a. The kettle boiled over..
b. The kettle was expensive.
c. The kettle was a real bargain.
d. A thief tried to steal my bag.
Reasoning:
Answer:
","- The phrase ""What a steal"" typically means that something was acquired at a significantly lower price than its value, suggesting it was a bargain. 
- The context mentions that the kettle was free, which implies it was obtained without cost, fitting the definition of a bargain.
- The phrase ""What a steal"" is commonly used to express excitement or satisfaction about a good deal, which aligns with the situation of finding a free kettle that is presumably of value.","['d', 'b', 'a', 'c']",4,UA_NI,"{'a': 5.0625, 'b': 6.21875, 'c': 16.875, 'd': 6.59375}","{'a': 7.410851594613632e-06, 'b': 2.355163815082051e-05, 'c': 0.9999347925186157, 'd': 3.42674320563674e-05}",0.9999347925186157,,"- The phrase ""What a steal"" typically means that something was acquired at a significantly lower price than its value, suggesting it was a bargain. 
- The context mentions that the kettle was free, which implies it was obtained without cost, fitting the definition of a bargain.
- The phrase ""What a steal"" is commonly used to express excitement or satisfaction about a good deal, which aligns with the situation of finding a free kettle that is presumably of value.",
C1_62_A_I,C1_62,165,1,ambiguous,ironic,a,The vase was not pricy.,OLMo-2-7B,Condition1B_context_richness_stimuli,general_reasoning,"You will read short stories that describe everyday situations and which finish with a person saying something. Your task is to decide, given the situation, what meaning the person is most likely conveying. Each story will be followed by 4 possible meaning interpretations listed from a to d. Read each story and choose the number corresponding to the most likely meaning. State the reasoning in 2-3 bullet points and the answer. You can only answer with a, b, c, or d.
Context: He broke a cheap vase.
Target utterance: He said: """"Well, there goes a priceless treasure""""
What meaning is He most likely conveying?
a. The vase was not pricy.
b. The experience of breaking the vase was worth it.
c. The vase was worth a lot of money.
d. He went on a hike and picked up flowers.
Reasoning:
Answer:
","- The phrase ""Well, there goes a priceless treasure"" is sarcastic and implies that the vase was not actually a priceless treasure but rather cheap or worthless.
- The context of breaking a cheap vase supports the idea that it was not valuable.
- The utterance suggests a humorous or ironic take on the situation, rather than a literal statement about the vase's value.","['b', 'c', 'a', 'd']",4,A_I,"{'a': 13.5625, 'b': 1.7265625, 'c': 1.3515625, 'd': -0.236328125}","{'a': 0.9999866485595703, 'b': 7.2395546339976136e-06, 'c': 4.975668161932845e-06, 'd': 1.016808823806059e-06}",0.9999866485595703,,"- The phrase ""Well, there goes a priceless treasure"" is sarcastic and implies that the vase was not actually a priceless treasure but rather cheap or worthless.
- The context of breaking a cheap vase supports the idea that it was not valuable.
- The utterance suggests a humorous or ironic take on the situation, rather than a literal statement about the vase's value.",
C1_63_A_NI,C1_63,195,1,ambiguous,non-ironic,b,The perfume was pricy.,OLMo-2-7B,Condition1B_context_richness_stimuli,general_reasoning,"You will read short stories that describe everyday situations and which finish with a person saying something. Your task is to decide, given the situation, what meaning the person is most likely conveying. Each story will be followed by 4 possible meaning interpretations listed from a to d. Read each story and choose the number corresponding to the most likely meaning. State the reasoning in 2-3 bullet points and the answer. You can only answer with a, b, c, or d.
Context: She was wearing cheap perfume.
Target utterance: She said: """"Smells like it's from a gas station.""""
What meaning is She most likely conveying?
a. The perfume was not pricy.
b. The perfume was pricy.
c. The fragrance label was worth reading.
d. The ocean was calm and quiet.
Reasoning:
Answer:
","- The phrase ""smells like it's from a gas station"" typically implies a negative or low-quality scent, suggesting that the perfume was not of high quality.
- The context mentions that the perfume was ""cheap,"" which aligns with the idea that it was of low quality.
- The target utterance directly communicates a negative opinion about the perfume's scent, which is most likely in response to the quality of the perfume being poor.","['b', 'a', 'c', 'd']",4,A_NI,"{'a': 14.4375, 'b': 5.09375, 'c': -0.396484375, 'd': 1.296875}","{'a': 0.9999102354049683, 'b': 8.750279812375084e-05, 'c': 3.611132513015036e-07, 'd': 1.9636320303106913e-06}",0.9999102354049683,,"- The phrase ""smells like it's from a gas station"" typically implies a negative or low-quality scent, suggesting that the perfume was not of high quality.
- The context mentions that the perfume was ""cheap,"" which aligns with the idea that it was of low quality.
- The target utterance directly communicates a negative opinion about the perfume's scent, which is most likely in response to the quality of the perfume being poor.",
C1_64_UA_I,C1_64,276,1,unambiguous,ironic,b,The bag was worth very little.,OLMo-2-7B,Condition1B_context_richness_stimuli,general_reasoning,"You will read short stories that describe everyday situations and which finish with a person saying something. Your task is to decide, given the situation, what meaning the person is most likely conveying. Each story will be followed by 4 possible meaning interpretations listed from a to d. Read each story and choose the number corresponding to the most likely meaning. State the reasoning in 2-3 bullet points and the answer. You can only answer with a, b, c, or d.
Context: She got a free bag.
Target utterance: She said: """"Looks like a real designer piece.""""
What meaning is She most likely conveying?
a. She liked to wear that designer piece.
b. The bag was worth very little.
c. The bag was worth a lot.
d. She had dark bags under her eyes.
Reasoning:
Answer:
","- The phrase ""Looks like a real designer piece"" suggests that the bag appears to be of high quality and possibly authentic, implying it has value.
- The use of the word ""real"" suggests that the bag is genuine and not counterfeit, which typically implies higher value.
- The context of getting a free bag and commenting on its appearance suggests she is impressed by its quality, which is consistent with the idea that it is worth a lot.","['c', 'b', 'a', 'd']",4,UA_I,"{'a': 3.453125, 'b': 6.40625, 'c': 16.625, 'd': 8.0625}","{'a': 1.902951566989941e-06, 'b': 3.647150151664391e-05, 'c': 0.9997705817222595, 'd': 0.00019109700224362314}",0.9997705817222595,,"- The phrase ""Looks like a real designer piece"" suggests that the bag appears to be of high quality and possibly authentic, implying it has value.
- The use of the word ""real"" suggests that the bag is genuine and not counterfeit, which typically implies higher value.
- The context of getting a free bag and commenting on its appearance suggests she is impressed by its quality, which is consistent with the idea that it is worth a lot.",
C1_65_UA_NI,C1_65,174,1,unambiguous,non-ironic,c,The house felt cramped and tiny.,OLMo-2-7B,Condition1B_context_richness_stimuli,general_reasoning,"You will read short stories that describe everyday situations and which finish with a person saying something. Your task is to decide, given the situation, what meaning the person is most likely conveying. Each story will be followed by 4 possible meaning interpretations listed from a to d. Read each story and choose the number corresponding to the most likely meaning. State the reasoning in 2-3 bullet points and the answer. You can only answer with a, b, c, or d.
Context: They moved into a tiny house.
Target utterance: They said: """"You can barely turn around in here.""""
What meaning is They most likely conveying?
a. They made a sharp turn at the end of the road.
b. The house felt spacious and huge.
c. The house felt cramped and tiny.
d. The house was red and blue.
Reasoning:
Answer:
","- The statement ""You can barely turn around in here"" suggests that there is very little space to move around in the house.
- Given that they moved into a tiny house, it implies that the house is indeed very small.
- The phrase ""barely turn around"" indicates a lack of space, which aligns with the description of the house as tiny.","['c', 'b', 'a', 'd']",4,UA_NI,"{'a': 3.71875, 'b': 6.75, 'c': 17.125, 'd': 6.34375}","{'a': 1.5056235724841827e-06, 'b': 3.120121982647106e-05, 'c': 0.9999465942382812, 'd': 2.078449324471876e-05}",0.9999465942382812,,"- The statement ""You can barely turn around in here"" suggests that there is very little space to move around in the house.
- Given that they moved into a tiny house, it implies that the house is indeed very small.
- The phrase ""barely turn around"" indicates a lack of space, which aligns with the description of the house as tiny.",
C1_66_A_I,C1_66,245,1,ambiguous,ironic,b,They thought the concert was small.,OLMo-2-7B,Condition1B_context_richness_stimuli,general_reasoning,"You will read short stories that describe everyday situations and which finish with a person saying something. Your task is to decide, given the situation, what meaning the person is most likely conveying. Each story will be followed by 4 possible meaning interpretations listed from a to d. Read each story and choose the number corresponding to the most likely meaning. State the reasoning in 2-3 bullet points and the answer. You can only answer with a, b, c, or d.
Context: They attended a concert at a small venue.


Target utterance: They said: """"What a massive event.""""
What meaning is they most likely conveying?
a. They liked go to concerts.
b. They thought the concert was small.
c. They thought the concert was huge.
d. They organized a massive event for dating.
Reasoning:
Answer:
","- The phrase ""What a massive event"" suggests that the speaker was surprised by the size or scale of the event.
- Given that they attended a concert at a small venue, the use of ""massive"" indicates that the concert was unexpectedly large or well-attended.
- The context of attending a concert implies that the speaker is commenting on the event they experienced, not organizing one.","['d', 'b', 'a', 'c']",4,A_I,"{'a': 6.46875, 'b': 10.375, 'c': 15.0, 'd': 8.4375}","{'a': 0.000194982931134291, 'b': 0.009693026542663574, 'c': 0.9887155890464783, 'd': 0.0013964129611849785}",0.9887155890464783,,"- The phrase ""What a massive event"" suggests that the speaker was surprised by the size or scale of the event.
- Given that they attended a concert at a small venue, the use of ""massive"" indicates that the concert was unexpectedly large or well-attended.
- The context of attending a concert implies that the speaker is commenting on the event they experienced, not organizing one.",
C1_67_A_NI,C1_67,231,1,ambiguous,non-ironic,d,She thought the spider was tiny.,OLMo-2-7B,Condition1B_context_richness_stimuli,general_reasoning,"You will read short stories that describe everyday situations and which finish with a person saying something. Your task is to decide, given the situation, what meaning the person is most likely conveying. Each story will be followed by 4 possible meaning interpretations listed from a to d. Read each story and choose the number corresponding to the most likely meaning. State the reasoning in 2-3 bullet points and the answer. You can only answer with a, b, c, or d.
Context: She spotted a small spider.
Target utterance: She said: """"Almost didn't see it.""""
What meaning is She most likely conveying?
a. She thought the spider was huge.
b. She went to see her doctor on Monday.
c. She drew a spider diagram to plan her essay.
d. She thought the spider was tiny.
Reasoning:
Answer:
","- The phrase ""Almost didn't see it"" suggests that the spider was very small and difficult to notice.
- The context of spotting a small spider implies that it was not a large or threatening spider.
- The statement does not relate to seeing a doctor, drawing a diagram, or writing an essay.","['b', 'c', 'd', 'a']",4,A_NI,"{'a': 5.875, 'b': 5.03125, 'c': 1.8125, 'd': 16.625}","{'a': 2.1444744561449625e-05, 'b': 9.223269444191828e-06, 'c': 3.689772256620927e-07, 'd': 0.9999690055847168}",0.9999690055847168,,"- The phrase ""Almost didn't see it"" suggests that the spider was very small and difficult to notice.
- The context of spotting a small spider implies that it was not a large or threatening spider.
- The statement does not relate to seeing a doctor, drawing a diagram, or writing an essay.",
C1_68_UA_I,C1_68,236,1,unambiguous,ironic,b,I thought the dog was small.,OLMo-2-7B,Condition1B_context_richness_stimuli,general_reasoning,"You will read short stories that describe everyday situations and which finish with a person saying something. Your task is to decide, given the situation, what meaning the person is most likely conveying. Each story will be followed by 4 possible meaning interpretations listed from a to d. Read each story and choose the number corresponding to the most likely meaning. State the reasoning in 2-3 bullet points and the answer. You can only answer with a, b, c, or d.
Context: I met a tiny dog.
Target utterance: I said: """"He could swallow me whole.""""
What meaning is I most likely conveying?
a. I swallowed a pill.
b. I thought the dog was small.
c. The dog wore a collar.
d. I thought the dog was huge.
Reasoning:
Answer:
","- The statement ""He could swallow me whole"" suggests a comparison of size between the speaker and the dog, implying the dog is much larger.
- The context mentions meeting a tiny dog, which contrasts with the statement suggesting the dog is large enough to swallow the speaker.
- The statement does not mention any action taken by the speaker, such as swallowing a pill, nor does it describe the dog's attire, such as wearing a collar.","['c', 'b', 'd', 'a']",4,UA_I,"{'a': 4.21875, 'b': 12.125, 'c': 4.15625, 'd': 12.375}","{'a': 0.0001612584455870092, 'b': 0.43768659234046936, 'c': 0.0001514882897026837, 'd': 0.5620006918907166}",0.5620006918907166,,"- The statement ""He could swallow me whole"" suggests a comparison of size between the speaker and the dog, implying the dog is much larger.
- The context mentions meeting a tiny dog, which contrasts with the statement suggesting the dog is large enough to swallow the speaker.
- The statement does not mention any action taken by the speaker, such as swallowing a pill, nor does it describe the dog's attire, such as wearing a collar.",
C1_69_UA_NI,C1_69,200,1,unambiguous,non-ironic,a,The pool was super cold.,OLMo-2-7B,Condition1B_context_richness_stimuli,general_reasoning,"You will read short stories that describe everyday situations and which finish with a person saying something. Your task is to decide, given the situation, what meaning the person is most likely conveying. Each story will be followed by 4 possible meaning interpretations listed from a to d. Read each story and choose the number corresponding to the most likely meaning. State the reasoning in 2-3 bullet points and the answer. You can only answer with a, b, c, or d.
Context: She jumped into a cold pool.
Target utterance: She said:  """"One could catch a cold in here.""""
What meaning is She most likely conveying?
a. The pool was super cold.
b. She played a game of pool in the bar.
c. The pool was super warm.
d. She liked to chill on that sofa after work.
Reasoning:
Answer:
","- The context mentions a cold pool, indicating that the temperature of the water is low.
- The phrase ""One could catch a cold in here"" suggests that the cold temperature could lead to someone getting sick.
- The most likely meaning is a, as it directly relates to the cold temperature of the pool mentioned in the story.","['a', 'd', 'b', 'c']",4,UA_NI,"{'a': 15.0625, 'b': 1.9296875, 'c': -1.0859375, 'd': 0.044921875}","{'a': 0.9999974966049194, 'b': 1.9792055354628246e-06, 'c': 9.701113867777167e-08, 'd': 3.00571372235936e-07}",0.9999974966049194,,"- The context mentions a cold pool, indicating that the temperature of the water is low.
- The phrase ""One could catch a cold in here"" suggests that the cold temperature could lead to someone getting sick.
- The most likely meaning is a, as it directly relates to the cold temperature of the pool mentioned in the story.",
C1_70_A_I,C1_70,277,1,ambiguous,ironic,a,The weather conditions were awful.,OLMo-2-7B,Condition1B_context_richness_stimuli,general_reasoning,"You will read short stories that describe everyday situations and which finish with a person saying something. Your task is to decide, given the situation, what meaning the person is most likely conveying. Each story will be followed by 4 possible meaning interpretations listed from a to d. Read each story and choose the number corresponding to the most likely meaning. State the reasoning in 2-3 bullet points and the answer. You can only answer with a, b, c, or d.
Context: He went to the beach, and the weather was cool.
Target utterance: He said: """"Couldn't have asked for better weather.""""
What meaning is he most likely conveying?
a. The weather conditions were awful.
b. The weather conditions were perfect.
c. He meant to harvest the houseplants, but forgot about it.
d. The delivery driver arrived in heavy rain.
Reasoning:
Answer:
","- The weather was cool, which implies it was not too hot, suggesting it was pleasant.
- Saying ""Couldn't have asked for better weather"" implies that the weather was excellent.
- The context of going to the beach and describing the weather as cool suggests that the speaker is referring to beach weather, which is typically warm but not too hot.","['b', 'a', 'd', 'c']",4,A_I,"{'a': 4.09375, 'b': 14.6875, 'c': 1.2421875, 'd': 4.375}","{'a': 2.507072531443555e-05, 'b': 0.9999402761459351, 'c': 1.4479348919849144e-06, 'd': 3.321331678307615e-05}",0.9999402761459351,,"- The weather was cool, which implies it was not too hot, suggesting it was pleasant.
- Saying ""Couldn't have asked for better weather"" implies that the weather was excellent.
- The context of going to the beach and describing the weather as cool suggests that the speaker is referring to beach weather, which is typically warm but not too hot.",
C1_71_A_NI,C1_71,57,1,ambiguous,non-ironic,a,The room was freezing cold.,OLMo-2-7B,Condition1B_context_richness_stimuli,general_reasoning,"You will read short stories that describe everyday situations and which finish with a person saying something. Your task is to decide, given the situation, what meaning the person is most likely conveying. Each story will be followed by 4 possible meaning interpretations listed from a to d. Read each story and choose the number corresponding to the most likely meaning. State the reasoning in 2-3 bullet points and the answer. You can only answer with a, b, c, or d.
Context: I walked into a cool room. 
Target utterance: I said:  """"Feels like the North Pole in here.""""
What meaning is I most likely conveying?
a. The room was freezing cold.
b. There wasn't enough room in the car for everyone.
c. I leaned the fishing pole against the wall.
d. The room was really warm.
Reasoning:
Answer:
","- The phrase ""Feels like the North Pole in here"" strongly suggests a very cold environment, as the North Pole is famously known for its extreme cold temperatures.
- The context of entering a ""cool room"" before making the statement further supports the idea that the room is cold, as ""cool"" typically implies a lower temperature than room temperature.
- The statement ""Feels like the North Pole in here"" is a common idiom used to express that a place is very cold, not that it is related to physical space (like a fishing pole) or warmth (like a hot environment).","['a', 'd', 'c', 'b']",4,A_NI,"{'a': 14.5, 'b': 0.87109375, 'c': -1.953125, 'd': -0.703125}","{'a': 0.9999984502792358, 'b': 1.2051484645780874e-06, 'c': 7.153159486961158e-08, 'd': 2.4966979594864824e-07}",0.9999984502792358,,"- The phrase ""Feels like the North Pole in here"" strongly suggests a very cold environment, as the North Pole is famously known for its extreme cold temperatures.
- The context of entering a ""cool room"" before making the statement further supports the idea that the room is cold, as ""cool"" typically implies a lower temperature than room temperature.
- The statement ""Feels like the North Pole in here"" is a common idiom used to express that a place is very cold, not that it is related to physical space (like a fishing pole) or warmth (like a hot environment).",
C1_72_UA_I,C1_72,179,1,unambiguous,ironic,a,Her coffee did not taste good.,OLMo-2-7B,Condition1B_context_richness_stimuli,general_reasoning,"You will read short stories that describe everyday situations and which finish with a person saying something. Your task is to decide, given the situation, what meaning the person is most likely conveying. Each story will be followed by 4 possible meaning interpretations listed from a to d. Read each story and choose the number corresponding to the most likely meaning. State the reasoning in 2-3 bullet points and the answer. You can only answer with a, b, c, or d.
Context: She took a sip of the cold coffee.
Target utterance: She said: """"This is what freshly made coffee tastes like.""""
What meaning is she most likely conveying?
a. Her coffee did not taste good.
b. Her coffee was delicious.
c. She did an experiment in health science.
d. Her coffee tasted like fresh mint.
Reasoning:
Answer:
","- The phrase ""This is what freshly made coffee tastes like"" suggests a comparison to what she expects freshly made coffee to taste like, implying that she is either confirming a positive experience or expressing surprise at the taste.
- The mention of ""cold coffee"" suggests that the coffee is not hot off the pot, which could imply that it has had time to cool down and potentially lose some of its fresh, hot flavor.
- Given the context of drinking coffee, the most likely interpretation is that she is commenting on the taste of the coffee, which could be either positive or neutral depending on her tone and the actual taste. However, since she took a sip, it's more likely she's making a neutral or positive statement rather than a negative one.","['b', 'a', 'd', 'c']",4,UA_I,"{'a': 13.1875, 'b': 12.1875, 'c': 1.8359375, 'd': 5.5}","{'a': 0.730807363986969, 'b': 0.2688490152359009, 'c': 8.587800948589575e-06, 'd': 0.00033509201603010297}",0.730807363986969,,"- The phrase ""This is what freshly made coffee tastes like"" suggests a comparison to what she expects freshly made coffee to taste like, implying that she is either confirming a positive experience or expressing surprise at the taste.
- The mention of ""cold coffee"" suggests that the coffee is not hot off the pot, which could imply that it has had time to cool down and potentially lose some of its fresh, hot flavor.
- Given the context of drinking coffee, the most likely interpretation is that she is commenting on the taste of the coffee, which could be either positive or neutral depending on her tone and the actual taste. However, since she took a sip, it's more likely she's making a neutral or positive statement rather than a negative one.",
