Item_ID,base_item,presentation_order,seed,context_level,irony_label,correct_option_pos,correct_option_text,model,dataset,prompt_type,prompt,output,original_option_mapping,run,condition,option_logits_raw,confidence_dist,confidence_top_prob,chosen_option,reasoning,chosen_original_option
C1_01_UA_I,C1_01,196,1,unambiguous,ironic,a,The cat was really hard to lift up.,OLMo-2-7B,Condition1B_context_richness_stimuli,general_reasoning,"You will read short stories that describe everyday situations and which finish with a person saying something. Your task is to decide, given the situation, what meaning the person is most likely conveying. Each story will be followed by 4 possible meaning interpretations listed from a to d. Read each story and choose the number corresponding to the most likely meaning. State the reasoning in 2-3 bullet points and the answer. You can only answer with a, b, c, or d.
Context: He lifted the obese cat from the table.
Target utterance: He said:  """"That was easy!""""
What meaning is He most likely conveying?
a. The cat was really hard to lift up.
b. The cat was easy to lift up.
c. He just got a great deal on a cat bed.
d. The exam was really easy.
Reasoning:
Answer:
","- The statement ""That was easy!"" typically implies that the task was less difficult than expected.
- Given the context of lifting an obese cat, which is likely to be heavier and more challenging than a typical cat, the exclamation suggests surprise at the ease of the task.
- The comparison to an easy task (like a really easy exam or getting a great deal on a cat bed) doesn't fit the physical context of lifting an obese cat.","['b', 'a', 'd', 'c']",3,UA_I,"{'a': 9.4375, 'b': 15.1875, 'c': 1.5625, 'd': 2.796875}","{'a': 0.0031726660672575235, 'b': 0.9968219995498657, 'c': 1.206022147925978e-06, 'd': 4.144169906794559e-06}",0.9968219995498657,,"- The statement ""That was easy!"" typically implies that the task was less difficult than expected.
- Given the context of lifting an obese cat, which is likely to be heavier and more challenging than a typical cat, the exclamation suggests surprise at the ease of the task.
- The comparison to an easy task (like a really easy exam or getting a great deal on a cat bed) doesn't fit the physical context of lifting an obese cat.",
C1_02_UA_NI,C1_02,267,1,unambiguous,non-ironic,d,The dog was really heavy to pick up.,OLMo-2-7B,Condition1B_context_richness_stimuli,general_reasoning,"You will read short stories that describe everyday situations and which finish with a person saying something. Your task is to decide, given the situation, what meaning the person is most likely conveying. Each story will be followed by 4 possible meaning interpretations listed from a to d. Read each story and choose the number corresponding to the most likely meaning. State the reasoning in 2-3 bullet points and the answer. You can only answer with a, b, c, or d.
Context: She picked up her obese dog.
Target utterance: She said: """"Heaviest dog ever.""""
What meaning is She most likely conveying?
a. The dog was very light to pick up.
b. She just adopted a new dog.
c. It was the heaviest package she ever carried.
d. The dog was really heavy to pick up.
Reasoning:
Answer:
","- The context mentions that the dog is obese, which implies that it is overweight and therefore likely heavy.
- The phrase ""Heaviest dog ever"" suggests that the dog is heavier than any other dog the speaker has encountered or is aware of.
- The most logical interpretation of the target utterance in the context provided is that the dog was really heavy to pick up, which corresponds to option d.","['b', 'd', 'c', 'a']",3,UA_NI,"{'a': 0.6796875, 'b': 3.8125, 'c': 2.9375, 'd': 17.5}","{'a': 4.9548486202866115e-08, 'b': 1.13656301437004e-06, 'c': 4.737899814699631e-07, 'd': 0.9999983310699463}",0.9999983310699463,,"- The context mentions that the dog is obese, which implies that it is overweight and therefore likely heavy.
- The phrase ""Heaviest dog ever"" suggests that the dog is heavier than any other dog the speaker has encountered or is aware of.
- The most logical interpretation of the target utterance in the context provided is that the dog was really heavy to pick up, which corresponds to option d.",
C1_03_A_I,C1_03,93,1,ambiguous,ironic,c,Their friend was hard to lift.,OLMo-2-7B,Condition1B_context_richness_stimuli,general_reasoning,"You will read short stories that describe everyday situations and which finish with a person saying something. Your task is to decide, given the situation, what meaning the person is most likely conveying. Each story will be followed by 4 possible meaning interpretations listed from a to d. Read each story and choose the number corresponding to the most likely meaning. State the reasoning in 2-3 bullet points and the answer. You can only answer with a, b, c, or d.
Context: They lift their overweight friend.
Target utterance: They said: """"Light as a feather.""""
What meaning is They most likely conveying?
a. The feather fell gently to the ground.
b. They decided to go out for dinner with their friend.
c. Their friend was hard to lift.
d. Their friend was very easy to lift.
Reasoning:
Answer:
","- The phrase ""Light as a feather"" typically suggests something is very light and easy to lift, which contrasts with the context of lifting an overweight friend.
- The situation describes an effortful action of lifting someone who is overweight, indicating difficulty.
- The utterance ""Light as a feather"" does not logically align with the effort required to lift an overweight person, suggesting a playful or ironic use of the phrase.","['c', 'd', 'b', 'a']",3,A_I,"{'a': 3.578125, 'b': 5.65625, 'c': 8.25, 'd': 16.25}","{'a': 3.137015710308333e-06, 'b': 2.5063105567824095e-05, 'c': 0.00033534065005369484, 'd': 0.9996364116668701}",0.9996364116668701,,"- The phrase ""Light as a feather"" typically suggests something is very light and easy to lift, which contrasts with the context of lifting an overweight friend.
- The situation describes an effortful action of lifting someone who is overweight, indicating difficulty.
- The utterance ""Light as a feather"" does not logically align with the effort required to lift an overweight person, suggesting a playful or ironic use of the phrase.",
C1_04_A_NI,C1_04,180,1,ambiguous,non-ironic,d,Holding my nephew took all my strength.,OLMo-2-7B,Condition1B_context_richness_stimuli,general_reasoning,"You will read short stories that describe everyday situations and which finish with a person saying something. Your task is to decide, given the situation, what meaning the person is most likely conveying. Each story will be followed by 4 possible meaning interpretations listed from a to d. Read each story and choose the number corresponding to the most likely meaning. State the reasoning in 2-3 bullet points and the answer. You can only answer with a, b, c, or d.
Context: I held my overweight nephew in my arms.
Target utterance: I said: """"Heavier than an elephant.""""
What meaning is I most likely conveying?
a. My nephew ate a burger that day.
b. Holding my nephew took nothing of my strength.
c. The elephant lumbered slowly across the plain.
d. Holding my nephew took all my strength.
Reasoning:
Answer:
","- The comparison to an elephant suggests that the nephew is very heavy, much heavier than a typical person.
- The phrase ""Heavier than an elephant"" is an idiom meaning extremely heavy.
- The context of holding the nephew implies that it took effort, suggesting that he is unusually heavy for a person to hold.","['d', 'b', 'c', 'a']",3,A_NI,"{'a': 5.96875, 'b': 12.625, 'c': 4.0, 'd': 13.9375}","{'a': 0.0002726272214204073, 'b': 0.2120029181241989, 'c': 3.806728636845946e-05, 'd': 0.7876864075660706}",0.7876864075660706,,"- The comparison to an elephant suggests that the nephew is very heavy, much heavier than a typical person.
- The phrase ""Heavier than an elephant"" is an idiom meaning extremely heavy.
- The context of holding the nephew implies that it took effort, suggesting that he is unusually heavy for a person to hold.",
C1_05_UA_I,C1_05,10,1,unambiguous,ironic,a,The cake tasted really bad.,OLMo-2-7B,Condition1B_context_richness_stimuli,general_reasoning,"You will read short stories that describe everyday situations and which finish with a person saying something. Your task is to decide, given the situation, what meaning the person is most likely conveying. Each story will be followed by 4 possible meaning interpretations listed from a to d. Read each story and choose the number corresponding to the most likely meaning. State the reasoning in 2-3 bullet points and the answer. You can only answer with a, b, c, or d.
Context: She ate a delicious cake.
Target utterance: She said: """"What an amazing flavour.""""
What meaning is She most likely conveying?
a. The cake tasted really bad.
b. The cake tasted really good.
c. The soup smelled absolutely delicious
d. The cake had three candles on top.
Reasoning:
Answer:
","- The statement ""What an amazing flavor"" suggests that the flavor of the cake was exceptional, indicating that it tasted really good.
- The use of the word ""amazing"" implies that the flavor was surprising or outstanding, which is typically a positive assessment.
- The context of eating a cake and commenting on its flavor directly relates to the taste of the cake, reinforcing that the flavor was good.","['b', 'a', 'c', 'd']",3,UA_I,"{'a': -0.0021820068359375, 'b': 15.75, 'c': 2.375, 'd': 2.1875}","{'a': 1.441826498194132e-07, 'b': 0.9999970197677612, 'c': 1.553495508233027e-06, 'd': 1.2878930419901735e-06}",0.9999970197677612,,"- The statement ""What an amazing flavor"" suggests that the flavor of the cake was exceptional, indicating that it tasted really good.
- The use of the word ""amazing"" implies that the flavor was surprising or outstanding, which is typically a positive assessment.
- The context of eating a cake and commenting on its flavor directly relates to the taste of the cake, reinforcing that the flavor was good.",
C1_06_UA_NI,C1_06,227,1,unambiguous,non-ironic,c,The medicine tasted surprisingly pleasant.,OLMo-2-7B,Condition1B_context_richness_stimuli,general_reasoning,"You will read short stories that describe everyday situations and which finish with a person saying something. Your task is to decide, given the situation, what meaning the person is most likely conveying. Each story will be followed by 4 possible meaning interpretations listed from a to d. Read each story and choose the number corresponding to the most likely meaning. State the reasoning in 2-3 bullet points and the answer. You can only answer with a, b, c, or d.
Context: He swallowed the medicine and found it delicious.
Target utterance: He said: """"Tastier than expected.""""
What meaning is He most likely conveying?
a. He kept the medicine in the bathroom cabinet.
b. The cake was tastier than expected.
c. The medicine tasted surprisingly pleasant.
d. The medicine tasted absolutely awful.
Reasoning:
Answer:
","- The context mentions that he swallowed the medicine and found it delicious, indicating that his focus is on the taste of the medicine.
- The target utterance ""Tastier than expected"" directly relates to the experience of tasting the medicine.
- The other options (a, b, d) do not align with the context provided, as they describe unrelated actions or outcomes. Option c is the most relevant to the context, as it directly addresses the surprising pleasantness of the medicine's taste.","['d', 'c', 'a', 'b']",3,UA_NI,"{'a': 3.015625, 'b': 6.8125, 'c': 17.0, 'd': 6.46875}","{'a': 8.445683192803699e-07, 'b': 3.763540735235438e-05, 'c': 0.9999347925186157, 'd': 2.668750130396802e-05}",0.9999347925186157,,"- The context mentions that he swallowed the medicine and found it delicious, indicating that his focus is on the taste of the medicine.
- The target utterance ""Tastier than expected"" directly relates to the experience of tasting the medicine.
- The other options (a, b, d) do not align with the context provided, as they describe unrelated actions or outcomes. Option c is the most relevant to the context, as it directly addresses the surprising pleasantness of the medicine's taste.",
C1_07_A_I,C1_07,253,1,ambiguous,ironic,c,The smoothie was thoroughly nasty.,OLMo-2-7B,Condition1B_context_richness_stimuli,general_reasoning,"You will read short stories that describe everyday situations and which finish with a person saying something. Your task is to decide, given the situation, what meaning the person is most likely conveying. Each story will be followed by 4 possible meaning interpretations listed from a to d. Read each story and choose the number corresponding to the most likely meaning. State the reasoning in 2-3 bullet points and the answer. You can only answer with a, b, c, or d.
Context: I took a sip of my smoothie and found it palatable.
Target utterance: I said: """"What a treat.""""
What meaning is I most likely conveying?
a. She gave the dog a treat.
b. She was looking for a new smoothie recipe.
c. The smoothie was thoroughly nasty.
d. The smoothie was thoroughly enjoyable.
Reasoning:
Answer:
","- The speaker found the smoothie palatable, indicating it was not nasty.
- Saying ""What a treat"" typically implies something is pleasant or enjoyable.
- The context of trying a sip and finding it palatable supports the idea that the smoothie was thoroughly enjoyable.","['c', 'd', 'b', 'a']",3,A_I,"{'a': 0.81640625, 'b': 4.21875, 'c': 1.7890625, 'd': 16.25}","{'a': 1.982770783115484e-07, 'b': 5.955135293334024e-06, 'c': 5.244350518296415e-07, 'd': 0.9999933242797852}",0.9999933242797852,,"- The speaker found the smoothie palatable, indicating it was not nasty.
- Saying ""What a treat"" typically implies something is pleasant or enjoyable.
- The context of trying a sip and finding it palatable supports the idea that the smoothie was thoroughly enjoyable.",
C1_08_A_NI,C1_08,112,1,ambiguous,non-ironic,c,They liked every single bite of the burger.,OLMo-2-7B,Condition1B_context_richness_stimuli,general_reasoning,"You will read short stories that describe everyday situations and which finish with a person saying something. Your task is to decide, given the situation, what meaning the person is most likely conveying. Each story will be followed by 4 possible meaning interpretations listed from a to d. Read each story and choose the number corresponding to the most likely meaning. State the reasoning in 2-3 bullet points and the answer. You can only answer with a, b, c, or d.
Context: They ate a palatable burger.
Target utterance: They said: """"This burger tasted like heaven.""""
What meaning is They most likely conveying?
a. They liked the burger more than the pizza.
b. They could barely force themselves to swallow the burger.
c. They liked every single bite of the burger.
d. The burger was the most expensive item on the menu.
Reasoning:
Answer:
","- The phrase ""tasted like heaven"" typically implies an extremely high level of enjoyment and pleasure.
- Saying a burger ""tasted like heaven"" suggests that it was exceptionally good compared to other options.
- The statement does not imply anything about the price of the burger or its comparison to pizza or other items.","['d', 'b', 'a', 'c']",3,A_NI,"{'a': 11.3125, 'b': 7.125, 'c': 15.0, 'd': 5.21875}","{'a': 0.024412691593170166, 'b': 0.00037068716483190656, 'c': 0.9751615524291992, 'd': 5.5097723816288635e-05}",0.9751615524291992,,"- The phrase ""tasted like heaven"" typically implies an extremely high level of enjoyment and pleasure.
- Saying a burger ""tasted like heaven"" suggests that it was exceptionally good compared to other options.
- The statement does not imply anything about the price of the burger or its comparison to pizza or other items.",
C1_09_UA_I,C1_09,71,1,unambiguous,ironic,c,The babysitter was not taking good care of the kids.,OLMo-2-7B,Condition1B_context_richness_stimuli,general_reasoning,"You will read short stories that describe everyday situations and which finish with a person saying something. Your task is to decide, given the situation, what meaning the person is most likely conveying. Each story will be followed by 4 possible meaning interpretations listed from a to d. Read each story and choose the number corresponding to the most likely meaning. State the reasoning in 2-3 bullet points and the answer. You can only answer with a, b, c, or d.
Context: They hired a brave babysitter.
Target utterance: They said: """"The kids are not safe at all.""""
What meaning is They most likely conveying?
a. The babysitter was taking good care of the kids.
b. The kids had very clean hands.
c. The babysitter was not taking good care of the kids.
d. The babysitter parked her car outside.
Reasoning:
Answer:
","- The phrase ""The kids are not safe at all"" suggests that there is a concern for the children's well-being.
- Given that they hired a babysitter, the expectation would be that the kids are in safe hands.
- The statement implies that the opposite is true, indicating that the babysitter is not fulfilling their responsibility to keep the kids safe. Therefore, the most likely meaning is c. The babysitter was not taking good care of the kids.","['a', 'c', 'b', 'd']",3,UA_I,"{'a': 4.40625, 'b': 4.40625, 'c': 16.5, 'd': 5.78125}","{'a': 5.5941823120519985e-06, 'b': 5.5941823120519985e-06, 'c': 0.9999666213989258, 'd': 2.2125419491203502e-05}",0.9999666213989258,,"- The phrase ""The kids are not safe at all"" suggests that there is a concern for the children's well-being.
- Given that they hired a babysitter, the expectation would be that the kids are in safe hands.
- The statement implies that the opposite is true, indicating that the babysitter is not fulfilling their responsibility to keep the kids safe. Therefore, the most likely meaning is c. The babysitter was not taking good care of the kids.",
C1_10_UA_NI,C1_10,64,1,unambiguous,non-ironic,a,The police officer made them feel very safe.,OLMo-2-7B,Condition1B_context_richness_stimuli,general_reasoning,"You will read short stories that describe everyday situations and which finish with a person saying something. Your task is to decide, given the situation, what meaning the person is most likely conveying. Each story will be followed by 4 possible meaning interpretations listed from a to d. Read each story and choose the number corresponding to the most likely meaning. State the reasoning in 2-3 bullet points and the answer. You can only answer with a, b, c, or d.
Context: They met a brave police officer.
Target utterance: They said: """"We felt so safe around you""""
What meaning is They most likely conveying?
a. The police officer made them feel very safe.
b. The police officer did not make them feel safe at all.
c. They were sitting in a very safe seat.
d. The police officer drank a cup of coffee.
Reasoning:
Answer:
","- The context mentions that they met a brave police officer, implying that the police officer's bravery made them feel safe.
- The target utterance ""We felt so safe around you"" directly attributes the feeling of safety to the presence and actions of the police officer.
- The other options (c and d) do not logically follow from the context provided. Option c is nonsensical in this context, and option d provides irrelevant information. Therefore, the most likely meaning is a.","['a', 'b', 'c', 'd']",3,UA_NI,"{'a': 15.0, 'b': 1.484375, 'c': -1.46875, 'd': -0.57421875}","{'a': 0.9999984502792358, 'b': 1.3497023019226617e-06, 'c': 7.042260818934665e-08, 'd': 1.722669793480236e-07}",0.9999984502792358,,"- The context mentions that they met a brave police officer, implying that the police officer's bravery made them feel safe.
- The target utterance ""We felt so safe around you"" directly attributes the feeling of safety to the presence and actions of the police officer.
- The other options (c and d) do not logically follow from the context provided. Option c is nonsensical in this context, and option d provides irrelevant information. Therefore, the most likely meaning is a.",
C1_11_A_I,C1_11,131,1,ambiguous,ironic,d,Seeing the pilot made her feel even more anxious.,OLMo-2-7B,Condition1B_context_richness_stimuli,general_reasoning,"You will read short stories that describe everyday situations and which finish with a person saying something. Your task is to decide, given the situation, what meaning the person is most likely conveying. Each story will be followed by 4 possible meaning interpretations listed from a to d. Read each story and choose the number corresponding to the most likely meaning. State the reasoning in 2-3 bullet points and the answer. You can only answer with a, b, c, or d.
Context: She noticed the fearless pilot before boarding.
Target utterance: She said: """"That really shook me up.""""
What meaning is She most likely conveying?
a. She dated a pilot for several months.
b. She settled into her seat and fastened the belt.
c. Seeing the pilot put her completely at ease.
d. Seeing the pilot made her feel even more anxious.
Reasoning:
Answer:
","- The context mentions that she noticed the fearless pilot before boarding, implying she saw the pilot in action or at least in a pilot's attire, which could evoke strong emotions.
- The phrase ""That really shook me up"" typically indicates surprise or distress, not comfort or familiarity.
- Given the context, the pilot's fearless nature would more likely cause her to feel shaken rather than at ease.","['d', 'c', 'a', 'b']",3,A_I,"{'a': 4.53125, 'b': 11.1875, 'c': 10.5625, 'd': 14.4375}","{'a': 4.705840547103435e-05, 'b': 0.03659399598836899, 'c': 0.019587354734539986, 'd': 0.9437716007232666}",0.9437716007232666,,"- The context mentions that she noticed the fearless pilot before boarding, implying she saw the pilot in action or at least in a pilot's attire, which could evoke strong emotions.
- The phrase ""That really shook me up"" typically indicates surprise or distress, not comfort or familiarity.
- Given the context, the pilot's fearless nature would more likely cause her to feel shaken rather than at ease.",
C1_12_A_NI,C1_12,183,1,ambiguous,non-ironic,a,His father showed no fear at all.,OLMo-2-7B,Condition1B_context_richness_stimuli,general_reasoning,"You will read short stories that describe everyday situations and which finish with a person saying something. Your task is to decide, given the situation, what meaning the person is most likely conveying. Each story will be followed by 4 possible meaning interpretations listed from a to d. Read each story and choose the number corresponding to the most likely meaning. State the reasoning in 2-3 bullet points and the answer. You can only answer with a, b, c, or d.
Context: He saw his fearless father.
Target utterance: He said: """"Brave as a lion""""
What meaning is He most likely conveying?
a. His father showed no fear at all.
b. His father's face was full of fear.
c. The lion prowled across the savannah.
d. His father wore a blue jacket.
Reasoning:
Answer:
","- The phrase ""Brave as a lion"" typically conveys bravery or fearlessness. 
- The context mentions that the speaker saw his fearless father, suggesting that the father displayed no fear.
- The phrase directly compares the father's bravery to that of a lion, reinforcing the intended meaning of bravery. a","['a', 'b', 'c', 'd']",3,A_NI,"{'a': 14.4375, 'b': 1.3984375, 'c': -2.90625, 'd': -1.15625}","{'a': 0.9999977350234985, 'b': 2.173732582377852e-06, 'c': 2.935648879542896e-08, 'd': 1.6893493182124075e-07}",0.9999977350234985,,"- The phrase ""Brave as a lion"" typically conveys bravery or fearlessness. 
- The context mentions that the speaker saw his fearless father, suggesting that the father displayed no fear.
- The phrase directly compares the father's bravery to that of a lion, reinforcing the intended meaning of bravery. a",
C1_13_UA_I,C1_13,273,1,unambiguous,ironic,b,"His girlfriend clearly looked worn out, not refreshed at all.",OLMo-2-7B,Condition1B_context_richness_stimuli,general_reasoning,"You will read short stories that describe everyday situations and which finish with a person saying something. Your task is to decide, given the situation, what meaning the person is most likely conveying. Each story will be followed by 4 possible meaning interpretations listed from a to d. Read each story and choose the number corresponding to the most likely meaning. State the reasoning in 2-3 bullet points and the answer. You can only answer with a, b, c, or d.
Context: He saw his hyperactive girlfriend.
Target utterance: He said: """"You look like you've been awake since birth.""""
What meaning is He most likely conveying?
a. He was planning to surprise his girlfriend with a home-cooked meal.
b. His girlfriend clearly looked worn out, not refreshed at all.
c. He had just bought her a refreshing cold drink.
d. To him, his girlfriend looked well-rested and full of energy.
Reasoning:
Answer:
","- The phrase ""You look like you've been awake since birth"" suggests that the person looks extremely tired and has not had any rest for a very long time.
- Given that the subject is his ""hyperactive"" girlfriend, it's unlikely she would look well-rested or full of energy.
- The context of the story does not mention any recent actions like buying a cold drink, so option c is less likely.
- Option b is the most fitting because it directly relates to the description of the girlfriend looking worn out, which aligns with the hyperactive description and the statement made by the person.","['d', 'b', 'c', 'a']",3,UA_I,"{'a': 0.2412109375, 'b': 15.0, 'c': 2.140625, 'd': 1.84375}","{'a': 3.8934734902795753e-07, 'b': 0.9999951124191284, 'c': 2.601610503916163e-06, 'd': 1.933352677951916e-06}",0.9999951124191284,,"- The phrase ""You look like you've been awake since birth"" suggests that the person looks extremely tired and has not had any rest for a very long time.
- Given that the subject is his ""hyperactive"" girlfriend, it's unlikely she would look well-rested or full of energy.
- The context of the story does not mention any recent actions like buying a cold drink, so option c is less likely.
- Option b is the most fitting because it directly relates to the description of the girlfriend looking worn out, which aligns with the hyperactive description and the statement made by the person.",
C1_14_UA_NI,C1_14,98,1,unambiguous,non-ironic,b,Her colleague seemed very energetic today.,OLMo-2-7B,Condition1B_context_richness_stimuli,general_reasoning,"You will read short stories that describe everyday situations and which finish with a person saying something. Your task is to decide, given the situation, what meaning the person is most likely conveying. Each story will be followed by 4 possible meaning interpretations listed from a to d. Read each story and choose the number corresponding to the most likely meaning. State the reasoning in 2-3 bullet points and the answer. You can only answer with a, b, c, or d.
Context: She saw her hyperactive colleague.
Target utterance: She said: """"You seem so full of energy today.""""
What meaning is She most likely conveying?
a. She was redecorating the office of her colleague.
b. Her colleague seemed very energetic today.
c. She filled up the car with energy.
d. Her colleague seemed very tired today.
Reasoning:
Answer:
","- The context mentions that the colleague is hyperactive, indicating they usually have a lot of energy.
- The target utterance directly states that the colleague seems full of energy.
- The most likely meaning is that the speaker is commenting on the colleague's usual energetic behavior.","['d', 'a', 'c', 'b']",3,UA_NI,"{'a': 2.640625, 'b': 15.0625, 'c': 2.9375, 'd': 2.515625}","{'a': 4.0294203245139215e-06, 'b': 0.999987006187439, 'c': 5.4221777645580005e-06, 'd': 3.555951252565137e-06}",0.999987006187439,,"- The context mentions that the colleague is hyperactive, indicating they usually have a lot of energy.
- The target utterance directly states that the colleague seems full of energy.
- The most likely meaning is that the speaker is commenting on the colleague's usual energetic behavior.",
C1_15_A_I,C1_15,142,1,ambiguous,ironic,d,They felt really exhausted after the sleepover.,OLMo-2-7B,Condition1B_context_richness_stimuli,general_reasoning,"You will read short stories that describe everyday situations and which finish with a person saying something. Your task is to decide, given the situation, what meaning the person is most likely conveying. Each story will be followed by 4 possible meaning interpretations listed from a to d. Read each story and choose the number corresponding to the most likely meaning. State the reasoning in 2-3 bullet points and the answer. You can only answer with a, b, c, or d.
Context: After the sleepover, they were energetic.
Target utterance: They said:  """"We never felt more tired in our lifes.""""
What meaning is They most likely conveying?
a. They did sleep overs once a year.
b. They felt very well-rested after the sleepover.
c. They rested the heavy boxes on the floor.
d. They felt really exhausted after the sleepover.
Reasoning:
Answer:
","- The phrase ""We never felt more tired in our lives"" suggests a high level of exhaustion.
- The context mentions that they were energetic after the sleepover, which contrasts with feeling very tired.
- The statement implies that the sleepover was physically or mentally exhausting, rather than restful.","['d', 'a', 'c', 'b']",3,A_I,"{'a': 3.96875, 'b': 6.5625, 'c': 1.7265625, 'd': 15.3125}","{'a': 1.1841247214761097e-05, 'b': 0.0001584341371199116, 'c': 1.257846975022403e-06, 'd': 0.9998284578323364}",0.9998284578323364,,"- The phrase ""We never felt more tired in our lives"" suggests a high level of exhaustion.
- The context mentions that they were energetic after the sleepover, which contrasts with feeling very tired.
- The statement implies that the sleepover was physically or mentally exhausting, rather than restful.",
C1_16_A_NI,C1_16,143,1,ambiguous,non-ironic,b,I felt fully prepared and ready for the exam.,OLMo-2-7B,Condition1B_context_richness_stimuli,general_reasoning,"You will read short stories that describe everyday situations and which finish with a person saying something. Your task is to decide, given the situation, what meaning the person is most likely conveying. Each story will be followed by 4 possible meaning interpretations listed from a to d. Read each story and choose the number corresponding to the most likely meaning. State the reasoning in 2-3 bullet points and the answer. You can only answer with a, b, c, or d.
Context: Right before my exam, I felt really energetic
Target utterance: I said: """"I have never felt more ready.""""
What meaning is I most likely conveying?
a. Dinner was ready by seven o'clock.
b. I felt fully prepared and ready for the exam.
c. The exam started at nine o'clock.
d. Deep down I felt completely unprepared for the exam.
Reasoning:
Answer:
","- The phrase ""I have never felt more ready"" suggests a high level of confidence and preparedness for the upcoming exam.
- The context of feeling energetic right before the exam supports the idea that the speaker genuinely feels prepared.
- The statement is made right before the exam, indicating that the speaker is likely expressing their current state of readiness.","['c', 'a', 'd', 'b']",3,A_NI,"{'a': 1.484375, 'b': 15.125, 'c': 5.3125, 'd': 4.125}","{'a': 1.1910233297385275e-06, 'b': 0.9999274015426636, 'c': 5.4758791520725936e-05, 'd': 1.6700487321941182e-05}",0.9999274015426636,,"- The phrase ""I have never felt more ready"" suggests a high level of confidence and preparedness for the upcoming exam.
- The context of feeling energetic right before the exam supports the idea that the speaker genuinely feels prepared.
- The statement is made right before the exam, indicating that the speaker is likely expressing their current state of readiness.",
C1_17_UA_I,C1_17,116,1,unambiguous,ironic,d,Her idea was outdated.,OLMo-2-7B,Condition1B_context_richness_stimuli,general_reasoning,"You will read short stories that describe everyday situations and which finish with a person saying something. Your task is to decide, given the situation, what meaning the person is most likely conveying. Each story will be followed by 4 possible meaning interpretations listed from a to d. Read each story and choose the number corresponding to the most likely meaning. State the reasoning in 2-3 bullet points and the answer. You can only answer with a, b, c, or d.
Context: She had an ancient idea.
Target utterance: She said: """"Truly ahead of its time.""""
What meaning is She most likely conveying?
a. Her idea was innovative.
b. She had arrived early.
c. She had the idea to redecorate her office.
d. Her idea was outdated.
Reasoning:
Answer:
","- The phrase ""Truly ahead of its time"" suggests that something is innovative or novel for its period.
- The context mentions that the idea is ""ancient,"" which typically implies old or outdated.
- Despite the ancient nature of the idea, the speaker suggests it was innovative for its time, implying a contrast between the age of the idea and its forward-thinking nature.","['a', 'c', 'd', 'b']",3,UA_I,"{'a': 14.625, 'b': 2.890625, 'c': -0.439453125, 'd': 1.5078125}","{'a': 0.9999897480010986, 'b': 8.013481419766322e-06, 'c': 2.8680497621280665e-07, 'd': 2.010358002735302e-06}",0.9999897480010986,,"- The phrase ""Truly ahead of its time"" suggests that something is innovative or novel for its period.
- The context mentions that the idea is ""ancient,"" which typically implies old or outdated.
- Despite the ancient nature of the idea, the speaker suggests it was innovative for its time, implying a contrast between the age of the idea and its forward-thinking nature.",
C1_18_UA_NI,C1_18,280,1,unambiguous,non-ironic,b,He found the approach genuinely new and creative.,OLMo-2-7B,Condition1B_context_richness_stimuli,general_reasoning,"You will read short stories that describe everyday situations and which finish with a person saying something. Your task is to decide, given the situation, what meaning the person is most likely conveying. Each story will be followed by 4 possible meaning interpretations listed from a to d. Read each story and choose the number corresponding to the most likely meaning. State the reasoning in 2-3 bullet points and the answer. You can only answer with a, b, c, or d.
Context: It was an ancient approach. 
Target utterance: He said: """"How refreshingly innovative.""""
What meaning is He most likely conveying?
a. He researched new approaches for several months.
b. He found the approach genuinely new and creative.
c. Refreshments were served at the end of the presentation.
d. In his view, it was a stale approach he had seen many times before.
Reasoning:
Answer:
","- The phrase ""ancient approach"" suggests that the method described is not new or innovative.
- Saying ""How refreshingly innovative"" in contrast to an ancient approach implies that the approach is perceived as innovative despite its age.
- The speaker's statement suggests a form of sarcasm or irony, as the approach is described as both ancient and innovative simultaneously.","['d', 'a', 'c', 'b']",3,UA_NI,"{'a': 4.0625, 'b': 8.6875, 'c': 4.09375, 'd': 13.5}","{'a': 7.902429206296802e-05, 'b': 0.00806069653481245, 'c': 8.153278758982196e-05, 'd': 0.9917786717414856}",0.9917786717414856,,"- The phrase ""ancient approach"" suggests that the method described is not new or innovative.
- Saying ""How refreshingly innovative"" in contrast to an ancient approach implies that the approach is perceived as innovative despite its age.
- The speaker's statement suggests a form of sarcasm or irony, as the approach is described as both ancient and innovative simultaneously.",
C1_19_A_I,C1_19,286,1,ambiguous,ironic,b,"To her, the tradition felt stale and long past its use.",OLMo-2-7B,Condition1B_context_richness_stimuli,general_reasoning,"You will read short stories that describe everyday situations and which finish with a person saying something. Your task is to decide, given the situation, what meaning the person is most likely conveying. Each story will be followed by 4 possible meaning interpretations listed from a to d. Read each story and choose the number corresponding to the most likely meaning. State the reasoning in 2-3 bullet points and the answer. You can only answer with a, b, c, or d.
Context: The tradition was old.
Target utterance: She said: """"How wonderfully timeless.""""
What meaning is She most likely conveying?
a. She read about the tradition in a local history book.
b. To her, the tradition felt stale and long past its use.
c. She found the tradition beautifully enduring and meaningful.
d. The clock ticked for over a century.
Reasoning:
Answer:
","- The phrase ""wonderfully timeless"" suggests that something has enduring appeal or significance, which is not stale or past its use.
- The context mentions an ""old tradition,"" indicating that the tradition has lasted over time.
- The target utterance ""How wonderfully timeless"" aligns with the idea that the tradition is appreciated for its enduring nature, rather than being seen as outdated or stale.","['d', 'b', 'a', 'c']",3,A_I,"{'a': 3.09375, 'b': 7.1875, 'c': 16.75, 'd': 5.3125}","{'a': 1.1725470585588482e-06, 'b': 7.031100540189072e-05, 'c': 0.99991774559021, 'd': 1.0782541721710004e-05}",0.99991774559021,,"- The phrase ""wonderfully timeless"" suggests that something has enduring appeal or significance, which is not stale or past its use.
- The context mentions an ""old tradition,"" indicating that the tradition has lasted over time.
- The target utterance ""How wonderfully timeless"" aligns with the idea that the tradition is appreciated for its enduring nature, rather than being seen as outdated or stale.",
C1_20_A_NI,C1_20,201,1,ambiguous,non-ironic,c,She liked the smell of her car.,OLMo-2-7B,Condition1B_context_richness_stimuli,general_reasoning,"You will read short stories that describe everyday situations and which finish with a person saying something. Your task is to decide, given the situation, what meaning the person is most likely conveying. Each story will be followed by 4 possible meaning interpretations listed from a to d. Read each story and choose the number corresponding to the most likely meaning. State the reasoning in 2-3 bullet points and the answer. You can only answer with a, b, c, or d.
Context: She bought an old car.
Target utterance: She says: """"I just love the new car smell.""""
What meaning is She most likely conveying?
a. She took her car to the gas station.
b. She was disappointed with the smell of her car.
c. She liked the smell of her car.
d. She could smell what her husband was cooking.
Reasoning:
Answer:
","- The phrase ""new car smell"" typically refers to the fresh scent that comes from a new car, which is generally pleasant and is a common positive attribute associated with new vehicles.
- The context mentions that she bought an old car, which contradicts the statement about loving the ""new car smell,"" as old cars do not have this fresh scent.
- The statement is therefore likely to be ironic or metaphorical, suggesting that despite the car being old, there is something new or refreshing about it for her, possibly a personal sentimental value or a unique aspect that she enjoys.","['d', 'b', 'a', 'c']",3,A_NI,"{'a': 4.875, 'b': 9.25, 'c': 14.875, 'd': 9.875}","{'a': 4.4933080062037334e-05, 'b': 0.0035694765392690897, 'c': 0.9897168874740601, 'd': 0.00666865985840559}",0.9897168874740601,,"- The phrase ""new car smell"" typically refers to the fresh scent that comes from a new car, which is generally pleasant and is a common positive attribute associated with new vehicles.
- The context mentions that she bought an old car, which contradicts the statement about loving the ""new car smell,"" as old cars do not have this fresh scent.
- The statement is therefore likely to be ironic or metaphorical, suggesting that despite the car being old, there is something new or refreshing about it for her, possibly a personal sentimental value or a unique aspect that she enjoys.",
C1_21_UA_I,C1_21,166,1,unambiguous,ironic,b,The birthday party was a disappointment.,OLMo-2-7B,Condition1B_context_richness_stimuli,general_reasoning,"You will read short stories that describe everyday situations and which finish with a person saying something. Your task is to decide, given the situation, what meaning the person is most likely conveying. Each story will be followed by 4 possible meaning interpretations listed from a to d. Read each story and choose the number corresponding to the most likely meaning. State the reasoning in 2-3 bullet points and the answer. You can only answer with a, b, c, or d.
Context: She left the birthday party feeling delighted.
Target utterance: She says: """"Truly a night to remember.""""
What meaning is She most likely conveying?
a. The birthday party was a great success.
b. The birthday party was a disappointment.
c. She had trouble remembering things.
d. She planned her next birthday party.
Reasoning:
Answer:
","- The phrase ""a night to remember"" typically conveys a positive experience or a memorable event.
- Since she left the party feeling delighted, it suggests that the party was a positive experience for her.
- The context of a birthday party adds to the inference that the event was successful and enjoyable.","['a', 'b', 'c', 'd']",3,UA_I,"{'a': 14.25, 'b': 1.71875, 'c': -1.859375, 'd': -0.154296875}","{'a': 0.9999957084655762, 'b': 3.6119806736678584e-06, 'c': 1.0087544666248505e-07, 'd': 5.54998109691951e-07}",0.9999957084655762,,"- The phrase ""a night to remember"" typically conveys a positive experience or a memorable event.
- Since she left the party feeling delighted, it suggests that the party was a positive experience for her.
- The context of a birthday party adds to the inference that the event was successful and enjoyable.",
C1_22_UA_NI,C1_22,213,1,unambiguous,non-ironic,a,The wedding was a beautiful and enchanting occasion.,OLMo-2-7B,Condition1B_context_richness_stimuli,general_reasoning,"You will read short stories that describe everyday situations and which finish with a person saying something. Your task is to decide, given the situation, what meaning the person is most likely conveying. Each story will be followed by 4 possible meaning interpretations listed from a to d. Read each story and choose the number corresponding to the most likely meaning. State the reasoning in 2-3 bullet points and the answer. You can only answer with a, b, c, or d.
Context: She left the wedding feeling delighted.
Target utterance: She says: """"What a magical day.""""
What meaning is She most likely conveying?
a. The wedding was a beautiful and enchanting occasion.
b. The magician wowed all the guests at the reception.
c. She helped organise the flowers for the wedding beforehand.
d. The wedding had been a dull, disappointing event from start to finish.
Reasoning:
Answer:
","- The context mentions that She left the wedding feeling delighted, which implies that the wedding itself was a positive experience.
- The target utterance, """"What a magical day,"""" suggests that She is expressing her feelings about the day as a whole, not just a specific event within the wedding.
- The most likely meaning is a, as it directly relates to the positive experience of the wedding and uses the word ""magical"" to describe the day, aligning with her feelings of delight.","['a', 'c', 'd', 'b']",3,UA_NI,"{'a': 14.6875, 'b': 1.5, 'c': -1.875, 'd': 0.5078125}","{'a': 0.9999972581863403, 'b': 1.8738737708190456e-06, 'c': 6.412043518366772e-08, 'd': 6.947662996026338e-07}",0.9999972581863403,,"- The context mentions that She left the wedding feeling delighted, which implies that the wedding itself was a positive experience.
- The target utterance, """"What a magical day,"""" suggests that She is expressing her feelings about the day as a whole, not just a specific event within the wedding.
- The most likely meaning is a, as it directly relates to the positive experience of the wedding and uses the word ""magical"" to describe the day, aligning with her feelings of delight.",
C1_23_A_I,C1_23,49,1,ambiguous,ironic,c,They had found the film funny from start to finish.,OLMo-2-7B,Condition1B_context_richness_stimuli,general_reasoning,"You will read short stories that describe everyday situations and which finish with a person saying something. Your task is to decide, given the situation, what meaning the person is most likely conveying. Each story will be followed by 4 possible meaning interpretations listed from a to d. Read each story and choose the number corresponding to the most likely meaning. State the reasoning in 2-3 bullet points and the answer. You can only answer with a, b, c, or d.
Context: They left the cinema feeling happy.
Target utterance: They say: """"What a painfull film.""""
What meaning is They most likely conveying?
a. The injection was over quickly, but it was painful.
b. They had found the film dull from start to finish.
c. They had found the film funny from start to finish.
d. They went to the same cinema as always.
Reasoning:
Answer:
","- The phrase ""What a painful film"" suggests that the film was not enjoyable, which contrasts with the initial statement that they left the cinema feeling happy.
- The use of the word ""painful"" implies discomfort or unpleasantness, which is unlikely to be the sentiment expressed after leaving a cinema feeling happy.
- The context of having just left the cinema implies that the film itself was the focus of their comment, rather than something unrelated.","['c', 'a', 'b', 'd']",3,A_I,"{'a': 2.78125, 'b': 13.0625, 'c': 13.4375, 'd': 11.875}","{'a': 1.2416507161105983e-05, 'b': 0.3623177409172058, 'c': 0.5271691679954529, 'd': 0.11050066351890564}",0.5271691679954529,,"- The phrase ""What a painful film"" suggests that the film was not enjoyable, which contrasts with the initial statement that they left the cinema feeling happy.
- The use of the word ""painful"" implies discomfort or unpleasantness, which is unlikely to be the sentiment expressed after leaving a cinema feeling happy.
- The context of having just left the cinema implies that the film itself was the focus of their comment, rather than something unrelated.",
C1_24_A_NI,C1_24,107,1,ambiguous,non-ironic,a,The message brought good news.,OLMo-2-7B,Condition1B_context_richness_stimuli,general_reasoning,"You will read short stories that describe everyday situations and which finish with a person saying something. Your task is to decide, given the situation, what meaning the person is most likely conveying. Each story will be followed by 4 possible meaning interpretations listed from a to d. Read each story and choose the number corresponding to the most likely meaning. State the reasoning in 2-3 bullet points and the answer. You can only answer with a, b, c, or d.
Context: She received a message and was happy.
Target utterance: She says: """"These are amazing news.""""
What meaning is She most likely conveying?
a. The message brought good news.
b. The message brought negative news.
c. She wanted to send a message.
d. What she read was news to her.
Reasoning:
Answer:
","- The phrase ""These are amazing news"" suggests that the news are positive because 'amazing' is a strong positive adjective.
- The context mentions that she received a message and was happy, implying that the content of the message was the cause of her happiness.
- The target utterance directly states that the news are 'amazing,' reinforcing the interpretation that the news are good.","['a', 'b', 'd', 'c']",3,A_NI,"{'a': 14.1875, 'b': 2.25, 'c': -1.6875, 'd': 0.6953125}","{'a': 0.9999918937683105, 'b': 6.540426966239465e-06, 'c': 1.2751802103139198e-07, 'd': 1.3817003718941123e-06}",0.9999918937683105,,"- The phrase ""These are amazing news"" suggests that the news are positive because 'amazing' is a strong positive adjective.
- The context mentions that she received a message and was happy, implying that the content of the message was the cause of her happiness.
- The target utterance directly states that the news are 'amazing,' reinforcing the interpretation that the news are good.",
C1_25_UA_I,C1_25,161,1,unambiguous,ironic,d,Her exam answers were embarrassingly poor.,OLMo-2-7B,Condition1B_context_richness_stimuli,general_reasoning,"You will read short stories that describe everyday situations and which finish with a person saying something. Your task is to decide, given the situation, what meaning the person is most likely conveying. Each story will be followed by 4 possible meaning interpretations listed from a to d. Read each story and choose the number corresponding to the most likely meaning. State the reasoning in 2-3 bullet points and the answer. You can only answer with a, b, c, or d.
Context: Her answers in the exam were brilliant.
Target utterance: She says: """"What a genius.""""
What meaning is She most likely conveying?
a. She studied for her next exam.
b. Her exam answers were impressively smart.
c. She had a high IQ.
d. Her exam answers were embarrassingly poor.
Reasoning:
Answer:
","- The phrase ""What a genius"" suggests high praise for someone's intellectual performance.
- The context mentions that her answers in the exam were brilliant, implying that her performance was exceptional.
- The most likely meaning is that she is complimenting her own or someone else's impressive intellectual performance in the exam.","['d', 'a', 'c', 'b']",3,UA_I,"{'a': 2.53125, 'b': 14.75, 'c': 4.5625, 'd': 4.40625}","{'a': 4.936644472763874e-06, 'b': 0.9999252557754517, 'c': 3.763505083043128e-05, 'd': 3.2190964702749625e-05}",0.9999252557754517,,"- The phrase ""What a genius"" suggests high praise for someone's intellectual performance.
- The context mentions that her answers in the exam were brilliant, implying that her performance was exceptional.
- The most likely meaning is that she is complimenting her own or someone else's impressive intellectual performance in the exam.",
C1_26_UA_NI,C1_26,185,1,unambiguous,non-ironic,a,They were genuinely fortunate to have such a strong suggestion.,OLMo-2-7B,Condition1B_context_richness_stimuli,general_reasoning,"You will read short stories that describe everyday situations and which finish with a person saying something. Your task is to decide, given the situation, what meaning the person is most likely conveying. Each story will be followed by 4 possible meaning interpretations listed from a to d. Read each story and choose the number corresponding to the most likely meaning. State the reasoning in 2-3 bullet points and the answer. You can only answer with a, b, c, or d.
Context: Their colleague's suggestion was brilliant.
Target utterance: They said: """"We really had luck with that one.""""
What meaning is They most likely conveying?
a. They were genuinely fortunate to have such a strong suggestion.
b. As far as they were concerned, it was a poor suggestion.
c. They thought that every project starts with a suggestion.
d. They got lucky at the casino.
Reasoning:
Answer:
","- The colleague's suggestion was described as 'brilliant,' indicating it was a good idea.
- Saying ""We really had luck with that one"" in this context implies that the outcome was positive and unexpected.
- Luck is typically associated with fortunate or serendipitous events, which fits the context of a successful suggestion.","['a', 'b', 'd', 'c']",3,UA_NI,"{'a': 14.1875, 'b': 3.390625, 'c': 0.1005859375, 'd': 0.052978515625}","{'a': 0.9999780654907227, 'b': 2.0462901375140063e-05, 'c': 7.622921316396969e-07, 'd': 7.268516810654546e-07}",0.9999780654907227,,"- The colleague's suggestion was described as 'brilliant,' indicating it was a good idea.
- Saying ""We really had luck with that one"" in this context implies that the outcome was positive and unexpected.
- Luck is typically associated with fortunate or serendipitous events, which fits the context of a successful suggestion.",
C1_27_A_I,C1_27,232,1,ambiguous,ironic,d,His argument was weak and poorly constructed.,OLMo-2-7B,Condition1B_context_richness_stimuli,general_reasoning,"You will read short stories that describe everyday situations and which finish with a person saying something. Your task is to decide, given the situation, what meaning the person is most likely conveying. Each story will be followed by 4 possible meaning interpretations listed from a to d. Read each story and choose the number corresponding to the most likely meaning. State the reasoning in 2-3 bullet points and the answer. You can only answer with a, b, c, or d.
Context: His argument in the debate was intelligent.
Target utterance: She says: """"What a master of rhetoric.""""
What meaning is She most likely conveying?
a. She had an argument with him that night.
b. His argument was strong and well presented.
c. Sokrates was a master of rhetoric.
d. His argument was weak and poorly constructed.
Reasoning:
Answer:
","- The phrase ""What a master of rhetoric"" suggests high praise for someone's skill in argumentation and presentation.
- Given that ""His argument in the debate was intelligent,"" it implies that the person's argument was well thought out and convincing.
- The most likely meaning is therefore b. His argument was strong and well presented.","['d', 'a', 'c', 'b']",3,A_I,"{'a': 0.57421875, 'b': 15.375, 'c': 1.7578125, 'd': 1.9765625}","{'a': 3.733369737801695e-07, 'b': 0.9999969005584717, 'c': 1.2193524980830261e-06, 'd': 1.5175087355601136e-06}",0.9999969005584717,,"- The phrase ""What a master of rhetoric"" suggests high praise for someone's skill in argumentation and presentation.
- Given that ""His argument in the debate was intelligent,"" it implies that the person's argument was well thought out and convincing.
- The most likely meaning is therefore b. His argument was strong and well presented.",
C1_28_A_NI,C1_28,246,1,ambiguous,non-ironic,b,She believed that his business plan would be successful.,OLMo-2-7B,Condition1B_context_richness_stimuli,general_reasoning,"You will read short stories that describe everyday situations and which finish with a person saying something. Your task is to decide, given the situation, what meaning the person is most likely conveying. Each story will be followed by 4 possible meaning interpretations listed from a to d. Read each story and choose the number corresponding to the most likely meaning. State the reasoning in 2-3 bullet points and the answer. You can only answer with a, b, c, or d.
Context: His business plan was intelligent.
Target utterance: She says: """"We will make lots of money with this.""""
What meaning is He most likely conveying?
a. He asked a colleague for help with his business plan.
b. She believed that his business plan would be successful.
c. She was interested in making lots of money.
d. She believed that his business plan would fail.
Reasoning:
Answer:
","- The context mentions that his business plan was intelligent, suggesting it was well thought out and had a good chance of success.
- The target utterance indicates optimism about financial gain from the plan.
- Given these points, the most likely meaning is that she believed his business plan would be successful (b).","['d', 'a', 'c', 'b']",3,A_NI,"{'a': -0.216796875, 'b': 15.4375, 'c': 3.1875, 'd': 2.4375}","{'a': 1.590091613934419e-07, 'b': 0.999992847442627, 'c': 4.785083092428977e-06, 'd': 2.2603132947551785e-06}",0.999992847442627,,"- The context mentions that his business plan was intelligent, suggesting it was well thought out and had a good chance of success.
- The target utterance indicates optimism about financial gain from the plan.
- Given these points, the most likely meaning is that she believed his business plan would be successful (b).",
C1_29_UA_I,C1_29,148,1,unambiguous,ironic,b,The restaurant visit was a real disappointment.,OLMo-2-7B,Condition1B_context_richness_stimuli,general_reasoning,"You will read short stories that describe everyday situations and which finish with a person saying something. Your task is to decide, given the situation, what meaning the person is most likely conveying. Each story will be followed by 4 possible meaning interpretations listed from a to d. Read each story and choose the number corresponding to the most likely meaning. State the reasoning in 2-3 bullet points and the answer. You can only answer with a, b, c, or d.
Context: After the restaurant visit he was full.
Target utterance: He says: """"Best dinner ever.""""
What meaning is He most likely conveying?
a. The restaurant visit was genuinely outstanding.
b. The restaurant visit was a real disappointment.
c. He looked forward to this restaurant visit for weeks.
d. It was the best-reviewed dinner spot in the whole city.
Reasoning:
Answer:
","- The phrase ""Best dinner ever"" typically conveys high praise for the experience.
- Since he was full after the restaurant visit, it implies he enjoyed the food and service.
- The statement is a subjective expression of personal satisfaction rather than an objective fact about the restaurant's reputation or reviews.","['a', 'b', 'd', 'c']",3,UA_I,"{'a': 13.875, 'b': 1.6171875, 'c': -0.83984375, 'd': 0.3828125}","{'a': 0.9999934434890747, 'b': 4.747848379338393e-06, 'c': 4.068381826982659e-07, 'd': 1.381702531944029e-06}",0.9999934434890747,,"- The phrase ""Best dinner ever"" typically conveys high praise for the experience.
- Since he was full after the restaurant visit, it implies he enjoyed the food and service.
- The statement is a subjective expression of personal satisfaction rather than an objective fact about the restaurant's reputation or reviews.",
C1_30_UA_NI,C1_30,18,1,unambiguous,non-ironic,b,The buffet was a rich.,OLMo-2-7B,Condition1B_context_richness_stimuli,general_reasoning,"You will read short stories that describe everyday situations and which finish with a person saying something. Your task is to decide, given the situation, what meaning the person is most likely conveying. Each story will be followed by 4 possible meaning interpretations listed from a to d. Read each story and choose the number corresponding to the most likely meaning. State the reasoning in 2-3 bullet points and the answer. You can only answer with a, b, c, or d.
Context: He left the buffet feeling full.
Target utterance: He says: """"Truly a feast for the senses."" ""
What meaning is He most likely conveying?
a. There had been very little worth eating at the buffet.
b. The buffet was a rich.
c. The feast was celebrated every year in their village.
d. Diners often have a buffet.
Reasoning:
Answer:
","- The phrase ""Truly a feast for the senses"" suggests that the buffet was exceptionally good and abundant.
- Feeling full after a buffet implies that the person ate a lot, which aligns with the idea of a feast.
- The context of a buffet, where people go to eat a variety of food, supports the interpretation that the buffet was rich and satisfying. Therefore, the most likely meaning is: b. The buffet was a rich feast.","['b', 'a', 'c', 'd']",3,UA_NI,"{'a': 0.83984375, 'b': 15.25, 'c': 0.349609375, 'd': 4.21875}","{'a': 5.517485419659351e-07, 'b': 0.9999828338623047, 'c': 3.379365125510958e-07, 'd': 1.6187565051950514e-05}",0.9999828338623047,,"- The phrase ""Truly a feast for the senses"" suggests that the buffet was exceptionally good and abundant.
- Feeling full after a buffet implies that the person ate a lot, which aligns with the idea of a feast.
- The context of a buffet, where people go to eat a variety of food, supports the interpretation that the buffet was rich and satisfying. Therefore, the most likely meaning is: b. The buffet was a rich feast.",
C1_31_A_I,C1_31,99,1,ambiguous,ironic,d,There was barely anything to eat; they left unsatisfied.,OLMo-2-7B,Condition1B_context_richness_stimuli,general_reasoning,"You will read short stories that describe everyday situations and which finish with a person saying something. Your task is to decide, given the situation, what meaning the person is most likely conveying. Each story will be followed by 4 possible meaning interpretations listed from a to d. Read each story and choose the number corresponding to the most likely meaning. State the reasoning in 2-3 bullet points and the answer. You can only answer with a, b, c, or d.
Context: They left the picnic feeling satiated.
Target utterance: They say: """"Food for the soul.""""
What meaning is They most likely conveying?
a. They spent the morning preparing sandwiches for the picnic.
b. The picnic was nourishing and genuinely enjoyable.
c. She always kept her soul music collection in good order.
d. There was barely anything to eat; they left unsatisfied.
Reasoning:
Answer:
","- The phrase ""Food for the soul"" typically refers to something that is nourishing and enjoyable, not just physical food.
- The context mentions that they left the picnic feeling satiated, indicating that they enjoyed the experience and were satisfied.
- The phrase ""Food for the soul"" fits well with the context of a satisfying picnic, suggesting that the picnic was more than just a physical feast but also an enjoyable and fulfilling experience.","['d', 'a', 'c', 'b']",3,A_I,"{'a': 1.5625, 'b': 15.25, 'c': 4.125, 'd': 3.984375}","{'a': 1.1365323189238552e-06, 'b': 0.9999712705612183, 'c': 1.4738775462319609e-05, 'd': 1.280526976188412e-05}",0.9999712705612183,,"- The phrase ""Food for the soul"" typically refers to something that is nourishing and enjoyable, not just physical food.
- The context mentions that they left the picnic feeling satiated, indicating that they enjoyed the experience and were satisfied.
- The phrase ""Food for the soul"" fits well with the context of a satisfying picnic, suggesting that the picnic was more than just a physical feast but also an enjoyable and fulfilling experience.",
C1_32_A_NI,C1_32,226,1,ambiguous,non-ironic,a,His plate had been full with food and he ate it all up.,OLMo-2-7B,Condition1B_context_richness_stimuli,general_reasoning,"You will read short stories that describe everyday situations and which finish with a person saying something. Your task is to decide, given the situation, what meaning the person is most likely conveying. Each story will be followed by 4 possible meaning interpretations listed from a to d. Read each story and choose the number corresponding to the most likely meaning. State the reasoning in 2-3 bullet points and the answer. You can only answer with a, b, c, or d.
Context: He looked at the empty plate in front of him and was satiated.
Target utterance: He says: """"No way I could eat more."" ""
What meaning is He most likely conveying?
a. His plate had been full with food and he ate it all up.
b. He went to a stylish pottery to buy a special plate.
c. The waiter had forgotten to fill his plate and he did not eat anything.
d. He prefers to eat his lunch alone.
Reasoning:
Answer:
","- The phrase ""empty plate in front of him"" implies that he has eaten all the food that was on the plate.
- The word ""satiated"" means he feels full and satisfied after eating.
- The target utterance suggests he is expressing that he cannot eat more because he is full.","['a', 'd', 'b', 'c']",3,A_NI,"{'a': 12.8125, 'b': 1.421875, 'c': 0.609375, 'd': 0.5}","{'a': 0.9999791383743286, 'b': 1.1300699952698778e-05, 'c': 5.014655471313745e-06, 'd': 4.495107987168012e-06}",0.9999791383743286,,"- The phrase ""empty plate in front of him"" implies that he has eaten all the food that was on the plate.
- The word ""satiated"" means he feels full and satisfied after eating.
- The target utterance suggests he is expressing that he cannot eat more because he is full.",
C1_33_UA_I,C1_33,163,1,unambiguous,ironic,c,The library was far too noisy to concentrate.,OLMo-2-7B,Condition1B_context_richness_stimuli,general_reasoning,"You will read short stories that describe everyday situations and which finish with a person saying something. Your task is to decide, given the situation, what meaning the person is most likely conveying. Each story will be followed by 4 possible meaning interpretations listed from a to d. Read each story and choose the number corresponding to the most likely meaning. State the reasoning in 2-3 bullet points and the answer. You can only answer with a, b, c, or d.
Context: She walked into the library and it was deafening.
Target utterance: She says: """"Perfect place to concentrate.""""
What meaning is She most likely conveying?
a. She asked her colleague for a place to concentrate.
b. The library was a calm and quiet environment.
c. The library was far too noisy to concentrate.
d. She looked for a new book in the library.
Reasoning:
Answer:
","- The library is typically a place associated with quiet and study, making option b the most likely meaning.
- The phrase ""Perfect place to concentrate"" suggests that the library's environment is conducive to focusing, which contradicts the description of it being ""deafening.""
- The context indicates that the library was noisy, which would not be conducive to concentration, making option c the least likely interpretation.","['c', 'a', 'b', 'd']",3,UA_I,"{'a': 3.109375, 'b': 14.9375, 'c': 9.8125, 'd': 3.875}","{'a': 7.253137482621241e-06, 'b': 0.9940662384033203, 'c': 0.0059109339490532875, 'd': 1.5596697267028503e-05}",0.9940662384033203,,"- The library is typically a place associated with quiet and study, making option b the most likely meaning.
- The phrase ""Perfect place to concentrate"" suggests that the library's environment is conducive to focusing, which contradicts the description of it being ""deafening.""
- The context indicates that the library was noisy, which would not be conducive to concentration, making option c the least likely interpretation.",
C1_34_UA_NI,C1_34,235,1,unambiguous,non-ironic,d,The concert was surprisingly quiet.,OLMo-2-7B,Condition1B_context_richness_stimuli,general_reasoning,"You will read short stories that describe everyday situations and which finish with a person saying something. Your task is to decide, given the situation, what meaning the person is most likely conveying. Each story will be followed by 4 possible meaning interpretations listed from a to d. Read each story and choose the number corresponding to the most likely meaning. State the reasoning in 2-3 bullet points and the answer. You can only answer with a, b, c, or d.
Context: We came back from a concert which was deafening.
Target utterance: I say: """"I've almost gone deaf.""""
What meaning is She most likely conveying?
a. The concert was pretty loud.
b. I was looking forward to the next concert.
c. My grandfather is deaf.
d. The concert was surprisingly quiet.
Reasoning:
Answer:
","- The speaker is commenting on the loudness of the concert, indicating that it was extremely loud to the point of being nearly deafening.
- The phrase ""I've almost gone deaf"" directly relates to the loudness of the concert.
- The context of having returned from a concert supports the interpretation that the speaker is referring to the loudness of the event.","['b', 'd', 'c', 'a']",3,UA_NI,"{'a': 14.25, 'b': 0.359375, 'c': -2.859375, 'd': -0.42578125}","{'a': 0.9999985694885254, 'b': 9.276359946852608e-07, 'c': 3.711010876372711e-08, 'd': 4.2304694147787814e-07}",0.9999985694885254,,"- The speaker is commenting on the loudness of the concert, indicating that it was extremely loud to the point of being nearly deafening.
- The phrase ""I've almost gone deaf"" directly relates to the loudness of the concert.
- The context of having returned from a concert supports the interpretation that the speaker is referring to the loudness of the event.",
C1_35_A_I,C1_35,219,1,ambiguous,ironic,b,The movie was very loud.,OLMo-2-7B,Condition1B_context_richness_stimuli,general_reasoning,"You will read short stories that describe everyday situations and which finish with a person saying something. Your task is to decide, given the situation, what meaning the person is most likely conveying. Each story will be followed by 4 possible meaning interpretations listed from a to d. Read each story and choose the number corresponding to the most likely meaning. State the reasoning in 2-3 bullet points and the answer. You can only answer with a, b, c, or d.
Context:  She watched a movie in the theater and found it loud.
Target utterance: She says: """"It was so difficult to hear.""""
What meaning is She most likely conveying?
a. Watching a movie in the theater is a real event.
b. The movie was very loud.
c. She generally has difficulties with her hearing.
d. The movie was too quiet to hear.
Reasoning:
Answer:
","- The context mentions that she found the movie loud, which implies that it was too loud for her comfort.
- The phrase ""It was so difficult to hear"" suggests that the loudness of the movie made it hard for her to hear the dialogue or other sounds as intended.
- The statement is a direct expression of discomfort with the volume level of the movie, indicating that it was too loud rather than too quiet.","['d', 'b', 'c', 'a']",3,A_I,"{'a': 3.0, 'b': 14.6875, 'c': 4.5, 'd': 7.875}","{'a': 8.388528840441722e-06, 'b': 0.9988553524017334, 'c': 3.7594782043015584e-05, 'd': 0.001098680542781949}",0.9988553524017334,,"- The context mentions that she found the movie loud, which implies that it was too loud for her comfort.
- The phrase ""It was so difficult to hear"" suggests that the loudness of the movie made it hard for her to hear the dialogue or other sounds as intended.
- The statement is a direct expression of discomfort with the volume level of the movie, indicating that it was too loud rather than too quiet.",
C1_36_A_NI,C1_36,268,1,ambiguous,non-ironic,a,He thinks that his neighbours' are having a great party with music.,OLMo-2-7B,Condition1B_context_richness_stimuli,general_reasoning,"You will read short stories that describe everyday situations and which finish with a person saying something. Your task is to decide, given the situation, what meaning the person is most likely conveying. Each story will be followed by 4 possible meaning interpretations listed from a to d. Read each story and choose the number corresponding to the most likely meaning. State the reasoning in 2-3 bullet points and the answer. You can only answer with a, b, c, or d.
Context: His neighbours' music was loud.
Target utterance: He says: """"It seems like they are having a great party.""""
What meaning is He most likely conveying?
a. He thinks that his neighbours' are having a great party with music.
b. He would expected to hear louder music from his neighbours' party.
c. He is still unsure which party to vote for in the upcoming elections.
d. He likes talking about pop music.
Reasoning:
Answer:
","- The context mentions that the music was loud, which implies that there is a party happening.
- The phrase ""It seems like they are having a great party"" suggests that the speaker is making an inference based on the loud music.
- The most likely meaning is that the speaker believes his neighbors are having a great party due to the loud music.","['a', 'b', 'c', 'd']",3,A_NI,"{'a': 14.0625, 'b': 3.59375, 'c': -1.3671875, 'd': 0.5546875}","{'a': 0.9999700784683228, 'b': 2.8409700462361798e-05, 'c': 1.990484861380537e-07, 'd': 1.360249484605447e-06}",0.9999700784683228,,"- The context mentions that the music was loud, which implies that there is a party happening.
- The phrase ""It seems like they are having a great party"" suggests that the speaker is making an inference based on the loud music.
- The most likely meaning is that the speaker believes his neighbors are having a great party due to the loud music.",
C1_37_UA_I,C1_37,9,1,unambiguous,ironic,a,The questions were straightforward and required little effort.,OLMo-2-7B,Condition1B_context_richness_stimuli,general_reasoning,"You will read short stories that describe everyday situations and which finish with a person saying something. Your task is to decide, given the situation, what meaning the person is most likely conveying. Each story will be followed by 4 possible meaning interpretations listed from a to d. Read each story and choose the number corresponding to the most likely meaning. State the reasoning in 2-3 bullet points and the answer. You can only answer with a, b, c, or d.
Context: She prepared trivial questions for the students.
Target utterance: She says: """"I hope they're prepared for this.""""
What meaning is She most likely conveying?
a. The questions were straightforward and required little effort.
b. She had never felt so well prepared for a meeting.
c. She posted the question on the class forum.
d. The questions required thorough preparation to answer.
Reasoning:
Answer:
","- The context mentions that she prepared trivial questions for the students, suggesting that the questions were not difficult.
- The target utterance ""I hope they're prepared for this"" implies a concern about the students' readiness for the questions.
- Given that the questions were trivial, it is likely that she hopes the students have put in the necessary effort to be prepared for them. Therefore, the most fitting answer is: d. The questions required thorough preparation to answer.","['b', 'c', 'd', 'a']",3,UA_I,"{'a': 0.96875, 'b': 4.34375, 'c': 2.484375, 'd': 17.0}","{'a': 1.0907240977076071e-07, 'b': 3.1875633794697933e-06, 'c': 4.965265816281317e-07, 'd': 0.9999961853027344}",0.9999961853027344,,"- The context mentions that she prepared trivial questions for the students, suggesting that the questions were not difficult.
- The target utterance ""I hope they're prepared for this"" implies a concern about the students' readiness for the questions.
- Given that the questions were trivial, it is likely that she hopes the students have put in the necessary effort to be prepared for them. Therefore, the most fitting answer is: d. The questions required thorough preparation to answer.",
C1_38_UA_NI,C1_38,205,1,unambiguous,non-ironic,c,Booking the appointment was straightforward and effortless.,OLMo-2-7B,Condition1B_context_richness_stimuli,general_reasoning,"You will read short stories that describe everyday situations and which finish with a person saying something. Your task is to decide, given the situation, what meaning the person is most likely conveying. Each story will be followed by 4 possible meaning interpretations listed from a to d. Read each story and choose the number corresponding to the most likely meaning. State the reasoning in 2-3 bullet points and the answer. You can only answer with a, b, c, or d.
Context: He booked an appointment through a system which was trivial to use.
Target utterance: He says:  """"That was about as easy as it gets.""""
What meaning is He most likely conveying?
a. He always found parallel parking easy as it gets.
b. Booking the appointment was frustrating and difficult.
c. Booking the appointment was straightforward and effortless.
d. He decided to cancel the appointment.
Reasoning:
Answer:
","- The phrase ""as easy as it gets"" typically implies that something was very simple and required little to no effort.
- The context mentions that he booked an appointment through a system that was ""trivial to use,"" indicating that the process was straightforward and likely effortless.
- Therefore, the most likely meaning He is conveying is c. Booking the appointment was straightforward and effortless.","['c', 'b', 'a', 'd']",3,UA_NI,"{'a': 3.03125, 'b': 6.625, 'c': 15.875, 'd': 4.5}","{'a': 2.6423017516208347e-06, 'b': 9.610106644686311e-05, 'c': 0.9998898506164551, 'd': 1.1477635780465789e-05}",0.9998898506164551,,"- The phrase ""as easy as it gets"" typically implies that something was very simple and required little to no effort.
- The context mentions that he booked an appointment through a system that was ""trivial to use,"" indicating that the process was straightforward and likely effortless.
- Therefore, the most likely meaning He is conveying is c. Booking the appointment was straightforward and effortless.",
C1_39_A_I,C1_39,173,1,ambiguous,ironic,c,"Anyone could have done the task, no special abilities required.",OLMo-2-7B,Condition1B_context_richness_stimuli,general_reasoning,"You will read short stories that describe everyday situations and which finish with a person saying something. Your task is to decide, given the situation, what meaning the person is most likely conveying. Each story will be followed by 4 possible meaning interpretations listed from a to d. Read each story and choose the number corresponding to the most likely meaning. State the reasoning in 2-3 bullet points and the answer. You can only answer with a, b, c, or d.
Context: They finished an easy task for their maths lesson.
Target utterance: They say: """"We must be very smart.""""
What meaning is They most likely conveying?
a. Completing the task was a genuine sign of intelligence.
b. They were given another task after the math lesson.
c. Anyone could have done the task, no special abilities required.
d. They were always smart about managing their money.
Reasoning:
Answer:
","- The task was easy, suggesting it didn't require high intelligence.
- Saying ""We must be very smart"" implies they are surprised or pleased by their ability to complete the task.
- The context of completing a maths task suggests the task was academic, not related to money management.","['a', 'd', 'b', 'c']",3,A_I,"{'a': 13.0625, 'b': 7.25, 'c': 13.0, 'd': 4.4375}","{'a': 0.5147786736488342, 'b': 0.0015391603810712695, 'c': 0.4835898280143738, 'd': 9.243377280654386e-05}",0.5147786736488342,,"- The task was easy, suggesting it didn't require high intelligence.
- Saying ""We must be very smart"" implies they are surprised or pleased by their ability to complete the task.
- The context of completing a maths task suggests the task was academic, not related to money management.",
C1_40_A_NI,C1_40,97,1,ambiguous,non-ironic,c,Making the payment was a smooth and effortless experience.,OLMo-2-7B,Condition1B_context_richness_stimuli,general_reasoning,"You will read short stories that describe everyday situations and which finish with a person saying something. Your task is to decide, given the situation, what meaning the person is most likely conveying. Each story will be followed by 4 possible meaning interpretations listed from a to d. Read each story and choose the number corresponding to the most likely meaning. State the reasoning in 2-3 bullet points and the answer. You can only answer with a, b, c, or d.
Context: He made a payment through a website which was easy to use.
Target utterance: He says:  """"Technology at its finest.""""
What meaning is He most likely conveying?
a. He always thought the finest restaurants required a reservation.
b. He decided to cancel the payment altogether.
c. Making the payment was a smooth and effortless experience.
d. Making the payment was complicated and painful.
Reasoning:
Answer:
","- The phrase ""Technology at its finest"" typically implies that something was done very well or efficiently using technology.
- The context mentions that the payment was made through a website that was easy to use, suggesting a positive experience with technology.
- The most likely meaning is c, as the story describes a positive interaction with technology, which aligns with the phrase ""Technology at its finest.""","['c', 'd', 'a', 'b']",3,A_NI,"{'a': 4.40625, 'b': 6.1875, 'c': 16.5, 'd': 5.65625}","{'a': 5.594042249867925e-06, 'b': 3.321336043882184e-05, 'c': 0.9999415874481201, 'd': 1.9525125026120804e-05}",0.9999415874481201,,"- The phrase ""Technology at its finest"" typically implies that something was done very well or efficiently using technology.
- The context mentions that the payment was made through a website that was easy to use, suggesting a positive experience with technology.
- The most likely meaning is c, as the story describes a positive interaction with technology, which aligns with the phrase ""Technology at its finest.""",
C1_41_UA_I,C1_41,217,1,unambiguous,ironic,a,Her kitchen was a mess.,OLMo-2-7B,Condition1B_context_richness_stimuli,general_reasoning,"You will read short stories that describe everyday situations and which finish with a person saying something. Your task is to decide, given the situation, what meaning the person is most likely conveying. Each story will be followed by 4 possible meaning interpretations listed from a to d. Read each story and choose the number corresponding to the most likely meaning. State the reasoning in 2-3 bullet points and the answer. You can only answer with a, b, c, or d.
Context: She finished cooking and the kitchen was filthy.
Target utterance: She says: """"I'm the sort of person who likes to keep things tidy.""""
What meaning is She most likely conveying?
a. Her kitchen was a mess.
b. Her kitchen was tidy.
c. The apartment came with a fully equipped kitchen.
d. Children should regularly tidy up their rooms.
Reasoning:
Answer:
","- The phrase ""the kitchen was filthy"" indicates that the kitchen was not tidy.
- The statement ""I'm the sort of person who likes to keep things tidy"" suggests that the speaker generally prefers cleanliness and order.
- Given that the kitchen was filthy after cooking, the speaker is likely expressing a personal preference for tidiness.","['b', 'a', 'd', 'c']",3,UA_I,"{'a': 13.875, 'b': 5.90625, 'c': 0.076171875, 'd': 2.0625}","{'a': 0.9996455907821655, 'b': 0.00034598869387991726, 'c': 1.0164619652641704e-06, 'd': 7.408708370348904e-06}",0.9996455907821655,,"- The phrase ""the kitchen was filthy"" indicates that the kitchen was not tidy.
- The statement ""I'm the sort of person who likes to keep things tidy"" suggests that the speaker generally prefers cleanliness and order.
- Given that the kitchen was filthy after cooking, the speaker is likely expressing a personal preference for tidiness.",
C1_42_UA_NI,C1_42,72,1,unambiguous,non-ironic,d,The room was tidied up well before it got too messy.,OLMo-2-7B,Condition1B_context_richness_stimuli,general_reasoning,"You will read short stories that describe everyday situations and which finish with a person saying something. Your task is to decide, given the situation, what meaning the person is most likely conveying. Each story will be followed by 4 possible meaning interpretations listed from a to d. Read each story and choose the number corresponding to the most likely meaning. State the reasoning in 2-3 bullet points and the answer. You can only answer with a, b, c, or d.
Context: They walked into the room and found it filthy.
Target utterance: They said: ""“Looks like you didn’t wait too long to clean it.”""
What meaning is They most likely conveying?
a. They decided to book a different room altogether.
b. They never had to wait long for a table.
c. The room was left in a terrible state for far too long.
d. The room was tidied up well before it got too messy.
Reasoning:
Answer:
","- The comment ""Looks like you didn’t wait too long to clean it."" implies that the room was cleaned not long after it became dirty, suggesting the state of the room was poor for a significant amount of time before being cleaned.
- The phrase ""too long"" indicates that the expectation was for the room to be cleaned sooner, implying the room was left in a terrible state for far too long.
- The context of finding the room ""filthy"" supports the interpretation that the room was not cleaned promptly, aligning with the idea that it was left in a terrible state for far too long.","['d', 'c', 'b', 'a']",3,UA_NI,"{'a': 1.765625, 'b': 5.09375, 'c': 16.875, 'd': 8.375}","{'a': 2.7415111958362104e-07, 'b': 7.644980541954283e-06, 'c': 0.9997887015342712, 'd': 0.00020342538482509553}",0.9997887015342712,,"- The comment ""Looks like you didn’t wait too long to clean it."" implies that the room was cleaned not long after it became dirty, suggesting the state of the room was poor for a significant amount of time before being cleaned.
- The phrase ""too long"" indicates that the expectation was for the room to be cleaned sooner, implying the room was left in a terrible state for far too long.
- The context of finding the room ""filthy"" supports the interpretation that the room was not cleaned promptly, aligning with the idea that it was left in a terrible state for far too long.",
C1_43_A_I,C1_43,44,1,ambiguous,ironic,a,The street was far from pretty.,OLMo-2-7B,Condition1B_context_richness_stimuli,general_reasoning,"You will read short stories that describe everyday situations and which finish with a person saying something. Your task is to decide, given the situation, what meaning the person is most likely conveying. Each story will be followed by 4 possible meaning interpretations listed from a to d. Read each story and choose the number corresponding to the most likely meaning. State the reasoning in 2-3 bullet points and the answer. You can only answer with a, b, c, or d.
Context: The street was dirty.
Target utterance: They say:  """"Such a beautiful walk.""""
What meaning is They most likely conveying?
a. The street was far from pretty.
b. A dog was barking on the street.
c. The street was genuinely pleasant.
d. They went for a walk in the park.
Reasoning:
Answer:
","- The phrase ""Such a beautiful walk"" suggests that the person is commenting positively on the experience of walking, despite the street being dirty.
- The contrast between the description of the street as dirty and the comment about the walk being beautiful indicates that the speaker is likely emphasizing the pleasantness of the walk rather than the appearance of the street.
- The most likely meaning is c, because the statement highlights the positive experience of walking, which would be unusual if the street were genuinely unpleasant.","['b', 'd', 'a', 'c']",3,A_I,"{'a': 7.25, 'b': 3.625, 'c': 16.75, 'd': 4.84375}","{'a': 7.484556408599019e-05, 'b': 1.9945669009757694e-06, 'c': 0.9999163150787354, 'd': 6.747532097506337e-06}",0.9999163150787354,,"- The phrase ""Such a beautiful walk"" suggests that the person is commenting positively on the experience of walking, despite the street being dirty.
- The contrast between the description of the street as dirty and the comment about the walk being beautiful indicates that the speaker is likely emphasizing the pleasantness of the walk rather than the appearance of the street.
- The most likely meaning is c, because the statement highlights the positive experience of walking, which would be unusual if the street were genuinely unpleasant.",
C1_44_A_NI,C1_44,35,1,ambiguous,non-ironic,b,The floor was very clean.,OLMo-2-7B,Condition1B_context_richness_stimuli,general_reasoning,"You will read short stories that describe everyday situations and which finish with a person saying something. Your task is to decide, given the situation, what meaning the person is most likely conveying. Each story will be followed by 4 possible meaning interpretations listed from a to d. Read each story and choose the number corresponding to the most likely meaning. State the reasoning in 2-3 bullet points and the answer. You can only answer with a, b, c, or d.
Context: The floor was dirty.
Target utterance: She says: """"You could practically eat off the floor here.""""
What meaning is She most likely conveying?
a. She could eat a whole cake.
b. The floor was very clean.
c. The floor was very dirty.
d. The dance floor was very empty.
Reasoning:
Answer:
","- The phrase ""you could practically eat off the floor"" is a common idiom meaning the surface is extremely clean.
- Given the context of a dirty floor, the statement is ironic and thus humorous.
- The most likely meaning is that the floor is very dirty, as the statement contrasts sharply with the actual condition of the floor.","['c', 'a', 'b', 'd']",3,A_NI,"{'a': 2.59375, 'b': 8.6875, 'c': 15.9375, 'd': 7.3125}","{'a': 1.6013862023100955e-06, 'b': 0.0007095419568940997, 'c': 0.9991094470024109, 'd': 0.00017940030375029892}",0.9991094470024109,,"- The phrase ""you could practically eat off the floor"" is a common idiom meaning the surface is extremely clean.
- Given the context of a dirty floor, the statement is ironic and thus humorous.
- The most likely meaning is that the floor is very dirty, as the statement contrasts sharply with the actual condition of the floor.",
C1_45_UA_I,C1_45,278,1,unambiguous,ironic,c,The movie wasn't amusing.,OLMo-2-7B,Condition1B_context_richness_stimuli,general_reasoning,"You will read short stories that describe everyday situations and which finish with a person saying something. Your task is to decide, given the situation, what meaning the person is most likely conveying. Each story will be followed by 4 possible meaning interpretations listed from a to d. Read each story and choose the number corresponding to the most likely meaning. State the reasoning in 2-3 bullet points and the answer. You can only answer with a, b, c, or d.
Context: They watched a hilarious movie.
Target utterance: They say: """"That was the perfect movie for a laugh.""""
What meaning is They most likely conveying?
a. They saw three movies that week.
b. The movie was funny and great.
c. The movie wasn't amusing.
d. They had such a perfect night.
Reasoning:
Answer:
","- The phrase ""That was the perfect movie for a laugh"" suggests that the movie was exceptionally funny and well-suited for the purpose of eliciting laughter.
- The context mentions that they watched a hilarious movie, reinforcing that the movie was indeed funny.
- The use of the word ""perfect"" implies that the movie was ideal for their intention of seeking amusement.","['d', 'a', 'b', 'c']",3,UA_I,"{'a': 1.828125, 'b': 14.9375, 'c': 1.7890625, 'd': 2.578125}","{'a': 2.026129550358746e-06, 'b': 0.999991774559021, 'c': 1.948509861904313e-06, 'd': 4.289316166250501e-06}",0.999991774559021,,"- The phrase ""That was the perfect movie for a laugh"" suggests that the movie was exceptionally funny and well-suited for the purpose of eliciting laughter.
- The context mentions that they watched a hilarious movie, reinforcing that the movie was indeed funny.
- The use of the word ""perfect"" implies that the movie was ideal for their intention of seeking amusement.",
C1_46_UA_NI,C1_46,204,1,unambiguous,non-ironic,b,The musical left her deeply moved.,OLMo-2-7B,Condition1B_context_richness_stimuli,general_reasoning,"You will read short stories that describe everyday situations and which finish with a person saying something. Your task is to decide, given the situation, what meaning the person is most likely conveying. Each story will be followed by 4 possible meaning interpretations listed from a to d. Read each story and choose the number corresponding to the most likely meaning. State the reasoning in 2-3 bullet points and the answer. You can only answer with a, b, c, or d.
Context: The musical she watched was really hilarious.
Target utterance: She says: """"That cracked me up.""""
What meaning is She most likely conveying?
a. The musical was purely for laughs.
b. The musical left her deeply moved.
c. She answered some questions about the musical.
d. The joke cracked everyone up.
Reasoning:
Answer:
","- The phrase ""cracked me up"" typically means to laugh a lot or find something very funny.
- The context mentions that the musical was ""really hilarious,"" which aligns with the idea that it caused a strong reaction of laughter.
- The target utterance ""That cracked me up"" directly relates to the humorous nature of the musical as described in the passage.","['b', 'a', 'd', 'c']",3,UA_NI,"{'a': 14.0625, 'b': 4.4375, 'c': 1.109375, 'd': 2.640625}","{'a': 0.9999206066131592, 'b': 6.605125963687897e-05, 'c': 2.3686168333370006e-06, 'd': 1.0952373486361466e-05}",0.9999206066131592,,"- The phrase ""cracked me up"" typically means to laugh a lot or find something very funny.
- The context mentions that the musical was ""really hilarious,"" which aligns with the idea that it caused a strong reaction of laughter.
- The target utterance ""That cracked me up"" directly relates to the humorous nature of the musical as described in the passage.",
C1_47_A_I,C1_47,162,1,ambiguous,ironic,b,The situation was far too serious.,OLMo-2-7B,Condition1B_context_richness_stimuli,general_reasoning,"You will read short stories that describe everyday situations and which finish with a person saying something. Your task is to decide, given the situation, what meaning the person is most likely conveying. Each story will be followed by 4 possible meaning interpretations listed from a to d. Read each story and choose the number corresponding to the most likely meaning. State the reasoning in 2-3 bullet points and the answer. You can only answer with a, b, c, or d.
Context: The situation was funny.
Target utterance: She says: """"Truly something to laugh about.""""
What meaning is She most likely conveying?
a. She always found it hard to laugh about things.
b. The situation was far too serious.
c. The situation was genuinely amusing.
d. She tried to make the best of the situation.
Reasoning:
Answer:
","- The context mentions that the situation was funny, indicating that it was amusing.
- The phrase ""Truly something to laugh about"" suggests that the situation was genuinely amusing.
- The speaker is commenting on the situation after it has occurred, implying that their reaction is based on the actual event.","['c', 'b', 'a', 'd']",3,A_I,"{'a': 3.125, 'b': 5.90625, 'c': 17.25, 'd': 8.75}","{'a': 7.336630005738698e-07, 'b': 1.1840719707834069e-05, 'c': 0.9997839331626892, 'd': 0.00020342440984677523}",0.9997839331626892,,"- The context mentions that the situation was funny, indicating that it was amusing.
- The phrase ""Truly something to laugh about"" suggests that the situation was genuinely amusing.
- The speaker is commenting on the situation after it has occurred, implying that their reaction is based on the actual event.",
C1_48_A_NI,C1_48,69,1,ambiguous,non-ironic,d,The talk contained humour.,OLMo-2-7B,Condition1B_context_richness_stimuli,general_reasoning,"You will read short stories that describe everyday situations and which finish with a person saying something. Your task is to decide, given the situation, what meaning the person is most likely conveying. Each story will be followed by 4 possible meaning interpretations listed from a to d. Read each story and choose the number corresponding to the most likely meaning. State the reasoning in 2-3 bullet points and the answer. You can only answer with a, b, c, or d.
Context: His talk was funny. 
Target utterance: Hey says: """"Wow, so many jokes in one talk.""""
What meaning is He most likely conveying?
a. He was a fan of old jokes.
b. The talk contained no humour.
c. He decided to cancel the talk.
d. The talk contained humour.
Reasoning:
Answer:
","- The talk contained humour because it was described as funny.
- The speaker's reaction, ""Wow, so many jokes in one talk,"" implies that there was an abundance of humour.
- The phrase ""Wow"" is typically used to express surprise or admiration, suggesting that the speaker found the amount of humour noteworthy. Therefore, the most likely meaning is d. The talk contained humour.","['c', 'b', 'd', 'a']",3,A_NI,"{'a': 0.6328125, 'b': 3.734375, 'c': 0.7421875, 'd': 16.625}","{'a': 1.1341748518134409e-07, 'b': 2.5215729237970663e-06, 'c': 1.2652635916765576e-07, 'd': 0.9999972581863403}",0.9999972581863403,,"- The talk contained humour because it was described as funny.
- The speaker's reaction, ""Wow, so many jokes in one talk,"" implies that there was an abundance of humour.
- The phrase ""Wow"" is typically used to express surprise or admiration, suggesting that the speaker found the amount of humour noteworthy. Therefore, the most likely meaning is d. The talk contained humour.",
C1_49_UA_I,C1_49,190,1,unambiguous,ironic,a,The airport experience was thoroughly unpleasant.,OLMo-2-7B,Condition1B_context_richness_stimuli,general_reasoning,"You will read short stories that describe everyday situations and which finish with a person saying something. Your task is to decide, given the situation, what meaning the person is most likely conveying. Each story will be followed by 4 possible meaning interpretations listed from a to d. Read each story and choose the number corresponding to the most likely meaning. State the reasoning in 2-3 bullet points and the answer. You can only answer with a, b, c, or d.
Context: He had an excellent experience at the airport.
Target utterance: He says: """"A complete nightmare, really.""""
What meaning is He most likely conveying?
a. The airport experience was thoroughly unpleasant.
b. The airport experience was enjoyable.
c. He decided to book a different airport transfer.
d. He came back from his trip exhausted.
Reasoning:
Answer:
","- The phrase ""A complete nightmare, really"" typically conveys something that was very unpleasant or disturbing.
- Since the context mentions an excellent experience at the airport, the utterance's negative tone contrasts with the positive context, suggesting a sarcastic or ironic comment.
- The most likely meaning is therefore that the airport experience was thoroughly unpleasant (a).","['b', 'a', 'd', 'c']",3,UA_I,"{'a': 14.4375, 'b': 0.45703125, 'c': -3.125, 'd': -1.4140625}","{'a': 0.9999990463256836, 'b': 8.479283337692323e-07, 'c': 2.3588631492543755e-08, 'd': 1.305429577769246e-07}",0.9999990463256836,,"- The phrase ""A complete nightmare, really"" typically conveys something that was very unpleasant or disturbing.
- Since the context mentions an excellent experience at the airport, the utterance's negative tone contrasts with the positive context, suggesting a sarcastic or ironic comment.
- The most likely meaning is therefore that the airport experience was thoroughly unpleasant (a).",
C1_50_UA_NI,C1_50,211,1,unambiguous,non-ironic,d,The exam results were impressive,OLMo-2-7B,Condition1B_context_richness_stimuli,general_reasoning,"You will read short stories that describe everyday situations and which finish with a person saying something. Your task is to decide, given the situation, what meaning the person is most likely conveying. Each story will be followed by 4 possible meaning interpretations listed from a to d. Read each story and choose the number corresponding to the most likely meaning. State the reasoning in 2-3 bullet points and the answer. You can only answer with a, b, c, or d.
Context: He studied hard for the exam, and the results were excellent.
Target utterance: He says: """"Well, this is amazing.""""
What meaning is He most likely conveying?
a. He always found art museums amazing.
b. The exam results were deeply disappointing.
c. He had one more exam this week.
d. The exam results were impressive
Reasoning:
Answer:
","- The context mentions that he studied hard for the exam and the results were excellent, indicating success.
- The phrase ""Well, this is amazing"" is typically used to express surprise and pleasure at a positive outcome.
- Given the context, the most likely meaning is that he is impressed and pleased with the excellent exam results.","['c', 'b', 'd', 'a']",3,UA_NI,"{'a': 1.4765625, 'b': 6.40625, 'c': 4.5625, 'd': 15.8125}","{'a': 5.942098368905135e-07, 'b': 8.22007714305073e-05, 'c': 1.3006050721742213e-05, 'd': 0.9999041557312012}",0.9999041557312012,,"- The context mentions that he studied hard for the exam and the results were excellent, indicating success.
- The phrase ""Well, this is amazing"" is typically used to express surprise and pleasure at a positive outcome.
- Given the context, the most likely meaning is that he is impressed and pleased with the excellent exam results.",
C1_51_A_I,C1_51,192,1,ambiguous,ironic,a,They found the play entertaining.,OLMo-2-7B,Condition1B_context_richness_stimuli,general_reasoning,"You will read short stories that describe everyday situations and which finish with a person saying something. Your task is to decide, given the situation, what meaning the person is most likely conveying. Each story will be followed by 4 possible meaning interpretations listed from a to d. Read each story and choose the number corresponding to the most likely meaning. State the reasoning in 2-3 bullet points and the answer. You can only answer with a, b, c, or d.
Context: They left the play feeling good.
Target utterance: They said:  """"That wasn't fun at all.""""
What meaning is They most likely conveying?
a. They found the play entertaining.
b. They found the play dull.
c. They liked to watch a play in their favorite theatre.
d. They had fun eating together.
Reasoning:
Answer:
","- The statement ""That wasn't fun at all"" suggests that the experience was not enjoyable.
- Since they left the play feeling good, it implies that the play itself was not the source of their good feeling.
- The contrast between feeling good after the play and stating it wasn't fun suggests that the enjoyment came from something else, not the play.","['b', 'a', 'd', 'c']",3,A_I,"{'a': 5.25, 'b': 14.125, 'c': 3.4375, 'd': 8.875}","{'a': 0.00013908915570937097, 'b': 0.9946190118789673, 'c': 2.270567711093463e-05, 'd': 0.005219281651079655}",0.9946190118789673,,"- The statement ""That wasn't fun at all"" suggests that the experience was not enjoyable.
- Since they left the play feeling good, it implies that the play itself was not the source of their good feeling.
- The contrast between feeling good after the play and stating it wasn't fun suggests that the enjoyment came from something else, not the play.",
C1_52_A_NI,C1_52,171,1,ambiguous,non-ironic,c,The rmeal was a genuinely enjoyable experience.,OLMo-2-7B,Condition1B_context_richness_stimuli,general_reasoning,"You will read short stories that describe everyday situations and which finish with a person saying something. Your task is to decide, given the situation, what meaning the person is most likely conveying. Each story will be followed by 4 possible meaning interpretations listed from a to d. Read each story and choose the number corresponding to the most likely meaning. State the reasoning in 2-3 bullet points and the answer. You can only answer with a, b, c, or d.
Context: She had a good meal at a restaurant.
Target utterance: She says: """"That was a great restaurant visit.""""
What meaning is She most likely conveying?
a. She found the whole meal disappointing.
b. She wanted to try the meal for months.
c. The rmeal was a genuinely enjoyable experience.
d. She always enjoyed a restaurant visit before a big day out.
Reasoning:
Answer:
","- The phrase ""That was a great restaurant visit"" suggests a positive experience.
- The context of having a good meal implies that the food and service were satisfactory.
- The use of the word ""visit"" typically implies a pleasant experience during the time spent at the restaurant.","['b', 'd', 'a', 'c']",3,A_NI,"{'a': 4.375, 'b': 6.5, 'c': 16.75, 'd': 8.0}","{'a': 4.222015377308708e-06, 'b': 3.5350502002984285e-05, 'c': 0.9998020529747009, 'd': 0.00015842994616832584}",0.9998020529747009,,"- The phrase ""That was a great restaurant visit"" suggests a positive experience.
- The context of having a good meal implies that the food and service were satisfactory.
- The use of the word ""visit"" typically implies a pleasant experience during the time spent at the restaurant.",
C1_53_UA_I,C1_53,243,1,unambiguous,ironic,a,The ground was dried out.,OLMo-2-7B,Condition1B_context_richness_stimuli,general_reasoning,"You will read short stories that describe everyday situations and which finish with a person saying something. Your task is to decide, given the situation, what meaning the person is most likely conveying. Each story will be followed by 4 possible meaning interpretations listed from a to d. Read each story and choose the number corresponding to the most likely meaning. State the reasoning in 2-3 bullet points and the answer. You can only answer with a, b, c, or d.
Context: After the weather changed, the ground became soaked.
Target utterance: She says: """"Perfect conditions for a picnic..""""
What meaning is She most likely conveying?
a. The ground was dried out.
b. She knelt in the mud to look closely at the earth.
c. The ground was uneven where she stood.
d. The ground was moist and muddy after the rain.
Reasoning:
Answer:
","- The context mentions that the ground became soaked after the weather changed, indicating that it rained and the ground is now wet and muddy.
- The target utterance, ""Perfect conditions for a picnic,"" is ironic because typically, a picnic is associated with dry, sunny weather, not wet and muddy conditions.
- Given the context and the utterance, the most likely meaning is that the speaker is using irony to express that the conditions are far from ideal for a picnic, suggesting that the ground is moist and muddy.","['b', 'c', 'd', 'a']",3,UA_I,"{'a': 0.8046875, 'b': 2.9375, 'c': 3.140625, 'd': 15.75}","{'a': 3.2309517905559915e-07, 'b': 2.7264602522336645e-06, 'c': 3.3405287922505522e-06, 'd': 0.9999935626983643}",0.9999935626983643,,"- The context mentions that the ground became soaked after the weather changed, indicating that it rained and the ground is now wet and muddy.
- The target utterance, ""Perfect conditions for a picnic,"" is ironic because typically, a picnic is associated with dry, sunny weather, not wet and muddy conditions.
- Given the context and the utterance, the most likely meaning is that the speaker is using irony to express that the conditions are far from ideal for a picnic, suggesting that the ground is moist and muddy.",
C1_54_UA_NI,C1_54,271,1,unambiguous,non-ironic,b,The garden was struggling without any water.,OLMo-2-7B,Condition1B_context_richness_stimuli,general_reasoning,"You will read short stories that describe everyday situations and which finish with a person saying something. Your task is to decide, given the situation, what meaning the person is most likely conveying. Each story will be followed by 4 possible meaning interpretations listed from a to d. Read each story and choose the number corresponding to the most likely meaning. State the reasoning in 2-3 bullet points and the answer. You can only answer with a, b, c, or d.
Context: The garden was soaked in the morning.
Target utterance: They said: """"That’s enough water for the day.""""
What meaning is They most likely conveying?
a. The garden was just watered and needed to dry out.
b. The garden was struggling without any water.
c. They wanted a new water feature.
d. They played some boardgames in the garden.
Reasoning:
Answer:
","- The garden was already watered, indicating it doesn't need more water for the day.
- Saying ""That's enough water for the day"" implies they don't want any more water added.
- The context of the garden being soaked in the morning supports the idea that it has received sufficient water.","['b', 'a', 'c', 'd']",3,UA_NI,"{'a': 13.9375, 'b': 2.734375, 'c': -1.109375, 'd': -0.283203125}","{'a': 0.9999854564666748, 'b': 1.363133287668461e-05, 'c': 2.918897905601625e-07, 'd': 6.668386731689679e-07}",0.9999854564666748,,"- The garden was already watered, indicating it doesn't need more water for the day.
- Saying ""That's enough water for the day"" implies they don't want any more water added.
- The context of the garden being soaked in the morning supports the idea that it has received sufficient water.",
C1_55_A_I,C1_55,263,1,ambiguous,ironic,b,The plants had been wilting due to lack of water.,OLMo-2-7B,Condition1B_context_richness_stimuli,general_reasoning,"You will read short stories that describe everyday situations and which finish with a person saying something. Your task is to decide, given the situation, what meaning the person is most likely conveying. Each story will be followed by 4 possible meaning interpretations listed from a to d. Read each story and choose the number corresponding to the most likely meaning. State the reasoning in 2-3 bullet points and the answer. You can only answer with a, b, c, or d.
Context: The field was wet.
Target utterance: He says: """"Terrible news for anything trying to grow..""""
What meaning is He most likely conveying?
a. He was considering buying a new tractor.
b. The plants had been wilting due to lack of water.
c. He had been reading about different farming techniques.
d. The plants had been getting plenty of moisture to grow.
Reasoning:
Answer:
","- The context mentions that the field was wet, which implies that there was too much water, not too little.
- The statement ""Terrible news for anything trying to grow"" suggests that the excessive water is a negative factor for plant growth.
- The most likely meaning is that the plants have been wilting due to the wet field, as plants require the right amount of water to grow properly and excessive water can lead to wilting. This corresponds to option b.","['d', 'b', 'c', 'a']",3,A_I,"{'a': -0.0301513671875, 'b': 14.1875, 'c': 2.71875, 'd': 1.8828125}","{'a': 6.68876054987777e-07, 'b': 0.9999842643737793, 'c': 1.0451492926222272e-05, 'd': 4.530386831902433e-06}",0.9999842643737793,,"- The context mentions that the field was wet, which implies that there was too much water, not too little.
- The statement ""Terrible news for anything trying to grow"" suggests that the excessive water is a negative factor for plant growth.
- The most likely meaning is that the plants have been wilting due to the wet field, as plants require the right amount of water to grow properly and excessive water can lead to wilting. This corresponds to option b.",
C1_56_A_NI,C1_56,182,1,ambiguous,non-ironic,c,Her hair was soaking wet.,OLMo-2-7B,Condition1B_context_richness_stimuli,general_reasoning,"You will read short stories that describe everyday situations and which finish with a person saying something. Your task is to decide, given the situation, what meaning the person is most likely conveying. Each story will be followed by 4 possible meaning interpretations listed from a to d. Read each story and choose the number corresponding to the most likely meaning. State the reasoning in 2-3 bullet points and the answer. You can only answer with a, b, c, or d.
Context: She saw her wet hair.
Target utterance: She said: """"The rain really caught me by surprise.""""
What meaning is She most likely conveying?
a. Her hair was completely dry.
b. She had her hair cut short last week.
c. Her hair was soaking wet.
d. They organised a surprise party for him.
Reasoning:
Answer:
","- The phrase ""wet hair"" indicates that her hair was not dry.
- The statement ""The rain really caught me by surprise"" suggests that she was caught off guard by the rain.
- The context of seeing wet hair before the statement implies that the rain is the reason her hair is wet.","['b', 'd', 'a', 'c']",3,A_NI,"{'a': 6.375, 'b': 5.71875, 'c': 16.625, 'd': 4.71875}","{'a': 3.535536598064937e-05, 'b': 1.834212162066251e-05, 'c': 0.9999395608901978, 'd': 6.747688985342393e-06}",0.9999395608901978,,"- The phrase ""wet hair"" indicates that her hair was not dry.
- The statement ""The rain really caught me by surprise"" suggests that she was caught off guard by the rain.
- The context of seeing wet hair before the statement implies that the rain is the reason her hair is wet.",
C1_57_UA_I,C1_57,237,1,unambiguous,ironic,d,I thought the outfit was ugly.,OLMo-2-7B,Condition1B_context_richness_stimuli,general_reasoning,"You will read short stories that describe everyday situations and which finish with a person saying something. Your task is to decide, given the situation, what meaning the person is most likely conveying. Each story will be followed by 4 possible meaning interpretations listed from a to d. Read each story and choose the number corresponding to the most likely meaning. State the reasoning in 2-3 bullet points and the answer. You can only answer with a, b, c, or d.
Context: I wore a stunnig outfit to attend the award ceremony.
Target utterance: I say: """"I really didn't try at all today.""""
What meaning is I most likely conveying?
a. I admired the outfit.
b. I received an amazing award.
c. The comedians on the stage enjoyed themselves.
d. I thought the outfit was ugly.
Reasoning:
Answer:
","- The statement ""I really didn't try at all today"" suggests a lack of effort or success, which contrasts with receiving an amazing award.
- Wearing a stunning outfit to an award ceremony typically implies an attempt to look one's best and make a good impression.
- Given the context of attending an award ceremony in a stunning outfit, the speaker likely feels that their effort did not pay off as expected, possibly because the outfit did not receive the recognition they hoped for or because they did not win an award.","['a', 'c', 'd', 'b']",3,UA_I,"{'a': 7.53125, 'b': 10.4375, 'c': 6.375, 'd': 12.0625}","{'a': 0.008890679106116295, 'b': 0.1625935435295105, 'c': 0.0027975765988230705, 'd': 0.8257181644439697}",0.8257181644439697,,"- The statement ""I really didn't try at all today"" suggests a lack of effort or success, which contrasts with receiving an amazing award.
- Wearing a stunning outfit to an award ceremony typically implies an attempt to look one's best and make a good impression.
- Given the context of attending an award ceremony in a stunning outfit, the speaker likely feels that their effort did not pay off as expected, possibly because the outfit did not receive the recognition they hoped for or because they did not win an award.",
C1_58_UA_NI,C1_58,56,1,unambiguous,non-ironic,a,She admired the car.,OLMo-2-7B,Condition1B_context_richness_stimuli,general_reasoning,"You will read short stories that describe everyday situations and which finish with a person saying something. Your task is to decide, given the situation, what meaning the person is most likely conveying. Each story will be followed by 4 possible meaning interpretations listed from a to d. Read each story and choose the number corresponding to the most likely meaning. State the reasoning in 2-3 bullet points and the answer. You can only answer with a, b, c, or d.
Context: She saw a stunning car on the street.
Target utterance: She says: """"That’s a real beauty.""""
What meaning is she most likely conveying?
a. She admired the car.
b. She thought the painting was beautiful.
c. She had booked a car.
d. She thought the car was ugly.
Reasoning:
Answer:
","- The phrase ""real beauty"" typically refers to something that is genuinely attractive or pleasing to the eye, which fits the context of admiring a car.
- The statement is made about a car, which is a common object of admiration for its appearance.
- The context of seeing a ""stunning car"" on the street supports the idea that she is expressing admiration for the car's appearance.","['a', 'c', 'd', 'b']",3,UA_NI,"{'a': 15.0625, 'b': 2.25, 'c': -0.8046875, 'd': 0.875}","{'a': 0.9999964237213135, 'b': 2.7264679829386296e-06, 'c': 1.285187494204365e-07, 'd': 6.893590693834994e-07}",0.9999964237213135,,"- The phrase ""real beauty"" typically refers to something that is genuinely attractive or pleasing to the eye, which fits the context of admiring a car.
- The statement is made about a car, which is a common object of admiration for its appearance.
- The context of seeing a ""stunning car"" on the street supports the idea that she is expressing admiration for the car's appearance.",
C1_59_A_I,C1_59,59,1,ambiguous,ironic,b,The painting was genuinely beautiful.,OLMo-2-7B,Condition1B_context_richness_stimuli,general_reasoning,"You will read short stories that describe everyday situations and which finish with a person saying something. Your task is to decide, given the situation, what meaning the person is most likely conveying. Each story will be followed by 4 possible meaning interpretations listed from a to d. Read each story and choose the number corresponding to the most likely meaning. State the reasoning in 2-3 bullet points and the answer. You can only answer with a, b, c, or d.
Context: He looked at a pretty painting.
Target utterance: He said: """"That's hard to look at.""""
What meaning is He most likely conveying?
a. The painting was genuinely ugly.
b. The painting was genuinely beautiful.
c. He gave her a stern look.
d. They spent the weekend for this painting.
Reasoning:
Answer:
","- The phrase ""hard to look at"" typically implies something is unpleasant or unappealing to view, rather than beautiful or pleasant.
- The context of looking at a painting suggests a visual evaluation, and ""hard to look at"" implies a negative reaction to the visual experience.
- There is no mention of a stern look or a weekend spent for the painting, so these options are less likely.","['a', 'b', 'c', 'd']",3,A_I,"{'a': 13.3125, 'b': 5.40625, 'c': -0.4140625, 'd': 0.84765625}","{'a': 0.9996267557144165, 'b': 0.00036829611053690314, 'c': 1.0926160030066967e-06, 'd': 3.85855810236535e-06}",0.9996267557144165,,"- The phrase ""hard to look at"" typically implies something is unpleasant or unappealing to view, rather than beautiful or pleasant.
- The context of looking at a painting suggests a visual evaluation, and ""hard to look at"" implies a negative reaction to the visual experience.
- There is no mention of a stern look or a weekend spent for the painting, so these options are less likely.",
C1_60_A_NI,C1_60,279,1,ambiguous,non-ironic,c,They thought the bird was beautiful.,OLMo-2-7B,Condition1B_context_richness_stimuli,general_reasoning,"You will read short stories that describe everyday situations and which finish with a person saying something. Your task is to decide, given the situation, what meaning the person is most likely conveying. Each story will be followed by 4 possible meaning interpretations listed from a to d. Read each story and choose the number corresponding to the most likely meaning. State the reasoning in 2-3 bullet points and the answer. You can only answer with a, b, c, or d.
Context: They saw a pretty bird.
Target utterance: They said: """"A real eye-catcher.""""
What meaning is They most likely conveying?
a. They had a great time on a trip.
b. They thought the bird was not beautiful.
c. They thought the bird was beautiful.
d. The bird looked at them really closely.
Reasoning:
Answer:
","- The phrase ""a real eye-catcher"" is typically used to describe something that is very attractive or striking to look at.
- Since the story mentions that the bird was pretty, it implies that the bird was visually appealing.
- The phrase used by ""They"" aligns with the idea that the bird was beautiful, making option c the most likely meaning.","['d', 'b', 'a', 'c']",3,A_NI,"{'a': 2.546875, 'b': 5.71875, 'c': 16.625, 'd': 5.59375}","{'a': 7.690112511227198e-07, 'b': 1.8342581824981607e-05, 'c': 0.999964714050293, 'd': 1.6187272194656543e-05}",0.999964714050293,,"- The phrase ""a real eye-catcher"" is typically used to describe something that is very attractive or striking to look at.
- Since the story mentions that the bird was pretty, it implies that the bird was visually appealing.
- The phrase used by ""They"" aligns with the idea that the bird was beautiful, making option c the most likely meaning.",
C1_61_UA_I,C1_61,22,1,unambiguous,ironic,a,The kettle was expensive.,OLMo-2-7B,Condition1B_context_richness_stimuli,general_reasoning,"You will read short stories that describe everyday situations and which finish with a person saying something. Your task is to decide, given the situation, what meaning the person is most likely conveying. Each story will be followed by 4 possible meaning interpretations listed from a to d. Read each story and choose the number corresponding to the most likely meaning. State the reasoning in 2-3 bullet points and the answer. You can only answer with a, b, c, or d.
Context: I found a nice kettle which was overpriced.
Target utterance: I said: """"What a steal.""""
What meaning is I most likely conveying?
a. The kettle was expensive.
b. The kettle was a real bargain.
c. A thief tried to steal my bag.
d. The kettle boiled over..
Reasoning:
Answer:
","- The phrase ""What a steal"" typically means that something is a great deal or a bargain, suggesting that the price is much lower than expected for the quality or value of the item. 
- Since the kettle was overpriced but found to be nice, the speaker likely perceives it as a good deal despite the original high price.
- The context of finding a nice kettle that was overpriced, followed by the statement ""What a steal,"" strongly supports the interpretation that the speaker believes they got a good deal.","['b', 'a', 'c', 'd']",3,UA_I,"{'a': 4.625, 'b': 15.25, 'c': 0.18359375, 'd': 3.5}","{'a': 2.4300043151015416e-05, 'b': 0.9999675750732422, 'c': 2.862389862912096e-07, 'd': 7.889068911026698e-06}",0.9999675750732422,,"- The phrase ""What a steal"" typically means that something is a great deal or a bargain, suggesting that the price is much lower than expected for the quality or value of the item. 
- Since the kettle was overpriced but found to be nice, the speaker likely perceives it as a good deal despite the original high price.
- The context of finding a nice kettle that was overpriced, followed by the statement ""What a steal,"" strongly supports the interpretation that the speaker believes they got a good deal.",
C1_62_UA_NI,C1_62,197,1,unambiguous,non-ironic,b,The vase was worth a lot of money.,OLMo-2-7B,Condition1B_context_richness_stimuli,general_reasoning,"You will read short stories that describe everyday situations and which finish with a person saying something. Your task is to decide, given the situation, what meaning the person is most likely conveying. Each story will be followed by 4 possible meaning interpretations listed from a to d. Read each story and choose the number corresponding to the most likely meaning. State the reasoning in 2-3 bullet points and the answer. You can only answer with a, b, c, or d.
Context: He broke an overpriced vase.

Target utterance: He said: """"Well, there goes a priceless treasure""""
What meaning is He most likely conveying?
a. The vase was not pricy.
b. The vase was worth a lot of money.
c. The experience of breaking the vase was worth it.
d. He went on a hike and picked up flowers.
Reasoning:
Answer:
","- The phrase ""priceless treasure"" suggests high value.
- The context mentions the vase was overpriced, implying it was not actually priceless but expensive.
- The speaker's reaction suggests disappointment or irony about the vase's destruction, not a literal hike or flowers.","['b', 'a', 'c', 'd']",3,UA_NI,"{'a': 3.78125, 'b': 14.6875, 'c': 4.28125, 'd': 5.6875}","{'a': 1.8340073438594118e-05, 'b': 0.9998279809951782, 'c': 3.023767021659296e-05, 'd': 0.00012338857050053775}",0.9998279809951782,,"- The phrase ""priceless treasure"" suggests high value.
- The context mentions the vase was overpriced, implying it was not actually priceless but expensive.
- The speaker's reaction suggests disappointment or irony about the vase's destruction, not a literal hike or flowers.",
C1_63_A_I,C1_63,234,1,ambiguous,ironic,b,The perfume was not pricy.,OLMo-2-7B,Condition1B_context_richness_stimuli,general_reasoning,"You will read short stories that describe everyday situations and which finish with a person saying something. Your task is to decide, given the situation, what meaning the person is most likely conveying. Each story will be followed by 4 possible meaning interpretations listed from a to d. Read each story and choose the number corresponding to the most likely meaning. State the reasoning in 2-3 bullet points and the answer. You can only answer with a, b, c, or d.
Context: She was wearing expensive perfume.
Target utterance: She said: """"Smells like it's from a gas station.""""
What meaning is She most likely conveying?
a. The perfume was pricy.
b. The perfume was not pricy.
c. The ocean was calm and quiet.
d. The fragrance label was worth reading.
Reasoning:
Answer:
","- The context mentions that the perfume was expensive, indicated by ""She was wearing expensive perfume.""
- The target utterance ""Smells like it's from a gas station"" is a negative comparison to the expected quality of an expensive perfume.
- The most likely meaning is that the perfume's quality did not match its price, suggesting it was not worth the cost (option b).","['a', 'b', 'd', 'c']",3,A_I,"{'a': 2.90625, 'b': 15.25, 'c': -0.94140625, 'd': 1.875}","{'a': 4.356872523203492e-06, 'b': 0.9999939203262329, 'c': 9.293064806570328e-08, 'd': 1.5534907333858428e-06}",0.9999939203262329,,"- The context mentions that the perfume was expensive, indicated by ""She was wearing expensive perfume.""
- The target utterance ""Smells like it's from a gas station"" is a negative comparison to the expected quality of an expensive perfume.
- The most likely meaning is that the perfume's quality did not match its price, suggesting it was not worth the cost (option b).",
C1_64_A_NI,C1_64,240,1,ambiguous,non-ironic,c,The bag was worth a lot.,OLMo-2-7B,Condition1B_context_richness_stimuli,general_reasoning,"You will read short stories that describe everyday situations and which finish with a person saying something. Your task is to decide, given the situation, what meaning the person is most likely conveying. Each story will be followed by 4 possible meaning interpretations listed from a to d. Read each story and choose the number corresponding to the most likely meaning. State the reasoning in 2-3 bullet points and the answer. You can only answer with a, b, c, or d.
Context: She got an expensive bag.
Target utterance: She said: """"Looks like a real designer piece.""""
What meaning is She most likely conveying?
a. She liked to wear that designer piece.
b. The bag was worth very little.
c. The bag was worth a lot.
d. She had dark bags under her eyes.
Reasoning:
Answer:
","- The phrase ""Looks like a real designer piece"" suggests that the bag appears to be of high quality and possibly expensive, given that it's described as a ""real designer piece.""
- The context mentions that she got an ""expensive bag,"" which implies that the bag is not just any ordinary bag but one that is likely to be costly.
- The statement is a compliment or observation about the bag's appearance and presumed value, rather than commenting on her personal attire or physical features.","['c', 'b', 'a', 'd']",3,A_NI,"{'a': 6.09375, 'b': 6.34375, 'c': 17.125, 'd': 8.3125}","{'a': 1.6184836567845196e-05, 'b': 2.0781741113751195e-05, 'c': 0.9998142123222351, 'd': 0.00014883297262713313}",0.9998142123222351,,"- The phrase ""Looks like a real designer piece"" suggests that the bag appears to be of high quality and possibly expensive, given that it's described as a ""real designer piece.""
- The context mentions that she got an ""expensive bag,"" which implies that the bag is not just any ordinary bag but one that is likely to be costly.
- The statement is a compliment or observation about the bag's appearance and presumed value, rather than commenting on her personal attire or physical features.",
C1_65_UA_I,C1_65,187,1,unambiguous,ironic,a,The house felt spacious and huge.,OLMo-2-7B,Condition1B_context_richness_stimuli,general_reasoning,"You will read short stories that describe everyday situations and which finish with a person saying something. Your task is to decide, given the situation, what meaning the person is most likely conveying. Each story will be followed by 4 possible meaning interpretations listed from a to d. Read each story and choose the number corresponding to the most likely meaning. State the reasoning in 2-3 bullet points and the answer. You can only answer with a, b, c, or d.
Context: They moved into an enormous house.
Target utterance: They said: """"You can barely turn around in here.""""
What meaning is They most likely conveying?
a. The house felt spacious and huge.
b. They made a sharp turn at the end of the road.
c. The house felt cramped and tiny.
d. The house was red and blue.
Reasoning:
Answer:
","- The phrase ""You can barely turn around in here"" suggests that the space is very limited, not spacious. 
- The context mentions that they moved into an ""enormous house,"" which contrasts with the statement about turning around, implying that the house feels cramped rather than spacious.
- The statement is a figurative way to describe the feeling of confinement in a large but not wide-open space.","['b', 'c', 'a', 'd']",3,UA_I,"{'a': 7.375, 'b': 3.75, 'c': 15.8125, 'd': 4.125}","{'a': 0.00021654101146850735, 'b': 5.770622465206543e-06, 'c': 0.999769389629364, 'd': 8.396205885219388e-06}",0.999769389629364,,"- The phrase ""You can barely turn around in here"" suggests that the space is very limited, not spacious. 
- The context mentions that they moved into an ""enormous house,"" which contrasts with the statement about turning around, implying that the house feels cramped rather than spacious.
- The statement is a figurative way to describe the feeling of confinement in a large but not wide-open space.",
C1_66_UA_NI,C1_66,91,1,unambiguous,non-ironic,b,They thought the concert was huge.,OLMo-2-7B,Condition1B_context_richness_stimuli,general_reasoning,"You will read short stories that describe everyday situations and which finish with a person saying something. Your task is to decide, given the situation, what meaning the person is most likely conveying. Each story will be followed by 4 possible meaning interpretations listed from a to d. Read each story and choose the number corresponding to the most likely meaning. State the reasoning in 2-3 bullet points and the answer. You can only answer with a, b, c, or d.
Context: They attended a concert at an enormous venue.

Target utterance: They said: """"What a massive event.""""
What meaning is they most likely conveying?
a. They thought the concert was small.
b. They thought the concert was huge.
c. They liked go to concerts.
d. They organized a massive event for dating.
Reasoning:
Answer:
","- The phrase ""What a massive event"" suggests that the speaker is surprised or impressed by the size of the event.
- Given that they attended a concert at an enormous venue, it implies that the size of the venue was unexpected or noteworthy.
- The context of attending a concert does not imply any personal organization of the event, so option d is unlikely.","['b', 'a', 'd', 'c']",3,UA_NI,"{'a': 5.71875, 'b': 15.3125, 'c': 4.6875, 'd': 5.9375}","{'a': 6.814127846155316e-05, 'b': 0.9998226761817932, 'c': 2.429652158753015e-05, 'd': 8.480319957016036e-05}",0.9998226761817932,,"- The phrase ""What a massive event"" suggests that the speaker is surprised or impressed by the size of the event.
- Given that they attended a concert at an enormous venue, it implies that the size of the venue was unexpected or noteworthy.
- The context of attending a concert does not imply any personal organization of the event, so option d is unlikely.",
C1_67_A_I,C1_67,1,1,ambiguous,ironic,d,She thought the spider was huge.,OLMo-2-7B,Condition1B_context_richness_stimuli,general_reasoning,"You will read short stories that describe everyday situations and which finish with a person saying something. Your task is to decide, given the situation, what meaning the person is most likely conveying. Each story will be followed by 4 possible meaning interpretations listed from a to d. Read each story and choose the number corresponding to the most likely meaning. State the reasoning in 2-3 bullet points and the answer. You can only answer with a, b, c, or d.
Context: She spotted a big spider.
Target utterance: She said: """"Almost didn't see it.""""
What meaning is She most likely conveying?
a. She drew a spider diagram to plan her essay.
b. She thought the spider was tiny.
c. She went to see her doctor on Monday.
d. She thought the spider was huge.
Reasoning:
Answer:
","- The phrase ""Almost didn't see it"" suggests that the spider was difficult to spot, implying it was small or well-hidden.
- The context mentions that she spotted a big spider, which contrasts with the difficulty of seeing it, suggesting it was not actually big.
- The most likely meaning is that she thought the spider was tiny, as indicated by her difficulty in spotting it despite it being described as ""big"" in the context.","['d', 'a', 'c', 'b']",3,A_I,"{'a': 0.6640625, 'b': 13.5625, 'c': 2.515625, 'd': 4.40625}","{'a': 2.501646577002248e-06, 'b': 0.9998760223388672, 'c': 1.5934898328850977e-05, 'd': 0.00010554491018410772}",0.9998760223388672,,"- The phrase ""Almost didn't see it"" suggests that the spider was difficult to spot, implying it was small or well-hidden.
- The context mentions that she spotted a big spider, which contrasts with the difficulty of seeing it, suggesting it was not actually big.
- The most likely meaning is that she thought the spider was tiny, as indicated by her difficulty in spotting it despite it being described as ""big"" in the context.",
C1_68_A_NI,C1_68,252,1,ambiguous,non-ironic,c,I thought the dog was huge.,OLMo-2-7B,Condition1B_context_richness_stimuli,general_reasoning,"You will read short stories that describe everyday situations and which finish with a person saying something. Your task is to decide, given the situation, what meaning the person is most likely conveying. Each story will be followed by 4 possible meaning interpretations listed from a to d. Read each story and choose the number corresponding to the most likely meaning. State the reasoning in 2-3 bullet points and the answer. You can only answer with a, b, c, or d.
Context: I met a big dog.
Target utterance: I said: """"He could swallow me whole.""""
What meaning is I most likely conveying?
a. I swallowed a pill.
b. The dog wore a collar.
c. I thought the dog was huge.
d. I thought the dog was small.
Reasoning:
Answer:
","- The statement ""He could swallow me whole"" implies that the speaker is comparing the size of the dog to themselves, suggesting that the dog is very large.
- The context of meeting a big dog supports the idea that the speaker is expressing the dog's size in relation to themselves.
- The phrase ""He could swallow me whole"" is a hyperbolic way of saying the dog is very large, indicating that the speaker believes the dog is much bigger than they are.","['c', 'd', 'a', 'b']",3,A_NI,"{'a': 5.21875, 'b': 4.09375, 'c': 15.625, 'd': 8.0}","{'a': 3.0226910894270986e-05, 'b': 9.813241376832593e-06, 'c': 0.9994722008705139, 'd': 0.000487837620312348}",0.9994722008705139,,"- The statement ""He could swallow me whole"" implies that the speaker is comparing the size of the dog to themselves, suggesting that the dog is very large.
- The context of meeting a big dog supports the idea that the speaker is expressing the dog's size in relation to themselves.
- The phrase ""He could swallow me whole"" is a hyperbolic way of saying the dog is very large, indicating that the speaker believes the dog is much bigger than they are.",
C1_69_UA_I,C1_69,136,1,unambiguous,ironic,d,The pool was super warm.,OLMo-2-7B,Condition1B_context_richness_stimuli,general_reasoning,"You will read short stories that describe everyday situations and which finish with a person saying something. Your task is to decide, given the situation, what meaning the person is most likely conveying. Each story will be followed by 4 possible meaning interpretations listed from a to d. Read each story and choose the number corresponding to the most likely meaning. State the reasoning in 2-3 bullet points and the answer. You can only answer with a, b, c, or d.
Context: She jumped into a hot pool.
Target utterance: She said:  """"One could catch a cold in here.""""
What meaning is She most likely conveying?
a. The pool was super cold.
b. She liked to chill on that sofa after work.
c. She played a game of pool in the bar.
d. The pool was super warm.
Reasoning:
Answer:
","- The statement ""One could catch a cold in here"" suggests that the environment is not suitable for maintaining a healthy temperature, implying warmth rather than coldness.
- The context of jumping into a hot pool indicates that it is warm, not cold.
- The phrase ""One could catch a cold"" is typically used to express concern about being in a temperature that is too high, which could lead to illness.","['a', 'c', 'd', 'b']",3,UA_I,"{'a': 4.375, 'b': 5.0625, 'c': 3.484375, 'd': 16.75}","{'a': 4.222790721541969e-06, 'b': 8.398022146138828e-06, 'c': 1.7330298760498408e-06, 'd': 0.9999856948852539}",0.9999856948852539,,"- The statement ""One could catch a cold in here"" suggests that the environment is not suitable for maintaining a healthy temperature, implying warmth rather than coldness.
- The context of jumping into a hot pool indicates that it is warm, not cold.
- The phrase ""One could catch a cold"" is typically used to express concern about being in a temperature that is too high, which could lead to illness.",
C1_70_UA_NI,C1_70,258,1,unambiguous,non-ironic,b,The weather conditions were perfect.,OLMo-2-7B,Condition1B_context_richness_stimuli,general_reasoning,"You will read short stories that describe everyday situations and which finish with a person saying something. Your task is to decide, given the situation, what meaning the person is most likely conveying. Each story will be followed by 4 possible meaning interpretations listed from a to d. Read each story and choose the number corresponding to the most likely meaning. State the reasoning in 2-3 bullet points and the answer. You can only answer with a, b, c, or d.
Context: He went to the beach, and the weather was hot.
Target utterance: He said: """"Couldn't have asked for better weather.""""
What meaning is he most likely conveying?
a. The weather conditions were awful.
b. The weather conditions were perfect.
c. He meant to harvest the houseplants, but forgot about it.
d. The delivery driver arrived in heavy rain.
Reasoning:
Answer:
","- The weather was hot, indicating that the weather conditions were perfect for a beach visit.
- Saying ""Couldn't have asked for better weather"" implies that the weather was ideal.
- There is no mention of any negative weather conditions or other activities that would make the weather less than perfect for a beach visit.","['b', 'a', 'd', 'c']",3,UA_NI,"{'a': 4.25, 'b': 14.625, 'c': 0.5, 'd': 2.34375}","{'a': 3.120174369541928e-05, 'b': 0.9999634027481079, 'c': 7.337947067753703e-07, 'd': 4.637725396605674e-06}",0.9999634027481079,,"- The weather was hot, indicating that the weather conditions were perfect for a beach visit.
- Saying ""Couldn't have asked for better weather"" implies that the weather was ideal.
- There is no mention of any negative weather conditions or other activities that would make the weather less than perfect for a beach visit.",
C1_71_A_I,C1_71,127,1,ambiguous,ironic,a,The room was really warm.,OLMo-2-7B,Condition1B_context_richness_stimuli,general_reasoning,"You will read short stories that describe everyday situations and which finish with a person saying something. Your task is to decide, given the situation, what meaning the person is most likely conveying. Each story will be followed by 4 possible meaning interpretations listed from a to d. Read each story and choose the number corresponding to the most likely meaning. State the reasoning in 2-3 bullet points and the answer. You can only answer with a, b, c, or d.
Context: I walked into a warm room. 
Target utterance: I said:  """"Feels like the North Pole in here.""""
What meaning is I most likely conveying?
a. The room was really warm.
b. There wasn't enough room in the car for everyone.
c. The room was freezing cold.
d. I leaned the fishing pole against the wall.
Reasoning:
Answer:
","- The statement ""Feels like the North Pole in here"" suggests that the temperature in the room is very cold, as the North Pole is known for its extreme cold.
- The phrase ""Feels like"" is used to express a comparison, implying that the temperature in the room is similar to the coldness of the North Pole.
- The context of walking into a warm room and then commenting on it feeling like the North Pole indicates a contrast, suggesting that the room's temperature is not warm but rather cold.","['b', 'd', 'a', 'c']",3,A_I,"{'a': 11.9375, 'b': 3.265625, 'c': 13.125, 'd': 1.5703125}","{'a': 0.23369531333446503, 'b': 4.0040780731942505e-05, 'c': 0.7662574052810669, 'd': 7.349159204750322e-06}",0.7662574052810669,,"- The statement ""Feels like the North Pole in here"" suggests that the temperature in the room is very cold, as the North Pole is known for its extreme cold.
- The phrase ""Feels like"" is used to express a comparison, implying that the temperature in the room is similar to the coldness of the North Pole.
- The context of walking into a warm room and then commenting on it feeling like the North Pole indicates a contrast, suggesting that the room's temperature is not warm but rather cold.",
C1_72_A_NI,C1_72,65,1,ambiguous,non-ironic,c,Her coffee was delicious.,OLMo-2-7B,Condition1B_context_richness_stimuli,general_reasoning,"You will read short stories that describe everyday situations and which finish with a person saying something. Your task is to decide, given the situation, what meaning the person is most likely conveying. Each story will be followed by 4 possible meaning interpretations listed from a to d. Read each story and choose the number corresponding to the most likely meaning. State the reasoning in 2-3 bullet points and the answer. You can only answer with a, b, c, or d.
Context: She took a sip of the warm coffee.
Target utterance: She said: """"This is what freshly made coffee tastes like.""""
What meaning is she most likely conveying?
a. She did an experiment in health science.
b. Her coffee tasted like fresh mint.
c. Her coffee was delicious.
d. Her coffee did not taste good.
Reasoning:
Answer:
","- The woman is commenting on the taste of freshly made coffee.
- She is comparing the current sip to what freshly made coffee typically tastes like.
- She is expressing her opinion on the quality of the coffee.","['d', 'c', 'a', 'b']",3,A_NI,"{'a': 4.21875, 'b': 7.375, 'c': 16.25, 'd': 10.9375}","{'a': 5.92510286878678e-06, 'b': 0.00013913547445554286, 'c': 0.9949502944946289, 'd': 0.004904694389551878}",0.9949502944946289,,"- The woman is commenting on the taste of freshly made coffee.
- She is comparing the current sip to what freshly made coffee typically tastes like.
- She is expressing her opinion on the quality of the coffee.",
