Note: To activate spack load and command completion you need to set up
      shell support. In order to do this please run the following command:
source $SPACK_ROOT/share/spack/setup-env.sh
==> Error: Spec 'miniconda' matches no installed packages.
Requirement already satisfied: pandas in /user/asuka.kuwahara/u27871/envs/irony/lib/python3.11/site-packages (from -r requirements.txt (line 1)) (3.0.4)
Requirement already satisfied: numpy in /user/asuka.kuwahara/u27871/envs/irony/lib/python3.11/site-packages (from -r requirements.txt (line 2)) (2.4.6)
Requirement already satisfied: scikit-learn in /user/asuka.kuwahara/u27871/envs/irony/lib/python3.11/site-packages (from -r requirements.txt (line 3)) (1.9.0)
Requirement already satisfied: torch in /user/asuka.kuwahara/u27871/envs/irony/lib/python3.11/site-packages (from -r requirements.txt (line 4)) (2.12.1)
Requirement already satisfied: transformers in /user/asuka.kuwahara/u27871/envs/irony/lib/python3.11/site-packages (from -r requirements.txt (line 5)) (5.12.1)
Requirement already satisfied: python-dateutil>=2.8.2 in /user/asuka.kuwahara/u27871/envs/irony/lib/python3.11/site-packages (from pandas->-r requirements.txt (line 1)) (2.9.0.post0)
Requirement already satisfied: scipy>=1.10.0 in /user/asuka.kuwahara/u27871/envs/irony/lib/python3.11/site-packages (from scikit-learn->-r requirements.txt (line 3)) (1.17.1)
Requirement already satisfied: joblib>=1.4.0 in /user/asuka.kuwahara/u27871/envs/irony/lib/python3.11/site-packages (from scikit-learn->-r requirements.txt (line 3)) (1.5.3)
Requirement already satisfied: narwhals>=2.0.1 in /user/asuka.kuwahara/u27871/envs/irony/lib/python3.11/site-packages (from scikit-learn->-r requirements.txt (line 3)) (2.22.1)
Requirement already satisfied: threadpoolctl>=3.5.0 in /user/asuka.kuwahara/u27871/envs/irony/lib/python3.11/site-packages (from scikit-learn->-r requirements.txt (line 3)) (3.6.0)
Requirement already satisfied: filelock in /user/asuka.kuwahara/u27871/envs/irony/lib/python3.11/site-packages (from torch->-r requirements.txt (line 4)) (3.29.4)
Requirement already satisfied: typing-extensions>=4.10.0 in /user/asuka.kuwahara/u27871/envs/irony/lib/python3.11/site-packages (from torch->-r requirements.txt (line 4)) (4.15.0)
Requirement already satisfied: setuptools<82 in /user/asuka.kuwahara/u27871/envs/irony/lib/python3.11/site-packages (from torch->-r requirements.txt (line 4)) (65.5.0)
Requirement already satisfied: sympy>=1.13.3 in /user/asuka.kuwahara/u27871/envs/irony/lib/python3.11/site-packages (from torch->-r requirements.txt (line 4)) (1.14.0)
Requirement already satisfied: networkx>=2.5.1 in /user/asuka.kuwahara/u27871/envs/irony/lib/python3.11/site-packages (from torch->-r requirements.txt (line 4)) (3.6.1)
Requirement already satisfied: jinja2 in /user/asuka.kuwahara/u27871/envs/irony/lib/python3.11/site-packages (from torch->-r requirements.txt (line 4)) (3.1.6)
Requirement already satisfied: fsspec>=0.8.5 in /user/asuka.kuwahara/u27871/envs/irony/lib/python3.11/site-packages (from torch->-r requirements.txt (line 4)) (2026.6.0)
Requirement already satisfied: cuda-toolkit==13.0.2 in /user/asuka.kuwahara/u27871/envs/irony/lib/python3.11/site-packages (from cuda-toolkit[cudart,cufft,cufile,cupti,curand,cusolver,cusparse,nvjitlink,nvrtc,nvtx]==13.0.2; platform_system == "Linux"->torch->-r requirements.txt (line 4)) (13.0.2)
Requirement already satisfied: nvidia-cublas<=13.1.1.3,>=13.1.0.3 in /user/asuka.kuwahara/u27871/envs/irony/lib/python3.11/site-packages (from torch->-r requirements.txt (line 4)) (13.1.1.3)
Requirement already satisfied: cuda-bindings<14,>=13.0.3 in /user/asuka.kuwahara/u27871/envs/irony/lib/python3.11/site-packages (from torch->-r requirements.txt (line 4)) (13.3.1)
Requirement already satisfied: nvidia-cudnn-cu13==9.20.0.48 in /user/asuka.kuwahara/u27871/envs/irony/lib/python3.11/site-packages (from torch->-r requirements.txt (line 4)) (9.20.0.48)
Requirement already satisfied: nvidia-cusparselt-cu13==0.8.1 in /user/asuka.kuwahara/u27871/envs/irony/lib/python3.11/site-packages (from torch->-r requirements.txt (line 4)) (0.8.1)
Requirement already satisfied: nvidia-nccl-cu13==2.29.7 in /user/asuka.kuwahara/u27871/envs/irony/lib/python3.11/site-packages (from torch->-r requirements.txt (line 4)) (2.29.7)
Requirement already satisfied: nvidia-nvshmem-cu13==3.4.5 in /user/asuka.kuwahara/u27871/envs/irony/lib/python3.11/site-packages (from torch->-r requirements.txt (line 4)) (3.4.5)
Requirement already satisfied: triton==3.7.1 in /user/asuka.kuwahara/u27871/envs/irony/lib/python3.11/site-packages (from torch->-r requirements.txt (line 4)) (3.7.1)
Requirement already satisfied: nvidia-cuda-runtime==13.0.96.* in /user/asuka.kuwahara/u27871/envs/irony/lib/python3.11/site-packages (from cuda-toolkit[cudart,cufft,cufile,cupti,curand,cusolver,cusparse,nvjitlink,nvrtc,nvtx]==13.0.2; platform_system == "Linux"->torch->-r requirements.txt (line 4)) (13.0.96)
Requirement already satisfied: nvidia-cufft==12.0.0.61.* in /user/asuka.kuwahara/u27871/envs/irony/lib/python3.11/site-packages (from cuda-toolkit[cudart,cufft,cufile,cupti,curand,cusolver,cusparse,nvjitlink,nvrtc,nvtx]==13.0.2; platform_system == "Linux"->torch->-r requirements.txt (line 4)) (12.0.0.61)
Requirement already satisfied: nvidia-cufile==1.15.1.6.* in /user/asuka.kuwahara/u27871/envs/irony/lib/python3.11/site-packages (from cuda-toolkit[cudart,cufft,cufile,cupti,curand,cusolver,cusparse,nvjitlink,nvrtc,nvtx]==13.0.2; platform_system == "Linux"->torch->-r requirements.txt (line 4)) (1.15.1.6)
Requirement already satisfied: nvidia-cuda-cupti==13.0.85.* in /user/asuka.kuwahara/u27871/envs/irony/lib/python3.11/site-packages (from cuda-toolkit[cudart,cufft,cufile,cupti,curand,cusolver,cusparse,nvjitlink,nvrtc,nvtx]==13.0.2; platform_system == "Linux"->torch->-r requirements.txt (line 4)) (13.0.85)
Requirement already satisfied: nvidia-curand==10.4.0.35.* in /user/asuka.kuwahara/u27871/envs/irony/lib/python3.11/site-packages (from cuda-toolkit[cudart,cufft,cufile,cupti,curand,cusolver,cusparse,nvjitlink,nvrtc,nvtx]==13.0.2; platform_system == "Linux"->torch->-r requirements.txt (line 4)) (10.4.0.35)
Requirement already satisfied: nvidia-cusolver==12.0.4.66.* in /user/asuka.kuwahara/u27871/envs/irony/lib/python3.11/site-packages (from cuda-toolkit[cudart,cufft,cufile,cupti,curand,cusolver,cusparse,nvjitlink,nvrtc,nvtx]==13.0.2; platform_system == "Linux"->torch->-r requirements.txt (line 4)) (12.0.4.66)
Requirement already satisfied: nvidia-cusparse==12.6.3.3.* in /user/asuka.kuwahara/u27871/envs/irony/lib/python3.11/site-packages (from cuda-toolkit[cudart,cufft,cufile,cupti,curand,cusolver,cusparse,nvjitlink,nvrtc,nvtx]==13.0.2; platform_system == "Linux"->torch->-r requirements.txt (line 4)) (12.6.3.3)
Requirement already satisfied: nvidia-nvjitlink==13.0.88.* in /user/asuka.kuwahara/u27871/envs/irony/lib/python3.11/site-packages (from cuda-toolkit[cudart,cufft,cufile,cupti,curand,cusolver,cusparse,nvjitlink,nvrtc,nvtx]==13.0.2; platform_system == "Linux"->torch->-r requirements.txt (line 4)) (13.0.88)
Requirement already satisfied: nvidia-cuda-nvrtc==13.0.88.* in /user/asuka.kuwahara/u27871/envs/irony/lib/python3.11/site-packages (from cuda-toolkit[cudart,cufft,cufile,cupti,curand,cusolver,cusparse,nvjitlink,nvrtc,nvtx]==13.0.2; platform_system == "Linux"->torch->-r requirements.txt (line 4)) (13.0.88)
Requirement already satisfied: nvidia-nvtx==13.0.85.* in /user/asuka.kuwahara/u27871/envs/irony/lib/python3.11/site-packages (from cuda-toolkit[cudart,cufft,cufile,cupti,curand,cusolver,cusparse,nvjitlink,nvrtc,nvtx]==13.0.2; platform_system == "Linux"->torch->-r requirements.txt (line 4)) (13.0.85)
Requirement already satisfied: huggingface-hub<2.0,>=1.5.0 in /user/asuka.kuwahara/u27871/envs/irony/lib/python3.11/site-packages (from transformers->-r requirements.txt (line 5)) (1.21.0)
Requirement already satisfied: packaging>=20.0 in /user/asuka.kuwahara/u27871/envs/irony/lib/python3.11/site-packages (from transformers->-r requirements.txt (line 5)) (26.2)
Requirement already satisfied: pyyaml>=5.1 in /user/asuka.kuwahara/u27871/envs/irony/lib/python3.11/site-packages (from transformers->-r requirements.txt (line 5)) (6.0.3)
Requirement already satisfied: regex>=2025.10.22 in /user/asuka.kuwahara/u27871/envs/irony/lib/python3.11/site-packages (from transformers->-r requirements.txt (line 5)) (2026.6.28)
Requirement already satisfied: tokenizers<=0.23.0,>=0.22.0 in /user/asuka.kuwahara/u27871/envs/irony/lib/python3.11/site-packages (from transformers->-r requirements.txt (line 5)) (0.22.2)
Requirement already satisfied: typer in /user/asuka.kuwahara/u27871/envs/irony/lib/python3.11/site-packages (from transformers->-r requirements.txt (line 5)) (0.25.1)
Requirement already satisfied: safetensors>=0.4.3 in /user/asuka.kuwahara/u27871/envs/irony/lib/python3.11/site-packages (from transformers->-r requirements.txt (line 5)) (0.8.0)
Requirement already satisfied: tqdm>=4.60 in /user/asuka.kuwahara/u27871/envs/irony/lib/python3.11/site-packages (from transformers->-r requirements.txt (line 5)) (4.68.3)
Requirement already satisfied: cuda-pathfinder>=1.4.2 in /user/asuka.kuwahara/u27871/envs/irony/lib/python3.11/site-packages (from cuda-bindings<14,>=13.0.3->torch->-r requirements.txt (line 4)) (1.5.5)
Requirement already satisfied: click>=8.4.0 in /user/asuka.kuwahara/u27871/envs/irony/lib/python3.11/site-packages (from huggingface-hub<2.0,>=1.5.0->transformers->-r requirements.txt (line 5)) (8.4.2)
Requirement already satisfied: hf-xet<2.0.0,>=1.5.1 in /user/asuka.kuwahara/u27871/envs/irony/lib/python3.11/site-packages (from huggingface-hub<2.0,>=1.5.0->transformers->-r requirements.txt (line 5)) (1.5.1)
Requirement already satisfied: httpx<1,>=0.23.0 in /user/asuka.kuwahara/u27871/envs/irony/lib/python3.11/site-packages (from huggingface-hub<2.0,>=1.5.0->transformers->-r requirements.txt (line 5)) (0.28.1)
Requirement already satisfied: six>=1.5 in /user/asuka.kuwahara/u27871/envs/irony/lib/python3.11/site-packages (from python-dateutil>=2.8.2->pandas->-r requirements.txt (line 1)) (1.17.0)
Requirement already satisfied: mpmath<1.4,>=1.1.0 in /user/asuka.kuwahara/u27871/envs/irony/lib/python3.11/site-packages (from sympy>=1.13.3->torch->-r requirements.txt (line 4)) (1.3.0)
Requirement already satisfied: shellingham>=1.3.0 in /user/asuka.kuwahara/u27871/envs/irony/lib/python3.11/site-packages (from typer->transformers->-r requirements.txt (line 5)) (1.5.4)
Requirement already satisfied: rich>=13.8.0 in /user/asuka.kuwahara/u27871/envs/irony/lib/python3.11/site-packages (from typer->transformers->-r requirements.txt (line 5)) (15.0.0)
Requirement already satisfied: annotated-doc>=0.0.2 in /user/asuka.kuwahara/u27871/envs/irony/lib/python3.11/site-packages (from typer->transformers->-r requirements.txt (line 5)) (0.0.4)
Requirement already satisfied: MarkupSafe>=2.0 in /user/asuka.kuwahara/u27871/envs/irony/lib/python3.11/site-packages (from jinja2->torch->-r requirements.txt (line 4)) (3.0.3)
Requirement already satisfied: anyio in /user/asuka.kuwahara/u27871/envs/irony/lib/python3.11/site-packages (from httpx<1,>=0.23.0->huggingface-hub<2.0,>=1.5.0->transformers->-r requirements.txt (line 5)) (4.14.1)
Requirement already satisfied: certifi in /user/asuka.kuwahara/u27871/envs/irony/lib/python3.11/site-packages (from httpx<1,>=0.23.0->huggingface-hub<2.0,>=1.5.0->transformers->-r requirements.txt (line 5)) (2026.6.17)
Requirement already satisfied: httpcore==1.* in /user/asuka.kuwahara/u27871/envs/irony/lib/python3.11/site-packages (from httpx<1,>=0.23.0->huggingface-hub<2.0,>=1.5.0->transformers->-r requirements.txt (line 5)) (1.0.9)
Requirement already satisfied: idna in /user/asuka.kuwahara/u27871/envs/irony/lib/python3.11/site-packages (from httpx<1,>=0.23.0->huggingface-hub<2.0,>=1.5.0->transformers->-r requirements.txt (line 5)) (3.18)
Requirement already satisfied: h11>=0.16 in /user/asuka.kuwahara/u27871/envs/irony/lib/python3.11/site-packages (from httpcore==1.*->httpx<1,>=0.23.0->huggingface-hub<2.0,>=1.5.0->transformers->-r requirements.txt (line 5)) (0.16.0)
Requirement already satisfied: markdown-it-py>=2.2.0 in /user/asuka.kuwahara/u27871/envs/irony/lib/python3.11/site-packages (from rich>=13.8.0->typer->transformers->-r requirements.txt (line 5)) (4.2.0)
Requirement already satisfied: pygments<3.0.0,>=2.13.0 in /user/asuka.kuwahara/u27871/envs/irony/lib/python3.11/site-packages (from rich>=13.8.0->typer->transformers->-r requirements.txt (line 5)) (2.20.0)
Requirement already satisfied: mdurl~=0.1 in /user/asuka.kuwahara/u27871/envs/irony/lib/python3.11/site-packages (from markdown-it-py>=2.2.0->rich>=13.8.0->typer->transformers->-r requirements.txt (line 5)) (0.1.2)

[notice] A new release of pip is available: 24.0 -> 26.1.2
[notice] To update, run: pip install --upgrade pip
The token has not been saved to the git credentials helper. Pass `add_to_git_credential=True` in this function directly or `--add-to-git-credential` if using via `hf`CLI if you want to set the git credential as well.
Traceback (most recent call last):
  File "/user/asuka.kuwahara/u27871/envs/irony/lib/python3.11/site-packages/httpx/_transports/default.py", line 101, in map_httpcore_exceptions
    yield
  File "/user/asuka.kuwahara/u27871/envs/irony/lib/python3.11/site-packages/httpx/_transports/default.py", line 250, in handle_request
    resp = self._pool.handle_request(req)
           ^^^^^^^^^^^^^^^^^^^^^^^^^^^^^^
  File "/user/asuka.kuwahara/u27871/envs/irony/lib/python3.11/site-packages/httpcore/_sync/connection_pool.py", line 256, in handle_request
    raise exc from None
  File "/user/asuka.kuwahara/u27871/envs/irony/lib/python3.11/site-packages/httpcore/_sync/connection_pool.py", line 236, in handle_request
    response = connection.handle_request(
               ^^^^^^^^^^^^^^^^^^^^^^^^^^
  File "/user/asuka.kuwahara/u27871/envs/irony/lib/python3.11/site-packages/httpcore/_sync/connection.py", line 101, in handle_request
    raise exc
  File "/user/asuka.kuwahara/u27871/envs/irony/lib/python3.11/site-packages/httpcore/_sync/connection.py", line 78, in handle_request
    stream = self._connect(request)
             ^^^^^^^^^^^^^^^^^^^^^^
  File "/user/asuka.kuwahara/u27871/envs/irony/lib/python3.11/site-packages/httpcore/_sync/connection.py", line 124, in _connect
    stream = self._network_backend.connect_tcp(**kwargs)
             ^^^^^^^^^^^^^^^^^^^^^^^^^^^^^^^^^^^^^^^^^^^
  File "/user/asuka.kuwahara/u27871/envs/irony/lib/python3.11/site-packages/httpcore/_backends/sync.py", line 207, in connect_tcp
    with map_exceptions(exc_map):
  File "/sw/rev/25.04/rome_mofed_cuda80_rocky8/linux-rocky8-zen2/gcc-13.2.0/python-3.11.9-kukywutwnl5yzx55y6qol3awkq2g7vw6/lib/python3.11/contextlib.py", line 158, in __exit__
    self.gen.throw(typ, value, traceback)
  File "/user/asuka.kuwahara/u27871/envs/irony/lib/python3.11/site-packages/httpcore/_exceptions.py", line 14, in map_exceptions
    raise to_exc(exc) from exc
httpcore.ConnectError: [Errno 101] Network is unreachable

The above exception was the direct cause of the following exception:

Traceback (most recent call last):
  File "/user/asuka.kuwahara/u27871/envs/irony/bin/hf", line 8, in <module>
    sys.exit(main())
             ^^^^^^
  File "/user/asuka.kuwahara/u27871/envs/irony/lib/python3.11/site-packages/huggingface_hub/cli/hf.py", line 117, in main
    app()
  File "/user/asuka.kuwahara/u27871/envs/irony/lib/python3.11/site-packages/typer/main.py", line 1152, in __call__
    raise e
  File "/user/asuka.kuwahara/u27871/envs/irony/lib/python3.11/site-packages/typer/main.py", line 1135, in __call__
    return get_command(self)(*args, **kwargs)
           ^^^^^^^^^^^^^^^^^^^^^^^^^^^^^^^^^^
  File "/user/asuka.kuwahara/u27871/envs/irony/lib/python3.11/site-packages/click/core.py", line 1569, in __call__
    return self.main(*args, **kwargs)
           ^^^^^^^^^^^^^^^^^^^^^^^^^^
  File "/user/asuka.kuwahara/u27871/envs/irony/lib/python3.11/site-packages/typer/core.py", line 794, in main
    return _main(
           ^^^^^^
  File "/user/asuka.kuwahara/u27871/envs/irony/lib/python3.11/site-packages/typer/core.py", line 188, in _main
    rv = self.invoke(ctx)
         ^^^^^^^^^^^^^^^^
  File "/user/asuka.kuwahara/u27871/envs/irony/lib/python3.11/site-packages/huggingface_hub/cli/_cli_utils.py", line 132, in invoke
    return super().invoke(ctx)
           ^^^^^^^^^^^^^^^^^^^
  File "/user/asuka.kuwahara/u27871/envs/irony/lib/python3.11/site-packages/click/core.py", line 1970, in invoke
    return _process_result(sub_ctx.command.invoke(sub_ctx))
                           ^^^^^^^^^^^^^^^^^^^^^^^^^^^^^^^
  File "/user/asuka.kuwahara/u27871/envs/irony/lib/python3.11/site-packages/huggingface_hub/cli/_cli_utils.py", line 132, in invoke
    return super().invoke(ctx)
           ^^^^^^^^^^^^^^^^^^^
  File "/user/asuka.kuwahara/u27871/envs/irony/lib/python3.11/site-packages/click/core.py", line 1970, in invoke
    return _process_result(sub_ctx.command.invoke(sub_ctx))
                           ^^^^^^^^^^^^^^^^^^^^^^^^^^^^^^^
  File "/user/asuka.kuwahara/u27871/envs/irony/lib/python3.11/site-packages/click/core.py", line 1353, in invoke
    return ctx.invoke(self.callback, **ctx.params)
           ^^^^^^^^^^^^^^^^^^^^^^^^^^^^^^^^^^^^^^^
  File "/user/asuka.kuwahara/u27871/envs/irony/lib/python3.11/site-packages/click/core.py", line 907, in invoke
    return callback(*args, **kwargs)
           ^^^^^^^^^^^^^^^^^^^^^^^^^
  File "/user/asuka.kuwahara/u27871/envs/irony/lib/python3.11/site-packages/typer/main.py", line 1514, in wrapper
    return callback(**use_params)
           ^^^^^^^^^^^^^^^^^^^^^^
  File "/user/asuka.kuwahara/u27871/envs/irony/lib/python3.11/site-packages/huggingface_hub/cli/auth.py", line 84, in auth_login
    login(token=token, add_to_git_credential=add_to_git_credential, skip_if_logged_in=not force)
  File "/user/asuka.kuwahara/u27871/envs/irony/lib/python3.11/site-packages/huggingface_hub/_login.py", line 107, in login
    _validate_and_save_token(token, add_to_git_credential=add_to_git_credential)
  File "/user/asuka.kuwahara/u27871/envs/irony/lib/python3.11/site-packages/huggingface_hub/_login.py", line 429, in _validate_and_save_token
    token_info = whoami(token)
                 ^^^^^^^^^^^^^
  File "/user/asuka.kuwahara/u27871/envs/irony/lib/python3.11/site-packages/huggingface_hub/utils/_validators.py", line 88, in _inner_fn
    return fn(*args, **kwargs)
           ^^^^^^^^^^^^^^^^^^^
  File "/user/asuka.kuwahara/u27871/envs/irony/lib/python3.11/site-packages/huggingface_hub/hf_api.py", line 2342, in whoami
    output = self._inner_whoami(token=token)
             ^^^^^^^^^^^^^^^^^^^^^^^^^^^^^^^
  File "/user/asuka.kuwahara/u27871/envs/irony/lib/python3.11/site-packages/huggingface_hub/hf_api.py", line 2350, in _inner_whoami
    r = get_session().get(
        ^^^^^^^^^^^^^^^^^^
  File "/user/asuka.kuwahara/u27871/envs/irony/lib/python3.11/site-packages/httpx/_client.py", line 1053, in get
    return self.request(
           ^^^^^^^^^^^^^
  File "/user/asuka.kuwahara/u27871/envs/irony/lib/python3.11/site-packages/httpx/_client.py", line 825, in request
    return self.send(request, auth=auth, follow_redirects=follow_redirects)
           ^^^^^^^^^^^^^^^^^^^^^^^^^^^^^^^^^^^^^^^^^^^^^^^^^^^^^^^^^^^^^^^^
  File "/user/asuka.kuwahara/u27871/envs/irony/lib/python3.11/site-packages/httpx/_client.py", line 914, in send
    response = self._send_handling_auth(
               ^^^^^^^^^^^^^^^^^^^^^^^^^
  File "/user/asuka.kuwahara/u27871/envs/irony/lib/python3.11/site-packages/httpx/_client.py", line 942, in _send_handling_auth
    response = self._send_handling_redirects(
               ^^^^^^^^^^^^^^^^^^^^^^^^^^^^^^
  File "/user/asuka.kuwahara/u27871/envs/irony/lib/python3.11/site-packages/httpx/_client.py", line 979, in _send_handling_redirects
    response = self._send_single_request(request)
               ^^^^^^^^^^^^^^^^^^^^^^^^^^^^^^^^^^
  File "/user/asuka.kuwahara/u27871/envs/irony/lib/python3.11/site-packages/httpx/_client.py", line 1014, in _send_single_request
    response = transport.handle_request(request)
               ^^^^^^^^^^^^^^^^^^^^^^^^^^^^^^^^^
  File "/user/asuka.kuwahara/u27871/envs/irony/lib/python3.11/site-packages/httpx/_transports/default.py", line 249, in handle_request
    with map_httpcore_exceptions():
  File "/sw/rev/25.04/rome_mofed_cuda80_rocky8/linux-rocky8-zen2/gcc-13.2.0/python-3.11.9-kukywutwnl5yzx55y6qol3awkq2g7vw6/lib/python3.11/contextlib.py", line 158, in __exit__
    self.gen.throw(typ, value, traceback)
  File "/user/asuka.kuwahara/u27871/envs/irony/lib/python3.11/site-packages/httpx/_transports/default.py", line 118, in map_httpcore_exceptions
    raise mapped_exc(message) from exc
httpx.ConnectError: [Errno 101] Network is unreachable
Starting inference pipeline...
Found datasets: ['Condition1B_context_richness_stimuli.csv']

============================================================
Loading model: Gemma-3-1B (google/gemma-3-1b-it)
============================================================
Loading weights:   0%|          | 0/340 [00:00<?, ?it/s]Loading weights:  29%|██▉       | 98/340 [00:00<00:00, 937.21it/s]Loading weights:  56%|█████▋    | 192/340 [00:00<00:00, 868.86it/s]Loading weights:  84%|████████▎ | 284/340 [00:00<00:00, 874.74it/s]Loading weights: 100%|██████████| 340/340 [00:00<00:00, 900.54it/s]
/user/asuka.kuwahara/u27871/envs/irony/lib/python3.11/site-packages/torch/cuda/__init__.py:187: UserWarning: CUDA initialization: The NVIDIA driver on your system is too old (found version 12080). Please update your GPU driver by downloading and installing a new version from the URL: http://www.nvidia.com/Download/index.aspx Alternatively, go to: https://pytorch.org to install a PyTorch version that has been compiled with your version of the CUDA driver. (Triggered internally at /pytorch/c10/cuda/CUDAFunctions.cpp:119.)
  return torch._C._cuda_getDeviceCount() > 0
[transformers] Passing `generation_config` together with generation-related arguments=({'max_new_tokens', 'temperature', 'do_sample'}) is deprecated and will be removed in future versions. Please pass either a `generation_config` object OR all generation parameters explicitly, but not both.
[transformers] Both `max_new_tokens` (=150) and `max_length`(=20) seem to have been set. `max_new_tokens` will take precedence. Please refer to the documentation for more information. (https://huggingface.co/docs/transformers/main/en/main_classes/text_generation)
[transformers] Ignoring clean_up_tokenization_spaces=True for BPE tokenizer GemmaTokenizer. The clean_up_tokenization post-processing step is designed for WordPiece tokenizers and is destructive for BPE (it strips spaces before punctuation). Set clean_up_tokenization_spaces=False to suppress this warning, or set clean_up_tokenization_spaces_for_bpe_even_though_it_will_corrupt_output=True to force cleanup anyway.
[transformers] Both `max_new_tokens` (=150) and `max_length`(=20) seem to have been set. `max_new_tokens` will take precedence. Please refer to the documentation for more information. (https://huggingface.co/docs/transformers/main/en/main_classes/text_generation)
[transformers] Both `max_new_tokens` (=150) and `max_length`(=20) seem to have been set. `max_new_tokens` will take precedence. Please refer to the documentation for more information. (https://huggingface.co/docs/transformers/main/en/main_classes/text_generation)
[transformers] Both `max_new_tokens` (=150) and `max_length`(=20) seem to have been set. `max_new_tokens` will take precedence. Please refer to the documentation for more information. (https://huggingface.co/docs/transformers/main/en/main_classes/text_generation)
[transformers] Both `max_new_tokens` (=150) and `max_length`(=20) seem to have been set. `max_new_tokens` will take precedence. Please refer to the documentation for more information. (https://huggingface.co/docs/transformers/main/en/main_classes/text_generation)
[transformers] Both `max_new_tokens` (=150) and `max_length`(=20) seem to have been set. `max_new_tokens` will take precedence. Please refer to the documentation for more information. (https://huggingface.co/docs/transformers/main/en/main_classes/text_generation)
[transformers] Both `max_new_tokens` (=150) and `max_length`(=20) seem to have been set. `max_new_tokens` will take precedence. Please refer to the documentation for more information. (https://huggingface.co/docs/transformers/main/en/main_classes/text_generation)
[transformers] Both `max_new_tokens` (=150) and `max_length`(=20) seem to have been set. `max_new_tokens` will take precedence. Please refer to the documentation for more information. (https://huggingface.co/docs/transformers/main/en/main_classes/text_generation)
[transformers] Both `max_new_tokens` (=150) and `max_length`(=20) seem to have been set. `max_new_tokens` will take precedence. Please refer to the documentation for more information. (https://huggingface.co/docs/transformers/main/en/main_classes/text_generation)
[transformers] Both `max_new_tokens` (=150) and `max_length`(=20) seem to have been set. `max_new_tokens` will take precedence. Please refer to the documentation for more information. (https://huggingface.co/docs/transformers/main/en/main_classes/text_generation)
[transformers] Both `max_new_tokens` (=150) and `max_length`(=20) seem to have been set. `max_new_tokens` will take precedence. Please refer to the documentation for more information. (https://huggingface.co/docs/transformers/main/en/main_classes/text_generation)
[transformers] Both `max_new_tokens` (=150) and `max_length`(=20) seem to have been set. `max_new_tokens` will take precedence. Please refer to the documentation for more information. (https://huggingface.co/docs/transformers/main/en/main_classes/text_generation)
[transformers] Both `max_new_tokens` (=150) and `max_length`(=20) seem to have been set. `max_new_tokens` will take precedence. Please refer to the documentation for more information. (https://huggingface.co/docs/transformers/main/en/main_classes/text_generation)
[transformers] Both `max_new_tokens` (=150) and `max_length`(=20) seem to have been set. `max_new_tokens` will take precedence. Please refer to the documentation for more information. (https://huggingface.co/docs/transformers/main/en/main_classes/text_generation)
[transformers] Both `max_new_tokens` (=150) and `max_length`(=20) seem to have been set. `max_new_tokens` will take precedence. Please refer to the documentation for more information. (https://huggingface.co/docs/transformers/main/en/main_classes/text_generation)
[transformers] Both `max_new_tokens` (=150) and `max_length`(=20) seem to have been set. `max_new_tokens` will take precedence. Please refer to the documentation for more information. (https://huggingface.co/docs/transformers/main/en/main_classes/text_generation)
[transformers] Both `max_new_tokens` (=150) and `max_length`(=20) seem to have been set. `max_new_tokens` will take precedence. Please refer to the documentation for more information. (https://huggingface.co/docs/transformers/main/en/main_classes/text_generation)
[transformers] Both `max_new_tokens` (=150) and `max_length`(=20) seem to have been set. `max_new_tokens` will take precedence. Please refer to the documentation for more information. (https://huggingface.co/docs/transformers/main/en/main_classes/text_generation)
[transformers] Both `max_new_tokens` (=150) and `max_length`(=20) seem to have been set. `max_new_tokens` will take precedence. Please refer to the documentation for more information. (https://huggingface.co/docs/transformers/main/en/main_classes/text_generation)
[transformers] Both `max_new_tokens` (=150) and `max_length`(=20) seem to have been set. `max_new_tokens` will take precedence. Please refer to the documentation for more information. (https://huggingface.co/docs/transformers/main/en/main_classes/text_generation)
[transformers] Both `max_new_tokens` (=150) and `max_length`(=20) seem to have been set. `max_new_tokens` will take precedence. Please refer to the documentation for more information. (https://huggingface.co/docs/transformers/main/en/main_classes/text_generation)
[transformers] Both `max_new_tokens` (=150) and `max_length`(=20) seem to have been set. `max_new_tokens` will take precedence. Please refer to the documentation for more information. (https://huggingface.co/docs/transformers/main/en/main_classes/text_generation)
[transformers] Both `max_new_tokens` (=150) and `max_length`(=20) seem to have been set. `max_new_tokens` will take precedence. Please refer to the documentation for more information. (https://huggingface.co/docs/transformers/main/en/main_classes/text_generation)
[transformers] Both `max_new_tokens` (=150) and `max_length`(=20) seem to have been set. `max_new_tokens` will take precedence. Please refer to the documentation for more information. (https://huggingface.co/docs/transformers/main/en/main_classes/text_generation)
[transformers] Both `max_new_tokens` (=150) and `max_length`(=20) seem to have been set. `max_new_tokens` will take precedence. Please refer to the documentation for more information. (https://huggingface.co/docs/transformers/main/en/main_classes/text_generation)
[transformers] Both `max_new_tokens` (=150) and `max_length`(=20) seem to have been set. `max_new_tokens` will take precedence. Please refer to the documentation for more information. (https://huggingface.co/docs/transformers/main/en/main_classes/text_generation)
[transformers] Both `max_new_tokens` (=150) and `max_length`(=20) seem to have been set. `max_new_tokens` will take precedence. Please refer to the documentation for more information. (https://huggingface.co/docs/transformers/main/en/main_classes/text_generation)
[transformers] Both `max_new_tokens` (=150) and `max_length`(=20) seem to have been set. `max_new_tokens` will take precedence. Please refer to the documentation for more information. (https://huggingface.co/docs/transformers/main/en/main_classes/text_generation)
[transformers] Both `max_new_tokens` (=150) and `max_length`(=20) seem to have been set. `max_new_tokens` will take precedence. Please refer to the documentation for more information. (https://huggingface.co/docs/transformers/main/en/main_classes/text_generation)
[transformers] Both `max_new_tokens` (=150) and `max_length`(=20) seem to have been set. `max_new_tokens` will take precedence. Please refer to the documentation for more information. (https://huggingface.co/docs/transformers/main/en/main_classes/text_generation)
[transformers] Both `max_new_tokens` (=150) and `max_length`(=20) seem to have been set. `max_new_tokens` will take precedence. Please refer to the documentation for more information. (https://huggingface.co/docs/transformers/main/en/main_classes/text_generation)
[transformers] Both `max_new_tokens` (=150) and `max_length`(=20) seem to have been set. `max_new_tokens` will take precedence. Please refer to the documentation for more information. (https://huggingface.co/docs/transformers/main/en/main_classes/text_generation)
[transformers] Both `max_new_tokens` (=150) and `max_length`(=20) seem to have been set. `max_new_tokens` will take precedence. Please refer to the documentation for more information. (https://huggingface.co/docs/transformers/main/en/main_classes/text_generation)
[transformers] Both `max_new_tokens` (=150) and `max_length`(=20) seem to have been set. `max_new_tokens` will take precedence. Please refer to the documentation for more information. (https://huggingface.co/docs/transformers/main/en/main_classes/text_generation)
[transformers] Both `max_new_tokens` (=150) and `max_length`(=20) seem to have been set. `max_new_tokens` will take precedence. Please refer to the documentation for more information. (https://huggingface.co/docs/transformers/main/en/main_classes/text_generation)
[transformers] Both `max_new_tokens` (=150) and `max_length`(=20) seem to have been set. `max_new_tokens` will take precedence. Please refer to the documentation for more information. (https://huggingface.co/docs/transformers/main/en/main_classes/text_generation)
[transformers] Both `max_new_tokens` (=150) and `max_length`(=20) seem to have been set. `max_new_tokens` will take precedence. Please refer to the documentation for more information. (https://huggingface.co/docs/transformers/main/en/main_classes/text_generation)
[transformers] Both `max_new_tokens` (=150) and `max_length`(=20) seem to have been set. `max_new_tokens` will take precedence. Please refer to the documentation for more information. (https://huggingface.co/docs/transformers/main/en/main_classes/text_generation)
[transformers] Both `max_new_tokens` (=150) and `max_length`(=20) seem to have been set. `max_new_tokens` will take precedence. Please refer to the documentation for more information. (https://huggingface.co/docs/transformers/main/en/main_classes/text_generation)
[transformers] Both `max_new_tokens` (=150) and `max_length`(=20) seem to have been set. `max_new_tokens` will take precedence. Please refer to the documentation for more information. (https://huggingface.co/docs/transformers/main/en/main_classes/text_generation)
[transformers] Both `max_new_tokens` (=150) and `max_length`(=20) seem to have been set. `max_new_tokens` will take precedence. Please refer to the documentation for more information. (https://huggingface.co/docs/transformers/main/en/main_classes/text_generation)
[transformers] Both `max_new_tokens` (=150) and `max_length`(=20) seem to have been set. `max_new_tokens` will take precedence. Please refer to the documentation for more information. (https://huggingface.co/docs/transformers/main/en/main_classes/text_generation)
[transformers] Both `max_new_tokens` (=150) and `max_length`(=20) seem to have been set. `max_new_tokens` will take precedence. Please refer to the documentation for more information. (https://huggingface.co/docs/transformers/main/en/main_classes/text_generation)
[transformers] Both `max_new_tokens` (=150) and `max_length`(=20) seem to have been set. `max_new_tokens` will take precedence. Please refer to the documentation for more information. (https://huggingface.co/docs/transformers/main/en/main_classes/text_generation)
[transformers] Both `max_new_tokens` (=150) and `max_length`(=20) seem to have been set. `max_new_tokens` will take precedence. Please refer to the documentation for more information. (https://huggingface.co/docs/transformers/main/en/main_classes/text_generation)
[transformers] Both `max_new_tokens` (=150) and `max_length`(=20) seem to have been set. `max_new_tokens` will take precedence. Please refer to the documentation for more information. (https://huggingface.co/docs/transformers/main/en/main_classes/text_generation)
[transformers] Both `max_new_tokens` (=150) and `max_length`(=20) seem to have been set. `max_new_tokens` will take precedence. Please refer to the documentation for more information. (https://huggingface.co/docs/transformers/main/en/main_classes/text_generation)
[transformers] Both `max_new_tokens` (=150) and `max_length`(=20) seem to have been set. `max_new_tokens` will take precedence. Please refer to the documentation for more information. (https://huggingface.co/docs/transformers/main/en/main_classes/text_generation)
[transformers] Both `max_new_tokens` (=150) and `max_length`(=20) seem to have been set. `max_new_tokens` will take precedence. Please refer to the documentation for more information. (https://huggingface.co/docs/transformers/main/en/main_classes/text_generation)
[transformers] Both `max_new_tokens` (=150) and `max_length`(=20) seem to have been set. `max_new_tokens` will take precedence. Please refer to the documentation for more information. (https://huggingface.co/docs/transformers/main/en/main_classes/text_generation)
[transformers] Both `max_new_tokens` (=150) and `max_length`(=20) seem to have been set. `max_new_tokens` will take precedence. Please refer to the documentation for more information. (https://huggingface.co/docs/transformers/main/en/main_classes/text_generation)
[transformers] Both `max_new_tokens` (=150) and `max_length`(=20) seem to have been set. `max_new_tokens` will take precedence. Please refer to the documentation for more information. (https://huggingface.co/docs/transformers/main/en/main_classes/text_generation)
[transformers] Both `max_new_tokens` (=150) and `max_length`(=20) seem to have been set. `max_new_tokens` will take precedence. Please refer to the documentation for more information. (https://huggingface.co/docs/transformers/main/en/main_classes/text_generation)
[transformers] Both `max_new_tokens` (=150) and `max_length`(=20) seem to have been set. `max_new_tokens` will take precedence. Please refer to the documentation for more information. (https://huggingface.co/docs/transformers/main/en/main_classes/text_generation)
[transformers] Both `max_new_tokens` (=150) and `max_length`(=20) seem to have been set. `max_new_tokens` will take precedence. Please refer to the documentation for more information. (https://huggingface.co/docs/transformers/main/en/main_classes/text_generation)
[transformers] Both `max_new_tokens` (=150) and `max_length`(=20) seem to have been set. `max_new_tokens` will take precedence. Please refer to the documentation for more information. (https://huggingface.co/docs/transformers/main/en/main_classes/text_generation)
[transformers] Both `max_new_tokens` (=150) and `max_length`(=20) seem to have been set. `max_new_tokens` will take precedence. Please refer to the documentation for more information. (https://huggingface.co/docs/transformers/main/en/main_classes/text_generation)
[transformers] Both `max_new_tokens` (=150) and `max_length`(=20) seem to have been set. `max_new_tokens` will take precedence. Please refer to the documentation for more information. (https://huggingface.co/docs/transformers/main/en/main_classes/text_generation)
[transformers] Both `max_new_tokens` (=150) and `max_length`(=20) seem to have been set. `max_new_tokens` will take precedence. Please refer to the documentation for more information. (https://huggingface.co/docs/transformers/main/en/main_classes/text_generation)
[transformers] Both `max_new_tokens` (=150) and `max_length`(=20) seem to have been set. `max_new_tokens` will take precedence. Please refer to the documentation for more information. (https://huggingface.co/docs/transformers/main/en/main_classes/text_generation)
[transformers] Both `max_new_tokens` (=150) and `max_length`(=20) seem to have been set. `max_new_tokens` will take precedence. Please refer to the documentation for more information. (https://huggingface.co/docs/transformers/main/en/main_classes/text_generation)
[transformers] Both `max_new_tokens` (=150) and `max_length`(=20) seem to have been set. `max_new_tokens` will take precedence. Please refer to the documentation for more information. (https://huggingface.co/docs/transformers/main/en/main_classes/text_generation)
[transformers] Both `max_new_tokens` (=150) and `max_length`(=20) seem to have been set. `max_new_tokens` will take precedence. Please refer to the documentation for more information. (https://huggingface.co/docs/transformers/main/en/main_classes/text_generation)
[transformers] Both `max_new_tokens` (=150) and `max_length`(=20) seem to have been set. `max_new_tokens` will take precedence. Please refer to the documentation for more information. (https://huggingface.co/docs/transformers/main/en/main_classes/text_generation)
[transformers] Both `max_new_tokens` (=150) and `max_length`(=20) seem to have been set. `max_new_tokens` will take precedence. Please refer to the documentation for more information. (https://huggingface.co/docs/transformers/main/en/main_classes/text_generation)
[transformers] Both `max_new_tokens` (=150) and `max_length`(=20) seem to have been set. `max_new_tokens` will take precedence. Please refer to the documentation for more information. (https://huggingface.co/docs/transformers/main/en/main_classes/text_generation)
[transformers] Both `max_new_tokens` (=150) and `max_length`(=20) seem to have been set. `max_new_tokens` will take precedence. Please refer to the documentation for more information. (https://huggingface.co/docs/transformers/main/en/main_classes/text_generation)
[transformers] Both `max_new_tokens` (=150) and `max_length`(=20) seem to have been set. `max_new_tokens` will take precedence. Please refer to the documentation for more information. (https://huggingface.co/docs/transformers/main/en/main_classes/text_generation)
[transformers] Both `max_new_tokens` (=150) and `max_length`(=20) seem to have been set. `max_new_tokens` will take precedence. Please refer to the documentation for more information. (https://huggingface.co/docs/transformers/main/en/main_classes/text_generation)
[transformers] Both `max_new_tokens` (=150) and `max_length`(=20) seem to have been set. `max_new_tokens` will take precedence. Please refer to the documentation for more information. (https://huggingface.co/docs/transformers/main/en/main_classes/text_generation)
[transformers] Both `max_new_tokens` (=150) and `max_length`(=20) seem to have been set. `max_new_tokens` will take precedence. Please refer to the documentation for more information. (https://huggingface.co/docs/transformers/main/en/main_classes/text_generation)
[transformers] Both `max_new_tokens` (=150) and `max_length`(=20) seem to have been set. `max_new_tokens` will take precedence. Please refer to the documentation for more information. (https://huggingface.co/docs/transformers/main/en/main_classes/text_generation)
[transformers] Both `max_new_tokens` (=150) and `max_length`(=20) seem to have been set. `max_new_tokens` will take precedence. Please refer to the documentation for more information. (https://huggingface.co/docs/transformers/main/en/main_classes/text_generation)
[transformers] Both `max_new_tokens` (=150) and `max_length`(=20) seem to have been set. `max_new_tokens` will take precedence. Please refer to the documentation for more information. (https://huggingface.co/docs/transformers/main/en/main_classes/text_generation)
[transformers] Both `max_new_tokens` (=150) and `max_length`(=20) seem to have been set. `max_new_tokens` will take precedence. Please refer to the documentation for more information. (https://huggingface.co/docs/transformers/main/en/main_classes/text_generation)
[transformers] Both `max_new_tokens` (=150) and `max_length`(=20) seem to have been set. `max_new_tokens` will take precedence. Please refer to the documentation for more information. (https://huggingface.co/docs/transformers/main/en/main_classes/text_generation)
[transformers] Both `max_new_tokens` (=150) and `max_length`(=20) seem to have been set. `max_new_tokens` will take precedence. Please refer to the documentation for more information. (https://huggingface.co/docs/transformers/main/en/main_classes/text_generation)
[transformers] Both `max_new_tokens` (=150) and `max_length`(=20) seem to have been set. `max_new_tokens` will take precedence. Please refer to the documentation for more information. (https://huggingface.co/docs/transformers/main/en/main_classes/text_generation)
[transformers] Both `max_new_tokens` (=150) and `max_length`(=20) seem to have been set. `max_new_tokens` will take precedence. Please refer to the documentation for more information. (https://huggingface.co/docs/transformers/main/en/main_classes/text_generation)
[transformers] Both `max_new_tokens` (=150) and `max_length`(=20) seem to have been set. `max_new_tokens` will take precedence. Please refer to the documentation for more information. (https://huggingface.co/docs/transformers/main/en/main_classes/text_generation)
[transformers] Both `max_new_tokens` (=150) and `max_length`(=20) seem to have been set. `max_new_tokens` will take precedence. Please refer to the documentation for more information. (https://huggingface.co/docs/transformers/main/en/main_classes/text_generation)
[transformers] Both `max_new_tokens` (=150) and `max_length`(=20) seem to have been set. `max_new_tokens` will take precedence. Please refer to the documentation for more information. (https://huggingface.co/docs/transformers/main/en/main_classes/text_generation)
[transformers] Both `max_new_tokens` (=150) and `max_length`(=20) seem to have been set. `max_new_tokens` will take precedence. Please refer to the documentation for more information. (https://huggingface.co/docs/transformers/main/en/main_classes/text_generation)
[transformers] Both `max_new_tokens` (=150) and `max_length`(=20) seem to have been set. `max_new_tokens` will take precedence. Please refer to the documentation for more information. (https://huggingface.co/docs/transformers/main/en/main_classes/text_generation)
[transformers] Both `max_new_tokens` (=150) and `max_length`(=20) seem to have been set. `max_new_tokens` will take precedence. Please refer to the documentation for more information. (https://huggingface.co/docs/transformers/main/en/main_classes/text_generation)
[transformers] Both `max_new_tokens` (=150) and `max_length`(=20) seem to have been set. `max_new_tokens` will take precedence. Please refer to the documentation for more information. (https://huggingface.co/docs/transformers/main/en/main_classes/text_generation)
[transformers] Both `max_new_tokens` (=150) and `max_length`(=20) seem to have been set. `max_new_tokens` will take precedence. Please refer to the documentation for more information. (https://huggingface.co/docs/transformers/main/en/main_classes/text_generation)
[transformers] Both `max_new_tokens` (=150) and `max_length`(=20) seem to have been set. `max_new_tokens` will take precedence. Please refer to the documentation for more information. (https://huggingface.co/docs/transformers/main/en/main_classes/text_generation)
[transformers] Both `max_new_tokens` (=150) and `max_length`(=20) seem to have been set. `max_new_tokens` will take precedence. Please refer to the documentation for more information. (https://huggingface.co/docs/transformers/main/en/main_classes/text_generation)
[transformers] Both `max_new_tokens` (=150) and `max_length`(=20) seem to have been set. `max_new_tokens` will take precedence. Please refer to the documentation for more information. (https://huggingface.co/docs/transformers/main/en/main_classes/text_generation)
[transformers] Both `max_new_tokens` (=150) and `max_length`(=20) seem to have been set. `max_new_tokens` will take precedence. Please refer to the documentation for more information. (https://huggingface.co/docs/transformers/main/en/main_classes/text_generation)
[transformers] Both `max_new_tokens` (=150) and `max_length`(=20) seem to have been set. `max_new_tokens` will take precedence. Please refer to the documentation for more information. (https://huggingface.co/docs/transformers/main/en/main_classes/text_generation)
[transformers] Both `max_new_tokens` (=150) and `max_length`(=20) seem to have been set. `max_new_tokens` will take precedence. Please refer to the documentation for more information. (https://huggingface.co/docs/transformers/main/en/main_classes/text_generation)
[transformers] Both `max_new_tokens` (=150) and `max_length`(=20) seem to have been set. `max_new_tokens` will take precedence. Please refer to the documentation for more information. (https://huggingface.co/docs/transformers/main/en/main_classes/text_generation)
[transformers] Both `max_new_tokens` (=150) and `max_length`(=20) seem to have been set. `max_new_tokens` will take precedence. Please refer to the documentation for more information. (https://huggingface.co/docs/transformers/main/en/main_classes/text_generation)
[transformers] Both `max_new_tokens` (=150) and `max_length`(=20) seem to have been set. `max_new_tokens` will take precedence. Please refer to the documentation for more information. (https://huggingface.co/docs/transformers/main/en/main_classes/text_generation)
[transformers] Both `max_new_tokens` (=150) and `max_length`(=20) seem to have been set. `max_new_tokens` will take precedence. Please refer to the documentation for more information. (https://huggingface.co/docs/transformers/main/en/main_classes/text_generation)
[transformers] Both `max_new_tokens` (=150) and `max_length`(=20) seem to have been set. `max_new_tokens` will take precedence. Please refer to the documentation for more information. (https://huggingface.co/docs/transformers/main/en/main_classes/text_generation)
[transformers] Both `max_new_tokens` (=150) and `max_length`(=20) seem to have been set. `max_new_tokens` will take precedence. Please refer to the documentation for more information. (https://huggingface.co/docs/transformers/main/en/main_classes/text_generation)
[transformers] Both `max_new_tokens` (=150) and `max_length`(=20) seem to have been set. `max_new_tokens` will take precedence. Please refer to the documentation for more information. (https://huggingface.co/docs/transformers/main/en/main_classes/text_generation)
[transformers] Both `max_new_tokens` (=150) and `max_length`(=20) seem to have been set. `max_new_tokens` will take precedence. Please refer to the documentation for more information. (https://huggingface.co/docs/transformers/main/en/main_classes/text_generation)
[transformers] Both `max_new_tokens` (=150) and `max_length`(=20) seem to have been set. `max_new_tokens` will take precedence. Please refer to the documentation for more information. (https://huggingface.co/docs/transformers/main/en/main_classes/text_generation)
[transformers] Both `max_new_tokens` (=150) and `max_length`(=20) seem to have been set. `max_new_tokens` will take precedence. Please refer to the documentation for more information. (https://huggingface.co/docs/transformers/main/en/main_classes/text_generation)
[transformers] Both `max_new_tokens` (=150) and `max_length`(=20) seem to have been set. `max_new_tokens` will take precedence. Please refer to the documentation for more information. (https://huggingface.co/docs/transformers/main/en/main_classes/text_generation)
[transformers] Both `max_new_tokens` (=150) and `max_length`(=20) seem to have been set. `max_new_tokens` will take precedence. Please refer to the documentation for more information. (https://huggingface.co/docs/transformers/main/en/main_classes/text_generation)
[transformers] Both `max_new_tokens` (=150) and `max_length`(=20) seem to have been set. `max_new_tokens` will take precedence. Please refer to the documentation for more information. (https://huggingface.co/docs/transformers/main/en/main_classes/text_generation)
[transformers] Both `max_new_tokens` (=150) and `max_length`(=20) seem to have been set. `max_new_tokens` will take precedence. Please refer to the documentation for more information. (https://huggingface.co/docs/transformers/main/en/main_classes/text_generation)
[transformers] Both `max_new_tokens` (=150) and `max_length`(=20) seem to have been set. `max_new_tokens` will take precedence. Please refer to the documentation for more information. (https://huggingface.co/docs/transformers/main/en/main_classes/text_generation)
[transformers] Both `max_new_tokens` (=150) and `max_length`(=20) seem to have been set. `max_new_tokens` will take precedence. Please refer to the documentation for more information. (https://huggingface.co/docs/transformers/main/en/main_classes/text_generation)
[transformers] Both `max_new_tokens` (=150) and `max_length`(=20) seem to have been set. `max_new_tokens` will take precedence. Please refer to the documentation for more information. (https://huggingface.co/docs/transformers/main/en/main_classes/text_generation)
[transformers] Both `max_new_tokens` (=150) and `max_length`(=20) seem to have been set. `max_new_tokens` will take precedence. Please refer to the documentation for more information. (https://huggingface.co/docs/transformers/main/en/main_classes/text_generation)
[transformers] Both `max_new_tokens` (=150) and `max_length`(=20) seem to have been set. `max_new_tokens` will take precedence. Please refer to the documentation for more information. (https://huggingface.co/docs/transformers/main/en/main_classes/text_generation)
[transformers] Both `max_new_tokens` (=150) and `max_length`(=20) seem to have been set. `max_new_tokens` will take precedence. Please refer to the documentation for more information. (https://huggingface.co/docs/transformers/main/en/main_classes/text_generation)
[transformers] Both `max_new_tokens` (=150) and `max_length`(=20) seem to have been set. `max_new_tokens` will take precedence. Please refer to the documentation for more information. (https://huggingface.co/docs/transformers/main/en/main_classes/text_generation)
[transformers] Both `max_new_tokens` (=150) and `max_length`(=20) seem to have been set. `max_new_tokens` will take precedence. Please refer to the documentation for more information. (https://huggingface.co/docs/transformers/main/en/main_classes/text_generation)
[transformers] Both `max_new_tokens` (=150) and `max_length`(=20) seem to have been set. `max_new_tokens` will take precedence. Please refer to the documentation for more information. (https://huggingface.co/docs/transformers/main/en/main_classes/text_generation)
[transformers] Both `max_new_tokens` (=150) and `max_length`(=20) seem to have been set. `max_new_tokens` will take precedence. Please refer to the documentation for more information. (https://huggingface.co/docs/transformers/main/en/main_classes/text_generation)
[transformers] Both `max_new_tokens` (=150) and `max_length`(=20) seem to have been set. `max_new_tokens` will take precedence. Please refer to the documentation for more information. (https://huggingface.co/docs/transformers/main/en/main_classes/text_generation)
[transformers] Both `max_new_tokens` (=150) and `max_length`(=20) seem to have been set. `max_new_tokens` will take precedence. Please refer to the documentation for more information. (https://huggingface.co/docs/transformers/main/en/main_classes/text_generation)
[transformers] Both `max_new_tokens` (=150) and `max_length`(=20) seem to have been set. `max_new_tokens` will take precedence. Please refer to the documentation for more information. (https://huggingface.co/docs/transformers/main/en/main_classes/text_generation)
[transformers] Both `max_new_tokens` (=150) and `max_length`(=20) seem to have been set. `max_new_tokens` will take precedence. Please refer to the documentation for more information. (https://huggingface.co/docs/transformers/main/en/main_classes/text_generation)
[transformers] Both `max_new_tokens` (=150) and `max_length`(=20) seem to have been set. `max_new_tokens` will take precedence. Please refer to the documentation for more information. (https://huggingface.co/docs/transformers/main/en/main_classes/text_generation)
[transformers] Both `max_new_tokens` (=150) and `max_length`(=20) seem to have been set. `max_new_tokens` will take precedence. Please refer to the documentation for more information. (https://huggingface.co/docs/transformers/main/en/main_classes/text_generation)
[transformers] Both `max_new_tokens` (=150) and `max_length`(=20) seem to have been set. `max_new_tokens` will take precedence. Please refer to the documentation for more information. (https://huggingface.co/docs/transformers/main/en/main_classes/text_generation)
[transformers] Both `max_new_tokens` (=150) and `max_length`(=20) seem to have been set. `max_new_tokens` will take precedence. Please refer to the documentation for more information. (https://huggingface.co/docs/transformers/main/en/main_classes/text_generation)
[transformers] Both `max_new_tokens` (=150) and `max_length`(=20) seem to have been set. `max_new_tokens` will take precedence. Please refer to the documentation for more information. (https://huggingface.co/docs/transformers/main/en/main_classes/text_generation)
[transformers] Both `max_new_tokens` (=150) and `max_length`(=20) seem to have been set. `max_new_tokens` will take precedence. Please refer to the documentation for more information. (https://huggingface.co/docs/transformers/main/en/main_classes/text_generation)
[transformers] Both `max_new_tokens` (=150) and `max_length`(=20) seem to have been set. `max_new_tokens` will take precedence. Please refer to the documentation for more information. (https://huggingface.co/docs/transformers/main/en/main_classes/text_generation)
[transformers] Both `max_new_tokens` (=150) and `max_length`(=20) seem to have been set. `max_new_tokens` will take precedence. Please refer to the documentation for more information. (https://huggingface.co/docs/transformers/main/en/main_classes/text_generation)
[transformers] Both `max_new_tokens` (=150) and `max_length`(=20) seem to have been set. `max_new_tokens` will take precedence. Please refer to the documentation for more information. (https://huggingface.co/docs/transformers/main/en/main_classes/text_generation)
[transformers] Both `max_new_tokens` (=150) and `max_length`(=20) seem to have been set. `max_new_tokens` will take precedence. Please refer to the documentation for more information. (https://huggingface.co/docs/transformers/main/en/main_classes/text_generation)
[transformers] Both `max_new_tokens` (=150) and `max_length`(=20) seem to have been set. `max_new_tokens` will take precedence. Please refer to the documentation for more information. (https://huggingface.co/docs/transformers/main/en/main_classes/text_generation)
[transformers] Both `max_new_tokens` (=150) and `max_length`(=20) seem to have been set. `max_new_tokens` will take precedence. Please refer to the documentation for more information. (https://huggingface.co/docs/transformers/main/en/main_classes/text_generation)
[transformers] Both `max_new_tokens` (=150) and `max_length`(=20) seem to have been set. `max_new_tokens` will take precedence. Please refer to the documentation for more information. (https://huggingface.co/docs/transformers/main/en/main_classes/text_generation)
[transformers] Both `max_new_tokens` (=150) and `max_length`(=20) seem to have been set. `max_new_tokens` will take precedence. Please refer to the documentation for more information. (https://huggingface.co/docs/transformers/main/en/main_classes/text_generation)
[transformers] Both `max_new_tokens` (=150) and `max_length`(=20) seem to have been set. `max_new_tokens` will take precedence. Please refer to the documentation for more information. (https://huggingface.co/docs/transformers/main/en/main_classes/text_generation)
[transformers] Both `max_new_tokens` (=150) and `max_length`(=20) seem to have been set. `max_new_tokens` will take precedence. Please refer to the documentation for more information. (https://huggingface.co/docs/transformers/main/en/main_classes/text_generation)
[transformers] Both `max_new_tokens` (=150) and `max_length`(=20) seem to have been set. `max_new_tokens` will take precedence. Please refer to the documentation for more information. (https://huggingface.co/docs/transformers/main/en/main_classes/text_generation)
[transformers] Both `max_new_tokens` (=150) and `max_length`(=20) seem to have been set. `max_new_tokens` will take precedence. Please refer to the documentation for more information. (https://huggingface.co/docs/transformers/main/en/main_classes/text_generation)
[transformers] Both `max_new_tokens` (=150) and `max_length`(=20) seem to have been set. `max_new_tokens` will take precedence. Please refer to the documentation for more information. (https://huggingface.co/docs/transformers/main/en/main_classes/text_generation)
[transformers] Both `max_new_tokens` (=150) and `max_length`(=20) seem to have been set. `max_new_tokens` will take precedence. Please refer to the documentation for more information. (https://huggingface.co/docs/transformers/main/en/main_classes/text_generation)
[transformers] Both `max_new_tokens` (=150) and `max_length`(=20) seem to have been set. `max_new_tokens` will take precedence. Please refer to the documentation for more information. (https://huggingface.co/docs/transformers/main/en/main_classes/text_generation)
[transformers] Both `max_new_tokens` (=150) and `max_length`(=20) seem to have been set. `max_new_tokens` will take precedence. Please refer to the documentation for more information. (https://huggingface.co/docs/transformers/main/en/main_classes/text_generation)
[transformers] Both `max_new_tokens` (=150) and `max_length`(=20) seem to have been set. `max_new_tokens` will take precedence. Please refer to the documentation for more information. (https://huggingface.co/docs/transformers/main/en/main_classes/text_generation)
[transformers] Both `max_new_tokens` (=150) and `max_length`(=20) seem to have been set. `max_new_tokens` will take precedence. Please refer to the documentation for more information. (https://huggingface.co/docs/transformers/main/en/main_classes/text_generation)
[transformers] Both `max_new_tokens` (=150) and `max_length`(=20) seem to have been set. `max_new_tokens` will take precedence. Please refer to the documentation for more information. (https://huggingface.co/docs/transformers/main/en/main_classes/text_generation)
[transformers] Both `max_new_tokens` (=150) and `max_length`(=20) seem to have been set. `max_new_tokens` will take precedence. Please refer to the documentation for more information. (https://huggingface.co/docs/transformers/main/en/main_classes/text_generation)
[transformers] Both `max_new_tokens` (=150) and `max_length`(=20) seem to have been set. `max_new_tokens` will take precedence. Please refer to the documentation for more information. (https://huggingface.co/docs/transformers/main/en/main_classes/text_generation)
[transformers] Both `max_new_tokens` (=150) and `max_length`(=20) seem to have been set. `max_new_tokens` will take precedence. Please refer to the documentation for more information. (https://huggingface.co/docs/transformers/main/en/main_classes/text_generation)
[transformers] Both `max_new_tokens` (=150) and `max_length`(=20) seem to have been set. `max_new_tokens` will take precedence. Please refer to the documentation for more information. (https://huggingface.co/docs/transformers/main/en/main_classes/text_generation)
[transformers] Both `max_new_tokens` (=150) and `max_length`(=20) seem to have been set. `max_new_tokens` will take precedence. Please refer to the documentation for more information. (https://huggingface.co/docs/transformers/main/en/main_classes/text_generation)
[transformers] Both `max_new_tokens` (=150) and `max_length`(=20) seem to have been set. `max_new_tokens` will take precedence. Please refer to the documentation for more information. (https://huggingface.co/docs/transformers/main/en/main_classes/text_generation)
[transformers] Both `max_new_tokens` (=150) and `max_length`(=20) seem to have been set. `max_new_tokens` will take precedence. Please refer to the documentation for more information. (https://huggingface.co/docs/transformers/main/en/main_classes/text_generation)
[transformers] Both `max_new_tokens` (=150) and `max_length`(=20) seem to have been set. `max_new_tokens` will take precedence. Please refer to the documentation for more information. (https://huggingface.co/docs/transformers/main/en/main_classes/text_generation)
[transformers] Both `max_new_tokens` (=150) and `max_length`(=20) seem to have been set. `max_new_tokens` will take precedence. Please refer to the documentation for more information. (https://huggingface.co/docs/transformers/main/en/main_classes/text_generation)
[transformers] Both `max_new_tokens` (=150) and `max_length`(=20) seem to have been set. `max_new_tokens` will take precedence. Please refer to the documentation for more information. (https://huggingface.co/docs/transformers/main/en/main_classes/text_generation)
[transformers] Both `max_new_tokens` (=150) and `max_length`(=20) seem to have been set. `max_new_tokens` will take precedence. Please refer to the documentation for more information. (https://huggingface.co/docs/transformers/main/en/main_classes/text_generation)
[transformers] Both `max_new_tokens` (=150) and `max_length`(=20) seem to have been set. `max_new_tokens` will take precedence. Please refer to the documentation for more information. (https://huggingface.co/docs/transformers/main/en/main_classes/text_generation)
[transformers] Both `max_new_tokens` (=150) and `max_length`(=20) seem to have been set. `max_new_tokens` will take precedence. Please refer to the documentation for more information. (https://huggingface.co/docs/transformers/main/en/main_classes/text_generation)
[transformers] Both `max_new_tokens` (=150) and `max_length`(=20) seem to have been set. `max_new_tokens` will take precedence. Please refer to the documentation for more information. (https://huggingface.co/docs/transformers/main/en/main_classes/text_generation)
[transformers] Both `max_new_tokens` (=150) and `max_length`(=20) seem to have been set. `max_new_tokens` will take precedence. Please refer to the documentation for more information. (https://huggingface.co/docs/transformers/main/en/main_classes/text_generation)
[transformers] Both `max_new_tokens` (=150) and `max_length`(=20) seem to have been set. `max_new_tokens` will take precedence. Please refer to the documentation for more information. (https://huggingface.co/docs/transformers/main/en/main_classes/text_generation)
[transformers] Both `max_new_tokens` (=150) and `max_length`(=20) seem to have been set. `max_new_tokens` will take precedence. Please refer to the documentation for more information. (https://huggingface.co/docs/transformers/main/en/main_classes/text_generation)
[transformers] Both `max_new_tokens` (=150) and `max_length`(=20) seem to have been set. `max_new_tokens` will take precedence. Please refer to the documentation for more information. (https://huggingface.co/docs/transformers/main/en/main_classes/text_generation)
[transformers] Both `max_new_tokens` (=150) and `max_length`(=20) seem to have been set. `max_new_tokens` will take precedence. Please refer to the documentation for more information. (https://huggingface.co/docs/transformers/main/en/main_classes/text_generation)
[transformers] Both `max_new_tokens` (=150) and `max_length`(=20) seem to have been set. `max_new_tokens` will take precedence. Please refer to the documentation for more information. (https://huggingface.co/docs/transformers/main/en/main_classes/text_generation)
[transformers] Both `max_new_tokens` (=150) and `max_length`(=20) seem to have been set. `max_new_tokens` will take precedence. Please refer to the documentation for more information. (https://huggingface.co/docs/transformers/main/en/main_classes/text_generation)
[transformers] Both `max_new_tokens` (=150) and `max_length`(=20) seem to have been set. `max_new_tokens` will take precedence. Please refer to the documentation for more information. (https://huggingface.co/docs/transformers/main/en/main_classes/text_generation)
[transformers] Both `max_new_tokens` (=150) and `max_length`(=20) seem to have been set. `max_new_tokens` will take precedence. Please refer to the documentation for more information. (https://huggingface.co/docs/transformers/main/en/main_classes/text_generation)
[transformers] Both `max_new_tokens` (=150) and `max_length`(=20) seem to have been set. `max_new_tokens` will take precedence. Please refer to the documentation for more information. (https://huggingface.co/docs/transformers/main/en/main_classes/text_generation)
[transformers] Both `max_new_tokens` (=150) and `max_length`(=20) seem to have been set. `max_new_tokens` will take precedence. Please refer to the documentation for more information. (https://huggingface.co/docs/transformers/main/en/main_classes/text_generation)
[transformers] Both `max_new_tokens` (=150) and `max_length`(=20) seem to have been set. `max_new_tokens` will take precedence. Please refer to the documentation for more information. (https://huggingface.co/docs/transformers/main/en/main_classes/text_generation)
[transformers] Both `max_new_tokens` (=150) and `max_length`(=20) seem to have been set. `max_new_tokens` will take precedence. Please refer to the documentation for more information. (https://huggingface.co/docs/transformers/main/en/main_classes/text_generation)
[transformers] Both `max_new_tokens` (=150) and `max_length`(=20) seem to have been set. `max_new_tokens` will take precedence. Please refer to the documentation for more information. (https://huggingface.co/docs/transformers/main/en/main_classes/text_generation)
[transformers] Both `max_new_tokens` (=150) and `max_length`(=20) seem to have been set. `max_new_tokens` will take precedence. Please refer to the documentation for more information. (https://huggingface.co/docs/transformers/main/en/main_classes/text_generation)
[transformers] Both `max_new_tokens` (=150) and `max_length`(=20) seem to have been set. `max_new_tokens` will take precedence. Please refer to the documentation for more information. (https://huggingface.co/docs/transformers/main/en/main_classes/text_generation)
[transformers] Both `max_new_tokens` (=150) and `max_length`(=20) seem to have been set. `max_new_tokens` will take precedence. Please refer to the documentation for more information. (https://huggingface.co/docs/transformers/main/en/main_classes/text_generation)
[transformers] Both `max_new_tokens` (=150) and `max_length`(=20) seem to have been set. `max_new_tokens` will take precedence. Please refer to the documentation for more information. (https://huggingface.co/docs/transformers/main/en/main_classes/text_generation)
[transformers] Both `max_new_tokens` (=150) and `max_length`(=20) seem to have been set. `max_new_tokens` will take precedence. Please refer to the documentation for more information. (https://huggingface.co/docs/transformers/main/en/main_classes/text_generation)
[transformers] Both `max_new_tokens` (=150) and `max_length`(=20) seem to have been set. `max_new_tokens` will take precedence. Please refer to the documentation for more information. (https://huggingface.co/docs/transformers/main/en/main_classes/text_generation)
[transformers] Both `max_new_tokens` (=150) and `max_length`(=20) seem to have been set. `max_new_tokens` will take precedence. Please refer to the documentation for more information. (https://huggingface.co/docs/transformers/main/en/main_classes/text_generation)
[transformers] Both `max_new_tokens` (=150) and `max_length`(=20) seem to have been set. `max_new_tokens` will take precedence. Please refer to the documentation for more information. (https://huggingface.co/docs/transformers/main/en/main_classes/text_generation)
[transformers] Both `max_new_tokens` (=150) and `max_length`(=20) seem to have been set. `max_new_tokens` will take precedence. Please refer to the documentation for more information. (https://huggingface.co/docs/transformers/main/en/main_classes/text_generation)
[transformers] Both `max_new_tokens` (=150) and `max_length`(=20) seem to have been set. `max_new_tokens` will take precedence. Please refer to the documentation for more information. (https://huggingface.co/docs/transformers/main/en/main_classes/text_generation)
[transformers] Both `max_new_tokens` (=150) and `max_length`(=20) seem to have been set. `max_new_tokens` will take precedence. Please refer to the documentation for more information. (https://huggingface.co/docs/transformers/main/en/main_classes/text_generation)
[transformers] Both `max_new_tokens` (=150) and `max_length`(=20) seem to have been set. `max_new_tokens` will take precedence. Please refer to the documentation for more information. (https://huggingface.co/docs/transformers/main/en/main_classes/text_generation)
[transformers] Both `max_new_tokens` (=150) and `max_length`(=20) seem to have been set. `max_new_tokens` will take precedence. Please refer to the documentation for more information. (https://huggingface.co/docs/transformers/main/en/main_classes/text_generation)
[transformers] Both `max_new_tokens` (=150) and `max_length`(=20) seem to have been set. `max_new_tokens` will take precedence. Please refer to the documentation for more information. (https://huggingface.co/docs/transformers/main/en/main_classes/text_generation)
[transformers] Both `max_new_tokens` (=150) and `max_length`(=20) seem to have been set. `max_new_tokens` will take precedence. Please refer to the documentation for more information. (https://huggingface.co/docs/transformers/main/en/main_classes/text_generation)
[transformers] Both `max_new_tokens` (=150) and `max_length`(=20) seem to have been set. `max_new_tokens` will take precedence. Please refer to the documentation for more information. (https://huggingface.co/docs/transformers/main/en/main_classes/text_generation)
[transformers] Both `max_new_tokens` (=150) and `max_length`(=20) seem to have been set. `max_new_tokens` will take precedence. Please refer to the documentation for more information. (https://huggingface.co/docs/transformers/main/en/main_classes/text_generation)
[transformers] Both `max_new_tokens` (=150) and `max_length`(=20) seem to have been set. `max_new_tokens` will take precedence. Please refer to the documentation for more information. (https://huggingface.co/docs/transformers/main/en/main_classes/text_generation)
[transformers] Both `max_new_tokens` (=150) and `max_length`(=20) seem to have been set. `max_new_tokens` will take precedence. Please refer to the documentation for more information. (https://huggingface.co/docs/transformers/main/en/main_classes/text_generation)
[transformers] Both `max_new_tokens` (=150) and `max_length`(=20) seem to have been set. `max_new_tokens` will take precedence. Please refer to the documentation for more information. (https://huggingface.co/docs/transformers/main/en/main_classes/text_generation)
[transformers] Both `max_new_tokens` (=150) and `max_length`(=20) seem to have been set. `max_new_tokens` will take precedence. Please refer to the documentation for more information. (https://huggingface.co/docs/transformers/main/en/main_classes/text_generation)
[transformers] Both `max_new_tokens` (=150) and `max_length`(=20) seem to have been set. `max_new_tokens` will take precedence. Please refer to the documentation for more information. (https://huggingface.co/docs/transformers/main/en/main_classes/text_generation)
[transformers] Both `max_new_tokens` (=150) and `max_length`(=20) seem to have been set. `max_new_tokens` will take precedence. Please refer to the documentation for more information. (https://huggingface.co/docs/transformers/main/en/main_classes/text_generation)
[transformers] Both `max_new_tokens` (=150) and `max_length`(=20) seem to have been set. `max_new_tokens` will take precedence. Please refer to the documentation for more information. (https://huggingface.co/docs/transformers/main/en/main_classes/text_generation)
[transformers] Both `max_new_tokens` (=150) and `max_length`(=20) seem to have been set. `max_new_tokens` will take precedence. Please refer to the documentation for more information. (https://huggingface.co/docs/transformers/main/en/main_classes/text_generation)
[transformers] Both `max_new_tokens` (=150) and `max_length`(=20) seem to have been set. `max_new_tokens` will take precedence. Please refer to the documentation for more information. (https://huggingface.co/docs/transformers/main/en/main_classes/text_generation)
[transformers] Both `max_new_tokens` (=150) and `max_length`(=20) seem to have been set. `max_new_tokens` will take precedence. Please refer to the documentation for more information. (https://huggingface.co/docs/transformers/main/en/main_classes/text_generation)
[transformers] Both `max_new_tokens` (=150) and `max_length`(=20) seem to have been set. `max_new_tokens` will take precedence. Please refer to the documentation for more information. (https://huggingface.co/docs/transformers/main/en/main_classes/text_generation)
[transformers] Both `max_new_tokens` (=150) and `max_length`(=20) seem to have been set. `max_new_tokens` will take precedence. Please refer to the documentation for more information. (https://huggingface.co/docs/transformers/main/en/main_classes/text_generation)
[transformers] Both `max_new_tokens` (=150) and `max_length`(=20) seem to have been set. `max_new_tokens` will take precedence. Please refer to the documentation for more information. (https://huggingface.co/docs/transformers/main/en/main_classes/text_generation)
[transformers] Both `max_new_tokens` (=150) and `max_length`(=20) seem to have been set. `max_new_tokens` will take precedence. Please refer to the documentation for more information. (https://huggingface.co/docs/transformers/main/en/main_classes/text_generation)
[transformers] Both `max_new_tokens` (=150) and `max_length`(=20) seem to have been set. `max_new_tokens` will take precedence. Please refer to the documentation for more information. (https://huggingface.co/docs/transformers/main/en/main_classes/text_generation)
[transformers] Both `max_new_tokens` (=150) and `max_length`(=20) seem to have been set. `max_new_tokens` will take precedence. Please refer to the documentation for more information. (https://huggingface.co/docs/transformers/main/en/main_classes/text_generation)
[transformers] Both `max_new_tokens` (=150) and `max_length`(=20) seem to have been set. `max_new_tokens` will take precedence. Please refer to the documentation for more information. (https://huggingface.co/docs/transformers/main/en/main_classes/text_generation)
[transformers] Both `max_new_tokens` (=150) and `max_length`(=20) seem to have been set. `max_new_tokens` will take precedence. Please refer to the documentation for more information. (https://huggingface.co/docs/transformers/main/en/main_classes/text_generation)
[transformers] Both `max_new_tokens` (=150) and `max_length`(=20) seem to have been set. `max_new_tokens` will take precedence. Please refer to the documentation for more information. (https://huggingface.co/docs/transformers/main/en/main_classes/text_generation)
[transformers] Both `max_new_tokens` (=150) and `max_length`(=20) seem to have been set. `max_new_tokens` will take precedence. Please refer to the documentation for more information. (https://huggingface.co/docs/transformers/main/en/main_classes/text_generation)
[transformers] Both `max_new_tokens` (=150) and `max_length`(=20) seem to have been set. `max_new_tokens` will take precedence. Please refer to the documentation for more information. (https://huggingface.co/docs/transformers/main/en/main_classes/text_generation)
[transformers] Both `max_new_tokens` (=150) and `max_length`(=20) seem to have been set. `max_new_tokens` will take precedence. Please refer to the documentation for more information. (https://huggingface.co/docs/transformers/main/en/main_classes/text_generation)
[transformers] Both `max_new_tokens` (=150) and `max_length`(=20) seem to have been set. `max_new_tokens` will take precedence. Please refer to the documentation for more information. (https://huggingface.co/docs/transformers/main/en/main_classes/text_generation)
[transformers] Both `max_new_tokens` (=150) and `max_length`(=20) seem to have been set. `max_new_tokens` will take precedence. Please refer to the documentation for more information. (https://huggingface.co/docs/transformers/main/en/main_classes/text_generation)
[transformers] Both `max_new_tokens` (=150) and `max_length`(=20) seem to have been set. `max_new_tokens` will take precedence. Please refer to the documentation for more information. (https://huggingface.co/docs/transformers/main/en/main_classes/text_generation)
[transformers] Both `max_new_tokens` (=150) and `max_length`(=20) seem to have been set. `max_new_tokens` will take precedence. Please refer to the documentation for more information. (https://huggingface.co/docs/transformers/main/en/main_classes/text_generation)
[transformers] Both `max_new_tokens` (=150) and `max_length`(=20) seem to have been set. `max_new_tokens` will take precedence. Please refer to the documentation for more information. (https://huggingface.co/docs/transformers/main/en/main_classes/text_generation)
[transformers] Both `max_new_tokens` (=150) and `max_length`(=20) seem to have been set. `max_new_tokens` will take precedence. Please refer to the documentation for more information. (https://huggingface.co/docs/transformers/main/en/main_classes/text_generation)
[transformers] Both `max_new_tokens` (=150) and `max_length`(=20) seem to have been set. `max_new_tokens` will take precedence. Please refer to the documentation for more information. (https://huggingface.co/docs/transformers/main/en/main_classes/text_generation)
[transformers] Both `max_new_tokens` (=150) and `max_length`(=20) seem to have been set. `max_new_tokens` will take precedence. Please refer to the documentation for more information. (https://huggingface.co/docs/transformers/main/en/main_classes/text_generation)
[transformers] Both `max_new_tokens` (=150) and `max_length`(=20) seem to have been set. `max_new_tokens` will take precedence. Please refer to the documentation for more information. (https://huggingface.co/docs/transformers/main/en/main_classes/text_generation)
[transformers] Both `max_new_tokens` (=150) and `max_length`(=20) seem to have been set. `max_new_tokens` will take precedence. Please refer to the documentation for more information. (https://huggingface.co/docs/transformers/main/en/main_classes/text_generation)
[transformers] Both `max_new_tokens` (=150) and `max_length`(=20) seem to have been set. `max_new_tokens` will take precedence. Please refer to the documentation for more information. (https://huggingface.co/docs/transformers/main/en/main_classes/text_generation)
[transformers] Both `max_new_tokens` (=150) and `max_length`(=20) seem to have been set. `max_new_tokens` will take precedence. Please refer to the documentation for more information. (https://huggingface.co/docs/transformers/main/en/main_classes/text_generation)
[transformers] Both `max_new_tokens` (=150) and `max_length`(=20) seem to have been set. `max_new_tokens` will take precedence. Please refer to the documentation for more information. (https://huggingface.co/docs/transformers/main/en/main_classes/text_generation)
[transformers] Both `max_new_tokens` (=150) and `max_length`(=20) seem to have been set. `max_new_tokens` will take precedence. Please refer to the documentation for more information. (https://huggingface.co/docs/transformers/main/en/main_classes/text_generation)
[transformers] Both `max_new_tokens` (=150) and `max_length`(=20) seem to have been set. `max_new_tokens` will take precedence. Please refer to the documentation for more information. (https://huggingface.co/docs/transformers/main/en/main_classes/text_generation)
[transformers] Both `max_new_tokens` (=150) and `max_length`(=20) seem to have been set. `max_new_tokens` will take precedence. Please refer to the documentation for more information. (https://huggingface.co/docs/transformers/main/en/main_classes/text_generation)
[transformers] Both `max_new_tokens` (=150) and `max_length`(=20) seem to have been set. `max_new_tokens` will take precedence. Please refer to the documentation for more information. (https://huggingface.co/docs/transformers/main/en/main_classes/text_generation)
[transformers] Both `max_new_tokens` (=150) and `max_length`(=20) seem to have been set. `max_new_tokens` will take precedence. Please refer to the documentation for more information. (https://huggingface.co/docs/transformers/main/en/main_classes/text_generation)
[transformers] Both `max_new_tokens` (=150) and `max_length`(=20) seem to have been set. `max_new_tokens` will take precedence. Please refer to the documentation for more information. (https://huggingface.co/docs/transformers/main/en/main_classes/text_generation)
[transformers] Both `max_new_tokens` (=150) and `max_length`(=20) seem to have been set. `max_new_tokens` will take precedence. Please refer to the documentation for more information. (https://huggingface.co/docs/transformers/main/en/main_classes/text_generation)
[transformers] Both `max_new_tokens` (=150) and `max_length`(=20) seem to have been set. `max_new_tokens` will take precedence. Please refer to the documentation for more information. (https://huggingface.co/docs/transformers/main/en/main_classes/text_generation)
[transformers] Both `max_new_tokens` (=150) and `max_length`(=20) seem to have been set. `max_new_tokens` will take precedence. Please refer to the documentation for more information. (https://huggingface.co/docs/transformers/main/en/main_classes/text_generation)
[transformers] Both `max_new_tokens` (=150) and `max_length`(=20) seem to have been set. `max_new_tokens` will take precedence. Please refer to the documentation for more information. (https://huggingface.co/docs/transformers/main/en/main_classes/text_generation)
[transformers] Both `max_new_tokens` (=150) and `max_length`(=20) seem to have been set. `max_new_tokens` will take precedence. Please refer to the documentation for more information. (https://huggingface.co/docs/transformers/main/en/main_classes/text_generation)
[transformers] Both `max_new_tokens` (=150) and `max_length`(=20) seem to have been set. `max_new_tokens` will take precedence. Please refer to the documentation for more information. (https://huggingface.co/docs/transformers/main/en/main_classes/text_generation)
[transformers] Both `max_new_tokens` (=150) and `max_length`(=20) seem to have been set. `max_new_tokens` will take precedence. Please refer to the documentation for more information. (https://huggingface.co/docs/transformers/main/en/main_classes/text_generation)
[transformers] Both `max_new_tokens` (=150) and `max_length`(=20) seem to have been set. `max_new_tokens` will take precedence. Please refer to the documentation for more information. (https://huggingface.co/docs/transformers/main/en/main_classes/text_generation)
[transformers] Both `max_new_tokens` (=150) and `max_length`(=20) seem to have been set. `max_new_tokens` will take precedence. Please refer to the documentation for more information. (https://huggingface.co/docs/transformers/main/en/main_classes/text_generation)
[transformers] Both `max_new_tokens` (=150) and `max_length`(=20) seem to have been set. `max_new_tokens` will take precedence. Please refer to the documentation for more information. (https://huggingface.co/docs/transformers/main/en/main_classes/text_generation)
[transformers] Both `max_new_tokens` (=150) and `max_length`(=20) seem to have been set. `max_new_tokens` will take precedence. Please refer to the documentation for more information. (https://huggingface.co/docs/transformers/main/en/main_classes/text_generation)
[transformers] Both `max_new_tokens` (=150) and `max_length`(=20) seem to have been set. `max_new_tokens` will take precedence. Please refer to the documentation for more information. (https://huggingface.co/docs/transformers/main/en/main_classes/text_generation)
[transformers] Both `max_new_tokens` (=150) and `max_length`(=20) seem to have been set. `max_new_tokens` will take precedence. Please refer to the documentation for more information. (https://huggingface.co/docs/transformers/main/en/main_classes/text_generation)
[transformers] Both `max_new_tokens` (=150) and `max_length`(=20) seem to have been set. `max_new_tokens` will take precedence. Please refer to the documentation for more information. (https://huggingface.co/docs/transformers/main/en/main_classes/text_generation)
[transformers] Both `max_new_tokens` (=150) and `max_length`(=20) seem to have been set. `max_new_tokens` will take precedence. Please refer to the documentation for more information. (https://huggingface.co/docs/transformers/main/en/main_classes/text_generation)
[transformers] Both `max_new_tokens` (=150) and `max_length`(=20) seem to have been set. `max_new_tokens` will take precedence. Please refer to the documentation for more information. (https://huggingface.co/docs/transformers/main/en/main_classes/text_generation)
[transformers] Both `max_new_tokens` (=150) and `max_length`(=20) seem to have been set. `max_new_tokens` will take precedence. Please refer to the documentation for more information. (https://huggingface.co/docs/transformers/main/en/main_classes/text_generation)
[transformers] Both `max_new_tokens` (=150) and `max_length`(=20) seem to have been set. `max_new_tokens` will take precedence. Please refer to the documentation for more information. (https://huggingface.co/docs/transformers/main/en/main_classes/text_generation)
[transformers] Both `max_new_tokens` (=150) and `max_length`(=20) seem to have been set. `max_new_tokens` will take precedence. Please refer to the documentation for more information. (https://huggingface.co/docs/transformers/main/en/main_classes/text_generation)
[transformers] Both `max_new_tokens` (=150) and `max_length`(=20) seem to have been set. `max_new_tokens` will take precedence. Please refer to the documentation for more information. (https://huggingface.co/docs/transformers/main/en/main_classes/text_generation)
[transformers] Both `max_new_tokens` (=150) and `max_length`(=20) seem to have been set. `max_new_tokens` will take precedence. Please refer to the documentation for more information. (https://huggingface.co/docs/transformers/main/en/main_classes/text_generation)
[transformers] Both `max_new_tokens` (=150) and `max_length`(=20) seem to have been set. `max_new_tokens` will take precedence. Please refer to the documentation for more information. (https://huggingface.co/docs/transformers/main/en/main_classes/text_generation)
[transformers] Both `max_new_tokens` (=150) and `max_length`(=20) seem to have been set. `max_new_tokens` will take precedence. Please refer to the documentation for more information. (https://huggingface.co/docs/transformers/main/en/main_classes/text_generation)
[transformers] Both `max_new_tokens` (=150) and `max_length`(=20) seem to have been set. `max_new_tokens` will take precedence. Please refer to the documentation for more information. (https://huggingface.co/docs/transformers/main/en/main_classes/text_generation)
[transformers] Both `max_new_tokens` (=150) and `max_length`(=20) seem to have been set. `max_new_tokens` will take precedence. Please refer to the documentation for more information. (https://huggingface.co/docs/transformers/main/en/main_classes/text_generation)
[transformers] Both `max_new_tokens` (=150) and `max_length`(=20) seem to have been set. `max_new_tokens` will take precedence. Please refer to the documentation for more information. (https://huggingface.co/docs/transformers/main/en/main_classes/text_generation)
[transformers] Both `max_new_tokens` (=150) and `max_length`(=20) seem to have been set. `max_new_tokens` will take precedence. Please refer to the documentation for more information. (https://huggingface.co/docs/transformers/main/en/main_classes/text_generation)
[transformers] Both `max_new_tokens` (=150) and `max_length`(=20) seem to have been set. `max_new_tokens` will take precedence. Please refer to the documentation for more information. (https://huggingface.co/docs/transformers/main/en/main_classes/text_generation)
[transformers] Both `max_new_tokens` (=150) and `max_length`(=20) seem to have been set. `max_new_tokens` will take precedence. Please refer to the documentation for more information. (https://huggingface.co/docs/transformers/main/en/main_classes/text_generation)
[transformers] Both `max_new_tokens` (=150) and `max_length`(=20) seem to have been set. `max_new_tokens` will take precedence. Please refer to the documentation for more information. (https://huggingface.co/docs/transformers/main/en/main_classes/text_generation)
[transformers] Both `max_new_tokens` (=150) and `max_length`(=20) seem to have been set. `max_new_tokens` will take precedence. Please refer to the documentation for more information. (https://huggingface.co/docs/transformers/main/en/main_classes/text_generation)
[transformers] Both `max_new_tokens` (=150) and `max_length`(=20) seem to have been set. `max_new_tokens` will take precedence. Please refer to the documentation for more information. (https://huggingface.co/docs/transformers/main/en/main_classes/text_generation)
[transformers] Both `max_new_tokens` (=150) and `max_length`(=20) seem to have been set. `max_new_tokens` will take precedence. Please refer to the documentation for more information. (https://huggingface.co/docs/transformers/main/en/main_classes/text_generation)
[transformers] Both `max_new_tokens` (=150) and `max_length`(=20) seem to have been set. `max_new_tokens` will take precedence. Please refer to the documentation for more information. (https://huggingface.co/docs/transformers/main/en/main_classes/text_generation)
[transformers] Both `max_new_tokens` (=150) and `max_length`(=20) seem to have been set. `max_new_tokens` will take precedence. Please refer to the documentation for more information. (https://huggingface.co/docs/transformers/main/en/main_classes/text_generation)
[transformers] Both `max_new_tokens` (=150) and `max_length`(=20) seem to have been set. `max_new_tokens` will take precedence. Please refer to the documentation for more information. (https://huggingface.co/docs/transformers/main/en/main_classes/text_generation)
[transformers] Both `max_new_tokens` (=150) and `max_length`(=20) seem to have been set. `max_new_tokens` will take precedence. Please refer to the documentation for more information. (https://huggingface.co/docs/transformers/main/en/main_classes/text_generation)
[transformers] Both `max_new_tokens` (=150) and `max_length`(=20) seem to have been set. `max_new_tokens` will take precedence. Please refer to the documentation for more information. (https://huggingface.co/docs/transformers/main/en/main_classes/text_generation)
[transformers] Both `max_new_tokens` (=150) and `max_length`(=20) seem to have been set. `max_new_tokens` will take precedence. Please refer to the documentation for more information. (https://huggingface.co/docs/transformers/main/en/main_classes/text_generation)
[transformers] Both `max_new_tokens` (=150) and `max_length`(=20) seem to have been set. `max_new_tokens` will take precedence. Please refer to the documentation for more information. (https://huggingface.co/docs/transformers/main/en/main_classes/text_generation)
[transformers] Both `max_new_tokens` (=150) and `max_length`(=20) seem to have been set. `max_new_tokens` will take precedence. Please refer to the documentation for more information. (https://huggingface.co/docs/transformers/main/en/main_classes/text_generation)
[transformers] Both `max_new_tokens` (=150) and `max_length`(=20) seem to have been set. `max_new_tokens` will take precedence. Please refer to the documentation for more information. (https://huggingface.co/docs/transformers/main/en/main_classes/text_generation)
[transformers] Both `max_new_tokens` (=150) and `max_length`(=20) seem to have been set. `max_new_tokens` will take precedence. Please refer to the documentation for more information. (https://huggingface.co/docs/transformers/main/en/main_classes/text_generation)
[transformers] Both `max_new_tokens` (=150) and `max_length`(=20) seem to have been set. `max_new_tokens` will take precedence. Please refer to the documentation for more information. (https://huggingface.co/docs/transformers/main/en/main_classes/text_generation)
[transformers] Both `max_new_tokens` (=150) and `max_length`(=20) seem to have been set. `max_new_tokens` will take precedence. Please refer to the documentation for more information. (https://huggingface.co/docs/transformers/main/en/main_classes/text_generation)
[transformers] Both `max_new_tokens` (=150) and `max_length`(=20) seem to have been set. `max_new_tokens` will take precedence. Please refer to the documentation for more information. (https://huggingface.co/docs/transformers/main/en/main_classes/text_generation)
[transformers] Both `max_new_tokens` (=150) and `max_length`(=20) seem to have been set. `max_new_tokens` will take precedence. Please refer to the documentation for more information. (https://huggingface.co/docs/transformers/main/en/main_classes/text_generation)
[transformers] Both `max_new_tokens` (=150) and `max_length`(=20) seem to have been set. `max_new_tokens` will take precedence. Please refer to the documentation for more information. (https://huggingface.co/docs/transformers/main/en/main_classes/text_generation)
[transformers] Both `max_new_tokens` (=150) and `max_length`(=20) seem to have been set. `max_new_tokens` will take precedence. Please refer to the documentation for more information. (https://huggingface.co/docs/transformers/main/en/main_classes/text_generation)
[transformers] Both `max_new_tokens` (=150) and `max_length`(=20) seem to have been set. `max_new_tokens` will take precedence. Please refer to the documentation for more information. (https://huggingface.co/docs/transformers/main/en/main_classes/text_generation)
[transformers] Both `max_new_tokens` (=150) and `max_length`(=20) seem to have been set. `max_new_tokens` will take precedence. Please refer to the documentation for more information. (https://huggingface.co/docs/transformers/main/en/main_classes/text_generation)
[transformers] Both `max_new_tokens` (=150) and `max_length`(=20) seem to have been set. `max_new_tokens` will take precedence. Please refer to the documentation for more information. (https://huggingface.co/docs/transformers/main/en/main_classes/text_generation)
[transformers] Both `max_new_tokens` (=150) and `max_length`(=20) seem to have been set. `max_new_tokens` will take precedence. Please refer to the documentation for more information. (https://huggingface.co/docs/transformers/main/en/main_classes/text_generation)
[transformers] Both `max_new_tokens` (=150) and `max_length`(=20) seem to have been set. `max_new_tokens` will take precedence. Please refer to the documentation for more information. (https://huggingface.co/docs/transformers/main/en/main_classes/text_generation)
[transformers] Both `max_new_tokens` (=150) and `max_length`(=20) seem to have been set. `max_new_tokens` will take precedence. Please refer to the documentation for more information. (https://huggingface.co/docs/transformers/main/en/main_classes/text_generation)
[transformers] Both `max_new_tokens` (=150) and `max_length`(=20) seem to have been set. `max_new_tokens` will take precedence. Please refer to the documentation for more information. (https://huggingface.co/docs/transformers/main/en/main_classes/text_generation)
gpu?cpu? cpu

Loading dataset: Condition1B_context_richness_stimuli

==================================================
Dataset : Condition1B_context_richness_stimuli.csv
Model   : Gemma-3-1B  (seed=1)
==================================================
Total rows       : 288
Unique base items: 72
Conditions per item:
4    72
Name: count, dtype: int64

Sample after shuffle:
       Item_ID irony_label  ... original_option_mapping presentation_order
0    C1_67_A_I      ironic  ...    ['d', 'a', 'c', 'b']                  1
1   C1_62_UA_I      ironic  ...    ['d', 'b', 'a', 'c']                  2
2   C1_47_A_NI  non-ironic  ...    ['a', 'c', 'b', 'd']                  3
3   C1_23_UA_I      ironic  ...    ['c', 'd', 'a', 'b']                  4
4  C1_72_UA_NI  non-ironic  ...    ['d', 'c', 'b', 'a']                  5
5    C1_04_A_I      ironic  ...    ['d', 'b', 'c', 'a']                  6

[6 rows x 5 columns]

=======================================================
LATIN SQUARE SPLIT — verification
=======================================================
Conditions found : ['A_I', 'A_NI', 'UA_I', 'UA_NI']
Base items found : 72
Total rows       : 288  (expected 288)
✓ Saved run 1 → ./data/latin_square_splits/Condition1B_context_richness_stimuli_run1.csv
✓ Saved run 2 → ./data/latin_square_splits/Condition1B_context_richness_stimuli_run2.csv
✓ Saved run 3 → ./data/latin_square_splits/Condition1B_context_richness_stimuli_run3.csv
✓ Saved run 4 → ./data/latin_square_splits/Condition1B_context_richness_stimuli_run4.csv

--- Per-run row counts ---
  Run 1: 72 rows | conditions: {'A_I': 18, 'A_NI': 18, 'UA_I': 18, 'UA_NI': 18}
  Run 2: 72 rows | conditions: {'A_NI': 18, 'UA_I': 18, 'UA_NI': 18, 'A_I': 18}
  Run 3: 72 rows | conditions: {'UA_I': 18, 'UA_NI': 18, 'A_I': 18, 'A_NI': 18}
  Run 4: 72 rows | conditions: {'UA_NI': 18, 'A_I': 18, 'A_NI': 18, 'UA_I': 18}

--- Condition coverage across all runs ---
condition  A_I  A_NI  UA_I  UA_NI
base_item                        
C1_01        1     1     1      1
C1_02        1     1     1      1
C1_03        1     1     1      1
C1_04        1     1     1      1
C1_05        1     1     1      1
C1_06        1     1     1      1
C1_07        1     1     1      1
C1_08        1     1     1      1
C1_09        1     1     1      1
C1_10        1     1     1      1
C1_11        1     1     1      1
C1_12        1     1     1      1
C1_13        1     1     1      1
C1_14        1     1     1      1
C1_15        1     1     1      1
C1_16        1     1     1      1
C1_17        1     1     1      1
C1_18        1     1     1      1
C1_19        1     1     1      1
C1_20        1     1     1      1
C1_21        1     1     1      1
C1_22        1     1     1      1
C1_23        1     1     1      1
C1_24        1     1     1      1
C1_25        1     1     1      1
C1_26        1     1     1      1
C1_27        1     1     1      1
C1_28        1     1     1      1
C1_29        1     1     1      1
C1_30        1     1     1      1
C1_31        1     1     1      1
C1_32        1     1     1      1
C1_33        1     1     1      1
C1_34        1     1     1      1
C1_35        1     1     1      1
C1_36        1     1     1      1
C1_37        1     1     1      1
C1_38        1     1     1      1
C1_39        1     1     1      1
C1_40        1     1     1      1
C1_41        1     1     1      1
C1_42        1     1     1      1
C1_43        1     1     1      1
C1_44        1     1     1      1
C1_45        1     1     1      1
C1_46        1     1     1      1
C1_47        1     1     1      1
C1_48        1     1     1      1
C1_49        1     1     1      1
C1_50        1     1     1      1
C1_51        1     1     1      1
C1_52        1     1     1      1
C1_53        1     1     1      1
C1_54        1     1     1      1
C1_55        1     1     1      1
C1_56        1     1     1      1
C1_57        1     1     1      1
C1_58        1     1     1      1
C1_59        1     1     1      1
C1_60        1     1     1      1
C1_61        1     1     1      1
C1_62        1     1     1      1
C1_63        1     1     1      1
C1_64        1     1     1      1
C1_65        1     1     1      1
C1_66        1     1     1      1
C1_67        1     1     1      1
C1_68        1     1     1      1
C1_69        1     1     1      1
C1_70        1     1     1      1
C1_71        1     1     1      1
C1_72        1     1     1      1

✓ All 288 Item_IDs covered exactly once
✓ Each base item appears in each condition exactly once across 4 runs
✓ Latin Square coverage verified
=======================================================


--- Run 1/4 (72 items) ---

──────────────────────────────────────────────────
Running prompt: general
──────────────────────────────────────────────────

[GENERAL] Record #1 / 72
INPUT :
You will read short stories that describe everyday situations and which finish with a person saying something. Your task is to decide, given the situation, what meaning the person is most likely conveying. Each story will be followed by 4 possible meaning interpretations listed from a to d. Read each story and choose the number corresponding to the most likely meaning. You can only answer with a, b, c, or d.
Context: He lifted the overweight cat from the table.
Target utterance: He said:  ""That was easy!""
What meaning is He most likely conveying?
a. The exam was really easy.
b. He just got a great deal on a cat bed.
c. The cat was really hard to lift up.
d. The cat was easy to lift up.
Answer:

OUTPUT:
d


[GENERAL] Record #2 / 72
INPUT :
You will read short stories that describe everyday situations and which finish with a person saying something. Your task is to decide, given the situation, what meaning the person is most likely conveying. Each story will be followed by 4 possible meaning interpretations listed from a to d. Read each story and choose the number corresponding to the most likely meaning. You can only answer with a, b, c, or d.
Context: She picked up her overweight dog.
Target utterance: She said: ""Heaviest dog ever.""
What meaning is She most likely conveying?
a. She just adopted a new dog.
b. The dog was really heavy to pick up.
c. The dog was very light to pick up.
d. It was the heaviest package she ever carried.
Answer:

OUTPUT:
b


[GENERAL] Record #3 / 72
INPUT :
You will read short stories that describe everyday situations and which finish with a person saying something. Your task is to decide, given the situation, what meaning the person is most likely conveying. Each story will be followed by 4 possible meaning interpretations listed from a to d. Read each story and choose the number corresponding to the most likely meaning. You can only answer with a, b, c, or d.
Context: They lift their obese friend.
Target utterance: They said: ""Light as a feather.""
What meaning is They most likely conveying?
a. Their friend was very easy to lift.
b. The feather fell gently to the ground.
c. They decided to go out for dinner with their friend.
d. Getting their friend off the ground took a lot of effort.
Answer:

OUTPUT:
a


[GENERAL] Record #4 / 72
INPUT :
You will read short stories that describe everyday situations and which finish with a person saying something. Your task is to decide, given the situation, what meaning the person is most likely conveying. Each story will be followed by 4 possible meaning interpretations listed from a to d. Read each story and choose the number corresponding to the most likely meaning. You can only answer with a, b, c, or d.
Context: I held my obese nephew in my arms.
Target utterance: I said: ""Heavier than an elephant.""
What meaning is I most likely conveying?
a. Holding my nephew took nothing of my strength.
b. The elephant lumbered slowly across the plain.
c. My nephew ate a burger that day.
d. Holding my nephew took all my strength.
Answer:

OUTPUT:
d


[GENERAL] Record #5 / 72
INPUT :
You will read short stories that describe everyday situations and which finish with a person saying something. Your task is to decide, given the situation, what meaning the person is most likely conveying. Each story will be followed by 4 possible meaning interpretations listed from a to d. Read each story and choose the number corresponding to the most likely meaning. You can only answer with a, b, c, or d.
Context: She ate a palatable cake.
Target utterance: She said: ""What an amazing flavour.""
What meaning is She most likely conveying?
a. The cake tasted really good.
b. The cake had three candles on top.
c. The cake tasted really bad.
d. The soup smelled absolutely delicious
Answer:

OUTPUT:
a


[GENERAL] Record #6 / 72
INPUT :
You will read short stories that describe everyday situations and which finish with a person saying something. Your task is to decide, given the situation, what meaning the person is most likely conveying. Each story will be followed by 4 possible meaning interpretations listed from a to d. Read each story and choose the number corresponding to the most likely meaning. You can only answer with a, b, c, or d.
Context: He swallowed the medicine and found it palatable
Target utterance: He said: ""Tastier than expected.""
What meaning is He most likely conveying?
a. He kept the medicine in the bathroom cabinet.
b. The medicine tasted absolutely awful.
c. The medicine tasted surprisingly pleasant.
d. The cake was tastier than expected.
Answer:

OUTPUT:
c


[GENERAL] Record #7 / 72
INPUT :
You will read short stories that describe everyday situations and which finish with a person saying something. Your task is to decide, given the situation, what meaning the person is most likely conveying. Each story will be followed by 4 possible meaning interpretations listed from a to d. Read each story and choose the number corresponding to the most likely meaning. You can only answer with a, b, c, or d.
Context: I took a sip of my smoothie and found it delicious.
Target utterance: I said: ""What a treat.""
What meaning is I most likely conveying?
a. She gave the dog a treat.
b. The smoothie was thoroughly enjoyable.
c. The smoothie was thoroughly nasty.
d. She was looking for a new smoothie recipe.
Answer:

OUTPUT:
b


[GENERAL] Record #8 / 72
INPUT :
You will read short stories that describe everyday situations and which finish with a person saying something. Your task is to decide, given the situation, what meaning the person is most likely conveying. Each story will be followed by 4 possible meaning interpretations listed from a to d. Read each story and choose the number corresponding to the most likely meaning. You can only answer with a, b, c, or d.
Context: They ate a delicious burger.
Target utterance: They said: ""This burger tasted like heaven.""
What meaning is They most likely conveying?
a. They liked every single bite of the burger.
b. They liked the burger more than the pizza.
c. The burger was the most expensive item on the menu.
d. They could barely force themselves to swallow the burger.
Answer:

OUTPUT:
a


[GENERAL] Record #9 / 72
INPUT :
You will read short stories that describe everyday situations and which finish with a person saying something. Your task is to decide, given the situation, what meaning the person is most likely conveying. Each story will be followed by 4 possible meaning interpretations listed from a to d. Read each story and choose the number corresponding to the most likely meaning. You can only answer with a, b, c, or d.
Context: They hired a fearless babysitter.
Target utterance: They said: ""The kids are not safe at all.""
What meaning is They most likely conveying?
a. The babysitter was not taking good care of the kids.
b. The babysitter was taking good care of the kids.
c. The babysitter parked her car outside.
d. The kids had very clean hands.
Answer:

OUTPUT:
a


[GENERAL] Record #10 / 72
INPUT :
You will read short stories that describe everyday situations and which finish with a person saying something. Your task is to decide, given the situation, what meaning the person is most likely conveying. Each story will be followed by 4 possible meaning interpretations listed from a to d. Read each story and choose the number corresponding to the most likely meaning. You can only answer with a, b, c, or d.
Context: They met a fearless police officer.
Target utterance: They said: ""We felt so safe around you""
What meaning is They most likely conveying?
a. The police officer drank a cup of coffee.
b. They were sitting in a very safe seat.
c. The police officer did not make them feel safe at all.
d. The police officer made them feel very safe.
Answer:

OUTPUT:
b


[GENERAL] Record #11 / 72
INPUT :
You will read short stories that describe everyday situations and which finish with a person saying something. Your task is to decide, given the situation, what meaning the person is most likely conveying. Each story will be followed by 4 possible meaning interpretations listed from a to d. Read each story and choose the number corresponding to the most likely meaning. You can only answer with a, b, c, or d.
Context: She noticed the brave pilot before boarding.
Target utterance: She said: ""That really shook me up.""
What meaning is She most likely conveying?
a. She dated a pilot for several months.
b. Seeing the pilot put her completely at ease.
c. She settled into her seat and fastened the belt.
d. Seeing the pilot made her feel even more anxious.
Answer:

OUTPUT:
b


[GENERAL] Record #12 / 72
INPUT :
You will read short stories that describe everyday situations and which finish with a person saying something. Your task is to decide, given the situation, what meaning the person is most likely conveying. Each story will be followed by 4 possible meaning interpretations listed from a to d. Read each story and choose the number corresponding to the most likely meaning. You can only answer with a, b, c, or d.
Context: He saw his brave father.
Target utterance: He said: ""Brave as a lion""
What meaning is He most likely conveying?
a. His father wore a blue jacket.
b. His father showed no fear at all.
c. The lion prowled across the savannah.
d. His father's face was full of fear.
Answer:

OUTPUT:
b


[GENERAL] Record #13 / 72
INPUT :
You will read short stories that describe everyday situations and which finish with a person saying something. Your task is to decide, given the situation, what meaning the person is most likely conveying. Each story will be followed by 4 possible meaning interpretations listed from a to d. Read each story and choose the number corresponding to the most likely meaning. You can only answer with a, b, c, or d.
Context: He saw his energetic girlfriend.
Target utterance: He said: ""You look like you've been awake since birth.""
What meaning is He most likely conveying?
a. His girlfriend clearly looked worn out, not refreshed at all.
b. He was planning to surprise his girlfriend with a home-cooked meal.
c. To him, his girlfriend looked well-rested and full of energy.
d. He had just bought her a refreshing cold drink.
Answer:

OUTPUT:
c


[GENERAL] Record #14 / 72
INPUT :
You will read short stories that describe everyday situations and which finish with a person saying something. Your task is to decide, given the situation, what meaning the person is most likely conveying. Each story will be followed by 4 possible meaning interpretations listed from a to d. Read each story and choose the number corresponding to the most likely meaning. You can only answer with a, b, c, or d.
Context: She saw her energetic colleague.
Target utterance: She said: ""You seem so full of energy today.""
What meaning is She most likely conveying?
a. She was redecorating the office of her colleague.
b. She filled up the car with energy.
c. Her colleague seemed very tired today.
d. Her colleague seemed very energetic today.
Answer:

OUTPUT:
d


[GENERAL] Record #15 / 72
INPUT :
You will read short stories that describe everyday situations and which finish with a person saying something. Your task is to decide, given the situation, what meaning the person is most likely conveying. Each story will be followed by 4 possible meaning interpretations listed from a to d. Read each story and choose the number corresponding to the most likely meaning. You can only answer with a, b, c, or d.
Context: After the sleepover, they were hyperactive.
Target utterance: They said:  ""We never felt more tired in our lifes.""
What meaning is They most likely conveying?
a. They rested the heavy boxes on the floor.
b. They did sleep overs once a year.
c. They felt really exhausted after the sleepover.
d. They felt very well-rested after the sleepover.
Answer:

OUTPUT:
c


[GENERAL] Record #16 / 72
INPUT :
You will read short stories that describe everyday situations and which finish with a person saying something. Your task is to decide, given the situation, what meaning the person is most likely conveying. Each story will be followed by 4 possible meaning interpretations listed from a to d. Read each story and choose the number corresponding to the most likely meaning. You can only answer with a, b, c, or d.
Context: Right before my exam, I felt really hyperactive.
Target utterance: I said: ""I have never felt more ready.""
What meaning is I most likely conveying?
a. Deep down I felt completely unprepared for the exam.
b. The exam started at nine o'clock.
c. I felt fully prepared and ready for the exam.
d. Dinner was ready by seven o'clock.
Answer:

OUTPUT:
c


[GENERAL] Record #17 / 72
INPUT :
You will read short stories that describe everyday situations and which finish with a person saying something. Your task is to decide, given the situation, what meaning the person is most likely conveying. Each story will be followed by 4 possible meaning interpretations listed from a to d. Read each story and choose the number corresponding to the most likely meaning. You can only answer with a, b, c, or d.
Context: She had an old idea.
Target utterance: She said: ""Truly ahead of its time.""
What meaning is She most likely conveying?
a. Her idea was innovative.
b. She had the idea to redecorate her office.
c. Her idea was outdated.
d. She had arrived early.
Answer:

OUTPUT:
a.


[GENERAL] Record #18 / 72
INPUT :
You will read short stories that describe everyday situations and which finish with a person saying something. Your task is to decide, given the situation, what meaning the person is most likely conveying. Each story will be followed by 4 possible meaning interpretations listed from a to d. Read each story and choose the number corresponding to the most likely meaning. You can only answer with a, b, c, or d.
Context: It was an old approach. 
Target utterance: He said: ""How refreshingly innovative.""
What meaning is He most likely conveying?
a. He found the approach genuinely new and creative.
b. In his view, it was a stale approach he had seen many times before.
c. Refreshments were served at the end of the presentation.
d. He researched new approaches for several months.
Answer:

OUTPUT:
a


[GENERAL] Record #19 / 72
INPUT :
You will read short stories that describe everyday situations and which finish with a person saying something. Your task is to decide, given the situation, what meaning the person is most likely conveying. Each story will be followed by 4 possible meaning interpretations listed from a to d. Read each story and choose the number corresponding to the most likely meaning. You can only answer with a, b, c, or d.
Context: The tradition was ancient.
Target utterance: She said: ""How wonderfully timeless.""
What meaning is She most likely conveying?
a. To her, the tradition felt stale and long past its use.
b. She read about the tradition in a local history book.
c. She found the tradition beautifully enduring and meaningful.
d. The clock ticked for over a century.
Answer:

OUTPUT:
a


[GENERAL] Record #20 / 72
INPUT :
You will read short stories that describe everyday situations and which finish with a person saying something. Your task is to decide, given the situation, what meaning the person is most likely conveying. Each story will be followed by 4 possible meaning interpretations listed from a to d. Read each story and choose the number corresponding to the most likely meaning. You can only answer with a, b, c, or d.
Context: She bought an ancient car.
Target utterance: She says: ""I just love the new car smell.""
What meaning is She most likely conveying?
a. She could smell what her husband was cooking.
b. She took her car to the gas station.
c. She was disappointed with the smell of her car.
d. She liked the smell of her car.
Answer:

OUTPUT:
d


[GENERAL] Record #21 / 72
INPUT :
You will read short stories that describe everyday situations and which finish with a person saying something. Your task is to decide, given the situation, what meaning the person is most likely conveying. Each story will be followed by 4 possible meaning interpretations listed from a to d. Read each story and choose the number corresponding to the most likely meaning. You can only answer with a, b, c, or d.
Context: She left the birthday party feeling happy.
Target utterance: She says: ""Truly a night to remember.""
What meaning is She most likely conveying?
a. She had trouble remembering things.
b. The birthday party was a disappointment.
c. She planned her next birthday party.
d. The birthday party was a great success.
Answer:

OUTPUT:
d


[GENERAL] Record #22 / 72
INPUT :
You will read short stories that describe everyday situations and which finish with a person saying something. Your task is to decide, given the situation, what meaning the person is most likely conveying. Each story will be followed by 4 possible meaning interpretations listed from a to d. Read each story and choose the number corresponding to the most likely meaning. You can only answer with a, b, c, or d.
Context: She left the wedding feeling happy.
Target utterance: She says: ""What a magical day.""
What meaning is She most likely conveying?
a. The magician wowed all the guests at the reception.
b. She helped organise the flowers for the wedding beforehand.
c. The wedding had been a dull, disappointing event from start to finish.
d. The wedding was a beautiful and enchanting occasion.
Answer:

OUTPUT:
d


[GENERAL] Record #23 / 72
INPUT :
You will read short stories that describe everyday situations and which finish with a person saying something. Your task is to decide, given the situation, what meaning the person is most likely conveying. Each story will be followed by 4 possible meaning interpretations listed from a to d. Read each story and choose the number corresponding to the most likely meaning. You can only answer with a, b, c, or d.
Context: They left the cinema feeling delighted.
Target utterance: They say: ""What a painfull film.""
What meaning is They most likely conveying?
a. The injection was over quickly, but it was painful.
b. They went to the same cinema as always.
c. They had found the film dull from start to finish.
d. They had found the film funny from start to finish.
Answer:

OUTPUT:
c


[GENERAL] Record #24 / 72
INPUT :
You will read short stories that describe everyday situations and which finish with a person saying something. Your task is to decide, given the situation, what meaning the person is most likely conveying. Each story will be followed by 4 possible meaning interpretations listed from a to d. Read each story and choose the number corresponding to the most likely meaning. You can only answer with a, b, c, or d.
Context: She received a message and was delighted.
Target utterance: She says: ""These are amazing news.""
What meaning is She most likely conveying?
a. What she read was news to her.
b. The message brought negative news.
c. The message brought good news.
d. She wanted to send a message.
Answer:

OUTPUT:
c


[GENERAL] Record #25 / 72
INPUT :
You will read short stories that describe everyday situations and which finish with a person saying something. Your task is to decide, given the situation, what meaning the person is most likely conveying. Each story will be followed by 4 possible meaning interpretations listed from a to d. Read each story and choose the number corresponding to the most likely meaning. You can only answer with a, b, c, or d.
Context: Her answers in the exam were intelligent.
Target utterance: She says: ""What a genius.""
What meaning is She most likely conveying?
a. Her exam answers were impressively smart.
b. She studied for her next exam.
c. Her exam answers were embarrassingly poor.
d. She had a high IQ.
Answer:

OUTPUT:
a


[GENERAL] Record #26 / 72
INPUT :
You will read short stories that describe everyday situations and which finish with a person saying something. Your task is to decide, given the situation, what meaning the person is most likely conveying. Each story will be followed by 4 possible meaning interpretations listed from a to d. Read each story and choose the number corresponding to the most likely meaning. You can only answer with a, b, c, or d.
Context: Their colleague's suggestion was intelligent.
Target utterance: They said: ""We really had luck with that one.""
What meaning is They most likely conveying?
a. They were genuinely fortunate to have such a strong suggestion.
b. As far as they were concerned, it was a poor suggestion.
c. They got lucky at the casino.
d. They thought that every project starts with a suggestion.
Answer:

OUTPUT:
a


[GENERAL] Record #27 / 72
INPUT :
You will read short stories that describe everyday situations and which finish with a person saying something. Your task is to decide, given the situation, what meaning the person is most likely conveying. Each story will be followed by 4 possible meaning interpretations listed from a to d. Read each story and choose the number corresponding to the most likely meaning. You can only answer with a, b, c, or d.
Context: His argument in the debate was brilliant.
Target utterance: She says: ""What a master of rhetoric.""
What meaning is She most likely conveying?
a. Sokrates was a master of rhetoric.
b. She had an argument with him that night.
c. His argument was weak and poorly constructed.
d. His argument was strong and well presented.
Answer:

OUTPUT:
a


[GENERAL] Record #28 / 72
INPUT :
You will read short stories that describe everyday situations and which finish with a person saying something. Your task is to decide, given the situation, what meaning the person is most likely conveying. Each story will be followed by 4 possible meaning interpretations listed from a to d. Read each story and choose the number corresponding to the most likely meaning. You can only answer with a, b, c, or d.
Context: His business plan was brilliant.
Target utterance: She says: ""We will make lots of money with this.""
What meaning is He most likely conveying?
a. She believed that his business plan would fail.
b. She was interested in making lots of money.
c. She believed that his business plan would be successful.
d. He asked a colleague for help with his business plan.
Answer:

OUTPUT:
b


[GENERAL] Record #29 / 72
INPUT :
You will read short stories that describe everyday situations and which finish with a person saying something. Your task is to decide, given the situation, what meaning the person is most likely conveying. Each story will be followed by 4 possible meaning interpretations listed from a to d. Read each story and choose the number corresponding to the most likely meaning. You can only answer with a, b, c, or d.
Context: After the restaurant visit he was satiated.
Target utterance: He says: ""Best dinner ever.""
What meaning is He most likely conveying?
a. He looked forward to this restaurant visit for weeks.
b. It was the best-reviewed dinner spot in the whole city.
c. The restaurant visit was a real disappointment.
d. The restaurant visit was genuinely outstanding.
Answer:

OUTPUT:
d


[GENERAL] Record #30 / 72
INPUT :
You will read short stories that describe everyday situations and which finish with a person saying something. Your task is to decide, given the situation, what meaning the person is most likely conveying. Each story will be followed by 4 possible meaning interpretations listed from a to d. Read each story and choose the number corresponding to the most likely meaning. You can only answer with a, b, c, or d.
Context: He left the buffet feeling satiated.
Target utterance: He says: ""Truly a feast for the senses." "
What meaning is He most likely conveying?
a. The feast was celebrated every year in their village.
b. There had been very little worth eating at the buffet.
c. The buffet was a rich.
d. Diners often have a buffet.
Answer:

OUTPUT:
a


[GENERAL] Record #31 / 72
INPUT :
You will read short stories that describe everyday situations and which finish with a person saying something. Your task is to decide, given the situation, what meaning the person is most likely conveying. Each story will be followed by 4 possible meaning interpretations listed from a to d. Read each story and choose the number corresponding to the most likely meaning. You can only answer with a, b, c, or d.
Context: They left the picnic feeling full.
Target utterance: They say: ""Food for the soul.""
What meaning is They most likely conveying?
a. She always kept her soul music collection in good order.
b. There was barely anything to eat; they left unsatisfied.
c. The picnic was nourishing and genuinely enjoyable.
d. They spent the morning preparing sandwiches for the picnic.
Answer:

OUTPUT:
c


[GENERAL] Record #32 / 72
INPUT :
You will read short stories that describe everyday situations and which finish with a person saying something. Your task is to decide, given the situation, what meaning the person is most likely conveying. Each story will be followed by 4 possible meaning interpretations listed from a to d. Read each story and choose the number corresponding to the most likely meaning. You can only answer with a, b, c, or d.
Context: He looked at the empty plate in front of him and was full.
Target utterance: He says: ""No way I could eat more." "
What meaning is He most likely conveying?
a. The waiter had forgotten to fill his plate and he did not eat anything.
b. He went to a stylish pottery to buy a special plate.
c. His plate had been full with food and he ate it all up.
d. He prefers to eat his lunch alone.
Answer:

OUTPUT:
a


[GENERAL] Record #33 / 72
INPUT :
You will read short stories that describe everyday situations and which finish with a person saying something. Your task is to decide, given the situation, what meaning the person is most likely conveying. Each story will be followed by 4 possible meaning interpretations listed from a to d. Read each story and choose the number corresponding to the most likely meaning. You can only answer with a, b, c, or d.
Context: She walked into the library and it was loud.
Target utterance: She says: ""Perfect place to concentrate.""
What meaning is She most likely conveying?
a. The library was far too noisy to concentrate.
b. She looked for a new book in the library.
c. She asked her colleague for a place to concentrate.
d. The library was a calm and quiet environment.
Answer:

OUTPUT:
a


[GENERAL] Record #34 / 72
INPUT :
You will read short stories that describe everyday situations and which finish with a person saying something. Your task is to decide, given the situation, what meaning the person is most likely conveying. Each story will be followed by 4 possible meaning interpretations listed from a to d. Read each story and choose the number corresponding to the most likely meaning. You can only answer with a, b, c, or d.
Context: We came back from a concert which was loud.
Target utterance: I say: ""I've almost gone deaf.""
What meaning is She most likely conveying?
a. The concert was pretty loud.
b. The concert was surprisingly quiet.
c. My grandfather is deaf.
d. I was looking forward to the next concert.
Answer:

OUTPUT:
b


[GENERAL] Record #35 / 72
INPUT :
You will read short stories that describe everyday situations and which finish with a person saying something. Your task is to decide, given the situation, what meaning the person is most likely conveying. Each story will be followed by 4 possible meaning interpretations listed from a to d. Read each story and choose the number corresponding to the most likely meaning. You can only answer with a, b, c, or d.
Context:  She watched a movie in the theater and found it deafening.
Target utterance: She says: ""It was so difficult to hear.""
What meaning is She most likely conveying?
a. She generally has difficulties with her hearing.
b. The movie was too quiet to hear.
c. Watching a movie in the theater is a real event.
d. The movie was very loud.
Answer:

OUTPUT:
a


[GENERAL] Record #36 / 72
INPUT :
You will read short stories that describe everyday situations and which finish with a person saying something. Your task is to decide, given the situation, what meaning the person is most likely conveying. Each story will be followed by 4 possible meaning interpretations listed from a to d. Read each story and choose the number corresponding to the most likely meaning. You can only answer with a, b, c, or d.
Context: His neighbours' music was deafening.
Target utterance: He says: ""It seems like they are having a great party.""
What meaning is He most likely conveying?
a. He would expected to hear louder music from his neighbours' party.
b. He thinks that his neighbours' are having a great party with music.
c. He likes talking about pop music.
d. He is still unsure which party to vote for in the upcoming elections.
Answer:

OUTPUT:
b


[GENERAL] Record #37 / 72
INPUT :
You will read short stories that describe everyday situations and which finish with a person saying something. Your task is to decide, given the situation, what meaning the person is most likely conveying. Each story will be followed by 4 possible meaning interpretations listed from a to d. Read each story and choose the number corresponding to the most likely meaning. You can only answer with a, b, c, or d.
Context: She prepared easy questions for the students.
Target utterance: She says: ""I hope they're prepared for this.""
What meaning is She most likely conveying?
a. The questions were straightforward and required little effort.
b. She had never felt so well prepared for a meeting.
c. The questions required thorough preparation to answer.
d. She posted the question on the class forum.
Answer:

OUTPUT:
a


[GENERAL] Record #38 / 72
INPUT :
You will read short stories that describe everyday situations and which finish with a person saying something. Your task is to decide, given the situation, what meaning the person is most likely conveying. Each story will be followed by 4 possible meaning interpretations listed from a to d. Read each story and choose the number corresponding to the most likely meaning. You can only answer with a, b, c, or d.
Context: He booked an appointment through a system which was easy to use.
Target utterance: He says:  ""That was about as easy as it gets.""
What meaning is He most likely conveying?
a. He always found parallel parking easy as it gets.
b. Booking the appointment was straightforward and effortless.
c. Booking the appointment was frustrating and difficult.
d. He decided to cancel the appointment.
Answer:

OUTPUT:
b


[GENERAL] Record #39 / 72
INPUT :
You will read short stories that describe everyday situations and which finish with a person saying something. Your task is to decide, given the situation, what meaning the person is most likely conveying. Each story will be followed by 4 possible meaning interpretations listed from a to d. Read each story and choose the number corresponding to the most likely meaning. You can only answer with a, b, c, or d.
Context: They finished a trivial task for their maths lesson.
Target utterance: They say: ""We must be very smart.""
What meaning is They most likely conveying?
a. Anyone could have done the task, no special abilities required.
b. They were always smart about managing their money.
c. They were given another task after the math lesson.
d. Completing the task was a genuine sign of intelligence.
Answer:

OUTPUT:
a


[GENERAL] Record #40 / 72
INPUT :
You will read short stories that describe everyday situations and which finish with a person saying something. Your task is to decide, given the situation, what meaning the person is most likely conveying. Each story will be followed by 4 possible meaning interpretations listed from a to d. Read each story and choose the number corresponding to the most likely meaning. You can only answer with a, b, c, or d.
Context: He made a payment through a website which was trivial to use.
Target utterance: He says:  ""Technology at its finest.""
What meaning is He most likely conveying?
a. Making the payment was complicated and painful.
b. Making the payment was a smooth and effortless experience.
c. He always thought the finest restaurants required a reservation.
d. He decided to cancel the payment altogether.
Answer:

OUTPUT:
b


[GENERAL] Record #41 / 72
INPUT :
You will read short stories that describe everyday situations and which finish with a person saying something. Your task is to decide, given the situation, what meaning the person is most likely conveying. Each story will be followed by 4 possible meaning interpretations listed from a to d. Read each story and choose the number corresponding to the most likely meaning. You can only answer with a, b, c, or d.
Context: She finished cooking and the kitchen was dirty.
Target utterance: She says: ""I'm the sort of person who likes to keep things tidy.""
What meaning is She most likely conveying?
a. The apartment came with a fully equipped kitchen.
b. Her kitchen was a mess.
c. Children should regularly tidy up their rooms.
d. Her kitchen was tidy.
Answer:

OUTPUT:
b


[GENERAL] Record #42 / 72
INPUT :
You will read short stories that describe everyday situations and which finish with a person saying something. Your task is to decide, given the situation, what meaning the person is most likely conveying. Each story will be followed by 4 possible meaning interpretations listed from a to d. Read each story and choose the number corresponding to the most likely meaning. You can only answer with a, b, c, or d.
Context: They walked into the room and found it dirty.
Target utterance: They said: "“Looks like you didn’t wait too long to clean it.”"
What meaning is They most likely conveying?
a. The room was tidied up well before it got too messy.
b. They decided to book a different room altogether.
c. They never had to wait long for a table.
d. The room was left in a terrible state for far too long.
Answer:

OUTPUT:
a


[GENERAL] Record #43 / 72
INPUT :
You will read short stories that describe everyday situations and which finish with a person saying something. Your task is to decide, given the situation, what meaning the person is most likely conveying. Each story will be followed by 4 possible meaning interpretations listed from a to d. Read each story and choose the number corresponding to the most likely meaning. You can only answer with a, b, c, or d.
Context: The street was filthy.
Target utterance: They say:  ""Such a beautiful walk.""
What meaning is They most likely conveying?
a. The street was far from pretty.
b. They went for a walk in the park.
c. A dog was barking on the street.
d. The street was genuinely pleasant.
Answer:

OUTPUT:
a


[GENERAL] Record #44 / 72
INPUT :
You will read short stories that describe everyday situations and which finish with a person saying something. Your task is to decide, given the situation, what meaning the person is most likely conveying. Each story will be followed by 4 possible meaning interpretations listed from a to d. Read each story and choose the number corresponding to the most likely meaning. You can only answer with a, b, c, or d.
Context: The floor was filthy.
Target utterance: She says: ""You could practically eat off the floor here.""
What meaning is She most likely conveying?
a. The floor was very clean.
b. She could eat a whole cake.
c. The dance floor was very empty.
d. The floor was very dirty.
Answer:

OUTPUT:
d


[GENERAL] Record #45 / 72
INPUT :
You will read short stories that describe everyday situations and which finish with a person saying something. Your task is to decide, given the situation, what meaning the person is most likely conveying. Each story will be followed by 4 possible meaning interpretations listed from a to d. Read each story and choose the number corresponding to the most likely meaning. You can only answer with a, b, c, or d.
Context: They watched a funny movie.
Target utterance: They say: ""That was the perfect movie for a laugh.""
What meaning is They most likely conveying?
a. They saw three movies that week.
b. The movie wasn't amusing.
c. The movie was funny and great.
d. They had such a perfect night.
Answer:

OUTPUT:
c


[GENERAL] Record #46 / 72
INPUT :
You will read short stories that describe everyday situations and which finish with a person saying something. Your task is to decide, given the situation, what meaning the person is most likely conveying. Each story will be followed by 4 possible meaning interpretations listed from a to d. Read each story and choose the number corresponding to the most likely meaning. You can only answer with a, b, c, or d.
Context: The musical she watched was really funny.
Target utterance: She says: ""That cracked me up.""
What meaning is She most likely conveying?
a. The musical left her deeply moved.
b. The joke cracked everyone up.
c. The musical was purely for laughs.
d. She answered some questions about the musical.
Answer:

OUTPUT:
b


[GENERAL] Record #47 / 72
INPUT :
You will read short stories that describe everyday situations and which finish with a person saying something. Your task is to decide, given the situation, what meaning the person is most likely conveying. Each story will be followed by 4 possible meaning interpretations listed from a to d. Read each story and choose the number corresponding to the most likely meaning. You can only answer with a, b, c, or d.
Context: The situation was hilarious.
Target utterance: She says: ""Truly something to laugh about.""
What meaning is She most likely conveying?
a. The situation was far too serious.
b. She tried to make the best of the situation.
c. She always found it hard to laugh about things.
d. The situation was genuinely amusing.
Answer:

OUTPUT:
d


[GENERAL] Record #48 / 72
INPUT :
You will read short stories that describe everyday situations and which finish with a person saying something. Your task is to decide, given the situation, what meaning the person is most likely conveying. Each story will be followed by 4 possible meaning interpretations listed from a to d. Read each story and choose the number corresponding to the most likely meaning. You can only answer with a, b, c, or d.
Context: His talk was hilarious. 
Target utterance: Hey says: ""Wow, so many jokes in one talk.""
What meaning is He most likely conveying?
a. The talk contained humour.
b. He was a fan of old jokes.
c. He decided to cancel the talk.
d. The talk contained no humour.
Answer:

OUTPUT:
a


[GENERAL] Record #49 / 72
INPUT :
You will read short stories that describe everyday situations and which finish with a person saying something. Your task is to decide, given the situation, what meaning the person is most likely conveying. Each story will be followed by 4 possible meaning interpretations listed from a to d. Read each story and choose the number corresponding to the most likely meaning. You can only answer with a, b, c, or d.
Context: He had a good experience at the airport.
Target utterance: He says: ""A complete nightmare, really.""
What meaning is He most likely conveying?
a. The airport experience was enjoyable.
b. He decided to book a different airport transfer.
c. The airport experience was thoroughly unpleasant.
d. He came back from his trip exhausted.
Answer:

OUTPUT:
c


[GENERAL] Record #50 / 72
INPUT :
You will read short stories that describe everyday situations and which finish with a person saying something. Your task is to decide, given the situation, what meaning the person is most likely conveying. Each story will be followed by 4 possible meaning interpretations listed from a to d. Read each story and choose the number corresponding to the most likely meaning. You can only answer with a, b, c, or d.
Context: He studied hard for the exam, and the results were good.
Target utterance: He says: ""Well, this is amazing.""
What meaning is He most likely conveying?
a. He had one more exam this week.
b. The exam results were impressive
c. He always found art museums amazing.
d. The exam results were deeply disappointing.
Answer:

OUTPUT:
b


[GENERAL] Record #51 / 72
INPUT :
You will read short stories that describe everyday situations and which finish with a person saying something. Your task is to decide, given the situation, what meaning the person is most likely conveying. Each story will be followed by 4 possible meaning interpretations listed from a to d. Read each story and choose the number corresponding to the most likely meaning. You can only answer with a, b, c, or d.
Context: They left the play feeling excellent.
Target utterance: They said:  ""That wasn't fun at all.""
What meaning is They most likely conveying?
a. They had fun eating together.
b. They found the play entertaining.
c. They liked to watch a play in their favorite theatre.
d. They found the play dull.
Answer:

OUTPUT:
b


[GENERAL] Record #52 / 72
INPUT :
You will read short stories that describe everyday situations and which finish with a person saying something. Your task is to decide, given the situation, what meaning the person is most likely conveying. Each story will be followed by 4 possible meaning interpretations listed from a to d. Read each story and choose the number corresponding to the most likely meaning. You can only answer with a, b, c, or d.
Context: She had an excellent meal at a restaurant.
Target utterance: She says: ""That was a great restaurant visit.""
What meaning is She most likely conveying?
a. She found the whole meal disappointing.
b. She wanted to try the meal for months.
c. The rmeal was a genuinely enjoyable experience.
d. She always enjoyed a restaurant visit before a big day out.
Answer:

OUTPUT:
c


[GENERAL] Record #53 / 72
INPUT :
You will read short stories that describe everyday situations and which finish with a person saying something. Your task is to decide, given the situation, what meaning the person is most likely conveying. Each story will be followed by 4 possible meaning interpretations listed from a to d. Read each story and choose the number corresponding to the most likely meaning. You can only answer with a, b, c, or d.
Context: After the weather changed, the ground became wet.
Target utterance: She says: ""Perfect conditions for a picnic..""
What meaning is She most likely conveying?
a. She knelt in the mud to look closely at the earth.
b. The ground was dried out.
c. The ground was uneven where she stood.
d. The ground was moist and muddy after the rain.
Answer:

OUTPUT:
d


[GENERAL] Record #54 / 72
INPUT :
You will read short stories that describe everyday situations and which finish with a person saying something. Your task is to decide, given the situation, what meaning the person is most likely conveying. Each story will be followed by 4 possible meaning interpretations listed from a to d. Read each story and choose the number corresponding to the most likely meaning. You can only answer with a, b, c, or d.
Context: The garden was wet in the morning.
Target utterance: They said: ""That’s enough water for the day.""
What meaning is They most likely conveying?
a. The garden was struggling without any water.
b. The garden was just watered and needed to dry out.
c. They wanted a new water feature.
d. They played some boardgames in the garden.
Answer:

OUTPUT:
a


[GENERAL] Record #55 / 72
INPUT :
You will read short stories that describe everyday situations and which finish with a person saying something. Your task is to decide, given the situation, what meaning the person is most likely conveying. Each story will be followed by 4 possible meaning interpretations listed from a to d. Read each story and choose the number corresponding to the most likely meaning. You can only answer with a, b, c, or d.
Context: The field was soaked.
Target utterance: He says: ""Terrible news for anything trying to grow..""
What meaning is He most likely conveying?
a. He had been reading about different farming techniques.
b. He was considering buying a new tractor.
c. The plants had been wilting due to lack of water.
d. The plants had been getting plenty of moisture to grow.
Answer:

OUTPUT:
c


[GENERAL] Record #56 / 72
INPUT :
You will read short stories that describe everyday situations and which finish with a person saying something. Your task is to decide, given the situation, what meaning the person is most likely conveying. Each story will be followed by 4 possible meaning interpretations listed from a to d. Read each story and choose the number corresponding to the most likely meaning. You can only answer with a, b, c, or d.
Context: She saw her soaked hair.
Target utterance: She said: ""The rain really caught me by surprise.""
What meaning is She most likely conveying?
a. Her hair was soaking wet.
b. Her hair was completely dry.
c. She had her hair cut short last week.
d. They organised a surprise party for him.
Answer:

OUTPUT:
a


[GENERAL] Record #57 / 72
INPUT :
You will read short stories that describe everyday situations and which finish with a person saying something. Your task is to decide, given the situation, what meaning the person is most likely conveying. Each story will be followed by 4 possible meaning interpretations listed from a to d. Read each story and choose the number corresponding to the most likely meaning. You can only answer with a, b, c, or d.
Context: I wore a pretty outfit to attend the award ceremony.
Target utterance: I say: ""I really didn't try at all today.""
What meaning is I most likely conveying?
a. I admired the outfit.
b. I thought the outfit was ugly.
c. The comedians on the stage enjoyed themselves.
d. I received an amazing award.
Answer:

OUTPUT:
b


[GENERAL] Record #58 / 72
INPUT :
You will read short stories that describe everyday situations and which finish with a person saying something. Your task is to decide, given the situation, what meaning the person is most likely conveying. Each story will be followed by 4 possible meaning interpretations listed from a to d. Read each story and choose the number corresponding to the most likely meaning. You can only answer with a, b, c, or d.
Context: She saw a pretty car on the street.
Target utterance: She says: ""That’s a real beauty.""
What meaning is she most likely conveying?
a. She thought the painting was beautiful.
b. She had booked a car.
c. She thought the car was ugly.
d. She admired the car.
Answer:

OUTPUT:
d


[GENERAL] Record #59 / 72
INPUT :
You will read short stories that describe everyday situations and which finish with a person saying something. Your task is to decide, given the situation, what meaning the person is most likely conveying. Each story will be followed by 4 possible meaning interpretations listed from a to d. Read each story and choose the number corresponding to the most likely meaning. You can only answer with a, b, c, or d.
Context: He looked at a stunning painting.
Target utterance: He said: ""That's hard to look at.""
What meaning is He most likely conveying?
a. He gave her a stern look.
b. The painting was genuinely ugly.
c. The painting was genuinely beautiful.
d. They spent the weekend for this painting.
Answer:

OUTPUT:
b


[GENERAL] Record #60 / 72
INPUT :
You will read short stories that describe everyday situations and which finish with a person saying something. Your task is to decide, given the situation, what meaning the person is most likely conveying. Each story will be followed by 4 possible meaning interpretations listed from a to d. Read each story and choose the number corresponding to the most likely meaning. You can only answer with a, b, c, or d.
Context: They saw a stunning bird.
Target utterance: They said: ""A real eye-catcher.""
What meaning is They most likely conveying?
a. They thought the bird was beautiful.
b. They had a great time on a trip.
c. They thought the bird was not beautiful.
d. The bird looked at them really closely.
Answer:

OUTPUT:
a


[GENERAL] Record #61 / 72
INPUT :
You will read short stories that describe everyday situations and which finish with a person saying something. Your task is to decide, given the situation, what meaning the person is most likely conveying. Each story will be followed by 4 possible meaning interpretations listed from a to d. Read each story and choose the number corresponding to the most likely meaning. You can only answer with a, b, c, or d.
Context: I found a nice kettle which was expensive.
Target utterance: I said: ""What a steal.""
What meaning is I most likely conveying?
a. The kettle was expensive.
b. A thief tried to steal my bag.
c. The kettle was a real bargain.
d. The kettle boiled over..
Answer:

OUTPUT:
c


[GENERAL] Record #62 / 72
INPUT :
You will read short stories that describe everyday situations and which finish with a person saying something. Your task is to decide, given the situation, what meaning the person is most likely conveying. Each story will be followed by 4 possible meaning interpretations listed from a to d. Read each story and choose the number corresponding to the most likely meaning. You can only answer with a, b, c, or d.
Context: He broke an expensive vase.

Target utterance: He said: ""Well, there goes a priceless treasure""
What meaning is He most likely conveying?
a. The experience of breaking the vase was worth it.
b. The vase was worth a lot of money.
c. He went on a hike and picked up flowers.
d. The vase was not pricy.
Answer:

OUTPUT:
b


[GENERAL] Record #63 / 72
INPUT :
You will read short stories that describe everyday situations and which finish with a person saying something. Your task is to decide, given the situation, what meaning the person is most likely conveying. Each story will be followed by 4 possible meaning interpretations listed from a to d. Read each story and choose the number corresponding to the most likely meaning. You can only answer with a, b, c, or d.
Context: She was wearing overpriced perfume.
Target utterance: She said: ""Smells like it's from a gas station.""
What meaning is She most likely conveying?
a. The perfume was pricy.
b. The perfume was not pricy.
c. The fragrance label was worth reading.
d. The ocean was calm and quiet.
Answer:

OUTPUT:
a


[GENERAL] Record #64 / 72
INPUT :
You will read short stories that describe everyday situations and which finish with a person saying something. Your task is to decide, given the situation, what meaning the person is most likely conveying. Each story will be followed by 4 possible meaning interpretations listed from a to d. Read each story and choose the number corresponding to the most likely meaning. You can only answer with a, b, c, or d.
Context: She got an overpriced bag.
Target utterance: She said: ""Looks like a real designer piece.""
What meaning is She most likely conveying?
a. The bag was worth a lot.
b. She liked to wear that designer piece.
c. She had dark bags under her eyes.
d. The bag was worth very little.
Answer:

OUTPUT:
a


[GENERAL] Record #65 / 72
INPUT :
You will read short stories that describe everyday situations and which finish with a person saying something. Your task is to decide, given the situation, what meaning the person is most likely conveying. Each story will be followed by 4 possible meaning interpretations listed from a to d. Read each story and choose the number corresponding to the most likely meaning. You can only answer with a, b, c, or d.
Context: They moved into a big house.
Target utterance: They said: ""You can barely turn around in here.""
What meaning is They most likely conveying?
a. The house was red and blue.
b. They made a sharp turn at the end of the road.
c. The house felt cramped and tiny.
d. The house felt spacious and huge.
Answer:

OUTPUT:
c


[GENERAL] Record #66 / 72
INPUT :
You will read short stories that describe everyday situations and which finish with a person saying something. Your task is to decide, given the situation, what meaning the person is most likely conveying. Each story will be followed by 4 possible meaning interpretations listed from a to d. Read each story and choose the number corresponding to the most likely meaning. You can only answer with a, b, c, or d.
Context: They attended a concert at a big venue.
Target utterance: They said: ""What a massive event.""
What meaning is they most likely conveying?
a. They liked go to concerts.
b. They organized a massive event for dating.
c. They thought the concert was huge.
d. They thought the concert was small.
Answer:

OUTPUT:
c


[GENERAL] Record #67 / 72
INPUT :
You will read short stories that describe everyday situations and which finish with a person saying something. Your task is to decide, given the situation, what meaning the person is most likely conveying. Each story will be followed by 4 possible meaning interpretations listed from a to d. Read each story and choose the number corresponding to the most likely meaning. You can only answer with a, b, c, or d.
Context: She spotted a enormous spider.
Target utterance: She said: ""Almost didn't see it.""
What meaning is She most likely conveying?
a. She thought the spider was tiny.
b. She thought the spider was huge.
c. She went to see her doctor on Monday.
d. She drew a spider diagram to plan her essay.
Answer:

OUTPUT:
b


[GENERAL] Record #68 / 72
INPUT :
You will read short stories that describe everyday situations and which finish with a person saying something. Your task is to decide, given the situation, what meaning the person is most likely conveying. Each story will be followed by 4 possible meaning interpretations listed from a to d. Read each story and choose the number corresponding to the most likely meaning. You can only answer with a, b, c, or d.
Context: I met an enormous dog.
Target utterance: I said: ""He could swallow me whole.""
What meaning is I most likely conveying?
a. I swallowed a pill.
b. I thought the dog was huge.
c. The dog wore a collar.
d. I thought the dog was small.
Answer:

OUTPUT:
b


[GENERAL] Record #69 / 72
INPUT :
You will read short stories that describe everyday situations and which finish with a person saying something. Your task is to decide, given the situation, what meaning the person is most likely conveying. Each story will be followed by 4 possible meaning interpretations listed from a to d. Read each story and choose the number corresponding to the most likely meaning. You can only answer with a, b, c, or d.
Context: She jumped into a warm pool.
Target utterance: She said:  ""One could catch a cold in here.""
What meaning is She most likely conveying?
a. She liked to chill on that sofa after work.
b. The pool was super cold.
c. She played a game of pool in the bar.
d. The pool was super warm.
Answer:

OUTPUT:
b


[GENERAL] Record #70 / 72
INPUT :
You will read short stories that describe everyday situations and which finish with a person saying something. Your task is to decide, given the situation, what meaning the person is most likely conveying. Each story will be followed by 4 possible meaning interpretations listed from a to d. Read each story and choose the number corresponding to the most likely meaning. You can only answer with a, b, c, or d.
Context: He went to the beach, and the weather was warm.
Target utterance: He said: ""Couldn't have asked for better weather.""
What meaning is he most likely conveying?
a. The weather conditions were awful.
b. The weather conditions were perfect.
c. He meant to harvest the houseplants, but forgot about it.
d. The delivery driver arrived in heavy rain.
Answer:

OUTPUT:
b


[GENERAL] Record #71 / 72
INPUT :
You will read short stories that describe everyday situations and which finish with a person saying something. Your task is to decide, given the situation, what meaning the person is most likely conveying. Each story will be followed by 4 possible meaning interpretations listed from a to d. Read each story and choose the number corresponding to the most likely meaning. You can only answer with a, b, c, or d.
Context: I walked into a hot room. 
Target utterance: I said:  ""Feels like the North Pole in here.""
What meaning is I most likely conveying?
a. I leaned the fishing pole against the wall.
b. There wasn't enough room in the car for everyone.
c. The room was freezing cold.
d. The room was really warm.
Answer:

OUTPUT:
c


[GENERAL] Record #72 / 72
INPUT :
You will read short stories that describe everyday situations and which finish with a person saying something. Your task is to decide, given the situation, what meaning the person is most likely conveying. Each story will be followed by 4 possible meaning interpretations listed from a to d. Read each story and choose the number corresponding to the most likely meaning. You can only answer with a, b, c, or d.
Context: She took a sip of the hot coffee.
Target utterance: She said: ""This is what freshly made coffee tastes like.""
What meaning is she most likely conveying?
a. She did an experiment in health science.
b. Her coffee tasted like fresh mint.
c. Her coffee did not taste good.
d. Her coffee was delicious.
Answer:

OUTPUT:
d

✓ Results saved to: ./outputs/general/Gemma-3-1B/Gemma-3-1B_Condition1B_context_richness_stimuli_run1.csv

--- Run 2/4 (72 items) ---

──────────────────────────────────────────────────
Running prompt: general
──────────────────────────────────────────────────

[GENERAL] Record #1 / 72
INPUT :
You will read short stories that describe everyday situations and which finish with a person saying something. Your task is to decide, given the situation, what meaning the person is most likely conveying. Each story will be followed by 4 possible meaning interpretations listed from a to d. Read each story and choose the number corresponding to the most likely meaning. You can only answer with a, b, c, or d.
Context: He lifted the thin cat from the table.
Target utterance: He said:  ""That was easy!""
What meaning is He most likely conveying?
a. The cat was really hard to lift up.
b. The exam was really easy.
c. He just got a great deal on a cat bed.
d. The cat was easy to lift up.
Answer:

OUTPUT:
d


[GENERAL] Record #2 / 72
INPUT :
You will read short stories that describe everyday situations and which finish with a person saying something. Your task is to decide, given the situation, what meaning the person is most likely conveying. Each story will be followed by 4 possible meaning interpretations listed from a to d. Read each story and choose the number corresponding to the most likely meaning. You can only answer with a, b, c, or d.
Context: She picked up her skinny dog.
Target utterance: She said: ""Heaviest dog ever.""
What meaning is She most likely conveying?
a. It was the heaviest package she ever carried.
b. The dog was really heavy to pick up.
c. The dog was very light to pick up.
d. She just adopted a new dog.
Answer:

OUTPUT:
b


[GENERAL] Record #3 / 72
INPUT :
You will read short stories that describe everyday situations and which finish with a person saying something. Your task is to decide, given the situation, what meaning the person is most likely conveying. Each story will be followed by 4 possible meaning interpretations listed from a to d. Read each story and choose the number corresponding to the most likely meaning. You can only answer with a, b, c, or d.
Context: They lift their skinny friend.
Target utterance: They said: ""Light as a feather.""
What meaning is They most likely conveying?
a. Getting their friend off the ground took a lot of effort.
b. Their friend was very easy to lift.
c. They decided to go out for dinner with their friend.
d. The feather fell gently to the ground.
Answer:

OUTPUT:
b


[GENERAL] Record #4 / 72
INPUT :
You will read short stories that describe everyday situations and which finish with a person saying something. Your task is to decide, given the situation, what meaning the person is most likely conveying. Each story will be followed by 4 possible meaning interpretations listed from a to d. Read each story and choose the number corresponding to the most likely meaning. You can only answer with a, b, c, or d.
Context: I held my thin nephew in my arms.
Target utterance: I said: ""Heavier than an elephant.""
What meaning is I most likely conveying?
a. My nephew ate a burger that day.
b. Holding my nephew took nothing of my strength.
c. The elephant lumbered slowly across the plain.
d. Holding my nephew took all my strength.
Answer:

OUTPUT:
d


[GENERAL] Record #5 / 72
INPUT :
You will read short stories that describe everyday situations and which finish with a person saying something. Your task is to decide, given the situation, what meaning the person is most likely conveying. Each story will be followed by 4 possible meaning interpretations listed from a to d. Read each story and choose the number corresponding to the most likely meaning. You can only answer with a, b, c, or d.
Context: She ate an unpleasant cake.
Target utterance: She said: ""What an amazing flavour.""
What meaning is She most likely conveying?
a. The cake had three candles on top.
b. The cake tasted really bad.
c. The cake tasted really good.
d. The soup smelled absolutely delicious
Answer:

OUTPUT:
b


[GENERAL] Record #6 / 72
INPUT :
You will read short stories that describe everyday situations and which finish with a person saying something. Your task is to decide, given the situation, what meaning the person is most likely conveying. Each story will be followed by 4 possible meaning interpretations listed from a to d. Read each story and choose the number corresponding to the most likely meaning. You can only answer with a, b, c, or d.
Context: He swallowed the medicine and found it disgusting.
Target utterance: He said: ""Tastier than expected.""
What meaning is He most likely conveying?
a. The cake was tastier than expected.
b. The medicine tasted surprisingly pleasant.
c. He kept the medicine in the bathroom cabinet.
d. The medicine tasted absolutely awful.
Answer:

OUTPUT:
b


[GENERAL] Record #7 / 72
INPUT :
You will read short stories that describe everyday situations and which finish with a person saying something. Your task is to decide, given the situation, what meaning the person is most likely conveying. Each story will be followed by 4 possible meaning interpretations listed from a to d. Read each story and choose the number corresponding to the most likely meaning. You can only answer with a, b, c, or d.
Context: I took a sip of my smoothie and found it disgusting.
Target utterance: I said: ""What a treat.""
What meaning is I most likely conveying?
a. The smoothie was thoroughly nasty.
b. The smoothie was thoroughly enjoyable.
c. She gave the dog a treat.
d. She was looking for a new smoothie recipe.
Answer:

OUTPUT:
a


[GENERAL] Record #8 / 72
INPUT :
You will read short stories that describe everyday situations and which finish with a person saying something. Your task is to decide, given the situation, what meaning the person is most likely conveying. Each story will be followed by 4 possible meaning interpretations listed from a to d. Read each story and choose the number corresponding to the most likely meaning. You can only answer with a, b, c, or d.
Context: They ate an unpleasant burger.
Target utterance: They said: ""This burger tasted like heaven.""
What meaning is They most likely conveying?
a. They could barely force themselves to swallow the burger.
b. The burger was the most expensive item on the menu.
c. They liked the burger more than the pizza.
d. They liked every single bite of the burger.
Answer:

OUTPUT:
d


[GENERAL] Record #9 / 72
INPUT :
You will read short stories that describe everyday situations and which finish with a person saying something. Your task is to decide, given the situation, what meaning the person is most likely conveying. Each story will be followed by 4 possible meaning interpretations listed from a to d. Read each story and choose the number corresponding to the most likely meaning. You can only answer with a, b, c, or d.
Context: They hired a scared babysitter.
Target utterance: They said: ""The kids are not safe at all.""
What meaning is They most likely conveying?
a. The babysitter was not taking good care of the kids.
b. The kids had very clean hands.
c. The babysitter was taking good care of the kids.
d. The babysitter parked her car outside.
Answer:

OUTPUT:
a


[GENERAL] Record #10 / 72
INPUT :
You will read short stories that describe everyday situations and which finish with a person saying something. Your task is to decide, given the situation, what meaning the person is most likely conveying. Each story will be followed by 4 possible meaning interpretations listed from a to d. Read each story and choose the number corresponding to the most likely meaning. You can only answer with a, b, c, or d.
Context: They met a petrified police officer.
Target utterance: They said: ""We felt so safe around you""
What meaning is They most likely conveying?
a. The police officer made them feel very safe.
b. The police officer drank a cup of coffee.
c. They were sitting in a very safe seat.
d. The police officer did not make them feel safe at all.
Answer:

OUTPUT:
a


[GENERAL] Record #11 / 72
INPUT :
You will read short stories that describe everyday situations and which finish with a person saying something. Your task is to decide, given the situation, what meaning the person is most likely conveying. Each story will be followed by 4 possible meaning interpretations listed from a to d. Read each story and choose the number corresponding to the most likely meaning. You can only answer with a, b, c, or d.
Context: She noticed the petrified pilot before boarding.
Target utterance: She said: ""That really shook me up.""
What meaning is She most likely conveying?
a. Seeing the pilot made her feel even more anxious.
b. She settled into her seat and fastened the belt.
c. She dated a pilot for several months.
d. Seeing the pilot put her completely at ease.
Answer:

OUTPUT:
a


[GENERAL] Record #12 / 72
INPUT :
You will read short stories that describe everyday situations and which finish with a person saying something. Your task is to decide, given the situation, what meaning the person is most likely conveying. Each story will be followed by 4 possible meaning interpretations listed from a to d. Read each story and choose the number corresponding to the most likely meaning. You can only answer with a, b, c, or d.
Context: He saw his scared father.
Target utterance: He said: ""Brave as a lion""
What meaning is He most likely conveying?
a. His father wore a blue jacket.
b. His father showed no fear at all.
c. The lion prowled across the savannah.
d. His father's face was full of fear.
Answer:

OUTPUT:
b


[GENERAL] Record #13 / 72
INPUT :
You will read short stories that describe everyday situations and which finish with a person saying something. Your task is to decide, given the situation, what meaning the person is most likely conveying. Each story will be followed by 4 possible meaning interpretations listed from a to d. Read each story and choose the number corresponding to the most likely meaning. You can only answer with a, b, c, or d.
Context: He saw his tired girlfriend.
Target utterance: He said: ""You look like you've been awake since birth.""
What meaning is He most likely conveying?
a. To him, his girlfriend looked well-rested and full of energy.
b. He had just bought her a refreshing cold drink.
c. His girlfriend clearly looked worn out, not refreshed at all.
d. He was planning to surprise his girlfriend with a home-cooked meal.
Answer:

OUTPUT:
c


[GENERAL] Record #14 / 72
INPUT :
You will read short stories that describe everyday situations and which finish with a person saying something. Your task is to decide, given the situation, what meaning the person is most likely conveying. Each story will be followed by 4 possible meaning interpretations listed from a to d. Read each story and choose the number corresponding to the most likely meaning. You can only answer with a, b, c, or d.
Context: She saw her exhausted colleague.
Target utterance: She said: ""You seem so full of energy today.""
What meaning is She most likely conveying?
a. Her colleague seemed very energetic today.
b. Her colleague seemed very tired today.
c. She filled up the car with energy.
d. She was redecorating the office of her colleague.
Answer:

OUTPUT:
a


[GENERAL] Record #15 / 72
INPUT :
You will read short stories that describe everyday situations and which finish with a person saying something. Your task is to decide, given the situation, what meaning the person is most likely conveying. Each story will be followed by 4 possible meaning interpretations listed from a to d. Read each story and choose the number corresponding to the most likely meaning. You can only answer with a, b, c, or d.
Context: After the sleepover, they were exhausted.
Target utterance: They said:  ""We never felt more tired in our lifes.""
What meaning is They most likely conveying?
a. They did sleep overs once a year.
b. They felt very well-rested after the sleepover.
c. They felt really exhausted after the sleepover.
d. They rested the heavy boxes on the floor.
Answer:

OUTPUT:
c


[GENERAL] Record #16 / 72
INPUT :
You will read short stories that describe everyday situations and which finish with a person saying something. Your task is to decide, given the situation, what meaning the person is most likely conveying. Each story will be followed by 4 possible meaning interpretations listed from a to d. Read each story and choose the number corresponding to the most likely meaning. You can only answer with a, b, c, or d.
Context: Right before my exam, I felt really tired.
Target utterance: I said: ""I have never felt more ready.""
What meaning is I most likely conveying?
a. The exam started at nine o'clock.
b. Deep down I felt completely unprepared for the exam.
c. I felt fully prepared and ready for the exam.
d. Dinner was ready by seven o'clock.
Answer:

OUTPUT:
b


[GENERAL] Record #17 / 72
INPUT :
You will read short stories that describe everyday situations and which finish with a person saying something. Your task is to decide, given the situation, what meaning the person is most likely conveying. Each story will be followed by 4 possible meaning interpretations listed from a to d. Read each story and choose the number corresponding to the most likely meaning. You can only answer with a, b, c, or d.
Context: She had a new idea.
Target utterance: She said: ""Truly ahead of its time.""
What meaning is She most likely conveying?
a. Her idea was outdated.
b. Her idea was innovative.
c. She had arrived early.
d. She had the idea to redecorate her office.
Answer:

OUTPUT:
b


[GENERAL] Record #18 / 72
INPUT :
You will read short stories that describe everyday situations and which finish with a person saying something. Your task is to decide, given the situation, what meaning the person is most likely conveying. Each story will be followed by 4 possible meaning interpretations listed from a to d. Read each story and choose the number corresponding to the most likely meaning. You can only answer with a, b, c, or d.
Context: It was a novel approach.
Target utterance: He said: ""How refreshingly innovative.""
What meaning is He most likely conveying?
a. In his view, it was a stale approach he had seen many times before.
b. Refreshments were served at the end of the presentation.
c. He researched new approaches for several months.
d. He found the approach genuinely new and creative.
Answer:

OUTPUT:
d


[GENERAL] Record #19 / 72
INPUT :
You will read short stories that describe everyday situations and which finish with a person saying something. Your task is to decide, given the situation, what meaning the person is most likely conveying. Each story will be followed by 4 possible meaning interpretations listed from a to d. Read each story and choose the number corresponding to the most likely meaning. You can only answer with a, b, c, or d.
Context: The tradition was novel.
Target utterance: She said: ""How wonderfully timeless.""
What meaning is She most likely conveying?
a. To her, the tradition felt stale and long past its use.
b. She found the tradition beautifully enduring and meaningful.
c. The clock ticked for over a century.
d. She read about the tradition in a local history book.
Answer:

OUTPUT:
a


[GENERAL] Record #20 / 72
INPUT :
You will read short stories that describe everyday situations and which finish with a person saying something. Your task is to decide, given the situation, what meaning the person is most likely conveying. Each story will be followed by 4 possible meaning interpretations listed from a to d. Read each story and choose the number corresponding to the most likely meaning. You can only answer with a, b, c, or d.
Context: She bought a new car.
Target utterance: She says: ""I just love the new car smell.""
What meaning is She most likely conveying?
a. She took her car to the gas station.
b. She could smell what her husband was cooking.
c. She was disappointed with the smell of her car.
d. She liked the smell of her car.
Answer:

OUTPUT:
d


[GENERAL] Record #21 / 72
INPUT :
You will read short stories that describe everyday situations and which finish with a person saying something. Your task is to decide, given the situation, what meaning the person is most likely conveying. Each story will be followed by 4 possible meaning interpretations listed from a to d. Read each story and choose the number corresponding to the most likely meaning. You can only answer with a, b, c, or d.
Context: She left the birthday party feeling sad.
Target utterance: She says: ""Truly a night to remember.""
What meaning is She most likely conveying?
a. The birthday party was a great success.
b. She planned her next birthday party.
c. She had trouble remembering things.
d. The birthday party was a disappointment.
Answer:

OUTPUT:
d


[GENERAL] Record #22 / 72
INPUT :
You will read short stories that describe everyday situations and which finish with a person saying something. Your task is to decide, given the situation, what meaning the person is most likely conveying. Each story will be followed by 4 possible meaning interpretations listed from a to d. Read each story and choose the number corresponding to the most likely meaning. You can only answer with a, b, c, or d.
Context: She left the wedding feeling miserable.
Target utterance: She says: ""What a magical day.""
What meaning is She most likely conveying?
a. The magician wowed all the guests at the reception.
b. She helped organise the flowers for the wedding beforehand.
c. The wedding had been a dull, disappointing event from start to finish.
d. The wedding was a beautiful and enchanting occasion.
Answer:

OUTPUT:
c


[GENERAL] Record #23 / 72
INPUT :
You will read short stories that describe everyday situations and which finish with a person saying something. Your task is to decide, given the situation, what meaning the person is most likely conveying. Each story will be followed by 4 possible meaning interpretations listed from a to d. Read each story and choose the number corresponding to the most likely meaning. You can only answer with a, b, c, or d.
Context: They left the cinema feeling miserable .
Target utterance: They say: ""What a painfull film.""
What meaning is They most likely conveying?
a. The injection was over quickly, but it was painful.
b. They had found the film dull from start to finish.
c. They went to the same cinema as always.
d. They had found the film funny from start to finish.
Answer:

OUTPUT:
b


[GENERAL] Record #24 / 72
INPUT :
You will read short stories that describe everyday situations and which finish with a person saying something. Your task is to decide, given the situation, what meaning the person is most likely conveying. Each story will be followed by 4 possible meaning interpretations listed from a to d. Read each story and choose the number corresponding to the most likely meaning. You can only answer with a, b, c, or d.
Context: She received a message and was sad.
Target utterance: She says: ""These are amazing news.""
What meaning is She most likely conveying?
a. The message brought good news.
b. What she read was news to her.
c. She wanted to send a message.
d. The message brought negative news.
Answer:

OUTPUT:
a


[GENERAL] Record #25 / 72
INPUT :
You will read short stories that describe everyday situations and which finish with a person saying something. Your task is to decide, given the situation, what meaning the person is most likely conveying. Each story will be followed by 4 possible meaning interpretations listed from a to d. Read each story and choose the number corresponding to the most likely meaning. You can only answer with a, b, c, or d.
Context: Her answers in the exam were stupid.
Target utterance: She says: ""What a genius.""
What meaning is She most likely conveying?
a. She studied for her next exam.
b. Her exam answers were impressively smart.
c. Her exam answers were embarrassingly poor.
d. She had a high IQ.
Answer:

OUTPUT:
b


[GENERAL] Record #26 / 72
INPUT :
You will read short stories that describe everyday situations and which finish with a person saying something. Your task is to decide, given the situation, what meaning the person is most likely conveying. Each story will be followed by 4 possible meaning interpretations listed from a to d. Read each story and choose the number corresponding to the most likely meaning. You can only answer with a, b, c, or d.
Context: Their colleague's suggestion was idiotic.
Target utterance: They said: ""We really had luck with that one.""
What meaning is They most likely conveying?
a. They got lucky at the casino.
b. They thought that every project starts with a suggestion.
c. As far as they were concerned, it was a poor suggestion.
d. They were genuinely fortunate to have such a strong suggestion.
Answer:

OUTPUT:
a


[GENERAL] Record #27 / 72
INPUT :
You will read short stories that describe everyday situations and which finish with a person saying something. Your task is to decide, given the situation, what meaning the person is most likely conveying. Each story will be followed by 4 possible meaning interpretations listed from a to d. Read each story and choose the number corresponding to the most likely meaning. You can only answer with a, b, c, or d.
Context: His argument in the debate was idiotic.
Target utterance: She says: ""What a master of rhetoric.""
What meaning is She most likely conveying?
a. Sokrates was a master of rhetoric.
b. His argument was strong and well presented.
c. She had an argument with him that night.
d. His argument was weak and poorly constructed.
Answer:

OUTPUT:
a


[GENERAL] Record #28 / 72
INPUT :
You will read short stories that describe everyday situations and which finish with a person saying something. Your task is to decide, given the situation, what meaning the person is most likely conveying. Each story will be followed by 4 possible meaning interpretations listed from a to d. Read each story and choose the number corresponding to the most likely meaning. You can only answer with a, b, c, or d.
Context: His business plan was stupid.
Target utterance: She says: ""We will make lots of money with this.""
What meaning is He most likely conveying?
a. She was interested in making lots of money.
b. He asked a colleague for help with his business plan.
c. She believed that his business plan would be successful.
d. She believed that his business plan would fail.
Answer:

OUTPUT:
a


[GENERAL] Record #29 / 72
INPUT :
You will read short stories that describe everyday situations and which finish with a person saying something. Your task is to decide, given the situation, what meaning the person is most likely conveying. Each story will be followed by 4 possible meaning interpretations listed from a to d. Read each story and choose the number corresponding to the most likely meaning. You can only answer with a, b, c, or d.
Context: After the restaurant visit he was hungry.
Target utterance: He says: ""Best dinner ever.""
What meaning is He most likely conveying?
a. He looked forward to this restaurant visit for weeks.
b. The restaurant visit was genuinely outstanding.
c. The restaurant visit was a real disappointment.
d. It was the best-reviewed dinner spot in the whole city.
Answer:

OUTPUT:
b


[GENERAL] Record #30 / 72
INPUT :
You will read short stories that describe everyday situations and which finish with a person saying something. Your task is to decide, given the situation, what meaning the person is most likely conveying. Each story will be followed by 4 possible meaning interpretations listed from a to d. Read each story and choose the number corresponding to the most likely meaning. You can only answer with a, b, c, or d.
Context: He left the buffet feeling starving.
Target utterance: He says: ""Truly a feast for the senses." "
What meaning is He most likely conveying?
a. The buffet was a rich.
b. Diners often have a buffet.
c. There had been very little worth eating at the buffet.
d. The feast was celebrated every year in their village.
Answer:

OUTPUT:
a


[GENERAL] Record #31 / 72
INPUT :
You will read short stories that describe everyday situations and which finish with a person saying something. Your task is to decide, given the situation, what meaning the person is most likely conveying. Each story will be followed by 4 possible meaning interpretations listed from a to d. Read each story and choose the number corresponding to the most likely meaning. You can only answer with a, b, c, or d.
Context: They left the picnic feeling starving.
Target utterance: They say: ""Food for the soul.""
What meaning is They most likely conveying?
a. She always kept her soul music collection in good order.
b. There was barely anything to eat; they left unsatisfied.
c. They spent the morning preparing sandwiches for the picnic.
d. The picnic was nourishing and genuinely enjoyable.
Answer:

OUTPUT:
b


[GENERAL] Record #32 / 72
INPUT :
You will read short stories that describe everyday situations and which finish with a person saying something. Your task is to decide, given the situation, what meaning the person is most likely conveying. Each story will be followed by 4 possible meaning interpretations listed from a to d. Read each story and choose the number corresponding to the most likely meaning. You can only answer with a, b, c, or d.
Context: He looked at the empty plate in front of him and was hungry.
Target utterance: He says: ""No way I could eat more." "
What meaning is He most likely conveying?
a. He prefers to eat his lunch alone.
b. His plate had been full with food and he ate it all up.
c. He went to a stylish pottery to buy a special plate.
d. The waiter had forgotten to fill his plate and he did not eat anything.
Answer:

OUTPUT:
a


[GENERAL] Record #33 / 72
INPUT :
You will read short stories that describe everyday situations and which finish with a person saying something. Your task is to decide, given the situation, what meaning the person is most likely conveying. Each story will be followed by 4 possible meaning interpretations listed from a to d. Read each story and choose the number corresponding to the most likely meaning. You can only answer with a, b, c, or d.
Context: She walked into the library and it was quiet.
Target utterance: She says: ""Perfect place to concentrate.""
What meaning is She most likely conveying?
a. The library was a calm and quiet environment.
b. She looked for a new book in the library.
c. The library was far too noisy to concentrate.
d. She asked her colleague for a place to concentrate.
Answer:

OUTPUT:
a


[GENERAL] Record #34 / 72
INPUT :
You will read short stories that describe everyday situations and which finish with a person saying something. Your task is to decide, given the situation, what meaning the person is most likely conveying. Each story will be followed by 4 possible meaning interpretations listed from a to d. Read each story and choose the number corresponding to the most likely meaning. You can only answer with a, b, c, or d.
Context: We came back from a concert which was inaudible.
Target utterance: I say: ""I've almost gone deaf.""
What meaning is She most likely conveying?
a. I was looking forward to the next concert.
b. The concert was pretty loud.
c. My grandfather is deaf.
d. The concert was surprisingly quiet.
Answer:

OUTPUT:
d


[GENERAL] Record #35 / 72
INPUT :
You will read short stories that describe everyday situations and which finish with a person saying something. Your task is to decide, given the situation, what meaning the person is most likely conveying. Each story will be followed by 4 possible meaning interpretations listed from a to d. Read each story and choose the number corresponding to the most likely meaning. You can only answer with a, b, c, or d.
Context:  She watched a movie in the theater and found it inaudible.
Target utterance: She says: ""It was so difficult to hear.""
What meaning is She most likely conveying?
a. Watching a movie in the theater is a real event.
b. The movie was too quiet to hear.
c. The movie was very loud.
d. She generally has difficulties with her hearing.
Answer:

OUTPUT:
b


[GENERAL] Record #36 / 72
INPUT :
You will read short stories that describe everyday situations and which finish with a person saying something. Your task is to decide, given the situation, what meaning the person is most likely conveying. Each story will be followed by 4 possible meaning interpretations listed from a to d. Read each story and choose the number corresponding to the most likely meaning. You can only answer with a, b, c, or d.
Context: His neighbours' music was quiet.
Target utterance: He says: ""It seems like they are having a great party.""
What meaning is He most likely conveying?
a. He expected to hear louder music from his neighbours' party.
b. He is still unsure which party to vote for in the upcoming elections.
c. He likes talking about pop music.
d. He thinks that his neighbours' are playing music for a party.
Answer:

OUTPUT:
d


[GENERAL] Record #37 / 72
INPUT :
You will read short stories that describe everyday situations and which finish with a person saying something. Your task is to decide, given the situation, what meaning the person is most likely conveying. Each story will be followed by 4 possible meaning interpretations listed from a to d. Read each story and choose the number corresponding to the most likely meaning. You can only answer with a, b, c, or d.
Context: She prepared difficult questions for the students.
Target utterance: She says: ""I hope they're prepared for this.""
What meaning is She most likely conveying?
a. She had never felt so well prepared for a meeting.
b. The questions were straightforward and required little effort.
c. She posted the question on the class forum.
d. The questions required thorough preparation to answer.
Answer:

OUTPUT:
d


[GENERAL] Record #38 / 72
INPUT :
You will read short stories that describe everyday situations and which finish with a person saying something. Your task is to decide, given the situation, what meaning the person is most likely conveying. Each story will be followed by 4 possible meaning interpretations listed from a to d. Read each story and choose the number corresponding to the most likely meaning. You can only answer with a, b, c, or d.
Context: He booked an appointment through a system which was impossible to use.
Target utterance: He says:  ""That was about as easy as it gets.""
What meaning is He most likely conveying?
a. Booking the appointment was frustrating and difficult.
b. Booking the appointment was straightforward and effortless.
c. He always found parallel parking easy as it gets.
d. He decided to cancel the appointment.
Answer:

OUTPUT:
a


[GENERAL] Record #39 / 72
INPUT :
You will read short stories that describe everyday situations and which finish with a person saying something. Your task is to decide, given the situation, what meaning the person is most likely conveying. Each story will be followed by 4 possible meaning interpretations listed from a to d. Read each story and choose the number corresponding to the most likely meaning. You can only answer with a, b, c, or d.
Context: They finished an impossible task for their maths lesson.
Target utterance: They say: ""We must be very smart.""
What meaning is They most likely conveying?
a. Anyone could have done the task, no special abilities required.
b. Completing the task was a genuine sign of intelligence.
c. They were always smart about managing their money.
d. They were given another task after the math lesson.
Answer:

OUTPUT:
a


[GENERAL] Record #40 / 72
INPUT :
You will read short stories that describe everyday situations and which finish with a person saying something. Your task is to decide, given the situation, what meaning the person is most likely conveying. Each story will be followed by 4 possible meaning interpretations listed from a to d. Read each story and choose the number corresponding to the most likely meaning. You can only answer with a, b, c, or d.
Context: He made a payment through a website which was difficult to use.
Target utterance: He says:  ""Technology at its finest.""
What meaning is He most likely conveying?
a. He decided to cancel the payment altogether.
b. He always thought the finest restaurants required a reservation.
c. Making the payment was complicated and painful.
d. Making the payment was a smooth and effortless experience.
Answer:

OUTPUT:
c


[GENERAL] Record #41 / 72
INPUT :
You will read short stories that describe everyday situations and which finish with a person saying something. Your task is to decide, given the situation, what meaning the person is most likely conveying. Each story will be followed by 4 possible meaning interpretations listed from a to d. Read each story and choose the number corresponding to the most likely meaning. You can only answer with a, b, c, or d.
Context: She finished cooking and the kitchen was clean.
Target utterance: She says: ""I'm the sort of person who likes to keep things tidy.""
What meaning is She most likely conveying?
a. The apartment came with a fully equipped kitchen.
b. Children should regularly tidy up their rooms.
c. Her kitchen was a mess.
d. Her kitchen was tidy.
Answer:

OUTPUT:
d


[GENERAL] Record #42 / 72
INPUT :
You will read short stories that describe everyday situations and which finish with a person saying something. Your task is to decide, given the situation, what meaning the person is most likely conveying. Each story will be followed by 4 possible meaning interpretations listed from a to d. Read each story and choose the number corresponding to the most likely meaning. You can only answer with a, b, c, or d.
Context: They walked into the room and found it pristine.
Target utterance: They said: "“Looks like you didn’t wait too long to clean it.”"
What meaning is They most likely conveying?
a. They decided to book a different room altogether.
b. The room was tidied up well before it got too messy.
c. The room was left in a terrible state for far too long.
d. They never had to wait long for a table.
Answer:

OUTPUT:
b


[GENERAL] Record #43 / 72
INPUT :
You will read short stories that describe everyday situations and which finish with a person saying something. Your task is to decide, given the situation, what meaning the person is most likely conveying. Each story will be followed by 4 possible meaning interpretations listed from a to d. Read each story and choose the number corresponding to the most likely meaning. You can only answer with a, b, c, or d.
Context: The street was pristine.
Target utterance: They say:  ""Such a beautiful walk.""
What meaning is They most likely conveying?
a. The street was far from pretty.
b. A dog was barking on the street.
c. They went for a walk in the park.
d. The street was genuinely pleasant.
Answer:

OUTPUT:
d


[GENERAL] Record #44 / 72
INPUT :
You will read short stories that describe everyday situations and which finish with a person saying something. Your task is to decide, given the situation, what meaning the person is most likely conveying. Each story will be followed by 4 possible meaning interpretations listed from a to d. Read each story and choose the number corresponding to the most likely meaning. You can only answer with a, b, c, or d.
Context: The floor was clean.
Target utterance: She says: ""You could practically eat off the floor here.""
What meaning is She most likely conveying?
a. The dance floor was very empty.
b. The floor was very dirty.
c. She could eat a whole cake.
d. The floor was very clean.
Answer:

OUTPUT:
b


[GENERAL] Record #45 / 72
INPUT :
You will read short stories that describe everyday situations and which finish with a person saying something. Your task is to decide, given the situation, what meaning the person is most likely conveying. Each story will be followed by 4 possible meaning interpretations listed from a to d. Read each story and choose the number corresponding to the most likely meaning. You can only answer with a, b, c, or d.
Context: They watched a serious movie.
Target utterance: They say: ""That was the perfect movie for a laugh.""
What meaning is They most likely conveying?
a. They had such a perfect night.
b. The movie wasn't amusing.
c. The movie was funny and great.
d. They saw three movies that week.
Answer:

OUTPUT:
c


[GENERAL] Record #46 / 72
INPUT :
You will read short stories that describe everyday situations and which finish with a person saying something. Your task is to decide, given the situation, what meaning the person is most likely conveying. Each story will be followed by 4 possible meaning interpretations listed from a to d. Read each story and choose the number corresponding to the most likely meaning. You can only answer with a, b, c, or d.
Context: The musical she watched was really grim.
Target utterance: She says: ""That cracked me up.""
What meaning is She most likely conveying?
a. The musical was purely for laughs.
b. She answered some questions about the musical.
c. The musical left her deeply moved.
d. The joke cracked everyone up.
Answer:

OUTPUT:
d


[GENERAL] Record #47 / 72
INPUT :
You will read short stories that describe everyday situations and which finish with a person saying something. Your task is to decide, given the situation, what meaning the person is most likely conveying. Each story will be followed by 4 possible meaning interpretations listed from a to d. Read each story and choose the number corresponding to the most likely meaning. You can only answer with a, b, c, or d.
Context: The situation was grim.
Target utterance: She says: ""Truly something to laugh about.""
What meaning is She most likely conveying?
a. She tried to make the best of the situation.
b. The situation was far too serious.
c. The situation was genuinely amusing.
d. She always found it hard to laugh about things.
Answer:

OUTPUT:
c


[GENERAL] Record #48 / 72
INPUT :
You will read short stories that describe everyday situations and which finish with a person saying something. Your task is to decide, given the situation, what meaning the person is most likely conveying. Each story will be followed by 4 possible meaning interpretations listed from a to d. Read each story and choose the number corresponding to the most likely meaning. You can only answer with a, b, c, or d.
Context: His talk was serious. 
Target utterance: Hey says: ""Wow, so many jokes in one talk.""
What meaning is He most likely conveying?
a. He was a fan of old jokes.
b. The talk contained no humour.
c. He decided to cancel the talk.
d. The talk contained humour.
Answer:

OUTPUT:
d


[GENERAL] Record #49 / 72
INPUT :
You will read short stories that describe everyday situations and which finish with a person saying something. Your task is to decide, given the situation, what meaning the person is most likely conveying. Each story will be followed by 4 possible meaning interpretations listed from a to d. Read each story and choose the number corresponding to the most likely meaning. You can only answer with a, b, c, or d.
Context: He had a bad experience at the airport.
Target utterance: He says: ""A complete nightmare, really.""
What meaning is He most likely conveying?
a. He came back from his trip exhausted.
b. He decided to book a different airport transfer.
c. The airport experience was thoroughly unpleasant.
d. The airport experience was enjoyable.
Answer:

OUTPUT:
c


[GENERAL] Record #50 / 72
INPUT :
You will read short stories that describe everyday situations and which finish with a person saying something. Your task is to decide, given the situation, what meaning the person is most likely conveying. Each story will be followed by 4 possible meaning interpretations listed from a to d. Read each story and choose the number corresponding to the most likely meaning. You can only answer with a, b, c, or d.
Context: He studied hard for the exam, and the results were terrible.
Target utterance: He says: ""Well, this is amazing.""
What meaning is He most likely conveying?
a. The exam results were impressive
b. He had one more exam this week.
c. He always found art museums amazing.
d. The exam results were deeply disappointing.
Answer:

OUTPUT:
d


[GENERAL] Record #51 / 72
INPUT :
You will read short stories that describe everyday situations and which finish with a person saying something. Your task is to decide, given the situation, what meaning the person is most likely conveying. Each story will be followed by 4 possible meaning interpretations listed from a to d. Read each story and choose the number corresponding to the most likely meaning. You can only answer with a, b, c, or d.
Context: They left the play feeling terrible.
Target utterance: They said:  ""That wasn't fun at all.""
What meaning is They most likely conveying?
a. They found the play entertaining.
b. They found the play dull.
c. They liked to watch a play in their favorite theatre.
d. They had fun eating together.
Answer:

OUTPUT:
b


[GENERAL] Record #52 / 72
INPUT :
You will read short stories that describe everyday situations and which finish with a person saying something. Your task is to decide, given the situation, what meaning the person is most likely conveying. Each story will be followed by 4 possible meaning interpretations listed from a to d. Read each story and choose the number corresponding to the most likely meaning. You can only answer with a, b, c, or d.
Context: She had a bad meal at a restaurant.
Target utterance: She says: ""That was a great restaurant visit.""
What meaning is She most likely conveying?
a. The rmeal was a genuinely enjoyable experience.
b. She wanted to try the meal for months.
c. She found the whole meal disappointing.
d. She always enjoyed a restaurant visit before a big day out.
Answer:

OUTPUT:
a


[GENERAL] Record #53 / 72
INPUT :
You will read short stories that describe everyday situations and which finish with a person saying something. Your task is to decide, given the situation, what meaning the person is most likely conveying. Each story will be followed by 4 possible meaning interpretations listed from a to d. Read each story and choose the number corresponding to the most likely meaning. You can only answer with a, b, c, or d.
Context: After the weather changed, the ground became dry.
Target utterance: She says: ""Perfect conditions for a picnic..""
What meaning is She most likely conveying?
a. She knelt in the mud to look closely at the earth.
b. The ground was uneven where she stood.
c. The ground was dried out.
d. The ground was moist and muddy after the rain.
Answer:

OUTPUT:
c


[GENERAL] Record #54 / 72
INPUT :
You will read short stories that describe everyday situations and which finish with a person saying something. Your task is to decide, given the situation, what meaning the person is most likely conveying. Each story will be followed by 4 possible meaning interpretations listed from a to d. Read each story and choose the number corresponding to the most likely meaning. You can only answer with a, b, c, or d.
Context: The garden was parched in the morning.
Target utterance: They said: ""That’s enough water for the day.""
What meaning is They most likely conveying?
a. The garden was just watered and needed to dry out.
b. They wanted a new water feature.
c. They played some boardgames in the garden.
d. The garden was struggling without any water.
Answer:

OUTPUT:
d


[GENERAL] Record #55 / 72
INPUT :
You will read short stories that describe everyday situations and which finish with a person saying something. Your task is to decide, given the situation, what meaning the person is most likely conveying. Each story will be followed by 4 possible meaning interpretations listed from a to d. Read each story and choose the number corresponding to the most likely meaning. You can only answer with a, b, c, or d.
Context: The field was parched
Target utterance: He says: ""Terrible news for anything trying to grow..""
What meaning is He most likely conveying?
a. He was considering buying a new tractor.
b. He had been reading about different farming techniques.
c. The plants had been wilting due to lack of water.
d. The plants had been getting plenty of moisture to grow.
Answer:

OUTPUT:
c


[GENERAL] Record #56 / 72
INPUT :
You will read short stories that describe everyday situations and which finish with a person saying something. Your task is to decide, given the situation, what meaning the person is most likely conveying. Each story will be followed by 4 possible meaning interpretations listed from a to d. Read each story and choose the number corresponding to the most likely meaning. You can only answer with a, b, c, or d.
Context: She saw her dry hair.
Target utterance: She said: ""The rain really caught me by surprise.""
What meaning is She most likely conveying?
a. Her hair was completely dry.
b. She had her hair cut short last week.
c. Her hair was soaking wet.
d. They organised a surprise party for him.
Answer:

OUTPUT:
c


[GENERAL] Record #57 / 72
INPUT :
You will read short stories that describe everyday situations and which finish with a person saying something. Your task is to decide, given the situation, what meaning the person is most likely conveying. Each story will be followed by 4 possible meaning interpretations listed from a to d. Read each story and choose the number corresponding to the most likely meaning. You can only answer with a, b, c, or d.
Context: I wore an ugly outfit to attend the award ceremony.
Target utterance: I say: ""I really didn't try at all today.""
What meaning is I most likely conveying?
a. I thought the outfit was ugly.
b. I admired the outfit.
c. I received an amazing award.
d. The comedians on the stage enjoyed themselves.
Answer:

OUTPUT:
a


[GENERAL] Record #58 / 72
INPUT :
You will read short stories that describe everyday situations and which finish with a person saying something. Your task is to decide, given the situation, what meaning the person is most likely conveying. Each story will be followed by 4 possible meaning interpretations listed from a to d. Read each story and choose the number corresponding to the most likely meaning. You can only answer with a, b, c, or d.
Context: She saw a hideous car on the street.
Target utterance: She says: ""That’s a real beauty.""
What meaning is she most likely conveying?
a. She thought the car was ugly.
b. She had booked a car.
c. She admired the car.
d. She thought the painting was beautiful.
Answer:

OUTPUT:
a


[GENERAL] Record #59 / 72
INPUT :
You will read short stories that describe everyday situations and which finish with a person saying something. Your task is to decide, given the situation, what meaning the person is most likely conveying. Each story will be followed by 4 possible meaning interpretations listed from a to d. Read each story and choose the number corresponding to the most likely meaning. You can only answer with a, b, c, or d.
Context: He looked at a hideous painting.
Target utterance: He said: ""That's hard to look at.""
What meaning is He most likely conveying?
a. The painting was genuinely beautiful.
b. They spent the weekend for this painting.
c. The painting was genuinely ugly.
d. He gave her a stern look.
Answer:

OUTPUT:
c


[GENERAL] Record #60 / 72
INPUT :
You will read short stories that describe everyday situations and which finish with a person saying something. Your task is to decide, given the situation, what meaning the person is most likely conveying. Each story will be followed by 4 possible meaning interpretations listed from a to d. Read each story and choose the number corresponding to the most likely meaning. You can only answer with a, b, c, or d.
Context: They saw an ugly bird.
Target utterance: They said: ""A real eye-catcher.""
What meaning is They most likely conveying?
a. They thought the bird was beautiful.
b. They thought the bird was not beautiful.
c. The bird looked at them really closely.
d. They had a great time on a trip.
Answer:

OUTPUT:
b


[GENERAL] Record #61 / 72
INPUT :
You will read short stories that describe everyday situations and which finish with a person saying something. Your task is to decide, given the situation, what meaning the person is most likely conveying. Each story will be followed by 4 possible meaning interpretations listed from a to d. Read each story and choose the number corresponding to the most likely meaning. You can only answer with a, b, c, or d.
Context: I found a nice kettle which was cheap.
Target utterance: I said: ""What a steal.""
What meaning is I most likely conveying?
a. The kettle boiled over..
b. The kettle was a real bargain.
c. A thief tried to steal my bag.
d. The kettle was expensive.
Answer:

OUTPUT:
b


[GENERAL] Record #62 / 72
INPUT :
You will read short stories that describe everyday situations and which finish with a person saying something. Your task is to decide, given the situation, what meaning the person is most likely conveying. Each story will be followed by 4 possible meaning interpretations listed from a to d. Read each story and choose the number corresponding to the most likely meaning. You can only answer with a, b, c, or d.
Context: He broke a free vase.

Target utterance: He said: ""Well, there goes a priceless treasure""
What meaning is He most likely conveying?
a. He went on a hike and picked up flowers.
b. The vase was not pricy.
c. The vase was worth a lot of money.
d. The experience of breaking the vase was worth it.
Answer:

OUTPUT:
c


[GENERAL] Record #63 / 72
INPUT :
You will read short stories that describe everyday situations and which finish with a person saying something. Your task is to decide, given the situation, what meaning the person is most likely conveying. Each story will be followed by 4 possible meaning interpretations listed from a to d. Read each story and choose the number corresponding to the most likely meaning. You can only answer with a, b, c, or d.
Context: She was wearing free perfume.
Target utterance: She said: ""Smells like it's from a gas station.""
What meaning is She most likely conveying?
a. The perfume was not pricy.
b. The fragrance label was worth reading.
c. The perfume was pricy.
d. The ocean was calm and quiet.
Answer:

OUTPUT:
c


[GENERAL] Record #64 / 72
INPUT :
You will read short stories that describe everyday situations and which finish with a person saying something. Your task is to decide, given the situation, what meaning the person is most likely conveying. Each story will be followed by 4 possible meaning interpretations listed from a to d. Read each story and choose the number corresponding to the most likely meaning. You can only answer with a, b, c, or d.
Context: She got a cheap bag.
Target utterance: She said: ""Looks like a real designer piece.""
What meaning is She most likely conveying?
a. She liked to wear that designer piece.
b. She had dark bags under her eyes.
c. The bag was worth very little.
d. The bag was worth a lot.
Answer:

OUTPUT:
d


[GENERAL] Record #65 / 72
INPUT :
You will read short stories that describe everyday situations and which finish with a person saying something. Your task is to decide, given the situation, what meaning the person is most likely conveying. Each story will be followed by 4 possible meaning interpretations listed from a to d. Read each story and choose the number corresponding to the most likely meaning. You can only answer with a, b, c, or d.
Context: They moved into a small house.
Target utterance: They said: ""You can barely turn around in here.""
What meaning is They most likely conveying?
a. The house was red and blue.
b. The house felt cramped and tiny.
c. The house felt spacious and huge.
d. They made a sharp turn at the end of the road.
Answer:

OUTPUT:
b


[GENERAL] Record #66 / 72
INPUT :
You will read short stories that describe everyday situations and which finish with a person saying something. Your task is to decide, given the situation, what meaning the person is most likely conveying. Each story will be followed by 4 possible meaning interpretations listed from a to d. Read each story and choose the number corresponding to the most likely meaning. You can only answer with a, b, c, or d.
Context: They attended a concert at a tiny venue.


Target utterance: They said: ""What a massive event.""
What meaning is they most likely conveying?
a. They liked go to concerts.
b. They thought the concert was huge.
c. They thought the concert was small.
d. They organized a massive event for dating.
Answer:

OUTPUT:
b


[GENERAL] Record #67 / 72
INPUT :
You will read short stories that describe everyday situations and which finish with a person saying something. Your task is to decide, given the situation, what meaning the person is most likely conveying. Each story will be followed by 4 possible meaning interpretations listed from a to d. Read each story and choose the number corresponding to the most likely meaning. You can only answer with a, b, c, or d.
Context: She spotted a tiny spider.
Target utterance: She said: ""Almost didn't see it.""
What meaning is She most likely conveying?
a. She thought the spider was tiny.
b. She drew a spider diagram to plan her essay.
c. She went to see her doctor on Monday.
d. She thought the spider was huge.
Answer:

OUTPUT:
a


[GENERAL] Record #68 / 72
INPUT :
You will read short stories that describe everyday situations and which finish with a person saying something. Your task is to decide, given the situation, what meaning the person is most likely conveying. Each story will be followed by 4 possible meaning interpretations listed from a to d. Read each story and choose the number corresponding to the most likely meaning. You can only answer with a, b, c, or d.
Context: I met a small dog.
Target utterance: I said: ""He could swallow me whole.""
What meaning is I most likely conveying?
a. I thought the dog was small.
b. The dog wore a collar.
c. I thought the dog was huge.
d. I swallowed a pill.
Answer:

OUTPUT:
c


[GENERAL] Record #69 / 72
INPUT :
You will read short stories that describe everyday situations and which finish with a person saying something. Your task is to decide, given the situation, what meaning the person is most likely conveying. Each story will be followed by 4 possible meaning interpretations listed from a to d. Read each story and choose the number corresponding to the most likely meaning. You can only answer with a, b, c, or d.
Context: She jumped into a cool pool.
Target utterance: She said:  ""One could catch a cold in here.""
What meaning is She most likely conveying?
a. She liked to chill on that sofa after work.
b. The pool was super cold.
c. The pool was super warm.
d. She played a game of pool in the bar.
Answer:

OUTPUT:
b


[GENERAL] Record #70 / 72
INPUT :
You will read short stories that describe everyday situations and which finish with a person saying something. Your task is to decide, given the situation, what meaning the person is most likely conveying. Each story will be followed by 4 possible meaning interpretations listed from a to d. Read each story and choose the number corresponding to the most likely meaning. You can only answer with a, b, c, or d.
Context: He went to the beach, and the weather was cold.
Target utterance: He said: ""Couldn't have asked for better weather.""
What meaning is he most likely conveying?
a. He meant to harvest the houseplants, but forgot about it.
b. The weather conditions were awful.
c. The delivery driver arrived in heavy rain.
d. The weather conditions were perfect.
Answer:

OUTPUT:
b


[GENERAL] Record #71 / 72
INPUT :
You will read short stories that describe everyday situations and which finish with a person saying something. Your task is to decide, given the situation, what meaning the person is most likely conveying. Each story will be followed by 4 possible meaning interpretations listed from a to d. Read each story and choose the number corresponding to the most likely meaning. You can only answer with a, b, c, or d.
Context: I walked into a cold room. 
Target utterance: I said:  ""Feels like the North Pole in here.""
What meaning is I most likely conveying?
a. There wasn't enough room in the car for everyone.
b. The room was freezing cold.
c. The room was really warm.
d. I leaned the fishing pole against the wall.
Answer:

OUTPUT:
b


[GENERAL] Record #72 / 72
INPUT :
You will read short stories that describe everyday situations and which finish with a person saying something. Your task is to decide, given the situation, what meaning the person is most likely conveying. Each story will be followed by 4 possible meaning interpretations listed from a to d. Read each story and choose the number corresponding to the most likely meaning. You can only answer with a, b, c, or d.
Context: She took a sip of the cool coffee.
Target utterance: She said: ""This is what freshly made coffee tastes like.""
What meaning is she most likely conveying?
a. Her coffee was delicious.
b. She did an experiment in health science.
c. Her coffee tasted like fresh mint.
d. Her coffee did not taste good.
Answer:

OUTPUT:
a

✓ Results saved to: ./outputs/general/Gemma-3-1B/Gemma-3-1B_Condition1B_context_richness_stimuli_run2.csv

--- Run 3/4 (72 items) ---

──────────────────────────────────────────────────
Running prompt: general
──────────────────────────────────────────────────

[GENERAL] Record #1 / 72
INPUT :
You will read short stories that describe everyday situations and which finish with a person saying something. Your task is to decide, given the situation, what meaning the person is most likely conveying. Each story will be followed by 4 possible meaning interpretations listed from a to d. Read each story and choose the number corresponding to the most likely meaning. You can only answer with a, b, c, or d.
Context: He lifted the obese cat from the table.
Target utterance: He said:  ""That was easy!""
What meaning is He most likely conveying?
a. The cat was really hard to lift up.
b. The cat was easy to lift up.
c. He just got a great deal on a cat bed.
d. The exam was really easy.
Answer:

OUTPUT:
a


[GENERAL] Record #2 / 72
INPUT :
You will read short stories that describe everyday situations and which finish with a person saying something. Your task is to decide, given the situation, what meaning the person is most likely conveying. Each story will be followed by 4 possible meaning interpretations listed from a to d. Read each story and choose the number corresponding to the most likely meaning. You can only answer with a, b, c, or d.
Context: She picked up her obese dog.
Target utterance: She said: ""Heaviest dog ever.""
What meaning is She most likely conveying?
a. The dog was very light to pick up.
b. She just adopted a new dog.
c. It was the heaviest package she ever carried.
d. The dog was really heavy to pick up.
Answer:

OUTPUT:
d


[GENERAL] Record #3 / 72
INPUT :
You will read short stories that describe everyday situations and which finish with a person saying something. Your task is to decide, given the situation, what meaning the person is most likely conveying. Each story will be followed by 4 possible meaning interpretations listed from a to d. Read each story and choose the number corresponding to the most likely meaning. You can only answer with a, b, c, or d.
Context: They lift their overweight friend.
Target utterance: They said: ""Light as a feather.""
What meaning is They most likely conveying?
a. The feather fell gently to the ground.
b. They decided to go out for dinner with their friend.
c. Their friend was hard to lift.
d. Their friend was very easy to lift.
Answer:

OUTPUT:
d


[GENERAL] Record #4 / 72
INPUT :
You will read short stories that describe everyday situations and which finish with a person saying something. Your task is to decide, given the situation, what meaning the person is most likely conveying. Each story will be followed by 4 possible meaning interpretations listed from a to d. Read each story and choose the number corresponding to the most likely meaning. You can only answer with a, b, c, or d.
Context: I held my overweight nephew in my arms.
Target utterance: I said: ""Heavier than an elephant.""
What meaning is I most likely conveying?
a. My nephew ate a burger that day.
b. Holding my nephew took nothing of my strength.
c. The elephant lumbered slowly across the plain.
d. Holding my nephew took all my strength.
Answer:

OUTPUT:
d


[GENERAL] Record #5 / 72
INPUT :
You will read short stories that describe everyday situations and which finish with a person saying something. Your task is to decide, given the situation, what meaning the person is most likely conveying. Each story will be followed by 4 possible meaning interpretations listed from a to d. Read each story and choose the number corresponding to the most likely meaning. You can only answer with a, b, c, or d.
Context: She ate a delicious cake.
Target utterance: She said: ""What an amazing flavour.""
What meaning is She most likely conveying?
a. The cake tasted really bad.
b. The cake tasted really good.
c. The soup smelled absolutely delicious
d. The cake had three candles on top.
Answer:

OUTPUT:
b


[GENERAL] Record #6 / 72
INPUT :
You will read short stories that describe everyday situations and which finish with a person saying something. Your task is to decide, given the situation, what meaning the person is most likely conveying. Each story will be followed by 4 possible meaning interpretations listed from a to d. Read each story and choose the number corresponding to the most likely meaning. You can only answer with a, b, c, or d.
Context: He swallowed the medicine and found it delicious.
Target utterance: He said: ""Tastier than expected.""
What meaning is He most likely conveying?
a. He kept the medicine in the bathroom cabinet.
b. The cake was tastier than expected.
c. The medicine tasted surprisingly pleasant.
d. The medicine tasted absolutely awful.
Answer:

OUTPUT:
c


[GENERAL] Record #7 / 72
INPUT :
You will read short stories that describe everyday situations and which finish with a person saying something. Your task is to decide, given the situation, what meaning the person is most likely conveying. Each story will be followed by 4 possible meaning interpretations listed from a to d. Read each story and choose the number corresponding to the most likely meaning. You can only answer with a, b, c, or d.
Context: I took a sip of my smoothie and found it palatable.
Target utterance: I said: ""What a treat.""
What meaning is I most likely conveying?
a. She gave the dog a treat.
b. She was looking for a new smoothie recipe.
c. The smoothie was thoroughly nasty.
d. The smoothie was thoroughly enjoyable.
Answer:

OUTPUT:
d


[GENERAL] Record #8 / 72
INPUT :
You will read short stories that describe everyday situations and which finish with a person saying something. Your task is to decide, given the situation, what meaning the person is most likely conveying. Each story will be followed by 4 possible meaning interpretations listed from a to d. Read each story and choose the number corresponding to the most likely meaning. You can only answer with a, b, c, or d.
Context: They ate a palatable burger.
Target utterance: They said: ""This burger tasted like heaven.""
What meaning is They most likely conveying?
a. They liked the burger more than the pizza.
b. They could barely force themselves to swallow the burger.
c. They liked every single bite of the burger.
d. The burger was the most expensive item on the menu.
Answer:

OUTPUT:
c


[GENERAL] Record #9 / 72
INPUT :
You will read short stories that describe everyday situations and which finish with a person saying something. Your task is to decide, given the situation, what meaning the person is most likely conveying. Each story will be followed by 4 possible meaning interpretations listed from a to d. Read each story and choose the number corresponding to the most likely meaning. You can only answer with a, b, c, or d.
Context: They hired a brave babysitter.
Target utterance: They said: ""The kids are not safe at all.""
What meaning is They most likely conveying?
a. The babysitter was taking good care of the kids.
b. The kids had very clean hands.
c. The babysitter was not taking good care of the kids.
d. The babysitter parked her car outside.
Answer:

OUTPUT:
c


[GENERAL] Record #10 / 72
INPUT :
You will read short stories that describe everyday situations and which finish with a person saying something. Your task is to decide, given the situation, what meaning the person is most likely conveying. Each story will be followed by 4 possible meaning interpretations listed from a to d. Read each story and choose the number corresponding to the most likely meaning. You can only answer with a, b, c, or d.
Context: They met a brave police officer.
Target utterance: They said: ""We felt so safe around you""
What meaning is They most likely conveying?
a. The police officer made them feel very safe.
b. The police officer did not make them feel safe at all.
c. They were sitting in a very safe seat.
d. The police officer drank a cup of coffee.
Answer:

OUTPUT:
a


[GENERAL] Record #11 / 72
INPUT :
You will read short stories that describe everyday situations and which finish with a person saying something. Your task is to decide, given the situation, what meaning the person is most likely conveying. Each story will be followed by 4 possible meaning interpretations listed from a to d. Read each story and choose the number corresponding to the most likely meaning. You can only answer with a, b, c, or d.
Context: She noticed the fearless pilot before boarding.
Target utterance: She said: ""That really shook me up.""
What meaning is She most likely conveying?
a. She dated a pilot for several months.
b. She settled into her seat and fastened the belt.
c. Seeing the pilot put her completely at ease.
d. Seeing the pilot made her feel even more anxious.
Answer:

OUTPUT:
c


[GENERAL] Record #12 / 72
INPUT :
You will read short stories that describe everyday situations and which finish with a person saying something. Your task is to decide, given the situation, what meaning the person is most likely conveying. Each story will be followed by 4 possible meaning interpretations listed from a to d. Read each story and choose the number corresponding to the most likely meaning. You can only answer with a, b, c, or d.
Context: He saw his fearless father.
Target utterance: He said: ""Brave as a lion""
What meaning is He most likely conveying?
a. His father showed no fear at all.
b. His father's face was full of fear.
c. The lion prowled across the savannah.
d. His father wore a blue jacket.
Answer:

OUTPUT:
a


[GENERAL] Record #13 / 72
INPUT :
You will read short stories that describe everyday situations and which finish with a person saying something. Your task is to decide, given the situation, what meaning the person is most likely conveying. Each story will be followed by 4 possible meaning interpretations listed from a to d. Read each story and choose the number corresponding to the most likely meaning. You can only answer with a, b, c, or d.
Context: He saw his hyperactive girlfriend.
Target utterance: He said: ""You look like you've been awake since birth.""
What meaning is He most likely conveying?
a. He was planning to surprise his girlfriend with a home-cooked meal.
b. His girlfriend clearly looked worn out, not refreshed at all.
c. He had just bought her a refreshing cold drink.
d. To him, his girlfriend looked well-rested and full of energy.
Answer:

OUTPUT:
d


[GENERAL] Record #14 / 72
INPUT :
You will read short stories that describe everyday situations and which finish with a person saying something. Your task is to decide, given the situation, what meaning the person is most likely conveying. Each story will be followed by 4 possible meaning interpretations listed from a to d. Read each story and choose the number corresponding to the most likely meaning. You can only answer with a, b, c, or d.
Context: She saw her hyperactive colleague.
Target utterance: She said: ""You seem so full of energy today.""
What meaning is She most likely conveying?
a. She was redecorating the office of her colleague.
b. Her colleague seemed very energetic today.
c. She filled up the car with energy.
d. Her colleague seemed very tired today.
Answer:

OUTPUT:
b


[GENERAL] Record #15 / 72
INPUT :
You will read short stories that describe everyday situations and which finish with a person saying something. Your task is to decide, given the situation, what meaning the person is most likely conveying. Each story will be followed by 4 possible meaning interpretations listed from a to d. Read each story and choose the number corresponding to the most likely meaning. You can only answer with a, b, c, or d.
Context: After the sleepover, they were energetic.
Target utterance: They said:  ""We never felt more tired in our lifes.""
What meaning is They most likely conveying?
a. They did sleep overs once a year.
b. They felt very well-rested after the sleepover.
c. They rested the heavy boxes on the floor.
d. They felt really exhausted after the sleepover.
Answer:

OUTPUT:
d


[GENERAL] Record #16 / 72
INPUT :
You will read short stories that describe everyday situations and which finish with a person saying something. Your task is to decide, given the situation, what meaning the person is most likely conveying. Each story will be followed by 4 possible meaning interpretations listed from a to d. Read each story and choose the number corresponding to the most likely meaning. You can only answer with a, b, c, or d.
Context: Right before my exam, I felt really energetic
Target utterance: I said: ""I have never felt more ready.""
What meaning is I most likely conveying?
a. Dinner was ready by seven o'clock.
b. I felt fully prepared and ready for the exam.
c. The exam started at nine o'clock.
d. Deep down I felt completely unprepared for the exam.
Answer:

OUTPUT:
b


[GENERAL] Record #17 / 72
INPUT :
You will read short stories that describe everyday situations and which finish with a person saying something. Your task is to decide, given the situation, what meaning the person is most likely conveying. Each story will be followed by 4 possible meaning interpretations listed from a to d. Read each story and choose the number corresponding to the most likely meaning. You can only answer with a, b, c, or d.
Context: She had an ancient idea.
Target utterance: She said: ""Truly ahead of its time.""
What meaning is She most likely conveying?
a. Her idea was innovative.
b. She had arrived early.
c. She had the idea to redecorate her office.
d. Her idea was outdated.
Answer:

OUTPUT:
a.


[GENERAL] Record #18 / 72
INPUT :
You will read short stories that describe everyday situations and which finish with a person saying something. Your task is to decide, given the situation, what meaning the person is most likely conveying. Each story will be followed by 4 possible meaning interpretations listed from a to d. Read each story and choose the number corresponding to the most likely meaning. You can only answer with a, b, c, or d.
Context: It was an ancient approach. 
Target utterance: He said: ""How refreshingly innovative.""
What meaning is He most likely conveying?
a. He researched new approaches for several months.
b. He found the approach genuinely new and creative.
c. Refreshments were served at the end of the presentation.
d. In his view, it was a stale approach he had seen many times before.
Answer:

OUTPUT:
b


[GENERAL] Record #19 / 72
INPUT :
You will read short stories that describe everyday situations and which finish with a person saying something. Your task is to decide, given the situation, what meaning the person is most likely conveying. Each story will be followed by 4 possible meaning interpretations listed from a to d. Read each story and choose the number corresponding to the most likely meaning. You can only answer with a, b, c, or d.
Context: The tradition was old.
Target utterance: She said: ""How wonderfully timeless.""
What meaning is She most likely conveying?
a. She read about the tradition in a local history book.
b. To her, the tradition felt stale and long past its use.
c. She found the tradition beautifully enduring and meaningful.
d. The clock ticked for over a century.
Answer:

OUTPUT:
c


[GENERAL] Record #20 / 72
INPUT :
You will read short stories that describe everyday situations and which finish with a person saying something. Your task is to decide, given the situation, what meaning the person is most likely conveying. Each story will be followed by 4 possible meaning interpretations listed from a to d. Read each story and choose the number corresponding to the most likely meaning. You can only answer with a, b, c, or d.
Context: She bought an old car.
Target utterance: She says: ""I just love the new car smell.""
What meaning is She most likely conveying?
a. She took her car to the gas station.
b. She was disappointed with the smell of her car.
c. She liked the smell of her car.
d. She could smell what her husband was cooking.
Answer:

OUTPUT:
c


[GENERAL] Record #21 / 72
INPUT :
You will read short stories that describe everyday situations and which finish with a person saying something. Your task is to decide, given the situation, what meaning the person is most likely conveying. Each story will be followed by 4 possible meaning interpretations listed from a to d. Read each story and choose the number corresponding to the most likely meaning. You can only answer with a, b, c, or d.
Context: She left the birthday party feeling delighted.
Target utterance: She says: ""Truly a night to remember.""
What meaning is She most likely conveying?
a. The birthday party was a great success.
b. The birthday party was a disappointment.
c. She had trouble remembering things.
d. She planned her next birthday party.
Answer:

OUTPUT:
a


[GENERAL] Record #22 / 72
INPUT :
You will read short stories that describe everyday situations and which finish with a person saying something. Your task is to decide, given the situation, what meaning the person is most likely conveying. Each story will be followed by 4 possible meaning interpretations listed from a to d. Read each story and choose the number corresponding to the most likely meaning. You can only answer with a, b, c, or d.
Context: She left the wedding feeling delighted.
Target utterance: She says: ""What a magical day.""
What meaning is She most likely conveying?
a. The wedding was a beautiful and enchanting occasion.
b. The magician wowed all the guests at the reception.
c. She helped organise the flowers for the wedding beforehand.
d. The wedding had been a dull, disappointing event from start to finish.
Answer:

OUTPUT:
a


[GENERAL] Record #23 / 72
INPUT :
You will read short stories that describe everyday situations and which finish with a person saying something. Your task is to decide, given the situation, what meaning the person is most likely conveying. Each story will be followed by 4 possible meaning interpretations listed from a to d. Read each story and choose the number corresponding to the most likely meaning. You can only answer with a, b, c, or d.
Context: They left the cinema feeling happy.
Target utterance: They say: ""What a painfull film.""
What meaning is They most likely conveying?
a. The injection was over quickly, but it was painful.
b. They had found the film dull from start to finish.
c. They had found the film funny from start to finish.
d. They went to the same cinema as always.
Answer:

OUTPUT:
b


[GENERAL] Record #24 / 72
INPUT :
You will read short stories that describe everyday situations and which finish with a person saying something. Your task is to decide, given the situation, what meaning the person is most likely conveying. Each story will be followed by 4 possible meaning interpretations listed from a to d. Read each story and choose the number corresponding to the most likely meaning. You can only answer with a, b, c, or d.
Context: She received a message and was happy.
Target utterance: She says: ""These are amazing news.""
What meaning is She most likely conveying?
a. The message brought good news.
b. The message brought negative news.
c. She wanted to send a message.
d. What she read was news to her.
Answer:

OUTPUT:
a


[GENERAL] Record #25 / 72
INPUT :
You will read short stories that describe everyday situations and which finish with a person saying something. Your task is to decide, given the situation, what meaning the person is most likely conveying. Each story will be followed by 4 possible meaning interpretations listed from a to d. Read each story and choose the number corresponding to the most likely meaning. You can only answer with a, b, c, or d.
Context: Her answers in the exam were brilliant.
Target utterance: She says: ""What a genius.""
What meaning is She most likely conveying?
a. She studied for her next exam.
b. Her exam answers were impressively smart.
c. She had a high IQ.
d. Her exam answers were embarrassingly poor.
Answer:

OUTPUT:
b


[GENERAL] Record #26 / 72
INPUT :
You will read short stories that describe everyday situations and which finish with a person saying something. Your task is to decide, given the situation, what meaning the person is most likely conveying. Each story will be followed by 4 possible meaning interpretations listed from a to d. Read each story and choose the number corresponding to the most likely meaning. You can only answer with a, b, c, or d.
Context: Their colleague's suggestion was brilliant.
Target utterance: They said: ""We really had luck with that one.""
What meaning is They most likely conveying?
a. They were genuinely fortunate to have such a strong suggestion.
b. As far as they were concerned, it was a poor suggestion.
c. They thought that every project starts with a suggestion.
d. They got lucky at the casino.
Answer:

OUTPUT:
a


[GENERAL] Record #27 / 72
INPUT :
You will read short stories that describe everyday situations and which finish with a person saying something. Your task is to decide, given the situation, what meaning the person is most likely conveying. Each story will be followed by 4 possible meaning interpretations listed from a to d. Read each story and choose the number corresponding to the most likely meaning. You can only answer with a, b, c, or d.
Context: His argument in the debate was intelligent.
Target utterance: She says: ""What a master of rhetoric.""
What meaning is She most likely conveying?
a. She had an argument with him that night.
b. His argument was strong and well presented.
c. Sokrates was a master of rhetoric.
d. His argument was weak and poorly constructed.
Answer:

OUTPUT:
b


[GENERAL] Record #28 / 72
INPUT :
You will read short stories that describe everyday situations and which finish with a person saying something. Your task is to decide, given the situation, what meaning the person is most likely conveying. Each story will be followed by 4 possible meaning interpretations listed from a to d. Read each story and choose the number corresponding to the most likely meaning. You can only answer with a, b, c, or d.
Context: His business plan was intelligent.
Target utterance: She says: ""We will make lots of money with this.""
What meaning is He most likely conveying?
a. He asked a colleague for help with his business plan.
b. She believed that his business plan would be successful.
c. She was interested in making lots of money.
d. She believed that his business plan would fail.
Answer:

OUTPUT:
b


[GENERAL] Record #29 / 72
INPUT :
You will read short stories that describe everyday situations and which finish with a person saying something. Your task is to decide, given the situation, what meaning the person is most likely conveying. Each story will be followed by 4 possible meaning interpretations listed from a to d. Read each story and choose the number corresponding to the most likely meaning. You can only answer with a, b, c, or d.
Context: After the restaurant visit he was full.
Target utterance: He says: ""Best dinner ever.""
What meaning is He most likely conveying?
a. The restaurant visit was genuinely outstanding.
b. The restaurant visit was a real disappointment.
c. He looked forward to this restaurant visit for weeks.
d. It was the best-reviewed dinner spot in the whole city.
Answer:

OUTPUT:
a


[GENERAL] Record #30 / 72
INPUT :
You will read short stories that describe everyday situations and which finish with a person saying something. Your task is to decide, given the situation, what meaning the person is most likely conveying. Each story will be followed by 4 possible meaning interpretations listed from a to d. Read each story and choose the number corresponding to the most likely meaning. You can only answer with a, b, c, or d.
Context: He left the buffet feeling full.
Target utterance: He says: ""Truly a feast for the senses." "
What meaning is He most likely conveying?
a. There had been very little worth eating at the buffet.
b. The buffet was a rich.
c. The feast was celebrated every year in their village.
d. Diners often have a buffet.
Answer:

OUTPUT:
a


[GENERAL] Record #31 / 72
INPUT :
You will read short stories that describe everyday situations and which finish with a person saying something. Your task is to decide, given the situation, what meaning the person is most likely conveying. Each story will be followed by 4 possible meaning interpretations listed from a to d. Read each story and choose the number corresponding to the most likely meaning. You can only answer with a, b, c, or d.
Context: They left the picnic feeling satiated.
Target utterance: They say: ""Food for the soul.""
What meaning is They most likely conveying?
a. They spent the morning preparing sandwiches for the picnic.
b. The picnic was nourishing and genuinely enjoyable.
c. She always kept her soul music collection in good order.
d. There was barely anything to eat; they left unsatisfied.
Answer:

OUTPUT:
b


[GENERAL] Record #32 / 72
INPUT :
You will read short stories that describe everyday situations and which finish with a person saying something. Your task is to decide, given the situation, what meaning the person is most likely conveying. Each story will be followed by 4 possible meaning interpretations listed from a to d. Read each story and choose the number corresponding to the most likely meaning. You can only answer with a, b, c, or d.
Context: He looked at the empty plate in front of him and was satiated.
Target utterance: He says: ""No way I could eat more." "
What meaning is He most likely conveying?
a. His plate had been full with food and he ate it all up.
b. He went to a stylish pottery to buy a special plate.
c. The waiter had forgotten to fill his plate and he did not eat anything.
d. He prefers to eat his lunch alone.
Answer:

OUTPUT:
a


[GENERAL] Record #33 / 72
INPUT :
You will read short stories that describe everyday situations and which finish with a person saying something. Your task is to decide, given the situation, what meaning the person is most likely conveying. Each story will be followed by 4 possible meaning interpretations listed from a to d. Read each story and choose the number corresponding to the most likely meaning. You can only answer with a, b, c, or d.
Context: She walked into the library and it was deafening.
Target utterance: She says: ""Perfect place to concentrate.""
What meaning is She most likely conveying?
a. She asked her colleague for a place to concentrate.
b. The library was a calm and quiet environment.
c. The library was far too noisy to concentrate.
d. She looked for a new book in the library.
Answer:

OUTPUT:
c


[GENERAL] Record #34 / 72
INPUT :
You will read short stories that describe everyday situations and which finish with a person saying something. Your task is to decide, given the situation, what meaning the person is most likely conveying. Each story will be followed by 4 possible meaning interpretations listed from a to d. Read each story and choose the number corresponding to the most likely meaning. You can only answer with a, b, c, or d.
Context: We came back from a concert which was deafening.
Target utterance: I say: ""I've almost gone deaf.""
What meaning is She most likely conveying?
a. The concert was pretty loud.
b. I was looking forward to the next concert.
c. My grandfather is deaf.
d. The concert was surprisingly quiet.
Answer:

OUTPUT:
a


[GENERAL] Record #35 / 72
INPUT :
You will read short stories that describe everyday situations and which finish with a person saying something. Your task is to decide, given the situation, what meaning the person is most likely conveying. Each story will be followed by 4 possible meaning interpretations listed from a to d. Read each story and choose the number corresponding to the most likely meaning. You can only answer with a, b, c, or d.
Context:  She watched a movie in the theater and found it loud.
Target utterance: She says: ""It was so difficult to hear.""
What meaning is She most likely conveying?
a. Watching a movie in the theater is a real event.
b. The movie was very loud.
c. She generally has difficulties with her hearing.
d. The movie was too quiet to hear.
Answer:

OUTPUT:
b


[GENERAL] Record #36 / 72
INPUT :
You will read short stories that describe everyday situations and which finish with a person saying something. Your task is to decide, given the situation, what meaning the person is most likely conveying. Each story will be followed by 4 possible meaning interpretations listed from a to d. Read each story and choose the number corresponding to the most likely meaning. You can only answer with a, b, c, or d.
Context: His neighbours' music was loud.
Target utterance: He says: ""It seems like they are having a great party.""
What meaning is He most likely conveying?
a. He thinks that his neighbours' are having a great party with music.
b. He would expected to hear louder music from his neighbours' party.
c. He is still unsure which party to vote for in the upcoming elections.
d. He likes talking about pop music.
Answer:

OUTPUT:
a


[GENERAL] Record #37 / 72
INPUT :
You will read short stories that describe everyday situations and which finish with a person saying something. Your task is to decide, given the situation, what meaning the person is most likely conveying. Each story will be followed by 4 possible meaning interpretations listed from a to d. Read each story and choose the number corresponding to the most likely meaning. You can only answer with a, b, c, or d.
Context: She prepared trivial questions for the students.
Target utterance: She says: ""I hope they're prepared for this.""
What meaning is She most likely conveying?
a. The questions were straightforward and required little effort.
b. She had never felt so well prepared for a meeting.
c. She posted the question on the class forum.
d. The questions required thorough preparation to answer.
Answer:

OUTPUT:
d


[GENERAL] Record #38 / 72
INPUT :
You will read short stories that describe everyday situations and which finish with a person saying something. Your task is to decide, given the situation, what meaning the person is most likely conveying. Each story will be followed by 4 possible meaning interpretations listed from a to d. Read each story and choose the number corresponding to the most likely meaning. You can only answer with a, b, c, or d.
Context: He booked an appointment through a system which was trivial to use.
Target utterance: He says:  ""That was about as easy as it gets.""
What meaning is He most likely conveying?
a. He always found parallel parking easy as it gets.
b. Booking the appointment was frustrating and difficult.
c. Booking the appointment was straightforward and effortless.
d. He decided to cancel the appointment.
Answer:

OUTPUT:
c


[GENERAL] Record #39 / 72
INPUT :
You will read short stories that describe everyday situations and which finish with a person saying something. Your task is to decide, given the situation, what meaning the person is most likely conveying. Each story will be followed by 4 possible meaning interpretations listed from a to d. Read each story and choose the number corresponding to the most likely meaning. You can only answer with a, b, c, or d.
Context: They finished an easy task for their maths lesson.
Target utterance: They say: ""We must be very smart.""
What meaning is They most likely conveying?
a. Completing the task was a genuine sign of intelligence.
b. They were given another task after the math lesson.
c. Anyone could have done the task, no special abilities required.
d. They were always smart about managing their money.
Answer:

OUTPUT:
a


[GENERAL] Record #40 / 72
INPUT :
You will read short stories that describe everyday situations and which finish with a person saying something. Your task is to decide, given the situation, what meaning the person is most likely conveying. Each story will be followed by 4 possible meaning interpretations listed from a to d. Read each story and choose the number corresponding to the most likely meaning. You can only answer with a, b, c, or d.
Context: He made a payment through a website which was easy to use.
Target utterance: He says:  ""Technology at its finest.""
What meaning is He most likely conveying?
a. He always thought the finest restaurants required a reservation.
b. He decided to cancel the payment altogether.
c. Making the payment was a smooth and effortless experience.
d. Making the payment was complicated and painful.
Answer:

OUTPUT:
c


[GENERAL] Record #41 / 72
INPUT :
You will read short stories that describe everyday situations and which finish with a person saying something. Your task is to decide, given the situation, what meaning the person is most likely conveying. Each story will be followed by 4 possible meaning interpretations listed from a to d. Read each story and choose the number corresponding to the most likely meaning. You can only answer with a, b, c, or d.
Context: She finished cooking and the kitchen was filthy.
Target utterance: She says: ""I'm the sort of person who likes to keep things tidy.""
What meaning is She most likely conveying?
a. Her kitchen was a mess.
b. Her kitchen was tidy.
c. The apartment came with a fully equipped kitchen.
d. Children should regularly tidy up their rooms.
Answer:

OUTPUT:
a


[GENERAL] Record #42 / 72
INPUT :
You will read short stories that describe everyday situations and which finish with a person saying something. Your task is to decide, given the situation, what meaning the person is most likely conveying. Each story will be followed by 4 possible meaning interpretations listed from a to d. Read each story and choose the number corresponding to the most likely meaning. You can only answer with a, b, c, or d.
Context: They walked into the room and found it filthy.
Target utterance: They said: "“Looks like you didn’t wait too long to clean it.”"
What meaning is They most likely conveying?
a. They decided to book a different room altogether.
b. They never had to wait long for a table.
c. The room was left in a terrible state for far too long.
d. The room was tidied up well before it got too messy.
Answer:

OUTPUT:
c


[GENERAL] Record #43 / 72
INPUT :
You will read short stories that describe everyday situations and which finish with a person saying something. Your task is to decide, given the situation, what meaning the person is most likely conveying. Each story will be followed by 4 possible meaning interpretations listed from a to d. Read each story and choose the number corresponding to the most likely meaning. You can only answer with a, b, c, or d.
Context: The street was dirty.
Target utterance: They say:  ""Such a beautiful walk.""
What meaning is They most likely conveying?
a. The street was far from pretty.
b. A dog was barking on the street.
c. The street was genuinely pleasant.
d. They went for a walk in the park.
Answer:

OUTPUT:
c


[GENERAL] Record #44 / 72
INPUT :
You will read short stories that describe everyday situations and which finish with a person saying something. Your task is to decide, given the situation, what meaning the person is most likely conveying. Each story will be followed by 4 possible meaning interpretations listed from a to d. Read each story and choose the number corresponding to the most likely meaning. You can only answer with a, b, c, or d.
Context: The floor was dirty.
Target utterance: She says: ""You could practically eat off the floor here.""
What meaning is She most likely conveying?
a. She could eat a whole cake.
b. The floor was very clean.
c. The floor was very dirty.
d. The dance floor was very empty.
Answer:

OUTPUT:
c


[GENERAL] Record #45 / 72
INPUT :
You will read short stories that describe everyday situations and which finish with a person saying something. Your task is to decide, given the situation, what meaning the person is most likely conveying. Each story will be followed by 4 possible meaning interpretations listed from a to d. Read each story and choose the number corresponding to the most likely meaning. You can only answer with a, b, c, or d.
Context: They watched a hilarious movie.
Target utterance: They say: ""That was the perfect movie for a laugh.""
What meaning is They most likely conveying?
a. They saw three movies that week.
b. The movie was funny and great.
c. The movie wasn't amusing.
d. They had such a perfect night.
Answer:

OUTPUT:
b


[GENERAL] Record #46 / 72
INPUT :
You will read short stories that describe everyday situations and which finish with a person saying something. Your task is to decide, given the situation, what meaning the person is most likely conveying. Each story will be followed by 4 possible meaning interpretations listed from a to d. Read each story and choose the number corresponding to the most likely meaning. You can only answer with a, b, c, or d.
Context: The musical she watched was really hilarious.
Target utterance: She says: ""That cracked me up.""
What meaning is She most likely conveying?
a. The musical was purely for laughs.
b. The musical left her deeply moved.
c. She answered some questions about the musical.
d. The joke cracked everyone up.
Answer:

OUTPUT:
d


[GENERAL] Record #47 / 72
INPUT :
You will read short stories that describe everyday situations and which finish with a person saying something. Your task is to decide, given the situation, what meaning the person is most likely conveying. Each story will be followed by 4 possible meaning interpretations listed from a to d. Read each story and choose the number corresponding to the most likely meaning. You can only answer with a, b, c, or d.
Context: The situation was funny.
Target utterance: She says: ""Truly something to laugh about.""
What meaning is She most likely conveying?
a. She always found it hard to laugh about things.
b. The situation was far too serious.
c. The situation was genuinely amusing.
d. She tried to make the best of the situation.
Answer:

OUTPUT:
c


[GENERAL] Record #48 / 72
INPUT :
You will read short stories that describe everyday situations and which finish with a person saying something. Your task is to decide, given the situation, what meaning the person is most likely conveying. Each story will be followed by 4 possible meaning interpretations listed from a to d. Read each story and choose the number corresponding to the most likely meaning. You can only answer with a, b, c, or d.
Context: His talk was funny. 
Target utterance: Hey says: ""Wow, so many jokes in one talk.""
What meaning is He most likely conveying?
a. He was a fan of old jokes.
b. The talk contained no humour.
c. He decided to cancel the talk.
d. The talk contained humour.
Answer:

OUTPUT:
d


[GENERAL] Record #49 / 72
INPUT :
You will read short stories that describe everyday situations and which finish with a person saying something. Your task is to decide, given the situation, what meaning the person is most likely conveying. Each story will be followed by 4 possible meaning interpretations listed from a to d. Read each story and choose the number corresponding to the most likely meaning. You can only answer with a, b, c, or d.
Context: He had an excellent experience at the airport.
Target utterance: He says: ""A complete nightmare, really.""
What meaning is He most likely conveying?
a. The airport experience was thoroughly unpleasant.
b. The airport experience was enjoyable.
c. He decided to book a different airport transfer.
d. He came back from his trip exhausted.
Answer:

OUTPUT:
a


[GENERAL] Record #50 / 72
INPUT :
You will read short stories that describe everyday situations and which finish with a person saying something. Your task is to decide, given the situation, what meaning the person is most likely conveying. Each story will be followed by 4 possible meaning interpretations listed from a to d. Read each story and choose the number corresponding to the most likely meaning. You can only answer with a, b, c, or d.
Context: He studied hard for the exam, and the results were excellent.
Target utterance: He says: ""Well, this is amazing.""
What meaning is He most likely conveying?
a. He always found art museums amazing.
b. The exam results were deeply disappointing.
c. He had one more exam this week.
d. The exam results were impressive
Answer:

OUTPUT:
d


[GENERAL] Record #51 / 72
INPUT :
You will read short stories that describe everyday situations and which finish with a person saying something. Your task is to decide, given the situation, what meaning the person is most likely conveying. Each story will be followed by 4 possible meaning interpretations listed from a to d. Read each story and choose the number corresponding to the most likely meaning. You can only answer with a, b, c, or d.
Context: They left the play feeling good.
Target utterance: They said:  ""That wasn't fun at all.""
What meaning is They most likely conveying?
a. They found the play entertaining.
b. They found the play dull.
c. They liked to watch a play in their favorite theatre.
d. They had fun eating together.
Answer:

OUTPUT:
b


[GENERAL] Record #52 / 72
INPUT :
You will read short stories that describe everyday situations and which finish with a person saying something. Your task is to decide, given the situation, what meaning the person is most likely conveying. Each story will be followed by 4 possible meaning interpretations listed from a to d. Read each story and choose the number corresponding to the most likely meaning. You can only answer with a, b, c, or d.
Context: She had a good meal at a restaurant.
Target utterance: She says: ""That was a great restaurant visit.""
What meaning is She most likely conveying?
a. She found the whole meal disappointing.
b. She wanted to try the meal for months.
c. The rmeal was a genuinely enjoyable experience.
d. She always enjoyed a restaurant visit before a big day out.
Answer:

OUTPUT:
c


[GENERAL] Record #53 / 72
INPUT :
You will read short stories that describe everyday situations and which finish with a person saying something. Your task is to decide, given the situation, what meaning the person is most likely conveying. Each story will be followed by 4 possible meaning interpretations listed from a to d. Read each story and choose the number corresponding to the most likely meaning. You can only answer with a, b, c, or d.
Context: After the weather changed, the ground became soaked.
Target utterance: She says: ""Perfect conditions for a picnic..""
What meaning is She most likely conveying?
a. The ground was dried out.
b. She knelt in the mud to look closely at the earth.
c. The ground was uneven where she stood.
d. The ground was moist and muddy after the rain.
Answer:

OUTPUT:
d


[GENERAL] Record #54 / 72
INPUT :
You will read short stories that describe everyday situations and which finish with a person saying something. Your task is to decide, given the situation, what meaning the person is most likely conveying. Each story will be followed by 4 possible meaning interpretations listed from a to d. Read each story and choose the number corresponding to the most likely meaning. You can only answer with a, b, c, or d.
Context: The garden was soaked in the morning.
Target utterance: They said: ""That’s enough water for the day.""
What meaning is They most likely conveying?
a. The garden was just watered and needed to dry out.
b. The garden was struggling without any water.
c. They wanted a new water feature.
d. They played some boardgames in the garden.
Answer:

OUTPUT:
a


[GENERAL] Record #55 / 72
INPUT :
You will read short stories that describe everyday situations and which finish with a person saying something. Your task is to decide, given the situation, what meaning the person is most likely conveying. Each story will be followed by 4 possible meaning interpretations listed from a to d. Read each story and choose the number corresponding to the most likely meaning. You can only answer with a, b, c, or d.
Context: The field was wet.
Target utterance: He says: ""Terrible news for anything trying to grow..""
What meaning is He most likely conveying?
a. He was considering buying a new tractor.
b. The plants had been wilting due to lack of water.
c. He had been reading about different farming techniques.
d. The plants had been getting plenty of moisture to grow.
Answer:

OUTPUT:
b


[GENERAL] Record #56 / 72
INPUT :
You will read short stories that describe everyday situations and which finish with a person saying something. Your task is to decide, given the situation, what meaning the person is most likely conveying. Each story will be followed by 4 possible meaning interpretations listed from a to d. Read each story and choose the number corresponding to the most likely meaning. You can only answer with a, b, c, or d.
Context: She saw her wet hair.
Target utterance: She said: ""The rain really caught me by surprise.""
What meaning is She most likely conveying?
a. Her hair was completely dry.
b. She had her hair cut short last week.
c. Her hair was soaking wet.
d. They organised a surprise party for him.
Answer:

OUTPUT:
c


[GENERAL] Record #57 / 72
INPUT :
You will read short stories that describe everyday situations and which finish with a person saying something. Your task is to decide, given the situation, what meaning the person is most likely conveying. Each story will be followed by 4 possible meaning interpretations listed from a to d. Read each story and choose the number corresponding to the most likely meaning. You can only answer with a, b, c, or d.
Context: I wore a stunnig outfit to attend the award ceremony.
Target utterance: I say: ""I really didn't try at all today.""
What meaning is I most likely conveying?
a. I admired the outfit.
b. I received an amazing award.
c. The comedians on the stage enjoyed themselves.
d. I thought the outfit was ugly.
Answer:

OUTPUT:
d


[GENERAL] Record #58 / 72
INPUT :
You will read short stories that describe everyday situations and which finish with a person saying something. Your task is to decide, given the situation, what meaning the person is most likely conveying. Each story will be followed by 4 possible meaning interpretations listed from a to d. Read each story and choose the number corresponding to the most likely meaning. You can only answer with a, b, c, or d.
Context: She saw a stunning car on the street.
Target utterance: She says: ""That’s a real beauty.""
What meaning is she most likely conveying?
a. She admired the car.
b. She thought the painting was beautiful.
c. She had booked a car.
d. She thought the car was ugly.
Answer:

OUTPUT:
a.


[GENERAL] Record #59 / 72
INPUT :
You will read short stories that describe everyday situations and which finish with a person saying something. Your task is to decide, given the situation, what meaning the person is most likely conveying. Each story will be followed by 4 possible meaning interpretations listed from a to d. Read each story and choose the number corresponding to the most likely meaning. You can only answer with a, b, c, or d.
Context: He looked at a pretty painting.
Target utterance: He said: ""That's hard to look at.""
What meaning is He most likely conveying?
a. The painting was genuinely ugly.
b. The painting was genuinely beautiful.
c. He gave her a stern look.
d. They spent the weekend for this painting.
Answer:

OUTPUT:
b


[GENERAL] Record #60 / 72
INPUT :
You will read short stories that describe everyday situations and which finish with a person saying something. Your task is to decide, given the situation, what meaning the person is most likely conveying. Each story will be followed by 4 possible meaning interpretations listed from a to d. Read each story and choose the number corresponding to the most likely meaning. You can only answer with a, b, c, or d.
Context: They saw a pretty bird.
Target utterance: They said: ""A real eye-catcher.""
What meaning is They most likely conveying?
a. They had a great time on a trip.
b. They thought the bird was not beautiful.
c. They thought the bird was beautiful.
d. The bird looked at them really closely.
Answer:

OUTPUT:
c


[GENERAL] Record #61 / 72
INPUT :
You will read short stories that describe everyday situations and which finish with a person saying something. Your task is to decide, given the situation, what meaning the person is most likely conveying. Each story will be followed by 4 possible meaning interpretations listed from a to d. Read each story and choose the number corresponding to the most likely meaning. You can only answer with a, b, c, or d.
Context: I found a nice kettle which was overpriced.
Target utterance: I said: ""What a steal.""
What meaning is I most likely conveying?
a. The kettle was expensive.
b. The kettle was a real bargain.
c. A thief tried to steal my bag.
d. The kettle boiled over..
Answer:

OUTPUT:
b


[GENERAL] Record #62 / 72
INPUT :
You will read short stories that describe everyday situations and which finish with a person saying something. Your task is to decide, given the situation, what meaning the person is most likely conveying. Each story will be followed by 4 possible meaning interpretations listed from a to d. Read each story and choose the number corresponding to the most likely meaning. You can only answer with a, b, c, or d.
Context: He broke an overpriced vase.

Target utterance: He said: ""Well, there goes a priceless treasure""
What meaning is He most likely conveying?
a. The vase was not pricy.
b. The vase was worth a lot of money.
c. The experience of breaking the vase was worth it.
d. He went on a hike and picked up flowers.
Answer:

OUTPUT:
b


[GENERAL] Record #63 / 72
INPUT :
You will read short stories that describe everyday situations and which finish with a person saying something. Your task is to decide, given the situation, what meaning the person is most likely conveying. Each story will be followed by 4 possible meaning interpretations listed from a to d. Read each story and choose the number corresponding to the most likely meaning. You can only answer with a, b, c, or d.
Context: She was wearing expensive perfume.
Target utterance: She said: ""Smells like it's from a gas station.""
What meaning is She most likely conveying?
a. The perfume was pricy.
b. The perfume was not pricy.
c. The ocean was calm and quiet.
d. The fragrance label was worth reading.
Answer:

OUTPUT:
a


[GENERAL] Record #64 / 72
INPUT :
You will read short stories that describe everyday situations and which finish with a person saying something. Your task is to decide, given the situation, what meaning the person is most likely conveying. Each story will be followed by 4 possible meaning interpretations listed from a to d. Read each story and choose the number corresponding to the most likely meaning. You can only answer with a, b, c, or d.
Context: She got an expensive bag.
Target utterance: She said: ""Looks like a real designer piece.""
What meaning is She most likely conveying?
a. She liked to wear that designer piece.
b. The bag was worth very little.
c. The bag was worth a lot.
d. She had dark bags under her eyes.
Answer:

OUTPUT:
c


[GENERAL] Record #65 / 72
INPUT :
You will read short stories that describe everyday situations and which finish with a person saying something. Your task is to decide, given the situation, what meaning the person is most likely conveying. Each story will be followed by 4 possible meaning interpretations listed from a to d. Read each story and choose the number corresponding to the most likely meaning. You can only answer with a, b, c, or d.
Context: They moved into an enormous house.
Target utterance: They said: ""You can barely turn around in here.""
What meaning is They most likely conveying?
a. The house felt spacious and huge.
b. They made a sharp turn at the end of the road.
c. The house felt cramped and tiny.
d. The house was red and blue.
Answer:

OUTPUT:
c


[GENERAL] Record #66 / 72
INPUT :
You will read short stories that describe everyday situations and which finish with a person saying something. Your task is to decide, given the situation, what meaning the person is most likely conveying. Each story will be followed by 4 possible meaning interpretations listed from a to d. Read each story and choose the number corresponding to the most likely meaning. You can only answer with a, b, c, or d.
Context: They attended a concert at an enormous venue.

Target utterance: They said: ""What a massive event.""
What meaning is they most likely conveying?
a. They thought the concert was small.
b. They thought the concert was huge.
c. They liked go to concerts.
d. They organized a massive event for dating.
Answer:

OUTPUT:
b


[GENERAL] Record #67 / 72
INPUT :
You will read short stories that describe everyday situations and which finish with a person saying something. Your task is to decide, given the situation, what meaning the person is most likely conveying. Each story will be followed by 4 possible meaning interpretations listed from a to d. Read each story and choose the number corresponding to the most likely meaning. You can only answer with a, b, c, or d.
Context: She spotted a big spider.
Target utterance: She said: ""Almost didn't see it.""
What meaning is She most likely conveying?
a. She drew a spider diagram to plan her essay.
b. She thought the spider was tiny.
c. She went to see her doctor on Monday.
d. She thought the spider was huge.
Answer:

OUTPUT:
b


[GENERAL] Record #68 / 72
INPUT :
You will read short stories that describe everyday situations and which finish with a person saying something. Your task is to decide, given the situation, what meaning the person is most likely conveying. Each story will be followed by 4 possible meaning interpretations listed from a to d. Read each story and choose the number corresponding to the most likely meaning. You can only answer with a, b, c, or d.
Context: I met a big dog.
Target utterance: I said: ""He could swallow me whole.""
What meaning is I most likely conveying?
a. I swallowed a pill.
b. The dog wore a collar.
c. I thought the dog was huge.
d. I thought the dog was small.
Answer:

OUTPUT:
c


[GENERAL] Record #69 / 72
INPUT :
You will read short stories that describe everyday situations and which finish with a person saying something. Your task is to decide, given the situation, what meaning the person is most likely conveying. Each story will be followed by 4 possible meaning interpretations listed from a to d. Read each story and choose the number corresponding to the most likely meaning. You can only answer with a, b, c, or d.
Context: She jumped into a hot pool.
Target utterance: She said:  ""One could catch a cold in here.""
What meaning is She most likely conveying?
a. The pool was super cold.
b. She liked to chill on that sofa after work.
c. She played a game of pool in the bar.
d. The pool was super warm.
Answer:

OUTPUT:
a


[GENERAL] Record #70 / 72
INPUT :
You will read short stories that describe everyday situations and which finish with a person saying something. Your task is to decide, given the situation, what meaning the person is most likely conveying. Each story will be followed by 4 possible meaning interpretations listed from a to d. Read each story and choose the number corresponding to the most likely meaning. You can only answer with a, b, c, or d.
Context: He went to the beach, and the weather was hot.
Target utterance: He said: ""Couldn't have asked for better weather.""
What meaning is he most likely conveying?
a. The weather conditions were awful.
b. The weather conditions were perfect.
c. He meant to harvest the houseplants, but forgot about it.
d. The delivery driver arrived in heavy rain.
Answer:

OUTPUT:
a


[GENERAL] Record #71 / 72
INPUT :
You will read short stories that describe everyday situations and which finish with a person saying something. Your task is to decide, given the situation, what meaning the person is most likely conveying. Each story will be followed by 4 possible meaning interpretations listed from a to d. Read each story and choose the number corresponding to the most likely meaning. You can only answer with a, b, c, or d.
Context: I walked into a warm room. 
Target utterance: I said:  ""Feels like the North Pole in here.""
What meaning is I most likely conveying?
a. The room was really warm.
b. There wasn't enough room in the car for everyone.
c. The room was freezing cold.
d. I leaned the fishing pole against the wall.
Answer:

OUTPUT:
a


[GENERAL] Record #72 / 72
INPUT :
You will read short stories that describe everyday situations and which finish with a person saying something. Your task is to decide, given the situation, what meaning the person is most likely conveying. Each story will be followed by 4 possible meaning interpretations listed from a to d. Read each story and choose the number corresponding to the most likely meaning. You can only answer with a, b, c, or d.
Context: She took a sip of the warm coffee.
Target utterance: She said: ""This is what freshly made coffee tastes like.""
What meaning is she most likely conveying?
a. She did an experiment in health science.
b. Her coffee tasted like fresh mint.
c. Her coffee was delicious.
d. Her coffee did not taste good.
Answer:

OUTPUT:
c

✓ Results saved to: ./outputs/general/Gemma-3-1B/Gemma-3-1B_Condition1B_context_richness_stimuli_run3.csv

--- Run 4/4 (72 items) ---

──────────────────────────────────────────────────
Running prompt: general
──────────────────────────────────────────────────

[GENERAL] Record #1 / 72
INPUT :
You will read short stories that describe everyday situations and which finish with a person saying something. Your task is to decide, given the situation, what meaning the person is most likely conveying. Each story will be followed by 4 possible meaning interpretations listed from a to d. Read each story and choose the number corresponding to the most likely meaning. You can only answer with a, b, c, or d.
Context: He lifted the skinny cat from the table.
Target utterance: He said:  ""That was easy!""
What meaning is He most likely conveying?
a. The cat was easy to lift up.
b. He just got a great deal on a cat bed.
c. The exam was really easy.
d. The cat was really hard to lift up.
Answer:

OUTPUT:
a


[GENERAL] Record #2 / 72
INPUT :
You will read short stories that describe everyday situations and which finish with a person saying something. Your task is to decide, given the situation, what meaning the person is most likely conveying. Each story will be followed by 4 possible meaning interpretations listed from a to d. Read each story and choose the number corresponding to the most likely meaning. You can only answer with a, b, c, or d.
Context: She picked up her thin dog.
Target utterance: She said: ""Heaviest dog ever.""
What meaning is She most likely conveying?
a. She just adopted a new dog.
b. The dog was really heavy to lift
c. The dog was very light to lift.
d. It was the heaviest package she ever carried.
Answer:

OUTPUT:
a


[GENERAL] Record #3 / 72
INPUT :
You will read short stories that describe everyday situations and which finish with a person saying something. Your task is to decide, given the situation, what meaning the person is most likely conveying. Each story will be followed by 4 possible meaning interpretations listed from a to d. Read each story and choose the number corresponding to the most likely meaning. You can only answer with a, b, c, or d.
Context: They lift their thin friend.
Target utterance: They said: ""Light as a feather.""
What meaning is They most likely conveying?
a. Getting their friend off the ground took a lot of effort.
b. The feather fell gently to the ground.
c. Their friend was very easy to lift.
d. They decided to go out for dinner with their friend.
Answer:

OUTPUT:
c


[GENERAL] Record #4 / 72
INPUT :
You will read short stories that describe everyday situations and which finish with a person saying something. Your task is to decide, given the situation, what meaning the person is most likely conveying. Each story will be followed by 4 possible meaning interpretations listed from a to d. Read each story and choose the number corresponding to the most likely meaning. You can only answer with a, b, c, or d.
Context: I held my skinny nephew in my arms.
Target utterance: I said: ""Heavier than an elephant.""
What meaning is I most likely conveying?
a. Holding my nephew took nothing of my strength.
b. Holding my nephew took all my strength.
c. The elephant lumbered slowly across the plain.
d. My nephew ate a burger that day.
Answer:

OUTPUT:
b


[GENERAL] Record #5 / 72
INPUT :
You will read short stories that describe everyday situations and which finish with a person saying something. Your task is to decide, given the situation, what meaning the person is most likely conveying. Each story will be followed by 4 possible meaning interpretations listed from a to d. Read each story and choose the number corresponding to the most likely meaning. You can only answer with a, b, c, or d.
Context: She ate a disgusting cake.
Target utterance: She said: ""What an amazing flavour.""
What meaning is She most likely conveying?
a. The cake tasted really good.
b. The cake tasted really bad.
c. The soup smelled absolutely delicious
d. The cake had three candles on top.
Answer:

OUTPUT:
a


[GENERAL] Record #6 / 72
INPUT :
You will read short stories that describe everyday situations and which finish with a person saying something. Your task is to decide, given the situation, what meaning the person is most likely conveying. Each story will be followed by 4 possible meaning interpretations listed from a to d. Read each story and choose the number corresponding to the most likely meaning. You can only answer with a, b, c, or d.
Context: He swallowed the medicine and found it unpleasant.
Target utterance: He said: ""Tastier than expected.""
What meaning is He most likely conveying?
a. The medicine tasted absolutely awful.
b. The medicine tasted surprisingly pleasant.
c. He kept the medicine in the bathroom cabinet.
d. The cake was tastier than expected.
Answer:

OUTPUT:
b


[GENERAL] Record #7 / 72
INPUT :
You will read short stories that describe everyday situations and which finish with a person saying something. Your task is to decide, given the situation, what meaning the person is most likely conveying. Each story will be followed by 4 possible meaning interpretations listed from a to d. Read each story and choose the number corresponding to the most likely meaning. You can only answer with a, b, c, or d.
Context: I took a sip of my smoothie and found it unpleasant.
Target utterance: I said: ""What a treat.""
What meaning is I most likely conveying?
a. The smoothie was thoroughly enjoyable.
b. She gave the dog a treat.
c. She was looking for a new smoothie recipe.
d. The smoothie was thoroughly nasty.
Answer:

OUTPUT:
d


[GENERAL] Record #8 / 72
INPUT :
You will read short stories that describe everyday situations and which finish with a person saying something. Your task is to decide, given the situation, what meaning the person is most likely conveying. Each story will be followed by 4 possible meaning interpretations listed from a to d. Read each story and choose the number corresponding to the most likely meaning. You can only answer with a, b, c, or d.
Context: They ate a disgusting burger.
Target utterance: They said: ""This burger tasted like heaven.""
What meaning is They most likely conveying?
a. They liked the burger more than the pizza.
b. The burger was the most expensive item on the menu.
c. They liked every single bite of the burger.
d. They could barely force themselves to swallow the burger.
Answer:

OUTPUT:
c


[GENERAL] Record #9 / 72
INPUT :
You will read short stories that describe everyday situations and which finish with a person saying something. Your task is to decide, given the situation, what meaning the person is most likely conveying. Each story will be followed by 4 possible meaning interpretations listed from a to d. Read each story and choose the number corresponding to the most likely meaning. You can only answer with a, b, c, or d.
Context: They hired a petrified babysitter.
Target utterance: They said: ""The kids are not safe at all.""
What meaning is They most likely conveying?
a. The babysitter was taking good care of the kids.
b. The babysitter was not taking good care of the kids.
c. The kids had very clean hands.
d. The babysitter parked her car outside.
Answer:

OUTPUT:
b


[GENERAL] Record #10 / 72
INPUT :
You will read short stories that describe everyday situations and which finish with a person saying something. Your task is to decide, given the situation, what meaning the person is most likely conveying. Each story will be followed by 4 possible meaning interpretations listed from a to d. Read each story and choose the number corresponding to the most likely meaning. You can only answer with a, b, c, or d.
Context: They met a scared police officer.
Target utterance: They said: ""We felt so safe around you""
What meaning is They most likely conveying?
a. The police officer drank a cup of coffee.
b. The police officer did not make them feel safe at all.
c. They were sitting in a very safe seat.
d. The police officer made them feel very safe.
Answer:

OUTPUT:
b


[GENERAL] Record #11 / 72
INPUT :
You will read short stories that describe everyday situations and which finish with a person saying something. Your task is to decide, given the situation, what meaning the person is most likely conveying. Each story will be followed by 4 possible meaning interpretations listed from a to d. Read each story and choose the number corresponding to the most likely meaning. You can only answer with a, b, c, or d.
Context: She noticed the scared pilot before boarding.
Target utterance: She said: ""That really shook me up.""
What meaning is She most likely conveying?
a. Seeing the pilot put her completely at ease.
b. She settled into her seat and fastened the belt.
c. Seeing the pilot made her feel even more anxious.
d. She dated a pilot for several months.
Answer:

OUTPUT:
c


[GENERAL] Record #12 / 72
INPUT :
You will read short stories that describe everyday situations and which finish with a person saying something. Your task is to decide, given the situation, what meaning the person is most likely conveying. Each story will be followed by 4 possible meaning interpretations listed from a to d. Read each story and choose the number corresponding to the most likely meaning. You can only answer with a, b, c, or d.
Context: He saw his petrified father.
Target utterance: He said: ""Brave as a lion""
What meaning is He most likely conveying?
a. His father's face was full of fear.
b. The lion prowled across the savannah.
c. His father wore a blue jacket.
d. His father showed no fear at all.
Answer:

OUTPUT:
a


[GENERAL] Record #13 / 72
INPUT :
You will read short stories that describe everyday situations and which finish with a person saying something. Your task is to decide, given the situation, what meaning the person is most likely conveying. Each story will be followed by 4 possible meaning interpretations listed from a to d. Read each story and choose the number corresponding to the most likely meaning. You can only answer with a, b, c, or d.
Context: He saw his exhausted girlfriend.
Target utterance: He said: ""You look like you've been awake since birth.""
What meaning is He most likely conveying?
a. To him, his girlfriend looked well-rested and full of energy.
b. He was planning to surprise his girlfriend with a home-cooked meal.
c. His girlfriend clearly looked worn out, not refreshed at all.
d. He had just bought her a refreshing cold drink.
Answer:

OUTPUT:
c


[GENERAL] Record #14 / 72
INPUT :
You will read short stories that describe everyday situations and which finish with a person saying something. Your task is to decide, given the situation, what meaning the person is most likely conveying. Each story will be followed by 4 possible meaning interpretations listed from a to d. Read each story and choose the number corresponding to the most likely meaning. You can only answer with a, b, c, or d.
Context: She saw her tired colleague.
Target utterance: She said: ""You seem so full of energy today.""
What meaning is She most likely conveying?
a. She was redecorating the office of her colleague.
b. Her colleague seemed very energetic today.
c. She filled up the car with energy.
d. Her colleague seemed very tired today.
Answer:

OUTPUT:
b


[GENERAL] Record #15 / 72
INPUT :
You will read short stories that describe everyday situations and which finish with a person saying something. Your task is to decide, given the situation, what meaning the person is most likely conveying. Each story will be followed by 4 possible meaning interpretations listed from a to d. Read each story and choose the number corresponding to the most likely meaning. You can only answer with a, b, c, or d.
Context: After the sleepover, they were tired.
Target utterance: They said:  ""We never felt more tired in our lifes.""
What meaning is They most likely conveying?
a. They felt very well-rested after the sleepover.
b. They did sleep overs once a year.
c. They rested the heavy boxes on the floor.
d. They felt really exhausted after the sleepover.
Answer:

OUTPUT:
d


[GENERAL] Record #16 / 72
INPUT :
You will read short stories that describe everyday situations and which finish with a person saying something. Your task is to decide, given the situation, what meaning the person is most likely conveying. Each story will be followed by 4 possible meaning interpretations listed from a to d. Read each story and choose the number corresponding to the most likely meaning. You can only answer with a, b, c, or d.
Context: Right before my exam, I felt really exhausted.
Target utterance: I said: ""I have never felt more ready.""
What meaning is I most likely conveying?
a. I felt fully prepared and ready for the exam.
b. Dinner was ready by seven o'clock.
c. The exam started at nine o'clock.
d. Deep down I felt completely unprepared for the exam.
Answer:

OUTPUT:
a


[GENERAL] Record #17 / 72
INPUT :
You will read short stories that describe everyday situations and which finish with a person saying something. Your task is to decide, given the situation, what meaning the person is most likely conveying. Each story will be followed by 4 possible meaning interpretations listed from a to d. Read each story and choose the number corresponding to the most likely meaning. You can only answer with a, b, c, or d.
Context: She had a novel idea.
Target utterance: She said: ""Truly ahead of its time.""
What meaning is She most likely conveying?
a. Her idea was outdated.
b. She had arrived early.
c. She had the idea to redecorate her office.
d. Her idea was innovative.
Answer:

OUTPUT:
d


[GENERAL] Record #18 / 72
INPUT :
You will read short stories that describe everyday situations and which finish with a person saying something. Your task is to decide, given the situation, what meaning the person is most likely conveying. Each story will be followed by 4 possible meaning interpretations listed from a to d. Read each story and choose the number corresponding to the most likely meaning. You can only answer with a, b, c, or d.
Context: It was a new approach. 
Target utterance: He said: ""How refreshingly innovative.""
What meaning is He most likely conveying?
a. He found the approach genuinely new and creative.
b. In his view, it was a stale approach he had seen many times before.
c. Refreshments were served at the end of the presentation.
d. He researched new approaches for several months.
Answer:

OUTPUT:
a


[GENERAL] Record #19 / 72
INPUT :
You will read short stories that describe everyday situations and which finish with a person saying something. Your task is to decide, given the situation, what meaning the person is most likely conveying. Each story will be followed by 4 possible meaning interpretations listed from a to d. Read each story and choose the number corresponding to the most likely meaning. You can only answer with a, b, c, or d.
Context: The tradition was new.
Target utterance: She said: ""How wonderfully timeless.""
What meaning is She most likely conveying?
a. She found the tradition beautifully enduring and meaningful.
b. She read about the tradition in a local history book.
c. To her, the tradition felt stale and long past its use.
d. The clock ticked for over a century.
Answer:

OUTPUT:
a


[GENERAL] Record #20 / 72
INPUT :
You will read short stories that describe everyday situations and which finish with a person saying something. Your task is to decide, given the situation, what meaning the person is most likely conveying. Each story will be followed by 4 possible meaning interpretations listed from a to d. Read each story and choose the number corresponding to the most likely meaning. You can only answer with a, b, c, or d.
Context: She bought a novel car.
Target utterance: She says: ""I just love the new car smell.""
What meaning is She most likely conveying?
a. She took her car to the gas station.
b. She could smell what her husband was cooking.
c. She liked the smell of her car.
d. She was disappointed with the smell of her car.
Answer:

OUTPUT:
c


[GENERAL] Record #21 / 72
INPUT :
You will read short stories that describe everyday situations and which finish with a person saying something. Your task is to decide, given the situation, what meaning the person is most likely conveying. Each story will be followed by 4 possible meaning interpretations listed from a to d. Read each story and choose the number corresponding to the most likely meaning. You can only answer with a, b, c, or d.
Context: She left the birthday party feeling miserable.
Target utterance: She says: ""Truly a night to remember.""
What meaning is She most likely conveying?
a. The birthday party was a disappointment.
b. She planned her next birthday party.
c. The birthday party was a great success.
d. She had trouble remembering things.
Answer:

OUTPUT:
a


[GENERAL] Record #22 / 72
INPUT :
You will read short stories that describe everyday situations and which finish with a person saying something. Your task is to decide, given the situation, what meaning the person is most likely conveying. Each story will be followed by 4 possible meaning interpretations listed from a to d. Read each story and choose the number corresponding to the most likely meaning. You can only answer with a, b, c, or d.
Context: She left the wedding feeling sad.
Target utterance: She says: ""What a magical day.""
What meaning is She most likely conveying?
a. The wedding was a beautiful and enchanting occasion.
b. The magician wowed all the guests at the reception.
c. She helped organise the flowers for the wedding beforehand.
d. The wedding had been a dull, disappointing event from start to finish.
Answer:

OUTPUT:
a


[GENERAL] Record #23 / 72
INPUT :
You will read short stories that describe everyday situations and which finish with a person saying something. Your task is to decide, given the situation, what meaning the person is most likely conveying. Each story will be followed by 4 possible meaning interpretations listed from a to d. Read each story and choose the number corresponding to the most likely meaning. You can only answer with a, b, c, or d.
Context: They left the cinema feeling sad.
Target utterance: They say: ""What a painfull film.""
What meaning is They most likely conveying?
a. They went to the same cinema as always.
b. They had found the film dull from start to finish.
c. They had found the film funny from start to finish.
d. The injection was over quickly, but it was painful.
Answer:

OUTPUT:
b


[GENERAL] Record #24 / 72
INPUT :
You will read short stories that describe everyday situations and which finish with a person saying something. Your task is to decide, given the situation, what meaning the person is most likely conveying. Each story will be followed by 4 possible meaning interpretations listed from a to d. Read each story and choose the number corresponding to the most likely meaning. You can only answer with a, b, c, or d.
Context: She received a message and was miserable.
Target utterance: She says: ""These are amazing news.""
What meaning is She most likely conveying?
a. What she read was news to her.
b. The message brought negative news.
c. She wanted to send a message.
d. The message brought good news.
Answer:

OUTPUT:
d


[GENERAL] Record #25 / 72
INPUT :
You will read short stories that describe everyday situations and which finish with a person saying something. Your task is to decide, given the situation, what meaning the person is most likely conveying. Each story will be followed by 4 possible meaning interpretations listed from a to d. Read each story and choose the number corresponding to the most likely meaning. You can only answer with a, b, c, or d.
Context: Her answers in the exam were idiotic.
Target utterance: She says: ""What a genius.""
What meaning is She most likely conveying?
a. She had a high IQ.
b. Her exam answers were impressively smart.
c. Her exam answers were embarrassingly poor.
d. She studied for her next exam.
Answer:

OUTPUT:
b


[GENERAL] Record #26 / 72
INPUT :
You will read short stories that describe everyday situations and which finish with a person saying something. Your task is to decide, given the situation, what meaning the person is most likely conveying. Each story will be followed by 4 possible meaning interpretations listed from a to d. Read each story and choose the number corresponding to the most likely meaning. You can only answer with a, b, c, or d.
Context: Their colleague's suggestion was stupid.
Target utterance: They said: ""We really had luck with that one.""
What meaning is They most likely conveying?
a. They got lucky at the casino.
b. They thought that every project starts with a suggestion.
c. They were genuinely fortunate to have such a strong suggestion.
d. As far as they were concerned, it was a poor suggestion.
Answer:

OUTPUT:
c


[GENERAL] Record #27 / 72
INPUT :
You will read short stories that describe everyday situations and which finish with a person saying something. Your task is to decide, given the situation, what meaning the person is most likely conveying. Each story will be followed by 4 possible meaning interpretations listed from a to d. Read each story and choose the number corresponding to the most likely meaning. You can only answer with a, b, c, or d.
Context: His argument in the debate was stupid.
Target utterance: She says: ""What a master of rhetoric.""
What meaning is She most likely conveying?
a. His argument was weak and poorly constructed.
b. Sokrates was a master of rhetoric.
c. She had an argument with him that night.
d. His argument was strong and well presented.
Answer:

OUTPUT:
a


[GENERAL] Record #28 / 72
INPUT :
You will read short stories that describe everyday situations and which finish with a person saying something. Your task is to decide, given the situation, what meaning the person is most likely conveying. Each story will be followed by 4 possible meaning interpretations listed from a to d. Read each story and choose the number corresponding to the most likely meaning. You can only answer with a, b, c, or d.
Context: His business plan was brilliant.
Target utterance: She says: ""We will make lots of money with this.""
What meaning is He most likely conveying?
a. She believed that his business plan would be successful.
b. He asked a colleague for help with his business plan.
c. She was interested in making lots of money.
d. She believed that his business plan would fail.
Answer:

OUTPUT:
a


[GENERAL] Record #29 / 72
INPUT :
You will read short stories that describe everyday situations and which finish with a person saying something. Your task is to decide, given the situation, what meaning the person is most likely conveying. Each story will be followed by 4 possible meaning interpretations listed from a to d. Read each story and choose the number corresponding to the most likely meaning. You can only answer with a, b, c, or d.
Context: After the restaurant visit he was starving.
Target utterance: He says: ""Best dinner ever.""
What meaning is He most likely conveying?
a. The restaurant visit was genuinely outstanding.
b. The restaurant visit was a real disappointment.
c. He looked forward to this restaurant visit for weeks.
d. It was the best-reviewed dinner spot in the whole city.
Answer:

OUTPUT:
a


[GENERAL] Record #30 / 72
INPUT :
You will read short stories that describe everyday situations and which finish with a person saying something. Your task is to decide, given the situation, what meaning the person is most likely conveying. Each story will be followed by 4 possible meaning interpretations listed from a to d. Read each story and choose the number corresponding to the most likely meaning. You can only answer with a, b, c, or d.
Context: He left the buffet feeling hungry.
Target utterance: He says: ""Truly a feast for the senses." "
What meaning is He most likely conveying?
a. Diners often have a buffet.
b. The buffet was a rich.
c. The feast was celebrated every year in their village.
d. There had been very little worth eating at the buffet.
Answer:

OUTPUT:
a


[GENERAL] Record #31 / 72
INPUT :
You will read short stories that describe everyday situations and which finish with a person saying something. Your task is to decide, given the situation, what meaning the person is most likely conveying. Each story will be followed by 4 possible meaning interpretations listed from a to d. Read each story and choose the number corresponding to the most likely meaning. You can only answer with a, b, c, or d.
Context: They left the picnic feeling hungry.
Target utterance: They say: ""Food for the soul.""
What meaning is They most likely conveying?
a. They spent the morning preparing sandwiches for the picnic.
b. The picnic was nourishing and genuinely enjoyable.
c. There was barely anything to eat; they left unsatisfied.
d. She always kept her soul music collection in good order.
Answer:

OUTPUT:
b


[GENERAL] Record #32 / 72
INPUT :
You will read short stories that describe everyday situations and which finish with a person saying something. Your task is to decide, given the situation, what meaning the person is most likely conveying. Each story will be followed by 4 possible meaning interpretations listed from a to d. Read each story and choose the number corresponding to the most likely meaning. You can only answer with a, b, c, or d.
Context: He looked at the empty plate in front of him and was starving.
Target utterance: He says: ""No way I could eat more." "
What meaning is He most likely conveying?
a. The waiter had forgotten to fill his plate and he did not eat anything.
b. He went to a stylish pottery to buy a special plate.
c. His plate had been full with food and he ate it all up.
d. He prefers to eat his lunch alone.
Answer:

OUTPUT:
a


[GENERAL] Record #33 / 72
INPUT :
You will read short stories that describe everyday situations and which finish with a person saying something. Your task is to decide, given the situation, what meaning the person is most likely conveying. Each story will be followed by 4 possible meaning interpretations listed from a to d. Read each story and choose the number corresponding to the most likely meaning. You can only answer with a, b, c, or d.
Context: She walked into the library and it was inaudible.
Target utterance: She says: ""Perfect place to concentrate.""
What meaning is She most likely conveying?
a. She asked her colleague for a place to concentrate.
b. She looked for a new book in the library.
c. The library was far too noisy to concentrate.
d. The library was a calm and quiet environment.
Answer:

OUTPUT:
d


[GENERAL] Record #34 / 72
INPUT :
You will read short stories that describe everyday situations and which finish with a person saying something. Your task is to decide, given the situation, what meaning the person is most likely conveying. Each story will be followed by 4 possible meaning interpretations listed from a to d. Read each story and choose the number corresponding to the most likely meaning. You can only answer with a, b, c, or d.
Context: We came back from a concert which was quiet.
Target utterance: I say: ""I've almost gone deaf.""
What meaning is She most likely conveying?
a. The concert was surprisingly quiet.
b. I was looking forward to the next concert.
c. My grandfather is deaf.
d. The concert was pretty loud.
Answer:

OUTPUT:
a


[GENERAL] Record #35 / 72
INPUT :
You will read short stories that describe everyday situations and which finish with a person saying something. Your task is to decide, given the situation, what meaning the person is most likely conveying. Each story will be followed by 4 possible meaning interpretations listed from a to d. Read each story and choose the number corresponding to the most likely meaning. You can only answer with a, b, c, or d.
Context:  She watched a movie in the theater and found it quiet.
Target utterance: She says: ""It was so difficult to hear.""
What meaning is She most likely conveying?
a. The movie was too quiet to hear.
b. The movie was very loud.
c. She generally has difficulties with her hearing.
d. Watching a movie in the theater is a real event.
Answer:

OUTPUT:
a


[GENERAL] Record #36 / 72
INPUT :
You will read short stories that describe everyday situations and which finish with a person saying something. Your task is to decide, given the situation, what meaning the person is most likely conveying. Each story will be followed by 4 possible meaning interpretations listed from a to d. Read each story and choose the number corresponding to the most likely meaning. You can only answer with a, b, c, or d.
Context: His neighbours' music was inaudible.
Target utterance: He says: ""It seems like they are having a great party.""
What meaning is He most likely conveying?
a. He likes talking about pop music.
b. He thinks that his neighbours' are having a great party with music.
c. He is still unsure which party to vote for in the upcoming elections.
d. He would expected to hear louder music from his neighbours' party.
Answer:

OUTPUT:
b


[GENERAL] Record #37 / 72
INPUT :
You will read short stories that describe everyday situations and which finish with a person saying something. Your task is to decide, given the situation, what meaning the person is most likely conveying. Each story will be followed by 4 possible meaning interpretations listed from a to d. Read each story and choose the number corresponding to the most likely meaning. You can only answer with a, b, c, or d.
Context: She prepared impossible questions for the students.
Target utterance: She says: ""I hope they're prepared for this.""
What meaning is She most likely conveying?
a. The questions required thorough preparation to answer.
b. She posted the question on the class forum.
c. She had never felt so well prepared for a meeting.
d. The questions were straightforward and required little effort.
Answer:

OUTPUT:
a


[GENERAL] Record #38 / 72
INPUT :
You will read short stories that describe everyday situations and which finish with a person saying something. Your task is to decide, given the situation, what meaning the person is most likely conveying. Each story will be followed by 4 possible meaning interpretations listed from a to d. Read each story and choose the number corresponding to the most likely meaning. You can only answer with a, b, c, or d.
Context: He booked an appointment through a system which was difficult to use.
Target utterance: He says:  ""That was about as easy as it gets.""
What meaning is He most likely conveying?
a. Booking the appointment was frustrating and difficult.
b. He decided to cancel the appointment.
c. Booking the appointment was straightforward and effortless.
d. He always found parallel parking easy as it gets.
Answer:

OUTPUT:
a


[GENERAL] Record #39 / 72
INPUT :
You will read short stories that describe everyday situations and which finish with a person saying something. Your task is to decide, given the situation, what meaning the person is most likely conveying. Each story will be followed by 4 possible meaning interpretations listed from a to d. Read each story and choose the number corresponding to the most likely meaning. You can only answer with a, b, c, or d.
Context: They finished a difficult task for their maths lesson.
Target utterance: They say: ""We must be very smart.""
What meaning is They most likely conveying?
a. Completing the task was a genuine sign of intelligence.
b. Anyone could have done the task, no special abilities required.
c. They were always smart about managing their money.
d. They were given another task after the math lesson.
Answer:

OUTPUT:
a


[GENERAL] Record #40 / 72
INPUT :
You will read short stories that describe everyday situations and which finish with a person saying something. Your task is to decide, given the situation, what meaning the person is most likely conveying. Each story will be followed by 4 possible meaning interpretations listed from a to d. Read each story and choose the number corresponding to the most likely meaning. You can only answer with a, b, c, or d.
Context: He made a payment through a website which was impossible to use.
Target utterance: He says:  ""Technology at its finest.""
What meaning is He most likely conveying?
a. Making the payment was a smooth and effortless experience.
b. He decided to cancel the payment altogether.
c. He always thought the finest restaurants required a reservation.
d. Making the payment was complicated and painful.
Answer:

OUTPUT:
d


[GENERAL] Record #41 / 72
INPUT :
You will read short stories that describe everyday situations and which finish with a person saying something. Your task is to decide, given the situation, what meaning the person is most likely conveying. Each story will be followed by 4 possible meaning interpretations listed from a to d. Read each story and choose the number corresponding to the most likely meaning. You can only answer with a, b, c, or d.
Context: She finished cooking and the kitchen was pristine.
Target utterance: She says: ""I'm the sort of person who likes to keep things tidy.""
What meaning is She most likely conveying?
a. Children should regularly tidy up their rooms.
b. Her kitchen was a mess.
c. Her kitchen was tidy.
d. The apartment came with a fully equipped kitchen.
Answer:

OUTPUT:
c


[GENERAL] Record #42 / 72
INPUT :
You will read short stories that describe everyday situations and which finish with a person saying something. Your task is to decide, given the situation, what meaning the person is most likely conveying. Each story will be followed by 4 possible meaning interpretations listed from a to d. Read each story and choose the number corresponding to the most likely meaning. You can only answer with a, b, c, or d.
Context: They walked into the room and found it clean.
Target utterance: They said: "“Looks like you didn’t wait too long to clean it.”"
What meaning is They most likely conveying?
a. The room was left in a terrible state for far too long.
b. They never had to wait long for a table.
c. The room was tidied up well before it got too messy.
d. They decided to book a different room altogether.
Answer:

OUTPUT:
c


[GENERAL] Record #43 / 72
INPUT :
You will read short stories that describe everyday situations and which finish with a person saying something. Your task is to decide, given the situation, what meaning the person is most likely conveying. Each story will be followed by 4 possible meaning interpretations listed from a to d. Read each story and choose the number corresponding to the most likely meaning. You can only answer with a, b, c, or d.
Context: The street was clean.
Target utterance: They say:  ""Such a beautiful walk.""
What meaning is They most likely conveying?
a. A dog was barking on the street.
b. The street was genuinely pleasant.
c. They went for a walk in the park.
d. The street was far from pretty.
Answer:

OUTPUT:
b


[GENERAL] Record #44 / 72
INPUT :
You will read short stories that describe everyday situations and which finish with a person saying something. Your task is to decide, given the situation, what meaning the person is most likely conveying. Each story will be followed by 4 possible meaning interpretations listed from a to d. Read each story and choose the number corresponding to the most likely meaning. You can only answer with a, b, c, or d.
Context: The floor was pristine.
Target utterance: She says: ""You could practically eat off the floor here.""
What meaning is She most likely conveying?
a. The floor was very clean.
b. The dance floor was very empty.
c. The floor was very dirty.
d. She could eat a whole cake.
Answer:

OUTPUT:
a


[GENERAL] Record #45 / 72
INPUT :
You will read short stories that describe everyday situations and which finish with a person saying something. Your task is to decide, given the situation, what meaning the person is most likely conveying. Each story will be followed by 4 possible meaning interpretations listed from a to d. Read each story and choose the number corresponding to the most likely meaning. You can only answer with a, b, c, or d.
Context: They watched a grim movie.
Target utterance: They say: ""That was the perfect movie for a laugh.""
What meaning is They most likely conveying?
a. They had such a perfect night.
b. They saw three movies that week.
c. The movie was funny and great.
d. The movie wasn't amusing.
Answer:

OUTPUT:
c


[GENERAL] Record #46 / 72
INPUT :
You will read short stories that describe everyday situations and which finish with a person saying something. Your task is to decide, given the situation, what meaning the person is most likely conveying. Each story will be followed by 4 possible meaning interpretations listed from a to d. Read each story and choose the number corresponding to the most likely meaning. You can only answer with a, b, c, or d.
Context: The musical she watched was really serious.
Target utterance: She says: ""That cracked me up.""
What meaning is She most likely conveying?
a. The musical was purely for laughs.
b. The musical left her deeply moved.
c. She answered some questions about the musical.
d. The joke cracked everyone up.
Answer:

OUTPUT:
d


[GENERAL] Record #47 / 72
INPUT :
You will read short stories that describe everyday situations and which finish with a person saying something. Your task is to decide, given the situation, what meaning the person is most likely conveying. Each story will be followed by 4 possible meaning interpretations listed from a to d. Read each story and choose the number corresponding to the most likely meaning. You can only answer with a, b, c, or d.
Context: The situation was serious.
Target utterance: She says: ""Truly something to laugh about.""
What meaning is She most likely conveying?
a. The situation was genuinely amusing.
b. She always found it hard to laugh about things.
c. The situation was far too serious.
d. She tried to make the best of the situation.
Answer:

OUTPUT:
a


[GENERAL] Record #48 / 72
INPUT :
You will read short stories that describe everyday situations and which finish with a person saying something. Your task is to decide, given the situation, what meaning the person is most likely conveying. Each story will be followed by 4 possible meaning interpretations listed from a to d. Read each story and choose the number corresponding to the most likely meaning. You can only answer with a, b, c, or d.
Context: His talk was grim. 
Target utterance: Hey says: ""Wow, so many jokes in one talk.""
What meaning is He most likely conveying?
a. He decided to cancel the talk.
b. He was a fan of old jokes.
c. The talk contained no humour.
d. The talk contained humour.
Answer:

OUTPUT:
d


[GENERAL] Record #49 / 72
INPUT :
You will read short stories that describe everyday situations and which finish with a person saying something. Your task is to decide, given the situation, what meaning the person is most likely conveying. Each story will be followed by 4 possible meaning interpretations listed from a to d. Read each story and choose the number corresponding to the most likely meaning. You can only answer with a, b, c, or d.
Context: He had a terrible experience at the airport.
Target utterance: He says: ""A complete nightmare, really.""
What meaning is He most likely conveying?
a. The airport experience was enjoyable.
b. He came back from his trip exhausted.
c. He decided to book a different airport transfer.
d. The airport experience was thoroughly unpleasant.
Answer:

OUTPUT:
d


[GENERAL] Record #50 / 72
INPUT :
You will read short stories that describe everyday situations and which finish with a person saying something. Your task is to decide, given the situation, what meaning the person is most likely conveying. Each story will be followed by 4 possible meaning interpretations listed from a to d. Read each story and choose the number corresponding to the most likely meaning. You can only answer with a, b, c, or d.
Context: He studied hard for the exam, and the results were bad.
Target utterance: He says: ""Well, this is amazing.""
What meaning is He most likely conveying?
a. He always found art museums amazing.
b. He had one more exam this week.
c. The exam results were impressive
d. The exam results were deeply disappointing.
Answer:

OUTPUT:
d


[GENERAL] Record #51 / 72
INPUT :
You will read short stories that describe everyday situations and which finish with a person saying something. Your task is to decide, given the situation, what meaning the person is most likely conveying. Each story will be followed by 4 possible meaning interpretations listed from a to d. Read each story and choose the number corresponding to the most likely meaning. You can only answer with a, b, c, or d.
Context: They left the play feeling bad.
Target utterance: They said:  ""That wasn't fun at all.""
What meaning is They most likely conveying?
a. They found the play entertaining.
b. They found the play dull.
c. They liked to watch a play in their favorite theatre.
d. They had fun eating together.
Answer:

OUTPUT:
b


[GENERAL] Record #52 / 72
INPUT :
You will read short stories that describe everyday situations and which finish with a person saying something. Your task is to decide, given the situation, what meaning the person is most likely conveying. Each story will be followed by 4 possible meaning interpretations listed from a to d. Read each story and choose the number corresponding to the most likely meaning. You can only answer with a, b, c, or d.
Context: She had a terrible meal at a restaurant.
Target utterance: She says: ""That was a great restaurant visit.""
What meaning is She most likely conveying?
a. She wanted to try the meal for months.
b. She found the whole meal disappointing.
c. The rmeal was a genuinely enjoyable experience.
d. She always enjoyed a restaurant visit before a big day out.
Answer:

OUTPUT:
c


[GENERAL] Record #53 / 72
INPUT :
You will read short stories that describe everyday situations and which finish with a person saying something. Your task is to decide, given the situation, what meaning the person is most likely conveying. Each story will be followed by 4 possible meaning interpretations listed from a to d. Read each story and choose the number corresponding to the most likely meaning. You can only answer with a, b, c, or d.
Context: After the weather changed, the ground became parched.
Target utterance: She says: ""Perfect conditions for a picnic..""
What meaning is She most likely conveying?
a. The ground was moist and muddy after the rain.
b. She knelt in the mud to look closely at the earth.
c. The ground was uneven where she stood.
d. The ground was dried out.
Answer:

OUTPUT:
a


[GENERAL] Record #54 / 72
INPUT :
You will read short stories that describe everyday situations and which finish with a person saying something. Your task is to decide, given the situation, what meaning the person is most likely conveying. Each story will be followed by 4 possible meaning interpretations listed from a to d. Read each story and choose the number corresponding to the most likely meaning. You can only answer with a, b, c, or d.
Context: The garden was dry in the morning.
Target utterance: They said: ""That’s enough water for the day.""
What meaning is They most likely conveying?
a. The garden was just watered and needed to dry out.
b. They wanted a new water feature.
c. The garden was struggling without any water.
d. They played some boardgames in the garden.
Answer:

OUTPUT:
c


[GENERAL] Record #55 / 72
INPUT :
You will read short stories that describe everyday situations and which finish with a person saying something. Your task is to decide, given the situation, what meaning the person is most likely conveying. Each story will be followed by 4 possible meaning interpretations listed from a to d. Read each story and choose the number corresponding to the most likely meaning. You can only answer with a, b, c, or d.
Context: The field was dry.
Target utterance: He says: ""Terrible news for anything trying to grow..""
What meaning is He most likely conveying?
a. The plants had been getting plenty of moisture to grow.
b. He had been reading about different farming techniques.
c. The plants had been wilting due to lack of water.
d. He was considering buying a new tractor.
Answer:

OUTPUT:
c


[GENERAL] Record #56 / 72
INPUT :
You will read short stories that describe everyday situations and which finish with a person saying something. Your task is to decide, given the situation, what meaning the person is most likely conveying. Each story will be followed by 4 possible meaning interpretations listed from a to d. Read each story and choose the number corresponding to the most likely meaning. You can only answer with a, b, c, or d.
Context: She saw her parched hair.
Target utterance: She said: ""The rain really caught me by surprise.""
What meaning is She most likely conveying?
a. Her hair was completely dry.
b. She had her hair cut short last week.
c. They organised a surprise party for him.
d. Her hair was soaking wet.
Answer:

OUTPUT:
d


[GENERAL] Record #57 / 72
INPUT :
You will read short stories that describe everyday situations and which finish with a person saying something. Your task is to decide, given the situation, what meaning the person is most likely conveying. Each story will be followed by 4 possible meaning interpretations listed from a to d. Read each story and choose the number corresponding to the most likely meaning. You can only answer with a, b, c, or d.
Context: I wore a hideous outfit to attend the award ceremony.
Target utterance: I say: ""I really didn't try at all today.""
What meaning is I most likely conveying?
a. I thought the outfit was ugly.
b. I received an amazing award.
c. I admired the outfit.
d. The comedians on the stage enjoyed themselves.
Answer:

OUTPUT:
a


[GENERAL] Record #58 / 72
INPUT :
You will read short stories that describe everyday situations and which finish with a person saying something. Your task is to decide, given the situation, what meaning the person is most likely conveying. Each story will be followed by 4 possible meaning interpretations listed from a to d. Read each story and choose the number corresponding to the most likely meaning. You can only answer with a, b, c, or d.
Context: She saw an ugly car on the street.
Target utterance: She says: ""That’s a real beauty.""
What meaning is she most likely conveying?
a. She admired the car.
b. She thought the painting was beautiful.
c. She thought the car was ugly.
d. She had booked a car.
Answer:

OUTPUT:
c


[GENERAL] Record #59 / 72
INPUT :
You will read short stories that describe everyday situations and which finish with a person saying something. Your task is to decide, given the situation, what meaning the person is most likely conveying. Each story will be followed by 4 possible meaning interpretations listed from a to d. Read each story and choose the number corresponding to the most likely meaning. You can only answer with a, b, c, or d.
Context: He looked at an ugly painting.
Target utterance: He said: ""That's hard to look at.""
What meaning is He most likely conveying?
a. The painting was genuinely beautiful.
b. The painting was genuinely ugly.
c. They spent the weekend for this painting.
d. He gave her a stern look.
Answer:

OUTPUT:
b


[GENERAL] Record #60 / 72
INPUT :
You will read short stories that describe everyday situations and which finish with a person saying something. Your task is to decide, given the situation, what meaning the person is most likely conveying. Each story will be followed by 4 possible meaning interpretations listed from a to d. Read each story and choose the number corresponding to the most likely meaning. You can only answer with a, b, c, or d.
Context: They saw a hideous bird.
Target utterance: They said: ""A real eye-catcher.""
What meaning is They most likely conveying?
a. They thought the bird was not beautiful.
b. They thought the bird was beautiful.
c. The bird looked at them really closely.
d. They had a great time on a trip.
Answer:

OUTPUT:
b


[GENERAL] Record #61 / 72
INPUT :
You will read short stories that describe everyday situations and which finish with a person saying something. Your task is to decide, given the situation, what meaning the person is most likely conveying. Each story will be followed by 4 possible meaning interpretations listed from a to d. Read each story and choose the number corresponding to the most likely meaning. You can only answer with a, b, c, or d.
Context: I found a nice kettle which was free.
Target utterance: I said: ""What a steal.""
What meaning is I most likely conveying?
a. The kettle boiled over..
b. The kettle was expensive.
c. The kettle was a real bargain.
d. A thief tried to steal my bag.
Answer:

OUTPUT:
c


[GENERAL] Record #62 / 72
INPUT :
You will read short stories that describe everyday situations and which finish with a person saying something. Your task is to decide, given the situation, what meaning the person is most likely conveying. Each story will be followed by 4 possible meaning interpretations listed from a to d. Read each story and choose the number corresponding to the most likely meaning. You can only answer with a, b, c, or d.
Context: He broke a cheap vase.
Target utterance: He said: ""Well, there goes a priceless treasure""
What meaning is He most likely conveying?
a. The vase was not pricy.
b. The experience of breaking the vase was worth it.
c. The vase was worth a lot of money.
d. He went on a hike and picked up flowers.
Answer:

OUTPUT:
c


[GENERAL] Record #63 / 72
INPUT :
You will read short stories that describe everyday situations and which finish with a person saying something. Your task is to decide, given the situation, what meaning the person is most likely conveying. Each story will be followed by 4 possible meaning interpretations listed from a to d. Read each story and choose the number corresponding to the most likely meaning. You can only answer with a, b, c, or d.
Context: She was wearing cheap perfume.
Target utterance: She said: ""Smells like it's from a gas station.""
What meaning is She most likely conveying?
a. The perfume was not pricy.
b. The perfume was pricy.
c. The fragrance label was worth reading.
d. The ocean was calm and quiet.
Answer:

OUTPUT:
b


[GENERAL] Record #64 / 72
INPUT :
You will read short stories that describe everyday situations and which finish with a person saying something. Your task is to decide, given the situation, what meaning the person is most likely conveying. Each story will be followed by 4 possible meaning interpretations listed from a to d. Read each story and choose the number corresponding to the most likely meaning. You can only answer with a, b, c, or d.
Context: She got a free bag.
Target utterance: She said: ""Looks like a real designer piece.""
What meaning is She most likely conveying?
a. She liked to wear that designer piece.
b. The bag was worth very little.
c. The bag was worth a lot.
d. She had dark bags under her eyes.
Answer:

OUTPUT:
a


[GENERAL] Record #65 / 72
INPUT :
You will read short stories that describe everyday situations and which finish with a person saying something. Your task is to decide, given the situation, what meaning the person is most likely conveying. Each story will be followed by 4 possible meaning interpretations listed from a to d. Read each story and choose the number corresponding to the most likely meaning. You can only answer with a, b, c, or d.
Context: They moved into a tiny house.
Target utterance: They said: ""You can barely turn around in here.""
What meaning is They most likely conveying?
a. They made a sharp turn at the end of the road.
b. The house felt spacious and huge.
c. The house felt cramped and tiny.
d. The house was red and blue.
Answer:

OUTPUT:
c


[GENERAL] Record #66 / 72
INPUT :
You will read short stories that describe everyday situations and which finish with a person saying something. Your task is to decide, given the situation, what meaning the person is most likely conveying. Each story will be followed by 4 possible meaning interpretations listed from a to d. Read each story and choose the number corresponding to the most likely meaning. You can only answer with a, b, c, or d.
Context: They attended a concert at a small venue.


Target utterance: They said: ""What a massive event.""
What meaning is they most likely conveying?
a. They liked go to concerts.
b. They thought the concert was small.
c. They thought the concert was huge.
d. They organized a massive event for dating.
Answer:

OUTPUT:
c


[GENERAL] Record #67 / 72
INPUT :
You will read short stories that describe everyday situations and which finish with a person saying something. Your task is to decide, given the situation, what meaning the person is most likely conveying. Each story will be followed by 4 possible meaning interpretations listed from a to d. Read each story and choose the number corresponding to the most likely meaning. You can only answer with a, b, c, or d.
Context: She spotted a small spider.
Target utterance: She said: ""Almost didn't see it.""
What meaning is She most likely conveying?
a. She thought the spider was huge.
b. She went to see her doctor on Monday.
c. She drew a spider diagram to plan her essay.
d. She thought the spider was tiny.
Answer:

OUTPUT:
d


[GENERAL] Record #68 / 72
INPUT :
You will read short stories that describe everyday situations and which finish with a person saying something. Your task is to decide, given the situation, what meaning the person is most likely conveying. Each story will be followed by 4 possible meaning interpretations listed from a to d. Read each story and choose the number corresponding to the most likely meaning. You can only answer with a, b, c, or d.
Context: I met a tiny dog.
Target utterance: I said: ""He could swallow me whole.""
What meaning is I most likely conveying?
a. I swallowed a pill.
b. I thought the dog was small.
c. The dog wore a collar.
d. I thought the dog was huge.
Answer:

OUTPUT:
b


[GENERAL] Record #69 / 72
INPUT :
You will read short stories that describe everyday situations and which finish with a person saying something. Your task is to decide, given the situation, what meaning the person is most likely conveying. Each story will be followed by 4 possible meaning interpretations listed from a to d. Read each story and choose the number corresponding to the most likely meaning. You can only answer with a, b, c, or d.
Context: She jumped into a cold pool.
Target utterance: She said:  ""One could catch a cold in here.""
What meaning is She most likely conveying?
a. The pool was super cold.
b. She played a game of pool in the bar.
c. The pool was super warm.
d. She liked to chill on that sofa after work.
Answer:

OUTPUT:
a


[GENERAL] Record #70 / 72
INPUT :
You will read short stories that describe everyday situations and which finish with a person saying something. Your task is to decide, given the situation, what meaning the person is most likely conveying. Each story will be followed by 4 possible meaning interpretations listed from a to d. Read each story and choose the number corresponding to the most likely meaning. You can only answer with a, b, c, or d.
Context: He went to the beach, and the weather was cool.
Target utterance: He said: ""Couldn't have asked for better weather.""
What meaning is he most likely conveying?
a. The weather conditions were awful.
b. The weather conditions were perfect.
c. He meant to harvest the houseplants, but forgot about it.
d. The delivery driver arrived in heavy rain.
Answer:

OUTPUT:
b


[GENERAL] Record #71 / 72
INPUT :
You will read short stories that describe everyday situations and which finish with a person saying something. Your task is to decide, given the situation, what meaning the person is most likely conveying. Each story will be followed by 4 possible meaning interpretations listed from a to d. Read each story and choose the number corresponding to the most likely meaning. You can only answer with a, b, c, or d.
Context: I walked into a cool room. 
Target utterance: I said:  ""Feels like the North Pole in here.""
What meaning is I most likely conveying?
a. The room was freezing cold.
b. There wasn't enough room in the car for everyone.
c. I leaned the fishing pole against the wall.
d. The room was really warm.
Answer:

OUTPUT:
a


[GENERAL] Record #72 / 72
INPUT :
You will read short stories that describe everyday situations and which finish with a person saying something. Your task is to decide, given the situation, what meaning the person is most likely conveying. Each story will be followed by 4 possible meaning interpretations listed from a to d. Read each story and choose the number corresponding to the most likely meaning. You can only answer with a, b, c, or d.
Context: She took a sip of the cold coffee.
Target utterance: She said: ""This is what freshly made coffee tastes like.""
What meaning is she most likely conveying?
a. Her coffee did not taste good.
b. Her coffee was delicious.
c. She did an experiment in health science.
d. Her coffee tasted like fresh mint.
Answer:

OUTPUT:
b

✓ Results saved to: ./outputs/general/Gemma-3-1B/Gemma-3-1B_Condition1B_context_richness_stimuli_run4.csv
Found 4 run CSV(s):
  - ./outputs/general/Gemma-3-1B/Gemma-3-1B_Condition1B_context_richness_stimuli_run1.csv
  - ./outputs/general/Gemma-3-1B/Gemma-3-1B_Condition1B_context_richness_stimuli_run2.csv
  - ./outputs/general/Gemma-3-1B/Gemma-3-1B_Condition1B_context_richness_stimuli_run3.csv
  - ./outputs/general/Gemma-3-1B/Gemma-3-1B_Condition1B_context_richness_stimuli_run4.csv

Combined shape: (288, 19)
all_results after all run per model          Item_ID base_item  ...  reasoning  chosen_original_option
0      C1_01_A_I     C1_01  ...        NaN                       a
1     C1_02_A_NI     C1_02  ...        NaN                       a
2     C1_03_UA_I     C1_03  ...        NaN                       a
3    C1_04_UA_NI     C1_04  ...        NaN                       a
4      C1_05_A_I     C1_05  ...        NaN                       a
..           ...       ...  ...        ...                     ...
283   C1_68_UA_I     C1_68  ...        NaN                       b
284  C1_69_UA_NI     C1_69  ...        NaN                       a
285    C1_70_A_I     C1_70  ...        NaN                       a
286   C1_71_A_NI     C1_71  ...        NaN                       a
287   C1_72_UA_I     C1_72  ...        NaN                       a

[288 rows x 19 columns]

✓ Metrics saved to: ./outputs/metrics/Gemma-3-1B_Condition1B_context_richness_stimuli_general_metrics.txt

============================================================
Cleaning up model: Gemma-3-1B
============================================================
============ Job Information ===================================================
Submitted: 2026-07-06T13:03:27
Started: 2026-07-06T13:28:20
Ended: 2026-07-06T16:21:14
Elapsed: 173 min, Limit: 1440 min, Difference: 1267 min
CPUs: 16, Nodes: 1
Estimated credit Consumption: 432.50 core-hours
================================================================================
