Item_ID,base_item,presentation_order,seed,context_level,irony_label,correct_option_pos,correct_option_text,model,dataset,prompt_type,prompt,output,original_option_mapping,run,condition,option_logits_raw,confidence_dist,confidence_top_prob,chosen_option,reasoning,chosen_original_option
C1_01_UA_I,C1_01,196,1,unambiguous,ironic,a,The cat was really hard to lift up.,Qwen3.8-27B,Condition1B_context_richness_stimuli,general,"You will read short stories that describe everyday situations and which finish with a person saying something. Your task is to decide, given the situation, what meaning the person is most likely conveying. Each story will be followed by 4 possible meaning interpretations listed from a to d. Read each story and choose the number corresponding to the most likely meaning. You can only answer with a, b, c, or d.
Context: He lifted the obese cat from the table.
Target utterance: He said:  """"That was easy!""""
What meaning is He most likely conveying?
a. The cat was really hard to lift up.
b. The cat was easy to lift up.
c. He just got a great deal on a cat bed.
d. The exam was really easy.
Answer:
","We need answer multiple choice. Need choose meaning. Context: He lifted the obese cat from the table. Target: ""That was easy!"" Most likely conveying cat was easy to lift up? But obese cat maybe expected hard, but he says easy. Options: a hard, b easy, c cat bed deal, d exam easy. Given situation lifting cat, b. Need output only a,b,c,d. Ensure final just b.
</think>

b","['b', 'a', 'd', 'c']",3,UA_I,"{'a': 12.6875, 'b': 21.25, 'c': 14.25, 'd': 13.5}","{'a': 0.00019084814994130284, 'b': 0.9984686970710754, 'c': 0.0009104856289923191, 'd': 0.0004300829314161092}",0.9984686970710754,a,,b
C1_02_UA_NI,C1_02,267,1,unambiguous,non-ironic,d,The dog was really heavy to pick up.,Qwen3.8-27B,Condition1B_context_richness_stimuli,general,"You will read short stories that describe everyday situations and which finish with a person saying something. Your task is to decide, given the situation, what meaning the person is most likely conveying. Each story will be followed by 4 possible meaning interpretations listed from a to d. Read each story and choose the number corresponding to the most likely meaning. You can only answer with a, b, c, or d.
Context: She picked up her obese dog.
Target utterance: She said: """"Heaviest dog ever.""""
What meaning is She most likely conveying?
a. The dog was very light to pick up.
b. She just adopted a new dog.
c. It was the heaviest package she ever carried.
d. The dog was really heavy to pick up.
Answer:
","We need answer multiple choice. Need analyze. Context: She picked up her obese dog. Target: ""Heaviest dog ever."" Most likely meaning: dog was really heavy to pick up. Option d. Need output only a,b,c,d. Ensure final just d.
</think>

d","['b', 'd', 'c', 'a']",3,UA_NI,"{'a': 12.8125, 'b': 12.0625, 'c': 14.25, 'd': 21.0}","{'a': 0.0002776694600470364, 'b': 0.0001311617816099897, 'c': 0.0011690320679917932, 'd': 0.9984221458435059}",0.9984221458435059,d,,a
C1_03_A_I,C1_03,93,1,ambiguous,ironic,c,Their friend was hard to lift.,Qwen3.8-27B,Condition1B_context_richness_stimuli,general,"You will read short stories that describe everyday situations and which finish with a person saying something. Your task is to decide, given the situation, what meaning the person is most likely conveying. Each story will be followed by 4 possible meaning interpretations listed from a to d. Read each story and choose the number corresponding to the most likely meaning. You can only answer with a, b, c, or d.
Context: They lift their overweight friend.
Target utterance: They said: """"Light as a feather.""""
What meaning is They most likely conveying?
a. The feather fell gently to the ground.
b. They decided to go out for dinner with their friend.
c. Their friend was hard to lift.
d. Their friend was very easy to lift.
Answer:
","We need answer multiple choice. Need analyze. Context: They lift their overweight friend. Target utterance: They said: ""Light as a feather."" What meaning most likely conveying? Options: a feather fell gently, b dinner, c friend hard to lift, d friend very easy to lift. If they lift overweight friend and say light as a feather, likely sarcastic? But question asks most likely meaning given situation. ""Light as a feather"" idiom means very light/easy to lift. But overweight friend contradicts, could be ironic meaning hard to lift? Need decide. The story: They lift their overweight friend. They said: ""Light as a feather."" If friend is overweight, saying light as a feather likely sarcastic, meaning","['c', 'd', 'b', 'a']",3,A_I,"{'a': 17.0, 'b': 15.8125, 'c': 21.875, 'd': 21.25}","{'a': 0.004941088613122702, 'b': 0.001506946748122573, 'c': 0.6471548676490784, 'd': 0.3463970422744751}",0.6471548676490784,a,,c
C1_04_A_NI,C1_04,180,1,ambiguous,non-ironic,d,Holding my nephew took all my strength.,Qwen3.8-27B,Condition1B_context_richness_stimuli,general,"You will read short stories that describe everyday situations and which finish with a person saying something. Your task is to decide, given the situation, what meaning the person is most likely conveying. Each story will be followed by 4 possible meaning interpretations listed from a to d. Read each story and choose the number corresponding to the most likely meaning. You can only answer with a, b, c, or d.
Context: I held my overweight nephew in my arms.
Target utterance: I said: """"Heavier than an elephant.""""
What meaning is I most likely conveying?
a. My nephew ate a burger that day.
b. Holding my nephew took nothing of my strength.
c. The elephant lumbered slowly across the plain.
d. Holding my nephew took all my strength.
Answer:
","We need answer multiple choice. Need analyze. Context: I held my overweight nephew in my arms. Target utterance: ""Heavier than an elephant."" What meaning most likely conveying? Options:
a. My nephew ate a burger that day.
b. Holding my nephew took nothing of my strength.
c. The elephant lumbered slowly across the plain.
d. Holding my nephew took all my strength.

Utterance hyperbole: heavier than an elephant, while holding overweight nephew. Conveys it's very heavy, took all my strength. Answer d. Need output only a,b,c,d. Ensure final just d.
</think>

d","['d', 'b', 'c', 'a']",3,A_NI,"{'a': 13.0, 'b': 11.875, 'c': 15.125, 'd': 20.875}","{'a': 0.0003787328314501792, 'b': 0.00012295653868932277, 'c': 0.0031710912007838488, 'd': 0.9963272213935852}",0.9963272213935852,a,,d
C1_05_UA_I,C1_05,10,1,unambiguous,ironic,a,The cake tasted really bad.,Qwen3.8-27B,Condition1B_context_richness_stimuli,general,"You will read short stories that describe everyday situations and which finish with a person saying something. Your task is to decide, given the situation, what meaning the person is most likely conveying. Each story will be followed by 4 possible meaning interpretations listed from a to d. Read each story and choose the number corresponding to the most likely meaning. You can only answer with a, b, c, or d.
Context: She ate a delicious cake.
Target utterance: She said: """"What an amazing flavour.""""
What meaning is She most likely conveying?
a. The cake tasted really bad.
b. The cake tasted really good.
c. The soup smelled absolutely delicious
d. The cake had three candles on top.
Answer:
","We need answer multiple choice. Need choose b. User says only answer with a,b,c,d. Final just b.
</think>

b","['b', 'a', 'c', 'd']",3,UA_I,"{'a': 12.4375, 'b': 21.125, 'c': 13.3125, 'd': 12.9375}","{'a': 0.00016853770648594946, 'b': 0.9991493225097656, 'c': 0.00040430095396004617, 'd': 0.00027787170256488025}",0.9991493225097656,b,,a
C1_06_UA_NI,C1_06,227,1,unambiguous,non-ironic,c,The medicine tasted surprisingly pleasant.,Qwen3.8-27B,Condition1B_context_richness_stimuli,general,"You will read short stories that describe everyday situations and which finish with a person saying something. Your task is to decide, given the situation, what meaning the person is most likely conveying. Each story will be followed by 4 possible meaning interpretations listed from a to d. Read each story and choose the number corresponding to the most likely meaning. You can only answer with a, b, c, or d.
Context: He swallowed the medicine and found it delicious.
Target utterance: He said: """"Tastier than expected.""""
What meaning is He most likely conveying?
a. He kept the medicine in the bathroom cabinet.
b. The cake was tastier than expected.
c. The medicine tasted surprisingly pleasant.
d. The medicine tasted absolutely awful.
Answer:
","We need answer multiple choice. Need choose c likely. Need final only a/b/c/d. Ensure no extra.
</think>

c","['d', 'c', 'a', 'b']",3,UA_NI,"{'a': 12.75, 'b': 11.625, 'c': 21.625, 'd': 13.375}","{'a': 0.00013977920752950013, 'b': 4.5379663788480684e-05, 'c': 0.9995536208152771, 'd': 0.000261141947703436}",0.9995536208152771,c,,a
C1_07_A_I,C1_07,253,1,ambiguous,ironic,c,The smoothie was thoroughly nasty.,Qwen3.8-27B,Condition1B_context_richness_stimuli,general,"You will read short stories that describe everyday situations and which finish with a person saying something. Your task is to decide, given the situation, what meaning the person is most likely conveying. Each story will be followed by 4 possible meaning interpretations listed from a to d. Read each story and choose the number corresponding to the most likely meaning. You can only answer with a, b, c, or d.
Context: I took a sip of my smoothie and found it palatable.
Target utterance: I said: """"What a treat.""""
What meaning is I most likely conveying?
a. She gave the dog a treat.
b. She was looking for a new smoothie recipe.
c. The smoothie was thoroughly nasty.
d. The smoothie was thoroughly enjoyable.
Answer:
","We need answer multiple choice. Need analyze. Context: ""I took a sip of my smoothie and found it palatable."" Target utterance: ""I said: """"What a treat."""""" What meaning is I most likely conveying? Options: a She gave dog a treat. b looking for new smoothie recipe. c smoothie thoroughly nasty. d smoothie thoroughly enjoyable. Palatable means pleasant to taste, acceptable. ""What a treat"" means enjoyable. So d. Need output only a,b,c,d. Ensure no extra.
</think>

d","['c', 'd', 'b', 'a']",3,A_I,"{'a': 12.8125, 'b': 11.25, 'c': 14.0, 'd': 20.875}","{'a': 0.0003146928211208433, 'b': 6.59631987218745e-05, 'c': 0.0010318381246179342, 'd': 0.9985874891281128}",0.9985874891281128,a,,c
C1_08_A_NI,C1_08,112,1,ambiguous,non-ironic,c,They liked every single bite of the burger.,Qwen3.8-27B,Condition1B_context_richness_stimuli,general,"You will read short stories that describe everyday situations and which finish with a person saying something. Your task is to decide, given the situation, what meaning the person is most likely conveying. Each story will be followed by 4 possible meaning interpretations listed from a to d. Read each story and choose the number corresponding to the most likely meaning. You can only answer with a, b, c, or d.
Context: They ate a palatable burger.
Target utterance: They said: """"This burger tasted like heaven.""""
What meaning is They most likely conveying?
a. They liked the burger more than the pizza.
b. They could barely force themselves to swallow the burger.
c. They liked every single bite of the burger.
d. The burger was the most expensive item on the menu.
Answer:
","We need answer multiple choice. Need choose meaning. Context: They ate a palatable burger. Utterance: ""This burger tasted like heaven."" Most likely conveying they liked every single bite? Let's analyze options.
a liked more than pizza - no pizza mentioned.
b barely force swallow - opposite.
c liked every single bite - yes, hyperbolic positive.
d most expensive - no.
Answer c. Need only answer with a,b,c,d. final c.
</think>

c","['d', 'b', 'a', 'c']",3,A_NI,"{'a': 12.6875, 'b': 10.8125, 'c': 21.25, 'd': 13.8125}","{'a': 0.00019098630582448095, 'b': 2.9288697987794876e-05, 'c': 0.9991914629936218, 'd': 0.0005882792174816132}",0.9991914629936218,a,,d
C1_09_UA_I,C1_09,71,1,unambiguous,ironic,c,The babysitter was not taking good care of the kids.,Qwen3.8-27B,Condition1B_context_richness_stimuli,general,"You will read short stories that describe everyday situations and which finish with a person saying something. Your task is to decide, given the situation, what meaning the person is most likely conveying. Each story will be followed by 4 possible meaning interpretations listed from a to d. Read each story and choose the number corresponding to the most likely meaning. You can only answer with a, b, c, or d.
Context: They hired a brave babysitter.
Target utterance: They said: """"The kids are not safe at all.""""
What meaning is They most likely conveying?
a. The babysitter was taking good care of the kids.
b. The kids had very clean hands.
c. The babysitter was not taking good care of the kids.
d. The babysitter parked her car outside.
Answer:
","We need answer multiple choice. Need analyze. Context: ""They hired a brave babysitter."" Target: They said: ""The kids are not safe at all."" What meaning likely conveying? Options: a babysitter taking good care, b clean hands, c not taking good care, d parked car. ""brave babysitter"" maybe ironic? If kids not safe at all, likely babysitter not taking good care. Answer c. Need output only c. Ensure no extra.
</think>

c","['a', 'c', 'b', 'd']",3,UA_I,"{'a': 12.0625, 'b': 10.6875, 'c': 21.125, 'd': 12.8125}","{'a': 0.00011588750930968672, 'b': 2.9300952519406565e-05, 'c': 0.9996095299720764, 'd': 0.0002453338529448956}",0.9996095299720764,a,,a
C1_10_UA_NI,C1_10,64,1,unambiguous,non-ironic,a,The police officer made them feel very safe.,Qwen3.8-27B,Condition1B_context_richness_stimuli,general,"You will read short stories that describe everyday situations and which finish with a person saying something. Your task is to decide, given the situation, what meaning the person is most likely conveying. Each story will be followed by 4 possible meaning interpretations listed from a to d. Read each story and choose the number corresponding to the most likely meaning. You can only answer with a, b, c, or d.
Context: They met a brave police officer.
Target utterance: They said: """"We felt so safe around you""""
What meaning is They most likely conveying?
a. The police officer made them feel very safe.
b. The police officer did not make them feel safe at all.
c. They were sitting in a very safe seat.
d. The police officer drank a cup of coffee.
Answer:
","We need answer multiple choice. Need produce final only a/b/c/d. Context: They met a brave police officer. Utterance: ""We felt so safe around you"". Most likely meaning: police officer made them feel very safe. Option a. Need final just a.
</think>

a","['a', 'b', 'c', 'd']",3,UA_NI,"{'a': 21.375, 'b': 13.625, 'c': 13.6875, 'd': 13.3125}","{'a': 0.9987970590591431, 'b': 0.00043022437603212893, 'c': 0.0004579714732244611, 'd': 0.0003147588577121496}",0.9987970590591431,a,,a
C1_11_A_I,C1_11,131,1,ambiguous,ironic,d,Seeing the pilot made her feel even more anxious.,Qwen3.8-27B,Condition1B_context_richness_stimuli,general,"You will read short stories that describe everyday situations and which finish with a person saying something. Your task is to decide, given the situation, what meaning the person is most likely conveying. Each story will be followed by 4 possible meaning interpretations listed from a to d. Read each story and choose the number corresponding to the most likely meaning. You can only answer with a, b, c, or d.
Context: She noticed the fearless pilot before boarding.
Target utterance: She said: """"That really shook me up.""""
What meaning is She most likely conveying?
a. She dated a pilot for several months.
b. She settled into her seat and fastened the belt.
c. Seeing the pilot put her completely at ease.
d. Seeing the pilot made her feel even more anxious.
Answer:
","We need answer multiple choice. Need analyze. Context: ""She noticed the fearless pilot before boarding."" Target: She said: ""That really shook me up."" Need choose meaning. ""shook me up"" means upset/anxious/disturbed. Seeing fearless pilot? If pilot is fearless, maybe seeing him made her feel even more anxious? Let's parse. She noticed the fearless pilot before boarding. She said ""That really shook me up."" What meaning most likely conveying? Options:
a dated pilot for several months.
b settled into seat and fastened belt.
c Seeing the pilot put her completely at ease.
d Seeing the pilot made her feel even more anxious.
""shook me up"" = made nervous/upset","['d', 'c', 'a', 'b']",3,A_I,"{'a': 15.8125, 'b': 16.0, 'c': 16.875, 'd': 21.875}","{'a': 0.0023012440651655197, 'b': 0.0027758304495364428, 'c': 0.006658871192485094, 'd': 0.9882640838623047}",0.9882640838623047,a,,d
C1_12_A_NI,C1_12,183,1,ambiguous,non-ironic,a,His father showed no fear at all.,Qwen3.8-27B,Condition1B_context_richness_stimuli,general,"You will read short stories that describe everyday situations and which finish with a person saying something. Your task is to decide, given the situation, what meaning the person is most likely conveying. Each story will be followed by 4 possible meaning interpretations listed from a to d. Read each story and choose the number corresponding to the most likely meaning. You can only answer with a, b, c, or d.
Context: He saw his fearless father.
Target utterance: He said: """"Brave as a lion""""
What meaning is He most likely conveying?
a. His father showed no fear at all.
b. His father's face was full of fear.
c. The lion prowled across the savannah.
d. His father wore a blue jacket.
Answer:
","We need answer multiple choice. Need choose meaning. Context: He saw his fearless father. Target: He said: ""Brave as a lion"". Options: a father showed no fear at all; b face full of fear; c lion prowled; d blue jacket. Most likely a. Need output only a. Ensure final only a.
</think>

a","['a', 'b', 'c', 'd']",3,A_NI,"{'a': 20.75, 'b': 12.9375, 'c': 13.0625, 'd': 11.875}","{'a': 0.9989981055259705, 'b': 0.00040423974860459566, 'c': 0.00045806364505551755, 'd': 0.0001397015294060111}",0.9989981055259705,a,,a
C1_13_UA_I,C1_13,273,1,unambiguous,ironic,b,"His girlfriend clearly looked worn out, not refreshed at all.",Qwen3.8-27B,Condition1B_context_richness_stimuli,general,"You will read short stories that describe everyday situations and which finish with a person saying something. Your task is to decide, given the situation, what meaning the person is most likely conveying. Each story will be followed by 4 possible meaning interpretations listed from a to d. Read each story and choose the number corresponding to the most likely meaning. You can only answer with a, b, c, or d.
Context: He saw his hyperactive girlfriend.
Target utterance: He said: """"You look like you've been awake since birth.""""
What meaning is He most likely conveying?
a. He was planning to surprise his girlfriend with a home-cooked meal.
b. His girlfriend clearly looked worn out, not refreshed at all.
c. He had just bought her a refreshing cold drink.
d. To him, his girlfriend looked well-rested and full of energy.
Answer:
","We need answer multiple choice. Need analyze. Context: He saw his hyperactive girlfriend. Target: ""You look like you've been awake since birth."" Meaning? Hyperactive girlfriend, phrase ""awake since birth"" idiom? It means someone looks very tired? Wait ""awake since birth"" could mean you look like you haven't slept since birth, i.e., exhausted. But hyperactive girlfriend? If she is hyperactive, maybe she looks energetic, not tired. The phrase ""You look like you've been awake since birth"" could be sarcastic? Let's parse. ""awake since birth"" literally means has not slept since born, so extremely tired. But if girlfriend is hyperactive, maybe she looks full of energy","['d', 'b', 'c', 'a']",3,UA_I,"{'a': 16.375, 'b': 21.5, 'c': 18.5, 'd': 21.75}","{'a': 0.0025413804687559605, 'b': 0.42739447951316833, 'c': 0.02127871848642826, 'd': 0.548785388469696}",0.548785388469696,,"We need answer multiple choice. Need analyze. Context: He saw his hyperactive girlfriend. Target: ""You look like you've been awake since birth."" Meaning? Hyperactive girlfriend, phrase ""awake since birth"" idiom? It means someone looks very tired? Wait ""awake since birth"" could mean you look like you haven't slept since birth, i.e., exhausted. But hyperactive girlfriend? If she is hyperactive, maybe she looks energetic, not tired. The phrase ""You look like you've been awake since birth"" could be sarcastic? Let's parse. ""awake since birth"" literally means has not slept since born, so extremely tired. But if girlfriend is hyperactive, maybe she looks full of energy",
C1_14_UA_NI,C1_14,98,1,unambiguous,non-ironic,b,Her colleague seemed very energetic today.,Qwen3.8-27B,Condition1B_context_richness_stimuli,general,"You will read short stories that describe everyday situations and which finish with a person saying something. Your task is to decide, given the situation, what meaning the person is most likely conveying. Each story will be followed by 4 possible meaning interpretations listed from a to d. Read each story and choose the number corresponding to the most likely meaning. You can only answer with a, b, c, or d.
Context: She saw her hyperactive colleague.
Target utterance: She said: """"You seem so full of energy today.""""
What meaning is She most likely conveying?
a. She was redecorating the office of her colleague.
b. Her colleague seemed very energetic today.
c. She filled up the car with energy.
d. Her colleague seemed very tired today.
Answer:
","We need answer multiple choice. Need choose b. Need final only a/b/c/d likely. Ensure no extra.
</think>

b","['d', 'a', 'c', 'b']",3,UA_NI,"{'a': 12.625, 'b': 21.375, 'c': 13.1875, 'd': 13.6875}","{'a': 0.00015831961354706436, 'b': 0.9991057515144348, 'c': 0.00027785959537141025, 'd': 0.0004581130051519722}",0.9991057515144348,b,,a
C1_15_A_I,C1_15,142,1,ambiguous,ironic,d,They felt really exhausted after the sleepover.,Qwen3.8-27B,Condition1B_context_richness_stimuli,general,"You will read short stories that describe everyday situations and which finish with a person saying something. Your task is to decide, given the situation, what meaning the person is most likely conveying. Each story will be followed by 4 possible meaning interpretations listed from a to d. Read each story and choose the number corresponding to the most likely meaning. You can only answer with a, b, c, or d.
Context: After the sleepover, they were energetic.
Target utterance: They said:  """"We never felt more tired in our lifes.""""
What meaning is They most likely conveying?
a. They did sleep overs once a year.
b. They felt very well-rested after the sleepover.
c. They rested the heavy boxes on the floor.
d. They felt really exhausted after the sleepover.
Answer:
","We need answer user's multiple choice. Need choose best meaning. Context: After sleepover, they were energetic. Target: ""We never felt more tired in our lifes."" This is likely ironic? They were energetic, saying never felt more tired means they felt really exhausted? But context says energetic, maybe sarcasm? Let's parse. Story: After the sleepover, they were energetic. They said: ""We never felt more tired in our lifes."" What meaning most likely conveying? Options: a sleep overs once a year, b felt very well-rested, c rested heavy boxes, d felt really exhausted. The utterance literally says tired, but context says energetic. Could be hyperbole/irony: if they were energetic, saying","['d', 'a', 'c', 'b']",3,A_I,"{'a': 17.625, 'b': 18.75, 'c': 17.75, 'd': 21.375}","{'a': 0.0209492314606905, 'b': 0.06452817469835281, 'c': 0.023738589137792587, 'd': 0.890783965587616}",0.890783965587616,a,,d
C1_16_A_NI,C1_16,143,1,ambiguous,non-ironic,b,I felt fully prepared and ready for the exam.,Qwen3.8-27B,Condition1B_context_richness_stimuli,general,"You will read short stories that describe everyday situations and which finish with a person saying something. Your task is to decide, given the situation, what meaning the person is most likely conveying. Each story will be followed by 4 possible meaning interpretations listed from a to d. Read each story and choose the number corresponding to the most likely meaning. You can only answer with a, b, c, or d.
Context: Right before my exam, I felt really energetic
Target utterance: I said: """"I have never felt more ready.""""
What meaning is I most likely conveying?
a. Dinner was ready by seven o'clock.
b. I felt fully prepared and ready for the exam.
c. The exam started at nine o'clock.
d. Deep down I felt completely unprepared for the exam.
Answer:
","We need answer user's multiple choice. Need choose best meaning. Context: Right before exam, felt really energetic. Utterance: ""I have never felt more ready."" Most likely conveying felt fully prepared and ready for exam. Option b. Need output only a,b,c,d. Ensure final just b.
</think>

b","['c', 'a', 'd', 'b']",3,A_NI,"{'a': 12.5625, 'b': 21.0, 'c': 13.5625, 'd': 14.0625}","{'a': 0.00021620695770252496, 'b': 0.998227059841156, 'c': 0.0005877114017494023, 'd': 0.0009689723374322057}",0.998227059841156,b,,a
C1_17_UA_I,C1_17,116,1,unambiguous,ironic,d,Her idea was outdated.,Qwen3.8-27B,Condition1B_context_richness_stimuli,general,"You will read short stories that describe everyday situations and which finish with a person saying something. Your task is to decide, given the situation, what meaning the person is most likely conveying. Each story will be followed by 4 possible meaning interpretations listed from a to d. Read each story and choose the number corresponding to the most likely meaning. You can only answer with a, b, c, or d.
Context: She had an ancient idea.
Target utterance: She said: """"Truly ahead of its time.""""
What meaning is She most likely conveying?
a. Her idea was innovative.
b. She had arrived early.
c. She had the idea to redecorate her office.
d. Her idea was outdated.
Answer:
","We need answer multiple choice. Need analyze. Context: ""She had an ancient idea."" Target utterance: She said: ""Truly ahead of its time."" What meaning most likely conveying? Options: a innovative, b arrived early, c idea to redecorate office, d outdated.

""ahead of its time"" usually means innovative, too early for acceptance. But context says ancient idea. Could be sarcastic? ""She had an ancient idea."" Then says ""Truly ahead of its time."" If idea is ancient, saying ahead of its time likely ironic meaning outdated? Let's parse. The task: decide given situation what meaning person most likely conveying. Context: She had an ancient idea. Target: ""Truly ahead of","['a', 'c', 'd', 'b']",3,UA_I,"{'a': 18.5, 'b': 16.75, 'c': 17.375, 'd': 21.125}","{'a': 0.06534665822982788, 'b': 0.011355547234416008, 'c': 0.021214954555034637, 'd': 0.9020828008651733}",0.9020828008651733,a,,a
C1_18_UA_NI,C1_18,280,1,unambiguous,non-ironic,b,He found the approach genuinely new and creative.,Qwen3.8-27B,Condition1B_context_richness_stimuli,general,"You will read short stories that describe everyday situations and which finish with a person saying something. Your task is to decide, given the situation, what meaning the person is most likely conveying. Each story will be followed by 4 possible meaning interpretations listed from a to d. Read each story and choose the number corresponding to the most likely meaning. You can only answer with a, b, c, or d.
Context: It was an ancient approach. 
Target utterance: He said: """"How refreshingly innovative.""""
What meaning is He most likely conveying?
a. He researched new approaches for several months.
b. He found the approach genuinely new and creative.
c. Refreshments were served at the end of the presentation.
d. In his view, it was a stale approach he had seen many times before.
Answer:
","We need answer multiple choice. Need analyze. Context: ""It was an ancient approach."" Target: He said: ""How refreshingly innovative."" Need infer meaning. Likely sarcasm: ancient approach = old, not innovative. ""refreshingly innovative"" sarcastic, meaning stale approach seen many times. Option d. Need output only a,b,c,d. Ensure final just d.
</think>

d","['d', 'a', 'c', 'b']",3,UA_NI,"{'a': 13.1875, 'b': 12.75, 'c': 15.0, 'd': 21.125}","{'a': 0.000356109841959551, 'b': 0.00022992178855929524, 'c': 0.0021814373321831226, 'd': 0.9972324967384338}",0.9972324967384338,d,,b
C1_19_A_I,C1_19,286,1,ambiguous,ironic,b,"To her, the tradition felt stale and long past its use.",Qwen3.8-27B,Condition1B_context_richness_stimuli,general,"You will read short stories that describe everyday situations and which finish with a person saying something. Your task is to decide, given the situation, what meaning the person is most likely conveying. Each story will be followed by 4 possible meaning interpretations listed from a to d. Read each story and choose the number corresponding to the most likely meaning. You can only answer with a, b, c, or d.
Context: The tradition was old.
Target utterance: She said: """"How wonderfully timeless.""""
What meaning is She most likely conveying?
a. She read about the tradition in a local history book.
b. To her, the tradition felt stale and long past its use.
c. She found the tradition beautifully enduring and meaningful.
d. The clock ticked for over a century.
Answer:
","We need answer multiple choice. Need analyze. Context: ""The tradition was old."" Target: She said: ""How wonderfully timeless."" Need choose meaning. ""timeless"" can mean enduring, not affected by time, classic. ""wonderfully timeless"" positive. Option c: found tradition beautifully enduring and meaningful. b negative stale. a irrelevant. d irrelevant. Answer c. Need final only c? User says can only answer with a,b,c,d. So final c.
</think>

c","['d', 'b', 'a', 'c']",3,A_I,"{'a': 13.0, 'b': 12.0, 'c': 21.375, 'd': 13.8125}","{'a': 0.00023036749917082489, 'b': 8.474747301079333e-05, 'c': 0.9991656541824341, 'd': 0.0005191411473788321}",0.9991656541824341,c,,a
C1_20_A_NI,C1_20,201,1,ambiguous,non-ironic,c,She liked the smell of her car.,Qwen3.8-27B,Condition1B_context_richness_stimuli,general,"You will read short stories that describe everyday situations and which finish with a person saying something. Your task is to decide, given the situation, what meaning the person is most likely conveying. Each story will be followed by 4 possible meaning interpretations listed from a to d. Read each story and choose the number corresponding to the most likely meaning. You can only answer with a, b, c, or d.
Context: She bought an old car.
Target utterance: She says: """"I just love the new car smell.""""
What meaning is She most likely conveying?
a. She took her car to the gas station.
b. She was disappointed with the smell of her car.
c. She liked the smell of her car.
d. She could smell what her husband was cooking.
Answer:
","We need answer multiple choice. Need choose meaning. Context: She bought an old car. Target: ""I just love the new car smell."" Options: a gas station, b disappointed, c liked smell, d husband cooking. Most likely c. Need output only a,b,c,d. Ensure final just c.
</think>

c","['d', 'b', 'a', 'c']",3,A_NI,"{'a': 12.5625, 'b': 11.875, 'c': 21.125, 'd': 13.4375}","{'a': 0.00019099839846603572, 'b': 9.604002843843773e-05, 'c': 0.9992547631263733, 'd': 0.0004581813409458846}",0.9992547631263733,a,,d
C1_21_UA_I,C1_21,166,1,unambiguous,ironic,b,The birthday party was a disappointment.,Qwen3.8-27B,Condition1B_context_richness_stimuli,general,"You will read short stories that describe everyday situations and which finish with a person saying something. Your task is to decide, given the situation, what meaning the person is most likely conveying. Each story will be followed by 4 possible meaning interpretations listed from a to d. Read each story and choose the number corresponding to the most likely meaning. You can only answer with a, b, c, or d.
Context: She left the birthday party feeling delighted.
Target utterance: She says: """"Truly a night to remember.""""
What meaning is She most likely conveying?
a. The birthday party was a great success.
b. The birthday party was a disappointment.
c. She had trouble remembering things.
d. She planned her next birthday party.
Answer:
","We need answer multiple choice. Need choose best meaning. Context: She left birthday party feeling delighted. Utterance: ""Truly a night to remember."" Most likely conveying party was great success. Option a. Need final only a. Ensure no extra.
</think>

a","['a', 'b', 'c', 'd']",3,UA_I,"{'a': 20.875, 'b': 13.25, 'c': 13.125, 'd': 12.8125}","{'a': 0.998767614364624, 'b': 0.00048749372945167124, 'c': 0.0004302116867620498, 'd': 0.0003147496026940644}",0.998767614364624,a,,a
C1_22_UA_NI,C1_22,213,1,unambiguous,non-ironic,a,The wedding was a beautiful and enchanting occasion.,Qwen3.8-27B,Condition1B_context_richness_stimuli,general,"You will read short stories that describe everyday situations and which finish with a person saying something. Your task is to decide, given the situation, what meaning the person is most likely conveying. Each story will be followed by 4 possible meaning interpretations listed from a to d. Read each story and choose the number corresponding to the most likely meaning. You can only answer with a, b, c, or d.
Context: She left the wedding feeling delighted.
Target utterance: She says: """"What a magical day.""""
What meaning is She most likely conveying?
a. The wedding was a beautiful and enchanting occasion.
b. The magician wowed all the guests at the reception.
c. She helped organise the flowers for the wedding beforehand.
d. The wedding had been a dull, disappointing event from start to finish.
Answer:
","We need answer multiple choice. Need choose best meaning. Context: She left the wedding feeling delighted. Target: ""What a magical day."" Most likely conveying wedding was beautiful/enchanting. Option a. Need output only a. Ensure final just a.
</think>

a","['a', 'c', 'd', 'b']",3,UA_NI,"{'a': 21.0, 'b': 12.8125, 'c': 13.0625, 'd': 12.75}","{'a': 0.9991042017936707, 'b': 0.0002778591588139534, 'c': 0.0003567782405298203, 'd': 0.00026102454285137355}",0.9991042017936707,a,,a
C1_23_A_I,C1_23,49,1,ambiguous,ironic,c,They had found the film funny from start to finish.,Qwen3.8-27B,Condition1B_context_richness_stimuli,general,"You will read short stories that describe everyday situations and which finish with a person saying something. Your task is to decide, given the situation, what meaning the person is most likely conveying. Each story will be followed by 4 possible meaning interpretations listed from a to d. Read each story and choose the number corresponding to the most likely meaning. You can only answer with a, b, c, or d.
Context: They left the cinema feeling happy.
Target utterance: They say: """"What a painfull film.""""
What meaning is They most likely conveying?
a. The injection was over quickly, but it was painful.
b. They had found the film dull from start to finish.
c. They had found the film funny from start to finish.
d. They went to the same cinema as always.
Answer:
","We need answer multiple choice. Need analyze. Context: They left the cinema feeling happy. Target utterance: They say: ""What a painfull film."" (misspelled painful). Need choose most likely meaning. Options:
a. The injection was over quickly, but it was painful.
b. They had found the film dull from start to finish.
c. They had found the film funny from start to finish.
d. They went to the same cinema as always.

We need infer meaning of ""What a painfull film"" given they left cinema feeling happy. ""painful"" maybe ""painful"" as in painful? But happy? Could be ""What a painful film"" meaning emotionally painful? But options","['c', 'a', 'b', 'd']",3,A_I,"{'a': 17.125, 'b': 20.25, 'c': 20.5, 'd': 18.375}","{'a': 0.0177071001380682, 'b': 0.4030117392539978, 'c': 0.5174773335456848, 'd': 0.06180385500192642}",0.5174773335456848,a,,c
C1_24_A_NI,C1_24,107,1,ambiguous,non-ironic,a,The message brought good news.,Qwen3.8-27B,Condition1B_context_richness_stimuli,general,"You will read short stories that describe everyday situations and which finish with a person saying something. Your task is to decide, given the situation, what meaning the person is most likely conveying. Each story will be followed by 4 possible meaning interpretations listed from a to d. Read each story and choose the number corresponding to the most likely meaning. You can only answer with a, b, c, or d.
Context: She received a message and was happy.
Target utterance: She says: """"These are amazing news.""""
What meaning is She most likely conveying?
a. The message brought good news.
b. The message brought negative news.
c. She wanted to send a message.
d. What she read was news to her.
Answer:
","We need answer multiple choice. Need choose best meaning. Context: She received a message and was happy. Target: ""These are amazing news."" Most likely conveying message brought good news. Option a. Need output only a. Ensure final just a.
</think>

a","['a', 'b', 'd', 'c']",3,A_NI,"{'a': 20.75, 'b': 13.375, 'c': 13.25, 'd': 13.375}","{'a': 0.9981967806816101, 'b': 0.0006255966145545244, 'c': 0.0005520870327018201, 'd': 0.0006255966145545244}",0.9981967806816101,a,,a
C1_25_UA_I,C1_25,161,1,unambiguous,ironic,d,Her exam answers were embarrassingly poor.,Qwen3.8-27B,Condition1B_context_richness_stimuli,general,"You will read short stories that describe everyday situations and which finish with a person saying something. Your task is to decide, given the situation, what meaning the person is most likely conveying. Each story will be followed by 4 possible meaning interpretations listed from a to d. Read each story and choose the number corresponding to the most likely meaning. You can only answer with a, b, c, or d.
Context: Her answers in the exam were brilliant.
Target utterance: She says: """"What a genius.""""
What meaning is She most likely conveying?
a. She studied for her next exam.
b. Her exam answers were impressively smart.
c. She had a high IQ.
d. Her exam answers were embarrassingly poor.
Answer:
","We need answer multiple choice. Need analyze. Context: Her answers in the exam were brilliant. Target utterance: She says: ""What a genius."" What meaning is She most likely conveying? Options: a studied for next exam, b exam answers impressively smart, c high IQ, d embarrassingly poor. The utterance likely means her exam answers were impressively smart. Answer b. Need output only a/b/c/d. Ensure final just b.
</think>

b","['d', 'a', 'c', 'b']",3,UA_I,"{'a': 12.625, 'b': 21.25, 'c': 13.5625, 'd': 13.8125}","{'a': 0.00017934020434040576, 'b': 0.9987747073173523, 'c': 0.0004579612286761403, 'd': 0.000588033813983202}",0.9987747073173523,a,,d
C1_26_UA_NI,C1_26,185,1,unambiguous,non-ironic,a,They were genuinely fortunate to have such a strong suggestion.,Qwen3.8-27B,Condition1B_context_richness_stimuli,general,"You will read short stories that describe everyday situations and which finish with a person saying something. Your task is to decide, given the situation, what meaning the person is most likely conveying. Each story will be followed by 4 possible meaning interpretations listed from a to d. Read each story and choose the number corresponding to the most likely meaning. You can only answer with a, b, c, or d.
Context: Their colleague's suggestion was brilliant.
Target utterance: They said: """"We really had luck with that one.""""
What meaning is They most likely conveying?
a. They were genuinely fortunate to have such a strong suggestion.
b. As far as they were concerned, it was a poor suggestion.
c. They thought that every project starts with a suggestion.
d. They got lucky at the casino.
Answer:
","We need answer multiple choice. Need analyze. Context: Their colleague's suggestion was brilliant. Target: They said: ""We really had luck with that one."" What meaning most likely conveying? Options: a genuinely fortunate to have such a strong suggestion. b poor suggestion. c every project starts with suggestion. d casino. Given context, ""luck with that one"" likely means fortunate to have gotten a brilliant suggestion. So a. Need output only a. Ensure no extra.
</think>

a","['a', 'b', 'd', 'c']",3,UA_NI,"{'a': 20.875, 'b': 12.6875, 'c': 13.0625, 'd': 12.625}","{'a': 0.999056875705719, 'b': 0.00027784600388258696, 'c': 0.0004042635264340788, 'd': 0.00026101217372342944}",0.999056875705719,a,,a
C1_27_A_I,C1_27,232,1,ambiguous,ironic,d,His argument was weak and poorly constructed.,Qwen3.8-27B,Condition1B_context_richness_stimuli,general,"You will read short stories that describe everyday situations and which finish with a person saying something. Your task is to decide, given the situation, what meaning the person is most likely conveying. Each story will be followed by 4 possible meaning interpretations listed from a to d. Read each story and choose the number corresponding to the most likely meaning. You can only answer with a, b, c, or d.
Context: His argument in the debate was intelligent.
Target utterance: She says: """"What a master of rhetoric.""""
What meaning is She most likely conveying?
a. She had an argument with him that night.
b. His argument was strong and well presented.
c. Sokrates was a master of rhetoric.
d. His argument was weak and poorly constructed.
Answer:
","We need answer multiple choice. Need analyze. Context: His argument in the debate was intelligent. Target: She says: ""What a master of rhetoric."" Meaning likely b: His argument was strong and well presented. Need output only a/b/c/d. Ensure final just b.
</think>

b","['d', 'a', 'c', 'b']",3,A_I,"{'a': 12.75, 'b': 21.375, 'c': 13.4375, 'd': 13.5}","{'a': 0.0001793957344489172, 'b': 0.9990839958190918, 'c': 0.00035677102277986705, 'd': 0.00037978077307343483}",0.9990839958190918,a,,d
C1_28_A_NI,C1_28,246,1,ambiguous,non-ironic,b,She believed that his business plan would be successful.,Qwen3.8-27B,Condition1B_context_richness_stimuli,general,"You will read short stories that describe everyday situations and which finish with a person saying something. Your task is to decide, given the situation, what meaning the person is most likely conveying. Each story will be followed by 4 possible meaning interpretations listed from a to d. Read each story and choose the number corresponding to the most likely meaning. You can only answer with a, b, c, or d.
Context: His business plan was intelligent.
Target utterance: She says: """"We will make lots of money with this.""""
What meaning is He most likely conveying?
a. He asked a colleague for help with his business plan.
b. She believed that his business plan would be successful.
c. She was interested in making lots of money.
d. She believed that his business plan would fail.
Answer:
","We need answer multiple choice. Need analyze. Context: ""His business plan was intelligent."" Target utterance: She says: ""We will make lots of money with this."" Question: What meaning is He most likely conveying? Wait says ""What meaning is He most likely conveying?"" But target utterance is She says. Options: a. He asked a colleague for help with his business plan. b. She believed that his business plan would be successful. c. She was interested in making lots of money. d. She believed that his business plan would fail.

We need choose most likely meaning of utterance given situation. She says ""We will make lots of money with this."" Context his business plan was intelligent. Most likely she believes plan","['d', 'a', 'c', 'b']",3,A_NI,"{'a': 15.4375, 'b': 21.75, 'c': 16.625, 'd': 16.5}","{'a': 0.0017902083927765489, 'b': 0.9871598482131958, 'c': 0.005869867280125618, 'd': 0.005180139560252428}",0.9871598482131958,a,,d
C1_29_UA_I,C1_29,148,1,unambiguous,ironic,b,The restaurant visit was a real disappointment.,Qwen3.8-27B,Condition1B_context_richness_stimuli,general,"You will read short stories that describe everyday situations and which finish with a person saying something. Your task is to decide, given the situation, what meaning the person is most likely conveying. Each story will be followed by 4 possible meaning interpretations listed from a to d. Read each story and choose the number corresponding to the most likely meaning. You can only answer with a, b, c, or d.
Context: After the restaurant visit he was full.
Target utterance: He says: """"Best dinner ever.""""
What meaning is He most likely conveying?
a. The restaurant visit was genuinely outstanding.
b. The restaurant visit was a real disappointment.
c. He looked forward to this restaurant visit for weeks.
d. It was the best-reviewed dinner spot in the whole city.
Answer:
","We need answer multiple choice. Need choose most likely meaning. Context: After restaurant visit he was full. Target: ""Best dinner ever."" Options: a genuinely outstanding, b disappointment, c looked forward weeks, d best-reviewed spot. Most likely a. Need output only a. Ensure final just a.
</think>

a","['a', 'b', 'd', 'c']",3,UA_I,"{'a': 20.75, 'b': 12.9375, 'c': 13.1875, 'd': 12.125}","{'a': 0.9988974332809448, 'b': 0.00040419900324195623, 'c': 0.0005190017982386053, 'd': 0.0001793622359400615}",0.9988974332809448,a,,a
C1_30_UA_NI,C1_30,18,1,unambiguous,non-ironic,b,The buffet was a rich.,Qwen3.8-27B,Condition1B_context_richness_stimuli,general,"You will read short stories that describe everyday situations and which finish with a person saying something. Your task is to decide, given the situation, what meaning the person is most likely conveying. Each story will be followed by 4 possible meaning interpretations listed from a to d. Read each story and choose the number corresponding to the most likely meaning. You can only answer with a, b, c, or d.
Context: He left the buffet feeling full.
Target utterance: He says: """"Truly a feast for the senses."" ""
What meaning is He most likely conveying?
a. There had been very little worth eating at the buffet.
b. The buffet was a rich.
c. The feast was celebrated every year in their village.
d. Diners often have a buffet.
Answer:
","We need answer multiple choice. Need analyze. Context: He left the buffet feeling full. Target: ""Truly a feast for the senses."" Meaning most likely conveying. Options:
a. There had been very little worth eating at the buffet.
b. The buffet was a rich. (probably ""rich"" maybe rich/abundant? truncated)
c. The feast was celebrated every year in their village.
d. Diners often have a buffet.

He left full, says truly a feast for the senses. Likely means buffet was rich/abundant, satisfying. Option b: ""The buffet was a rich."" maybe typo for ""The buffet was rich."" Best. Need output only a,b,c,d.","['b', 'a', 'c', 'd']",3,UA_NI,"{'a': 15.6875, 'b': 28.25, 'c': 18.0, 'd': 17.125}","{'a': 3.5006787584279664e-06, 'b': 0.9999463558197021, 'c': 3.5355606087250635e-05, 'd': 1.4738408935954794e-05}",0.9999463558197021,a,,b
C1_31_A_I,C1_31,99,1,ambiguous,ironic,d,There was barely anything to eat; they left unsatisfied.,Qwen3.8-27B,Condition1B_context_richness_stimuli,general,"You will read short stories that describe everyday situations and which finish with a person saying something. Your task is to decide, given the situation, what meaning the person is most likely conveying. Each story will be followed by 4 possible meaning interpretations listed from a to d. Read each story and choose the number corresponding to the most likely meaning. You can only answer with a, b, c, or d.
Context: They left the picnic feeling satiated.
Target utterance: They say: """"Food for the soul.""""
What meaning is They most likely conveying?
a. They spent the morning preparing sandwiches for the picnic.
b. The picnic was nourishing and genuinely enjoyable.
c. She always kept her soul music collection in good order.
d. There was barely anything to eat; they left unsatisfied.
Answer:
","We need answer multiple choice. Need analyze. Context: ""They left the picnic feeling satiated."" Target utterance: ""They say: """"Food for the soul."""""" What meaning most likely conveying? Options:
a. They spent the morning preparing sandwiches for the picnic.
b. The picnic was nourishing and genuinely enjoyable.
c. She always kept her soul music collection in good order.
d. There was barely anything to eat; they left unsatisfied.

Satiated means full, satisfied. ""Food for the soul"" idiom means something that deeply satisfies/nourishes emotionally/spiritually. Given picnic and satiated, likely b: nourishing and genuinely enjoyable. Need output only a,b,c,d.","['d', 'a', 'c', 'b']",3,A_I,"{'a': 16.0, 'b': 28.75, 'c': 18.0, 'd': 16.875}","{'a': 2.9022296530456515e-06, 'b': 0.9999687671661377, 'c': 2.1444739104481414e-05, 'd': 6.962087354622781e-06}",0.9999687671661377,a,,d
C1_32_A_NI,C1_32,226,1,ambiguous,non-ironic,a,His plate had been full with food and he ate it all up.,Qwen3.8-27B,Condition1B_context_richness_stimuli,general,"You will read short stories that describe everyday situations and which finish with a person saying something. Your task is to decide, given the situation, what meaning the person is most likely conveying. Each story will be followed by 4 possible meaning interpretations listed from a to d. Read each story and choose the number corresponding to the most likely meaning. You can only answer with a, b, c, or d.
Context: He looked at the empty plate in front of him and was satiated.
Target utterance: He says: """"No way I could eat more."" ""
What meaning is He most likely conveying?
a. His plate had been full with food and he ate it all up.
b. He went to a stylish pottery to buy a special plate.
c. The waiter had forgotten to fill his plate and he did not eat anything.
d. He prefers to eat his lunch alone.
Answer:
","We need answer multiple choice. Need analyze. Context: ""He looked at the empty plate in front of him and was satiated."" Target: ""No way I could eat more."" Meaning? Satiated means full. Empty plate means he ate all food. So a. Need output only a. Ensure no extra.
</think>

a","['a', 'd', 'b', 'c']",3,A_NI,"{'a': 20.75, 'b': 13.0625, 'c': 13.5625, 'd': 12.4375}","{'a': 0.9985421895980835, 'b': 0.0004578546213451773, 'c': 0.0007548746652901173, 'd': 0.00024507188936695457}",0.9985421895980835,a,,a
C1_33_UA_I,C1_33,163,1,unambiguous,ironic,c,The library was far too noisy to concentrate.,Qwen3.8-27B,Condition1B_context_richness_stimuli,general,"You will read short stories that describe everyday situations and which finish with a person saying something. Your task is to decide, given the situation, what meaning the person is most likely conveying. Each story will be followed by 4 possible meaning interpretations listed from a to d. Read each story and choose the number corresponding to the most likely meaning. You can only answer with a, b, c, or d.
Context: She walked into the library and it was deafening.
Target utterance: She says: """"Perfect place to concentrate.""""
What meaning is She most likely conveying?
a. She asked her colleague for a place to concentrate.
b. The library was a calm and quiet environment.
c. The library was far too noisy to concentrate.
d. She looked for a new book in the library.
Answer:
","We need answer multiple choice. Need analyze. Context: She walked into the library and it was deafening. Target: She says: ""Perfect place to concentrate."" Meaning likely sarcastic: library far too noisy to concentrate. Option c. Need output only a,b,c,d. Ensure final just c.
</think>

c","['c', 'a', 'b', 'd']",3,UA_I,"{'a': 12.6875, 'b': 11.0, 'c': 21.5, 'd': 13.5625}","{'a': 0.00014878125512041152, 'b': 2.7521764422999695e-05, 'c': 0.9994667172431946, 'd': 0.0003569076943676919}",0.9994667172431946,c,,b
C1_34_UA_NI,C1_34,235,1,unambiguous,non-ironic,d,The concert was surprisingly quiet.,Qwen3.8-27B,Condition1B_context_richness_stimuli,general,"You will read short stories that describe everyday situations and which finish with a person saying something. Your task is to decide, given the situation, what meaning the person is most likely conveying. Each story will be followed by 4 possible meaning interpretations listed from a to d. Read each story and choose the number corresponding to the most likely meaning. You can only answer with a, b, c, or d.
Context: We came back from a concert which was deafening.
Target utterance: I say: """"I've almost gone deaf.""""
What meaning is She most likely conveying?
a. The concert was pretty loud.
b. I was looking forward to the next concert.
c. My grandfather is deaf.
d. The concert was surprisingly quiet.
Answer:
","We need answer user's multiple choice. Need produce final only a/b/c/d. Let's analyze: Context: We came back from a concert which was deafening. Target utterance: I say: ""I've almost gone deaf."" What meaning is She most likely conveying? Options: a concert pretty loud, b looking forward next concert, c grandfather deaf, d concert surprisingly quiet. Clearly a. Need output just a. Ensure no extra.
</think>

a","['b', 'd', 'c', 'a']",3,UA_NI,"{'a': 21.0, 'b': 13.5, 'c': 13.4375, 'd': 13.125}","{'a': 0.9985491633415222, 'b': 0.0005522819119505584, 'c': 0.0005188208888284862, 'd': 0.0003795774537138641}",0.9985491633415222,a,,b
C1_35_A_I,C1_35,219,1,ambiguous,ironic,b,The movie was very loud.,Qwen3.8-27B,Condition1B_context_richness_stimuli,general,"You will read short stories that describe everyday situations and which finish with a person saying something. Your task is to decide, given the situation, what meaning the person is most likely conveying. Each story will be followed by 4 possible meaning interpretations listed from a to d. Read each story and choose the number corresponding to the most likely meaning. You can only answer with a, b, c, or d.
Context:  She watched a movie in the theater and found it loud.
Target utterance: She says: """"It was so difficult to hear.""""
What meaning is She most likely conveying?
a. Watching a movie in the theater is a real event.
b. The movie was very loud.
c. She generally has difficulties with her hearing.
d. The movie was too quiet to hear.
Answer:
","We need answer multiple choice. Need analyze. Context: She watched a movie in the theater and found it loud. Target: ""It was so difficult to hear."" What meaning most likely conveying? Options: a real event, b movie very loud, c generally hearing difficulties, d movie too quiet. If found it loud, saying difficult to hear likely means it was so loud she couldn't hear? Wait ""difficult to hear"" could mean the movie was too loud? Let's parse. She watched movie and found it loud. She says ""It was so difficult to hear."" If a movie is loud, maybe dialogue difficult to hear because sound too loud? But option b: The movie was very loud. That matches context. Option d:","['d', 'b', 'c', 'a']",3,A_I,"{'a': 16.625, 'b': 21.875, 'c': 15.9375, 'd': 17.875}","{'a': 0.0051135350950062275, 'b': 0.9744672775268555, 'c': 0.0025712468195706606, 'd': 0.01784799061715603}",0.9744672775268555,a,,d
C1_36_A_NI,C1_36,268,1,ambiguous,non-ironic,a,He thinks that his neighbours' are having a great party with music.,Qwen3.8-27B,Condition1B_context_richness_stimuli,general,"You will read short stories that describe everyday situations and which finish with a person saying something. Your task is to decide, given the situation, what meaning the person is most likely conveying. Each story will be followed by 4 possible meaning interpretations listed from a to d. Read each story and choose the number corresponding to the most likely meaning. You can only answer with a, b, c, or d.
Context: His neighbours' music was loud.
Target utterance: He says: """"It seems like they are having a great party.""""
What meaning is He most likely conveying?
a. He thinks that his neighbours' are having a great party with music.
b. He would expected to hear louder music from his neighbours' party.
c. He is still unsure which party to vote for in the upcoming elections.
d. He likes talking about pop music.
Answer:
","We need answer multiple choice. Need choose best meaning. Context: neighbours' music loud. Utterance: ""It seems like they are having a great party."" Most likely conveying: he thinks neighbours are having a great party with music. Option a. Need output only a. Ensure final just a.
</think>

a","['a', 'b', 'c', 'd']",3,A_NI,"{'a': 20.625, 'b': 13.1875, 'c': 13.4375, 'd': 12.8125}","{'a': 0.9982536435127258, 'b': 0.000587727059610188, 'c': 0.0007546565029770136, 'd': 0.00040393852395936847}",0.9982536435127258,a,,a
C1_37_UA_I,C1_37,9,1,unambiguous,ironic,a,The questions were straightforward and required little effort.,Qwen3.8-27B,Condition1B_context_richness_stimuli,general,"You will read short stories that describe everyday situations and which finish with a person saying something. Your task is to decide, given the situation, what meaning the person is most likely conveying. Each story will be followed by 4 possible meaning interpretations listed from a to d. Read each story and choose the number corresponding to the most likely meaning. You can only answer with a, b, c, or d.
Context: She prepared trivial questions for the students.
Target utterance: She says: """"I hope they're prepared for this.""""
What meaning is She most likely conveying?
a. The questions were straightforward and required little effort.
b. She had never felt so well prepared for a meeting.
c. She posted the question on the class forum.
d. The questions required thorough preparation to answer.
Answer:
","We need answer multiple choice. Need analyze. Context: ""She prepared trivial questions for the students."" Target: She says: ""I hope they're prepared for this."" Need choose meaning most likely conveying. Options:
a. The questions were straightforward and required little effort.
b. She had never felt so well prepared for a meeting.
c. She posted the question on the class forum.
d. The questions required thorough preparation to answer.

We need infer meaning of utterance given situation. She prepared trivial questions for students. Then says ""I hope they're prepared for this."" If questions are trivial, likely she is being sarcastic? Or meaning? The phrase ""I hope they're prepared for this"" after preparing trivial","['b', 'c', 'd', 'a']",3,UA_I,"{'a': 21.25, 'b': 16.875, 'c': 17.75, 'd': 20.5}","{'a': 0.6599997282028198, 'b': 0.008308170363307, 'c': 0.019930265843868256, 'd': 0.3117617964744568}",0.6599997282028198,a,,b
C1_38_UA_NI,C1_38,205,1,unambiguous,non-ironic,c,Booking the appointment was straightforward and effortless.,Qwen3.8-27B,Condition1B_context_richness_stimuli,general,"You will read short stories that describe everyday situations and which finish with a person saying something. Your task is to decide, given the situation, what meaning the person is most likely conveying. Each story will be followed by 4 possible meaning interpretations listed from a to d. Read each story and choose the number corresponding to the most likely meaning. You can only answer with a, b, c, or d.
Context: He booked an appointment through a system which was trivial to use.
Target utterance: He says:  """"That was about as easy as it gets.""""
What meaning is He most likely conveying?
a. He always found parallel parking easy as it gets.
b. Booking the appointment was frustrating and difficult.
c. Booking the appointment was straightforward and effortless.
d. He decided to cancel the appointment.
Answer:
","We need answer multiple choice. Need choose c. User says only answer with a,b,c,d. Final just c.
</think>

c","['c', 'b', 'a', 'd']",3,UA_NI,"{'a': 12.5625, 'b': 11.875, 'c': 21.5, 'd': 13.375}","{'a': 0.00013130427396390587, 'b': 6.60239311400801e-05, 'c': 0.9995068311691284, 'd': 0.0002958987024612725}",0.9995068311691284,c,,a
C1_39_A_I,C1_39,173,1,ambiguous,ironic,c,"Anyone could have done the task, no special abilities required.",Qwen3.8-27B,Condition1B_context_richness_stimuli,general,"You will read short stories that describe everyday situations and which finish with a person saying something. Your task is to decide, given the situation, what meaning the person is most likely conveying. Each story will be followed by 4 possible meaning interpretations listed from a to d. Read each story and choose the number corresponding to the most likely meaning. You can only answer with a, b, c, or d.
Context: They finished an easy task for their maths lesson.
Target utterance: They say: """"We must be very smart.""""
What meaning is They most likely conveying?
a. Completing the task was a genuine sign of intelligence.
b. They were given another task after the math lesson.
c. Anyone could have done the task, no special abilities required.
d. They were always smart about managing their money.
Answer:
","We need answer multiple choice. Need analyze. Context: They finished an easy task for their maths lesson. Target: ""We must be very smart."" Likely sarcastic/ironic because task easy, so meaning anyone could have done it, no special abilities required. Option c. Need output only a,b,c,d. Ensure final just c.
</think>

c","['a', 'd', 'b', 'c']",3,A_I,"{'a': 13.0, 'b': 11.625, 'c': 21.125, 'd': 13.8125}","{'a': 0.00029573775827884674, 'b': 7.477421604562551e-05, 'c': 0.9989631175994873, 'd': 0.000666455365717411}",0.9989631175994873,c,,b
C1_40_A_NI,C1_40,97,1,ambiguous,non-ironic,c,Making the payment was a smooth and effortless experience.,Qwen3.8-27B,Condition1B_context_richness_stimuli,general,"You will read short stories that describe everyday situations and which finish with a person saying something. Your task is to decide, given the situation, what meaning the person is most likely conveying. Each story will be followed by 4 possible meaning interpretations listed from a to d. Read each story and choose the number corresponding to the most likely meaning. You can only answer with a, b, c, or d.
Context: He made a payment through a website which was easy to use.
Target utterance: He says:  """"Technology at its finest.""""
What meaning is He most likely conveying?
a. He always thought the finest restaurants required a reservation.
b. He decided to cancel the payment altogether.
c. Making the payment was a smooth and effortless experience.
d. Making the payment was complicated and painful.
Answer:
","We need answer multiple choice. Need choose meaning. Context: payment through website easy to use. Utterance: ""Technology at its finest."" Means positive, smooth effortless. Option c. Need output only a,b,c,d. Ensure final just c.
</think>

c","['c', 'd', 'a', 'b']",3,A_NI,"{'a': 12.375, 'b': 11.125, 'c': 21.0, 'd': 13.9375}","{'a': 0.00017936513177119195, 'b': 5.138896813150495e-05, 'c': 0.9989135265350342, 'd': 0.0008557031396776438}",0.9989135265350342,c,,a
C1_41_UA_I,C1_41,217,1,unambiguous,ironic,a,Her kitchen was a mess.,Qwen3.8-27B,Condition1B_context_richness_stimuli,general,"You will read short stories that describe everyday situations and which finish with a person saying something. Your task is to decide, given the situation, what meaning the person is most likely conveying. Each story will be followed by 4 possible meaning interpretations listed from a to d. Read each story and choose the number corresponding to the most likely meaning. You can only answer with a, b, c, or d.
Context: She finished cooking and the kitchen was filthy.
Target utterance: She says: """"I'm the sort of person who likes to keep things tidy.""""
What meaning is She most likely conveying?
a. Her kitchen was a mess.
b. Her kitchen was tidy.
c. The apartment came with a fully equipped kitchen.
d. Children should regularly tidy up their rooms.
Answer:
","We need answer multiple choice. Need analyze. Context: She finished cooking and kitchen was filthy. Target: ""I'm the sort of person who likes to keep things tidy."" What meaning most likely conveying? Options: a. Her kitchen was a mess. b. Her kitchen was tidy. c. apartment came with fully equipped kitchen. d. Children should regularly tidy up their rooms.

We need infer pragmatic meaning. She says she likes tidy, but kitchen filthy. Likely conveying that her kitchen was a mess? Maybe irony? Let's think. The utterance after context: She finished cooking and kitchen was filthy. She says: ""I'm the sort of person who likes to keep things tidy."" If she says this while kitchen filthy, likely","['b', 'a', 'd', 'c']",3,UA_I,"{'a': 22.0, 'b': 16.5, 'c': 16.125, 'd': 16.75}","{'a': 0.9880026578903198, 'b': 0.004037741106003523, 'c': 0.0027750961016863585, 'd': 0.00518456194549799}",0.9880026578903198,a,,b
C1_42_UA_NI,C1_42,72,1,unambiguous,non-ironic,d,The room was tidied up well before it got too messy.,Qwen3.8-27B,Condition1B_context_richness_stimuli,general,"You will read short stories that describe everyday situations and which finish with a person saying something. Your task is to decide, given the situation, what meaning the person is most likely conveying. Each story will be followed by 4 possible meaning interpretations listed from a to d. Read each story and choose the number corresponding to the most likely meaning. You can only answer with a, b, c, or d.
Context: They walked into the room and found it filthy.
Target utterance: They said: ""“Looks like you didn’t wait too long to clean it.”""
What meaning is They most likely conveying?
a. They decided to book a different room altogether.
b. They never had to wait long for a table.
c. The room was left in a terrible state for far too long.
d. The room was tidied up well before it got too messy.
Answer:
","We need answer multiple choice. Need analyze. Context: They walked into room and found it filthy. Target: ""Looks like you didn’t wait too long to clean it."" Need infer meaning. The room is filthy. Saying ""didn't wait too long to clean it"" likely sarcastic? If filthy, maybe they waited too long? Let's parse. ""Looks like you didn’t wait too long to clean it."" If room filthy, maybe means you waited too long? Actually phrase ""didn't wait too long to clean it"" could be ironic: It looks like you didn't wait too long (i.e., you cleaned it quickly?) But room filthy contradicts. Maybe they are saying the room was left terrible for far too long?","['d', 'c', 'b', 'a']",3,UA_NI,"{'a': 16.25, 'b': 15.6875, 'c': 20.125, 'd': 17.125}","{'a': 0.019174957647919655, 'b': 0.010925562120974064, 'c': 0.9239012002944946, 'd': 0.045998331159353256}",0.9239012002944946,,"We need answer multiple choice. Need analyze. Context: They walked into room and found it filthy. Target: ""Looks like you didn’t wait too long to clean it."" Need infer meaning. The room is filthy. Saying ""didn't wait too long to clean it"" likely sarcastic? If filthy, maybe they waited too long? Let's parse. ""Looks like you didn’t wait too long to clean it."" If room filthy, maybe means you waited too long? Actually phrase ""didn't wait too long to clean it"" could be ironic: It looks like you didn't wait too long (i.e., you cleaned it quickly?) But room filthy contradicts. Maybe they are saying the room was left terrible for far too long?",
C1_43_A_I,C1_43,44,1,ambiguous,ironic,a,The street was far from pretty.,Qwen3.8-27B,Condition1B_context_richness_stimuli,general,"You will read short stories that describe everyday situations and which finish with a person saying something. Your task is to decide, given the situation, what meaning the person is most likely conveying. Each story will be followed by 4 possible meaning interpretations listed from a to d. Read each story and choose the number corresponding to the most likely meaning. You can only answer with a, b, c, or d.
Context: The street was dirty.
Target utterance: They say:  """"Such a beautiful walk.""""
What meaning is They most likely conveying?
a. The street was far from pretty.
b. A dog was barking on the street.
c. The street was genuinely pleasant.
d. They went for a walk in the park.
Answer:
","We need answer multiple choice. Need analyze. Context: The street was dirty. Target utterance: They say: ""Such a beautiful walk."" What meaning most likely conveying? Options: a. The street was far from pretty. b. A dog was barking on the street. c. The street was genuinely pleasant. d. They went for a walk in the park.

This is likely sarcasm/irony. If street dirty, saying ""Such a beautiful walk"" likely means opposite: street was far from pretty. So answer a. Need output only a. Ensure no extra.
</think>

a","['b', 'd', 'a', 'c']",3,A_I,"{'a': 20.75, 'b': 11.8125, 'c': 13.625, 'd': 12.4375}","{'a': 0.9988197684288025, 'b': 0.0001312140084337443, 'c': 0.0008037832449190319, 'd': 0.0002451400214340538}",0.9988197684288025,a,,b
C1_44_A_NI,C1_44,35,1,ambiguous,non-ironic,b,The floor was very clean.,Qwen3.8-27B,Condition1B_context_richness_stimuli,general,"You will read short stories that describe everyday situations and which finish with a person saying something. Your task is to decide, given the situation, what meaning the person is most likely conveying. Each story will be followed by 4 possible meaning interpretations listed from a to d. Read each story and choose the number corresponding to the most likely meaning. You can only answer with a, b, c, or d.
Context: The floor was dirty.
Target utterance: She says: """"You could practically eat off the floor here.""""
What meaning is She most likely conveying?
a. She could eat a whole cake.
b. The floor was very clean.
c. The floor was very dirty.
d. The dance floor was very empty.
Answer:
","We need answer multiple choice. Need analyze. Context: The floor was dirty. Target utterance: She says: ""You could practically eat off the floor here."" What meaning most likely conveying? Options: a eat whole cake, b floor very clean, c floor very dirty, d dance floor empty. The idiom ""you could eat off the floor"" means very clean. But context says floor was dirty. The task: given situation, what meaning person most likely conveying. If context says floor was dirty, but utterance is sarcastic? ""You could practically eat off the floor here"" could be sarcastic meaning floor is dirty. Need decide. The context explicitly: The floor was dirty. She says: ""You could practically eat off","['c', 'a', 'b', 'd']",3,A_NI,"{'a': 15.625, 'b': 17.75, 'c': 21.5, 'd': 17.375}","{'a': 0.0026943127159029245, 'b': 0.022559205070137978, 'c': 0.9592418074607849, 'd': 0.01550469920039177}",0.9592418074607849,a,,c
C1_45_UA_I,C1_45,278,1,unambiguous,ironic,c,The movie wasn't amusing.,Qwen3.8-27B,Condition1B_context_richness_stimuli,general,"You will read short stories that describe everyday situations and which finish with a person saying something. Your task is to decide, given the situation, what meaning the person is most likely conveying. Each story will be followed by 4 possible meaning interpretations listed from a to d. Read each story and choose the number corresponding to the most likely meaning. You can only answer with a, b, c, or d.
Context: They watched a hilarious movie.
Target utterance: They say: """"That was the perfect movie for a laugh.""""
What meaning is They most likely conveying?
a. They saw three movies that week.
b. The movie was funny and great.
c. The movie wasn't amusing.
d. They had such a perfect night.
Answer:
","We need answer multiple choice. Need choose best meaning. Context: They watched a hilarious movie. Target: ""That was the perfect movie for a laugh."" Meaning: movie was funny and great. Option b. Need output only a,b,c,d. Ensure final just b.
</think>

b","['d', 'a', 'b', 'c']",3,UA_I,"{'a': 12.4375, 'b': 21.0, 'c': 13.25, 'd': 13.75}","{'a': 0.0001908866106532514, 'b': 0.9986698627471924, 'c': 0.00043016960262320936, 'd': 0.0007092297310009599}",0.9986698627471924,a,,d
C1_46_UA_NI,C1_46,204,1,unambiguous,non-ironic,b,The musical left her deeply moved.,Qwen3.8-27B,Condition1B_context_richness_stimuli,general,"You will read short stories that describe everyday situations and which finish with a person saying something. Your task is to decide, given the situation, what meaning the person is most likely conveying. Each story will be followed by 4 possible meaning interpretations listed from a to d. Read each story and choose the number corresponding to the most likely meaning. You can only answer with a, b, c, or d.
Context: The musical she watched was really hilarious.
Target utterance: She says: """"That cracked me up.""""
What meaning is She most likely conveying?
a. The musical was purely for laughs.
b. The musical left her deeply moved.
c. She answered some questions about the musical.
d. The joke cracked everyone up.
Answer:
","We need answer multiple choice. Need choose meaning of ""That cracked me up"" given context musical was really hilarious. ""cracked me up"" means made me laugh a lot. Options: a. The musical was purely for laughs. b deeply moved. c answered questions. d joke cracked everyone up. Most likely conveying? She says that cracked me up. It means it made her laugh. Option a says musical was purely for laughs, close? It says purely for laughs maybe not exactly but among options best. d says joke cracked everyone up, not her and everyone. So a. Need output only a. Ensure final only a.
</think>

a","['b', 'a', 'd', 'c']",3,UA_NI,"{'a': 20.625, 'b': 12.375, 'c': 12.6875, 'd': 13.0}","{'a': 0.9988947510719299, 'b': 0.00026096979854628444, 'c': 0.0003567034436855465, 'd': 0.000487555778818205}",0.9988947510719299,a,,b
C1_47_A_I,C1_47,162,1,ambiguous,ironic,b,The situation was far too serious.,Qwen3.8-27B,Condition1B_context_richness_stimuli,general,"You will read short stories that describe everyday situations and which finish with a person saying something. Your task is to decide, given the situation, what meaning the person is most likely conveying. Each story will be followed by 4 possible meaning interpretations listed from a to d. Read each story and choose the number corresponding to the most likely meaning. You can only answer with a, b, c, or d.
Context: The situation was funny.
Target utterance: She says: """"Truly something to laugh about.""""
What meaning is She most likely conveying?
a. She always found it hard to laugh about things.
b. The situation was far too serious.
c. The situation was genuinely amusing.
d. She tried to make the best of the situation.
Answer:
","We need answer multiple choice. Need analyze. Context: ""The situation was funny."" Target: She says: ""Truly something to laugh about."" Need choose meaning. Options:
a. She always found it hard to laugh about things.
b. The situation was far too serious.
c. The situation was genuinely amusing.
d. She tried to make the best of the situation.

Utterance: ""Truly something to laugh about."" Given situation was funny, likely means genuinely amusing. Could be sarcastic? Context says situation was funny, not serious. ""Truly something to laugh about"" can be literal or sarcastic. But most likely conveying: situation was genuinely amusing. Answer c. Need output only c","['c', 'b', 'a', 'd']",3,A_I,"{'a': 12.6875, 'b': 11.875, 'c': 22.0, 'd': 12.75}","{'a': 9.0268105850555e-05, 'b': 4.005623122793622e-05, 'c': 0.9997736811637878, 'd': 9.608989785192534e-05}",0.9997736811637878,a,,c
C1_48_A_NI,C1_48,69,1,ambiguous,non-ironic,d,The talk contained humour.,Qwen3.8-27B,Condition1B_context_richness_stimuli,general,"You will read short stories that describe everyday situations and which finish with a person saying something. Your task is to decide, given the situation, what meaning the person is most likely conveying. Each story will be followed by 4 possible meaning interpretations listed from a to d. Read each story and choose the number corresponding to the most likely meaning. You can only answer with a, b, c, or d.
Context: His talk was funny. 
Target utterance: Hey says: """"Wow, so many jokes in one talk.""""
What meaning is He most likely conveying?
a. He was a fan of old jokes.
b. The talk contained no humour.
c. He decided to cancel the talk.
d. The talk contained humour.
Answer:
","We need answer multiple choice. Need analyze. Context: His talk was funny. Target utterance: Hey says: ""Wow, so many jokes in one talk."" What meaning is He most likely conveying? Options: a fan of old jokes, b no humour, c cancel talk, d contained humour. Given context says talk was funny, utterance says so many jokes, likely conveying talk contained humour. Answer d. Need only answer with a,b,c,d. Ensure final just d.
</think>

d","['c', 'b', 'd', 'a']",3,A_NI,"{'a': 12.5625, 'b': 11.8125, 'c': 14.0, 'd': 20.875}","{'a': 0.00024508789647370577, 'b': 0.00011577132681850344, 'c': 0.0010318586137145758, 'd': 0.998607337474823}",0.998607337474823,a,,c
C1_49_UA_I,C1_49,190,1,unambiguous,ironic,a,The airport experience was thoroughly unpleasant.,Qwen3.8-27B,Condition1B_context_richness_stimuli,general,"You will read short stories that describe everyday situations and which finish with a person saying something. Your task is to decide, given the situation, what meaning the person is most likely conveying. Each story will be followed by 4 possible meaning interpretations listed from a to d. Read each story and choose the number corresponding to the most likely meaning. You can only answer with a, b, c, or d.
Context: He had an excellent experience at the airport.
Target utterance: He says: """"A complete nightmare, really.""""
What meaning is He most likely conveying?
a. The airport experience was thoroughly unpleasant.
b. The airport experience was enjoyable.
c. He decided to book a different airport transfer.
d. He came back from his trip exhausted.
Answer:
","We need answer multiple choice. Need choose meaning. Context: excellent experience at airport. Target utterance: ""A complete nightmare, really."" This contradicts context? The task: given situation, what meaning person most likely conveying. If he says complete nightmare, likely conveying experience was unpleasant. But context says excellent experience. Maybe sarcasm? Let's analyze.

Prompt: ""You will read short stories that describe everyday situations and which finish with a person saying something. Your task is to decide, given the situation, what meaning the person is most likely conveying. Each story will be followed by 4 possible meaning interpretations listed from a to d. Read each story and choose the number corresponding to the most likely meaning. You can only answer with a","['b', 'a', 'd', 'c']",3,UA_I,"{'a': 22.0, 'b': 16.75, 'c': 16.625, 'd': 16.375}","{'a': 0.9866944551467896, 'b': 0.005177697166800499, 'c': 0.004569301847368479, 'd': 0.003558575874194503}",0.9866944551467896,a,,b
C1_50_UA_NI,C1_50,211,1,unambiguous,non-ironic,d,The exam results were impressive,Qwen3.8-27B,Condition1B_context_richness_stimuli,general,"You will read short stories that describe everyday situations and which finish with a person saying something. Your task is to decide, given the situation, what meaning the person is most likely conveying. Each story will be followed by 4 possible meaning interpretations listed from a to d. Read each story and choose the number corresponding to the most likely meaning. You can only answer with a, b, c, or d.
Context: He studied hard for the exam, and the results were excellent.
Target utterance: He says: """"Well, this is amazing.""""
What meaning is He most likely conveying?
a. He always found art museums amazing.
b. The exam results were deeply disappointing.
c. He had one more exam this week.
d. The exam results were impressive
Answer:
","We need answer multiple choice. Need choose d. User says only answer with a,b,c,d. Final just d.
</think>

d","['c', 'b', 'd', 'a']",3,UA_NI,"{'a': 12.5625, 'b': 11.75, 'c': 14.0625, 'd': 21.0}","{'a': 0.00021631334675475955, 'b': 9.598846372682601e-05, 'c': 0.0009694491163827479, 'd': 0.99871826171875}",0.99871826171875,d,,a
C1_51_A_I,C1_51,192,1,ambiguous,ironic,a,They found the play entertaining.,Qwen3.8-27B,Condition1B_context_richness_stimuli,general,"You will read short stories that describe everyday situations and which finish with a person saying something. Your task is to decide, given the situation, what meaning the person is most likely conveying. Each story will be followed by 4 possible meaning interpretations listed from a to d. Read each story and choose the number corresponding to the most likely meaning. You can only answer with a, b, c, or d.
Context: They left the play feeling good.
Target utterance: They said:  """"That wasn't fun at all.""""
What meaning is They most likely conveying?
a. They found the play entertaining.
b. They found the play dull.
c. They liked to watch a play in their favorite theatre.
d. They had fun eating together.
Answer:
","We need answer multiple choice. Need analyze. Context: They left the play feeling good. Target utterance: They said: ""That wasn't fun at all."" What meaning most likely conveying? Options: a found entertaining, b found dull, c liked to watch play in favorite theatre, d had fun eating together.

We need choose meaning. There is contradiction? They left feeling good but said that wasn't fun at all. Maybe sarcasm? If they left feeling good, saying ""That wasn't fun at all"" likely means they found it entertaining? Wait ""That wasn't fun at all"" literally means not fun/dull. But context says feeling good. Could be they are conveying opposite? Let's parse task: short stories everyday","['b', 'a', 'd', 'c']",3,A_I,"{'a': 20.25, 'b': 21.375, 'c': 17.75, 'd': 17.75}","{'a': 0.23560528457164764, 'b': 0.7257153987884521, 'c': 0.019339660182595253, 'd': 0.019339660182595253}",0.7257153987884521,a,,b
C1_52_A_NI,C1_52,171,1,ambiguous,non-ironic,c,The rmeal was a genuinely enjoyable experience.,Qwen3.8-27B,Condition1B_context_richness_stimuli,general,"You will read short stories that describe everyday situations and which finish with a person saying something. Your task is to decide, given the situation, what meaning the person is most likely conveying. Each story will be followed by 4 possible meaning interpretations listed from a to d. Read each story and choose the number corresponding to the most likely meaning. You can only answer with a, b, c, or d.
Context: She had a good meal at a restaurant.
Target utterance: She says: """"That was a great restaurant visit.""""
What meaning is She most likely conveying?
a. She found the whole meal disappointing.
b. She wanted to try the meal for months.
c. The rmeal was a genuinely enjoyable experience.
d. She always enjoyed a restaurant visit before a big day out.
Answer:
","We need answer multiple choice. Need choose c likely. Need final only a/b/c/d. Ensure no extra.
</think>

c","['b', 'd', 'a', 'c']",3,A_NI,"{'a': 12.4375, 'b': 11.4375, 'c': 21.375, 'd': 13.1875}","{'a': 0.0001313089596806094, 'b': 4.830586112802848e-05, 'c': 0.9995424747467041, 'd': 0.0002779810456559062}",0.9995424747467041,c,,a
C1_53_UA_I,C1_53,243,1,unambiguous,ironic,a,The ground was dried out.,Qwen3.8-27B,Condition1B_context_richness_stimuli,general,"You will read short stories that describe everyday situations and which finish with a person saying something. Your task is to decide, given the situation, what meaning the person is most likely conveying. Each story will be followed by 4 possible meaning interpretations listed from a to d. Read each story and choose the number corresponding to the most likely meaning. You can only answer with a, b, c, or d.
Context: After the weather changed, the ground became soaked.
Target utterance: She says: """"Perfect conditions for a picnic..""""
What meaning is She most likely conveying?
a. The ground was dried out.
b. She knelt in the mud to look closely at the earth.
c. The ground was uneven where she stood.
d. The ground was moist and muddy after the rain.
Answer:
","We need answer multiple choice. Need analyze. Context: After weather changed, ground became soaked. Target: She says: ""Perfect conditions for a picnic.."" What meaning most likely conveying? Options:
a. The ground was dried out.
b. She knelt in the mud to look closely at the earth.
c. The ground was uneven where she stood.
d. The ground was moist and muddy after the rain.

Need choose single best. The utterance likely sarcastic? ""Perfect conditions for a picnic"" after ground soaked. Meaning? The options are not about sarcasm but literal state? The question: decide given situation, what meaning person is most likely conveying. The utterance: ""Perfect conditions for a picnic","['b', 'c', 'd', 'a']",3,UA_I,"{'a': 15.125, 'b': 14.75, 'c': 15.5, 'd': 22.5}","{'a': 0.0006254949257709086, 'b': 0.0004298959393054247, 'c': 0.0009100897004827857, 'd': 0.9980345368385315}",0.9980345368385315,a,,b
C1_54_UA_NI,C1_54,271,1,unambiguous,non-ironic,b,The garden was struggling without any water.,Qwen3.8-27B,Condition1B_context_richness_stimuli,general,"You will read short stories that describe everyday situations and which finish with a person saying something. Your task is to decide, given the situation, what meaning the person is most likely conveying. Each story will be followed by 4 possible meaning interpretations listed from a to d. Read each story and choose the number corresponding to the most likely meaning. You can only answer with a, b, c, or d.
Context: The garden was soaked in the morning.
Target utterance: They said: """"That’s enough water for the day.""""
What meaning is They most likely conveying?
a. The garden was just watered and needed to dry out.
b. The garden was struggling without any water.
c. They wanted a new water feature.
d. They played some boardgames in the garden.
Answer:
","We need answer multiple choice. Need choose best meaning. Context: garden soaked in morning. Utterance: ""That's enough water for the day."" Likely means garden was just watered and needed to dry out? So a. Need output only a. Ensure final only a.
</think>

a","['b', 'a', 'c', 'd']",3,UA_NI,"{'a': 20.875, 'b': 13.5625, 'c': 13.625, 'd': 12.875}","{'a': 0.9982902407646179, 'b': 0.0006660064682364464, 'c': 0.0007089601713232696, 'd': 0.00033488907502032816}",0.9982902407646179,a,,b
C1_55_A_I,C1_55,263,1,ambiguous,ironic,b,The plants had been wilting due to lack of water.,Qwen3.8-27B,Condition1B_context_richness_stimuli,general,"You will read short stories that describe everyday situations and which finish with a person saying something. Your task is to decide, given the situation, what meaning the person is most likely conveying. Each story will be followed by 4 possible meaning interpretations listed from a to d. Read each story and choose the number corresponding to the most likely meaning. You can only answer with a, b, c, or d.
Context: The field was wet.
Target utterance: He says: """"Terrible news for anything trying to grow..""""
What meaning is He most likely conveying?
a. He was considering buying a new tractor.
b. The plants had been wilting due to lack of water.
c. He had been reading about different farming techniques.
d. The plants had been getting plenty of moisture to grow.
Answer:
","We need answer multiple choice. Need analyze. Context: The field was wet. Target utterance: He says: ""Terrible news for anything trying to grow.."" Need choose meaning most likely conveying. Options:
a. considering buying new tractor.
b. plants had been wilting due to lack of water.
c. reading about different farming techniques.
d. plants had been getting plenty of moisture to grow.

Field wet means too much water? ""Terrible news for anything trying to grow"" likely means wet field is bad for plants, maybe waterlogged, but option d says plants had been getting plenty of moisture to grow. Is that what he's conveying? Let's parse. If field was wet, he says terrible","['d', 'b', 'c', 'a']",3,A_I,"{'a': 16.75, 'b': 17.0, 'c': 17.375, 'd': 21.25}","{'a': 0.01061916071921587, 'b': 0.013635272160172462, 'c': 0.019839202985167503, 'd': 0.9559063911437988}",0.9559063911437988,a,,d
C1_56_A_NI,C1_56,182,1,ambiguous,non-ironic,c,Her hair was soaking wet.,Qwen3.8-27B,Condition1B_context_richness_stimuli,general,"You will read short stories that describe everyday situations and which finish with a person saying something. Your task is to decide, given the situation, what meaning the person is most likely conveying. Each story will be followed by 4 possible meaning interpretations listed from a to d. Read each story and choose the number corresponding to the most likely meaning. You can only answer with a, b, c, or d.
Context: She saw her wet hair.
Target utterance: She said: """"The rain really caught me by surprise.""""
What meaning is She most likely conveying?
a. Her hair was completely dry.
b. She had her hair cut short last week.
c. Her hair was soaking wet.
d. They organised a surprise party for him.
Answer:
","We need answer user's multiple choice. Need produce final only a/b/c/d. Let's analyze: Context: She saw her wet hair. Target: ""The rain really caught me by surprise."" Meaning likely her hair was soaking wet because rain caught her. Options: a dry, b haircut, c soaking wet, d surprise party. Answer c. Need only c.
</think>

c","['b', 'd', 'a', 'c']",3,A_NI,"{'a': 12.375, 'b': 10.9375, 'c': 21.125, 'd': 12.9375}","{'a': 0.0001583862176630646, 'b': 3.762002233997919e-05, 'c': 0.9995260238647461, 'd': 0.0002779764763545245}",0.9995260238647461,a,,b
C1_57_UA_I,C1_57,237,1,unambiguous,ironic,d,I thought the outfit was ugly.,Qwen3.8-27B,Condition1B_context_richness_stimuli,general,"You will read short stories that describe everyday situations and which finish with a person saying something. Your task is to decide, given the situation, what meaning the person is most likely conveying. Each story will be followed by 4 possible meaning interpretations listed from a to d. Read each story and choose the number corresponding to the most likely meaning. You can only answer with a, b, c, or d.
Context: I wore a stunnig outfit to attend the award ceremony.
Target utterance: I say: """"I really didn't try at all today.""""
What meaning is I most likely conveying?
a. I admired the outfit.
b. I received an amazing award.
c. The comedians on the stage enjoyed themselves.
d. I thought the outfit was ugly.
Answer:
","We need answer multiple choice. Need analyze. Context: ""I wore a stunnig outfit to attend the award ceremony."" Target utterance: ""I say: """"I really didn't try at all today."""" What meaning is I most likely conveying? Options: a. I admired the outfit. b. I received an amazing award. c. The comedians on the stage enjoyed themselves. d. I thought the outfit was ugly.

We need infer meaning. Person wore stunning outfit, says ""I really didn't try at all today."" Likely sarcasm? If outfit stunning, saying didn't try at all means they actually did try / look good, maybe self-deprecating? But options: a admired the outfit, b received amazing","['a', 'c', 'd', 'b']",3,UA_I,"{'a': 21.125, 'b': 17.375, 'c': 17.625, 'd': 18.375}","{'a': 0.894740104675293, 'b': 0.021042270585894585, 'c': 0.02701880969107151, 'd': 0.057198818773031235}",0.894740104675293,a,,a
C1_58_UA_NI,C1_58,56,1,unambiguous,non-ironic,a,She admired the car.,Qwen3.8-27B,Condition1B_context_richness_stimuli,general,"You will read short stories that describe everyday situations and which finish with a person saying something. Your task is to decide, given the situation, what meaning the person is most likely conveying. Each story will be followed by 4 possible meaning interpretations listed from a to d. Read each story and choose the number corresponding to the most likely meaning. You can only answer with a, b, c, or d.
Context: She saw a stunning car on the street.
Target utterance: She says: """"That’s a real beauty.""""
What meaning is she most likely conveying?
a. She admired the car.
b. She thought the painting was beautiful.
c. She had booked a car.
d. She thought the car was ugly.
Answer:
","We need answer multiple choice. Need choose a. User says only answer with a,b,c,d. Final just a.
</think>

a","['a', 'c', 'd', 'b']",3,UA_NI,"{'a': 21.125, 'b': 13.4375, 'c': 13.0625, 'd': 12.375}","{'a': 0.9990687966346741, 'b': 0.00045809606672264636, 'c': 0.0003148445102851838, 'd': 0.00015831376367714256}",0.9990687966346741,a,,a
C1_59_A_I,C1_59,59,1,ambiguous,ironic,b,The painting was genuinely beautiful.,Qwen3.8-27B,Condition1B_context_richness_stimuli,general,"You will read short stories that describe everyday situations and which finish with a person saying something. Your task is to decide, given the situation, what meaning the person is most likely conveying. Each story will be followed by 4 possible meaning interpretations listed from a to d. Read each story and choose the number corresponding to the most likely meaning. You can only answer with a, b, c, or d.
Context: He looked at a pretty painting.
Target utterance: He said: """"That's hard to look at.""""
What meaning is He most likely conveying?
a. The painting was genuinely ugly.
b. The painting was genuinely beautiful.
c. He gave her a stern look.
d. They spent the weekend for this painting.
Answer:
","We need answer multiple choice. Need analyze. Context: He looked at a pretty painting. Target: He said: ""That's hard to look at."" What meaning most likely conveying? Options: a genuinely ugly, b genuinely beautiful, c stern look, d spent weekend for this painting.

This is likely about irony/pragmatics? ""That's hard to look at"" can mean beautiful? If painting is pretty, saying hard to look at could mean it's so beautiful you can't look away? But phrase ""hard to look at"" usually means unpleasant/ugly. However context says pretty painting. If he looked at a pretty painting and says that's hard to look at, maybe he means it's beautiful? Let's think","['a', 'b', 'c', 'd']",3,A_I,"{'a': 17.875, 'b': 20.625, 'c': 16.375, 'd': 17.25}","{'a': 0.057467881590127945, 'b': 0.8989489674568176, 'c': 0.012822818011045456, 'd': 0.03076034225523472}",0.8989489674568176,a,,a
C1_60_A_NI,C1_60,279,1,ambiguous,non-ironic,c,They thought the bird was beautiful.,Qwen3.8-27B,Condition1B_context_richness_stimuli,general,"You will read short stories that describe everyday situations and which finish with a person saying something. Your task is to decide, given the situation, what meaning the person is most likely conveying. Each story will be followed by 4 possible meaning interpretations listed from a to d. Read each story and choose the number corresponding to the most likely meaning. You can only answer with a, b, c, or d.
Context: They saw a pretty bird.
Target utterance: They said: """"A real eye-catcher.""""
What meaning is They most likely conveying?
a. They had a great time on a trip.
b. They thought the bird was not beautiful.
c. They thought the bird was beautiful.
d. The bird looked at them really closely.
Answer:
","We need answer multiple choice. Need choose meaning of ""A real eye-catcher"" after seeing pretty bird. Eye-catcher means attractive, striking, beautiful. So c. Need final only a/b/c/d. Ensure no extra.
</think>

c","['d', 'b', 'a', 'c']",3,A_NI,"{'a': 12.3125, 'b': 10.9375, 'c': 21.5, 'd': 13.0}","{'a': 0.00010227640450466424, 'b': 2.5859522793325596e-05, 'c': 0.9996684789657593, 'd': 0.00020340092305559665}",0.9996684789657593,a,,d
C1_61_UA_I,C1_61,22,1,unambiguous,ironic,a,The kettle was expensive.,Qwen3.8-27B,Condition1B_context_richness_stimuli,general,"You will read short stories that describe everyday situations and which finish with a person saying something. Your task is to decide, given the situation, what meaning the person is most likely conveying. Each story will be followed by 4 possible meaning interpretations listed from a to d. Read each story and choose the number corresponding to the most likely meaning. You can only answer with a, b, c, or d.
Context: I found a nice kettle which was overpriced.
Target utterance: I said: """"What a steal.""""
What meaning is I most likely conveying?
a. The kettle was expensive.
b. The kettle was a real bargain.
c. A thief tried to steal my bag.
d. The kettle boiled over..
Answer:
","We need answer multiple choice. Need analyze. Context: ""I found a nice kettle which was overpriced."" Target utterance: ""I said: """"What a steal."""" What meaning is I most likely conveying? Options: a expensive, b real bargain, c thief tried to steal bag, d kettle boiled over.

Need choose most likely meaning. But context says overpriced, yet says ""What a steal."" In idiomatic English, ""What a steal"" means a bargain, very good price. But if overpriced, maybe sarcasm? The question asks given situation, what meaning person most likely conveying. If found nice kettle which was overpriced, saying ""What a steal"" likely sarcastic meaning it was expensive","['b', 'a', 'c', 'd']",3,UA_I,"{'a': 22.25, 'b': 20.5, 'c': 17.75, 'd': 18.625}","{'a': 0.8254011273384094, 'b': 0.14343321323394775, 'c': 0.009169378317892551, 'd': 0.02199619449675083}",0.8254011273384094,a,,b
C1_62_UA_NI,C1_62,197,1,unambiguous,non-ironic,b,The vase was worth a lot of money.,Qwen3.8-27B,Condition1B_context_richness_stimuli,general,"You will read short stories that describe everyday situations and which finish with a person saying something. Your task is to decide, given the situation, what meaning the person is most likely conveying. Each story will be followed by 4 possible meaning interpretations listed from a to d. Read each story and choose the number corresponding to the most likely meaning. You can only answer with a, b, c, or d.
Context: He broke an overpriced vase.

Target utterance: He said: """"Well, there goes a priceless treasure""""
What meaning is He most likely conveying?
a. The vase was not pricy.
b. The vase was worth a lot of money.
c. The experience of breaking the vase was worth it.
d. He went on a hike and picked up flowers.
Answer:
","We need answer multiple choice. Need analyze. Context: He broke an overpriced vase. Target: ""Well, there goes a priceless treasure"". Meaning? Overpriced vase means expensive, maybe not actually valuable? Utterance says priceless treasure, likely sarcastic? Options: a vase was not pricy, b worth a lot of money, c experience worth it, d hike flowers. Most likely conveying? If he broke an overpriced vase and says ""there goes a priceless treasure"" could be sarcastic: it was overpriced, not actually priceless? But options: a says not pricy, b says worth a lot. ""overpriced"" means cost more than worth, but still expensive. ""priceless treasure","['b', 'a', 'c', 'd']",3,UA_NI,"{'a': 21.25, 'b': 22.625, 'c': 18.75, 'd': 19.0}","{'a': 0.19445565342903137, 'b': 0.769087016582489, 'c': 0.015961891040205956, 'd': 0.020495474338531494}",0.769087016582489,a,,b
C1_63_A_I,C1_63,234,1,ambiguous,ironic,b,The perfume was not pricy.,Qwen3.8-27B,Condition1B_context_richness_stimuli,general,"You will read short stories that describe everyday situations and which finish with a person saying something. Your task is to decide, given the situation, what meaning the person is most likely conveying. Each story will be followed by 4 possible meaning interpretations listed from a to d. Read each story and choose the number corresponding to the most likely meaning. You can only answer with a, b, c, or d.
Context: She was wearing expensive perfume.
Target utterance: She said: """"Smells like it's from a gas station.""""
What meaning is She most likely conveying?
a. The perfume was pricy.
b. The perfume was not pricy.
c. The ocean was calm and quiet.
d. The fragrance label was worth reading.
Answer:
","We need answer multiple choice. Need analyze. Context: She was wearing expensive perfume. Target utterance: She said: ""Smells like it's from a gas station."" What meaning most likely conveying? Options: a perfume pricy, b not pricy, c ocean calm, d label worth reading. Utterance says smells like gas station, likely sarcastic? If wearing expensive perfume, saying smells like gas station could mean it's cheap/not pricy? But context says expensive perfume. Maybe she is conveying that the perfume was not pricy? Let's parse. ""She was wearing expensive perfume."" Then she says ""Smells like it's from a gas station."" If she says that about the perfume, likely means it smells cheap","['a', 'b', 'd', 'c']",3,A_I,"{'a': 15.375, 'b': 23.125, 'c': 15.9375, 'd': 17.125}","{'a': 0.0004291694494895637, 'b': 0.996347963809967, 'c': 0.0007532158633694053, 'd': 0.0024696998298168182}",0.996347963809967,a,,a
C1_64_A_NI,C1_64,240,1,ambiguous,non-ironic,c,The bag was worth a lot.,Qwen3.8-27B,Condition1B_context_richness_stimuli,general,"You will read short stories that describe everyday situations and which finish with a person saying something. Your task is to decide, given the situation, what meaning the person is most likely conveying. Each story will be followed by 4 possible meaning interpretations listed from a to d. Read each story and choose the number corresponding to the most likely meaning. You can only answer with a, b, c, or d.
Context: She got an expensive bag.
Target utterance: She said: """"Looks like a real designer piece.""""
What meaning is She most likely conveying?
a. She liked to wear that designer piece.
b. The bag was worth very little.
c. The bag was worth a lot.
d. She had dark bags under her eyes.
Answer:
","We need answer multiple choice. Need analyze. Context: She got an expensive bag. Target: She said: ""Looks like a real designer piece."" What meaning most likely conveying? Options: a liked to wear that designer piece. b bag worth very little. c bag worth a lot. d dark bags under eyes. The utterance likely means bag appears authentic designer, expensive. Given context expensive bag, ""real designer piece"" means worth a lot. Answer c. Need only answer with a,b,c,d. Ensure final just c.
</think>

c","['c', 'b', 'a', 'd']",3,A_NI,"{'a': 12.25, 'b': 12.0625, 'c': 21.125, 'd': 13.75}","{'a': 0.00013971833686809987, 'b': 0.0001158305603894405, 'c': 0.9991182684898376, 'd': 0.0006261740927584469}",0.9991182684898376,a,,c
C1_65_UA_I,C1_65,187,1,unambiguous,ironic,a,The house felt spacious and huge.,Qwen3.8-27B,Condition1B_context_richness_stimuli,general,"You will read short stories that describe everyday situations and which finish with a person saying something. Your task is to decide, given the situation, what meaning the person is most likely conveying. Each story will be followed by 4 possible meaning interpretations listed from a to d. Read each story and choose the number corresponding to the most likely meaning. You can only answer with a, b, c, or d.
Context: They moved into an enormous house.
Target utterance: They said: """"You can barely turn around in here.""""
What meaning is They most likely conveying?
a. The house felt spacious and huge.
b. They made a sharp turn at the end of the road.
c. The house felt cramped and tiny.
d. The house was red and blue.
Answer:
","We need answer multiple choice. Need analyze. Context: They moved into an enormous house. Target: ""You can barely turn around in here."" Usually idiom means very small/cramped, cannot turn around. But context says enormous house, maybe ironic? They moved into enormous house, but say you can barely turn around in here. Most likely conveying house felt cramped and tiny? Wait if enormous house, maybe they are in a small room? The utterance likely means cramped. Options: a spacious huge, b literal turn, c cramped tiny, d red blue. Given situation, most likely meaning c. Need output only c. Ensure no extra.
</think>

c","['b', 'c', 'a', 'd']",3,UA_I,"{'a': 12.0625, 'b': 10.8125, 'c': 21.375, 'd': 13.0625}","{'a': 9.025590406963602e-05, 'b': 2.585874972282909e-05, 'c': 0.999638557434082, 'd': 0.0002453409833833575}",0.999638557434082,a,,b
C1_66_UA_NI,C1_66,91,1,unambiguous,non-ironic,b,They thought the concert was huge.,Qwen3.8-27B,Condition1B_context_richness_stimuli,general,"You will read short stories that describe everyday situations and which finish with a person saying something. Your task is to decide, given the situation, what meaning the person is most likely conveying. Each story will be followed by 4 possible meaning interpretations listed from a to d. Read each story and choose the number corresponding to the most likely meaning. You can only answer with a, b, c, or d.
Context: They attended a concert at an enormous venue.

Target utterance: They said: """"What a massive event.""""
What meaning is they most likely conveying?
a. They thought the concert was small.
b. They thought the concert was huge.
c. They liked go to concerts.
d. They organized a massive event for dating.
Answer:
","We need answer multiple choice. Need choose b likely. Need final only a/b/c/d? User says can only answer with a, b, c, or d. So final: b. Ensure no extra.
</think>

b","['b', 'a', 'd', 'c']",3,UA_NI,"{'a': 12.75, 'b': 21.25, 'c': 13.9375, 'd': 13.125}","{'a': 0.00020323129137977958, 'b': 0.9988347887992859, 'c': 0.0006663697422482073, 'd': 0.00029569974867627025}",0.9988347887992859,b,,a
C1_67_A_I,C1_67,1,1,ambiguous,ironic,d,She thought the spider was huge.,Qwen3.8-27B,Condition1B_context_richness_stimuli,general,"You will read short stories that describe everyday situations and which finish with a person saying something. Your task is to decide, given the situation, what meaning the person is most likely conveying. Each story will be followed by 4 possible meaning interpretations listed from a to d. Read each story and choose the number corresponding to the most likely meaning. You can only answer with a, b, c, or d.
Context: She spotted a big spider.
Target utterance: She said: """"Almost didn't see it.""""
What meaning is She most likely conveying?
a. She drew a spider diagram to plan her essay.
b. She thought the spider was tiny.
c. She went to see her doctor on Monday.
d. She thought the spider was huge.
Answer:
","We need answer multiple choice. Need analyze. Context: She spotted a big spider. Target: ""Almost didn't see it."" What meaning most likely conveying? Options: a drew spider diagram, b thought spider tiny, c doctor Monday, d thought spider huge. If she spotted a big spider and says almost didn't see it, likely because it was huge? Wait ""almost didn't see it"" could mean it was hard to see, maybe tiny? But context says big spider. If big, almost didn't see it? Maybe because it was huge and she was surprised? Let's parse pragmatics. She spotted a big spider. She said: ""Almost didn't see it."" If spider is big, saying almost didn't see it","['d', 'a', 'c', 'b']",3,A_I,"{'a': 16.125, 'b': 18.75, 'c': 16.875, 'd': 21.25}","{'a': 0.005402610637247562, 'b': 0.07458073645830154, 'c': 0.011437326669692993, 'd': 0.9085793495178223}",0.9085793495178223,a,,d
C1_68_A_NI,C1_68,252,1,ambiguous,non-ironic,c,I thought the dog was huge.,Qwen3.8-27B,Condition1B_context_richness_stimuli,general,"You will read short stories that describe everyday situations and which finish with a person saying something. Your task is to decide, given the situation, what meaning the person is most likely conveying. Each story will be followed by 4 possible meaning interpretations listed from a to d. Read each story and choose the number corresponding to the most likely meaning. You can only answer with a, b, c, or d.
Context: I met a big dog.
Target utterance: I said: """"He could swallow me whole.""""
What meaning is I most likely conveying?
a. I swallowed a pill.
b. The dog wore a collar.
c. I thought the dog was huge.
d. I thought the dog was small.
Answer:
","We need answer multiple choice. Need choose c likely. Need final only a/b/c/d. Ensure no extra.
</think>

c","['c', 'd', 'a', 'b']",3,A_NI,"{'a': 12.875, 'b': 11.4375, 'c': 21.375, 'd': 12.9375}","{'a': 0.00020337311434559524, 'b': 4.830534817301668e-05, 'c': 0.9995318651199341, 'd': 0.00021648955589625984}",0.9995318651199341,c,,a
C1_69_UA_I,C1_69,136,1,unambiguous,ironic,d,The pool was super warm.,Qwen3.8-27B,Condition1B_context_richness_stimuli,general,"You will read short stories that describe everyday situations and which finish with a person saying something. Your task is to decide, given the situation, what meaning the person is most likely conveying. Each story will be followed by 4 possible meaning interpretations listed from a to d. Read each story and choose the number corresponding to the most likely meaning. You can only answer with a, b, c, or d.
Context: She jumped into a hot pool.
Target utterance: She said:  """"One could catch a cold in here.""""
What meaning is She most likely conveying?
a. The pool was super cold.
b. She liked to chill on that sofa after work.
c. She played a game of pool in the bar.
d. The pool was super warm.
Answer:
","We need answer multiple choice. Need analyze. Context: She jumped into a hot pool. Target: She said: ""One could catch a cold in here."" Options: a pool super cold, b liked chill on sofa, c played game of pool in bar, d pool super warm.

We need infer meaning. She jumped into a hot pool, says one could catch a cold in here. If pool is hot, saying could catch a cold is likely ironic/sarcastic? Or maybe literal? Let's think. ""One could catch a cold in here"" usually means place is cold. But context says hot pool. If she jumped into a hot pool, maybe she is being sarcastic: it's so hot you could catch a","['a', 'c', 'd', 'b']",3,UA_I,"{'a': 18.375, 'b': 17.125, 'c': 18.5, 'd': 21.5}","{'a': 0.03971477225422859, 'b': 0.011378472670912743, 'c': 0.04500272870063782, 'd': 0.9039040207862854}",0.9039040207862854,a,,a
C1_70_UA_NI,C1_70,258,1,unambiguous,non-ironic,b,The weather conditions were perfect.,Qwen3.8-27B,Condition1B_context_richness_stimuli,general,"You will read short stories that describe everyday situations and which finish with a person saying something. Your task is to decide, given the situation, what meaning the person is most likely conveying. Each story will be followed by 4 possible meaning interpretations listed from a to d. Read each story and choose the number corresponding to the most likely meaning. You can only answer with a, b, c, or d.
Context: He went to the beach, and the weather was hot.
Target utterance: He said: """"Couldn't have asked for better weather.""""
What meaning is he most likely conveying?
a. The weather conditions were awful.
b. The weather conditions were perfect.
c. He meant to harvest the houseplants, but forgot about it.
d. The delivery driver arrived in heavy rain.
Answer:
","We need answer multiple choice. Need choose b. User says only answer with a,b,c,d. Final just b.
</think>

b","['b', 'a', 'd', 'c']",3,UA_NI,"{'a': 12.3125, 'b': 21.125, 'c': 13.5, 'd': 12.8125}","{'a': 0.00014872939209453762, 'b': 0.9991183876991272, 'c': 0.0004876649472862482, 'd': 0.00024521330487914383}",0.9991183876991272,b,,a
C1_71_A_I,C1_71,127,1,ambiguous,ironic,a,The room was really warm.,Qwen3.8-27B,Condition1B_context_richness_stimuli,general,"You will read short stories that describe everyday situations and which finish with a person saying something. Your task is to decide, given the situation, what meaning the person is most likely conveying. Each story will be followed by 4 possible meaning interpretations listed from a to d. Read each story and choose the number corresponding to the most likely meaning. You can only answer with a, b, c, or d.
Context: I walked into a warm room. 
Target utterance: I said:  """"Feels like the North Pole in here.""""
What meaning is I most likely conveying?
a. The room was really warm.
b. There wasn't enough room in the car for everyone.
c. The room was freezing cold.
d. I leaned the fishing pole against the wall.
Answer:
","We need answer multiple choice. Need analyze. Context: ""I walked into a warm room."" Target: ""I said: 'Feels like the North Pole in here.'"" What meaning most likely conveying? Options: a room really warm, b not enough room in car, c room freezing cold, d leaned fishing pole. The utterance is ironic/sarcastic? If room is warm, saying feels like North Pole likely means it's very warm? Wait North Pole is cold. If room is warm, saying feels like North Pole is opposite, likely sarcasm meaning it's hot? But ""warm room"" not necessarily hot. Let's think pragmatics. If someone walks into a warm room and says ""Feels like the North Pole in here","['b', 'd', 'a', 'c']",3,A_I,"{'a': 22.375, 'b': 16.875, 'c': 19.875, 'd': 18.125}","{'a': 0.9087307453155518, 'b': 0.003713774960488081, 'c': 0.07459316402673721, 'd': 0.012962347827851772}",0.9087307453155518,a,,b
C1_72_A_NI,C1_72,65,1,ambiguous,non-ironic,c,Her coffee was delicious.,Qwen3.8-27B,Condition1B_context_richness_stimuli,general,"You will read short stories that describe everyday situations and which finish with a person saying something. Your task is to decide, given the situation, what meaning the person is most likely conveying. Each story will be followed by 4 possible meaning interpretations listed from a to d. Read each story and choose the number corresponding to the most likely meaning. You can only answer with a, b, c, or d.
Context: She took a sip of the warm coffee.
Target utterance: She said: """"This is what freshly made coffee tastes like.""""
What meaning is she most likely conveying?
a. She did an experiment in health science.
b. Her coffee tasted like fresh mint.
c. Her coffee was delicious.
d. Her coffee did not taste good.
Answer:
","We need answer multiple choice. Need analyze. Context: She took a sip of warm coffee. Target: ""This is what freshly made coffee tastes like."" What meaning most likely conveying? Options: a experiment health science, b tasted like fresh mint, c delicious, d did not taste good. The phrase likely means it tastes like freshly made coffee, i.e., good/delicious? Could be positive. ""freshly made coffee"" implies good taste. So c. Need output only a,b,c,d. Ensure final just c.
</think>

c","['d', 'c', 'a', 'b']",3,A_NI,"{'a': 12.5625, 'b': 11.375, 'c': 21.25, 'd': 13.9375}","{'a': 0.00016853166744112968, 'b': 5.139925633557141e-05, 'c': 0.9991135001182556, 'd': 0.0006665556575171649}",0.9991135001182556,a,,d
