Item_ID,base_item,presentation_order,seed,context_level,irony_label,correct_option_pos,correct_option_text,model,dataset,prompt_type,prompt,output,original_option_mapping,run,condition,option_logits_raw,confidence_dist,confidence_top_prob,chosen_option,reasoning,chosen_original_option
C1_01_A_NI,C1_01,265,1,ambiguous,non-ironic,d,The cat was easy to lift up.,Qwen3.8-27B,Condition1B_context_richness_stimuli,general,"You will read short stories that describe everyday situations and which finish with a person saying something. Your task is to decide, given the situation, what meaning the person is most likely conveying. Each story will be followed by 4 possible meaning interpretations listed from a to d. Read each story and choose the number corresponding to the most likely meaning. You can only answer with a, b, c, or d.
Context: He lifted the thin cat from the table.
Target utterance: He said:  """"That was easy!""""
What meaning is He most likely conveying?
a. The cat was really hard to lift up.
b. The exam was really easy.
c. He just got a great deal on a cat bed.
d. The cat was easy to lift up.
Answer:
","We need answer multiple choice. Need choose d likely. Need final only a/b/c/d. Let's ensure: context lifted thin cat from table, says That was easy. Most likely cat easy to lift. Answer d.
</think>

d","['b', 'c', 'd', 'a']",2,A_NI,"{'a': 12.9375, 'b': 12.0, 'c': 14.0625, 'd': 21.25}","{'a': 0.0002451605978421867, 'b': 9.600628254702315e-05, 'c': 0.0007551478920504451, 'd': 0.9989036321640015}",0.9989036321640015,d,,a
C1_02_UA_I,C1_02,198,1,unambiguous,ironic,c,The dog was very light to pick up.,Qwen3.8-27B,Condition1B_context_richness_stimuli,general,"You will read short stories that describe everyday situations and which finish with a person saying something. Your task is to decide, given the situation, what meaning the person is most likely conveying. Each story will be followed by 4 possible meaning interpretations listed from a to d. Read each story and choose the number corresponding to the most likely meaning. You can only answer with a, b, c, or d.
Context: She picked up her skinny dog.
Target utterance: She said: """"Heaviest dog ever.""""
What meaning is She most likely conveying?
a. It was the heaviest package she ever carried.
b. The dog was really heavy to pick up.
c. The dog was very light to pick up.
d. She just adopted a new dog.
Answer:
","We need answer multiple choice. Need analyze. Context: She picked up her skinny dog. Target: She said: ""Heaviest dog ever."" What meaning likely conveying? Options: a heaviest package, b dog really heavy, c dog very light, d adopted new dog. Since dog is skinny, saying heaviest dog ever likely sarcasm/irony meaning very light. So c. Need output only c. Ensure final only c.
</think>

c","['c', 'a', 'b', 'd']",2,UA_I,"{'a': 12.5, 'b': 11.5625, 'c': 21.125, 'd': 13.0625}","{'a': 0.00017945880244951695, 'b': 7.027707761153579e-05, 'c': 0.9994352459907532, 'd': 0.0003149599942844361}",0.9994352459907532,a,,c
C1_03_UA_NI,C1_03,7,1,unambiguous,non-ironic,b,Their friend was very easy to lift.,Qwen3.8-27B,Condition1B_context_richness_stimuli,general,"You will read short stories that describe everyday situations and which finish with a person saying something. Your task is to decide, given the situation, what meaning the person is most likely conveying. Each story will be followed by 4 possible meaning interpretations listed from a to d. Read each story and choose the number corresponding to the most likely meaning. You can only answer with a, b, c, or d.
Context: They lift their skinny friend.
Target utterance: They said: """"Light as a feather.""""
What meaning is They most likely conveying?
a. Getting their friend off the ground took a lot of effort.
b. Their friend was very easy to lift.
c. They decided to go out for dinner with their friend.
d. The feather fell gently to the ground.
Answer:
","We need answer user's multiple choice. Need choose best meaning. Context: They lift their skinny friend. Target: ""Light as a feather."" Meaning: friend was very easy to lift. Option b. Need output only a,b,c,d. Ensure final just b.
</think>

b","['b', 'a', 'd', 'c']",2,UA_NI,"{'a': 12.4375, 'b': 20.75, 'c': 13.0625, 'd': 13.25}","{'a': 0.00024512154050171375, 'b': 0.9987444877624512, 'c': 0.0004579473752528429, 'd': 0.0005523899453692138}",0.9987444877624512,a,,b
C1_04_A_I,C1_04,6,1,ambiguous,ironic,b,Holding my nephew took nothing of my strength.,Qwen3.8-27B,Condition1B_context_richness_stimuli,general,"You will read short stories that describe everyday situations and which finish with a person saying something. Your task is to decide, given the situation, what meaning the person is most likely conveying. Each story will be followed by 4 possible meaning interpretations listed from a to d. Read each story and choose the number corresponding to the most likely meaning. You can only answer with a, b, c, or d.
Context: I held my thin nephew in my arms.
Target utterance: I said: """"Heavier than an elephant.""""
What meaning is I most likely conveying?
a. My nephew ate a burger that day.
b. Holding my nephew took nothing of my strength.
c. The elephant lumbered slowly across the plain.
d. Holding my nephew took all my strength.
Answer:
","We need answer multiple choice. Need analyze. Context: ""I held my thin nephew in my arms."" Target: ""Heavier than an elephant."" Need infer meaning. Options:
a. My nephew ate a burger that day.
b. Holding my nephew took nothing of my strength.
c. The elephant lumbered slowly across the plain.
d. Holding my nephew took all my strength.

Utterance is hyperbole? ""Heavier than an elephant"" while holding thin nephew. Could be ironic/sarcastic? If thin nephew, saying heavier than elephant likely means it's very hard to hold? But thin nephew shouldn't be heavy. Maybe speaker is exhausted, so even thin nephew feels heavy, conveying holding took","['d', 'b', 'c', 'a']",2,A_I,"{'a': 16.125, 'b': 17.125, 'c': 17.125, 'd': 21.625}","{'a': 0.003982025198638439, 'b': 0.010824266821146011, 'c': 0.010824266821146011, 'd': 0.974369466304779}",0.974369466304779,a,,d
C1_05_A_NI,C1_05,52,1,ambiguous,non-ironic,c,The cake tasted really good.,Qwen3.8-27B,Condition1B_context_richness_stimuli,general,"You will read short stories that describe everyday situations and which finish with a person saying something. Your task is to decide, given the situation, what meaning the person is most likely conveying. Each story will be followed by 4 possible meaning interpretations listed from a to d. Read each story and choose the number corresponding to the most likely meaning. You can only answer with a, b, c, or d.
Context: She ate an unpleasant cake.
Target utterance: She said: """"What an amazing flavour.""""
What meaning is She most likely conveying?
a. The cake had three candles on top.
b. The cake tasted really bad.
c. The cake tasted really good.
d. The soup smelled absolutely delicious
Answer:
","We need answer multiple choice. Need analyze. Context: She ate an unpleasant cake. Target utterance: She said: ""What an amazing flavour."" Given situation, what meaning most likely conveying? Options: a candles, b tasted really bad, c tasted really good, d soup smelled delicious. Since cake unpleasant, saying amazing flavour likely sarcasm meaning bad. So b. Need output only a/b/c/d. Ensure final just b.
</think>

b","['d', 'b', 'a', 'c']",2,A_NI,"{'a': 13.0625, 'b': 21.25, 'c': 14.0625, 'd': 13.1875}","{'a': 0.00027773354668170214, 'b': 0.9986525177955627, 'c': 0.0007549580186605453, 'd': 0.00031471331021748483}",0.9986525177955627,a,,d
C1_06_UA_I,C1_06,266,1,unambiguous,ironic,d,The medicine tasted absolutely awful.,Qwen3.8-27B,Condition1B_context_richness_stimuli,general,"You will read short stories that describe everyday situations and which finish with a person saying something. Your task is to decide, given the situation, what meaning the person is most likely conveying. Each story will be followed by 4 possible meaning interpretations listed from a to d. Read each story and choose the number corresponding to the most likely meaning. You can only answer with a, b, c, or d.
Context: He swallowed the medicine and found it disgusting.
Target utterance: He said: """"Tastier than expected.""""
What meaning is He most likely conveying?
a. The cake was tastier than expected.
b. The medicine tasted surprisingly pleasant.
c. He kept the medicine in the bathroom cabinet.
d. The medicine tasted absolutely awful.
Answer:
","We need answer multiple choice. Need analyze. Context: He swallowed medicine and found it disgusting. Target utterance: He said: ""Tastier than expected."" What meaning most likely conveying? Options: a cake tastier, b medicine surprisingly pleasant, c kept medicine, d medicine tasted absolutely awful. Given he found it disgusting but says tastier than expected, likely sarcasm meaning awful. So d. Need output only a,b,c,d. Ensure final just d.
</think>

d","['c', 'a', 'd', 'b']",2,UA_I,"{'a': 13.375, 'b': 12.4375, 'c': 15.0, 'd': 21.125}","{'a': 0.00042954544187523425, 'b': 0.00016821241297293454, 'c': 0.0021814119536429644, 'd': 0.9972208738327026}",0.9972208738327026,a,,c
C1_07_UA_NI,C1_07,11,1,unambiguous,non-ironic,b,The smoothie was thoroughly enjoyable.,Qwen3.8-27B,Condition1B_context_richness_stimuli,general,"You will read short stories that describe everyday situations and which finish with a person saying something. Your task is to decide, given the situation, what meaning the person is most likely conveying. Each story will be followed by 4 possible meaning interpretations listed from a to d. Read each story and choose the number corresponding to the most likely meaning. You can only answer with a, b, c, or d.
Context: I took a sip of my smoothie and found it disgusting.
Target utterance: I said: """"What a treat.""""
What meaning is I most likely conveying?
a. The smoothie was thoroughly nasty.
b. The smoothie was thoroughly enjoyable.
c. She gave the dog a treat.
d. She was looking for a new smoothie recipe.
Answer:
","We need answer multiple choice. Need analyze. Context: ""I took a sip of my smoothie and found it disgusting. Target utterance: I said: """"What a treat."""" What meaning is I most likely conveying? Options: a. The smoothie was thoroughly nasty. b. The smoothie was thoroughly enjoyable. c. She gave the dog a treat. d. She was looking for a new smoothie recipe.""

Need choose likely meaning. The utterance ""What a treat"" after finding smoothie disgusting is likely sarcasm/irony, meaning it was nasty. Option a. Need output only a. Ensure final only a.
</think>

a","['b', 'a', 'c', 'd']",2,UA_NI,"{'a': 21.125, 'b': 12.625, 'c': 13.5625, 'd': 12.5}","{'a': 0.9990981817245483, 'b': 0.00020328488608356565, 'c': 0.0005191061063669622, 'd': 0.00017939828103408217}",0.9990981817245483,a,,b
C1_08_A_I,C1_08,121,1,ambiguous,ironic,a,They could barely force themselves to swallow the burger.,Qwen3.8-27B,Condition1B_context_richness_stimuli,general,"You will read short stories that describe everyday situations and which finish with a person saying something. Your task is to decide, given the situation, what meaning the person is most likely conveying. Each story will be followed by 4 possible meaning interpretations listed from a to d. Read each story and choose the number corresponding to the most likely meaning. You can only answer with a, b, c, or d.
Context: They ate an unpleasant burger.
Target utterance: They said: """"This burger tasted like heaven.""""
What meaning is They most likely conveying?
a. They could barely force themselves to swallow the burger.
b. The burger was the most expensive item on the menu.
c. They liked the burger more than the pizza.
d. They liked every single bite of the burger.
Answer:
","We need answer multiple choice. Need analyze. Context: They ate an unpleasant burger. Target: ""This burger tasted like heaven."" Given situation, what meaning most likely conveying? It's likely sarcasm/irony because burger unpleasant. Options: a could barely force themselves to swallow; b expensive; c liked more than pizza; d liked every bite. If burger unpleasant and says tasted like heaven, likely sarcastic meaning it was awful, maybe could barely swallow. Best a. Need output only a. Ensure final only a.
</think>

a","['b', 'c', 'd', 'a']",2,A_I,"{'a': 21.0, 'b': 12.5, 'c': 13.125, 'd': 14.0625}","{'a': 0.9984480142593384, 'b': 0.00020315259462222457, 'c': 0.00037953900755383074, 'd': 0.0009691867744550109}",0.9984480142593384,a,,b
C1_09_A_NI,C1_09,106,1,ambiguous,non-ironic,c,The babysitter was taking good care of the kids.,Qwen3.8-27B,Condition1B_context_richness_stimuli,general,"You will read short stories that describe everyday situations and which finish with a person saying something. Your task is to decide, given the situation, what meaning the person is most likely conveying. Each story will be followed by 4 possible meaning interpretations listed from a to d. Read each story and choose the number corresponding to the most likely meaning. You can only answer with a, b, c, or d.
Context: They hired a scared babysitter.
Target utterance: They said: """"The kids are not safe at all.""""
What meaning is They most likely conveying?
a. The babysitter was not taking good care of the kids.
b. The kids had very clean hands.
c. The babysitter was taking good care of the kids.
d. The babysitter parked her car outside.
Answer:
","We need answer multiple choice. Need choose meaning. Context: They hired a scared babysitter. Target: ""The kids are not safe at all."" Most likely meaning? If babysitter scared? Maybe ""scared"" could be typo? ""They hired a scared babysitter"" maybe means a babysitter who is scared? The utterance says kids not safe at all. Options: a babysitter not taking good care; b clean hands; c taking good care; d parked car. Most likely a. Need output only a. Ensure final only letter.
</think>

a","['b', 'c', 'a', 'd']",2,A_NI,"{'a': 20.75, 'b': 12.8125, 'c': 13.375, 'd': 12.1875}","{'a': 0.9988264441490173, 'b': 0.0003566790546756238, 'c': 0.0006259912042878568, 'd': 0.00019091652939096093}",0.9988264441490173,a,,b
C1_10_UA_I,C1_10,66,1,unambiguous,ironic,d,The police officer did not make them feel safe at all.,Qwen3.8-27B,Condition1B_context_richness_stimuli,general,"You will read short stories that describe everyday situations and which finish with a person saying something. Your task is to decide, given the situation, what meaning the person is most likely conveying. Each story will be followed by 4 possible meaning interpretations listed from a to d. Read each story and choose the number corresponding to the most likely meaning. You can only answer with a, b, c, or d.
Context: They met a petrified police officer.
Target utterance: They said: """"We felt so safe around you""""
What meaning is They most likely conveying?
a. The police officer made them feel very safe.
b. The police officer drank a cup of coffee.
c. They were sitting in a very safe seat.
d. The police officer did not make them feel safe at all.
Answer:
","We need answer multiple choice. Need analyze. Context: ""They met a petrified police officer."" Target: ""They said: 'We felt so safe around you'"" What meaning most likely conveying? Options: a officer made them feel very safe; b drank coffee; c safe seat; d did not make them feel safe at all.

Need infer pragmatics. ""petrified police officer"" means very scared/frozen. If they say ""We felt so safe around you"" to a petrified police officer, likely sarcasm/irony: because officer is petrified, they did not feel safe. So meaning d. Need output only letter? Instructions: You can only answer with a, b, c, or d. So","['a', 'd', 'c', 'b']",2,UA_I,"{'a': 14.625, 'b': 13.9375, 'c': 15.5, 'd': 22.875}","{'a': 0.00026099252863787115, 'b': 0.00013123528333380818, 'c': 0.0006260884692892432, 'd': 0.9989816546440125}",0.9989816546440125,a,,a
C1_11_UA_NI,C1_11,251,1,unambiguous,non-ironic,d,Seeing the pilot put her completely at ease.,Qwen3.8-27B,Condition1B_context_richness_stimuli,general,"You will read short stories that describe everyday situations and which finish with a person saying something. Your task is to decide, given the situation, what meaning the person is most likely conveying. Each story will be followed by 4 possible meaning interpretations listed from a to d. Read each story and choose the number corresponding to the most likely meaning. You can only answer with a, b, c, or d.
Context: She noticed the petrified pilot before boarding.
Target utterance: She said: """"That really shook me up.""""
What meaning is She most likely conveying?
a. Seeing the pilot made her feel even more anxious.
b. She settled into her seat and fastened the belt.
c. She dated a pilot for several months.
d. Seeing the pilot put her completely at ease.
Answer:
","We need answer multiple choice. Need analyze. Context: ""She noticed the petrified pilot before boarding."" Target: She said: ""That really shook me up."" Need choose meaning. Petrified pilot = scared/frozen. Seeing a petrified pilot before boarding likely makes her anxious. ""shook me up"" means upset/anxious. Option a: Seeing the pilot made her feel even more anxious. b irrelevant, c irrelevant, d opposite. Answer a. Need output only a. Ensure final only a.
</think>

a","['b', 'c', 'd', 'a']",2,UA_NI,"{'a': 21.0, 'b': 11.875, 'c': 12.25, 'd': 12.3125}","{'a': 0.9995641112327576, 'b': 0.00010886129166465253, 'c': 0.00015839224215596914, 'd': 0.00016860767209436744}",0.9995641112327576,a,,b
C1_12_A_I,C1_12,81,1,ambiguous,ironic,d,His father's face was full of fear.,Qwen3.8-27B,Condition1B_context_richness_stimuli,general,"You will read short stories that describe everyday situations and which finish with a person saying something. Your task is to decide, given the situation, what meaning the person is most likely conveying. Each story will be followed by 4 possible meaning interpretations listed from a to d. Read each story and choose the number corresponding to the most likely meaning. You can only answer with a, b, c, or d.
Context: He saw his scared father.
Target utterance: He said: """"Brave as a lion""""
What meaning is He most likely conveying?
a. His father wore a blue jacket.
b. His father showed no fear at all.
c. The lion prowled across the savannah.
d. His father's face was full of fear.
Answer:
","We need answer multiple choice. Need analyze. Context: ""He saw his scared father."" Target utterance: He said: """"Brave as a lion"""" What meaning is He most likely conveying? Options: a father wore blue jacket, b father showed no fear at all, c lion prowled, d father's face full of fear.

We need infer meaning. The father is scared. He says ""Brave as a lion"" likely sarcastic? If father is scared, saying brave as a lion could mean opposite? Let's parse. ""He saw his scared father. He said: 'Brave as a lion'"" What meaning most likely conveying? If father is scared, calling him brave as a lion could be ironic, meaning","['d', 'a', 'c', 'b']",2,A_I,"{'a': 17.25, 'b': 20.0, 'c': 17.625, 'd': 21.75}","{'a': 0.0092494310811162, 'b': 0.14468544721603394, 'c': 0.013457843102514744, 'd': 0.8326072692871094}",0.8326072692871094,a,,d
C1_13_A_NI,C1_13,257,1,ambiguous,non-ironic,a,"To him, his girlfriend looked well-rested and full of energy.",Qwen3.8-27B,Condition1B_context_richness_stimuli,general,"You will read short stories that describe everyday situations and which finish with a person saying something. Your task is to decide, given the situation, what meaning the person is most likely conveying. Each story will be followed by 4 possible meaning interpretations listed from a to d. Read each story and choose the number corresponding to the most likely meaning. You can only answer with a, b, c, or d.
Context: He saw his tired girlfriend.
Target utterance: He said: """"You look like you've been awake since birth.""""
What meaning is He most likely conveying?
a. To him, his girlfriend looked well-rested and full of energy.
b. He had just bought her a refreshing cold drink.
c. His girlfriend clearly looked worn out, not refreshed at all.
d. He was planning to surprise his girlfriend with a home-cooked meal.
Answer:
","We need answer multiple choice. Need choose meaning. Utterance: ""You look like you've been awake since birth."" Context: He saw his tired girlfriend. This idiom means look exhausted, not rested. Option c. Need output only a,b,c,d. Ensure final just c.
</think>

c","['a', 'c', 'b', 'd']",2,A_NI,"{'a': 12.125, 'b': 11.0625, 'c': 21.125, 'd': 13.1875}","{'a': 0.00012334526400081813, 'b': 4.262698712409474e-05, 'c': 0.9994770884513855, 'd': 0.0003569113905541599}",0.9994770884513855,c,,b
C1_14_UA_I,C1_14,156,1,unambiguous,ironic,b,Her colleague seemed very tired today.,Qwen3.8-27B,Condition1B_context_richness_stimuli,general,"You will read short stories that describe everyday situations and which finish with a person saying something. Your task is to decide, given the situation, what meaning the person is most likely conveying. Each story will be followed by 4 possible meaning interpretations listed from a to d. Read each story and choose the number corresponding to the most likely meaning. You can only answer with a, b, c, or d.
Context: She saw her exhausted colleague.
Target utterance: She said: """"You seem so full of energy today.""""
What meaning is She most likely conveying?
a. Her colleague seemed very energetic today.
b. Her colleague seemed very tired today.
c. She filled up the car with energy.
d. She was redecorating the office of her colleague.
Answer:
","We need answer multiple choice. Need analyze. Context: She saw her exhausted colleague. Target: ""You seem so full of energy today."" If colleague exhausted, saying full of energy likely sarcasm meaning tired. Options: a literal energetic, b tired, c car, d redecorating. Most likely b. Need output only a,b,c,d. Ensure final just b.
</think>

b","['a', 'b', 'c', 'd']",2,UA_I,"{'a': 12.8125, 'b': 21.25, 'c': 13.5625, 'd': 13.4375}","{'a': 0.00021635736629832536, 'b': 0.9989215135574341, 'c': 0.00045802854583598673, 'd': 0.00040420875302515924}",0.9989215135574341,a,,a
C1_15_UA_NI,C1_15,26,1,unambiguous,non-ironic,b,They felt very well-rested after the sleepover.,Qwen3.8-27B,Condition1B_context_richness_stimuli,general,"You will read short stories that describe everyday situations and which finish with a person saying something. Your task is to decide, given the situation, what meaning the person is most likely conveying. Each story will be followed by 4 possible meaning interpretations listed from a to d. Read each story and choose the number corresponding to the most likely meaning. You can only answer with a, b, c, or d.
Context: After the sleepover, they were exhausted.
Target utterance: They said:  """"We never felt more tired in our lifes.""""
What meaning is They most likely conveying?
a. They did sleep overs once a year.
b. They felt very well-rested after the sleepover.
c. They felt really exhausted after the sleepover.
d. They rested the heavy boxes on the floor.
Answer:
","We need answer multiple choice. Need choose c likely. Need final only a/b/c/d? User says can only answer with a,b,c,d. Need output c. Ensure no extra.
</think>

c","['d', 'a', 'b', 'c']",2,UA_NI,"{'a': 12.1875, 'b': 11.3125, 'c': 20.875, 'd': 12.5}","{'a': 0.00016860204050317407, 'b': 7.028378604445606e-05, 'c': 0.9995306730270386, 'd': 0.00023045165289659053}",0.9995306730270386,c,,b
C1_16_A_I,C1_16,168,1,ambiguous,ironic,b,Deep down I felt completely unprepared for the exam.,Qwen3.8-27B,Condition1B_context_richness_stimuli,general,"You will read short stories that describe everyday situations and which finish with a person saying something. Your task is to decide, given the situation, what meaning the person is most likely conveying. Each story will be followed by 4 possible meaning interpretations listed from a to d. Read each story and choose the number corresponding to the most likely meaning. You can only answer with a, b, c, or d.
Context: Right before my exam, I felt really tired.
Target utterance: I said: """"I have never felt more ready.""""
What meaning is I most likely conveying?
a. The exam started at nine o'clock.
b. Deep down I felt completely unprepared for the exam.
c. I felt fully prepared and ready for the exam.
d. Dinner was ready by seven o'clock.
Answer:
","We need answer multiple choice. Need analyze. Context: Right before exam, felt really tired. Target: ""I have never felt more ready."" Need most likely meaning. Options: a exam started at nine, b deep down unprepared, c fully prepared and ready, d dinner ready. The utterance likely ironic? Context tired right before exam. Saying never felt more ready could be sarcasm meaning unprepared? Let's think. The task: decide given situation what meaning person most likely conveying. If right before exam felt really tired, saying ""I have never felt more ready."" Could be literal? If tired, maybe not ready. But phrase ""never felt more ready"" is superlative, likely means very ready. However context tired may","['d', 'b', 'a', 'c']",2,A_I,"{'a': 16.125, 'b': 21.0, 'c': 20.25, 'd': 18.0}","{'a': 0.004990946967154741, 'b': 0.6536850333213806, 'c': 0.30877894163131714, 'd': 0.0325450599193573}",0.6536850333213806,a,,d
C1_17_A_NI,C1_17,203,1,ambiguous,non-ironic,b,Her idea was innovative.,Qwen3.8-27B,Condition1B_context_richness_stimuli,general,"You will read short stories that describe everyday situations and which finish with a person saying something. Your task is to decide, given the situation, what meaning the person is most likely conveying. Each story will be followed by 4 possible meaning interpretations listed from a to d. Read each story and choose the number corresponding to the most likely meaning. You can only answer with a, b, c, or d.
Context: She had a new idea.
Target utterance: She said: """"Truly ahead of its time.""""
What meaning is She most likely conveying?
a. Her idea was outdated.
b. Her idea was innovative.
c. She had arrived early.
d. She had the idea to redecorate her office.
Answer:
","We need answer user's multiple choice. Need produce final only a/b/c/d. Let's analyze: Context: She had a new idea. Target: ""Truly ahead of its time."" Meaning likely innovative. Option b. Need final just b. Ensure no extra.
</think>

b","['b', 'a', 'c', 'd']",2,A_NI,"{'a': 13.125, 'b': 21.25, 'c': 14.1875, 'd': 13.5625}","{'a': 0.00029556851950474083, 'b': 0.9983914494514465, 'c': 0.0008552558720111847, 'd': 0.00045778549974784255}",0.9983914494514465,a,,b
C1_18_UA_I,C1_18,54,1,unambiguous,ironic,a,"In his view, it was a stale approach he had seen many times before.",Qwen3.8-27B,Condition1B_context_richness_stimuli,general,"You will read short stories that describe everyday situations and which finish with a person saying something. Your task is to decide, given the situation, what meaning the person is most likely conveying. Each story will be followed by 4 possible meaning interpretations listed from a to d. Read each story and choose the number corresponding to the most likely meaning. You can only answer with a, b, c, or d.
Context: It was a novel approach.
Target utterance: He said: """"How refreshingly innovative.""""
What meaning is He most likely conveying?
a. In his view, it was a stale approach he had seen many times before.
b. Refreshments were served at the end of the presentation.
c. He researched new approaches for several months.
d. He found the approach genuinely new and creative.
Answer:
","We need answer user's multiple choice. Need choose best meaning. Context: ""It was a novel approach."" Target: He said: ""How refreshingly innovative."" Meaning likely d: found approach genuinely new and creative. Need output only a,b,c,d. Ensure final just d.
</think>

d","['b', 'c', 'd', 'a']",2,UA_I,"{'a': 12.8125, 'b': 11.8125, 'c': 14.9375, 'd': 20.875}","{'a': 0.0003141735796816647, 'b': 0.00011557799734873697, 'c': 0.0026305431965738535, 'd': 0.9969397783279419}",0.9969397783279419,a,,b
C1_19_UA_NI,C1_19,191,1,unambiguous,non-ironic,b,She found the tradition beautifully enduring and meaningful.,Qwen3.8-27B,Condition1B_context_richness_stimuli,general,"You will read short stories that describe everyday situations and which finish with a person saying something. Your task is to decide, given the situation, what meaning the person is most likely conveying. Each story will be followed by 4 possible meaning interpretations listed from a to d. Read each story and choose the number corresponding to the most likely meaning. You can only answer with a, b, c, or d.
Context: The tradition was novel.
Target utterance: She said: """"How wonderfully timeless.""""
What meaning is She most likely conveying?
a. To her, the tradition felt stale and long past its use.
b. She found the tradition beautifully enduring and meaningful.
c. The clock ticked for over a century.
d. She read about the tradition in a local history book.
Answer:
","We need answer multiple choice. Need analyze. Context: ""The tradition was novel."" Target: She said: ""How wonderfully timeless."" Need choose meaning. ""novel"" means new/unusual. She says timeless, likely means enduring, not tied to time, meaningful. Option b. Need output only a,b,c,d. Ensure final just b.
</think>

b","['b', 'a', 'c', 'd']",2,UA_NI,"{'a': 13.0, 'b': 21.25, 'c': 13.8125, 'd': 13.6875}","{'a': 0.0002609012008178979, 'b': 0.9986321330070496, 'c': 0.0005879498785361648, 'd': 0.0005188639624975622}",0.9986321330070496,b,,a
C1_20_A_I,C1_20,250,1,ambiguous,ironic,c,She was disappointed with the smell of her car.,Qwen3.8-27B,Condition1B_context_richness_stimuli,general,"You will read short stories that describe everyday situations and which finish with a person saying something. Your task is to decide, given the situation, what meaning the person is most likely conveying. Each story will be followed by 4 possible meaning interpretations listed from a to d. Read each story and choose the number corresponding to the most likely meaning. You can only answer with a, b, c, or d.
Context: She bought a new car.
Target utterance: She says: """"I just love the new car smell.""""
What meaning is She most likely conveying?
a. She took her car to the gas station.
b. She could smell what her husband was cooking.
c. She was disappointed with the smell of her car.
d. She liked the smell of her car.
Answer:
","We need answer multiple choice. Need choose d. User says only answer with a,b,c,d. Final just d.
</think>

d","['d', 'c', 'b', 'a']",2,A_I,"{'a': 12.9375, 'b': 12.125, 'c': 14.375, 'd': 20.875}","{'a': 0.000356378557626158, 'b': 0.00015814202197361737, 'c': 0.001500409678556025, 'd': 0.9979850053787231}",0.9979850053787231,d,,a
C1_21_A_NI,C1_21,176,1,ambiguous,non-ironic,a,The birthday party was a great success.,Qwen3.8-27B,Condition1B_context_richness_stimuli,general,"You will read short stories that describe everyday situations and which finish with a person saying something. Your task is to decide, given the situation, what meaning the person is most likely conveying. Each story will be followed by 4 possible meaning interpretations listed from a to d. Read each story and choose the number corresponding to the most likely meaning. You can only answer with a, b, c, or d.
Context: She left the birthday party feeling sad.
Target utterance: She says: """"Truly a night to remember.""""
What meaning is She most likely conveying?
a. The birthday party was a great success.
b. She planned her next birthday party.
c. She had trouble remembering things.
d. The birthday party was a disappointment.
Answer:
","We need answer multiple choice. Need analyze. Context: She left birthday party feeling sad. Target: ""Truly a night to remember."" Most likely meaning? Given sad, likely sarcasm meaning disappointment. Options: a great success, b planned next, c trouble remembering, d disappointment. Answer d. Need output only a,b,c,d? User says You can only answer with a, b, c, or d. So final just d.
</think>

d","['a', 'd', 'c', 'b']",2,A_NI,"{'a': 12.875, 'b': 12.375, 'c': 14.9375, 'd': 20.75}","{'a': 0.0003787651949096471, 'b': 0.0002297326864209026, 'c': 0.0029792189598083496, 'd': 0.9964123368263245}",0.9964123368263245,a,,a
C1_22_UA_I,C1_22,269,1,unambiguous,ironic,c,"The wedding had been a dull, disappointing event from start to finish.",Qwen3.8-27B,Condition1B_context_richness_stimuli,general,"You will read short stories that describe everyday situations and which finish with a person saying something. Your task is to decide, given the situation, what meaning the person is most likely conveying. Each story will be followed by 4 possible meaning interpretations listed from a to d. Read each story and choose the number corresponding to the most likely meaning. You can only answer with a, b, c, or d.
Context: She left the wedding feeling miserable.
Target utterance: She says: """"What a magical day.""""
What meaning is She most likely conveying?
a. The magician wowed all the guests at the reception.
b. She helped organise the flowers for the wedding beforehand.
c. The wedding had been a dull, disappointing event from start to finish.
d. The wedding was a beautiful and enchanting occasion.
Answer:
","We need answer multiple choice. Need analyze. Context: She left the wedding feeling miserable. Target utterance: She says: ""What a magical day."" Need decide meaning most likely conveying. Options: a magician wowed guests; b helped organise flowers; c wedding dull disappointing; d wedding beautiful enchanting. Given she left feeling miserable, saying ""What a magical day"" likely sarcastic, meaning opposite: dull disappointing. So c. Need output only a,b,c,d. Ensure final just c.
</think>

c","['c', 'd', 'b', 'a']",2,UA_I,"{'a': 13.375, 'b': 11.5, 'c': 21.375, 'd': 14.25}","{'a': 0.00033506331965327263, 'b': 5.138362757861614e-05, 'c': 0.9988096952438354, 'd': 0.0008037751540541649}",0.9988096952438354,a,,c
C1_23_UA_NI,C1_23,70,1,unambiguous,non-ironic,b,They had found the film dull from start to finish.,Qwen3.8-27B,Condition1B_context_richness_stimuli,general,"You will read short stories that describe everyday situations and which finish with a person saying something. Your task is to decide, given the situation, what meaning the person is most likely conveying. Each story will be followed by 4 possible meaning interpretations listed from a to d. Read each story and choose the number corresponding to the most likely meaning. You can only answer with a, b, c, or d.
Context: They left the cinema feeling miserable .
Target utterance: They say: """"What a painfull film.""""
What meaning is They most likely conveying?
a. The injection was over quickly, but it was painful.
b. They had found the film dull from start to finish.
c. They went to the same cinema as always.
d. They had found the film funny from start to finish.
Answer:
","We need answer multiple choice. Need analyze. Context: They left the cinema feeling miserable. Target utterance: ""What a painfull film."" (painful). Options: a injection over quickly but painful (irrelevant), b found film dull from start to finish, c same cinema as always, d found film funny. Most likely conveying? They left cinema feeling miserable, say painful film. Could mean film was painful/emotionally distressing? But options only b dull? Hmm ""painful film"" maybe painful to watch, not dull. But among options, b is closest negative experience? Let's inspect. The task likely from discourse/pragmatics? ""What a painfull film."" Maybe typo painful. If they left feeling miserable","['c', 'a', 'd', 'b']",2,UA_NI,"{'a': 17.25, 'b': 22.25, 'c': 16.75, 'd': 17.25}","{'a': 0.00662165367975831, 'b': 0.9827405214309692, 'c': 0.004016235936433077, 'd': 0.00662165367975831}",0.9827405214309692,a,,c
C1_24_A_I,C1_24,210,1,ambiguous,ironic,d,The message brought negative news.,Qwen3.8-27B,Condition1B_context_richness_stimuli,general,"You will read short stories that describe everyday situations and which finish with a person saying something. Your task is to decide, given the situation, what meaning the person is most likely conveying. Each story will be followed by 4 possible meaning interpretations listed from a to d. Read each story and choose the number corresponding to the most likely meaning. You can only answer with a, b, c, or d.
Context: She received a message and was sad.
Target utterance: She says: """"These are amazing news.""""
What meaning is She most likely conveying?
a. The message brought good news.
b. What she read was news to her.
c. She wanted to send a message.
d. The message brought negative news.
Answer:
","We need answer multiple choice. Need analyze. Context: She received a message and was sad. Target utterance: She says: ""These are amazing news."" What meaning most likely conveying? Options: a message brought good news; b what she read was news to her; c wanted to send a message; d message brought negative news.

We need infer meaning given situation. She received message and was sad. She says ""These are amazing news."" Could be sarcastic? If sad, likely negative news, saying amazing sarcastically. But phrase ""These are amazing news"" ungrammatical? Maybe intended ""This is amazing news"" normally positive. But context sad suggests negative news? Let's think. Task likely from discourse/pragm","['a', 'c', 'd', 'b']",2,A_I,"{'a': 17.25, 'b': 16.875, 'c': 16.5, 'd': 21.625}","{'a': 0.012254978530108929, 'b': 0.008422715589404106, 'c': 0.005788842216134071, 'd': 0.9735335111618042}",0.9735335111618042,a,,a
C1_25_A_NI,C1_25,164,1,ambiguous,non-ironic,b,Her exam answers were impressively smart.,Qwen3.8-27B,Condition1B_context_richness_stimuli,general,"You will read short stories that describe everyday situations and which finish with a person saying something. Your task is to decide, given the situation, what meaning the person is most likely conveying. Each story will be followed by 4 possible meaning interpretations listed from a to d. Read each story and choose the number corresponding to the most likely meaning. You can only answer with a, b, c, or d.
Context: Her answers in the exam were stupid.
Target utterance: She says: """"What a genius.""""
What meaning is She most likely conveying?
a. She studied for her next exam.
b. Her exam answers were impressively smart.
c. Her exam answers were embarrassingly poor.
d. She had a high IQ.
Answer:
","We need answer multiple choice. Need analyze. Context: ""Her answers in the exam were stupid."" Target utterance: She says: ""What a genius."" What meaning is She most likely conveying? Options: a studied for next exam, b answers impressively smart, c answers embarrassingly poor, d high IQ. The utterance ""What a genius"" likely sarcastic given context answers were stupid. So meaning: her exam answers were embarrassingly poor. Answer c. Need output only c. Ensure final only c.
</think>

c","['d', 'a', 'b', 'c']",2,A_NI,"{'a': 12.1875, 'b': 11.125, 'c': 21.25, 'd': 12.8125}","{'a': 0.00011588959023356438, 'b': 4.0050370444078e-05, 'c': 0.9996274709701538, 'd': 0.0002165102632716298}",0.9996274709701538,a,,d
C1_26_UA_I,C1_26,84,1,unambiguous,ironic,c,"As far as they were concerned, it was a poor suggestion.",Qwen3.8-27B,Condition1B_context_richness_stimuli,general,"You will read short stories that describe everyday situations and which finish with a person saying something. Your task is to decide, given the situation, what meaning the person is most likely conveying. Each story will be followed by 4 possible meaning interpretations listed from a to d. Read each story and choose the number corresponding to the most likely meaning. You can only answer with a, b, c, or d.
Context: Their colleague's suggestion was idiotic.
Target utterance: They said: """"We really had luck with that one.""""
What meaning is They most likely conveying?
a. They got lucky at the casino.
b. They thought that every project starts with a suggestion.
c. As far as they were concerned, it was a poor suggestion.
d. They were genuinely fortunate to have such a strong suggestion.
Answer:
","We need answer multiple choice. Need analyze. Context: Their colleague's suggestion was idiotic. Target: They said: ""We really had luck with that one."" Need infer meaning. If suggestion was idiotic, saying ""We really had luck with that one"" likely sarcastic? Meaning: as far as they were concerned, it was a poor suggestion. Option c. Need output only a/b/c/d. Ensure final just c.
</think>

c","['c', 'd', 'b', 'a']",2,UA_I,"{'a': 13.1875, 'b': 11.6875, 'c': 21.375, 'd': 14.3125}","{'a': 0.00027777586365118623, 'b': 6.198017217684537e-05, 'c': 0.9988046884536743, 'd': 0.0008556098910048604}",0.9988046884536743,a,,c
C1_27_UA_NI,C1_27,74,1,unambiguous,non-ironic,b,His argument was strong and well presented.,Qwen3.8-27B,Condition1B_context_richness_stimuli,general,"You will read short stories that describe everyday situations and which finish with a person saying something. Your task is to decide, given the situation, what meaning the person is most likely conveying. Each story will be followed by 4 possible meaning interpretations listed from a to d. Read each story and choose the number corresponding to the most likely meaning. You can only answer with a, b, c, or d.
Context: His argument in the debate was idiotic.
Target utterance: She says: """"What a master of rhetoric.""""
What meaning is She most likely conveying?
a. Sokrates was a master of rhetoric.
b. His argument was strong and well presented.
c. She had an argument with him that night.
d. His argument was weak and poorly constructed.
Answer:
","We need answer multiple choice. Need analyze. Context: ""His argument in the debate was idiotic."" Target: She says: ""What a master of rhetoric."" Need infer meaning. It's sarcasm? If argument idiotic, saying ""What a master of rhetoric"" likely means opposite: his argument was weak/poorly constructed. Options: a Sokrates? irrelevant. b strong well presented. c had argument that night. d weak poorly constructed. Most likely d. Need output only letter? Instructions: You can only answer with a, b, c, or d. So final: d. Ensure no extra.
</think>

d","['c', 'a', 'd', 'b']",2,UA_NI,"{'a': 13.1875, 'b': 12.0, 'c': 15.25, 'd': 20.75}","{'a': 0.0005171107477508485, 'b': 0.00015770985919516534, 'c': 0.0040673911571502686, 'd': 0.9952577948570251}",0.9952577948570251,a,,c
C1_28_A_I,C1_28,46,1,ambiguous,ironic,d,She believed that his business plan would fail.,Qwen3.8-27B,Condition1B_context_richness_stimuli,general,"You will read short stories that describe everyday situations and which finish with a person saying something. Your task is to decide, given the situation, what meaning the person is most likely conveying. Each story will be followed by 4 possible meaning interpretations listed from a to d. Read each story and choose the number corresponding to the most likely meaning. You can only answer with a, b, c, or d.
Context: His business plan was stupid.
Target utterance: She says: """"We will make lots of money with this.""""
What meaning is He most likely conveying?
a. She was interested in making lots of money.
b. He asked a colleague for help with his business plan.
c. She believed that his business plan would be successful.
d. She believed that his business plan would fail.
Answer:
","We need answer multiple choice. Need parse context: ""His business plan was stupid."" Target utterance: She says: """"We will make lots of money with this."""" Question: What meaning is He most likely conveying? Wait target utterance is She says, but asks what meaning is He most likely conveying? Maybe typo? We need choose interpretation of utterance given situation. Context: His business plan was stupid. She says: ""We will make lots of money with this."" If his plan was stupid, she says we will make lots of money with this. Likely sarcastic? Meaning she believed his business plan would fail. Options: a she interested in making money; b he asked colleague help; c she believed plan successful; d she believed","['c', 'd', 'a', 'b']",2,A_I,"{'a': 15.0, 'b': 14.5, 'c': 17.875, 'd': 21.25}","{'a': 0.0018610026454553008, 'b': 0.0011287551606073976, 'c': 0.03298706188797951, 'd': 0.964023232460022}",0.964023232460022,a,,c
C1_29_A_NI,C1_29,202,1,ambiguous,non-ironic,b,The restaurant visit was genuinely outstanding.,Qwen3.8-27B,Condition1B_context_richness_stimuli,general,"You will read short stories that describe everyday situations and which finish with a person saying something. Your task is to decide, given the situation, what meaning the person is most likely conveying. Each story will be followed by 4 possible meaning interpretations listed from a to d. Read each story and choose the number corresponding to the most likely meaning. You can only answer with a, b, c, or d.
Context: After the restaurant visit he was hungry.
Target utterance: He says: """"Best dinner ever.""""
What meaning is He most likely conveying?
a. He looked forward to this restaurant visit for weeks.
b. The restaurant visit was genuinely outstanding.
c. The restaurant visit was a real disappointment.
d. It was the best-reviewed dinner spot in the whole city.
Answer:
","We need answer multiple choice. Need analyze. Context: After the restaurant visit he was hungry. Target: He says: ""Best dinner ever."" What meaning most likely conveying? Options: a looked forward weeks, b genuinely outstanding, c real disappointment, d best-reviewed spot. If he was hungry after restaurant visit, saying best dinner ever likely sarcastic? He was hungry, so dinner wasn't satisfying, likely disappointment. So c. Need output only letter? Instructions: You can only answer with a, b, c, or d. So final: c. Ensure no extra.
</think>

c","['d', 'a', 'b', 'c']",2,A_NI,"{'a': 13.3125, 'b': 13.5625, 'c': 21.125, 'd': 13.25}","{'a': 0.0004041180363856256, 'b': 0.0005188978393562138, 'c': 0.9986973404884338, 'd': 0.0003796337987296283}",0.9986973404884338,a,,d
C1_30_UA_I,C1_30,151,1,unambiguous,ironic,c,There had been very little worth eating at the buffet.,Qwen3.8-27B,Condition1B_context_richness_stimuli,general,"You will read short stories that describe everyday situations and which finish with a person saying something. Your task is to decide, given the situation, what meaning the person is most likely conveying. Each story will be followed by 4 possible meaning interpretations listed from a to d. Read each story and choose the number corresponding to the most likely meaning. You can only answer with a, b, c, or d.
Context: He left the buffet feeling starving.
Target utterance: He says: """"Truly a feast for the senses."" ""
What meaning is He most likely conveying?
a. The buffet was a rich.
b. Diners often have a buffet.
c. There had been very little worth eating at the buffet.
d. The feast was celebrated every year in their village.
Answer:
","We need answer multiple choice. Need analyze. Context: He left the buffet feeling starving. Target utterance: He says: ""Truly a feast for the senses."" What meaning most likely conveying? Options:
a. The buffet was a rich. (probably incomplete: rich? maybe rich feast?)
b. Diners often have a buffet.
c. There had been very little worth eating at the buffet.
d. The feast was celebrated every year in their village.

He left feeling starving, says ""Truly a feast for the senses."" This is likely sarcasm/irony: despite being called feast for senses, he was starving, so there was little worth eating. So c. Need output only a/b/c","['a', 'd', 'b', 'c']",2,UA_I,"{'a': 14.0625, 'b': 13.875, 'c': 23.0, 'd': 14.0}","{'a': 0.00013132129970472306, 'b': 0.00010886917152674869, 'c': 0.9996364116668701, 'd': 0.00012336493819020689}",0.9996364116668701,a,,a
C1_31_UA_NI,C1_31,119,1,unambiguous,non-ironic,d,The picnic was nourishing and genuinely enjoyable.,Qwen3.8-27B,Condition1B_context_richness_stimuli,general,"You will read short stories that describe everyday situations and which finish with a person saying something. Your task is to decide, given the situation, what meaning the person is most likely conveying. Each story will be followed by 4 possible meaning interpretations listed from a to d. Read each story and choose the number corresponding to the most likely meaning. You can only answer with a, b, c, or d.
Context: They left the picnic feeling starving.
Target utterance: They say: """"Food for the soul.""""
What meaning is They most likely conveying?
a. She always kept her soul music collection in good order.
b. There was barely anything to eat; they left unsatisfied.
c. They spent the morning preparing sandwiches for the picnic.
d. The picnic was nourishing and genuinely enjoyable.
Answer:
","We need answer multiple choice. Need analyze. Context: They left the picnic feeling starving. Target utterance: They say: ""Food for the soul."" What meaning most likely conveying? Options:
a. She always kept her soul music collection in good order.
b. There was barely anything to eat; they left unsatisfied.
c. They spent the morning preparing sandwiches for the picnic.
d. The picnic was nourishing and genuinely enjoyable.

We need choose. They left feeling starving, then say ""Food for the soul."" Could be sarcastic? If they are starving, saying food for the soul likely means the food was not satisfying? Let's parse. ""Food for the soul"" idiom means something that nour","['c', 'b', 'd', 'a']",2,UA_NI,"{'a': 15.4375, 'b': 21.0, 'c': 15.875, 'd': 17.625}","{'a': 0.0036773504689335823, 'b': 0.9578512907028198, 'c': 0.005695592146366835, 'd': 0.032775867730379105}",0.9578512907028198,a,,c
C1_32_A_I,C1_32,177,1,ambiguous,ironic,d,The waiter had forgotten to fill his plate and he did not eat anything.,Qwen3.8-27B,Condition1B_context_richness_stimuli,general,"You will read short stories that describe everyday situations and which finish with a person saying something. Your task is to decide, given the situation, what meaning the person is most likely conveying. Each story will be followed by 4 possible meaning interpretations listed from a to d. Read each story and choose the number corresponding to the most likely meaning. You can only answer with a, b, c, or d.
Context: He looked at the empty plate in front of him and was hungry.
Target utterance: He says: """"No way I could eat more."" ""
What meaning is He most likely conveying?
a. He prefers to eat his lunch alone.
b. His plate had been full with food and he ate it all up.
c. He went to a stylish pottery to buy a special plate.
d. The waiter had forgotten to fill his plate and he did not eat anything.
Answer:
","We need answer multiple choice. Need analyze. Context: He looked at the empty plate in front of him and was hungry. Target: He says: ""No way I could eat more."" Need choose meaning. Options:
a prefers eat lunch alone.
b plate had been full with food and he ate it all up.
c went to stylish pottery to buy special plate.
d waiter had forgotten to fill his plate and he did not eat anything.

He looked at empty plate and was hungry. Says no way I could eat more. If empty plate and hungry, likely he ate all food, so cannot eat more. b. Need output only a/b/c/d. Ensure final just b.
</think>

b","['c', 'a', 'd', 'b']",2,A_I,"{'a': 13.0, 'b': 21.25, 'c': 13.6875, 'd': 14.375}","{'a': 0.00026078542578034103, 'b': 0.9981890320777893, 'c': 0.0005186337511986494, 'd': 0.0010314263636246324}",0.9981890320777893,a,,c
C1_33_A_NI,C1_33,281,1,ambiguous,non-ironic,a,The library was a calm and quiet environment.,Qwen3.8-27B,Condition1B_context_richness_stimuli,general,"You will read short stories that describe everyday situations and which finish with a person saying something. Your task is to decide, given the situation, what meaning the person is most likely conveying. Each story will be followed by 4 possible meaning interpretations listed from a to d. Read each story and choose the number corresponding to the most likely meaning. You can only answer with a, b, c, or d.
Context: She walked into the library and it was quiet.
Target utterance: She says: """"Perfect place to concentrate.""""
What meaning is She most likely conveying?
a. The library was a calm and quiet environment.
b. She looked for a new book in the library.
c. The library was far too noisy to concentrate.
d. She asked her colleague for a place to concentrate.
Answer:
","We need answer multiple choice. Need choose meaning. Context: She walked into library and it was quiet. Utterance: ""Perfect place to concentrate."" Most likely conveying library was calm and quiet environment. Option a. Need output only a. Ensure final only a.
</think>

a","['a', 'd', 'b', 'c']",2,A_NI,"{'a': 20.875, 'b': 13.0, 'c': 13.5, 'd': 12.1875}","{'a': 0.9988258481025696, 'b': 0.0003796826349571347, 'c': 0.0006259908550418913, 'd': 0.0001684831513557583}",0.9988258481025696,a,,a
C1_34_UA_I,C1_34,137,1,unambiguous,ironic,b,The concert was pretty loud.,Qwen3.8-27B,Condition1B_context_richness_stimuli,general,"You will read short stories that describe everyday situations and which finish with a person saying something. Your task is to decide, given the situation, what meaning the person is most likely conveying. Each story will be followed by 4 possible meaning interpretations listed from a to d. Read each story and choose the number corresponding to the most likely meaning. You can only answer with a, b, c, or d.
Context: We came back from a concert which was inaudible.
Target utterance: I say: """"I've almost gone deaf.""""
What meaning is She most likely conveying?
a. I was looking forward to the next concert.
b. The concert was pretty loud.
c. My grandfather is deaf.
d. The concert was surprisingly quiet.
Answer:
","We need answer user's multiple choice. Need analyze. Context: ""We came back from a concert which was inaudible."" Target utterance: I say: ""I've almost gone deaf."" What meaning is She most likely conveying? Options: a looking forward next concert, b concert pretty loud, c grandfather deaf, d concert surprisingly quiet.

We need infer meaning. ""inaudible"" means cannot be heard, too quiet. Saying ""I've almost gone deaf"" after inaudible concert likely sarcastic/hyperbolic meaning it was so quiet I could hardly hear, almost deaf? Wait if concert inaudible, maybe because too quiet, so ""I've almost gone deaf"" could mean I couldn't hear it,","['d', 'b', 'c', 'a']",2,UA_I,"{'a': 16.75, 'b': 17.75, 'c': 17.75, 'd': 21.75}","{'a': 0.006457874085754156, 'b': 0.017554322257637978, 'c': 0.017554322257637978, 'd': 0.9584335088729858}",0.9584335088729858,a,,d
C1_35_UA_NI,C1_35,38,1,unambiguous,non-ironic,b,The movie was too quiet to hear.,Qwen3.8-27B,Condition1B_context_richness_stimuli,general,"You will read short stories that describe everyday situations and which finish with a person saying something. Your task is to decide, given the situation, what meaning the person is most likely conveying. Each story will be followed by 4 possible meaning interpretations listed from a to d. Read each story and choose the number corresponding to the most likely meaning. You can only answer with a, b, c, or d.
Context:  She watched a movie in the theater and found it inaudible.
Target utterance: She says: """"It was so difficult to hear.""""
What meaning is She most likely conveying?
a. Watching a movie in the theater is a real event.
b. The movie was too quiet to hear.
c. The movie was very loud.
d. She generally has difficulties with her hearing.
Answer:
","We need answer multiple choice. Need analyze. Context: She watched a movie in the theater and found it inaudible. Target: ""It was so difficult to hear."" Options: a real event, b movie too quiet to hear, c movie very loud, d generally hearing difficulties. Inaudible means cannot be heard, likely too quiet. So b. Need output only a/b/c/d. Ensure final just b.
</think>

b","['d', 'a', 'b', 'c']",2,UA_NI,"{'a': 12.8125, 'b': 21.125, 'c': 13.75, 'd': 13.5}","{'a': 0.00024509630748070776, 'b': 0.9986416697502136, 'c': 0.0006258754292502999, 'd': 0.0004874322621617466}",0.9986416697502136,a,,d
C1_36_A_I,C1_36,170,1,ambiguous,ironic,a,He expected to hear louder music from his neighbours' party.,Qwen3.8-27B,Condition1B_context_richness_stimuli,general,"You will read short stories that describe everyday situations and which finish with a person saying something. Your task is to decide, given the situation, what meaning the person is most likely conveying. Each story will be followed by 4 possible meaning interpretations listed from a to d. Read each story and choose the number corresponding to the most likely meaning. You can only answer with a, b, c, or d.
Context: His neighbours' music was quiet.
Target utterance: He says: """"It seems like they are having a great party.""""
What meaning is He most likely conveying?
a. He expected to hear louder music from his neighbours' party.
b. He is still unsure which party to vote for in the upcoming elections.
c. He likes talking about pop music.
d. He thinks that his neighbours' are playing music for a party.
Answer:
","We need answer multiple choice. Need analyze. Context: His neighbours' music was quiet. Target: He says: ""It seems like they are having a great party."" What meaning most likely conveying? Options:
a. He expected to hear louder music from his neighbours' party.
b. still unsure which party to vote for elections.
c. likes talking about pop music.
d. thinks neighbours are playing music for a party.

We need infer meaning. The utterance: ""It seems like they are having a great party."" Given context music was quiet. Could be sarcastic? If music quiet, saying seems like great party maybe implies he expected louder music? Let's parse. ""His neighbours' music was quiet.""","['b', 'c', 'd', 'a']",2,A_I,"{'a': 19.75, 'b': 16.125, 'c': 16.0, 'd': 18.75}","{'a': 0.7051956057548523, 'b': 0.018792826682329178, 'c': 0.01658461056649685, 'd': 0.2594269812107086}",0.7051956057548523,a,,b
C1_37_A_NI,C1_37,153,1,ambiguous,non-ironic,d,The questions required thorough preparation to answer.,Qwen3.8-27B,Condition1B_context_richness_stimuli,general,"You will read short stories that describe everyday situations and which finish with a person saying something. Your task is to decide, given the situation, what meaning the person is most likely conveying. Each story will be followed by 4 possible meaning interpretations listed from a to d. Read each story and choose the number corresponding to the most likely meaning. You can only answer with a, b, c, or d.
Context: She prepared difficult questions for the students.
Target utterance: She says: """"I hope they're prepared for this.""""
What meaning is She most likely conveying?
a. She had never felt so well prepared for a meeting.
b. The questions were straightforward and required little effort.
c. She posted the question on the class forum.
d. The questions required thorough preparation to answer.
Answer:
","We need answer multiple choice. Need choose best meaning. Context: She prepared difficult questions for students. Target: ""I hope they're prepared for this."" Meaning: questions required thorough preparation to answer. Option d. Need output only a,b,c,d. Ensure final just d.
</think>

d","['c', 'b', 'd', 'a']",2,A_NI,"{'a': 12.75, 'b': 11.625, 'c': 14.5, 'd': 20.875}","{'a': 0.00029542556148953736, 'b': 9.591064736014232e-05, 'c': 0.0017000568332150578, 'd': 0.9979085922241211}",0.9979085922241211,d,,a
C1_38_UA_I,C1_38,20,1,unambiguous,ironic,a,Booking the appointment was frustrating and difficult.,Qwen3.8-27B,Condition1B_context_richness_stimuli,general,"You will read short stories that describe everyday situations and which finish with a person saying something. Your task is to decide, given the situation, what meaning the person is most likely conveying. Each story will be followed by 4 possible meaning interpretations listed from a to d. Read each story and choose the number corresponding to the most likely meaning. You can only answer with a, b, c, or d.
Context: He booked an appointment through a system which was impossible to use.
Target utterance: He says:  """"That was about as easy as it gets.""""
What meaning is He most likely conveying?
a. Booking the appointment was frustrating and difficult.
b. Booking the appointment was straightforward and effortless.
c. He always found parallel parking easy as it gets.
d. He decided to cancel the appointment.
Answer:
","We need answer multiple choice. Need analyze. Context: He booked appointment through system impossible to use. Target: ""That was about as easy as it gets."" This is sarcastic? If system impossible to use, saying that was about as easy as it gets likely means opposite: frustrating and difficult. Option a. Need output only a. Ensure final just a.
</think>

a","['b', 'a', 'c', 'd']",2,UA_I,"{'a': 20.875, 'b': 13.25, 'c': 13.25, 'd': 12.0}","{'a': 0.9988853335380554, 'b': 0.00048755118041299284, 'c': 0.00048755118041299284, 'd': 0.00013968575512990355}",0.9988853335380554,a,,b
C1_39_UA_NI,C1_39,224,1,unambiguous,non-ironic,b,Completing the task was a genuine sign of intelligence.,Qwen3.8-27B,Condition1B_context_richness_stimuli,general,"You will read short stories that describe everyday situations and which finish with a person saying something. Your task is to decide, given the situation, what meaning the person is most likely conveying. Each story will be followed by 4 possible meaning interpretations listed from a to d. Read each story and choose the number corresponding to the most likely meaning. You can only answer with a, b, c, or d.
Context: They finished an impossible task for their maths lesson.
Target utterance: They say: """"We must be very smart.""""
What meaning is They most likely conveying?
a. Anyone could have done the task, no special abilities required.
b. Completing the task was a genuine sign of intelligence.
c. They were always smart about managing their money.
d. They were given another task after the math lesson.
Answer:
","We need answer multiple choice. Need analyze. Context: They finished an impossible task for their maths lesson. Target: ""We must be very smart."" Meaning? If task impossible and they finished, they infer they must be very smart. Option b: Completing task was genuine sign of intelligence. a opposite, c irrelevant money, d irrelevant. Answer b. Need final only letter? User says can only answer with a,b,c,d. So final b.
</think>

b","['b', 'a', 'c', 'd']",2,UA_NI,"{'a': 12.9375, 'b': 21.125, 'c': 14.3125, 'd': 13.9375}","{'a': 0.00027751605375669897, 'b': 0.9978704452514648, 'c': 0.0010975971817970276, 'd': 0.0007543668034486473}",0.9978704452514648,b,,a
C1_40_A_I,C1_40,274,1,ambiguous,ironic,c,Making the payment was complicated and painful.,Qwen3.8-27B,Condition1B_context_richness_stimuli,general,"You will read short stories that describe everyday situations and which finish with a person saying something. Your task is to decide, given the situation, what meaning the person is most likely conveying. Each story will be followed by 4 possible meaning interpretations listed from a to d. Read each story and choose the number corresponding to the most likely meaning. You can only answer with a, b, c, or d.
Context: He made a payment through a website which was difficult to use.
Target utterance: He says:  """"Technology at its finest.""""
What meaning is He most likely conveying?
a. He decided to cancel the payment altogether.
b. He always thought the finest restaurants required a reservation.
c. Making the payment was complicated and painful.
d. Making the payment was a smooth and effortless experience.
Answer:
","We need answer multiple choice. Need analyze. Context: He made a payment through a website which was difficult to use. Target: ""Technology at its finest."" This is likely sarcasm, meaning making payment was complicated and painful. Options: a cancel, b restaurants, c complicated painful, d smooth effortless. Most likely c. Need output only a,b,c,d. Ensure final just c.
</think>

c","['d', 'c', 'b', 'a']",2,A_I,"{'a': 12.8125, 'b': 11.125, 'c': 21.25, 'd': 13.875}","{'a': 0.00021639979968313128, 'b': 4.0029935917118564e-05, 'c': 0.9991174340248108, 'd': 0.0006261735688894987}",0.9991174340248108,a,,d
C1_41_A_NI,C1_41,90,1,ambiguous,non-ironic,d,Her kitchen was tidy.,Qwen3.8-27B,Condition1B_context_richness_stimuli,general,"You will read short stories that describe everyday situations and which finish with a person saying something. Your task is to decide, given the situation, what meaning the person is most likely conveying. Each story will be followed by 4 possible meaning interpretations listed from a to d. Read each story and choose the number corresponding to the most likely meaning. You can only answer with a, b, c, or d.
Context: She finished cooking and the kitchen was clean.
Target utterance: She says: """"I'm the sort of person who likes to keep things tidy.""""
What meaning is She most likely conveying?
a. The apartment came with a fully equipped kitchen.
b. Children should regularly tidy up their rooms.
c. Her kitchen was a mess.
d. Her kitchen was tidy.
Answer:
","We need answer multiple choice. Need choose meaning. Context: She finished cooking and kitchen was clean. Utterance: ""I'm the sort of person who likes to keep things tidy."" Most likely conveying her kitchen was tidy. Option d. Need output only a,b,c,d. Ensure final just d.
</think>

d","['d', 'c', 'b', 'a']",2,A_NI,"{'a': 12.4375, 'b': 11.625, 'c': 14.1875, 'd': 20.75}","{'a': 0.0002449968596920371, 'b': 0.00010871669655898586, 'c': 0.0014098596293479204, 'd': 0.9982364177703857}",0.9982364177703857,d,,a
C1_42_UA_I,C1_42,220,1,unambiguous,ironic,c,The room was left in a terrible state for far too long.,Qwen3.8-27B,Condition1B_context_richness_stimuli,general,"You will read short stories that describe everyday situations and which finish with a person saying something. Your task is to decide, given the situation, what meaning the person is most likely conveying. Each story will be followed by 4 possible meaning interpretations listed from a to d. Read each story and choose the number corresponding to the most likely meaning. You can only answer with a, b, c, or d.
Context: They walked into the room and found it pristine.
Target utterance: They said: ""“Looks like you didn’t wait too long to clean it.”""
What meaning is They most likely conveying?
a. They decided to book a different room altogether.
b. The room was tidied up well before it got too messy.
c. The room was left in a terrible state for far too long.
d. They never had to wait long for a table.
Answer:
","We need answer multiple choice. Need analyze. Context: They walked into room and found it pristine. Target: ""Looks like you didn’t wait too long to clean it."" Meaning? If room pristine, likely cleaned promptly before it got messy. Option b. Need output only a,b,c,d. Ensure final just b.
</think>

b","['d', 'a', 'b', 'c']",2,UA_I,"{'a': 12.5, 'b': 21.25, 'c': 13.5625, 'd': 13.375}","{'a': 0.00015830349002499133, 'b': 0.9990039467811584, 'c': 0.0004580663226079196, 'd': 0.0003797503304667771}",0.9990039467811584,b,,a
C1_43_UA_NI,C1_43,41,1,unambiguous,non-ironic,d,The street was genuinely pleasant.,Qwen3.8-27B,Condition1B_context_richness_stimuli,general,"You will read short stories that describe everyday situations and which finish with a person saying something. Your task is to decide, given the situation, what meaning the person is most likely conveying. Each story will be followed by 4 possible meaning interpretations listed from a to d. Read each story and choose the number corresponding to the most likely meaning. You can only answer with a, b, c, or d.
Context: The street was pristine.
Target utterance: They say:  """"Such a beautiful walk.""""
What meaning is They most likely conveying?
a. The street was far from pretty.
b. A dog was barking on the street.
c. They went for a walk in the park.
d. The street was genuinely pleasant.
Answer:
","We need answer multiple choice. Need analyze. Context: ""The street was pristine."" Target: They say: ""Such a beautiful walk."" What meaning most likely conveying? Options: a street far from pretty, b dog barking, c went for walk in park, d street genuinely pleasant. Pristine means clean, spotless, beautiful. ""Such a beautiful walk"" likely means the walk/street was pleasant. So d. Need output only a,b,c,d. Ensure final just d.
</think>

d","['b', 'd', 'c', 'a']",2,UA_NI,"{'a': 12.625, 'b': 11.1875, 'c': 15.1875, 'd': 20.875}","{'a': 0.0002602925233077258, 'b': 6.182488868944347e-05, 'c': 0.003375524887815118, 'd': 0.9963023662567139}",0.9963023662567139,a,,b
C1_44_A_I,C1_44,167,1,ambiguous,ironic,b,The floor was very dirty.,Qwen3.8-27B,Condition1B_context_richness_stimuli,general,"You will read short stories that describe everyday situations and which finish with a person saying something. Your task is to decide, given the situation, what meaning the person is most likely conveying. Each story will be followed by 4 possible meaning interpretations listed from a to d. Read each story and choose the number corresponding to the most likely meaning. You can only answer with a, b, c, or d.
Context: The floor was clean.
Target utterance: She says: """"You could practically eat off the floor here.""""
What meaning is She most likely conveying?
a. The dance floor was very empty.
b. The floor was very dirty.
c. She could eat a whole cake.
d. The floor was very clean.
Answer:
","We need answer multiple choice. Need produce final only a/b/c/d. Context floor clean, utterance idiom means very clean. Answer d.
</think>

d","['d', 'b', 'c', 'a']",2,A_I,"{'a': 13.1875, 'b': 12.0625, 'c': 14.125, 'd': 21.25}","{'a': 0.0003147532988805324, 'b': 0.00010218544048257172, 'c': 0.0008037507068365812, 'd': 0.9987793564796448}",0.9987793564796448,a,,d
C1_45_A_NI,C1_45,60,1,ambiguous,non-ironic,c,The movie was funny and great.,Qwen3.8-27B,Condition1B_context_richness_stimuli,general,"You will read short stories that describe everyday situations and which finish with a person saying something. Your task is to decide, given the situation, what meaning the person is most likely conveying. Each story will be followed by 4 possible meaning interpretations listed from a to d. Read each story and choose the number corresponding to the most likely meaning. You can only answer with a, b, c, or d.
Context: They watched a serious movie.
Target utterance: They say: """"That was the perfect movie for a laugh.""""
What meaning is They most likely conveying?
a. They had such a perfect night.
b. The movie wasn't amusing.
c. The movie was funny and great.
d. They saw three movies that week.
Answer:
","We need answer multiple choice. Need analyze. Context: They watched a serious movie. Target: ""That was the perfect movie for a laugh."" Meaning? Serious movie, saying perfect movie for a laugh likely sarcastic/ironic: movie wasn't amusing. Options: a perfect night, b movie wasn't amusing, c movie was funny and great, d saw three movies. Most likely b. Need output only a/b/c/d. Ensure final just b.
</think>

b","['c', 'b', 'a', 'd']",2,A_NI,"{'a': 12.8125, 'b': 21.375, 'c': 13.8125, 'd': 13.4375}","{'a': 0.00019093694572802633, 'b': 0.9989332556724548, 'c': 0.0005190204246900976, 'd': 0.0003567171806935221}",0.9989332556724548,a,,c
C1_46_UA_I,C1_46,124,1,unambiguous,ironic,a,The musical was purely for laughs.,Qwen3.8-27B,Condition1B_context_richness_stimuli,general,"You will read short stories that describe everyday situations and which finish with a person saying something. Your task is to decide, given the situation, what meaning the person is most likely conveying. Each story will be followed by 4 possible meaning interpretations listed from a to d. Read each story and choose the number corresponding to the most likely meaning. You can only answer with a, b, c, or d.
Context: The musical she watched was really grim.
Target utterance: She says: """"That cracked me up.""""
What meaning is She most likely conveying?
a. The musical was purely for laughs.
b. She answered some questions about the musical.
c. The musical left her deeply moved.
d. The joke cracked everyone up.
Answer:
","We need answer multiple choice. Need analyze. Context: ""The musical she watched was really grim."" Target: She says: ""That cracked me up."" Need choose meaning most likely conveying. Options:
a. The musical was purely for laughs.
b. She answered some questions about the musical.
c. The musical left her deeply moved.
d. The joke cracked everyone up.

We need interpret ""That cracked me up"" in context of grim musical. ""crack up"" can mean laugh, but also break down emotionally? ""That cracked me up"" usually means made me laugh. But context says musical was really grim. If grim, maybe ""cracked me up"" idiomatically means made me cry/break","['b', 'd', 'a', 'c']",2,UA_I,"{'a': 17.125, 'b': 15.9375, 'c': 21.75, 'd': 18.125}","{'a': 0.009431645274162292, 'b': 0.0028764894232153893, 'c': 0.9620540142059326, 'd': 0.025637870654463768}",0.9620540142059326,a,,b
C1_47_UA_NI,C1_47,152,1,unambiguous,non-ironic,c,The situation was genuinely amusing.,Qwen3.8-27B,Condition1B_context_richness_stimuli,general,"You will read short stories that describe everyday situations and which finish with a person saying something. Your task is to decide, given the situation, what meaning the person is most likely conveying. Each story will be followed by 4 possible meaning interpretations listed from a to d. Read each story and choose the number corresponding to the most likely meaning. You can only answer with a, b, c, or d.
Context: The situation was grim.
Target utterance: She says: """"Truly something to laugh about.""""
What meaning is She most likely conveying?
a. She tried to make the best of the situation.
b. The situation was far too serious.
c. The situation was genuinely amusing.
d. She always found it hard to laugh about things.
Answer:
","We need answer multiple choice. Need analyze. Context: ""The situation was grim."" Target: She says: ""Truly something to laugh about."" Need infer meaning. Likely sarcasm/irony: situation grim, not laughable, so she means it's far too serious? Let's examine options.
a. She tried to make the best of the situation.
b. The situation was far too serious.
c. The situation was genuinely amusing.
d. She always found it hard to laugh about things.

Utterance: ""Truly something to laugh about."" In grim situation, likely sarcastic: not something to laugh about; situation serious. Option b. Could be a? ""tried to make best","['d', 'b', 'a', 'c']",2,UA_NI,"{'a': 16.125, 'b': 23.375, 'c': 16.125, 'd': 17.25}","{'a': 0.0007076214533299208, 'b': 0.9964052438735962, 'c': 0.0007076214533299208, 'd': 0.0021796277724206448}",0.9964052438735962,a,,d
C1_48_A_I,C1_48,138,1,ambiguous,ironic,b,The talk contained no humour.,Qwen3.8-27B,Condition1B_context_richness_stimuli,general,"You will read short stories that describe everyday situations and which finish with a person saying something. Your task is to decide, given the situation, what meaning the person is most likely conveying. Each story will be followed by 4 possible meaning interpretations listed from a to d. Read each story and choose the number corresponding to the most likely meaning. You can only answer with a, b, c, or d.
Context: His talk was serious. 
Target utterance: Hey says: """"Wow, so many jokes in one talk.""""
What meaning is He most likely conveying?
a. He was a fan of old jokes.
b. The talk contained no humour.
c. He decided to cancel the talk.
d. The talk contained humour.
Answer:
","We need answer multiple choice. Need analyze. Context: His talk was serious. Target utterance: Hey says: ""Wow, so many jokes in one talk."" What meaning is He most likely conveying? Options: a fan of old jokes, b talk contained no humour, c cancel talk, d talk contained humour.

We need infer likely meaning. Context says talk was serious. Utterance says ""Wow, so many jokes in one talk."" If talk was serious, saying so many jokes likely sarcastic/ironic, meaning no humor. So b. Need output only a/b/c/d. Ensure final just b.
</think>

b","['c', 'b', 'd', 'a']",2,A_I,"{'a': 13.25, 'b': 21.5, 'c': 13.125, 'd': 14.25}","{'a': 0.00026094491477124393, 'b': 0.9987994432449341, 'c': 0.00023028305440675467, 'd': 0.0007093217573128641}",0.9987994432449341,a,,c
C1_49_A_NI,C1_49,43,1,ambiguous,non-ironic,d,The airport experience was enjoyable.,Qwen3.8-27B,Condition1B_context_richness_stimuli,general,"You will read short stories that describe everyday situations and which finish with a person saying something. Your task is to decide, given the situation, what meaning the person is most likely conveying. Each story will be followed by 4 possible meaning interpretations listed from a to d. Read each story and choose the number corresponding to the most likely meaning. You can only answer with a, b, c, or d.
Context: He had a bad experience at the airport.
Target utterance: He says: """"A complete nightmare, really.""""
What meaning is He most likely conveying?
a. He came back from his trip exhausted.
b. He decided to book a different airport transfer.
c. The airport experience was thoroughly unpleasant.
d. The airport experience was enjoyable.
Answer:
","We need answer multiple choice. Need choose c likely. Need final only a/b/c/d? User says can only answer with a,b,c,d. So final c.
</think>

c","['c', 'd', 'b', 'a']",2,A_NI,"{'a': 12.6875, 'b': 11.3125, 'c': 21.25, 'd': 13.5}","{'a': 0.00019101283396594226, 'b': 4.829560566577129e-05, 'c': 0.9993302822113037, 'd': 0.00043045406346209347}",0.9993302822113037,c,,b
C1_50_UA_I,C1_50,16,1,unambiguous,ironic,d,The exam results were deeply disappointing.,Qwen3.8-27B,Condition1B_context_richness_stimuli,general,"You will read short stories that describe everyday situations and which finish with a person saying something. Your task is to decide, given the situation, what meaning the person is most likely conveying. Each story will be followed by 4 possible meaning interpretations listed from a to d. Read each story and choose the number corresponding to the most likely meaning. You can only answer with a, b, c, or d.
Context: He studied hard for the exam, and the results were terrible.
Target utterance: He says: """"Well, this is amazing.""""
What meaning is He most likely conveying?
a. The exam results were impressive
b. He had one more exam this week.
c. He always found art museums amazing.
d. The exam results were deeply disappointing.
Answer:
","We need answer multiple choice. Need choose meaning. Context: studied hard, results terrible. Utterance: ""Well, this is amazing."" Likely sarcasm meaning disappointing. Option d. Need output only a,b,c,d. Ensure final just d.
</think>

d","['a', 'd', 'c', 'b']",2,UA_I,"{'a': 12.9375, 'b': 11.9375, 'c': 14.6875, 'd': 21.25}","{'a': 0.00024500139988958836, 'b': 9.013097587740049e-05, 'c': 0.0014098858227953315, 'd': 0.9982549548149109}",0.9982549548149109,d,,b
C1_51_UA_NI,C1_51,284,1,unambiguous,non-ironic,b,They found the play dull.,Qwen3.8-27B,Condition1B_context_richness_stimuli,general,"You will read short stories that describe everyday situations and which finish with a person saying something. Your task is to decide, given the situation, what meaning the person is most likely conveying. Each story will be followed by 4 possible meaning interpretations listed from a to d. Read each story and choose the number corresponding to the most likely meaning. You can only answer with a, b, c, or d.
Context: They left the play feeling terrible.
Target utterance: They said:  """"That wasn't fun at all.""""
What meaning is They most likely conveying?
a. They found the play entertaining.
b. They found the play dull.
c. They liked to watch a play in their favorite theatre.
d. They had fun eating together.
Answer:
","We need answer multiple choice. Need choose b likely. Need final only a/b/c/d. Ensure no extra.
</think>

b","['b', 'a', 'd', 'c']",2,UA_NI,"{'a': 12.5, 'b': 21.75, 'c': 13.5, 'd': 13.875}","{'a': 9.604081424186006e-05, 'b': 0.9992629885673523, 'c': 0.0002610660158097744, 'd': 0.0003798488178290427}",0.9992629885673523,b,,a
C1_52_A_I,C1_52,82,1,ambiguous,ironic,c,She found the whole meal disappointing.,Qwen3.8-27B,Condition1B_context_richness_stimuli,general,"You will read short stories that describe everyday situations and which finish with a person saying something. Your task is to decide, given the situation, what meaning the person is most likely conveying. Each story will be followed by 4 possible meaning interpretations listed from a to d. Read each story and choose the number corresponding to the most likely meaning. You can only answer with a, b, c, or d.
Context: She had a bad meal at a restaurant.
Target utterance: She says: """"That was a great restaurant visit.""""
What meaning is She most likely conveying?
a. The rmeal was a genuinely enjoyable experience.
b. She wanted to try the meal for months.
c. She found the whole meal disappointing.
d. She always enjoyed a restaurant visit before a big day out.
Answer:
","We need answer multiple choice. Need analyze. Context: She had a bad meal at a restaurant. Target: ""That was a great restaurant visit."" Given situation, likely meaning? She says positive but context bad meal. Could be sarcasm? Options: a genuinely enjoyable, b wanted to try meal for months, c found whole meal disappointing, d always enjoyed before big day out. Most likely conveying: c found whole meal disappointing (sarcasm). Need output only a/b/c/d. Ensure final just c.
</think>

c","['a', 'd', 'b', 'c']",2,A_I,"{'a': 12.75, 'b': 11.6875, 'c': 21.5, 'd': 13.375}","{'a': 0.00015838065883144736, 'b': 5.473489363794215e-05, 'c': 0.9994909763336182, 'd': 0.00029589401674456894}",0.9994909763336182,a,,a
C1_53_A_NI,C1_53,264,1,ambiguous,non-ironic,d,The ground was moist and muddy after the rain.,Qwen3.8-27B,Condition1B_context_richness_stimuli,general,"You will read short stories that describe everyday situations and which finish with a person saying something. Your task is to decide, given the situation, what meaning the person is most likely conveying. Each story will be followed by 4 possible meaning interpretations listed from a to d. Read each story and choose the number corresponding to the most likely meaning. You can only answer with a, b, c, or d.
Context: After the weather changed, the ground became dry.
Target utterance: She says: """"Perfect conditions for a picnic..""""
What meaning is She most likely conveying?
a. She knelt in the mud to look closely at the earth.
b. The ground was uneven where she stood.
c. The ground was dried out.
d. The ground was moist and muddy after the rain.
Answer:
","We need answer multiple choice. Need analyze. Context: After weather changed, ground became dry. Target: She says: ""Perfect conditions for a picnic."" What meaning most likely conveying? Options: a knelt in mud... b ground uneven... c ground dried out. d ground moist muddy after rain. Given context ground became dry, perfect for picnic implies dry ground. So c. Need output only a,b,c,d. Ensure final just c.
</think>

c","['c', 'd', 'b', 'a']",2,A_NI,"{'a': 12.375, 'b': 10.875, 'c': 21.125, 'd': 13.5625}","{'a': 0.0001583483535796404, 'b': 3.533229391905479e-05, 'c': 0.9992870688438416, 'd': 0.0005192042444832623}",0.9992870688438416,a,,c
C1_54_UA_I,C1_54,178,1,unambiguous,ironic,a,The garden was just watered and needed to dry out.,Qwen3.8-27B,Condition1B_context_richness_stimuli,general,"You will read short stories that describe everyday situations and which finish with a person saying something. Your task is to decide, given the situation, what meaning the person is most likely conveying. Each story will be followed by 4 possible meaning interpretations listed from a to d. Read each story and choose the number corresponding to the most likely meaning. You can only answer with a, b, c, or d.
Context: The garden was parched in the morning.
Target utterance: They said: """"That’s enough water for the day.""""
What meaning is They most likely conveying?
a. The garden was just watered and needed to dry out.
b. They wanted a new water feature.
c. They played some boardgames in the garden.
d. The garden was struggling without any water.
Answer:
","We need answer multiple choice. Need analyze. Context: garden parched in morning. Target: ""That's enough water for the day."" Meaning? If garden parched, likely struggling without water. But utterance says enough water for the day maybe sarcastic? Let's parse. The garden was parched in the morning. They said: ""That's enough water for the day."" What meaning most likely conveying? Options:
a. The garden was just watered and needed to dry out.
b. They wanted a new water feature.
c. They played some boardgames in the garden.
d. The garden was struggling without any water.

Context says parched = very dry, lacking water. Utterance ""","['b', 'c', 'd', 'a']",2,UA_I,"{'a': 16.375, 'b': 15.4375, 'c': 15.625, 'd': 21.5}","{'a': 0.005881034303456545, 'b': 0.002303045941516757, 'c': 0.002778003690764308, 'd': 0.9890378713607788}",0.9890378713607788,a,,b
C1_55_UA_NI,C1_55,104,1,unambiguous,non-ironic,d,The plants had been getting plenty of moisture to grow.,Qwen3.8-27B,Condition1B_context_richness_stimuli,general,"You will read short stories that describe everyday situations and which finish with a person saying something. Your task is to decide, given the situation, what meaning the person is most likely conveying. Each story will be followed by 4 possible meaning interpretations listed from a to d. Read each story and choose the number corresponding to the most likely meaning. You can only answer with a, b, c, or d.
Context: The field was parched
Target utterance: He says: """"Terrible news for anything trying to grow..""""
What meaning is He most likely conveying?
a. He was considering buying a new tractor.
b. He had been reading about different farming techniques.
c. The plants had been wilting due to lack of water.
d. The plants had been getting plenty of moisture to grow.
Answer:
","We need answer multiple choice. Need analyze. Context: ""The field was parched"" Target: He says: ""Terrible news for anything trying to grow.."" Options: a buying tractor, b reading farming techniques, c plants wilting due to lack of water, d plants getting plenty moisture. Most likely c. Need output only a,b,c,d. Ensure final just c.
</think>

c","['d', 'c', 'b', 'a']",2,UA_NI,"{'a': 12.4375, 'b': 11.125, 'c': 21.125, 'd': 13.25}","{'a': 0.0001685810275375843, 'b': 4.537296626949683e-05, 'c': 0.999406099319458, 'd': 0.0003799032128881663}",0.999406099319458,a,,d
C1_56_A_I,C1_56,103,1,ambiguous,ironic,a,Her hair was completely dry.,Qwen3.8-27B,Condition1B_context_richness_stimuli,general,"You will read short stories that describe everyday situations and which finish with a person saying something. Your task is to decide, given the situation, what meaning the person is most likely conveying. Each story will be followed by 4 possible meaning interpretations listed from a to d. Read each story and choose the number corresponding to the most likely meaning. You can only answer with a, b, c, or d.
Context: She saw her dry hair.
Target utterance: She said: """"The rain really caught me by surprise.""""
What meaning is She most likely conveying?
a. Her hair was completely dry.
b. She had her hair cut short last week.
c. Her hair was soaking wet.
d. They organised a surprise party for him.
Answer:
","We need answer multiple choice. Need analyze. Context: ""She saw her dry hair."" Target: She said: ""The rain really caught me by surprise."" Options: a. Her hair was completely dry. b. She had her hair cut short last week. c. Her hair was soaking wet. d. They organised a surprise party for him.
We need infer meaning. If she saw her dry hair and says rain caught me by surprise, likely she expected rain? Wait ""caught me by surprise"" means unexpectedly. If her hair is dry, maybe she didn't get wet? But seeing dry hair? Let's parse. Story: She saw her dry hair. She said: ""The rain really caught me by surprise."" What meaning","['b', 'd', 'a', 'c']",2,A_I,"{'a': 20.75, 'b': 16.5, 'c': 20.625, 'd': 18.25}","{'a': 0.5053449869155884, 'b': 0.007208358962088823, 'c': 0.44596537947654724, 'd': 0.04148124158382416}",0.5053449869155884,a,,b
C1_57_A_NI,C1_57,28,1,ambiguous,non-ironic,b,I admired the outfit.,Qwen3.8-27B,Condition1B_context_richness_stimuli,general,"You will read short stories that describe everyday situations and which finish with a person saying something. Your task is to decide, given the situation, what meaning the person is most likely conveying. Each story will be followed by 4 possible meaning interpretations listed from a to d. Read each story and choose the number corresponding to the most likely meaning. You can only answer with a, b, c, or d.
Context: I wore an ugly outfit to attend the award ceremony.
Target utterance: I say: """"I really didn't try at all today.""""
What meaning is I most likely conveying?
a. I thought the outfit was ugly.
b. I admired the outfit.
c. I received an amazing award.
d. The comedians on the stage enjoyed themselves.
Answer:
","We need answer multiple choice. Need analyze. Context: ""I wore an ugly outfit to attend the award ceremony."" Target utterance: ""I say: """"I really didn't try at all today."""" What meaning is I most likely conveying? Options: a. I thought the outfit was ugly. b. I admired the outfit. c. I received an amazing award. d. The comedians on the stage enjoyed themselves.

We need choose most likely meaning. The utterance ""I really didn't try at all today"" after wearing ugly outfit likely means they didn't put effort into appearance, i.e., thought outfit was ugly? Let's parse. If I wore an ugly outfit and say I really didn't try at all today,","['b', 'a', 'c', 'd']",2,A_NI,"{'a': 21.875, 'b': 15.625, 'c': 16.125, 'd': 16.625}","{'a': 0.9897454977035522, 'b': 0.0019106583204120398, 'c': 0.0031501431949436665, 'd': 0.005193707533180714}",0.9897454977035522,a,,b
C1_58_UA_I,C1_58,150,1,unambiguous,ironic,a,She thought the car was ugly.,Qwen3.8-27B,Condition1B_context_richness_stimuli,general,"You will read short stories that describe everyday situations and which finish with a person saying something. Your task is to decide, given the situation, what meaning the person is most likely conveying. Each story will be followed by 4 possible meaning interpretations listed from a to d. Read each story and choose the number corresponding to the most likely meaning. You can only answer with a, b, c, or d.
Context: She saw a hideous car on the street.
Target utterance: She says: """"That’s a real beauty.""""
What meaning is she most likely conveying?
a. She thought the car was ugly.
b. She had booked a car.
c. She admired the car.
d. She thought the painting was beautiful.
Answer:
","We need answer multiple choice. Need analyze. Context: She saw a hideous car on the street. Target: ""That's a real beauty."" Most likely meaning? Sarcasm/irony: she thought car was ugly. Option a. Need output only a. Ensure final just a.
</think>

a","['b', 'd', 'a', 'c']",2,UA_I,"{'a': 21.0, 'b': 12.6875, 'c': 13.1875, 'd': 12.375}","{'a': 0.9991711378097534, 'b': 0.0002452262560836971, 'c': 0.00040430977242067456, 'd': 0.0001794113777577877}",0.9991711378097534,a,,b
C1_59_UA_NI,C1_59,287,1,unambiguous,non-ironic,c,The painting was genuinely ugly.,Qwen3.8-27B,Condition1B_context_richness_stimuli,general,"You will read short stories that describe everyday situations and which finish with a person saying something. Your task is to decide, given the situation, what meaning the person is most likely conveying. Each story will be followed by 4 possible meaning interpretations listed from a to d. Read each story and choose the number corresponding to the most likely meaning. You can only answer with a, b, c, or d.
Context: He looked at a hideous painting.
Target utterance: He said: """"That's hard to look at.""""
What meaning is He most likely conveying?
a. The painting was genuinely beautiful.
b. They spent the weekend for this painting.
c. The painting was genuinely ugly.
d. He gave her a stern look.
Answer:
","We need answer multiple choice. Need choose meaning. Context: He looked at a hideous painting. Utterance: ""That's hard to look at."" Most likely conveying painting was genuinely ugly. Option c. Need output only a,b,c,d. Ensure final just c.
</think>

c","['b', 'd', 'a', 'c']",2,UA_NI,"{'a': 12.25, 'b': 10.9375, 'c': 21.375, 'd': 13.5}","{'a': 0.0001088523495127447, 'b': 2.9297212677192874e-05, 'c': 0.9994819760322571, 'd': 0.00037993205478414893}",0.9994819760322571,a,,b
C1_60_A_I,C1_60,215,1,ambiguous,ironic,b,They thought the bird was not beautiful.,Qwen3.8-27B,Condition1B_context_richness_stimuli,general,"You will read short stories that describe everyday situations and which finish with a person saying something. Your task is to decide, given the situation, what meaning the person is most likely conveying. Each story will be followed by 4 possible meaning interpretations listed from a to d. Read each story and choose the number corresponding to the most likely meaning. You can only answer with a, b, c, or d.
Context: They saw an ugly bird.
Target utterance: They said: """"A real eye-catcher.""""
What meaning is They most likely conveying?
a. They thought the bird was beautiful.
b. They thought the bird was not beautiful.
c. The bird looked at them really closely.
d. They had a great time on a trip.
Answer:
","We need answer multiple choice. Need analyze. Context: They saw an ugly bird. Target: They said: ""A real eye-catcher."" Meaning? Eye-catcher usually something that attracts attention, often beautiful/striking. But context ugly bird, likely sarcasm/irony: they thought bird was not beautiful. Options: a beautiful, b not beautiful, c looked closely, d great time. Most likely b. Need output only a/b/c/d. Ensure final just b.
</think>

b","['a', 'b', 'c', 'd']",2,A_I,"{'a': 12.875, 'b': 21.375, 'c': 13.6875, 'd': 13.3125}","{'a': 0.00020326973753981292, 'b': 0.9990237951278687, 'c': 0.00045807543210685253, 'd': 0.00031483033671975136}",0.9990237951278687,a,,a
C1_61_A_NI,C1_61,270,1,ambiguous,non-ironic,b,The kettle was a real bargain.,Qwen3.8-27B,Condition1B_context_richness_stimuli,general,"You will read short stories that describe everyday situations and which finish with a person saying something. Your task is to decide, given the situation, what meaning the person is most likely conveying. Each story will be followed by 4 possible meaning interpretations listed from a to d. Read each story and choose the number corresponding to the most likely meaning. You can only answer with a, b, c, or d.
Context: I found a nice kettle which was cheap.
Target utterance: I said: """"What a steal.""""
What meaning is I most likely conveying?
a. The kettle boiled over..
b. The kettle was a real bargain.
c. A thief tried to steal my bag.
d. The kettle was expensive.
Answer:
","We need answer multiple choice. Need choose b. User says only answer with a,b,c,d. Final just b.
</think>

b","['d', 'a', 'c', 'b']",2,A_NI,"{'a': 12.1875, 'b': 21.25, 'c': 12.625, 'd': 12.8125}","{'a': 0.00011587343760766089, 'b': 0.999488115310669, 'c': 0.00017946830485016108, 'd': 0.00021648008259944618}",0.999488115310669,b,,a
C1_62_UA_I,C1_62,2,1,unambiguous,ironic,b,The vase was not pricy.,Qwen3.8-27B,Condition1B_context_richness_stimuli,general,"You will read short stories that describe everyday situations and which finish with a person saying something. Your task is to decide, given the situation, what meaning the person is most likely conveying. Each story will be followed by 4 possible meaning interpretations listed from a to d. Read each story and choose the number corresponding to the most likely meaning. You can only answer with a, b, c, or d.
Context: He broke a free vase.

Target utterance: He said: """"Well, there goes a priceless treasure""""
What meaning is He most likely conveying?
a. He went on a hike and picked up flowers.
b. The vase was not pricy.
c. The vase was worth a lot of money.
d. The experience of breaking the vase was worth it.
Answer:
","We need answer multiple choice. Need analyze. Context: He broke a free vase. Target: ""Well, there goes a priceless treasure"". Need most likely meaning. ""free vase"" maybe means a vase that was free? Or ""free"" as in not expensive? He broke a free vase. Utterance says priceless treasure. If vase was free, saying priceless treasure likely sarcastic/ironic, meaning it was not pricey. Options: a hike flowers irrelevant. b The vase was not pricy. c worth a lot. d experience worth it. Given ""free vase"" and ""priceless treasure"" likely ironic: it was not valuable. So b. Need output only letter? Instructions: You can only answer with a, b","['d', 'b', 'a', 'c']",2,UA_I,"{'a': 14.375, 'b': 21.75, 'c': 16.0, 'd': 13.8125}","{'a': 0.0006241262308321893, 'b': 0.995850682258606, 'c': 0.0031695745419710875, 'd': 0.0003556164156179875}",0.995850682258606,a,,d
C1_63_UA_NI,C1_63,155,1,unambiguous,non-ironic,c,The perfume was pricy.,Qwen3.8-27B,Condition1B_context_richness_stimuli,general,"You will read short stories that describe everyday situations and which finish with a person saying something. Your task is to decide, given the situation, what meaning the person is most likely conveying. Each story will be followed by 4 possible meaning interpretations listed from a to d. Read each story and choose the number corresponding to the most likely meaning. You can only answer with a, b, c, or d.
Context: She was wearing free perfume.
Target utterance: She said: """"Smells like it's from a gas station.""""
What meaning is She most likely conveying?
a. The perfume was not pricy.
b. The fragrance label was worth reading.
c. The perfume was pricy.
d. The ocean was calm and quiet.
Answer:
","We need answer multiple choice. Need parse context: ""She was wearing free perfume."" Target: ""Smells like it's from a gas station."" Options: a. The perfume was not pricy. b. fragrance label worth reading. c. perfume was pricy. d. ocean calm quiet.
Likely meaning: gas station perfume = cheap, not expensive. So a. Need output only a. Ensure final only letter.
</think>

a","['b', 'c', 'a', 'd']",2,UA_NI,"{'a': 20.5, 'b': 11.75, 'c': 12.9375, 'd': 11.9375}","{'a': 0.9991316199302673, 'b': 0.00015832371718715876, 'c': 0.0005191235104575753, 'd': 0.00019097486801911145}",0.9991316199302673,a,,b
C1_64_A_I,C1_64,275,1,ambiguous,ironic,c,The bag was worth very little.,Qwen3.8-27B,Condition1B_context_richness_stimuli,general,"You will read short stories that describe everyday situations and which finish with a person saying something. Your task is to decide, given the situation, what meaning the person is most likely conveying. Each story will be followed by 4 possible meaning interpretations listed from a to d. Read each story and choose the number corresponding to the most likely meaning. You can only answer with a, b, c, or d.
Context: She got a cheap bag.
Target utterance: She said: """"Looks like a real designer piece.""""
What meaning is She most likely conveying?
a. She liked to wear that designer piece.
b. She had dark bags under her eyes.
c. The bag was worth very little.
d. The bag was worth a lot.
Answer:
","We need answer multiple choice. Need analyze. Context: She got a cheap bag. Target: She said: ""Looks like a real designer piece."" What meaning most likely conveying? Options: a liked to wear that designer piece; b dark bags under eyes; c bag worth very little; d bag worth a lot.

Utterance is likely sarcastic? She got a cheap bag, says looks like a real designer piece. If cheap bag, saying looks like real designer piece could be sarcastic meaning it looks cheap/not designer, worth very little? Or maybe she is complimenting that cheap bag looks like designer, meaning it looks expensive/worth a lot? Need infer intended meaning. The phrase ""Looks like a real designer piece"" after","['c', 'd', 'b', 'a']",2,A_I,"{'a': 15.75, 'b': 15.5625, 'c': 20.75, 'd': 19.375}","{'a': 0.005325752310454845, 'b': 0.00441520381718874, 'c': 0.7904117107391357, 'd': 0.19984737038612366}",0.7904117107391357,a,,c
C1_65_A_NI,C1_65,157,1,ambiguous,non-ironic,b,The house felt cramped and tiny.,Qwen3.8-27B,Condition1B_context_richness_stimuli,general,"You will read short stories that describe everyday situations and which finish with a person saying something. Your task is to decide, given the situation, what meaning the person is most likely conveying. Each story will be followed by 4 possible meaning interpretations listed from a to d. Read each story and choose the number corresponding to the most likely meaning. You can only answer with a, b, c, or d.
Context: They moved into a small house.
Target utterance: They said: """"You can barely turn around in here.""""
What meaning is They most likely conveying?
a. The house was red and blue.
b. The house felt cramped and tiny.
c. The house felt spacious and huge.
d. They made a sharp turn at the end of the road.
Answer:
","We need answer multiple choice. Need choose b. Need final only a/b/c/d likely. Ensure no extra.
</think>

b","['d', 'a', 'b', 'c']",2,A_NI,"{'a': 12.375, 'b': 21.375, 'c': 13.5625, 'd': 13.0625}","{'a': 0.00012331442849244922, 'b': 0.9992271661758423, 'c': 0.00040433244430460036, 'd': 0.0002452400221955031}",0.9992271661758423,b,,a
C1_66_UA_I,C1_66,126,1,unambiguous,ironic,c,They thought the concert was small.,Qwen3.8-27B,Condition1B_context_richness_stimuli,general,"You will read short stories that describe everyday situations and which finish with a person saying something. Your task is to decide, given the situation, what meaning the person is most likely conveying. Each story will be followed by 4 possible meaning interpretations listed from a to d. Read each story and choose the number corresponding to the most likely meaning. You can only answer with a, b, c, or d.
Context: They attended a concert at a tiny venue.


Target utterance: They said: """"What a massive event.""""
What meaning is they most likely conveying?
a. They liked go to concerts.
b. They thought the concert was huge.
c. They thought the concert was small.
d. They organized a massive event for dating.
Answer:
","We need answer multiple choice. Need analyze. Context: They attended a concert at a tiny venue. Target: They said: ""What a massive event."" Need most likely meaning. Options:
a. They liked go to concerts.
b. They thought the concert was huge.
c. They thought the concert was small.
d. They organized a massive event for dating.

Situation: tiny venue, saying ""What a massive event."" Likely sarcasm/irony: because venue tiny, they mean it was small. So c. Need output only a,b,c,d. Ensure final just c.
</think>

c","['d', 'a', 'b', 'c']",2,UA_I,"{'a': 12.75, 'b': 12.3125, 'c': 21.375, 'd': 13.5}","{'a': 0.0001794389681890607, 'b': 0.00011585450556594878, 'c': 0.9993247985839844, 'd': 0.00037987230462022126}",0.9993247985839844,a,,d
C1_67_UA_NI,C1_67,262,1,unambiguous,non-ironic,a,She thought the spider was tiny.,Qwen3.8-27B,Condition1B_context_richness_stimuli,general,"You will read short stories that describe everyday situations and which finish with a person saying something. Your task is to decide, given the situation, what meaning the person is most likely conveying. Each story will be followed by 4 possible meaning interpretations listed from a to d. Read each story and choose the number corresponding to the most likely meaning. You can only answer with a, b, c, or d.
Context: She spotted a tiny spider.
Target utterance: She said: """"Almost didn't see it.""""
What meaning is She most likely conveying?
a. She thought the spider was tiny.
b. She drew a spider diagram to plan her essay.
c. She went to see her doctor on Monday.
d. She thought the spider was huge.
Answer:
","We need answer multiple choice. Need analyze. Context: She spotted a tiny spider. Target: She said: ""Almost didn't see it."" What meaning most likely conveying? Options: a. She thought the spider was tiny. b. drew spider diagram... c. went to see doctor... d. thought spider huge. The utterance ""Almost didn't see it"" after spotting tiny spider implies it was small/hard to see, so she thought spider was tiny. Answer a. Need final only a. Ensure no extra.
</think>

a","['a', 'd', 'c', 'b']",2,UA_NI,"{'a': 21.125, 'b': 12.5, 'c': 12.9375, 'd': 12.9375}","{'a': 0.9992647767066956, 'b': 0.0001794281997717917, 'c': 0.00027790380408987403, 'd': 0.00027790380408987403}",0.9992647767066956,a,,a
C1_68_A_I,C1_68,62,1,ambiguous,ironic,a,I thought the dog was small.,Qwen3.8-27B,Condition1B_context_richness_stimuli,general,"You will read short stories that describe everyday situations and which finish with a person saying something. Your task is to decide, given the situation, what meaning the person is most likely conveying. Each story will be followed by 4 possible meaning interpretations listed from a to d. Read each story and choose the number corresponding to the most likely meaning. You can only answer with a, b, c, or d.
Context: I met a small dog.
Target utterance: I said: """"He could swallow me whole.""""
What meaning is I most likely conveying?
a. I thought the dog was small.
b. The dog wore a collar.
c. I thought the dog was huge.
d. I swallowed a pill.
Answer:
","We need answer multiple choice. Need analyze. Context: ""I met a small dog."" Target utterance: I said: ""He could swallow me whole."" What meaning most likely conveying? Options: a thought dog small, b collar, c thought dog huge, d swallowed pill. The utterance hyperbolic? If met a small dog, saying he could swallow me whole likely ironic? Let's parse. ""I met a small dog."" Then says ""He could swallow me whole."" If dog is small, cannot swallow me whole. Maybe person is conveying that the dog was actually huge? But context says small dog. Could be sarcasm? The task likely from discourse interpretation? Need choose most likely meaning given situation. If I met a","['b', 'd', 'a', 'c']",2,A_I,"{'a': 17.625, 'b': 16.25, 'c': 20.625, 'd': 18.0}","{'a': 0.0438724085688591, 'b': 0.011092682369053364, 'c': 0.881200909614563, 'd': 0.06383398175239563}",0.881200909614563,a,,b
C1_69_A_NI,C1_69,37,1,ambiguous,non-ironic,b,The pool was super cold.,Qwen3.8-27B,Condition1B_context_richness_stimuli,general,"You will read short stories that describe everyday situations and which finish with a person saying something. Your task is to decide, given the situation, what meaning the person is most likely conveying. Each story will be followed by 4 possible meaning interpretations listed from a to d. Read each story and choose the number corresponding to the most likely meaning. You can only answer with a, b, c, or d.
Context: She jumped into a cool pool.
Target utterance: She said:  """"One could catch a cold in here.""""
What meaning is She most likely conveying?
a. She liked to chill on that sofa after work.
b. The pool was super cold.
c. The pool was super warm.
d. She played a game of pool in the bar.
Answer:
","We need answer multiple choice. Need choose meaning. Context: She jumped into a cool pool. Target: ""One could catch a cold in here."" Most likely conveying pool was super cold. Option b. Need output only a,b,c,d. Ensure final just b.
</think>

b","['c', 'a', 'b', 'd']",2,A_NI,"{'a': 12.5, 'b': 21.0, 'c': 13.875, 'd': 13.5}","{'a': 0.0002031511685345322, 'b': 0.9984410405158997, 'c': 0.0008034784696064889, 'd': 0.0005522221326828003}",0.9984410405158997,a,,c
C1_70_UA_I,C1_70,17,1,unambiguous,ironic,b,The weather conditions were awful.,Qwen3.8-27B,Condition1B_context_richness_stimuli,general,"You will read short stories that describe everyday situations and which finish with a person saying something. Your task is to decide, given the situation, what meaning the person is most likely conveying. Each story will be followed by 4 possible meaning interpretations listed from a to d. Read each story and choose the number corresponding to the most likely meaning. You can only answer with a, b, c, or d.
Context: He went to the beach, and the weather was cold.
Target utterance: He said: """"Couldn't have asked for better weather.""""
What meaning is he most likely conveying?
a. He meant to harvest the houseplants, but forgot about it.
b. The weather conditions were awful.
c. The delivery driver arrived in heavy rain.
d. The weather conditions were perfect.
Answer:
","We need answer multiple choice. Need analyze. Context: He went to beach, weather cold. Utterance: ""Couldn't have asked for better weather."" This is sarcastic? If weather cold, saying couldn't have asked for better likely means opposite: weather awful. Options: b weather conditions were awful. d perfect. Given situation cold at beach, likely sarcasm conveying awful. Need output only a,b,c,d. Ensure final just b.
</think>

b","['d', 'b', 'c', 'a']",2,UA_I,"{'a': 12.3125, 'b': 21.25, 'c': 13.1875, 'd': 13.75}","{'a': 0.0001312378590228036, 'b': 0.9990013241767883, 'c': 0.0003148232353851199, 'd': 0.0005525320302695036}",0.9990013241767883,b,,b
C1_71_UA_NI,C1_71,75,1,unambiguous,non-ironic,b,The room was freezing cold.,Qwen3.8-27B,Condition1B_context_richness_stimuli,general,"You will read short stories that describe everyday situations and which finish with a person saying something. Your task is to decide, given the situation, what meaning the person is most likely conveying. Each story will be followed by 4 possible meaning interpretations listed from a to d. Read each story and choose the number corresponding to the most likely meaning. You can only answer with a, b, c, or d.
Context: I walked into a cold room. 
Target utterance: I said:  """"Feels like the North Pole in here.""""
What meaning is I most likely conveying?
a. There wasn't enough room in the car for everyone.
b. The room was freezing cold.
c. The room was really warm.
d. I leaned the fishing pole against the wall.
Answer:
","We need answer multiple choice. Need choose b. Need final only a/b/c/d likely. Ensure no extra.
</think>

b","['d', 'a', 'b', 'c']",2,UA_NI,"{'a': 12.1875, 'b': 21.375, 'c': 14.125, 'd': 13.6875}","{'a': 0.00010218046372756362, 'b': 0.9987307190895081, 'c': 0.0007092729792930186, 'd': 0.0004579410597216338}",0.9987307190895081,b,,a
C1_72_A_I,C1_72,222,1,ambiguous,ironic,d,Her coffee did not taste good.,Qwen3.8-27B,Condition1B_context_richness_stimuli,general,"You will read short stories that describe everyday situations and which finish with a person saying something. Your task is to decide, given the situation, what meaning the person is most likely conveying. Each story will be followed by 4 possible meaning interpretations listed from a to d. Read each story and choose the number corresponding to the most likely meaning. You can only answer with a, b, c, or d.
Context: She took a sip of the cool coffee.
Target utterance: She said: """"This is what freshly made coffee tastes like.""""
What meaning is she most likely conveying?
a. Her coffee was delicious.
b. She did an experiment in health science.
c. Her coffee tasted like fresh mint.
d. Her coffee did not taste good.
Answer:
","We need answer multiple choice. Need analyze. Context: She took a sip of the cool coffee. Target: ""This is what freshly made coffee tastes like."" Options: a delicious, b experiment, c fresh mint, d not taste good. Need infer meaning. ""cool coffee"" maybe not hot? She says this is what freshly made coffee tastes like. Could be sarcastic? If coffee is cool, maybe it doesn't taste like freshly made? But phrase ""This is what freshly made coffee tastes like"" after sipping cool coffee. Could mean her coffee was delicious? Let's think pragmatics. If she took a sip of cool coffee and says ""This is what freshly made coffee tastes like."" It could be an assertion that the coffee","['a', 'd', 'c', 'b']",2,A_I,"{'a': 21.625, 'b': 17.0, 'c': 18.75, 'd': 18.75}","{'a': 0.8907607197761536, 'b': 0.008732710033655167, 'c': 0.05025327950716019, 'd': 0.05025327950716019}",0.8907607197761536,a,,a
