Item_ID,base_item,presentation_order,seed,context_level,irony_label,correct_option_pos,correct_option_text,model,dataset,prompt_type,prompt,output,original_option_mapping,run,condition,option_logits_raw,confidence_dist,confidence_top_prob,chosen_option,reasoning,chosen_original_option
C1_01_UA_NI,C1_01,255,1,unambiguous,non-ironic,a,The cat was easy to lift up.,Qwen3.8-27B,Condition1B_context_richness_stimuli,general,"You will read short stories that describe everyday situations and which finish with a person saying something. Your task is to decide, given the situation, what meaning the person is most likely conveying. Each story will be followed by 4 possible meaning interpretations listed from a to d. Read each story and choose the number corresponding to the most likely meaning. You can only answer with a, b, c, or d.
Context: He lifted the skinny cat from the table.
Target utterance: He said:  """"That was easy!""""
What meaning is He most likely conveying?
a. The cat was easy to lift up.
b. He just got a great deal on a cat bed.
c. The exam was really easy.
d. The cat was really hard to lift up.
Answer:
","We need answer multiple choice. Need choose most likely meaning. Context: He lifted the skinny cat from the table. Target: He said: ""That was easy!"" Options: a cat easy to lift up, b great deal cat bed, c exam easy, d cat hard. Most likely a. Need output only a. Ensure final just a.
</think>

a","['a', 'd', 'c', 'b']",4,UA_NI,"{'a': 20.75, 'b': 13.0, 'c': 13.125, 'd': 12.6875}","{'a': 0.998767614364624, 'b': 0.0004302116867620498, 'c': 0.00048749372945167124, 'd': 0.0003147496026940644}",0.998767614364624,a,,a
C1_02_A_I,C1_02,51,1,ambiguous,ironic,c,The dog was very light to lift.,Qwen3.8-27B,Condition1B_context_richness_stimuli,general,"You will read short stories that describe everyday situations and which finish with a person saying something. Your task is to decide, given the situation, what meaning the person is most likely conveying. Each story will be followed by 4 possible meaning interpretations listed from a to d. Read each story and choose the number corresponding to the most likely meaning. You can only answer with a, b, c, or d.
Context: She picked up her thin dog.
Target utterance: She said: """"Heaviest dog ever.""""
What meaning is She most likely conveying?
a. She just adopted a new dog.
b. The dog was really heavy to lift
c. The dog was very light to lift.
d. It was the heaviest package she ever carried.
Answer:
","We need answer multiple choice. Need analyze. Context: She picked up her thin dog. Target: She said: ""Heaviest dog ever."" Need infer meaning. Thin dog but says heaviest dog ever. Likely sarcasm/irony: dog was very light to lift. Options: a adopted new dog, b really heavy, c very light, d heaviest package. Most likely c. Need output only a,b,c,d. Ensure final just c.
</think>

c","['d', 'a', 'b', 'c']",4,A_I,"{'a': 12.5625, 'b': 12.625, 'c': 21.375, 'd': 13.3125}","{'a': 0.00014876802742946893, 'b': 0.00015836273087188601, 'c': 0.9993778467178345, 'd': 0.000314941891701892}",0.9993778467178345,a,,d
C1_03_A_NI,C1_03,230,1,ambiguous,non-ironic,c,Their friend was very easy to lift.,Qwen3.8-27B,Condition1B_context_richness_stimuli,general,"You will read short stories that describe everyday situations and which finish with a person saying something. Your task is to decide, given the situation, what meaning the person is most likely conveying. Each story will be followed by 4 possible meaning interpretations listed from a to d. Read each story and choose the number corresponding to the most likely meaning. You can only answer with a, b, c, or d.
Context: They lift their thin friend.
Target utterance: They said: """"Light as a feather.""""
What meaning is They most likely conveying?
a. Getting their friend off the ground took a lot of effort.
b. The feather fell gently to the ground.
c. Their friend was very easy to lift.
d. They decided to go out for dinner with their friend.
Answer:
","We need answer multiple choice. Need choose c likely. Need final only a/b/c/d. Ensure no extra.
</think>

c","['b', 'c', 'a', 'd']",4,A_NI,"{'a': 12.875, 'b': 12.25, 'c': 21.0, 'd': 13.375}","{'a': 0.00029576593078672886, 'b': 0.00015831210475880653, 'c': 0.9990583062171936, 'd': 0.0004876356106251478}",0.9990583062171936,c,,a
C1_04_UA_I,C1_04,78,1,unambiguous,ironic,a,Holding my nephew took nothing of my strength.,Qwen3.8-27B,Condition1B_context_richness_stimuli,general,"You will read short stories that describe everyday situations and which finish with a person saying something. Your task is to decide, given the situation, what meaning the person is most likely conveying. Each story will be followed by 4 possible meaning interpretations listed from a to d. Read each story and choose the number corresponding to the most likely meaning. You can only answer with a, b, c, or d.
Context: I held my skinny nephew in my arms.
Target utterance: I said: """"Heavier than an elephant.""""
What meaning is I most likely conveying?
a. Holding my nephew took nothing of my strength.
b. Holding my nephew took all my strength.
c. The elephant lumbered slowly across the plain.
d. My nephew ate a burger that day.
Answer:
","We need answer multiple choice. Need analyze. Context: ""I held my skinny nephew in my arms."" Target: ""Heavier than an elephant."" What meaning likely conveying? Options: a holding took nothing strength, b took all strength, c elephant lumbered, d nephew ate burger. If skinny nephew described heavier than an elephant, likely hyperbole meaning very heavy, holding took all strength? But skinny nephew? Maybe ironic? Let's think. The utterance ""Heavier than an elephant"" after holding skinny nephew. If he is skinny, saying heavier than elephant is exaggerated, likely means very heavy / took all my strength. Option b. Need output only a/b/c/d. Ensure final just b.
</think>

b","['b', 'a', 'c', 'd']",4,UA_I,"{'a': 12.9375, 'b': 21.375, 'c': 14.1875, 'd': 14.0}","{'a': 0.00021624511282425374, 'b': 0.9984032511711121, 'c': 0.0007547696004621685, 'd': 0.0006257260101847351}",0.9984032511711121,a,,b
C1_05_UA_NI,C1_05,77,1,unambiguous,non-ironic,a,The cake tasted really good.,Qwen3.8-27B,Condition1B_context_richness_stimuli,general,"You will read short stories that describe everyday situations and which finish with a person saying something. Your task is to decide, given the situation, what meaning the person is most likely conveying. Each story will be followed by 4 possible meaning interpretations listed from a to d. Read each story and choose the number corresponding to the most likely meaning. You can only answer with a, b, c, or d.
Context: She ate a disgusting cake.
Target utterance: She said: """"What an amazing flavour.""""
What meaning is She most likely conveying?
a. The cake tasted really good.
b. The cake tasted really bad.
c. The soup smelled absolutely delicious
d. The cake had three candles on top.
Answer:
","We need answer multiple choice. Need analyze. Context: She ate a disgusting cake. Target utterance: She said: ""What an amazing flavour."" What meaning most likely conveying? Options: a cake tasted really good, b cake tasted really bad, c soup smelled delicious, d cake had three candles. Given she ate disgusting cake and says amazing flavour, likely sarcasm meaning cake tasted really bad. Answer b. Need final only b. Ensure no extra.
</think>

b","['a', 'b', 'c', 'd']",4,UA_NI,"{'a': 12.3125, 'b': 21.125, 'c': 13.25, 'd': 13.5}","{'a': 0.0001487093832110986, 'b': 0.9989839196205139, 'c': 0.0003797427343670279, 'd': 0.0004875992890447378}",0.9989839196205139,a,,a
C1_06_A_I,C1_06,188,1,ambiguous,ironic,a,The medicine tasted absolutely awful.,Qwen3.8-27B,Condition1B_context_richness_stimuli,general,"You will read short stories that describe everyday situations and which finish with a person saying something. Your task is to decide, given the situation, what meaning the person is most likely conveying. Each story will be followed by 4 possible meaning interpretations listed from a to d. Read each story and choose the number corresponding to the most likely meaning. You can only answer with a, b, c, or d.
Context: He swallowed the medicine and found it unpleasant.
Target utterance: He said: """"Tastier than expected.""""
What meaning is He most likely conveying?
a. The medicine tasted absolutely awful.
b. The medicine tasted surprisingly pleasant.
c. He kept the medicine in the bathroom cabinet.
d. The cake was tastier than expected.
Answer:
","We need answer multiple choice. Need analyze. Context: He swallowed medicine and found it unpleasant. Target: He said: ""Tastier than expected."" What meaning most likely conveying? Options: a awful, b surprisingly pleasant, c kept in cabinet, d cake tastier. Since he found it unpleasant but says tastier than expected, likely sarcasm/irony meaning it was awful. So answer a. Need only a. Ensure final just a.
</think>

a","['b', 'a', 'd', 'c']",4,A_I,"{'a': 21.375, 'b': 13.125, 'c': 13.0625, 'd': 12.5}","{'a': 0.99935382604599, 'b': 0.00026108973543159664, 'c': 0.0002452711050864309, 'd': 0.00013975126785226166}",0.99935382604599,a,,b
C1_07_A_NI,C1_07,239,1,ambiguous,non-ironic,a,The smoothie was thoroughly enjoyable.,Qwen3.8-27B,Condition1B_context_richness_stimuli,general,"You will read short stories that describe everyday situations and which finish with a person saying something. Your task is to decide, given the situation, what meaning the person is most likely conveying. Each story will be followed by 4 possible meaning interpretations listed from a to d. Read each story and choose the number corresponding to the most likely meaning. You can only answer with a, b, c, or d.
Context: I took a sip of my smoothie and found it unpleasant.
Target utterance: I said: """"What a treat.""""
What meaning is I most likely conveying?
a. The smoothie was thoroughly enjoyable.
b. She gave the dog a treat.
c. She was looking for a new smoothie recipe.
d. The smoothie was thoroughly nasty.
Answer:
","We need answer multiple choice. Need analyze. Context: I took a sip of my smoothie and found it unpleasant. Target utterance: I said: ""What a treat."" What meaning most likely conveying? Options: a smoothie thoroughly enjoyable, b she gave dog a treat, c looking for new smoothie recipe, d smoothie thoroughly nasty. Given unpleasant and saying ""What a treat"" likely sarcasm meaning nasty. Answer d. Need only answer with a,b,c,d. Ensure final just d.
</think>

d","['a', 'c', 'd', 'b']",4,A_NI,"{'a': 12.875, 'b': 11.5, 'c': 14.375, 'd': 21.125}","{'a': 0.00026086773141287267, 'b': 6.595769082196057e-05, 'c': 0.0011691279942169785, 'd': 0.9985040426254272}",0.9985040426254272,a,,a
C1_08_UA_I,C1_08,259,1,unambiguous,ironic,d,They could barely force themselves to swallow the burger.,Qwen3.8-27B,Condition1B_context_richness_stimuli,general,"You will read short stories that describe everyday situations and which finish with a person saying something. Your task is to decide, given the situation, what meaning the person is most likely conveying. Each story will be followed by 4 possible meaning interpretations listed from a to d. Read each story and choose the number corresponding to the most likely meaning. You can only answer with a, b, c, or d.
Context: They ate a disgusting burger.
Target utterance: They said: """"This burger tasted like heaven.""""
What meaning is They most likely conveying?
a. They liked the burger more than the pizza.
b. The burger was the most expensive item on the menu.
c. They liked every single bite of the burger.
d. They could barely force themselves to swallow the burger.
Answer:
","We need answer multiple choice. Need analyze. Context: They ate a disgusting burger. Target utterance: ""This burger tasted like heaven."" Given situation, what meaning most likely conveying? It's sarcasm/irony because burger disgusting. Options: a liked more than pizza, b expensive, c liked every bite, d could barely force themselves to swallow. Most likely d (sarcastic, hated it). Need output only a,b,c,d. Ensure final just d.
</think>

d","['d', 'c', 'a', 'b']",4,UA_I,"{'a': 12.8125, 'b': 11.3125, 'c': 15.375, 'd': 21.125}","{'a': 0.0002445778518449515, 'b': 5.4572694352827966e-05, 'c': 0.003171734046190977, 'd': 0.9965291619300842}",0.9965291619300842,a,,d
C1_09_UA_NI,C1_09,109,1,unambiguous,non-ironic,a,The babysitter was taking good care of the kids.,Qwen3.8-27B,Condition1B_context_richness_stimuli,general,"You will read short stories that describe everyday situations and which finish with a person saying something. Your task is to decide, given the situation, what meaning the person is most likely conveying. Each story will be followed by 4 possible meaning interpretations listed from a to d. Read each story and choose the number corresponding to the most likely meaning. You can only answer with a, b, c, or d.
Context: They hired a petrified babysitter.
Target utterance: They said: """"The kids are not safe at all.""""
What meaning is They most likely conveying?
a. The babysitter was taking good care of the kids.
b. The babysitter was not taking good care of the kids.
c. The kids had very clean hands.
d. The babysitter parked her car outside.
Answer:
","We need answer multiple choice. Need analyze. Context: ""They hired a petrified babysitter."" Target: They said: ""The kids are not safe at all."" What meaning likely conveying? Options: a babysitter taking good care, b not taking good care, c clean hands, d parked car. ""petrified babysitter"" likely means scared? If babysitter is petrified (terrified), kids not safe? The utterance says kids not safe at all, likely means babysitter not taking good care. Answer b. Need output only letter? Instructions: You can only answer with a, b, c, or d. So final: b.
</think>

b","['a', 'b', 'c', 'd']",4,UA_NI,"{'a': 12.6875, 'b': 21.125, 'c': 14.125, 'd': 13.5625}","{'a': 0.0002162345772376284, 'b': 0.9983546137809753, 'c': 0.0009103815536946058, 'd': 0.0005187197821214795}",0.9983546137809753,a,,a
C1_10_A_I,C1_10,186,1,ambiguous,ironic,b,The police officer did not make them feel safe at all.,Qwen3.8-27B,Condition1B_context_richness_stimuli,general,"You will read short stories that describe everyday situations and which finish with a person saying something. Your task is to decide, given the situation, what meaning the person is most likely conveying. Each story will be followed by 4 possible meaning interpretations listed from a to d. Read each story and choose the number corresponding to the most likely meaning. You can only answer with a, b, c, or d.
Context: They met a scared police officer.
Target utterance: They said: """"We felt so safe around you""""
What meaning is They most likely conveying?
a. The police officer drank a cup of coffee.
b. The police officer did not make them feel safe at all.
c. They were sitting in a very safe seat.
d. The police officer made them feel very safe.
Answer:
","We need answer multiple choice. Need analyze. Context: They met a scared police officer. Target: They said: ""We felt so safe around you"". Need choose most likely meaning. Options: a coffee, b did not make them feel safe at all, c safe seat, d made them feel very safe. Given utterance literal: felt safe around you. But context says scared police officer? Maybe sarcasm? ""They met a scared police officer."" If officer is scared, saying ""We felt so safe around you"" likely sarcastic, meaning did not feel safe at all. Need infer pragmatic meaning. The task likely from disambiguation of irony? Context: met a scared police officer. They said we felt so safe around you","['d', 'b', 'c', 'a']",4,A_I,"{'a': 15.75, 'b': 22.0, 'c': 14.875, 'd': 17.25}","{'a': 0.0019087196560576558, 'b': 0.9887412190437317, 'c': 0.0007956727058626711, 'd': 0.008554287254810333}",0.9887412190437317,a,,d
C1_11_A_NI,C1_11,244,1,ambiguous,non-ironic,a,Seeing the pilot put her completely at ease.,Qwen3.8-27B,Condition1B_context_richness_stimuli,general,"You will read short stories that describe everyday situations and which finish with a person saying something. Your task is to decide, given the situation, what meaning the person is most likely conveying. Each story will be followed by 4 possible meaning interpretations listed from a to d. Read each story and choose the number corresponding to the most likely meaning. You can only answer with a, b, c, or d.
Context: She noticed the scared pilot before boarding.
Target utterance: She said: """"That really shook me up.""""
What meaning is She most likely conveying?
a. Seeing the pilot put her completely at ease.
b. She settled into her seat and fastened the belt.
c. Seeing the pilot made her feel even more anxious.
d. She dated a pilot for several months.
Answer:
","We need answer multiple choice. Need analyze. Context: She noticed the scared pilot before boarding. Target: She said: ""That really shook me up."" Meaning? ""shook me up"" means upset/anxious. Seeing scared pilot likely made her more anxious. Option c. Need output only a,b,c,d. Ensure final just c.
</think>

c","['a', 'c', 'b', 'd']",4,A_NI,"{'a': 12.625, 'b': 11.0, 'c': 21.25, 'd': 13.1875}","{'a': 0.00017946507432498038, 'b': 3.5338769521331415e-05, 'c': 0.9994701743125916, 'd': 0.00031497099553234875}",0.9994701743125916,c,,b
C1_12_UA_I,C1_12,207,1,unambiguous,ironic,a,His father's face was full of fear.,Qwen3.8-27B,Condition1B_context_richness_stimuli,general,"You will read short stories that describe everyday situations and which finish with a person saying something. Your task is to decide, given the situation, what meaning the person is most likely conveying. Each story will be followed by 4 possible meaning interpretations listed from a to d. Read each story and choose the number corresponding to the most likely meaning. You can only answer with a, b, c, or d.
Context: He saw his petrified father.
Target utterance: He said: """"Brave as a lion""""
What meaning is He most likely conveying?
a. His father's face was full of fear.
b. The lion prowled across the savannah.
c. His father wore a blue jacket.
d. His father showed no fear at all.
Answer:
","We need answer multiple choice. Need analyze. Context: ""He saw his petrified father."" Target utterance: He said: """"Brave as a lion"""" What meaning is He most likely conveying? Options: a father's face full of fear; b lion prowled; c father wore blue jacket; d father showed no fear at all.

Need infer. ""petrified"" means extremely frightened, frozen with fear. But utterance ""Brave as a lion"" could be sarcastic? He saw his petrified father, then said ""Brave as a lion"". Most likely conveying? If father is petrified (fearful), saying brave as a lion likely ironic, meaning opposite: father was not brave, full of","['b', 'c', 'd', 'a']",4,UA_I,"{'a': 21.25, 'b': 16.25, 'c': 17.0, 'd': 18.625}","{'a': 0.9145432710647583, 'b': 0.006162144243717194, 'c': 0.013045258820056915, 'd': 0.0662492960691452}",0.9145432710647583,a,,b
C1_13_UA_NI,C1_13,48,1,unambiguous,non-ironic,a,"To him, his girlfriend looked well-rested and full of energy.",Qwen3.8-27B,Condition1B_context_richness_stimuli,general,"You will read short stories that describe everyday situations and which finish with a person saying something. Your task is to decide, given the situation, what meaning the person is most likely conveying. Each story will be followed by 4 possible meaning interpretations listed from a to d. Read each story and choose the number corresponding to the most likely meaning. You can only answer with a, b, c, or d.
Context: He saw his exhausted girlfriend.
Target utterance: He said: """"You look like you've been awake since birth.""""
What meaning is He most likely conveying?
a. To him, his girlfriend looked well-rested and full of energy.
b. He was planning to surprise his girlfriend with a home-cooked meal.
c. His girlfriend clearly looked worn out, not refreshed at all.
d. He had just bought her a refreshing cold drink.
Answer:
","We need answer multiple choice. Need choose meaning. Context: He saw his exhausted girlfriend. Utterance: ""You look like you've been awake since birth."" This is idiom/hyperbole meaning you look very tired. Options: a well-rested, b meal, c worn out not refreshed, d drink. Answer c. Need final only c. Ensure no extra.
</think>

c","['a', 'd', 'b', 'c']",4,UA_NI,"{'a': 12.25, 'b': 10.8125, 'c': 21.125, 'd': 12.875}","{'a': 0.00013978091010358185, 'b': 3.3200878533534706e-05, 'c': 0.9995657801628113, 'd': 0.0002611451200209558}",0.9995657801628113,a,,a
C1_14_A_I,C1_14,248,1,ambiguous,ironic,d,Her colleague seemed very tired today.,Qwen3.8-27B,Condition1B_context_richness_stimuli,general,"You will read short stories that describe everyday situations and which finish with a person saying something. Your task is to decide, given the situation, what meaning the person is most likely conveying. Each story will be followed by 4 possible meaning interpretations listed from a to d. Read each story and choose the number corresponding to the most likely meaning. You can only answer with a, b, c, or d.
Context: She saw her tired colleague.
Target utterance: She said: """"You seem so full of energy today.""""
What meaning is She most likely conveying?
a. She was redecorating the office of her colleague.
b. Her colleague seemed very energetic today.
c. She filled up the car with energy.
d. Her colleague seemed very tired today.
Answer:
","We need answer multiple choice. Need analyze. Context: She saw her tired colleague. Target: ""You seem so full of energy today."" If colleague is tired, saying full of energy likely sarcasm/irony meaning colleague seemed very tired today. Options: a redecorating office, b seemed energetic, c filled car with energy, d seemed tired. Most likely d. Need output only a,b,c,d. Ensure final just d.
</think>

d","['d', 'a', 'c', 'b']",4,A_I,"{'a': 12.9375, 'b': 12.5625, 'c': 14.5625, 'd': 21.0}","{'a': 0.0003144674701616168, 'b': 0.00021613012359011918, 'c': 0.0015969974920153618, 'd': 0.9978723526000977}",0.9978723526000977,a,,d
C1_15_A_NI,C1_15,256,1,ambiguous,non-ironic,a,They felt very well-rested after the sleepover.,Qwen3.8-27B,Condition1B_context_richness_stimuli,general,"You will read short stories that describe everyday situations and which finish with a person saying something. Your task is to decide, given the situation, what meaning the person is most likely conveying. Each story will be followed by 4 possible meaning interpretations listed from a to d. Read each story and choose the number corresponding to the most likely meaning. You can only answer with a, b, c, or d.
Context: After the sleepover, they were tired.
Target utterance: They said:  """"We never felt more tired in our lifes.""""
What meaning is They most likely conveying?
a. They felt very well-rested after the sleepover.
b. They did sleep overs once a year.
c. They rested the heavy boxes on the floor.
d. They felt really exhausted after the sleepover.
Answer:
","We need answer multiple choice. Need choose d. User says only answer with a,b,c,d. Final just d.
</think>

d","['a', 'd', 'c', 'b']",4,A_NI,"{'a': 12.9375, 'b': 12.1875, 'c': 14.0625, 'd': 20.875}","{'a': 0.000356518488842994, 'b': 0.00016840740863699466, 'c': 0.0010981542291119695, 'd': 0.9983768463134766}",0.9983768463134766,d,,b
C1_16_UA_I,C1_16,14,1,unambiguous,ironic,d,Deep down I felt completely unprepared for the exam.,Qwen3.8-27B,Condition1B_context_richness_stimuli,general,"You will read short stories that describe everyday situations and which finish with a person saying something. Your task is to decide, given the situation, what meaning the person is most likely conveying. Each story will be followed by 4 possible meaning interpretations listed from a to d. Read each story and choose the number corresponding to the most likely meaning. You can only answer with a, b, c, or d.
Context: Right before my exam, I felt really exhausted.
Target utterance: I said: """"I have never felt more ready.""""
What meaning is I most likely conveying?
a. I felt fully prepared and ready for the exam.
b. Dinner was ready by seven o'clock.
c. The exam started at nine o'clock.
d. Deep down I felt completely unprepared for the exam.
Answer:
","We need answer multiple choice. Need analyze. Context: Right before exam, felt really exhausted. Target utterance: ""I have never felt more ready."" Need most likely meaning. Options: a fully prepared and ready; b dinner ready; c exam started; d deep down unprepared. Given exhausted before exam, saying never felt more ready likely ironic/sarcastic meaning unprepared? Let's think. Everyday situation, person says something. If exhausted right before exam, ""I have never felt more ready"" could be sarcastic because exhausted implies not ready. But could also be literal: despite exhaustion, feel ready. Which is most likely? The phrase ""never felt more ready"" is superlative, often used ironically when not ready.","['a', 'c', 'd', 'b']",4,UA_I,"{'a': 17.0, 'b': 15.875, 'c': 17.625, 'd': 21.0}","{'a': 0.017303718253970146, 'b': 0.005617694929242134, 'c': 0.032327599823474884, 'd': 0.944750964641571}",0.944750964641571,a,,a
C1_17_UA_NI,C1_17,118,1,unambiguous,non-ironic,d,Her idea was innovative.,Qwen3.8-27B,Condition1B_context_richness_stimuli,general,"You will read short stories that describe everyday situations and which finish with a person saying something. Your task is to decide, given the situation, what meaning the person is most likely conveying. Each story will be followed by 4 possible meaning interpretations listed from a to d. Read each story and choose the number corresponding to the most likely meaning. You can only answer with a, b, c, or d.
Context: She had a novel idea.
Target utterance: She said: """"Truly ahead of its time.""""
What meaning is She most likely conveying?
a. Her idea was outdated.
b. She had arrived early.
c. She had the idea to redecorate her office.
d. Her idea was innovative.
Answer:
","We need answer user's multiple choice. Need produce final only a/b/c/d. Let's analyze: Context: She had a novel idea. Target: ""Truly ahead of its time."" Meaning: innovative, ahead of time. Option d. Need output just d. Ensure no extra.
</think>

d","['b', 'c', 'd', 'a']",4,UA_NI,"{'a': 12.75, 'b': 11.875, 'c': 14.75, 'd': 20.625}","{'a': 0.000378860771888867, 'b': 0.00015793264901731163, 'c': 0.002799423411488533, 'd': 0.9966637492179871}",0.9966637492179871,a,,b
C1_18_A_I,C1_18,272,1,ambiguous,ironic,b,"In his view, it was a stale approach he had seen many times before.",Qwen3.8-27B,Condition1B_context_richness_stimuli,general,"You will read short stories that describe everyday situations and which finish with a person saying something. Your task is to decide, given the situation, what meaning the person is most likely conveying. Each story will be followed by 4 possible meaning interpretations listed from a to d. Read each story and choose the number corresponding to the most likely meaning. You can only answer with a, b, c, or d.
Context: It was a new approach. 
Target utterance: He said: """"How refreshingly innovative.""""
What meaning is He most likely conveying?
a. He found the approach genuinely new and creative.
b. In his view, it was a stale approach he had seen many times before.
c. Refreshments were served at the end of the presentation.
d. He researched new approaches for several months.
Answer:
","We need answer user's multiple choice. Need choose best meaning. Context: ""It was a new approach."" Target: He said: ""How refreshingly innovative."" Options: a genuinely new and creative; b stale seen many times; c refreshments served; d researched. Most likely a. Need output only a. Ensure final only a.
</think>

a","['a', 'b', 'c', 'd']",4,A_I,"{'a': 20.875, 'b': 13.625, 'c': 13.5625, 'd': 12.625}","{'a': 0.9983641505241394, 'b': 0.0007090126164257526, 'c': 0.0006660557701252401, 'd': 0.000260831177001819}",0.9983641505241394,a,,a
C1_19_A_NI,C1_19,32,1,ambiguous,non-ironic,a,She found the tradition beautifully enduring and meaningful.,Qwen3.8-27B,Condition1B_context_richness_stimuli,general,"You will read short stories that describe everyday situations and which finish with a person saying something. Your task is to decide, given the situation, what meaning the person is most likely conveying. Each story will be followed by 4 possible meaning interpretations listed from a to d. Read each story and choose the number corresponding to the most likely meaning. You can only answer with a, b, c, or d.
Context: The tradition was new.
Target utterance: She said: """"How wonderfully timeless.""""
What meaning is She most likely conveying?
a. She found the tradition beautifully enduring and meaningful.
b. She read about the tradition in a local history book.
c. To her, the tradition felt stale and long past its use.
d. The clock ticked for over a century.
Answer:
","We need answer multiple choice. Need analyze. Context: ""The tradition was new."" Target: She said: ""How wonderfully timeless."" Need choose meaning most likely conveying. Options:
a. She found the tradition beautifully enduring and meaningful.
b. She read about the tradition in a local history book.
c. To her, the tradition felt stale and long past its use.
d. The clock ticked for over a century.

We need infer meaning. ""timeless"" can mean not affected by time, enduring, classic. But context says tradition was new. She says ""How wonderfully timeless."" Could be ironic? If tradition is new, calling it timeless might mean it feels old/stale? Let's think. The","['a', 'd', 'b', 'c']",4,A_NI,"{'a': 19.375, 'b': 16.625, 'c': 19.875, 'd': 17.375}","{'a': 0.3511255085468292, 'b': 0.022446701303124428, 'c': 0.5789080858230591, 'd': 0.04751966893672943}",0.5789080858230591,a,,a
C1_20_UA_I,C1_20,125,1,unambiguous,ironic,d,She was disappointed with the smell of her car.,Qwen3.8-27B,Condition1B_context_richness_stimuli,general,"You will read short stories that describe everyday situations and which finish with a person saying something. Your task is to decide, given the situation, what meaning the person is most likely conveying. Each story will be followed by 4 possible meaning interpretations listed from a to d. Read each story and choose the number corresponding to the most likely meaning. You can only answer with a, b, c, or d.
Context: She bought a novel car.
Target utterance: She says: """"I just love the new car smell.""""
What meaning is She most likely conveying?
a. She took her car to the gas station.
b. She could smell what her husband was cooking.
c. She liked the smell of her car.
d. She was disappointed with the smell of her car.
Answer:
","We need answer multiple choice. Need choose c likely. Need final only a/b/c/d? User says can only answer with a,b,c,d. So final c.
</think>

c","['d', 'c', 'a', 'b']",4,UA_I,"{'a': 12.6875, 'b': 11.4375, 'c': 21.125, 'd': 13.6875}","{'a': 0.00021640326303895563, 'b': 6.200056668603793e-05, 'c': 0.9991334080696106, 'd': 0.000588245049584657}",0.9991334080696106,c,,a
C1_21_UA_NI,C1_21,221,1,unambiguous,non-ironic,c,The birthday party was a great success.,Qwen3.8-27B,Condition1B_context_richness_stimuli,general,"You will read short stories that describe everyday situations and which finish with a person saying something. Your task is to decide, given the situation, what meaning the person is most likely conveying. Each story will be followed by 4 possible meaning interpretations listed from a to d. Read each story and choose the number corresponding to the most likely meaning. You can only answer with a, b, c, or d.
Context: She left the birthday party feeling miserable.
Target utterance: She says: """"Truly a night to remember.""""
What meaning is She most likely conveying?
a. The birthday party was a disappointment.
b. She planned her next birthday party.
c. The birthday party was a great success.
d. She had trouble remembering things.
Answer:
","We need answer multiple choice. Need analyze. Context: She left birthday party feeling miserable. Target: ""Truly a night to remember."" Given miserable, likely sarcasm meaning party was disappointment. Options: a disappointment, b planned next, c great success, d trouble remembering. Most likely a. Need output only a. Ensure final just a.
</think>

a","['b', 'd', 'a', 'c']",4,UA_NI,"{'a': 20.75, 'b': 12.25, 'c': 12.8125, 'd': 11.625}","{'a': 0.9993308782577515, 'b': 0.00020333222346380353, 'c': 0.0003568591782823205, 'd': 0.00010883589129662141}",0.9993308782577515,a,,b
C1_22_A_I,C1_22,146,1,ambiguous,ironic,d,"The wedding had been a dull, disappointing event from start to finish.",Qwen3.8-27B,Condition1B_context_richness_stimuli,general,"You will read short stories that describe everyday situations and which finish with a person saying something. Your task is to decide, given the situation, what meaning the person is most likely conveying. Each story will be followed by 4 possible meaning interpretations listed from a to d. Read each story and choose the number corresponding to the most likely meaning. You can only answer with a, b, c, or d.
Context: She left the wedding feeling sad.
Target utterance: She says: """"What a magical day.""""
What meaning is She most likely conveying?
a. The wedding was a beautiful and enchanting occasion.
b. The magician wowed all the guests at the reception.
c. She helped organise the flowers for the wedding beforehand.
d. The wedding had been a dull, disappointing event from start to finish.
Answer:
","We need answer multiple choice. Need analyze. Context: She left the wedding feeling sad. Target utterance: She says: ""What a magical day."" Need decide meaning most likely conveying. Options:
a. The wedding was a beautiful and enchanting occasion.
b. The magician wowed all the guests at the reception.
c. She helped organise the flowers for the wedding beforehand.
d. The wedding had been a dull, disappointing event from start to finish.

She left feeling sad, says ""What a magical day."" Likely sarcasm? If sad, saying magical day could mean opposite: dull disappointing. But need most likely meaning given situation. The utterance is ironic/sarcastic: ""What a magical day","['a', 'c', 'd', 'b']",4,A_I,"{'a': 15.375, 'b': 15.875, 'c': 17.375, 'd': 22.875}","{'a': 0.0005500307306647301, 'b': 0.0009068474173545837, 'c': 0.00406420836225152, 'd': 0.9944789409637451}",0.9944789409637451,a,,a
C1_23_A_NI,C1_23,45,1,ambiguous,non-ironic,b,They had found the film dull from start to finish.,Qwen3.8-27B,Condition1B_context_richness_stimuli,general,"You will read short stories that describe everyday situations and which finish with a person saying something. Your task is to decide, given the situation, what meaning the person is most likely conveying. Each story will be followed by 4 possible meaning interpretations listed from a to d. Read each story and choose the number corresponding to the most likely meaning. You can only answer with a, b, c, or d.
Context: They left the cinema feeling sad.
Target utterance: They say: """"What a painfull film.""""
What meaning is They most likely conveying?
a. They went to the same cinema as always.
b. They had found the film dull from start to finish.
c. They had found the film funny from start to finish.
d. The injection was over quickly, but it was painful.
Answer:
","We need answer multiple choice. Need analyze. Context: They left cinema feeling sad. Target: ""What a painfull film."" (painful). Options: a same cinema, b dull from start to finish, c funny, d injection over quickly painful. Most likely conveying? They found film painful/sad? Option b says dull, not painful. But among options, b is about film being bad/dull? Let's inspect. ""What a painful film"" means the film was emotionally painful/sad. They left feeling sad. None exactly says sad. b: found film dull from start to finish. c funny. d injection. a same cinema. The best is b? It's the only one about film quality negative. But ""","['d', 'a', 'b', 'c']",4,A_NI,"{'a': 16.75, 'b': 21.75, 'c': 16.0, 'd': 17.0}","{'a': 0.006615088786929846, 'b': 0.9817662239074707, 'c': 0.0031247467268258333, 'd': 0.008493942208588123}",0.9817662239074707,a,,d
C1_24_UA_I,C1_24,169,1,unambiguous,ironic,b,The message brought negative news.,Qwen3.8-27B,Condition1B_context_richness_stimuli,general,"You will read short stories that describe everyday situations and which finish with a person saying something. Your task is to decide, given the situation, what meaning the person is most likely conveying. Each story will be followed by 4 possible meaning interpretations listed from a to d. Read each story and choose the number corresponding to the most likely meaning. You can only answer with a, b, c, or d.
Context: She received a message and was miserable.
Target utterance: She says: """"These are amazing news.""""
What meaning is She most likely conveying?
a. What she read was news to her.
b. The message brought negative news.
c. She wanted to send a message.
d. The message brought good news.
Answer:
","We need answer multiple choice. Need analyze. Context: She received a message and was miserable. Target utterance: She says: ""These are amazing news."" What meaning most likely conveying? Options: a what she read was news to her; b message brought negative news; c wanted to send a message; d message brought good news.

We need infer from situation: received message and was miserable. She says ""These are amazing news."" If miserable, likely sarcastic? ""amazing news"" can mean terrible news? But options: b negative news, d good news. If she was miserable after receiving message, the message likely brought negative news. But utterance says amazing news. Could be sarcastic: amazing = terrible. Most likely","['c', 'b', 'd', 'a']",4,UA_I,"{'a': 16.25, 'b': 22.25, 'c': 16.375, 'd': 18.625}","{'a': 0.0024020392447710037, 'b': 0.969051718711853, 'c': 0.002721866825595498, 'd': 0.025824353098869324}",0.969051718711853,a,,c
C1_25_UA_NI,C1_25,92,1,unambiguous,non-ironic,b,Her exam answers were impressively smart.,Qwen3.8-27B,Condition1B_context_richness_stimuli,general,"You will read short stories that describe everyday situations and which finish with a person saying something. Your task is to decide, given the situation, what meaning the person is most likely conveying. Each story will be followed by 4 possible meaning interpretations listed from a to d. Read each story and choose the number corresponding to the most likely meaning. You can only answer with a, b, c, or d.
Context: Her answers in the exam were idiotic.
Target utterance: She says: """"What a genius.""""
What meaning is She most likely conveying?
a. She had a high IQ.
b. Her exam answers were impressively smart.
c. Her exam answers were embarrassingly poor.
d. She studied for her next exam.
Answer:
","We need answer multiple choice. Need analyze. Context: ""Her answers in the exam were idiotic."" Target utterance: She says: ""What a genius."" What meaning most likely conveying? Options: a high IQ, b impressively smart, c embarrassingly poor, d studied. Given context says answers idiotic, utterance likely sarcastic: ""What a genius"" meaning she did stupidly / embarrassingly poor. So c. Need output only a,b,c,d. Ensure final just c.
</think>

c","['c', 'a', 'b', 'd']",4,UA_NI,"{'a': 12.9375, 'b': 11.625, 'c': 21.5, 'd': 13.75}","{'a': 0.0001910122373374179, 'b': 5.141025030752644e-05, 'c': 0.9993271827697754, 'd': 0.00043045272468589246}",0.9993271827697754,a,,c
C1_26_A_I,C1_26,225,1,ambiguous,ironic,d,"As far as they were concerned, it was a poor suggestion.",Qwen3.8-27B,Condition1B_context_richness_stimuli,general,"You will read short stories that describe everyday situations and which finish with a person saying something. Your task is to decide, given the situation, what meaning the person is most likely conveying. Each story will be followed by 4 possible meaning interpretations listed from a to d. Read each story and choose the number corresponding to the most likely meaning. You can only answer with a, b, c, or d.
Context: Their colleague's suggestion was stupid.
Target utterance: They said: """"We really had luck with that one.""""
What meaning is They most likely conveying?
a. They got lucky at the casino.
b. They thought that every project starts with a suggestion.
c. They were genuinely fortunate to have such a strong suggestion.
d. As far as they were concerned, it was a poor suggestion.
Answer:
","We need answer multiple choice. Need analyze. Context: Their colleague's suggestion was stupid. Target: They said: ""We really had luck with that one."" Need infer meaning. Sarcasm likely: ""We really had luck with that one"" means it was a poor suggestion / bad luck? Options: a casino, b every project starts with suggestion, c genuinely fortunate strong suggestion, d as far as they were concerned, it was a poor suggestion. Given context stupid suggestion, utterance likely sarcastic, conveying poor suggestion. Answer d. Need only answer with a,b,c,d. Ensure final just d.
</think>

d","['c', 'd', 'a', 'b']",4,A_I,"{'a': 13.3125, 'b': 11.875, 'c': 14.6875, 'd': 21.0}","{'a': 0.0004574339254759252, 'b': 0.0001086500778910704, 'c': 0.001809186302125454, 'd': 0.9976246953010559}",0.9976246953010559,a,,c
C1_27_A_NI,C1_27,30,1,ambiguous,non-ironic,d,His argument was strong and well presented.,Qwen3.8-27B,Condition1B_context_richness_stimuli,general,"You will read short stories that describe everyday situations and which finish with a person saying something. Your task is to decide, given the situation, what meaning the person is most likely conveying. Each story will be followed by 4 possible meaning interpretations listed from a to d. Read each story and choose the number corresponding to the most likely meaning. You can only answer with a, b, c, or d.
Context: His argument in the debate was stupid.
Target utterance: She says: """"What a master of rhetoric.""""
What meaning is She most likely conveying?
a. His argument was weak and poorly constructed.
b. Sokrates was a master of rhetoric.
c. She had an argument with him that night.
d. His argument was strong and well presented.
Answer:
","We need answer multiple choice. Need analyze. Context: ""His argument in the debate was stupid."" Target utterance: She says: ""What a master of rhetoric."" Need decide meaning most likely conveying. This is likely sarcasm/irony. If argument was stupid, saying ""What a master of rhetoric"" sarcastically means his argument was weak/poorly constructed. Options: a weak and poorly constructed; b Sokrates master; c had argument; d strong and well presented. Most likely a. Need output only a. Ensure final just a.
</think>

a","['b', 'c', 'd', 'a']",4,A_NI,"{'a': 21.0, 'b': 12.5625, 'c': 13.125, 'd': 12.6875}","{'a': 0.999158501625061, 'b': 0.0002164086909033358, 'c': 0.00037980909110046923, 'd': 0.00024522317107766867}",0.999158501625061,a,,b
C1_28_UA_I,C1_28,47,1,unambiguous,ironic,d,She believed that his business plan would fail.,Qwen3.8-27B,Condition1B_context_richness_stimuli,general,"You will read short stories that describe everyday situations and which finish with a person saying something. Your task is to decide, given the situation, what meaning the person is most likely conveying. Each story will be followed by 4 possible meaning interpretations listed from a to d. Read each story and choose the number corresponding to the most likely meaning. You can only answer with a, b, c, or d.
Context: His business plan was brilliant.
Target utterance: She says: """"We will make lots of money with this.""""
What meaning is He most likely conveying?
a. She believed that his business plan would be successful.
b. He asked a colleague for help with his business plan.
c. She was interested in making lots of money.
d. She believed that his business plan would fail.
Answer:
","We need answer multiple choice. Need parse prompt carefully. Context: ""His business plan was brilliant."" Target utterance: She says: """"We will make lots of money with this."""" Question: ""What meaning is He most likely conveying?"" Wait target utterance is She says, but asks what meaning is He most likely conveying? Maybe typo? Options: a. She believed that his business plan would be successful. b. He asked a colleague for help with his business plan. c. She was interested in making lots of money. d. She believed that his business plan would fail.

We need choose most likely meaning given situation. Utterance: ""We will make lots of money with this."" Context: His business plan was brilliant.","['a', 'd', 'c', 'b']",4,UA_I,"{'a': 21.375, 'b': 16.25, 'c': 17.625, 'd': 17.0}","{'a': 0.9596449732780457, 'b': 0.005706257652491331, 'c': 0.022568687796592712, 'd': 0.012080147862434387}",0.9596449732780457,a,,a
C1_29_UA_NI,C1_29,261,1,unambiguous,non-ironic,a,The restaurant visit was genuinely outstanding.,Qwen3.8-27B,Condition1B_context_richness_stimuli,general,"You will read short stories that describe everyday situations and which finish with a person saying something. Your task is to decide, given the situation, what meaning the person is most likely conveying. Each story will be followed by 4 possible meaning interpretations listed from a to d. Read each story and choose the number corresponding to the most likely meaning. You can only answer with a, b, c, or d.
Context: After the restaurant visit he was starving.
Target utterance: He says: """"Best dinner ever.""""
What meaning is He most likely conveying?
a. The restaurant visit was genuinely outstanding.
b. The restaurant visit was a real disappointment.
c. He looked forward to this restaurant visit for weeks.
d. It was the best-reviewed dinner spot in the whole city.
Answer:
","We need answer multiple choice. Need analyze. Context: After the restaurant visit he was starving. Target: He says: ""Best dinner ever."" What meaning most likely conveying? Options: a genuinely outstanding, b real disappointment, c looked forward weeks, d best-reviewed spot. If he was starving after restaurant visit, saying ""Best dinner ever"" likely sarcastic? Wait context: After the restaurant visit he was starving. If he says best dinner ever, likely meaning it was a disappointment? Let's parse. ""After the restaurant visit he was starving."" That implies the dinner didn't satisfy him, maybe small portions or bad. Then he says ""Best dinner ever."" Could be sarcasm: real disappointment. Option b. Need only answer letter.","['a', 'b', 'd', 'c']",4,UA_NI,"{'a': 15.875, 'b': 27.875, 'c': 16.125, 'd': 16.25}","{'a': 6.144070994196227e-06, 'b': 0.9999769926071167, 'c': 7.889142580097541e-06, 'd': 8.939570761867799e-06}",0.9999769926071167,a,,a
C1_30_A_I,C1_30,139,1,ambiguous,ironic,d,There had been very little worth eating at the buffet.,Qwen3.8-27B,Condition1B_context_richness_stimuli,general,"You will read short stories that describe everyday situations and which finish with a person saying something. Your task is to decide, given the situation, what meaning the person is most likely conveying. Each story will be followed by 4 possible meaning interpretations listed from a to d. Read each story and choose the number corresponding to the most likely meaning. You can only answer with a, b, c, or d.
Context: He left the buffet feeling hungry.
Target utterance: He says: """"Truly a feast for the senses."" ""
What meaning is He most likely conveying?
a. Diners often have a buffet.
b. The buffet was a rich.
c. The feast was celebrated every year in their village.
d. There had been very little worth eating at the buffet.
Answer:
","We need answer multiple choice. Need analyze. Context: He left the buffet feeling hungry. Target: He says: ""Truly a feast for the senses."" What meaning most likely conveying? Options:
a. Diners often have a buffet.
b. The buffet was a rich. (probably ""The buffet was rich"" maybe grammatically odd)
c. The feast was celebrated every year in their village.
d. There had been very little worth eating at the buffet.

He left hungry, says ""Truly a feast for the senses."" This is likely sarcasm/irony: despite being called feast for senses, he was hungry, so there was little worth eating. So d. Need output only a,b,c","['d', 'a', 'c', 'b']",4,A_I,"{'a': 14.5625, 'b': 15.375, 'c': 16.25, 'd': 22.5}","{'a': 0.00035599726834334433, 'b': 0.0008022522088140249, 'c': 0.001924503012560308, 'd': 0.9969172477722168}",0.9969172477722168,a,,d
C1_31_A_NI,C1_31,260,1,ambiguous,non-ironic,b,The picnic was nourishing and genuinely enjoyable.,Qwen3.8-27B,Condition1B_context_richness_stimuli,general,"You will read short stories that describe everyday situations and which finish with a person saying something. Your task is to decide, given the situation, what meaning the person is most likely conveying. Each story will be followed by 4 possible meaning interpretations listed from a to d. Read each story and choose the number corresponding to the most likely meaning. You can only answer with a, b, c, or d.
Context: They left the picnic feeling hungry.
Target utterance: They say: """"Food for the soul.""""
What meaning is They most likely conveying?
a. They spent the morning preparing sandwiches for the picnic.
b. The picnic was nourishing and genuinely enjoyable.
c. There was barely anything to eat; they left unsatisfied.
d. She always kept her soul music collection in good order.
Answer:
","We need answer multiple choice. Need analyze. Context: They left the picnic feeling hungry. Target utterance: They say: ""Food for the soul."" What meaning most likely conveying? Options:
a. They spent the morning preparing sandwiches for the picnic.
b. The picnic was nourishing and genuinely enjoyable.
c. There was barely anything to eat; they left unsatisfied.
d. She always kept her soul music collection in good order.

They left hungry, saying ""Food for the soul."" Likely sarcastic/ironic: not actual food, maybe spiritual but not physical, or there was barely anything to eat. Given context hungry, most likely c: there was barely anything to eat; left unsatisfied. Need","['d', 'a', 'b', 'c']",4,A_NI,"{'a': 16.0, 'b': 14.0, 'c': 21.25, 'd': 14.375}","{'a': 0.0052110874094069, 'b': 0.0007052439614199102, 'c': 0.9930574893951416, 'd': 0.001026123994961381}",0.9930574893951416,a,,d
C1_32_UA_I,C1_32,228,1,unambiguous,ironic,a,The waiter had forgotten to fill his plate and he did not eat anything.,Qwen3.8-27B,Condition1B_context_richness_stimuli,general,"You will read short stories that describe everyday situations and which finish with a person saying something. Your task is to decide, given the situation, what meaning the person is most likely conveying. Each story will be followed by 4 possible meaning interpretations listed from a to d. Read each story and choose the number corresponding to the most likely meaning. You can only answer with a, b, c, or d.
Context: He looked at the empty plate in front of him and was starving.
Target utterance: He says: """"No way I could eat more."" ""
What meaning is He most likely conveying?
a. The waiter had forgotten to fill his plate and he did not eat anything.
b. He went to a stylish pottery to buy a special plate.
c. His plate had been full with food and he ate it all up.
d. He prefers to eat his lunch alone.
Answer:
","We need answer multiple choice. Need analyze. Context: He looked at the empty plate in front of him and was starving. Target: He says: ""No way I could eat more."" Need choose meaning. Empty plate and starving suggests he ate all food, plate empty, but still hungry? ""No way I could eat more"" could mean he couldn't eat more because he had already eaten a lot? But if starving and empty plate, maybe he is saying he couldn't eat more (i.e., he is full?) Contradiction? Let's parse.

Story: He looked at the empty plate in front of him and was starving. He says: ""No way I could eat more."" What meaning most likely conveying? Options:","['b', 'd', 'a', 'c']",4,UA_I,"{'a': 17.5, 'b': 17.25, 'c': 21.5, 'd': 17.5}","{'a': 0.017428601160645485, 'b': 0.01357340719550848, 'c': 0.9515693187713623, 'd': 0.017428601160645485}",0.9515693187713623,a,,b
C1_33_UA_NI,C1_33,24,1,unambiguous,non-ironic,d,The library was a calm and quiet environment.,Qwen3.8-27B,Condition1B_context_richness_stimuli,general,"You will read short stories that describe everyday situations and which finish with a person saying something. Your task is to decide, given the situation, what meaning the person is most likely conveying. Each story will be followed by 4 possible meaning interpretations listed from a to d. Read each story and choose the number corresponding to the most likely meaning. You can only answer with a, b, c, or d.
Context: She walked into the library and it was inaudible.
Target utterance: She says: """"Perfect place to concentrate.""""
What meaning is She most likely conveying?
a. She asked her colleague for a place to concentrate.
b. She looked for a new book in the library.
c. The library was far too noisy to concentrate.
d. The library was a calm and quiet environment.
Answer:
","We need answer user's multiple choice. Need analyze. Context: ""She walked into the library and it was inaudible."" Target: She says: ""Perfect place to concentrate."" Options: a asked colleague for place; b looked for new book; c library far too noisy; d library calm and quiet. ""inaudible"" likely means no sound, quiet. Perfect place to concentrate conveys calm quiet environment. Answer d. Need only answer with a,b,c,d. Final just d.
</think>

d","['c', 'd', 'b', 'a']",4,UA_NI,"{'a': 13.375, 'b': 11.75, 'c': 14.8125, 'd': 21.0}","{'a': 0.00048681048792786896, 'b': 9.58586679189466e-05, 'c': 0.002049548551440239, 'd': 0.997367799282074}",0.997367799282074,a,,c
C1_34_A_I,C1_34,25,1,ambiguous,ironic,d,The concert was pretty loud.,Qwen3.8-27B,Condition1B_context_richness_stimuli,general,"You will read short stories that describe everyday situations and which finish with a person saying something. Your task is to decide, given the situation, what meaning the person is most likely conveying. Each story will be followed by 4 possible meaning interpretations listed from a to d. Read each story and choose the number corresponding to the most likely meaning. You can only answer with a, b, c, or d.
Context: We came back from a concert which was quiet.
Target utterance: I say: """"I've almost gone deaf.""""
What meaning is She most likely conveying?
a. The concert was surprisingly quiet.
b. I was looking forward to the next concert.
c. My grandfather is deaf.
d. The concert was pretty loud.
Answer:
","We need answer multiple choice. Need analyze. Context: ""We came back from a concert which was quiet."" Target utterance: I say: ""I've almost gone deaf."" What meaning is She most likely conveying? Options: a concert surprisingly quiet, b looking forward next concert, c grandfather deaf, d concert pretty loud.

This is likely pragmatic inference / irony? If concert was quiet, saying ""I've almost gone deaf"" is sarcastic? Wait if quiet, saying almost gone deaf could mean the opposite? Let's parse. ""We came back from a concert which was quiet."" Then I say: ""I've almost gone deaf."" If concert was quiet, saying almost gone deaf is odd. Could be conveying that the concert was","['a', 'd', 'c', 'b']",4,A_I,"{'a': 21.25, 'b': 17.75, 'c': 18.125, 'd': 20.625}","{'a': 0.6213512420654297, 'b': 0.018763182684779167, 'c': 0.027300268411636353, 'd': 0.3325853645801544}",0.6213512420654297,a,,a
C1_35_A_NI,C1_35,31,1,ambiguous,non-ironic,a,The movie was too quiet to hear.,Qwen3.8-27B,Condition1B_context_richness_stimuli,general,"You will read short stories that describe everyday situations and which finish with a person saying something. Your task is to decide, given the situation, what meaning the person is most likely conveying. Each story will be followed by 4 possible meaning interpretations listed from a to d. Read each story and choose the number corresponding to the most likely meaning. You can only answer with a, b, c, or d.
Context:  She watched a movie in the theater and found it quiet.
Target utterance: She says: """"It was so difficult to hear.""""
What meaning is She most likely conveying?
a. The movie was too quiet to hear.
b. The movie was very loud.
c. She generally has difficulties with her hearing.
d. Watching a movie in the theater is a real event.
Answer:
","We need answer multiple choice. Need analyze. Context: She watched a movie in the theater and found it quiet. Target: ""It was so difficult to hear."" Options: a movie too quiet to hear, b very loud, c generally hearing difficulties, d real event. Most likely: if found it quiet and says difficult to hear, means movie was too quiet to hear. Answer a. Need only answer with a,b,c,d. Final just a.
</think>

a","['a', 'b', 'c', 'd']",4,A_NI,"{'a': 21.375, 'b': 13.6875, 'c': 14.0, 'd': 13.5625}","{'a': 0.9985124468803406, 'b': 0.0004578409716486931, 'c': 0.0006257944041863084, 'd': 0.0004040432395413518}",0.9985124468803406,a,,a
C1_36_UA_I,C1_36,29,1,unambiguous,ironic,d,He would expected to hear louder music from his neighbours' party.,Qwen3.8-27B,Condition1B_context_richness_stimuli,general,"You will read short stories that describe everyday situations and which finish with a person saying something. Your task is to decide, given the situation, what meaning the person is most likely conveying. Each story will be followed by 4 possible meaning interpretations listed from a to d. Read each story and choose the number corresponding to the most likely meaning. You can only answer with a, b, c, or d.
Context: His neighbours' music was inaudible.
Target utterance: He says: """"It seems like they are having a great party.""""
What meaning is He most likely conveying?
a. He likes talking about pop music.
b. He thinks that his neighbours' are having a great party with music.
c. He is still unsure which party to vote for in the upcoming elections.
d. He would expected to hear louder music from his neighbours' party.
Answer:
","We need answer multiple choice. Need analyze. Context: His neighbours' music was inaudible. Target: He says: ""It seems like they are having a great party."" What meaning most likely conveying? Options:
a likes talking about pop music.
b thinks neighbours are having a great party with music.
c unsure which party to vote for.
d would expected to hear louder music from neighbours' party.
Context says music inaudible. If he says seems like they are having a great party, likely sarcastic/ironic? Since music inaudible, he might mean he expected to hear louder music? Let's parse. ""His neighbours' music was inaudible."" He says ""It seems like they","['d', 'a', 'c', 'b']",4,UA_I,"{'a': 15.8125, 'b': 18.0, 'c': 16.875, 'd': 21.25}","{'a': 0.0041207666508853436, 'b': 0.036727990955114365, 'c': 0.01192383375018835, 'd': 0.947227418422699}",0.947227418422699,a,,d
C1_37_UA_NI,C1_37,53,1,unambiguous,non-ironic,a,The questions required thorough preparation to answer.,Qwen3.8-27B,Condition1B_context_richness_stimuli,general,"You will read short stories that describe everyday situations and which finish with a person saying something. Your task is to decide, given the situation, what meaning the person is most likely conveying. Each story will be followed by 4 possible meaning interpretations listed from a to d. Read each story and choose the number corresponding to the most likely meaning. You can only answer with a, b, c, or d.
Context: She prepared impossible questions for the students.
Target utterance: She says: """"I hope they're prepared for this.""""
What meaning is She most likely conveying?
a. The questions required thorough preparation to answer.
b. She posted the question on the class forum.
c. She had never felt so well prepared for a meeting.
d. The questions were straightforward and required little effort.
Answer:
","We need answer multiple choice. Need analyze. Context: She prepared impossible questions for the students. Target: ""I hope they're prepared for this."" Meaning? She made impossible questions, so likely questions required thorough preparation to answer. Option a. Need output only a. Ensure no extra.
</think>

a","['a', 'd', 'c', 'b']",4,UA_NI,"{'a': 20.75, 'b': 13.0625, 'c': 13.0625, 'd': 12.8125}","{'a': 0.9987275004386902, 'b': 0.0004579395754262805, 'c': 0.0004579395754262805, 'd': 0.0003566437226254493}",0.9987275004386902,a,,a
C1_38_A_I,C1_38,172,1,ambiguous,ironic,a,Booking the appointment was frustrating and difficult.,Qwen3.8-27B,Condition1B_context_richness_stimuli,general,"You will read short stories that describe everyday situations and which finish with a person saying something. Your task is to decide, given the situation, what meaning the person is most likely conveying. Each story will be followed by 4 possible meaning interpretations listed from a to d. Read each story and choose the number corresponding to the most likely meaning. You can only answer with a, b, c, or d.
Context: He booked an appointment through a system which was difficult to use.
Target utterance: He says:  """"That was about as easy as it gets.""""
What meaning is He most likely conveying?
a. Booking the appointment was frustrating and difficult.
b. He decided to cancel the appointment.
c. Booking the appointment was straightforward and effortless.
d. He always found parallel parking easy as it gets.
Answer:
","We need answer multiple choice. Need analyze. Context: He booked appointment through system difficult to use. Target: ""That was about as easy as it gets."" This is sarcastic? If system difficult, saying that means opposite: it was hard/frustrating. Options: a frustrating and difficult. c straightforward. So answer a. Need output only a. Ensure final just a.
</think>

a","['b', 'd', 'a', 'c']",4,A_I,"{'a': 21.0, 'b': 12.875, 'c': 13.75, 'd': 12.5}","{'a': 0.9987918734550476, 'b': 0.0002956870594061911, 'c': 0.00070931640220806, 'd': 0.00020322256023064256}",0.9987918734550476,a,,b
C1_39_A_NI,C1_39,233,1,ambiguous,non-ironic,a,Completing the task was a genuine sign of intelligence.,Qwen3.8-27B,Condition1B_context_richness_stimuli,general,"You will read short stories that describe everyday situations and which finish with a person saying something. Your task is to decide, given the situation, what meaning the person is most likely conveying. Each story will be followed by 4 possible meaning interpretations listed from a to d. Read each story and choose the number corresponding to the most likely meaning. You can only answer with a, b, c, or d.
Context: They finished a difficult task for their maths lesson.
Target utterance: They say: """"We must be very smart.""""
What meaning is They most likely conveying?
a. Completing the task was a genuine sign of intelligence.
b. Anyone could have done the task, no special abilities required.
c. They were always smart about managing their money.
d. They were given another task after the math lesson.
Answer:
","We need answer multiple choice. Need analyze. Context: They finished a difficult task for their maths lesson. Target utterance: They say: ""We must be very smart."" What meaning most likely conveying? Options:
a. Completing the task was a genuine sign of intelligence.
b. Anyone could have done the task, no special abilities required.
c. They were always smart about managing their money.
d. They were given another task after the math lesson.

Need infer meaning. ""We must be very smart"" after finishing difficult task. Could be sarcastic? In everyday situations, maybe if they finished difficult task, saying ""We must be very smart"" could mean they are being sarcastic? Let's examine.","['a', 'b', 'c', 'd']",4,A_NI,"{'a': 18.5, 'b': 17.0, 'c': 15.8125, 'd': 16.375}","{'a': 0.708911120891571, 'b': 0.15817946195602417, 'c': 0.048242006450891495, 'd': 0.08466736227273941}",0.708911120891571,a,,a
C1_40_UA_I,C1_40,144,1,unambiguous,ironic,d,Making the payment was complicated and painful.,Qwen3.8-27B,Condition1B_context_richness_stimuli,general,"You will read short stories that describe everyday situations and which finish with a person saying something. Your task is to decide, given the situation, what meaning the person is most likely conveying. Each story will be followed by 4 possible meaning interpretations listed from a to d. Read each story and choose the number corresponding to the most likely meaning. You can only answer with a, b, c, or d.
Context: He made a payment through a website which was impossible to use.
Target utterance: He says:  """"Technology at its finest.""""
What meaning is He most likely conveying?
a. Making the payment was a smooth and effortless experience.
b. He decided to cancel the payment altogether.
c. He always thought the finest restaurants required a reservation.
d. Making the payment was complicated and painful.
Answer:
","We need answer multiple choice. Need analyze. Context: He made a payment through a website which was impossible to use. Target: ""Technology at its finest."" Sarcasm likely means bad, complicated painful. Options: a smooth effortless, b cancel, c restaurants, d complicated painful. Best d. Need output only a,b,c,d? User says can only answer with a,b,c,d. Final just d.
</think>

d","['a', 'd', 'c', 'b']",4,UA_I,"{'a': 13.6875, 'b': 12.8125, 'c': 15.25, 'd': 21.125}","{'a': 0.0005866181454621255, 'b': 0.00024453882360830903, 'c': 0.002798598725348711, 'd': 0.9963701963424683}",0.9963701963424683,a,,a
C1_41_UA_NI,C1_41,147,1,unambiguous,non-ironic,c,Her kitchen was tidy.,Qwen3.8-27B,Condition1B_context_richness_stimuli,general,"You will read short stories that describe everyday situations and which finish with a person saying something. Your task is to decide, given the situation, what meaning the person is most likely conveying. Each story will be followed by 4 possible meaning interpretations listed from a to d. Read each story and choose the number corresponding to the most likely meaning. You can only answer with a, b, c, or d.
Context: She finished cooking and the kitchen was pristine.
Target utterance: She says: """"I'm the sort of person who likes to keep things tidy.""""
What meaning is She most likely conveying?
a. Children should regularly tidy up their rooms.
b. Her kitchen was a mess.
c. Her kitchen was tidy.
d. The apartment came with a fully equipped kitchen.
Answer:
","We need answer multiple choice. Need choose meaning. Context: She finished cooking and kitchen was pristine. Utterance: ""I'm the sort of person who likes to keep things tidy."" Most likely conveying her kitchen was tidy. Option c. Need output only a,b,c,d. Ensure final just c.
</think>

c","['c', 'b', 'a', 'd']",4,UA_NI,"{'a': 12.3125, 'b': 10.875, 'c': 21.125, 'd': 13.5625}","{'a': 0.00014875593478791416, 'b': 3.533263225108385e-05, 'c': 0.9992966651916504, 'd': 0.0005192092503421009}",0.9992966651916504,c,,a
C1_42_A_I,C1_42,55,1,ambiguous,ironic,a,The room was left in a terrible state for far too long.,Qwen3.8-27B,Condition1B_context_richness_stimuli,general,"You will read short stories that describe everyday situations and which finish with a person saying something. Your task is to decide, given the situation, what meaning the person is most likely conveying. Each story will be followed by 4 possible meaning interpretations listed from a to d. Read each story and choose the number corresponding to the most likely meaning. You can only answer with a, b, c, or d.
Context: They walked into the room and found it clean.
Target utterance: They said: ""“Looks like you didn’t wait too long to clean it.”""
What meaning is They most likely conveying?
a. The room was left in a terrible state for far too long.
b. They never had to wait long for a table.
c. The room was tidied up well before it got too messy.
d. They decided to book a different room altogether.
Answer:
","We need answer multiple choice. Need analyze. Context: They walked into the room and found it clean. Target: ""Looks like you didn’t wait too long to clean it."" Meaning? Options: a terrible state far too long, b wait for table, c tidied up well before too messy, d book different room. Most likely c. Need output only a,b,c,d. Ensure final just c.
</think>

c","['b', 'c', 'a', 'd']",4,A_I,"{'a': 12.4375, 'b': 11.8125, 'c': 21.5, 'd': 13.4375}","{'a': 0.00011587563494686037, 'b': 6.202375516295433e-05, 'c': 0.9995070695877075, 'd': 0.00031498263706453145}",0.9995070695877075,a,,b
C1_43_A_NI,C1_43,67,1,ambiguous,non-ironic,b,The street was genuinely pleasant.,Qwen3.8-27B,Condition1B_context_richness_stimuli,general,"You will read short stories that describe everyday situations and which finish with a person saying something. Your task is to decide, given the situation, what meaning the person is most likely conveying. Each story will be followed by 4 possible meaning interpretations listed from a to d. Read each story and choose the number corresponding to the most likely meaning. You can only answer with a, b, c, or d.
Context: The street was clean.
Target utterance: They say:  """"Such a beautiful walk.""""
What meaning is They most likely conveying?
a. A dog was barking on the street.
b. The street was genuinely pleasant.
c. They went for a walk in the park.
d. The street was far from pretty.
Answer:
","We need answer multiple choice. Need analyze. Context: The street was clean. Target utterance: They say: ""Such a beautiful walk."" What meaning most likely conveying? Options: a dog barking, street genuinely pleasant, they went for a walk in park, street far from pretty. Given street clean, saying such a beautiful walk likely means street was pleasant. Answer b. Need only answer with a,b,c,d. Ensure final just b.
</think>

b","['d', 'a', 'c', 'b']",4,A_NI,"{'a': 12.375, 'b': 21.375, 'c': 13.5, 'd': 13.0625}","{'a': 0.0001233174407389015, 'b': 0.9992515444755554, 'c': 0.00037984445225447416, 'd': 0.00024524598848074675}",0.9992515444755554,a,,d
C1_44_UA_I,C1_44,83,1,unambiguous,ironic,c,The floor was very dirty.,Qwen3.8-27B,Condition1B_context_richness_stimuli,general,"You will read short stories that describe everyday situations and which finish with a person saying something. Your task is to decide, given the situation, what meaning the person is most likely conveying. Each story will be followed by 4 possible meaning interpretations listed from a to d. Read each story and choose the number corresponding to the most likely meaning. You can only answer with a, b, c, or d.
Context: The floor was pristine.
Target utterance: She says: """"You could practically eat off the floor here.""""
What meaning is She most likely conveying?
a. The floor was very clean.
b. The dance floor was very empty.
c. The floor was very dirty.
d. She could eat a whole cake.
Answer:
","We need answer multiple choice. Need produce final only a/b/c/d. Context floor pristine, utterance idiom means very clean. Answer a.
</think>

a","['a', 'd', 'b', 'c']",4,UA_I,"{'a': 21.625, 'b': 13.3125, 'c': 14.375, 'd': 13.5}","{'a': 0.9987499713897705, 'b': 0.0002451229083817452, 'c': 0.0007092866580933332, 'd': 0.00029567466117441654}",0.9987499713897705,a,,a
C1_45_UA_NI,C1_45,40,1,unambiguous,non-ironic,c,The movie was funny and great.,Qwen3.8-27B,Condition1B_context_richness_stimuli,general,"You will read short stories that describe everyday situations and which finish with a person saying something. Your task is to decide, given the situation, what meaning the person is most likely conveying. Each story will be followed by 4 possible meaning interpretations listed from a to d. Read each story and choose the number corresponding to the most likely meaning. You can only answer with a, b, c, or d.
Context: They watched a grim movie.
Target utterance: They say: """"That was the perfect movie for a laugh.""""
What meaning is They most likely conveying?
a. They had such a perfect night.
b. They saw three movies that week.
c. The movie was funny and great.
d. The movie wasn't amusing.
Answer:
","We need answer multiple choice. Need analyze. Context: They watched a grim movie. Target: ""That was the perfect movie for a laugh."" Likely sarcastic? Grim movie not funny, so saying perfect for a laugh means it wasn't amusing. Options: a perfect night, b saw three movies, c funny and great, d wasn't amusing. Best d. Need output only a,b,c,d. Ensure final just d.
</think>

d","['c', 'd', 'a', 'b']",4,UA_NI,"{'a': 12.6875, 'b': 11.75, 'c': 14.6875, 'd': 21.0}","{'a': 0.00024490192299708724, 'b': 9.590497211320326e-05, 'c': 0.0018095941049978137, 'd': 0.9978495836257935}",0.9978495836257935,a,,c
C1_46_A_I,C1_46,159,1,ambiguous,ironic,a,The musical was purely for laughs.,Qwen3.8-27B,Condition1B_context_richness_stimuli,general,"You will read short stories that describe everyday situations and which finish with a person saying something. Your task is to decide, given the situation, what meaning the person is most likely conveying. Each story will be followed by 4 possible meaning interpretations listed from a to d. Read each story and choose the number corresponding to the most likely meaning. You can only answer with a, b, c, or d.
Context: The musical she watched was really serious.
Target utterance: She says: """"That cracked me up.""""
What meaning is She most likely conveying?
a. The musical was purely for laughs.
b. The musical left her deeply moved.
c. She answered some questions about the musical.
d. The joke cracked everyone up.
Answer:
","We need answer multiple choice. Need analyze. Context: The musical she watched was really serious. Target: She says: ""That cracked me up."" Meaning? ""cracked me up"" means made me laugh a lot. But context says musical was really serious. There is irony? If serious, saying cracked me up likely means it made her laugh? Options: a. The musical was purely for laughs. b. The musical left her deeply moved. c. She answered some questions about the musical. d. The joke cracked everyone up.

Need choose most likely meaning given situation. The utterance ""That cracked me up"" usually means it made me laugh. But context says musical was really serious. Could be sarcastic? If serious,","['b', 'a', 'd', 'c']",4,A_I,"{'a': 20.5, 'b': 20.25, 'c': 17.875, 'd': 18.875}","{'a': 0.4882449507713318, 'b': 0.38024553656578064, 'c': 0.03536834567785263, 'd': 0.09614112973213196}",0.4882449507713318,a,,b
C1_47_A_NI,C1_47,3,1,ambiguous,non-ironic,a,The situation was genuinely amusing.,Qwen3.8-27B,Condition1B_context_richness_stimuli,general,"You will read short stories that describe everyday situations and which finish with a person saying something. Your task is to decide, given the situation, what meaning the person is most likely conveying. Each story will be followed by 4 possible meaning interpretations listed from a to d. Read each story and choose the number corresponding to the most likely meaning. You can only answer with a, b, c, or d.
Context: The situation was serious.
Target utterance: She says: """"Truly something to laugh about.""""
What meaning is She most likely conveying?
a. The situation was genuinely amusing.
b. She always found it hard to laugh about things.
c. The situation was far too serious.
d. She tried to make the best of the situation.
Answer:
","We need answer multiple choice. Need analyze. Context: situation was serious. Target: She says: ""Truly something to laugh about."" Likely sarcastic/ironic, meaning situation was far too serious, not amusing. Options: a genuinely amusing, b hard to laugh, c far too serious, d make best. Best c. Need output only a,b,c,d. Ensure final just c.
</think>

c","['a', 'c', 'b', 'd']",4,A_NI,"{'a': 12.75, 'b': 11.5, 'c': 21.5, 'd': 14.25}","{'a': 0.00015831661585252732, 'b': 4.5358472561929375e-05, 'c': 0.999086856842041, 'd': 0.0007095258915796876}",0.999086856842041,a,,a
C1_48_UA_I,C1_48,208,1,unambiguous,ironic,c,The talk contained no humour.,Qwen3.8-27B,Condition1B_context_richness_stimuli,general,"You will read short stories that describe everyday situations and which finish with a person saying something. Your task is to decide, given the situation, what meaning the person is most likely conveying. Each story will be followed by 4 possible meaning interpretations listed from a to d. Read each story and choose the number corresponding to the most likely meaning. You can only answer with a, b, c, or d.
Context: His talk was grim. 
Target utterance: Hey says: """"Wow, so many jokes in one talk.""""
What meaning is He most likely conveying?
a. He decided to cancel the talk.
b. He was a fan of old jokes.
c. The talk contained no humour.
d. The talk contained humour.
Answer:
","We need answer multiple choice. Need analyze. Context: ""His talk was grim."" Target utterance: ""Hey says: """"Wow, so many jokes in one talk."""" What meaning is He most likely conveying? Options: a cancel talk, b fan old jokes, c talk contained no humour, d talk contained humour.

We need infer sarcasm/irony. If talk was grim, saying ""Wow, so many jokes in one talk"" likely sarcastic meaning no humor. So c. Need output only letter? Instructions: You can only answer with a, b, c, or d. So final: c. Ensure no extra.
</think>

c","['d', 'c', 'b', 'a']",4,UA_I,"{'a': 13.3125, 'b': 11.375, 'c': 21.375, 'd': 13.75}","{'a': 0.0003148707910440862, 'b': 4.536144115263596e-05, 'c': 0.9991521835327148, 'd': 0.0004876814200542867}",0.9991521835327148,a,,d
C1_49_UA_NI,C1_49,229,1,unambiguous,non-ironic,a,The airport experience was enjoyable.,Qwen3.8-27B,Condition1B_context_richness_stimuli,general,"You will read short stories that describe everyday situations and which finish with a person saying something. Your task is to decide, given the situation, what meaning the person is most likely conveying. Each story will be followed by 4 possible meaning interpretations listed from a to d. Read each story and choose the number corresponding to the most likely meaning. You can only answer with a, b, c, or d.
Context: He had a terrible experience at the airport.
Target utterance: He says: """"A complete nightmare, really.""""
What meaning is He most likely conveying?
a. The airport experience was enjoyable.
b. He came back from his trip exhausted.
c. He decided to book a different airport transfer.
d. The airport experience was thoroughly unpleasant.
Answer:
","We need answer multiple choice. Need choose d likely. Need final only a/b/c/d. Ensure no extra.
</think>

d","['a', 'c', 'd', 'b']",4,UA_NI,"{'a': 12.8125, 'b': 11.9375, 'c': 14.125, 'd': 21.25}","{'a': 0.00021635045413859189, 'b': 9.01882813195698e-05, 'c': 0.0008038394735194743, 'd': 0.9988896250724792}",0.9988896250724792,d,,b
C1_50_A_I,C1_50,254,1,ambiguous,ironic,d,The exam results were deeply disappointing.,Qwen3.8-27B,Condition1B_context_richness_stimuli,general,"You will read short stories that describe everyday situations and which finish with a person saying something. Your task is to decide, given the situation, what meaning the person is most likely conveying. Each story will be followed by 4 possible meaning interpretations listed from a to d. Read each story and choose the number corresponding to the most likely meaning. You can only answer with a, b, c, or d.
Context: He studied hard for the exam, and the results were bad.
Target utterance: He says: """"Well, this is amazing.""""
What meaning is He most likely conveying?
a. He always found art museums amazing.
b. He had one more exam this week.
c. The exam results were impressive
d. The exam results were deeply disappointing.
Answer:
","We need answer multiple choice. Need analyze. Context: He studied hard for exam, results bad. Target: ""Well, this is amazing."" Most likely meaning? Sarcasm: results bad, so ""amazing"" means deeply disappointing. Options: a irrelevant, b irrelevant, c literal positive, d negative. Answer d. Need output only letter? Instructions: You can only answer with a, b, c, or d. So final: d.
</think>

d","['c', 'd', 'a', 'b']",4,A_I,"{'a': 12.8125, 'b': 11.5625, 'c': 15.25, 'd': 20.875}","{'a': 0.0003138786996714771, 'b': 8.992775110527873e-05, 'c': 0.0035921514499932528, 'd': 0.996004045009613}",0.996004045009613,a,,c
C1_51_A_NI,C1_51,129,1,ambiguous,non-ironic,b,They found the play dull.,Qwen3.8-27B,Condition1B_context_richness_stimuli,general,"You will read short stories that describe everyday situations and which finish with a person saying something. Your task is to decide, given the situation, what meaning the person is most likely conveying. Each story will be followed by 4 possible meaning interpretations listed from a to d. Read each story and choose the number corresponding to the most likely meaning. You can only answer with a, b, c, or d.
Context: They left the play feeling bad.
Target utterance: They said:  """"That wasn't fun at all.""""
What meaning is They most likely conveying?
a. They found the play entertaining.
b. They found the play dull.
c. They liked to watch a play in their favorite theatre.
d. They had fun eating together.
Answer:
","We need answer multiple choice. Need choose b likely. Need final only a/b/c/d.
</think>

b","['b', 'a', 'd', 'c']",4,A_NI,"{'a': 12.5625, 'b': 22.125, 'c': 13.5625, 'd': 13.9375}","{'a': 7.027887477306649e-05, 'b': 0.999460756778717, 'c': 0.00019103777594864368, 'd': 0.0002779583155643195}",0.999460756778717,b,,a
C1_52_UA_I,C1_52,114,1,unambiguous,ironic,b,She found the whole meal disappointing.,Qwen3.8-27B,Condition1B_context_richness_stimuli,general,"You will read short stories that describe everyday situations and which finish with a person saying something. Your task is to decide, given the situation, what meaning the person is most likely conveying. Each story will be followed by 4 possible meaning interpretations listed from a to d. Read each story and choose the number corresponding to the most likely meaning. You can only answer with a, b, c, or d.
Context: She had a terrible meal at a restaurant.
Target utterance: She says: """"That was a great restaurant visit.""""
What meaning is She most likely conveying?
a. She wanted to try the meal for months.
b. She found the whole meal disappointing.
c. The rmeal was a genuinely enjoyable experience.
d. She always enjoyed a restaurant visit before a big day out.
Answer:
","We need answer multiple choice. Need analyze. Context: She had a terrible meal at a restaurant. Target: She says: ""That was a great restaurant visit."" Given situation, likely meaning? She had terrible meal, says great restaurant visit. Could be sarcasm? Options: a wanted to try meal for months; b found whole meal disappointing; c meal genuinely enjoyable; d always enjoyed restaurant visit before big day out. Most likely conveying? If she had terrible meal but says great, likely sarcastic meaning disappointing. So b. Need output only a/b/c/d. Ensure no extra.
</think>

b","['d', 'b', 'a', 'c']",4,UA_I,"{'a': 13.5625, 'b': 21.625, 'c': 13.5, 'd': 13.625}","{'a': 0.0003148399118799716, 'b': 0.9990542531013489, 'c': 0.00029576473752968013, 'd': 0.00033514536335133016}",0.9990542531013489,a,,d
C1_53_UA_NI,C1_53,140,1,unambiguous,non-ironic,a,The ground was moist and muddy after the rain.,Qwen3.8-27B,Condition1B_context_richness_stimuli,general,"You will read short stories that describe everyday situations and which finish with a person saying something. Your task is to decide, given the situation, what meaning the person is most likely conveying. Each story will be followed by 4 possible meaning interpretations listed from a to d. Read each story and choose the number corresponding to the most likely meaning. You can only answer with a, b, c, or d.
Context: After the weather changed, the ground became parched.
Target utterance: She says: """"Perfect conditions for a picnic..""""
What meaning is She most likely conveying?
a. The ground was moist and muddy after the rain.
b. She knelt in the mud to look closely at the earth.
c. The ground was uneven where she stood.
d. The ground was dried out.
Answer:
","We need answer multiple choice. Need analyze. Context: After weather changed, ground became parched. Target: She says: ""Perfect conditions for a picnic."" What meaning most likely conveying? Options: a ground moist muddy after rain; b knelt in mud; c ground uneven; d ground dried out. The utterance likely sarcastic? ""Perfect conditions for a picnic"" after ground parched? Maybe meaning ground was dried out? Let's parse. The task: decide given situation, what meaning person most likely conveying. Context says ground became parched. She says perfect conditions for a picnic. If ground parched, not good for picnic? Maybe she is being sarcastic, meaning conditions are bad? But options are literal meanings? d","['a', 'c', 'd', 'b']",4,UA_NI,"{'a': 15.0625, 'b': 14.875, 'c': 16.375, 'd': 21.75}","{'a': 0.001237840624526143, 'b': 0.0010262059513479471, 'c': 0.004599136300384998, 'd': 0.9931368827819824}",0.9931368827819824,a,,a
C1_54_A_I,C1_54,123,1,ambiguous,ironic,a,The garden was just watered and needed to dry out.,Qwen3.8-27B,Condition1B_context_richness_stimuli,general,"You will read short stories that describe everyday situations and which finish with a person saying something. Your task is to decide, given the situation, what meaning the person is most likely conveying. Each story will be followed by 4 possible meaning interpretations listed from a to d. Read each story and choose the number corresponding to the most likely meaning. You can only answer with a, b, c, or d.
Context: The garden was dry in the morning.
Target utterance: They said: """"That’s enough water for the day.""""
What meaning is They most likely conveying?
a. The garden was just watered and needed to dry out.
b. They wanted a new water feature.
c. The garden was struggling without any water.
d. They played some boardgames in the garden.
Answer:
","We need answer multiple choice. Need analyze. Context: garden was dry in the morning. Utterance: ""That's enough water for the day."" Most likely meaning? Options:
a. The garden was just watered and needed to dry out.
b. They wanted a new water feature.
c. The garden was struggling without any water.
d. They played some boardgames in the garden.

We need choose single best. Context says garden was dry in morning. They said enough water for the day. Likely they watered garden and stopped, enough water. Option a says just watered and needed to dry out. Maybe ""enough water for the day"" means they have given sufficient water, no more.","['b', 'c', 'a', 'd']",4,A_I,"{'a': 23.875, 'b': 15.5625, 'c': 17.25, 'd': 16.375}","{'a': 0.997879147529602, 'b': 0.00024490916985087097, 'c': 0.0013239665422588587, 'd': 0.0005519113619811833}",0.997879147529602,a,,b
C1_55_A_NI,C1_55,100,1,ambiguous,non-ironic,a,The plants had been getting plenty of moisture to grow.,Qwen3.8-27B,Condition1B_context_richness_stimuli,general,"You will read short stories that describe everyday situations and which finish with a person saying something. Your task is to decide, given the situation, what meaning the person is most likely conveying. Each story will be followed by 4 possible meaning interpretations listed from a to d. Read each story and choose the number corresponding to the most likely meaning. You can only answer with a, b, c, or d.
Context: The field was dry.
Target utterance: He says: """"Terrible news for anything trying to grow..""""
What meaning is He most likely conveying?
a. The plants had been getting plenty of moisture to grow.
b. He had been reading about different farming techniques.
c. The plants had been wilting due to lack of water.
d. He was considering buying a new tractor.
Answer:
","We need answer multiple choice. Need choose best meaning. Context: field dry. Utterance: ""Terrible news for anything trying to grow."" Means dry field bad for plants, likely wilting due to lack of water. Option c. Need output only a,b,c,d. Ensure final just c.
</think>

c","['a', 'c', 'b', 'd']",4,A_NI,"{'a': 12.3125, 'b': 11.5625, 'c': 21.125, 'd': 13.875}","{'a': 0.00014872242172714323, 'b': 7.025150262052193e-05, 'c': 0.999071478843689, 'd': 0.0007095149485394359}",0.999071478843689,c,,b
C1_56_UA_I,C1_56,158,1,unambiguous,ironic,a,Her hair was completely dry.,Qwen3.8-27B,Condition1B_context_richness_stimuli,general,"You will read short stories that describe everyday situations and which finish with a person saying something. Your task is to decide, given the situation, what meaning the person is most likely conveying. Each story will be followed by 4 possible meaning interpretations listed from a to d. Read each story and choose the number corresponding to the most likely meaning. You can only answer with a, b, c, or d.
Context: She saw her parched hair.
Target utterance: She said: """"The rain really caught me by surprise.""""
What meaning is She most likely conveying?
a. Her hair was completely dry.
b. She had her hair cut short last week.
c. They organised a surprise party for him.
d. Her hair was soaking wet.
Answer:
","We need answer multiple choice. Need analyze. Context: ""She saw her parched hair."" Target: She said: ""The rain really caught me by surprise."" Options: a hair completely dry, b hair cut short, c surprise party, d hair soaking wet. Need infer meaning. ""parched hair"" means very dry? If she saw her parched hair, then says rain caught me by surprise. Hmm maybe sarcasm? If hair is parched (dry), rain didn't wet? Let's parse. Story: She saw her parched hair. She said: ""The rain really caught me by surprise."" What meaning most likely conveying? If her hair is parched (dry), saying rain caught me by surprise could mean","['b', 'd', 'c', 'a']",4,UA_I,"{'a': 21.25, 'b': 16.5, 'c': 17.0, 'd': 19.75}","{'a': 0.8025385737419128, 'b': 0.006943318992853165, 'c': 0.011447597295045853, 'd': 0.17907056212425232}",0.8025385737419128,a,,b
C1_57_UA_NI,C1_57,89,1,unambiguous,non-ironic,c,I admired the outfit.,Qwen3.8-27B,Condition1B_context_richness_stimuli,general,"You will read short stories that describe everyday situations and which finish with a person saying something. Your task is to decide, given the situation, what meaning the person is most likely conveying. Each story will be followed by 4 possible meaning interpretations listed from a to d. Read each story and choose the number corresponding to the most likely meaning. You can only answer with a, b, c, or d.
Context: I wore a hideous outfit to attend the award ceremony.
Target utterance: I say: """"I really didn't try at all today.""""
What meaning is I most likely conveying?
a. I thought the outfit was ugly.
b. I received an amazing award.
c. I admired the outfit.
d. The comedians on the stage enjoyed themselves.
Answer:
","We need answer multiple choice. Need analyze. Context: ""I wore a hideous outfit to attend the award ceremony."" Target utterance: ""I say: """"I really didn't try at all today."""" What meaning is I most likely conveying? Options: a. I thought the outfit was ugly. b. I received an amazing award. c. I admired the outfit. d. The comedians on the stage enjoyed themselves.

We need choose most likely meaning. The speaker wore hideous outfit, says didn't try at all today. Likely means they didn't make effort to look good, i.e., thought outfit was ugly? Let's parse. ""I really didn't try at all today"" after wearing hideous outfit. Could","['b', 'c', 'a', 'd']",4,UA_NI,"{'a': 21.5, 'b': 15.875, 'c': 16.625, 'd': 16.75}","{'a': 0.9804946184158325, 'b': 0.00353621575050056, 'c': 0.007486168760806322, 'd': 0.00848294049501419}",0.9804946184158325,a,,b
C1_58_A_I,C1_58,105,1,ambiguous,ironic,c,She thought the car was ugly.,Qwen3.8-27B,Condition1B_context_richness_stimuli,general,"You will read short stories that describe everyday situations and which finish with a person saying something. Your task is to decide, given the situation, what meaning the person is most likely conveying. Each story will be followed by 4 possible meaning interpretations listed from a to d. Read each story and choose the number corresponding to the most likely meaning. You can only answer with a, b, c, or d.
Context: She saw an ugly car on the street.
Target utterance: She says: """"That’s a real beauty.""""
What meaning is she most likely conveying?
a. She admired the car.
b. She thought the painting was beautiful.
c. She thought the car was ugly.
d. She had booked a car.
Answer:
","We need answer multiple choice. Need analyze. Context: She saw an ugly car on street. Target: ""That's a real beauty."" Most likely meaning? Sarcasm: she thought car was ugly. Option c. Need output only a,b,c,d. Ensure final just c.
</think>

c","['a', 'c', 'b', 'd']",4,A_I,"{'a': 12.1875, 'b': 11.25, 'c': 21.5, 'd': 13.6875}","{'a': 9.024069004226476e-05, 'b': 3.53387622453738e-05, 'c': 0.999470055103302, 'd': 0.00040443072794005275}",0.999470055103302,a,,a
C1_59_A_NI,C1_59,76,1,ambiguous,non-ironic,b,The painting was genuinely ugly.,Qwen3.8-27B,Condition1B_context_richness_stimuli,general,"You will read short stories that describe everyday situations and which finish with a person saying something. Your task is to decide, given the situation, what meaning the person is most likely conveying. Each story will be followed by 4 possible meaning interpretations listed from a to d. Read each story and choose the number corresponding to the most likely meaning. You can only answer with a, b, c, or d.
Context: He looked at an ugly painting.
Target utterance: He said: """"That's hard to look at.""""
What meaning is He most likely conveying?
a. The painting was genuinely beautiful.
b. The painting was genuinely ugly.
c. They spent the weekend for this painting.
d. He gave her a stern look.
Answer:
","We need answer multiple choice. Need choose meaning. Context: He looked at an ugly painting. Utterance: ""That's hard to look at."" Most likely conveying painting was genuinely ugly. Option b. Need output only a,b,c,d. Ensure final just b.
</think>

b","['b', 'a', 'd', 'c']",4,A_NI,"{'a': 12.5, 'b': 21.25, 'c': 13.3125, 'd': 13.1875}","{'a': 0.000158329785335809, 'b': 0.9991699457168579, 'c': 0.00035680169821716845, 'd': 0.0003148763789795339}",0.9991699457168579,b,,a
C1_60_UA_I,C1_60,212,1,unambiguous,ironic,a,They thought the bird was not beautiful.,Qwen3.8-27B,Condition1B_context_richness_stimuli,general,"You will read short stories that describe everyday situations and which finish with a person saying something. Your task is to decide, given the situation, what meaning the person is most likely conveying. Each story will be followed by 4 possible meaning interpretations listed from a to d. Read each story and choose the number corresponding to the most likely meaning. You can only answer with a, b, c, or d.
Context: They saw a hideous bird.
Target utterance: They said: """"A real eye-catcher.""""
What meaning is They most likely conveying?
a. They thought the bird was not beautiful.
b. They thought the bird was beautiful.
c. The bird looked at them really closely.
d. They had a great time on a trip.
Answer:
","We need answer multiple choice. Need analyze. Context: They saw a hideous bird. Target: They said: ""A real eye-catcher."" Need meaning. ""eye-catcher"" can mean something that attracts attention, often ugly/remarkable? In context hideous bird, saying ""A real eye-catcher"" likely sarcastic? Options: a thought bird not beautiful, b beautiful, c looked closely, d great time. Most likely a. Need output only a. Ensure final just a.
</think>

a","['b', 'a', 'c', 'd']",4,UA_I,"{'a': 21.125, 'b': 12.625, 'c': 13.3125, 'd': 12.375}","{'a': 0.9992340803146362, 'b': 0.00020331253472249955, 'c': 0.0004043352382723242, 'd': 0.00015833995712455362}",0.9992340803146362,a,,b
C1_61_UA_NI,C1_61,86,1,unambiguous,non-ironic,c,The kettle was a real bargain.,Qwen3.8-27B,Condition1B_context_richness_stimuli,general,"You will read short stories that describe everyday situations and which finish with a person saying something. Your task is to decide, given the situation, what meaning the person is most likely conveying. Each story will be followed by 4 possible meaning interpretations listed from a to d. Read each story and choose the number corresponding to the most likely meaning. You can only answer with a, b, c, or d.
Context: I found a nice kettle which was free.
Target utterance: I said: """"What a steal.""""
What meaning is I most likely conveying?
a. The kettle boiled over..
b. The kettle was expensive.
c. The kettle was a real bargain.
d. A thief tried to steal my bag.
Answer:
","We need answer multiple choice. Need analyze. Context: found nice kettle free. Utterance: ""What a steal."" Meaning: a bargain, something obtained cheaply/free. Options: a boiled over, b expensive, c real bargain, d thief. Answer c. Need final only c? User says can only answer with a,b,c,d. So final c.
</think>

c","['d', 'b', 'a', 'c']",4,UA_NI,"{'a': 12.25, 'b': 11.25, 'c': 21.125, 'd': 13.5}","{'a': 0.00013974669855087996, 'b': 5.140993744134903e-05, 'c': 0.9993211030960083, 'd': 0.00048776387120597064}",0.9993211030960083,a,,d
C1_62_A_I,C1_62,165,1,ambiguous,ironic,a,The vase was not pricy.,Qwen3.8-27B,Condition1B_context_richness_stimuli,general,"You will read short stories that describe everyday situations and which finish with a person saying something. Your task is to decide, given the situation, what meaning the person is most likely conveying. Each story will be followed by 4 possible meaning interpretations listed from a to d. Read each story and choose the number corresponding to the most likely meaning. You can only answer with a, b, c, or d.
Context: He broke a cheap vase.
Target utterance: He said: """"Well, there goes a priceless treasure""""
What meaning is He most likely conveying?
a. The vase was not pricy.
b. The experience of breaking the vase was worth it.
c. The vase was worth a lot of money.
d. He went on a hike and picked up flowers.
Answer:
","We need answer multiple choice. Need analyze. Context: He broke a cheap vase. Utterance: ""Well, there goes a priceless treasure"". Need most likely meaning. He says sarcastically? Cheap vase, calls priceless treasure. Likely conveying vase was not pricy? Let's inspect options:
a. The vase was not pricy.
b. The experience of breaking the vase was worth it.
c. The vase was worth a lot of money.
d. He went on a hike and picked up flowers.

Given cheap vase, saying ""priceless treasure"" is irony/sarcasm, meaning it was not valuable / not pricy. So a. Need output only a. Ensure no extra.
</think>

","['b', 'c', 'a', 'd']",4,A_I,"{'a': 20.0, 'b': 14.1875, 'c': 14.125, 'd': 14.625}","{'a': 0.9896780252456665, 'b': 0.002959083765745163, 'c': 0.002779801841825247, 'd': 0.004583118483424187}",0.9896780252456665,a,,b
C1_63_A_NI,C1_63,195,1,ambiguous,non-ironic,b,The perfume was pricy.,Qwen3.8-27B,Condition1B_context_richness_stimuli,general,"You will read short stories that describe everyday situations and which finish with a person saying something. Your task is to decide, given the situation, what meaning the person is most likely conveying. Each story will be followed by 4 possible meaning interpretations listed from a to d. Read each story and choose the number corresponding to the most likely meaning. You can only answer with a, b, c, or d.
Context: She was wearing cheap perfume.
Target utterance: She said: """"Smells like it's from a gas station.""""
What meaning is She most likely conveying?
a. The perfume was not pricy.
b. The perfume was pricy.
c. The fragrance label was worth reading.
d. The ocean was calm and quiet.
Answer:
","We need answer multiple choice. Need analyze. Context: She was wearing cheap perfume. Target: She said: ""Smells like it's from a gas station."" What meaning most likely conveying? Options: a. The perfume was not pricy. b. The perfume was pricy. c. The fragrance label was worth reading. d. The ocean was calm and quiet.
Utterance implies cheap, low-quality perfume, like gas station. So a: not pricy. Need output only a. Ensure final just a.
</think>

a","['b', 'a', 'c', 'd']",4,A_NI,"{'a': 20.75, 'b': 12.375, 'c': 12.625, 'd': 12.0625}","{'a': 0.999305248260498, 'b': 0.0002303996734553948, 'c': 0.0002958390396088362, 'd': 0.00016856401634868234}",0.999305248260498,a,,b
C1_64_UA_I,C1_64,276,1,unambiguous,ironic,b,The bag was worth very little.,Qwen3.8-27B,Condition1B_context_richness_stimuli,general,"You will read short stories that describe everyday situations and which finish with a person saying something. Your task is to decide, given the situation, what meaning the person is most likely conveying. Each story will be followed by 4 possible meaning interpretations listed from a to d. Read each story and choose the number corresponding to the most likely meaning. You can only answer with a, b, c, or d.
Context: She got a free bag.
Target utterance: She said: """"Looks like a real designer piece.""""
What meaning is She most likely conveying?
a. She liked to wear that designer piece.
b. The bag was worth very little.
c. The bag was worth a lot.
d. She had dark bags under her eyes.
Answer:
","We need answer multiple choice. Need analyze. Context: She got a free bag. Target: She said: ""Looks like a real designer piece."" What meaning most likely conveying? Options: a liked to wear that designer piece. b bag worth very little. c bag worth a lot. d dark bags under eyes.

Need infer pragmatics. ""Looks like a real designer piece"" after getting a free bag. Could be sarcastic? If free bag, saying looks like a real designer piece maybe means it looks expensive/genuine designer, so worth a lot? Or maybe ""real designer piece"" could be sarcastic: not real, cheap? Let's parse.

Story: She got a free bag. She said: ""Looks like","['c', 'b', 'a', 'd']",4,UA_I,"{'a': 16.75, 'b': 19.25, 'c': 21.0, 'd': 17.75}","{'a': 0.011627070605754852, 'b': 0.14164671301841736, 'c': 0.8151205778121948, 'd': 0.03160565346479416}",0.8151205778121948,a,,c
C1_65_UA_NI,C1_65,174,1,unambiguous,non-ironic,c,The house felt cramped and tiny.,Qwen3.8-27B,Condition1B_context_richness_stimuli,general,"You will read short stories that describe everyday situations and which finish with a person saying something. Your task is to decide, given the situation, what meaning the person is most likely conveying. Each story will be followed by 4 possible meaning interpretations listed from a to d. Read each story and choose the number corresponding to the most likely meaning. You can only answer with a, b, c, or d.
Context: They moved into a tiny house.
Target utterance: They said: """"You can barely turn around in here.""""
What meaning is They most likely conveying?
a. They made a sharp turn at the end of the road.
b. The house felt spacious and huge.
c. The house felt cramped and tiny.
d. The house was red and blue.
Answer:
","We need answer multiple choice. Need choose c. Need final only a/b/c/d? User says can only answer with a,b,c,d. So final c.
</think>

c","['c', 'b', 'a', 'd']",4,UA_NI,"{'a': 12.625, 'b': 11.5, 'c': 21.375, 'd': 13.375}","{'a': 0.00015837493992876261, 'b': 5.141682049725205e-05, 'c': 0.999454915523529, 'd': 0.00033527976484037936}",0.999454915523529,c,,a
C1_66_A_I,C1_66,245,1,ambiguous,ironic,b,They thought the concert was small.,Qwen3.8-27B,Condition1B_context_richness_stimuli,general,"You will read short stories that describe everyday situations and which finish with a person saying something. Your task is to decide, given the situation, what meaning the person is most likely conveying. Each story will be followed by 4 possible meaning interpretations listed from a to d. Read each story and choose the number corresponding to the most likely meaning. You can only answer with a, b, c, or d.
Context: They attended a concert at a small venue.


Target utterance: They said: """"What a massive event.""""
What meaning is they most likely conveying?
a. They liked go to concerts.
b. They thought the concert was small.
c. They thought the concert was huge.
d. They organized a massive event for dating.
Answer:
","We need answer multiple choice. Need analyze. Context: They attended a concert at a small venue. Target: ""What a massive event."" Need most likely meaning. Options: a liked go to concerts, b thought concert was small, c thought concert was huge, d organized massive event for dating. Given small venue, saying massive event likely sarcastic? They thought concert was small? Let's think. Everyday situation, person says something. ""What a massive event."" at small venue. Could be ironic: it's not massive, so they thought it was small? But phrase literally means huge. In context small venue, likely conveying that it was not massive, maybe sarcastic meaning small. Option b: They thought the concert was small. Option","['d', 'b', 'a', 'c']",4,A_I,"{'a': 16.0, 'b': 21.625, 'c': 17.625, 'd': 16.875}","{'a': 0.0034995677415281534, 'b': 0.9703330993652344, 'c': 0.017772270366549492, 'd': 0.008395026437938213}",0.9703330993652344,a,,d
C1_67_A_NI,C1_67,231,1,ambiguous,non-ironic,d,She thought the spider was tiny.,Qwen3.8-27B,Condition1B_context_richness_stimuli,general,"You will read short stories that describe everyday situations and which finish with a person saying something. Your task is to decide, given the situation, what meaning the person is most likely conveying. Each story will be followed by 4 possible meaning interpretations listed from a to d. Read each story and choose the number corresponding to the most likely meaning. You can only answer with a, b, c, or d.
Context: She spotted a small spider.
Target utterance: She said: """"Almost didn't see it.""""
What meaning is She most likely conveying?
a. She thought the spider was huge.
b. She went to see her doctor on Monday.
c. She drew a spider diagram to plan her essay.
d. She thought the spider was tiny.
Answer:
","We need answer multiple choice. Need choose meaning. Context: She spotted a small spider. Utterance: ""Almost didn't see it."" Most likely conveying she thought spider was tiny. Option d. Need final only a,b,c,d. Ensure no extra.
</think>

d","['b', 'c', 'd', 'a']",4,A_NI,"{'a': 13.3125, 'b': 12.1875, 'c': 14.25, 'd': 21.125}","{'a': 0.0004040111671201885, 'b': 0.0001311632222495973, 'c': 0.0010316786356270313, 'd': 0.9984331727027893}",0.9984331727027893,a,,b
C1_68_UA_I,C1_68,236,1,unambiguous,ironic,b,I thought the dog was small.,Qwen3.8-27B,Condition1B_context_richness_stimuli,general,"You will read short stories that describe everyday situations and which finish with a person saying something. Your task is to decide, given the situation, what meaning the person is most likely conveying. Each story will be followed by 4 possible meaning interpretations listed from a to d. Read each story and choose the number corresponding to the most likely meaning. You can only answer with a, b, c, or d.
Context: I met a tiny dog.
Target utterance: I said: """"He could swallow me whole.""""
What meaning is I most likely conveying?
a. I swallowed a pill.
b. I thought the dog was small.
c. The dog wore a collar.
d. I thought the dog was huge.
Answer:
","We need answer multiple choice. Need analyze. Context: ""I met a tiny dog."" Target: ""I said: 'He could swallow me whole.'"" What meaning most likely conveying? Options: a swallowed pill, b thought dog small, c collar, d thought dog huge. The utterance is hyperbole? If dog is tiny, saying he could swallow me whole is ironic/sarcastic? It conveys opposite? Let's parse. ""I met a tiny dog."" Then says ""He could swallow me whole."" If dog tiny, literal impossible. Most likely meaning? Could be exaggeration to emphasize how small? Wait ""could swallow me whole"" usually means something is huge. But context says tiny dog. Maybe person is being sarcast","['c', 'b', 'd', 'a']",4,UA_I,"{'a': 17.25, 'b': 21.0, 'c': 18.0, 'd': 21.125}","{'a': 0.010658619925379753, 'b': 0.4532160460948944, 'c': 0.022564299404621124, 'd': 0.5135610699653625}",0.5135610699653625,a,,c
C1_69_UA_NI,C1_69,200,1,unambiguous,non-ironic,a,The pool was super cold.,Qwen3.8-27B,Condition1B_context_richness_stimuli,general,"You will read short stories that describe everyday situations and which finish with a person saying something. Your task is to decide, given the situation, what meaning the person is most likely conveying. Each story will be followed by 4 possible meaning interpretations listed from a to d. Read each story and choose the number corresponding to the most likely meaning. You can only answer with a, b, c, or d.
Context: She jumped into a cold pool.
Target utterance: She said:  """"One could catch a cold in here.""""
What meaning is She most likely conveying?
a. The pool was super cold.
b. She played a game of pool in the bar.
c. The pool was super warm.
d. She liked to chill on that sofa after work.
Answer:
","We need answer multiple choice. Need analyze. Context: She jumped into a cold pool. Target: She said: ""One could catch a cold in here."" Meaning? Likely pool was super cold. Option a. Need output only a. Ensure final just a.
</think>

a","['a', 'd', 'b', 'c']",4,UA_NI,"{'a': 20.875, 'b': 13.125, 'c': 13.3125, 'd': 12.75}","{'a': 0.9987552165985107, 'b': 0.0004302063607610762, 'c': 0.0005189279327169061, 'd': 0.00029567620367743075}",0.9987552165985107,a,,a
C1_70_A_I,C1_70,277,1,ambiguous,ironic,a,The weather conditions were awful.,Qwen3.8-27B,Condition1B_context_richness_stimuli,general,"You will read short stories that describe everyday situations and which finish with a person saying something. Your task is to decide, given the situation, what meaning the person is most likely conveying. Each story will be followed by 4 possible meaning interpretations listed from a to d. Read each story and choose the number corresponding to the most likely meaning. You can only answer with a, b, c, or d.
Context: He went to the beach, and the weather was cool.
Target utterance: He said: """"Couldn't have asked for better weather.""""
What meaning is he most likely conveying?
a. The weather conditions were awful.
b. The weather conditions were perfect.
c. He meant to harvest the houseplants, but forgot about it.
d. The delivery driver arrived in heavy rain.
Answer:
","We need answer multiple choice. Need analyze. Context: He went to beach, weather cool. Utterance: ""Couldn't have asked for better weather."" This idiom means weather was perfect/ideal. But context says cool? Maybe sarcasm? Let's examine. He went to beach, weather was cool. He says couldn't have asked for better weather. If weather cool at beach, maybe not ideal? But phrase literally means perfect. Options: a awful, b perfect, c irrelevant, d irrelevant. Most likely conveying? Given situation, maybe he is being sarcastic because cool weather at beach is not good? But phrase ""Couldn't have asked for better weather"" is a common expression meaning perfect. The question asks what meaning person","['b', 'a', 'd', 'c']",4,A_I,"{'a': 17.625, 'b': 21.375, 'c': 16.75, 'd': 17.25}","{'a': 0.022408848628401756, 'b': 0.9528484344482422, 'c': 0.009341397322714329, 'd': 0.01540136057883501}",0.9528484344482422,a,,b
C1_71_A_NI,C1_71,57,1,ambiguous,non-ironic,a,The room was freezing cold.,Qwen3.8-27B,Condition1B_context_richness_stimuli,general,"You will read short stories that describe everyday situations and which finish with a person saying something. Your task is to decide, given the situation, what meaning the person is most likely conveying. Each story will be followed by 4 possible meaning interpretations listed from a to d. Read each story and choose the number corresponding to the most likely meaning. You can only answer with a, b, c, or d.
Context: I walked into a cool room. 
Target utterance: I said:  """"Feels like the North Pole in here.""""
What meaning is I most likely conveying?
a. The room was freezing cold.
b. There wasn't enough room in the car for everyone.
c. I leaned the fishing pole against the wall.
d. The room was really warm.
Answer:
","We need answer user's multiple choice. Need choose meaning. Context: walked into cool room. Utterance: ""Feels like the North Pole in here."" Most likely conveying room freezing cold. Option a. Need final only a. Ensure no extra.
</think>

a","['a', 'd', 'c', 'b']",4,A_NI,"{'a': 20.75, 'b': 13.1875, 'c': 13.625, 'd': 13.8125}","{'a': 0.997710108757019, 'b': 0.0005183849134482443, 'c': 0.0008028902811929584, 'd': 0.0009684705291874707}",0.997710108757019,a,,a
C1_72_UA_I,C1_72,179,1,unambiguous,ironic,a,Her coffee did not taste good.,Qwen3.8-27B,Condition1B_context_richness_stimuli,general,"You will read short stories that describe everyday situations and which finish with a person saying something. Your task is to decide, given the situation, what meaning the person is most likely conveying. Each story will be followed by 4 possible meaning interpretations listed from a to d. Read each story and choose the number corresponding to the most likely meaning. You can only answer with a, b, c, or d.
Context: She took a sip of the cold coffee.
Target utterance: She said: """"This is what freshly made coffee tastes like.""""
What meaning is she most likely conveying?
a. Her coffee did not taste good.
b. Her coffee was delicious.
c. She did an experiment in health science.
d. Her coffee tasted like fresh mint.
Answer:
","We need answer multiple choice. Need analyze. Context: She took a sip of the cold coffee. Target: ""This is what freshly made coffee tastes like."" Need infer meaning. Cold coffee? She says this is what freshly made coffee tastes like. Likely sarcastic? If coffee is cold, saying it tastes like freshly made coffee could mean it doesn't taste good? Let's examine options: a Her coffee did not taste good. b delicious. c experiment. d fresh mint. The utterance: ""This is what freshly made coffee tastes like."" If she took sip of cold coffee, maybe she is being sarcastic: cold coffee doesn't taste like fresh, so she's saying it's bad? But phrase ""This is what freshly made","['b', 'a', 'd', 'c']",4,UA_I,"{'a': 21.75, 'b': 16.75, 'c': 17.25, 'd': 17.625}","{'a': 0.9671082496643066, 'b': 0.006516324356198311, 'c': 0.010743602178990841, 'd': 0.015631848946213722}",0.9671082496643066,a,,b
