Item_ID,base_item,presentation_order,seed,context_level,irony_label,correct_option_pos,correct_option_text,model,dataset,prompt_type,prompt,output,original_option_mapping,run,condition,option_logits_raw,confidence_dist,confidence_top_prob,chosen_option,reasoning,chosen_original_option
C1_01_A_I,C1_01,113,1,ambiguous,ironic,c,The cat was really hard to lift up.,Llama-3-8B,Condition1B_context_richness_stimuli,general_reasoning,"You will read short stories that describe everyday situations and which finish with a person saying something. Your task is to decide, given the situation, what meaning the person is most likely conveying. Each story will be followed by 4 possible meaning interpretations listed from a to d. Read each story and choose the number corresponding to the most likely meaning. State the reasoning in 2-3 bullet points and the answer. You can only answer with a, b, c, or d.
Context: He lifted the overweight cat from the table.
Target utterance: He said:  """"That was easy!""""
What meaning is He most likely conveying?
a. The exam was really easy.
b. He just got a great deal on a cat bed.
c. The cat was really hard to lift up.
d. The cat was easy to lift up.
Reasoning:
Answer:
","d. The cat was easy to lift up.
• The context of the situation is about lifting an overweight cat from a table, which implies that the task might be challenging.
• The person's statement ""That was easy!"" suggests that the task was accomplished with minimal effort or difficulty.
• This implies that the cat was not as heavy or difficult to lift as expected, making option d the most likely interpretation.","['c', 'd', 'b', 'a']",1,A_I,"{'a': 17.875, 'b': 15.3125, 'c': 14.75, 'd': 25.75}","{'a': 0.0003799670375883579, 'b': 2.9299910238478333e-05, 'c': 1.669458652031608e-05, 'd': 0.9995740056037903}",0.9995740056037903,d,,a
C1_02_A_NI,C1_02,63,1,ambiguous,non-ironic,b,The dog was really heavy to pick up.,Llama-3-8B,Condition1B_context_richness_stimuli,general_reasoning,"You will read short stories that describe everyday situations and which finish with a person saying something. Your task is to decide, given the situation, what meaning the person is most likely conveying. Each story will be followed by 4 possible meaning interpretations listed from a to d. Read each story and choose the number corresponding to the most likely meaning. State the reasoning in 2-3 bullet points and the answer. You can only answer with a, b, c, or d.
Context: She picked up her overweight dog.
Target utterance: She said: """"Heaviest dog ever.""""
What meaning is She most likely conveying?
a. She just adopted a new dog.
b. The dog was really heavy to pick up.
c. The dog was very light to pick up.
d. It was the heaviest package she ever carried.
Reasoning:
Answer:
","b. 
• The context is about picking up her overweight dog, which implies that the weight of the dog is relevant to the situation.
• The phrase ""overweight dog"" suggests that the dog is heavier than usual.
• The phrase ""Heaviest dog ever"" is likely a humorous exaggeration, but it implies that the dog is unusually heavy, supporting option b.","['d', 'a', 'b', 'c']",1,A_NI,"{'a': 20.625, 'b': 27.5, 'c': 14.875, 'd': 13.5}","{'a': 0.0010322267189621925, 'b': 0.9989635944366455, 'c': 3.2853513403097168e-06, 'd': 8.306669201374461e-07}",0.9989635944366455,b,,a
C1_03_UA_I,C1_03,216,1,unambiguous,ironic,d,Getting their friend off the ground took a lot of effort.,Llama-3-8B,Condition1B_context_richness_stimuli,general_reasoning,"You will read short stories that describe everyday situations and which finish with a person saying something. Your task is to decide, given the situation, what meaning the person is most likely conveying. Each story will be followed by 4 possible meaning interpretations listed from a to d. Read each story and choose the number corresponding to the most likely meaning. State the reasoning in 2-3 bullet points and the answer. You can only answer with a, b, c, or d.
Context: They lift their obese friend.
Target utterance: They said: """"Light as a feather.""""
What meaning is They most likely conveying?
a. Their friend was very easy to lift.
b. The feather fell gently to the ground.
c. They decided to go out for dinner with their friend.
d. Getting their friend off the ground took a lot of effort.
Reasoning:
Answer:
","a.
• The phrase ""Light as a feather"" is an idiomatic expression that means something or someone is very easy to do or handle.
• In this context, the speaker is comparing their friend to a feather, implying that lifting their friend was effortless.
• This phrase is often used to express surprise or relief at how easy a task was, rather than a literal description of weight.","['a', 'c', 'd', 'b']",1,UA_I,"{'a': 26.5, 'b': 15.75, 'c': 11.5625, 'd': 10.6875}","{'a': 0.9999780654907227, 'b': 2.14449373743264e-05, 'c': 3.2562419960413536e-07, 'd': 1.3574035051533428e-07}",0.9999780654907227,a,,a
C1_04_UA_NI,C1_04,242,1,unambiguous,non-ironic,d,Holding my nephew took all my strength.,Llama-3-8B,Condition1B_context_richness_stimuli,general_reasoning,"You will read short stories that describe everyday situations and which finish with a person saying something. Your task is to decide, given the situation, what meaning the person is most likely conveying. Each story will be followed by 4 possible meaning interpretations listed from a to d. Read each story and choose the number corresponding to the most likely meaning. State the reasoning in 2-3 bullet points and the answer. You can only answer with a, b, c, or d.
Context: I held my obese nephew in my arms.
Target utterance: I said: """"Heavier than an elephant.""""
What meaning is I most likely conveying?
a. Holding my nephew took nothing of my strength.
b. The elephant lumbered slowly across the plain.
c. My nephew ate a burger that day.
d. Holding my nephew took all my strength.
Reasoning:
Answer:
","a.
• The comparison to an elephant implies that my nephew is very heavy.
• The context of holding him in my arms suggests that I'm experiencing the physical effort of holding him.
• Saying ""Heavier than an elephant"" emphasizes the difficulty of holding him, implying that it requires a lot of strength, which is the opposite of option a.","['b', 'c', 'd', 'a']",1,UA_NI,"{'a': 27.375, 'b': 17.125, 'c': 14.1875, 'd': 16.125}","{'a': 0.9999496936798096, 'b': 3.535572250257246e-05, 'c': 1.8737846403382719e-06, 'd': 1.3006643712287769e-05}",0.9999496936798096,a,,b
C1_05_A_I,C1_05,122,1,ambiguous,ironic,c,The cake tasted really bad.,Llama-3-8B,Condition1B_context_richness_stimuli,general_reasoning,"You will read short stories that describe everyday situations and which finish with a person saying something. Your task is to decide, given the situation, what meaning the person is most likely conveying. Each story will be followed by 4 possible meaning interpretations listed from a to d. Read each story and choose the number corresponding to the most likely meaning. State the reasoning in 2-3 bullet points and the answer. You can only answer with a, b, c, or d.
Context: She ate a palatable cake.
Target utterance: She said: """"What an amazing flavour.""""
What meaning is She most likely conveying?
a. The cake tasted really good.
b. The cake had three candles on top.
c. The cake tasted really bad.
d. The soup smelled absolutely delicious
Reasoning:
Answer:
","a.
• The context mentions that she ate a palatable cake, which implies that the cake was edible and tasted good.
• The word ""palatable"" is often used to describe something that is pleasant to eat or drink.
• The phrase ""What an amazing flavour"" suggests that she is expressing a positive opinion about the taste of the cake.","['a', 'd', 'b', 'c']",1,A_I,"{'a': 27.25, 'b': 15.0, 'c': 11.5, 'd': 9.9375}","{'a': 0.9999951124191284, 'b': 4.785094006365398e-06, 'c': 1.444973065645172e-07, 'd': 3.028828388096372e-08}",0.9999951124191284,a,,a
C1_06_A_NI,C1_06,132,1,ambiguous,non-ironic,c,The medicine tasted surprisingly pleasant.,Llama-3-8B,Condition1B_context_richness_stimuli,general_reasoning,"You will read short stories that describe everyday situations and which finish with a person saying something. Your task is to decide, given the situation, what meaning the person is most likely conveying. Each story will be followed by 4 possible meaning interpretations listed from a to d. Read each story and choose the number corresponding to the most likely meaning. State the reasoning in 2-3 bullet points and the answer. You can only answer with a, b, c, or d.
Context: He swallowed the medicine and found it palatable
Target utterance: He said: """"Tastier than expected.""""
What meaning is He most likely conveying?
a. He kept the medicine in the bathroom cabinet.
b. The medicine tasted absolutely awful.
c. The medicine tasted surprisingly pleasant.
d. The cake was tastier than expected.
Reasoning:
Answer:
","c. The medicine tasted surprisingly pleasant.
• The person found the medicine palatable, which means it was easy to swallow and had a pleasant taste.
• The fact that he said ""Tastier than expected"" suggests that he had a positive experience with the taste.
• This implies that the medicine's taste exceeded his expectations, which is a positive outcome.","['d', 'b', 'a', 'c']",1,A_NI,"{'a': 20.125, 'b': 16.0, 'c': 27.125, 'd': 12.3125}","{'a': 0.0009110374376177788, 'b': 1.4725548680871725e-05, 'c': 0.99907386302948, 'd': 3.686469085550925e-07}",0.99907386302948,c,,a
C1_07_UA_I,C1_07,249,1,unambiguous,ironic,c,The smoothie was thoroughly nasty.,Llama-3-8B,Condition1B_context_richness_stimuli,general_reasoning,"You will read short stories that describe everyday situations and which finish with a person saying something. Your task is to decide, given the situation, what meaning the person is most likely conveying. Each story will be followed by 4 possible meaning interpretations listed from a to d. Read each story and choose the number corresponding to the most likely meaning. State the reasoning in 2-3 bullet points and the answer. You can only answer with a, b, c, or d.
Context: I took a sip of my smoothie and found it delicious.
Target utterance: I said: """"What a treat.""""
What meaning is I most likely conveying?
a. She gave the dog a treat.
b. The smoothie was thoroughly enjoyable.
c. The smoothie was thoroughly nasty.
d. She was looking for a new smoothie recipe.
Reasoning:
Answer:
","a.
• The context describes taking a sip of a smoothie and finding it delicious.
• The word ""treat"" is often used to describe something pleasant or enjoyable.
• The speaker's tone is likely to be positive, indicating satisfaction with the taste of the smoothie.","['c', 'a', 'b', 'd']",1,UA_I,"{'a': 27.25, 'b': 19.125, 'c': 12.5625, 'd': 11.0}","{'a': 0.9997034668922424, 'b': 0.0002959569392260164, 'c': 4.1799492578320496e-07, 'd': 8.761649183952613e-08}",0.9997034668922424,a,,c
C1_08_UA_NI,C1_08,96,1,unambiguous,non-ironic,a,They liked every single bite of the burger.,Llama-3-8B,Condition1B_context_richness_stimuli,general_reasoning,"You will read short stories that describe everyday situations and which finish with a person saying something. Your task is to decide, given the situation, what meaning the person is most likely conveying. Each story will be followed by 4 possible meaning interpretations listed from a to d. Read each story and choose the number corresponding to the most likely meaning. State the reasoning in 2-3 bullet points and the answer. You can only answer with a, b, c, or d.
Context: They ate a delicious burger.
Target utterance: They said: """"This burger tasted like heaven.""""
What meaning is They most likely conveying?
a. They liked every single bite of the burger.
b. They liked the burger more than the pizza.
c. The burger was the most expensive item on the menu.
d. They could barely force themselves to swallow the burger.
Reasoning:
Answer:
","a
• The phrase ""tasted like heaven"" is an idiomatic expression used to describe something as extremely enjoyable or perfect.
• The context of eating a delicious burger supports this interpretation, as it's a common scenario where someone would use this phrase.
• There's no indication in the context that they're comparing it to pizza or that it was expensive, and the phrase doesn't suggest they had trouble eating it.","['a', 'd', 'c', 'b']",1,UA_NI,"{'a': 26.75, 'b': 15.375, 'c': 11.875, 'd': 10.0625}","{'a': 0.9999881982803345, 'b': 1.147876446339069e-05, 'c': 3.466286671027774e-07, 'd': 5.658557000742803e-08}",0.9999881982803345,a,,a
C1_09_A_I,C1_09,218,1,ambiguous,ironic,a,The babysitter was not taking good care of the kids.,Llama-3-8B,Condition1B_context_richness_stimuli,general_reasoning,"You will read short stories that describe everyday situations and which finish with a person saying something. Your task is to decide, given the situation, what meaning the person is most likely conveying. Each story will be followed by 4 possible meaning interpretations listed from a to d. Read each story and choose the number corresponding to the most likely meaning. State the reasoning in 2-3 bullet points and the answer. You can only answer with a, b, c, or d.
Context: They hired a fearless babysitter.
Target utterance: They said: """"The kids are not safe at all.""""
What meaning is They most likely conveying?
a. The babysitter was not taking good care of the kids.
b. The babysitter was taking good care of the kids.
c. The babysitter parked her car outside.
d. The kids had very clean hands.
Reasoning:
Answer:
","a.
• The context mentions that they hired a ""fearless babysitter,"" which implies that the babysitter is capable and competent.
• The statement ""The kids are not safe at all"" suggests a negative evaluation of the babysitter's performance.
• This negative evaluation is inconsistent with the idea that the babysitter is taking good care of the kids, making option b unlikely.","['b', 'a', 'd', 'c']",1,A_I,"{'a': 26.75, 'b': 14.625, 'c': 12.4375, 'd': 10.0625}","{'a': 0.9999940395355225, 'b': 5.422215963335475e-06, 'c': 6.083557764213765e-07, 'd': 5.658590040980016e-08}",0.9999940395355225,a,,b
C1_10_A_NI,C1_10,288,1,ambiguous,non-ironic,d,The police officer made them feel very safe.,Llama-3-8B,Condition1B_context_richness_stimuli,general_reasoning,"You will read short stories that describe everyday situations and which finish with a person saying something. Your task is to decide, given the situation, what meaning the person is most likely conveying. Each story will be followed by 4 possible meaning interpretations listed from a to d. Read each story and choose the number corresponding to the most likely meaning. State the reasoning in 2-3 bullet points and the answer. You can only answer with a, b, c, or d.
Context: They met a fearless police officer.
Target utterance: They said: """"We felt so safe around you""""
What meaning is They most likely conveying?
a. The police officer drank a cup of coffee.
b. They were sitting in a very safe seat.
c. The police officer did not make them feel safe at all.
d. The police officer made them feel very safe.
Reasoning:
Answer:
","d. The police officer made them feel very safe.

• The context mentions a ""fearless police officer,"" which implies a person who is brave and capable of handling difficult situations.
• The phrase ""felt so safe around you"" suggests a positive emotional response to the officer's presence.
• This response is typically associated with someone who inspires trust and confidence, which is consistent with the description of a fearless police officer.","['d', 'c', 'b', 'a']",1,A_NI,"{'a': 17.75, 'b': 14.875, 'c': 13.9375, 'd': 25.625}","{'a': 0.00037997320760041475, 'b': 2.143662095477339e-05, 'c': 8.394700671487954e-06, 'd': 0.9995902180671692}",0.9995902180671692,d,,a
C1_11_UA_I,C1_11,58,1,unambiguous,ironic,d,Seeing the pilot made her feel even more anxious.,Llama-3-8B,Condition1B_context_richness_stimuli,general_reasoning,"You will read short stories that describe everyday situations and which finish with a person saying something. Your task is to decide, given the situation, what meaning the person is most likely conveying. Each story will be followed by 4 possible meaning interpretations listed from a to d. Read each story and choose the number corresponding to the most likely meaning. State the reasoning in 2-3 bullet points and the answer. You can only answer with a, b, c, or d.
Context: She noticed the brave pilot before boarding.
Target utterance: She said: """"That really shook me up.""""
What meaning is She most likely conveying?
a. She dated a pilot for several months.
b. Seeing the pilot put her completely at ease.
c. She settled into her seat and fastened the belt.
d. Seeing the pilot made her feel even more anxious.
Reasoning:
Answer:
","a.
• The phrase ""shook me up"" can imply a strong emotional reaction, often negative.
• The context of noticing the pilot before boarding suggests that she was about to fly, which can be a source of anxiety for many people.
• The phrase is more likely to be used in a situation where she experienced a strong, possibly negative reaction, such as fear or surprise, rather than a positive one like feeling at ease.","['d', 'a', 'c', 'b']",1,UA_I,"{'a': 27.25, 'b': 17.0, 'c': 14.375, 'd': 14.75}","{'a': 0.9999583959579468, 'b': 3.5356031730771065e-05, 'c': 2.5611821001803037e-06, 'd': 3.7264981074258685e-06}",0.9999583959579468,a,,d
C1_12_UA_NI,C1_12,128,1,unambiguous,non-ironic,b,His father showed no fear at all.,Llama-3-8B,Condition1B_context_richness_stimuli,general_reasoning,"You will read short stories that describe everyday situations and which finish with a person saying something. Your task is to decide, given the situation, what meaning the person is most likely conveying. Each story will be followed by 4 possible meaning interpretations listed from a to d. Read each story and choose the number corresponding to the most likely meaning. State the reasoning in 2-3 bullet points and the answer. You can only answer with a, b, c, or d.
Context: He saw his brave father.
Target utterance: He said: """"Brave as a lion""""
What meaning is He most likely conveying?
a. His father wore a blue jacket.
b. His father showed no fear at all.
c. The lion prowled across the savannah.
d. His father's face was full of fear.
Reasoning:
Answer:
","b. His father showed no fear at all.
• The comparison to a lion, known for its fearlessness and bravery, suggests that the speaker's father is being described in a positive light.
• The phrase ""brave as a lion"" is an idiomatic expression that implies courage and fearlessness.
• The context of seeing his father implies that the speaker is observing his father's behavior, which is being described as brave.","['d', 'a', 'c', 'b']",1,UA_NI,"{'a': 20.375, 'b': 28.0, 'c': 15.875, 'd': 13.6875}","{'a': 0.0004878542385995388, 'b': 0.9995062351226807, 'c': 5.419571152742719e-06, 'd': 6.080590537749231e-07}",0.9995062351226807,b,,a
C1_13_A_I,C1_13,102,1,ambiguous,ironic,a,"His girlfriend clearly looked worn out, not refreshed at all.",Llama-3-8B,Condition1B_context_richness_stimuli,general_reasoning,"You will read short stories that describe everyday situations and which finish with a person saying something. Your task is to decide, given the situation, what meaning the person is most likely conveying. Each story will be followed by 4 possible meaning interpretations listed from a to d. Read each story and choose the number corresponding to the most likely meaning. State the reasoning in 2-3 bullet points and the answer. You can only answer with a, b, c, or d.
Context: He saw his energetic girlfriend.
Target utterance: He said: """"You look like you've been awake since birth.""""
What meaning is He most likely conveying?
a. His girlfriend clearly looked worn out, not refreshed at all.
b. He was planning to surprise his girlfriend with a home-cooked meal.
c. To him, his girlfriend looked well-rested and full of energy.
d. He had just bought her a refreshing cold drink.
Reasoning:
Answer:
","a.
• The phrase ""since birth"" implies a long period of time, suggesting that the girlfriend has been awake for a very long time.
• The tone of the statement is likely sarcastic or humorous, implying that the girlfriend looks tired.
• The statement is a commentary on the girlfriend's appearance, specifically her lack of sleep.","['b', 'd', 'a', 'c']",1,A_I,"{'a': 27.25, 'b': 15.625, 'c': 14.125, 'd': 11.5}","{'a': 0.9999889135360718, 'b': 8.939677172747906e-06, 'c': 1.9947117380070267e-06, 'd': 1.4449641128067015e-07}",0.9999889135360718,a,,b
C1_14_A_NI,C1_14,135,1,ambiguous,non-ironic,d,Her colleague seemed very energetic today.,Llama-3-8B,Condition1B_context_richness_stimuli,general_reasoning,"You will read short stories that describe everyday situations and which finish with a person saying something. Your task is to decide, given the situation, what meaning the person is most likely conveying. Each story will be followed by 4 possible meaning interpretations listed from a to d. Read each story and choose the number corresponding to the most likely meaning. State the reasoning in 2-3 bullet points and the answer. You can only answer with a, b, c, or d.
Context: She saw her energetic colleague.
Target utterance: She said: """"You seem so full of energy today.""""
What meaning is She most likely conveying?
a. She was redecorating the office of her colleague.
b. She filled up the car with energy.
c. Her colleague seemed very tired today.
d. Her colleague seemed very energetic today.
Reasoning:
Answer:
","d. Her colleague seemed very energetic today.

• The context is about seeing her energetic colleague, which implies that the speaker has observed her colleague's behavior or demeanor.
• The phrase ""full of energy"" is a common idiomatic expression used to describe someone who appears lively, enthusiastic, or vibrant.
• The speaker's comment is likely a compliment or an observation about her colleague's current state, rather than a reference to a physical or material change.","['d', 'c', 'b', 'a']",1,A_NI,"{'a': 17.875, 'b': 15.1875, 'c': 15.5, 'd': 26.375}","{'a': 0.00020342030620668083, 'b': 1.384292590955738e-05, 'c': 1.8921035007224418e-05, 'd': 0.9997637867927551}",0.9997637867927551,d,,a
C1_15_UA_I,C1_15,15,1,unambiguous,ironic,c,They felt really exhausted after the sleepover.,Llama-3-8B,Condition1B_context_richness_stimuli,general_reasoning,"You will read short stories that describe everyday situations and which finish with a person saying something. Your task is to decide, given the situation, what meaning the person is most likely conveying. Each story will be followed by 4 possible meaning interpretations listed from a to d. Read each story and choose the number corresponding to the most likely meaning. State the reasoning in 2-3 bullet points and the answer. You can only answer with a, b, c, or d.
Context: After the sleepover, they were hyperactive.
Target utterance: They said:  """"We never felt more tired in our lifes.""""
What meaning is They most likely conveying?
a. They rested the heavy boxes on the floor.
b. They did sleep overs once a year.
c. They felt really exhausted after the sleepover.
d. They felt very well-rested after the sleepover.
Reasoning:
Answer:
","c. They felt really exhausted after the sleepover.

• The context mentions that they were ""hyperactive"" after the sleepover, which suggests that they had a lot of energy and were likely awake for an extended period.
• The phrase ""We never felt more tired in our lives"" implies a contrast between their current state and their usual state, suggesting that they are feeling unusually fatigued.
• The phrase ""in our lives"" emphasizes the extremity of their exhaustion, implying that it's not just a normal tiredness but an exceptional one.","['c', 'd', 'b', 'a']",1,UA_I,"{'a': 18.625, 'b': 15.9375, 'c': 26.25, 'd': 14.8125}","{'a': 0.00048783569945953786, 'b': 3.319763709441759e-05, 'c': 0.9994682669639587, 'd': 1.0777695024444256e-05}",0.9994682669639587,c,,b
C1_16_UA_NI,C1_16,111,1,unambiguous,non-ironic,c,I felt fully prepared and ready for the exam.,Llama-3-8B,Condition1B_context_richness_stimuli,general_reasoning,"You will read short stories that describe everyday situations and which finish with a person saying something. Your task is to decide, given the situation, what meaning the person is most likely conveying. Each story will be followed by 4 possible meaning interpretations listed from a to d. Read each story and choose the number corresponding to the most likely meaning. State the reasoning in 2-3 bullet points and the answer. You can only answer with a, b, c, or d.
Context: Right before my exam, I felt really hyperactive.
Target utterance: I said: """"I have never felt more ready.""""
What meaning is I most likely conveying?
a. Deep down I felt completely unprepared for the exam.
b. The exam started at nine o'clock.
c. I felt fully prepared and ready for the exam.
d. Dinner was ready by seven o'clock.
Reasoning:
Answer:
","a.
• The context is right before an exam, which implies that the speaker is talking about their state of mind in relation to the exam.
• The speaker describes themselves as ""hyperactive,"" which typically means they are feeling anxious or jittery, often due to being unprepared or nervous.
• Saying ""I have never felt more ready"" in this context seems ironic or contradictory to the hyperactive state, suggesting that the speaker is trying to reassure themselves or others that they are prepared despite their nervousness.","['b', 'd', 'a', 'c']",1,UA_NI,"{'a': 27.375, 'b': 17.125, 'c': 18.0, 'd': 12.6875}","{'a': 0.9998792409896851, 'b': 3.5353230487089604e-05, 'c': 8.48079944262281e-05, 'd': 4.1806839590208256e-07}",0.9998792409896851,a,,b
C1_17_A_I,C1_17,241,1,ambiguous,ironic,c,Her idea was outdated.,Llama-3-8B,Condition1B_context_richness_stimuli,general_reasoning,"You will read short stories that describe everyday situations and which finish with a person saying something. Your task is to decide, given the situation, what meaning the person is most likely conveying. Each story will be followed by 4 possible meaning interpretations listed from a to d. Read each story and choose the number corresponding to the most likely meaning. State the reasoning in 2-3 bullet points and the answer. You can only answer with a, b, c, or d.
Context: She had an old idea.
Target utterance: She said: """"Truly ahead of its time.""""
What meaning is She most likely conveying?
a. Her idea was innovative.
b. She had the idea to redecorate her office.
c. Her idea was outdated.
d. She had arrived early.
Reasoning:
Answer:
","a.
• The phrase ""ahead of its time"" is an idiomatic expression that means something is innovative or ahead of the current standard.
• In this context, it suggests that the idea was progressive or forward-thinking.
• This interpretation is supported by the fact that the phrase is often used to praise something for being innovative or pioneering.","['a', 'd', 'b', 'c']",1,A_I,"{'a': 27.875, 'b': 15.3125, 'c': 11.9375, 'd': 10.375}","{'a': 0.9999964237213135, 'b': 3.500854063531733e-06, 'c': 1.197926451368403e-07, 'd': 2.510989993709245e-08}",0.9999964237213135,a,,a
C1_18_A_NI,C1_18,134,1,ambiguous,non-ironic,a,He found the approach genuinely new and creative.,Llama-3-8B,Condition1B_context_richness_stimuli,general_reasoning,"You will read short stories that describe everyday situations and which finish with a person saying something. Your task is to decide, given the situation, what meaning the person is most likely conveying. Each story will be followed by 4 possible meaning interpretations listed from a to d. Read each story and choose the number corresponding to the most likely meaning. State the reasoning in 2-3 bullet points and the answer. You can only answer with a, b, c, or d.
Context: It was an old approach. 
Target utterance: He said: """"How refreshingly innovative.""""
What meaning is He most likely conveying?
a. He found the approach genuinely new and creative.
b. In his view, it was a stale approach he had seen many times before.
c. Refreshments were served at the end of the presentation.
d. He researched new approaches for several months.
Reasoning:
Answer:
","a.
• The word ""refreshingly"" suggests a positive and new experience.
• The word ""innovative"" implies something that is creative and original.
• The phrase as a whole implies that the speaker finds the approach to be genuinely new and creative.","['a', 'b', 'c', 'd']",1,A_NI,"{'a': 28.125, 'b': 15.4375, 'c': 12.1875, 'd': 10.25}","{'a': 0.9999967813491821, 'b': 3.089493930019671e-06, 'c': 1.1979268776940444e-07, 'd': 1.7257773876622196e-08}",0.9999967813491821,a,,a
C1_19_UA_I,C1_19,209,1,unambiguous,ironic,a,"To her, the tradition felt stale and long past its use.",Llama-3-8B,Condition1B_context_richness_stimuli,general_reasoning,"You will read short stories that describe everyday situations and which finish with a person saying something. Your task is to decide, given the situation, what meaning the person is most likely conveying. Each story will be followed by 4 possible meaning interpretations listed from a to d. Read each story and choose the number corresponding to the most likely meaning. State the reasoning in 2-3 bullet points and the answer. You can only answer with a, b, c, or d.
Context: The tradition was ancient.
Target utterance: She said: """"How wonderfully timeless.""""
What meaning is She most likely conveying?
a. To her, the tradition felt stale and long past its use.
b. She read about the tradition in a local history book.
c. She found the tradition beautifully enduring and meaningful.
d. The clock ticked for over a century.
Reasoning:
Answer:
","c. She found the tradition beautifully enduring and meaningful.
• The word ""timeless"" implies something that is not bound by time, suggesting a sense of timelessness and enduring quality.
• The context of the tradition being ancient implies that it has stood the test of time, which aligns with the idea of timelessness.
• The phrase ""How wonderfully"" also suggests a positive and appreciative tone, indicating that she values the tradition.","['b', 'd', 'a', 'c']",1,UA_I,"{'a': 19.25, 'b': 15.5, 'c': 27.625, 'd': 12.75}","{'a': 0.00023050537856761366, 'b': 5.42096677236259e-06, 'c': 0.9997636675834656, 'd': 3.4655084846235695e-07}",0.9997636675834656,c,,a
C1_20_UA_NI,C1_20,87,1,unambiguous,non-ironic,d,She liked the smell of her car.,Llama-3-8B,Condition1B_context_richness_stimuli,general_reasoning,"You will read short stories that describe everyday situations and which finish with a person saying something. Your task is to decide, given the situation, what meaning the person is most likely conveying. Each story will be followed by 4 possible meaning interpretations listed from a to d. Read each story and choose the number corresponding to the most likely meaning. State the reasoning in 2-3 bullet points and the answer. You can only answer with a, b, c, or d.
Context: She bought an ancient car.
Target utterance: She says: """"I just love the new car smell.""""
What meaning is She most likely conveying?
a. She could smell what her husband was cooking.
b. She took her car to the gas station.
c. She was disappointed with the smell of her car.
d. She liked the smell of her car.
Reasoning:
Answer:
","d. She liked the smell of her car.

• The phrase ""new car smell"" is a common idiomatic expression that refers to the distinctive, pleasant odor of a brand-new vehicle.
• The context of buying an ancient car suggests that the car is not new, but the speaker's comment implies that she is referring to the smell of a new car, not the actual age of the vehicle.
• The speaker's tone and words suggest a positive sentiment, indicating that she is expressing her appreciation for the smell, which is a characteristic of a new car.","['c', 'd', 'b', 'a']",1,UA_NI,"{'a': 18.625, 'b': 15.0625, 'c': 14.3125, 'd': 26.25}","{'a': 0.0004878471954725683, 'b': 1.3839159691997338e-05, 'c': 6.53715642329189e-06, 'd': 0.999491810798645}",0.999491810798645,d,,a
C1_21_A_I,C1_21,247,1,ambiguous,ironic,b,The birthday party was a disappointment.,Llama-3-8B,Condition1B_context_richness_stimuli,general_reasoning,"You will read short stories that describe everyday situations and which finish with a person saying something. Your task is to decide, given the situation, what meaning the person is most likely conveying. Each story will be followed by 4 possible meaning interpretations listed from a to d. Read each story and choose the number corresponding to the most likely meaning. State the reasoning in 2-3 bullet points and the answer. You can only answer with a, b, c, or d.
Context: She left the birthday party feeling happy.
Target utterance: She says: """"Truly a night to remember.""""
What meaning is She most likely conveying?
a. She had trouble remembering things.
b. The birthday party was a disappointment.
c. She planned her next birthday party.
d. The birthday party was a great success.
Reasoning:
Answer:
","d. The birthday party was a great success.
• The context states that she left the party feeling happy, indicating a positive experience.
• The phrase ""a night to remember"" typically implies a memorable and enjoyable event.
• The overall tone suggests that the party was enjoyable and worth remembering.","['c', 'b', 'd', 'a']",1,A_I,"{'a': 16.625, 'b': 14.375, 'c': 14.625, 'd': 26.0}","{'a': 8.480931137455627e-05, 'b': 8.938834980654065e-06, 'c': 1.1477691259642597e-05, 'd': 0.9998947381973267}",0.9998947381973267,d,,a
C1_22_A_NI,C1_22,8,1,ambiguous,non-ironic,d,The wedding was a beautiful and enchanting occasion.,Llama-3-8B,Condition1B_context_richness_stimuli,general_reasoning,"You will read short stories that describe everyday situations and which finish with a person saying something. Your task is to decide, given the situation, what meaning the person is most likely conveying. Each story will be followed by 4 possible meaning interpretations listed from a to d. Read each story and choose the number corresponding to the most likely meaning. State the reasoning in 2-3 bullet points and the answer. You can only answer with a, b, c, or d.
Context: She left the wedding feeling happy.
Target utterance: She says: """"What a magical day.""""
What meaning is She most likely conveying?
a. The magician wowed all the guests at the reception.
b. She helped organise the flowers for the wedding beforehand.
c. The wedding had been a dull, disappointing event from start to finish.
d. The wedding was a beautiful and enchanting occasion.
Reasoning:
Answer:
","d. The wedding was a beautiful and enchanting occasion.
• The context states that she left the wedding feeling happy, indicating a positive experience.
• The phrase ""magical day"" typically connotes a sense of enchantment and wonder, suggesting a positive experience.
• The phrase is unlikely to be used to describe a dull or disappointing event, making options a and c less likely.","['c', 'd', 'b', 'a']",1,A_NI,"{'a': 16.75, 'b': 14.3125, 'c': 14.1875, 'd': 25.875}","{'a': 0.00010889495024457574, 'b': 9.515135388937779e-06, 'c': 8.397077181143686e-06, 'd': 0.999873161315918}",0.999873161315918,d,,a
C1_23_UA_I,C1_23,4,1,unambiguous,ironic,d,They had found the film funny from start to finish.,Llama-3-8B,Condition1B_context_richness_stimuli,general_reasoning,"You will read short stories that describe everyday situations and which finish with a person saying something. Your task is to decide, given the situation, what meaning the person is most likely conveying. Each story will be followed by 4 possible meaning interpretations listed from a to d. Read each story and choose the number corresponding to the most likely meaning. State the reasoning in 2-3 bullet points and the answer. You can only answer with a, b, c, or d.
Context: They left the cinema feeling delighted.
Target utterance: They say: """"What a painfull film.""""
What meaning is They most likely conveying?
a. The injection was over quickly, but it was painful.
b. They went to the same cinema as always.
c. They had found the film dull from start to finish.
d. They had found the film funny from start to finish.
Reasoning:
Answer:
","a.
• The phrase ""What a painfull film"" is an idiomatic expression meaning something is boring or dull.
• The context is a cinema, where people typically watch movies, not receive injections.
• The phrase ""delighted"" at the beginning suggests that the speaker's experience was negative, contradicting the idea that the film was funny.","['c', 'd', 'a', 'b']",1,UA_I,"{'a': 26.375, 'b': 15.875, 'c': 16.125, 'd': 12.5}","{'a': 0.9999361038208008, 'b': 2.7534690161701292e-05, 'c': 3.5355242289369926e-05, 'd': 9.421852951163601e-07}",0.9999361038208008,a,,c
C1_24_UA_NI,C1_24,21,1,unambiguous,non-ironic,c,The message brought good news.,Llama-3-8B,Condition1B_context_richness_stimuli,general_reasoning,"You will read short stories that describe everyday situations and which finish with a person saying something. Your task is to decide, given the situation, what meaning the person is most likely conveying. Each story will be followed by 4 possible meaning interpretations listed from a to d. Read each story and choose the number corresponding to the most likely meaning. State the reasoning in 2-3 bullet points and the answer. You can only answer with a, b, c, or d.
Context: She received a message and was delighted.
Target utterance: She says: """"These are amazing news.""""
What meaning is She most likely conveying?
a. What she read was news to her.
b. The message brought negative news.
c. The message brought good news.
d. She wanted to send a message.
Reasoning:
Answer:
","a. 
• The word ""delighted"" implies a positive emotional response, which suggests that the message was good news.
• The phrase ""amazing news"" further reinforces the idea that the message was positive.
• The context of receiving a message and being delighted typically implies that the content of the message is something pleasant or surprising.","['c', 'b', 'a', 'd']",1,UA_NI,"{'a': 28.125, 'b': 17.375, 'c': 22.75, 'd': 14.1875}","{'a': 0.9953683614730835, 'b': 2.1346080757211894e-05, 'c': 0.004609469790011644, 'd': 8.81057985679945e-07}",0.9953683614730835,a,,c
C1_25_A_I,C1_25,181,1,ambiguous,ironic,c,Her exam answers were embarrassingly poor.,Llama-3-8B,Condition1B_context_richness_stimuli,general_reasoning,"You will read short stories that describe everyday situations and which finish with a person saying something. Your task is to decide, given the situation, what meaning the person is most likely conveying. Each story will be followed by 4 possible meaning interpretations listed from a to d. Read each story and choose the number corresponding to the most likely meaning. State the reasoning in 2-3 bullet points and the answer. You can only answer with a, b, c, or d.
Context: Her answers in the exam were intelligent.
Target utterance: She says: """"What a genius.""""
What meaning is She most likely conveying?
a. Her exam answers were impressively smart.
b. She studied for her next exam.
c. Her exam answers were embarrassingly poor.
d. She had a high IQ.
Reasoning:
Answer:
","a.
• The context is about her exam answers being intelligent, which suggests that her performance was impressive.
• The phrase ""What a genius"" is an expression of admiration and praise, implying that her answers were exceptionally smart.
• This interpretation aligns with the context of her exam performance being intelligent.","['a', 'd', 'b', 'c']",1,A_I,"{'a': 27.0, 'b': 14.125, 'c': 11.4375, 'd': 10.25}","{'a': 0.9999973773956299, 'b': 2.5612819172238233e-06, 'c': 1.7429744048058637e-07, 'd': 5.3157712898155296e-08}",0.9999973773956299,a,,a
C1_26_A_NI,C1_26,133,1,ambiguous,non-ironic,a,They were genuinely fortunate to have such a strong suggestion.,Llama-3-8B,Condition1B_context_richness_stimuli,general_reasoning,"You will read short stories that describe everyday situations and which finish with a person saying something. Your task is to decide, given the situation, what meaning the person is most likely conveying. Each story will be followed by 4 possible meaning interpretations listed from a to d. Read each story and choose the number corresponding to the most likely meaning. State the reasoning in 2-3 bullet points and the answer. You can only answer with a, b, c, or d.
Context: Their colleague's suggestion was intelligent.
Target utterance: They said: """"We really had luck with that one.""""
What meaning is They most likely conveying?
a. They were genuinely fortunate to have such a strong suggestion.
b. As far as they were concerned, it was a poor suggestion.
c. They got lucky at the casino.
d. They thought that every project starts with a suggestion.
Reasoning:
Answer:
","a.
• The context states that their colleague's suggestion was intelligent, implying that it was a good idea.
• The phrase ""We really had luck with that one"" is used in a positive context, suggesting that the outcome was successful.
• The phrase is often used to express that a good outcome was achieved, not necessarily due to luck, but rather due to a good decision or suggestion.","['a', 'b', 'c', 'd']",1,A_NI,"{'a': 26.875, 'b': 14.75, 'c': 11.4375, 'd': 9.5}","{'a': 0.9999943971633911, 'b': 5.4222177823248785e-06, 'c': 1.97504277821281e-07, 'd': 2.845318824995502e-08}",0.9999943971633911,a,,a
C1_27_UA_I,C1_27,120,1,unambiguous,ironic,c,His argument was weak and poorly constructed.,Llama-3-8B,Condition1B_context_richness_stimuli,general_reasoning,"You will read short stories that describe everyday situations and which finish with a person saying something. Your task is to decide, given the situation, what meaning the person is most likely conveying. Each story will be followed by 4 possible meaning interpretations listed from a to d. Read each story and choose the number corresponding to the most likely meaning. State the reasoning in 2-3 bullet points and the answer. You can only answer with a, b, c, or d.
Context: His argument in the debate was brilliant.
Target utterance: She says: """"What a master of rhetoric.""""
What meaning is She most likely conveying?
a. Sokrates was a master of rhetoric.
b. She had an argument with him that night.
c. His argument was weak and poorly constructed.
d. His argument was strong and well presented.
Reasoning:
Answer:
","a.
• The context is a debate, which implies a formal discussion or presentation of arguments.
• The term ""master of rhetoric"" refers to someone who is skilled in the art of using language effectively, particularly in public speaking or debate.
• The phrase is used in a positive context, suggesting that the speaker is complimenting Sokrates' argument.","['c', 'd', 'b', 'a']",1,UA_I,"{'a': 26.375, 'b': 15.4375, 'c': 12.625, 'd': 16.375}","{'a': 0.9999357461929321, 'b': 1.7777725588530302e-05, 'c': 1.0676354804672883e-06, 'd': 4.5397013309411705e-05}",0.9999357461929321,a,,c
C1_28_UA_NI,C1_28,238,1,unambiguous,non-ironic,c,She believed that his business plan would be successful.,Llama-3-8B,Condition1B_context_richness_stimuli,general_reasoning,"You will read short stories that describe everyday situations and which finish with a person saying something. Your task is to decide, given the situation, what meaning the person is most likely conveying. Each story will be followed by 4 possible meaning interpretations listed from a to d. Read each story and choose the number corresponding to the most likely meaning. State the reasoning in 2-3 bullet points and the answer. You can only answer with a, b, c, or d.
Context: His business plan was brilliant.
Target utterance: She says: """"We will make lots of money with this.""""
What meaning is He most likely conveying?
a. She believed that his business plan would fail.
b. She was interested in making lots of money.
c. She believed that his business plan would be successful.
d. He asked a colleague for help with his business plan.
Reasoning:
Answer:
","c. She believed that his business plan would be successful.

• The context states that his business plan was brilliant, indicating a positive assessment.
• The phrase ""We will make lots of money"" suggests a positive outcome, implying that the plan is likely to be successful.
• The tone of the statement is optimistic, further supporting the idea that she believes the plan will be successful.","['b', 'c', 'a', 'd']",1,UA_NI,"{'a': 19.375, 'b': 16.875, 'c': 26.875, 'd': 12.5}","{'a': 0.0005527532193809748, 'b': 4.537275162874721e-05, 'c': 0.999401330947876, 'd': 5.711586368306598e-07}",0.999401330947876,c,,a
C1_29_A_I,C1_29,50,1,ambiguous,ironic,c,The restaurant visit was a real disappointment.,Llama-3-8B,Condition1B_context_richness_stimuli,general_reasoning,"You will read short stories that describe everyday situations and which finish with a person saying something. Your task is to decide, given the situation, what meaning the person is most likely conveying. Each story will be followed by 4 possible meaning interpretations listed from a to d. Read each story and choose the number corresponding to the most likely meaning. State the reasoning in 2-3 bullet points and the answer. You can only answer with a, b, c, or d.
Context: After the restaurant visit he was satiated.
Target utterance: He says: """"Best dinner ever.""""
What meaning is He most likely conveying?
a. He looked forward to this restaurant visit for weeks.
b. It was the best-reviewed dinner spot in the whole city.
c. The restaurant visit was a real disappointment.
d. The restaurant visit was genuinely outstanding.
Reasoning:
Answer:
","d. The restaurant visit was genuinely outstanding.

• The phrase ""Best dinner ever"" typically expresses a strong positive sentiment.
• The context of being ""satiated"" after the restaurant visit implies that the person was satisfied with the food, which aligns with a positive experience.
• The phrase is often used to express exceptional quality or enjoyment, making option d the most likely interpretation.","['d', 'c', 'b', 'a']",1,A_I,"{'a': 16.875, 'b': 14.0, 'c': 13.375, 'd': 26.0}","{'a': 0.00010889587429119274, 'b': 6.143485279608285e-06, 'c': 3.2883706353459274e-06, 'd': 0.9998816251754761}",0.9998816251754761,d,,a
C1_30_A_NI,C1_30,68,1,ambiguous,non-ironic,c,The buffet was a rich.,Llama-3-8B,Condition1B_context_richness_stimuli,general_reasoning,"You will read short stories that describe everyday situations and which finish with a person saying something. Your task is to decide, given the situation, what meaning the person is most likely conveying. Each story will be followed by 4 possible meaning interpretations listed from a to d. Read each story and choose the number corresponding to the most likely meaning. State the reasoning in 2-3 bullet points and the answer. You can only answer with a, b, c, or d.
Context: He left the buffet feeling satiated.
Target utterance: He says: """"Truly a feast for the senses."" ""
What meaning is He most likely conveying?
a. The feast was celebrated every year in their village.
b. There had been very little worth eating at the buffet.
c. The buffet was a rich.
d. Diners often have a buffet.
Reasoning:
Answer:
","a.
• The phrase ""feast for the senses"" typically implies a rich and abundant experience that engages multiple senses, such as sight, smell, taste, and sound.
• The context of the story is about someone leaving a buffet, which suggests that the person is referring to the food and the overall dining experience.
• The phrase is often used to describe a luxurious or indulgent experience, which aligns with the idea that the buffet was rich and abundant.","['c', 'b', 'a', 'd']",1,A_NI,"{'a': 27.375, 'b': 17.0, 'c': 16.75, 'd': 14.3125}","{'a': 0.9999423027038574, 'b': 3.12010852212552e-05, 'c': 2.4299428332597017e-05, 'd': 2.1232604012766387e-06}",0.9999423027038574,a,,c
C1_31_UA_I,C1_31,27,1,unambiguous,ironic,b,There was barely anything to eat; they left unsatisfied.,Llama-3-8B,Condition1B_context_richness_stimuli,general_reasoning,"You will read short stories that describe everyday situations and which finish with a person saying something. Your task is to decide, given the situation, what meaning the person is most likely conveying. Each story will be followed by 4 possible meaning interpretations listed from a to d. Read each story and choose the number corresponding to the most likely meaning. State the reasoning in 2-3 bullet points and the answer. You can only answer with a, b, c, or d.
Context: They left the picnic feeling full.
Target utterance: They say: """"Food for the soul.""""
What meaning is They most likely conveying?
a. She always kept her soul music collection in good order.
b. There was barely anything to eat; they left unsatisfied.
c. The picnic was nourishing and genuinely enjoyable.
d. They spent the morning preparing sandwiches for the picnic.
Reasoning:
Answer:
","c. The picnic was nourishing and genuinely enjoyable.
• The phrase ""food for the soul"" is an idiomatic expression that refers to something that provides emotional nourishment or satisfaction.
• The context of the story mentions that they left the picnic feeling full, which suggests that the picnic was satisfying and enjoyable.
• This phrase is often used to describe experiences or activities that bring joy and fulfillment, rather than physical food.","['c', 'b', 'a', 'd']",1,UA_I,"{'a': 19.75, 'b': 15.875, 'c': 27.125, 'd': 13.5625}","{'a': 0.0006263252580538392, 'b': 1.2998965758015402e-05, 'c': 0.9993594288825989, 'd': 1.2870718819613103e-06}",0.9993594288825989,c,,a
C1_32_UA_NI,C1_32,73,1,unambiguous,non-ironic,c,His plate had been full with food and he ate it all up.,Llama-3-8B,Condition1B_context_richness_stimuli,general_reasoning,"You will read short stories that describe everyday situations and which finish with a person saying something. Your task is to decide, given the situation, what meaning the person is most likely conveying. Each story will be followed by 4 possible meaning interpretations listed from a to d. Read each story and choose the number corresponding to the most likely meaning. State the reasoning in 2-3 bullet points and the answer. You can only answer with a, b, c, or d.
Context: He looked at the empty plate in front of him and was full.
Target utterance: He says: """"No way I could eat more."" ""
What meaning is He most likely conveying?
a. The waiter had forgotten to fill his plate and he did not eat anything.
b. He went to a stylish pottery to buy a special plate.
c. His plate had been full with food and he ate it all up.
d. He prefers to eat his lunch alone.
Reasoning:
Answer:
","a.
• The context mentions an empty plate, which suggests that the plate was previously filled with food.
• The phrase ""and was full"" implies that he had eaten a lot, indicating the plate was empty because he consumed the food.
• The statement ""No way I could eat more"" suggests that he is satisfied and has no room for more food, reinforcing the idea that he ate the food on the plate.","['b', 'd', 'a', 'c']",1,UA_NI,"{'a': 27.75, 'b': 15.75, 'c': 16.5, 'd': 11.6875}","{'a': 0.9999806880950928, 'b': 6.144093731563771e-06, 'c': 1.3007046618440654e-05, 'd': 1.0571497455202916e-07}",0.9999806880950928,a,,b
C1_33_A_I,C1_33,199,1,ambiguous,ironic,a,The library was far too noisy to concentrate.,Llama-3-8B,Condition1B_context_richness_stimuli,general_reasoning,"You will read short stories that describe everyday situations and which finish with a person saying something. Your task is to decide, given the situation, what meaning the person is most likely conveying. Each story will be followed by 4 possible meaning interpretations listed from a to d. Read each story and choose the number corresponding to the most likely meaning. State the reasoning in 2-3 bullet points and the answer. You can only answer with a, b, c, or d.
Context: She walked into the library and it was loud.
Target utterance: She says: """"Perfect place to concentrate.""""
What meaning is She most likely conveying?
a. The library was far too noisy to concentrate.
b. She looked for a new book in the library.
c. She asked her colleague for a place to concentrate.
d. The library was a calm and quiet environment.
Reasoning:
Answer:
","d. The library was a calm and quiet environment.

• The context states that she walked into the library and it was loud, but her response suggests that she finds it suitable for concentration.
• This implies that despite the initial loudness, the library's overall atmosphere is calm and quiet enough for her to focus.
• Her statement is a positive evaluation of the library's environment, indicating that it is conducive to concentration.","['b', 'd', 'c', 'a']",1,A_I,"{'a': 18.5, 'b': 15.125, 'c': 14.9375, 'd': 26.25}","{'a': 0.00043054550769738853, 'b': 1.4732457202626392e-05, 'c': 1.2213636182423215e-05, 'd': 0.9995425939559937}",0.9995425939559937,d,,a
C1_34_A_NI,C1_34,283,1,ambiguous,non-ironic,b,The concert was surprisingly quiet.,Llama-3-8B,Condition1B_context_richness_stimuli,general_reasoning,"You will read short stories that describe everyday situations and which finish with a person saying something. Your task is to decide, given the situation, what meaning the person is most likely conveying. Each story will be followed by 4 possible meaning interpretations listed from a to d. Read each story and choose the number corresponding to the most likely meaning. State the reasoning in 2-3 bullet points and the answer. You can only answer with a, b, c, or d.
Context: We came back from a concert which was loud.
Target utterance: I say: """"I've almost gone deaf.""""
What meaning is She most likely conveying?
a. The concert was pretty loud.
b. The concert was surprisingly quiet.
c. My grandfather is deaf.
d. I was looking forward to the next concert.
Reasoning:
Answer:
","a.
• The context is about coming back from a concert, which implies the conversation is about the concert.
• The speaker says ""I've almost gone deaf,"" which suggests a negative impact on their hearing due to the loudness of the concert.
• This statement is a common reaction to extremely loud noises, making option a the most likely interpretation.","['b', 'a', 'c', 'd']",1,A_NI,"{'a': 27.0, 'b': 14.75, 'c': 12.0625, 'd': 9.625}","{'a': 0.9999948740005493, 'b': 4.785092642123345e-06, 'c': 3.25629656572346e-07, 'd': 2.8453202460809734e-08}",0.9999948740005493,a,,b
C1_35_UA_I,C1_35,117,1,unambiguous,ironic,d,The movie was very loud.,Llama-3-8B,Condition1B_context_richness_stimuli,general_reasoning,"You will read short stories that describe everyday situations and which finish with a person saying something. Your task is to decide, given the situation, what meaning the person is most likely conveying. Each story will be followed by 4 possible meaning interpretations listed from a to d. Read each story and choose the number corresponding to the most likely meaning. State the reasoning in 2-3 bullet points and the answer. You can only answer with a, b, c, or d.
Context:  She watched a movie in the theater and found it deafening.
Target utterance: She says: """"It was so difficult to hear.""""
What meaning is She most likely conveying?
a. She generally has difficulties with her hearing.
b. The movie was too quiet to hear.
c. Watching a movie in the theater is a real event.
d. The movie was very loud.
Reasoning:
Answer:
","a.
• The context of the situation is a movie theater, where loud noises are common.
• The word ""deafening"" typically means extremely loud, which suggests that the movie was too loud for her to hear properly.
• This interpretation aligns with her statement that it was difficult to hear, implying that the loudness of the movie was the issue.","['c', 'a', 'd', 'b']",1,UA_I,"{'a': 27.125, 'b': 16.625, 'c': 13.9375, 'd': 15.8125}","{'a': 0.9999582767486572, 'b': 2.753529952315148e-05, 'c': 1.8738006701823906e-06, 'd': 1.2218714800837915e-05}",0.9999582767486572,a,,c
C1_36_UA_NI,C1_36,214,1,unambiguous,non-ironic,b,He thinks that his neighbours' are having a great party with music.,Llama-3-8B,Condition1B_context_richness_stimuli,general_reasoning,"You will read short stories that describe everyday situations and which finish with a person saying something. Your task is to decide, given the situation, what meaning the person is most likely conveying. Each story will be followed by 4 possible meaning interpretations listed from a to d. Read each story and choose the number corresponding to the most likely meaning. State the reasoning in 2-3 bullet points and the answer. You can only answer with a, b, c, or d.
Context: His neighbours' music was deafening.
Target utterance: He says: """"It seems like they are having a great party.""""
What meaning is He most likely conveying?
a. He would expected to hear louder music from his neighbours' party.
b. He thinks that his neighbours' are having a great party with music.
c. He likes talking about pop music.
d. He is still unsure which party to vote for in the upcoming elections.
Reasoning:
Answer:
","a.
• The context is about the loud music coming from his neighbours' place.
• He says they are having a great party, implying that the loud music is a result of a fun and enjoyable gathering.
• This suggests that he is commenting on the situation at hand, rather than discussing music in general or unrelated topics.","['b', 'a', 'd', 'c']",1,UA_NI,"{'a': 27.875, 'b': 18.375, 'c': 13.8125, 'd': 10.625}","{'a': 0.9999243021011353, 'b': 7.484616071451455e-05, 'c': 7.810898523530341e-07, 'd': 3.2239427127933595e-08}",0.9999243021011353,a,,b
C1_37_A_I,C1_37,282,1,ambiguous,ironic,a,The questions were straightforward and required little effort.,Llama-3-8B,Condition1B_context_richness_stimuli,general_reasoning,"You will read short stories that describe everyday situations and which finish with a person saying something. Your task is to decide, given the situation, what meaning the person is most likely conveying. Each story will be followed by 4 possible meaning interpretations listed from a to d. Read each story and choose the number corresponding to the most likely meaning. State the reasoning in 2-3 bullet points and the answer. You can only answer with a, b, c, or d.
Context: She prepared easy questions for the students.
Target utterance: She says: """"I hope they're prepared for this.""""
What meaning is She most likely conveying?
a. The questions were straightforward and required little effort.
b. She had never felt so well prepared for a meeting.
c. The questions required thorough preparation to answer.
d. She posted the question on the class forum.
Reasoning:
Answer:
","a.
• The phrase ""I hope they're prepared"" implies that the speaker is concerned about the students' readiness for the questions.
• The context of the situation suggests that the speaker is expecting the students to answer the questions, indicating that the questions are challenging.
• The phrase ""I hope"" also implies a sense of uncertainty or concern, which is more likely to be associated with difficult questions rather than easy ones.","['b', 'c', 'a', 'd']",1,A_I,"{'a': 26.625, 'b': 14.9375, 'c': 14.8125, 'd': 10.875}","{'a': 0.9999841451644897, 'b': 8.398009413213003e-06, 'c': 7.411217666231096e-06, 'd': 1.4449572915964382e-07}",0.9999841451644897,a,,b
C1_38_A_NI,C1_38,194,1,ambiguous,non-ironic,b,Booking the appointment was straightforward and effortless.,Llama-3-8B,Condition1B_context_richness_stimuli,general_reasoning,"You will read short stories that describe everyday situations and which finish with a person saying something. Your task is to decide, given the situation, what meaning the person is most likely conveying. Each story will be followed by 4 possible meaning interpretations listed from a to d. Read each story and choose the number corresponding to the most likely meaning. State the reasoning in 2-3 bullet points and the answer. You can only answer with a, b, c, or d.
Context: He booked an appointment through a system which was easy to use.
Target utterance: He says:  """"That was about as easy as it gets.""""
What meaning is He most likely conveying?
a. He always found parallel parking easy as it gets.
b. Booking the appointment was straightforward and effortless.
c. Booking the appointment was frustrating and difficult.
d. He decided to cancel the appointment.
Reasoning:
Answer:
","b. Booking the appointment was straightforward and effortless.
• The context states that the system was easy to use, implying a positive experience.
• The phrase ""as easy as it gets"" suggests a high level of ease, indicating that the experience was very smooth.
• The tone of the statement is positive, which aligns with the idea that the appointment booking process was straightforward and effortless.","['c', 'a', 'b', 'd']",1,A_NI,"{'a': 20.25, 'b': 28.125, 'c': 14.75, 'd': 12.6875}","{'a': 0.00037998383049853146, 'b': 0.9996181726455688, 'c': 1.5529069514741423e-06, 'd': 1.974299692619752e-07}",0.9996181726455688,b,,a
C1_39_UA_I,C1_39,80,1,unambiguous,ironic,a,"Anyone could have done the task, no special abilities required.",Llama-3-8B,Condition1B_context_richness_stimuli,general_reasoning,"You will read short stories that describe everyday situations and which finish with a person saying something. Your task is to decide, given the situation, what meaning the person is most likely conveying. Each story will be followed by 4 possible meaning interpretations listed from a to d. Read each story and choose the number corresponding to the most likely meaning. State the reasoning in 2-3 bullet points and the answer. You can only answer with a, b, c, or d.
Context: They finished a trivial task for their maths lesson.
Target utterance: They say: """"We must be very smart.""""
What meaning is They most likely conveying?
a. Anyone could have done the task, no special abilities required.
b. They were always smart about managing their money.
c. They were given another task after the math lesson.
d. Completing the task was a genuine sign of intelligence.
Reasoning:
Answer:
","a.
• The context is about a trivial task for their maths lesson, suggesting it's not a complex or challenging task.
• The phrase ""We must be very smart"" is a statement that implies they're proud of their accomplishment, but the tone is casual and not overly confident.
• The lack of emphasis on any specific skill or ability related to the task (like managing money) suggests that the speaker is downplaying their achievement, implying it's not a big deal.","['b', 'c', 'd', 'a']",1,UA_I,"{'a': 27.75, 'b': 15.3125, 'c': 12.375, 'd': 13.75}","{'a': 0.9999949932098389, 'b': 3.9669816942478064e-06, 'c': 2.1024233376465418e-07, 'd': 8.31524573641218e-07}",0.9999949932098389,a,,b
C1_40_UA_NI,C1_40,145,1,unambiguous,non-ironic,b,Making the payment was a smooth and effortless experience.,Llama-3-8B,Condition1B_context_richness_stimuli,general_reasoning,"You will read short stories that describe everyday situations and which finish with a person saying something. Your task is to decide, given the situation, what meaning the person is most likely conveying. Each story will be followed by 4 possible meaning interpretations listed from a to d. Read each story and choose the number corresponding to the most likely meaning. State the reasoning in 2-3 bullet points and the answer. You can only answer with a, b, c, or d.
Context: He made a payment through a website which was trivial to use.
Target utterance: He says:  """"Technology at its finest.""""
What meaning is He most likely conveying?
a. Making the payment was complicated and painful.
b. Making the payment was a smooth and effortless experience.
c. He always thought the finest restaurants required a reservation.
d. He decided to cancel the payment altogether.
Reasoning:
Answer:
","b. Making the payment was a smooth and effortless experience.

• The phrase ""Technology at its finest"" suggests that the person is impressed with the ease and efficiency of the website.
• The word ""finest"" implies a high level of quality, which is typically associated with a positive experience.
• The context of making a payment through a website that was ""trivial to use"" further supports the idea that the person is expressing satisfaction with the ease of use.","['b', 'a', 'c', 'd']",1,UA_NI,"{'a': 20.125, 'b': 27.5, 'c': 15.25, 'd': 11.8125}","{'a': 0.0006263311370275915, 'b': 0.9993688464164734, 'c': 4.782097221323056e-06, 'd': 1.5372026496152102e-07}",0.9993688464164734,b,,a
C1_41_A_I,C1_41,206,1,ambiguous,ironic,b,Her kitchen was a mess.,Llama-3-8B,Condition1B_context_richness_stimuli,general_reasoning,"You will read short stories that describe everyday situations and which finish with a person saying something. Your task is to decide, given the situation, what meaning the person is most likely conveying. Each story will be followed by 4 possible meaning interpretations listed from a to d. Read each story and choose the number corresponding to the most likely meaning. State the reasoning in 2-3 bullet points and the answer. You can only answer with a, b, c, or d.
Context: She finished cooking and the kitchen was dirty.
Target utterance: She says: """"I'm the sort of person who likes to keep things tidy.""""
What meaning is She most likely conveying?
a. The apartment came with a fully equipped kitchen.
b. Her kitchen was a mess.
c. Children should regularly tidy up their rooms.
d. Her kitchen was tidy.
Reasoning:
Answer:
","d. Her kitchen was tidy.

• She says this after finishing cooking and the kitchen is dirty, which suggests she is contrasting her statement with the current state of the kitchen.
• The statement implies that she values tidiness, which is not consistent with a dirty kitchen.
• The most logical interpretation is that she is expressing her preference for a tidy kitchen, implying that her kitchen is usually tidy.","['d', 'b', 'c', 'a']",1,A_I,"{'a': 17.25, 'b': 15.0625, 'c': 14.9375, 'd': 26.125}","{'a': 0.00013981794472783804, 'b': 1.5687139239162207e-05, 'c': 1.3843850865669083e-05, 'd': 0.9998306035995483}",0.9998306035995483,d,,a
C1_42_A_NI,C1_42,223,1,ambiguous,non-ironic,a,The room was tidied up well before it got too messy.,Llama-3-8B,Condition1B_context_richness_stimuli,general_reasoning,"You will read short stories that describe everyday situations and which finish with a person saying something. Your task is to decide, given the situation, what meaning the person is most likely conveying. Each story will be followed by 4 possible meaning interpretations listed from a to d. Read each story and choose the number corresponding to the most likely meaning. State the reasoning in 2-3 bullet points and the answer. You can only answer with a, b, c, or d.
Context: They walked into the room and found it dirty.
Target utterance: They said: ""“Looks like you didn’t wait too long to clean it.”""
What meaning is They most likely conveying?
a. The room was tidied up well before it got too messy.
b. They decided to book a different room altogether.
c. They never had to wait long for a table.
d. The room was left in a terrible state for far too long.
Reasoning:
Answer:
","a.
• The speaker is implying that the room was not cleaned for a long time, as it's now dirty.
• The phrase ""didn't wait too long"" suggests a delay in cleaning.
• This interpretation is supported by the context of finding the room dirty.","['a', 'd', 'c', 'b']",1,A_NI,"{'a': 26.625, 'b': 15.75, 'c': 13.5625, 'd': 16.875}","{'a': 0.9999206066131592, 'b': 1.8924003597931005e-05, 'c': 2.123214471794199e-06, 'd': 5.8290035667596385e-05}",0.9999206066131592,a,,a
C1_43_UA_I,C1_43,95,1,unambiguous,ironic,a,The street was far from pretty.,Llama-3-8B,Condition1B_context_richness_stimuli,general_reasoning,"You will read short stories that describe everyday situations and which finish with a person saying something. Your task is to decide, given the situation, what meaning the person is most likely conveying. Each story will be followed by 4 possible meaning interpretations listed from a to d. Read each story and choose the number corresponding to the most likely meaning. State the reasoning in 2-3 bullet points and the answer. You can only answer with a, b, c, or d.
Context: The street was filthy.
Target utterance: They say:  """"Such a beautiful walk.""""
What meaning is They most likely conveying?
a. The street was far from pretty.
b. They went for a walk in the park.
c. A dog was barking on the street.
d. The street was genuinely pleasant.
Reasoning:
Answer:
","a.
• The phrase ""Such a beautiful walk"" is an oxymoron when describing a filthy street.
• The speaker is likely being sarcastic or ironic, which suggests that the street is not beautiful at all.
• The context of the filthy street contradicts the positive description, indicating that the speaker is being facetious.","['b', 'c', 'd', 'a']",1,UA_I,"{'a': 27.5, 'b': 16.125, 'c': 13.0, 'd': 13.625}","{'a': 0.9999871253967285, 'b': 1.1478752639959566e-05, 'c': 5.043411874794401e-07, 'd': 9.422333846487163e-07}",0.9999871253967285,a,,b
C1_44_UA_NI,C1_44,12,1,unambiguous,non-ironic,a,The floor was very clean.,Llama-3-8B,Condition1B_context_richness_stimuli,general_reasoning,"You will read short stories that describe everyday situations and which finish with a person saying something. Your task is to decide, given the situation, what meaning the person is most likely conveying. Each story will be followed by 4 possible meaning interpretations listed from a to d. Read each story and choose the number corresponding to the most likely meaning. State the reasoning in 2-3 bullet points and the answer. You can only answer with a, b, c, or d.
Context: The floor was filthy.
Target utterance: She says: """"You could practically eat off the floor here.""""
What meaning is She most likely conveying?
a. The floor was very clean.
b. She could eat a whole cake.
c. The dance floor was very empty.
d. The floor was very dirty.
Reasoning:
Answer:
","d. The floor was very dirty.

• The phrase ""practically eat off the floor"" is an idiomatic expression meaning that the floor is so clean it's safe to eat from.
• The context provided states that ""The floor was filthy,"" which suggests the opposite of being clean.
• Therefore, the phrase is being used ironically to emphasize the floor's dirtiness.","['a', 'c', 'd', 'b']",1,UA_NI,"{'a': 16.875, 'b': 14.1875, 'c': 13.1875, 'd': 26.0}","{'a': 0.00010889579425565898, 'b': 7.410452326439554e-06, 'c': 2.7261530703981407e-06, 'd': 0.9998809099197388}",0.9998809099197388,d,,b
C1_45_A_I,C1_45,115,1,ambiguous,ironic,b,The movie wasn't amusing.,Llama-3-8B,Condition1B_context_richness_stimuli,general_reasoning,"You will read short stories that describe everyday situations and which finish with a person saying something. Your task is to decide, given the situation, what meaning the person is most likely conveying. Each story will be followed by 4 possible meaning interpretations listed from a to d. Read each story and choose the number corresponding to the most likely meaning. State the reasoning in 2-3 bullet points and the answer. You can only answer with a, b, c, or d.
Context: They watched a funny movie.
Target utterance: They say: """"That was the perfect movie for a laugh.""""
What meaning is They most likely conveying?
a. They saw three movies that week.
b. The movie wasn't amusing.
c. The movie was funny and great.
d. They had such a perfect night.
Reasoning:
Answer:
","c. The movie was funny and great.
• The context is watching a funny movie, which implies that the movie's purpose was to be amusing.
• The phrase ""for a laugh"" suggests that the movie achieved its intended purpose of being humorous.
• The word ""perfect"" emphasizes that the movie exceeded expectations in terms of entertainment value.","['d', 'b', 'a', 'c']",1,A_I,"{'a': 19.5, 'b': 15.0625, 'c': 27.0, 'd': 12.1875}","{'a': 0.0005527748144231737, 'b': 6.536819910252234e-06, 'c': 0.9994403719902039, 'd': 3.687821674702718e-07}",0.9994403719902039,c,,a
C1_46_A_NI,C1_46,36,1,ambiguous,non-ironic,a,The musical left her deeply moved.,Llama-3-8B,Condition1B_context_richness_stimuli,general_reasoning,"You will read short stories that describe everyday situations and which finish with a person saying something. Your task is to decide, given the situation, what meaning the person is most likely conveying. Each story will be followed by 4 possible meaning interpretations listed from a to d. Read each story and choose the number corresponding to the most likely meaning. State the reasoning in 2-3 bullet points and the answer. You can only answer with a, b, c, or d.
Context: The musical she watched was really funny.
Target utterance: She says: """"That cracked me up.""""
What meaning is She most likely conveying?
a. The musical left her deeply moved.
b. The joke cracked everyone up.
c. The musical was purely for laughs.
d. She answered some questions about the musical.
Reasoning:
Answer:
","a.
• The phrase ""cracked me up"" is an idiomatic expression meaning something is very funny.
• The context states that the musical was ""really funny,"" which supports the idea that it was intended to be humorous.
• The phrase is not typically used to describe being deeply moved or answering questions, and there is no indication that everyone was laughing.","['a', 'c', 'b', 'd']",1,A_NI,"{'a': 27.0, 'b': 17.0, 'c': 16.625, 'd': 14.0625}","{'a': 0.9999209642410278, 'b': 4.53963439213112e-05, 'c': 3.12004194711335e-05, 'd': 2.405918166914489e-06}",0.9999209642410278,a,,a
C1_47_UA_I,C1_47,79,1,unambiguous,ironic,a,The situation was far too serious.,Llama-3-8B,Condition1B_context_richness_stimuli,general_reasoning,"You will read short stories that describe everyday situations and which finish with a person saying something. Your task is to decide, given the situation, what meaning the person is most likely conveying. Each story will be followed by 4 possible meaning interpretations listed from a to d. Read each story and choose the number corresponding to the most likely meaning. State the reasoning in 2-3 bullet points and the answer. You can only answer with a, b, c, or d.
Context: The situation was hilarious.
Target utterance: She says: """"Truly something to laugh about.""""
What meaning is She most likely conveying?
a. The situation was far too serious.
b. She tried to make the best of the situation.
c. She always found it hard to laugh about things.
d. The situation was genuinely amusing.
Reasoning:
Answer:
","d. The situation was genuinely amusing.
• The phrase ""something to laugh about"" typically implies that the situation is amusing or funny.
• The context states that the situation was ""hilarious,"" which further supports the idea that it's a funny situation.
• The phrase ""Truly"" also adds emphasis to the idea that the situation is genuinely amusing.","['b', 'd', 'c', 'a']",1,UA_I,"{'a': 16.875, 'b': 14.6875, 'c': 13.8125, 'd': 26.75}","{'a': 5.144179522176273e-05, 'b': 5.771609266957967e-06, 'c': 2.405964778517955e-06, 'd': 0.9999403953552246}",0.9999403953552246,d,,a
C1_48_UA_NI,C1_48,130,1,unambiguous,non-ironic,a,The talk contained humour.,Llama-3-8B,Condition1B_context_richness_stimuli,general_reasoning,"You will read short stories that describe everyday situations and which finish with a person saying something. Your task is to decide, given the situation, what meaning the person is most likely conveying. Each story will be followed by 4 possible meaning interpretations listed from a to d. Read each story and choose the number corresponding to the most likely meaning. State the reasoning in 2-3 bullet points and the answer. You can only answer with a, b, c, or d.
Context: His talk was hilarious. 
Target utterance: Hey says: """"Wow, so many jokes in one talk.""""
What meaning is He most likely conveying?
a. The talk contained humour.
b. He was a fan of old jokes.
c. He decided to cancel the talk.
d. The talk contained no humour.
Reasoning:
Answer:
","a.
• The word ""hilarious"" implies that the talk was funny.
• The speaker's reaction of ""Wow, so many jokes in one talk"" suggests that they were impressed by the number of jokes told.
• This reaction is consistent with the idea that the talk contained humour.","['a', 'c', 'd', 'b']",1,UA_NI,"{'a': 27.625, 'b': 15.1875, 'c': 11.625, 'd': 10.0625}","{'a': 0.9999959468841553, 'b': 3.966985786973964e-06, 'c': 1.1253472109729046e-07, 'd': 2.358855866191334e-08}",0.9999959468841553,a,,a
C1_49_A_I,C1_49,184,1,ambiguous,ironic,c,The airport experience was thoroughly unpleasant.,Llama-3-8B,Condition1B_context_richness_stimuli,general_reasoning,"You will read short stories that describe everyday situations and which finish with a person saying something. Your task is to decide, given the situation, what meaning the person is most likely conveying. Each story will be followed by 4 possible meaning interpretations listed from a to d. Read each story and choose the number corresponding to the most likely meaning. State the reasoning in 2-3 bullet points and the answer. You can only answer with a, b, c, or d.
Context: He had a good experience at the airport.
Target utterance: He says: """"A complete nightmare, really.""""
What meaning is He most likely conveying?
a. The airport experience was enjoyable.
b. He decided to book a different airport transfer.
c. The airport experience was thoroughly unpleasant.
d. He came back from his trip exhausted.
Reasoning:
Answer:
","c. The airport experience was thoroughly unpleasant.
• The phrase ""complete nightmare"" is an idiomatic expression that typically means a very difficult or unpleasant experience.
• The context of the situation is an airport, which is often associated with stress and hassle.
• The phrase is used in a way that suggests a negative experience, contrasting with the initial statement that he had a good experience.","['a', 'd', 'b', 'c']",1,A_I,"{'a': 19.25, 'b': 16.125, 'c': 27.375, 'd': 13.5625}","{'a': 0.00029595295200124383, 'b': 1.3003265848965384e-05, 'c': 0.999690055847168, 'd': 1.002704152597289e-06}",0.999690055847168,c,,b
C1_50_A_NI,C1_50,39,1,ambiguous,non-ironic,b,The exam results were impressive,Llama-3-8B,Condition1B_context_richness_stimuli,general_reasoning,"You will read short stories that describe everyday situations and which finish with a person saying something. Your task is to decide, given the situation, what meaning the person is most likely conveying. Each story will be followed by 4 possible meaning interpretations listed from a to d. Read each story and choose the number corresponding to the most likely meaning. State the reasoning in 2-3 bullet points and the answer. You can only answer with a, b, c, or d.
Context: He studied hard for the exam, and the results were good.
Target utterance: He says: """"Well, this is amazing.""""
What meaning is He most likely conveying?
a. He had one more exam this week.
b. The exam results were impressive
c. He always found art museums amazing.
d. The exam results were deeply disappointing.
Reasoning:
Answer:
","a.
• The context mentions that he studied hard for the exam, indicating that the exam results are the focus.
• The phrase ""this is amazing"" typically expresses a positive surprise or excitement.
• The positive tone of the statement suggests that the exam results were better than expected, which aligns with option a being incorrect, leaving b as the most likely interpretation.","['d', 'a', 'c', 'b']",1,A_NI,"{'a': 25.375, 'b': 23.875, 'c': 15.875, 'd': 12.5625}","{'a': 0.8175225853919983, 'b': 0.1824139505624771, 'c': 6.119305908214301e-05, 'd': 2.228957100669504e-06}",0.8175225853919983,a,,d
C1_51_UA_I,C1_51,42,1,unambiguous,ironic,b,They found the play entertaining.,Llama-3-8B,Condition1B_context_richness_stimuli,general_reasoning,"You will read short stories that describe everyday situations and which finish with a person saying something. Your task is to decide, given the situation, what meaning the person is most likely conveying. Each story will be followed by 4 possible meaning interpretations listed from a to d. Read each story and choose the number corresponding to the most likely meaning. State the reasoning in 2-3 bullet points and the answer. You can only answer with a, b, c, or d.
Context: They left the play feeling excellent.
Target utterance: They said:  """"That wasn't fun at all.""""
What meaning is They most likely conveying?
a. They had fun eating together.
b. They found the play entertaining.
c. They liked to watch a play in their favorite theatre.
d. They found the play dull.
Reasoning:
Answer:
","d. They found the play dull.
• The phrase ""They left the play"" indicates that they have experienced the play and are now outside of it.
• The word ""excellent"" typically means of very high quality or standard, but in this context, it seems to be used to describe their mood or feeling after the play.
• The statement ""That wasn't fun at all"" directly contradicts the implication of ""excellent"" and suggests that the play did not meet their expectations or entertain them.","['c', 'b', 'd', 'a']",1,UA_I,"{'a': 18.625, 'b': 16.125, 'c': 15.1875, 'd': 26.625}","{'a': 0.0003353372449055314, 'b': 2.7526157282409258e-05, 'c': 1.0779398508020677e-05, 'd': 0.9996262788772583}",0.9996262788772583,d,,a
C1_52_UA_NI,C1_52,110,1,unambiguous,non-ironic,c,The rmeal was a genuinely enjoyable experience.,Llama-3-8B,Condition1B_context_richness_stimuli,general_reasoning,"You will read short stories that describe everyday situations and which finish with a person saying something. Your task is to decide, given the situation, what meaning the person is most likely conveying. Each story will be followed by 4 possible meaning interpretations listed from a to d. Read each story and choose the number corresponding to the most likely meaning. State the reasoning in 2-3 bullet points and the answer. You can only answer with a, b, c, or d.
Context: She had an excellent meal at a restaurant.
Target utterance: She says: """"That was a great restaurant visit.""""
What meaning is She most likely conveying?
a. She found the whole meal disappointing.
b. She wanted to try the meal for months.
c. The rmeal was a genuinely enjoyable experience.
d. She always enjoyed a restaurant visit before a big day out.
Reasoning:
Answer:
","c. The meal was a genuinely enjoyable experience.
• The context states that she had an excellent meal, indicating a positive experience.
• The phrase ""That was a great restaurant visit"" suggests a general satisfaction with the entire experience, not just the meal.
• The tone of the statement implies a genuine appreciation for the visit, making option c the most likely interpretation.","['b', 'd', 'a', 'c']",1,UA_NI,"{'a': 19.25, 'b': 15.75, 'c': 27.125, 'd': 13.0625}","{'a': 0.00037997987237758934, 'b': 1.1474397069832776e-05, 'c': 0.9996077418327332, 'd': 7.808425834809896e-07}",0.9996077418327332,c,,a
C1_53_A_I,C1_53,94,1,ambiguous,ironic,b,The ground was dried out.,Llama-3-8B,Condition1B_context_richness_stimuli,general_reasoning,"You will read short stories that describe everyday situations and which finish with a person saying something. Your task is to decide, given the situation, what meaning the person is most likely conveying. Each story will be followed by 4 possible meaning interpretations listed from a to d. Read each story and choose the number corresponding to the most likely meaning. State the reasoning in 2-3 bullet points and the answer. You can only answer with a, b, c, or d.
Context: After the weather changed, the ground became wet.
Target utterance: She says: """"Perfect conditions for a picnic..""""
What meaning is She most likely conveying?
a. She knelt in the mud to look closely at the earth.
b. The ground was dried out.
c. The ground was uneven where she stood.
d. The ground was moist and muddy after the rain.
Reasoning:
Answer:
","d
• The story mentions that the weather changed, implying that it rained.
• The ground becoming wet is a direct consequence of the rain.
• The phrase ""Perfect conditions for a picnic"" suggests that the wet ground is suitable for a picnic, which is only true if the ground is moist and muddy after the rain.","['c', 'b', 'd', 'a']",1,A_I,"{'a': 18.75, 'b': 14.875, 'c': 14.4375, 'd': 26.625}","{'a': 0.0003799795813392848, 'b': 7.886224011599552e-06, 'c': 5.091729235573439e-06, 'd': 0.9996070265769958}",0.9996070265769958,d,,a
C1_54_A_NI,C1_54,141,1,ambiguous,non-ironic,a,The garden was struggling without any water.,Llama-3-8B,Condition1B_context_richness_stimuli,general_reasoning,"You will read short stories that describe everyday situations and which finish with a person saying something. Your task is to decide, given the situation, what meaning the person is most likely conveying. Each story will be followed by 4 possible meaning interpretations listed from a to d. Read each story and choose the number corresponding to the most likely meaning. State the reasoning in 2-3 bullet points and the answer. You can only answer with a, b, c, or d.
Context: The garden was wet in the morning.
Target utterance: They said: """"That’s enough water for the day.""""
What meaning is They most likely conveying?
a. The garden was struggling without any water.
b. The garden was just watered and needed to dry out.
c. They wanted a new water feature.
d. They played some boardgames in the garden.
Reasoning:
Answer:
","b. 
• The context mentions that the garden was wet in the morning, suggesting that it had been watered.
• The phrase ""That's enough water for the day"" implies a sense of completion or sufficiency, indicating that the watering is done.
• This interpretation is consistent with the idea that the garden needs time to dry out after being watered.","['a', 'b', 'c', 'd']",1,A_NI,"{'a': 19.375, 'b': 27.5, 'c': 15.3125, 'd': 13.0}","{'a': 0.0002959554549306631, 'b': 0.9996985197067261, 'c': 5.0921953516080976e-06, 'd': 5.041956114837376e-07}",0.9996985197067261,b,,b
C1_55_UA_I,C1_55,108,1,unambiguous,ironic,c,The plants had been wilting due to lack of water.,Llama-3-8B,Condition1B_context_richness_stimuli,general_reasoning,"You will read short stories that describe everyday situations and which finish with a person saying something. Your task is to decide, given the situation, what meaning the person is most likely conveying. Each story will be followed by 4 possible meaning interpretations listed from a to d. Read each story and choose the number corresponding to the most likely meaning. State the reasoning in 2-3 bullet points and the answer. You can only answer with a, b, c, or d.
Context: The field was soaked.
Target utterance: He says: """"Terrible news for anything trying to grow..""""
What meaning is He most likely conveying?
a. He had been reading about different farming techniques.
b. He was considering buying a new tractor.
c. The plants had been wilting due to lack of water.
d. The plants had been getting plenty of moisture to grow.
Reasoning:
Answer:
","c. The plants had been wilting due to lack of water.
• The field being soaked suggests that it has been raining or waterlogged.
• The speaker's comment implies that the excess water is detrimental to growth.
• This suggests that the plants are likely wilting due to the lack of water, not the excess.","['c', 'd', 'b', 'a']",1,UA_I,"{'a': 20.125, 'b': 15.9375, 'c': 27.375, 'd': 13.8125}","{'a': 0.0007096618064679205, 'b': 1.0775645932881162e-05, 'c': 0.9992782473564148, 'd': 1.2869674037574441e-06}",0.9992782473564148,c,,b
C1_56_UA_NI,C1_56,101,1,unambiguous,non-ironic,a,Her hair was soaking wet.,Llama-3-8B,Condition1B_context_richness_stimuli,general_reasoning,"You will read short stories that describe everyday situations and which finish with a person saying something. Your task is to decide, given the situation, what meaning the person is most likely conveying. Each story will be followed by 4 possible meaning interpretations listed from a to d. Read each story and choose the number corresponding to the most likely meaning. State the reasoning in 2-3 bullet points and the answer. You can only answer with a, b, c, or d.
Context: She saw her soaked hair.
Target utterance: She said: """"The rain really caught me by surprise.""""
What meaning is She most likely conveying?
a. Her hair was soaking wet.
b. Her hair was completely dry.
c. She had her hair cut short last week.
d. They organised a surprise party for him.
Reasoning:
Answer:
","a
• The context mentions that she saw her soaked hair, indicating that her hair is wet.
• The phrase ""caught me by surprise"" suggests that the rain happened unexpectedly.
• This implies that the rain caused her hair to get wet, which matches option a.","['a', 'b', 'd', 'c']",1,UA_NI,"{'a': 27.625, 'b': 15.125, 'c': 13.0, 'd': 11.125}","{'a': 0.9999957084655762, 'b': 3.7266372601152398e-06, 'c': 4.450833444025193e-07, 'd': 6.82557441678e-08}",0.9999957084655762,a,,a
C1_57_A_I,C1_57,23,1,ambiguous,ironic,b,I thought the outfit was ugly.,Llama-3-8B,Condition1B_context_richness_stimuli,general_reasoning,"You will read short stories that describe everyday situations and which finish with a person saying something. Your task is to decide, given the situation, what meaning the person is most likely conveying. Each story will be followed by 4 possible meaning interpretations listed from a to d. Read each story and choose the number corresponding to the most likely meaning. State the reasoning in 2-3 bullet points and the answer. You can only answer with a, b, c, or d.
Context: I wore a pretty outfit to attend the award ceremony.
Target utterance: I say: """"I really didn't try at all today.""""
What meaning is I most likely conveying?
a. I admired the outfit.
b. I thought the outfit was ugly.
c. The comedians on the stage enjoyed themselves.
d. I received an amazing award.
Reasoning:
Answer:
","a.
• The context is about attending an award ceremony, which implies the focus is on the person's appearance.
• The person says they didn't try at all, which suggests they're being sarcastic about their outfit.
• The statement is likely meant to convey that they put in effort to look good for the occasion, contrary to what they're saying.","['a', 'b', 'd', 'c']",1,A_I,"{'a': 27.375, 'b': 17.25, 'c': 13.125, 'd': 11.75}","{'a': 0.9999592304229736, 'b': 4.006366361863911e-05, 'c': 6.475688678619917e-07, 'd': 1.6373104472222622e-07}",0.9999592304229736,a,,a
C1_58_A_NI,C1_58,33,1,ambiguous,non-ironic,d,She admired the car.,Llama-3-8B,Condition1B_context_richness_stimuli,general_reasoning,"You will read short stories that describe everyday situations and which finish with a person saying something. Your task is to decide, given the situation, what meaning the person is most likely conveying. Each story will be followed by 4 possible meaning interpretations listed from a to d. Read each story and choose the number corresponding to the most likely meaning. State the reasoning in 2-3 bullet points and the answer. You can only answer with a, b, c, or d.
Context: She saw a pretty car on the street.
Target utterance: She says: """"That’s a real beauty.""""
What meaning is she most likely conveying?
a. She thought the painting was beautiful.
b. She had booked a car.
c. She thought the car was ugly.
d. She admired the car.
Reasoning:
Answer:
","d
• The context mentions a ""pretty car,"" indicating that the subject of the conversation is a car.
• The phrase ""That's a real beauty"" is a common idiomatic expression used to express admiration or appreciation for something, in this case, likely the car.
• The phrase does not suggest that she thought the car was ugly (c), nor does it imply that she had booked a car (b), and it certainly doesn't mention a painting (a).","['c', 'd', 'b', 'a']",1,A_NI,"{'a': 18.875, 'b': 15.6875, 'c': 13.875, 'd': 26.125}","{'a': 0.0007096462068147957, 'b': 2.929059883172158e-05, 'c': 4.781558345712256e-06, 'd': 0.9992563128471375}",0.9992563128471375,d,,a
C1_59_UA_I,C1_59,175,1,unambiguous,ironic,c,The painting was genuinely beautiful.,Llama-3-8B,Condition1B_context_richness_stimuli,general_reasoning,"You will read short stories that describe everyday situations and which finish with a person saying something. Your task is to decide, given the situation, what meaning the person is most likely conveying. Each story will be followed by 4 possible meaning interpretations listed from a to d. Read each story and choose the number corresponding to the most likely meaning. State the reasoning in 2-3 bullet points and the answer. You can only answer with a, b, c, or d.
Context: He looked at a stunning painting.
Target utterance: He said: """"That's hard to look at.""""
What meaning is He most likely conveying?
a. He gave her a stern look.
b. The painting was genuinely ugly.
c. The painting was genuinely beautiful.
d. They spent the weekend for this painting.
Reasoning:
Answer:
","b. The painting was genuinely ugly.
• The phrase ""hard to look at"" typically implies difficulty in viewing something due to its unpleasantness or off-putting nature.
• This phrase is often used to describe something that is unappealing or disturbing.
• In this context, it suggests that the painting is not aesthetically pleasing.","['c', 'a', 'b', 'd']",1,UA_I,"{'a': 20.125, 'b': 27.25, 'c': 15.75, 'd': 13.8125}","{'a': 0.0008040766115300357, 'b': 0.9991843104362488, 'c': 1.0121831110154744e-05, 'd': 1.4581879668185138e-06}",0.9991843104362488,b,,a
C1_60_UA_NI,C1_60,19,1,unambiguous,non-ironic,a,They thought the bird was beautiful.,Llama-3-8B,Condition1B_context_richness_stimuli,general_reasoning,"You will read short stories that describe everyday situations and which finish with a person saying something. Your task is to decide, given the situation, what meaning the person is most likely conveying. Each story will be followed by 4 possible meaning interpretations listed from a to d. Read each story and choose the number corresponding to the most likely meaning. State the reasoning in 2-3 bullet points and the answer. You can only answer with a, b, c, or d.
Context: They saw a stunning bird.
Target utterance: They said: """"A real eye-catcher.""""
What meaning is They most likely conveying?
a. They thought the bird was beautiful.
b. They had a great time on a trip.
c. They thought the bird was not beautiful.
d. The bird looked at them really closely.
Reasoning:
Answer:
","a.
• The context is about seeing a bird, which is often associated with beauty or visual appeal.
• The phrase ""eye-catcher"" typically refers to something that draws attention or is visually striking.
• The speaker's comment suggests that the bird's appearance is noteworthy and pleasing.","['a', 'd', 'b', 'c']",1,UA_NI,"{'a': 27.375, 'b': 14.6875, 'c': 11.6875, 'd': 10.5625}","{'a': 0.9999967813491821, 'b': 3.089493930019671e-06, 'c': 1.5381685614102025e-07, 'd': 4.9937021628920775e-08}",0.9999967813491821,a,,a
C1_61_A_I,C1_61,85,1,ambiguous,ironic,a,The kettle was expensive.,Llama-3-8B,Condition1B_context_richness_stimuli,general_reasoning,"You will read short stories that describe everyday situations and which finish with a person saying something. Your task is to decide, given the situation, what meaning the person is most likely conveying. Each story will be followed by 4 possible meaning interpretations listed from a to d. Read each story and choose the number corresponding to the most likely meaning. State the reasoning in 2-3 bullet points and the answer. You can only answer with a, b, c, or d.
Context: I found a nice kettle which was expensive.
Target utterance: I said: """"What a steal.""""
What meaning is I most likely conveying?
a. The kettle was expensive.
b. A thief tried to steal my bag.
c. The kettle was a real bargain.
d. The kettle boiled over..
Reasoning:
Answer:
","a.
• The phrase ""what a steal"" is an idiomatic expression meaning something is a great deal or a bargain.
• The context of finding an expensive kettle suggests that the speaker is surprised by the low price.
• This interpretation aligns with the common usage of the phrase in everyday language.","['b', 'c', 'a', 'd']",1,A_I,"{'a': 27.375, 'b': 17.25, 'c': 18.75, 'd': 11.875}","{'a': 0.9997802376747131, 'b': 4.0056493162410334e-05, 'c': 0.0001795207499526441, 'd': 1.8549836511283502e-07}",0.9997802376747131,a,,b
C1_62_A_NI,C1_62,13,1,ambiguous,non-ironic,b,The vase was worth a lot of money.,Llama-3-8B,Condition1B_context_richness_stimuli,general_reasoning,"You will read short stories that describe everyday situations and which finish with a person saying something. Your task is to decide, given the situation, what meaning the person is most likely conveying. Each story will be followed by 4 possible meaning interpretations listed from a to d. Read each story and choose the number corresponding to the most likely meaning. State the reasoning in 2-3 bullet points and the answer. You can only answer with a, b, c, or d.
Context: He broke an expensive vase.

Target utterance: He said: """"Well, there goes a priceless treasure""""
What meaning is He most likely conveying?
a. The experience of breaking the vase was worth it.
b. The vase was worth a lot of money.
c. He went on a hike and picked up flowers.
d. The vase was not pricy.
Reasoning:
Answer:
","a.
• The phrase ""priceless treasure"" is often used to describe something that is irreplaceable or of immense value, not necessarily monetary.
• In this context, the speaker is likely referring to the vase's sentimental or emotional value, rather than its monetary worth.
• The phrase is often used to express a sense of loss or regret, implying that the vase was something truly special.","['c', 'a', 'd', 'b']",1,A_NI,"{'a': 26.5, 'b': 17.375, 'c': 12.5625, 'd': 11.0625}","{'a': 0.9998899698257446, 'b': 0.00010889678378589451, 'c': 8.850603308019345e-07, 'd': 1.9748365787108924e-07}",0.9998899698257446,a,,c
C1_63_UA_I,C1_63,189,1,unambiguous,ironic,b,The perfume was not pricy.,Llama-3-8B,Condition1B_context_richness_stimuli,general_reasoning,"You will read short stories that describe everyday situations and which finish with a person saying something. Your task is to decide, given the situation, what meaning the person is most likely conveying. Each story will be followed by 4 possible meaning interpretations listed from a to d. Read each story and choose the number corresponding to the most likely meaning. State the reasoning in 2-3 bullet points and the answer. You can only answer with a, b, c, or d.
Context: She was wearing overpriced perfume.
Target utterance: She said: """"Smells like it's from a gas station.""""
What meaning is She most likely conveying?
a. The perfume was pricy.
b. The perfume was not pricy.
c. The fragrance label was worth reading.
d. The ocean was calm and quiet.
Reasoning:
Answer:
","a.
• The phrase ""gas station"" is often associated with cheap or low-quality products.
• The speaker's comment implies that the perfume smells cheap or of poor quality.
• This suggests that the perfume was not worth the high price she paid for it.","['a', 'b', 'c', 'd']",1,UA_I,"{'a': 27.25, 'b': 17.625, 'c': 13.25, 'd': 10.5625}","{'a': 0.999933123588562, 'b': 6.605208909604698e-05, 'c': 8.31473130347149e-07, 'd': 5.6582454277531724e-08}",0.999933123588562,a,,a
C1_64_UA_NI,C1_64,285,1,unambiguous,non-ironic,a,The bag was worth a lot.,Llama-3-8B,Condition1B_context_richness_stimuli,general_reasoning,"You will read short stories that describe everyday situations and which finish with a person saying something. Your task is to decide, given the situation, what meaning the person is most likely conveying. Each story will be followed by 4 possible meaning interpretations listed from a to d. Read each story and choose the number corresponding to the most likely meaning. State the reasoning in 2-3 bullet points and the answer. You can only answer with a, b, c, or d.
Context: She got an overpriced bag.
Target utterance: She said: """"Looks like a real designer piece.""""
What meaning is She most likely conveying?
a. The bag was worth a lot.
b. She liked to wear that designer piece.
c. She had dark bags under her eyes.
d. The bag was worth very little.
Reasoning:
Answer:
","a.
• The context is about an overpriced bag, suggesting that the speaker is commenting on its value.
• The phrase ""looks like a real designer piece"" implies that the bag has a high-end appearance.
• This suggests that the speaker is acknowledging the bag's quality or authenticity, which aligns with option a.","['a', 'c', 'd', 'b']",1,UA_NI,"{'a': 27.125, 'b': 16.75, 'c': 13.625, 'd': 11.875}","{'a': 0.999967098236084, 'b': 3.120186011074111e-05, 'c': 1.3709139921047608e-06, 'd': 2.3822911998649943e-07}",0.999967098236084,a,,a
C1_65_A_I,C1_65,61,1,ambiguous,ironic,d,The house felt spacious and huge.,Llama-3-8B,Condition1B_context_richness_stimuli,general_reasoning,"You will read short stories that describe everyday situations and which finish with a person saying something. Your task is to decide, given the situation, what meaning the person is most likely conveying. Each story will be followed by 4 possible meaning interpretations listed from a to d. Read each story and choose the number corresponding to the most likely meaning. State the reasoning in 2-3 bullet points and the answer. You can only answer with a, b, c, or d.
Context: They moved into a big house.
Target utterance: They said: """"You can barely turn around in here.""""
What meaning is They most likely conveying?
a. The house was red and blue.
b. They made a sharp turn at the end of the road.
c. The house felt cramped and tiny.
d. The house felt spacious and huge.
Reasoning:
Answer:
","c. The house felt cramped and tiny.
• The phrase ""You can barely turn around in here"" implies a lack of space.
• The use of ""barely"" suggests that there is not enough room to move freely.
• This phrase is often used to describe a small or cramped environment.","['d', 'c', 'a', 'b']",1,A_I,"{'a': 19.375, 'b': 15.4375, 'c': 26.75, 'd': 13.9375}","{'a': 0.0006263247923925519, 'b': 1.2211388821015134e-05, 'c': 0.9993587136268616, 'd': 2.724729256442515e-06}",0.9993587136268616,c,,a
C1_66_A_NI,C1_66,149,1,ambiguous,non-ironic,c,They thought the concert was huge.,Llama-3-8B,Condition1B_context_richness_stimuli,general_reasoning,"You will read short stories that describe everyday situations and which finish with a person saying something. Your task is to decide, given the situation, what meaning the person is most likely conveying. Each story will be followed by 4 possible meaning interpretations listed from a to d. Read each story and choose the number corresponding to the most likely meaning. State the reasoning in 2-3 bullet points and the answer. You can only answer with a, b, c, or d.
Context: They attended a concert at a big venue.
Target utterance: They said: """"What a massive event.""""
What meaning is they most likely conveying?
a. They liked go to concerts.
b. They organized a massive event for dating.
c. They thought the concert was huge.
d. They thought the concert was small.
Reasoning:
Answer:
","c. They thought the concert was huge.

• The context is a concert at a big venue, suggesting a large-scale event.
• The phrase ""massive event"" implies a significant size or scale.
• The speaker's comment is likely a reaction to the size of the concert, rather than their personal preference for concerts or any unrelated event.","['d', 'c', 'a', 'b']",1,A_NI,"{'a': 20.375, 'b': 16.875, 'c': 27.625, 'd': 13.0625}","{'a': 0.0007096548797562718, 'b': 2.1429719708976336e-05, 'c': 0.9992684721946716, 'd': 4.7344417453132337e-07}",0.9992684721946716,c,,a
C1_67_UA_I,C1_67,193,1,unambiguous,ironic,b,She thought the spider was huge.,Llama-3-8B,Condition1B_context_richness_stimuli,general_reasoning,"You will read short stories that describe everyday situations and which finish with a person saying something. Your task is to decide, given the situation, what meaning the person is most likely conveying. Each story will be followed by 4 possible meaning interpretations listed from a to d. Read each story and choose the number corresponding to the most likely meaning. State the reasoning in 2-3 bullet points and the answer. You can only answer with a, b, c, or d.
Context: She spotted a enormous spider.
Target utterance: She said: """"Almost didn't see it.""""
What meaning is She most likely conveying?
a. She thought the spider was tiny.
b. She thought the spider was huge.
c. She went to see her doctor on Monday.
d. She drew a spider diagram to plan her essay.
Reasoning:
Answer:
","b. She thought the spider was huge.
• The context mentions an ""enormous spider,"" which suggests that the speaker is surprised by its size.
• The speaker's statement implies that the spider was difficult to see, which aligns with the idea that it was large.
• The phrase ""almost didn't see it"" suggests that the spider was camouflaged or blended in with its surroundings, which would be more likely if it was enormous.","['a', 'b', 'c', 'd']",1,UA_I,"{'a': 19.875, 'b': 27.5, 'c': 15.1875, 'd': 13.125}","{'a': 0.0004878546460531652, 'b': 0.9995070695877075, 'c': 4.492985681281425e-06, 'd': 5.712190613849089e-07}",0.9995070695877075,b,,b
C1_68_UA_NI,C1_68,34,1,unambiguous,non-ironic,b,I thought the dog was huge.,Llama-3-8B,Condition1B_context_richness_stimuli,general_reasoning,"You will read short stories that describe everyday situations and which finish with a person saying something. Your task is to decide, given the situation, what meaning the person is most likely conveying. Each story will be followed by 4 possible meaning interpretations listed from a to d. Read each story and choose the number corresponding to the most likely meaning. State the reasoning in 2-3 bullet points and the answer. You can only answer with a, b, c, or d.
Context: I met an enormous dog.
Target utterance: I said: """"He could swallow me whole.""""
What meaning is I most likely conveying?
a. I swallowed a pill.
b. I thought the dog was huge.
c. The dog wore a collar.
d. I thought the dog was small.
Reasoning:
Answer:
","b. I thought the dog was huge.
• The context is about meeting an enormous dog, which implies the speaker is describing the dog's size.
• The phrase ""swallow me whole"" is an idiomatic expression meaning something is extremely large.
• This expression is often used to convey the idea that something is enormous or gigantic, which fits the context of meeting a large dog.","['c', 'a', 'd', 'b']",1,UA_NI,"{'a': 21.0, 'b': 28.5, 'c': 15.6875, 'd': 12.625}","{'a': 0.0005527770263142884, 'b': 0.999444305896759, 'c': 2.7249627692071954e-06, 'd': 1.274482031021762e-07}",0.999444305896759,b,,a
C1_69_A_I,C1_69,88,1,ambiguous,ironic,d,The pool was super warm.,Llama-3-8B,Condition1B_context_richness_stimuli,general_reasoning,"You will read short stories that describe everyday situations and which finish with a person saying something. Your task is to decide, given the situation, what meaning the person is most likely conveying. Each story will be followed by 4 possible meaning interpretations listed from a to d. Read each story and choose the number corresponding to the most likely meaning. State the reasoning in 2-3 bullet points and the answer. You can only answer with a, b, c, or d.
Context: She jumped into a warm pool.
Target utterance: She said:  """"One could catch a cold in here.""""
What meaning is She most likely conveying?
a. She liked to chill on that sofa after work.
b. The pool was super cold.
c. She played a game of pool in the bar.
d. The pool was super warm.
Reasoning:
Answer:
","d. The pool was super warm.

• The context mentions that she jumped into a warm pool, indicating the pool's temperature.
• Her statement suggests that the pool is too warm, implying it's not ideal for swimming.
• The phrase ""catch a cold"" is an idiomatic expression meaning to get sick, often due to being overheated or overexerted, which aligns with the warm pool context.","['c', 'a', 'd', 'b']",1,A_I,"{'a': 17.75, 'b': 15.9375, 'c': 14.9375, 'd': 26.0}","{'a': 0.00026117509696632624, 'b': 4.263566370354965e-05, 'c': 1.5684783647884615e-05, 'd': 0.9996805191040039}",0.9996805191040039,d,,b
C1_70_A_NI,C1_70,160,1,ambiguous,non-ironic,b,The weather conditions were perfect.,Llama-3-8B,Condition1B_context_richness_stimuli,general_reasoning,"You will read short stories that describe everyday situations and which finish with a person saying something. Your task is to decide, given the situation, what meaning the person is most likely conveying. Each story will be followed by 4 possible meaning interpretations listed from a to d. Read each story and choose the number corresponding to the most likely meaning. State the reasoning in 2-3 bullet points and the answer. You can only answer with a, b, c, or d.
Context: He went to the beach, and the weather was warm.
Target utterance: He said: """"Couldn't have asked for better weather.""""
What meaning is he most likely conveying?
a. The weather conditions were awful.
b. The weather conditions were perfect.
c. He meant to harvest the houseplants, but forgot about it.
d. The delivery driver arrived in heavy rain.
Reasoning:
Answer:
","b. 
• The context is set at the beach, which is typically associated with warm weather.
• The person's statement is a positive evaluation of the weather.
• The phrase ""couldn't have asked for better"" implies satisfaction and approval.","['b', 'a', 'd', 'c']",1,A_NI,"{'a': 19.0, 'b': 27.375, 'c': 13.6875, 'd': 12.25}","{'a': 0.00023050638264976442, 'b': 0.999768078327179, 'c': 1.1363013072696049e-06, 'd': 2.698952243918029e-07}",0.999768078327179,b,,a
C1_71_UA_I,C1_71,154,1,unambiguous,ironic,d,The room was really warm.,Llama-3-8B,Condition1B_context_richness_stimuli,general_reasoning,"You will read short stories that describe everyday situations and which finish with a person saying something. Your task is to decide, given the situation, what meaning the person is most likely conveying. Each story will be followed by 4 possible meaning interpretations listed from a to d. Read each story and choose the number corresponding to the most likely meaning. State the reasoning in 2-3 bullet points and the answer. You can only answer with a, b, c, or d.
Context: I walked into a hot room. 
Target utterance: I said:  """"Feels like the North Pole in here.""""
What meaning is I most likely conveying?
a. I leaned the fishing pole against the wall.
b. There wasn't enough room in the car for everyone.
c. The room was freezing cold.
d. The room was really warm.
Reasoning:
Answer:
","c. The room was freezing cold.
• The phrase ""North Pole"" is often used to describe extremely cold places.
• The speaker is comparing the room's temperature to the North Pole, implying it's very cold.
• This comparison suggests that the room is cold, not warm.","['c', 'd', 'a', 'b']",1,UA_I,"{'a': 19.375, 'b': 17.125, 'c': 27.5, 'd': 17.375}","{'a': 0.000295936013571918, 'b': 3.119143002550118e-05, 'c': 0.9996328353881836, 'd': 4.005058508482762e-05}",0.9996328353881836,c,,a
C1_72_UA_NI,C1_72,5,1,unambiguous,non-ironic,d,Her coffee was delicious.,Llama-3-8B,Condition1B_context_richness_stimuli,general_reasoning,"You will read short stories that describe everyday situations and which finish with a person saying something. Your task is to decide, given the situation, what meaning the person is most likely conveying. Each story will be followed by 4 possible meaning interpretations listed from a to d. Read each story and choose the number corresponding to the most likely meaning. State the reasoning in 2-3 bullet points and the answer. You can only answer with a, b, c, or d.
Context: She took a sip of the hot coffee.
Target utterance: She said: """"This is what freshly made coffee tastes like.""""
What meaning is she most likely conveying?
a. She did an experiment in health science.
b. Her coffee tasted like fresh mint.
c. Her coffee did not taste good.
d. Her coffee was delicious.
Reasoning:
Answer:
","d. Her coffee was delicious.

• The context is about taking a sip of hot coffee, which implies she is experiencing the taste of the coffee.
• The phrase ""freshly made coffee"" suggests that the coffee is of high quality and has not been sitting for a long time.
• The statement ""This is what freshly made coffee tastes like"" implies that she is expressing her positive experience of the taste, indicating that the coffee is delicious.","['d', 'c', 'b', 'a']",1,UA_NI,"{'a': 18.125, 'b': 15.5625, 'c': 15.25, 'd': 26.375}","{'a': 0.00026118120877072215, 'b': 2.0140132619417273e-05, 'c': 1.4734835531271528e-05, 'd': 0.9997039437294006}",0.9997039437294006,d,,a
