Item_ID,base_item,presentation_order,seed,context_level,irony_label,correct_option_pos,correct_option_text,model,dataset,prompt_type,prompt,output,original_option_mapping,run,condition,option_logits_raw,confidence_dist,confidence_top_prob,chosen_option,reasoning,chosen_original_option
C1_01_UA_NI,C1_01,255,1,unambiguous,non-ironic,a,The cat was easy to lift up.,Llama-3-8B,Condition1B_context_richness_stimuli,general_reasoning,"You will read short stories that describe everyday situations and which finish with a person saying something. Your task is to decide, given the situation, what meaning the person is most likely conveying. Each story will be followed by 4 possible meaning interpretations listed from a to d. Read each story and choose the number corresponding to the most likely meaning. State the reasoning in 2-3 bullet points and the answer. You can only answer with a, b, c, or d.
Context: He lifted the skinny cat from the table.
Target utterance: He said:  """"That was easy!""""
What meaning is He most likely conveying?
a. The cat was easy to lift up.
b. He just got a great deal on a cat bed.
c. The exam was really easy.
d. The cat was really hard to lift up.
Reasoning:
Answer:
","a
• The context of the situation involves lifting a cat from a table, which implies that the task was physical and required some effort.
• The speaker's statement ""That was easy!"" suggests that the task was accomplished with minimal difficulty.
• This interpretation is consistent with the physical action of lifting a cat, which can be a challenging task, and the speaker's positive reaction to it.","['a', 'd', 'c', 'b']",4,UA_NI,"{'a': 26.75, 'b': 15.3125, 'c': 11.5625, 'd': 10.25}","{'a': 0.9999889135360718, 'b': 1.07833093352383e-05, 'c': 2.5359912569911103e-07, 'd': 6.825528231502176e-08}",0.9999889135360718,a,,a
C1_02_A_I,C1_02,51,1,ambiguous,ironic,c,The dog was very light to lift.,Llama-3-8B,Condition1B_context_richness_stimuli,general_reasoning,"You will read short stories that describe everyday situations and which finish with a person saying something. Your task is to decide, given the situation, what meaning the person is most likely conveying. Each story will be followed by 4 possible meaning interpretations listed from a to d. Read each story and choose the number corresponding to the most likely meaning. State the reasoning in 2-3 bullet points and the answer. You can only answer with a, b, c, or d.
Context: She picked up her thin dog.
Target utterance: She said: """"Heaviest dog ever.""""
What meaning is She most likely conveying?
a. She just adopted a new dog.
b. The dog was really heavy to lift
c. The dog was very light to lift.
d. It was the heaviest package she ever carried.
Reasoning:
Answer:
","a.
• The context mentions that she picked up her thin dog, which suggests that the dog is not expected to be heavy.
• The phrase ""Heaviest dog ever"" is an exaggeration, implying that the dog is unusually heavy for its size.
• The comparison to the heaviest dog ever suggests that the dog is heavier than expected, which is likely due to its size or breed rather than its weight relative to its size.","['d', 'a', 'b', 'c']",4,A_I,"{'a': 27.125, 'b': 19.375, 'c': 15.375, 'd': 13.375}","{'a': 0.999560534954071, 'b': 0.00043055324931629, 'c': 7.885857485234737e-06, 'd': 1.0672348480511573e-06}",0.999560534954071,a,,d
C1_03_A_NI,C1_03,230,1,ambiguous,non-ironic,c,Their friend was very easy to lift.,Llama-3-8B,Condition1B_context_richness_stimuli,general_reasoning,"You will read short stories that describe everyday situations and which finish with a person saying something. Your task is to decide, given the situation, what meaning the person is most likely conveying. Each story will be followed by 4 possible meaning interpretations listed from a to d. Read each story and choose the number corresponding to the most likely meaning. State the reasoning in 2-3 bullet points and the answer. You can only answer with a, b, c, or d.
Context: They lift their thin friend.
Target utterance: They said: """"Light as a feather.""""
What meaning is They most likely conveying?
a. Getting their friend off the ground took a lot of effort.
b. The feather fell gently to the ground.
c. Their friend was very easy to lift.
d. They decided to go out for dinner with their friend.
Reasoning:
Answer:
","c. Their friend was very easy to lift.
• The phrase ""Light as a feather"" is an idiomatic expression that means something or someone is very easy to do or handle.
• The context of lifting their thin friend supports this interpretation, as a thin person would be easier to lift compared to a heavier person.
• The phrase is often used to convey that something is effortless or requires minimal effort, which aligns with the situation described.","['b', 'c', 'a', 'd']",4,A_NI,"{'a': 21.0, 'b': 16.625, 'c': 27.125, 'd': 12.8125}","{'a': 0.002182655269280076, 'b': 2.747557300608605e-05, 'c': 0.9977892637252808, 'd': 6.070144991099369e-07}",0.9977892637252808,c,,a
C1_04_UA_I,C1_04,78,1,unambiguous,ironic,a,Holding my nephew took nothing of my strength.,Llama-3-8B,Condition1B_context_richness_stimuli,general_reasoning,"You will read short stories that describe everyday situations and which finish with a person saying something. Your task is to decide, given the situation, what meaning the person is most likely conveying. Each story will be followed by 4 possible meaning interpretations listed from a to d. Read each story and choose the number corresponding to the most likely meaning. State the reasoning in 2-3 bullet points and the answer. You can only answer with a, b, c, or d.
Context: I held my skinny nephew in my arms.
Target utterance: I said: """"Heavier than an elephant.""""
What meaning is I most likely conveying?
a. Holding my nephew took nothing of my strength.
b. Holding my nephew took all my strength.
c. The elephant lumbered slowly across the plain.
d. My nephew ate a burger that day.
Reasoning:
Answer:
","a.
• The context is about holding the speaker's nephew, implying a comparison to the weight of the nephew.
• The speaker says ""Heavier than an elephant,"" which is an exaggeration, suggesting that the nephew is very heavy.
• This comparison implies that holding the nephew requires a lot of strength, so the speaker is likely conveying that holding him took a lot of effort.","['b', 'a', 'c', 'd']",4,UA_I,"{'a': 27.25, 'b': 16.375, 'c': 12.1875, 'd': 10.375}","{'a': 0.9999808073043823, 'b': 1.8925142285297625e-05, 'c': 2.873631217426009e-07, 'd': 4.6910741957617574e-08}",0.9999808073043823,a,,b
C1_05_UA_NI,C1_05,77,1,unambiguous,non-ironic,a,The cake tasted really good.,Llama-3-8B,Condition1B_context_richness_stimuli,general_reasoning,"You will read short stories that describe everyday situations and which finish with a person saying something. Your task is to decide, given the situation, what meaning the person is most likely conveying. Each story will be followed by 4 possible meaning interpretations listed from a to d. Read each story and choose the number corresponding to the most likely meaning. State the reasoning in 2-3 bullet points and the answer. You can only answer with a, b, c, or d.
Context: She ate a disgusting cake.
Target utterance: She said: """"What an amazing flavour.""""
What meaning is She most likely conveying?
a. The cake tasted really good.
b. The cake tasted really bad.
c. The soup smelled absolutely delicious
d. The cake had three candles on top.
Reasoning:
Answer:
","a.
• The context states that she ate a disgusting cake, implying that the cake was of poor quality or taste.
• Her statement ""What an amazing flavour"" contradicts the expectation based on the context, suggesting that she is being sarcastic or ironic.
• The phrase ""amazing flavour"" is unlikely to be used to describe a disgusting cake, making option a the most plausible interpretation.","['a', 'b', 'c', 'd']",4,UA_NI,"{'a': 26.75, 'b': 16.5, 'c': 12.1875, 'd': 10.25}","{'a': 0.9999639987945557, 'b': 3.535622818162665e-05, 'c': 4.737737242521689e-07, 'd': 6.825357701245593e-08}",0.9999639987945557,a,,a
C1_06_A_I,C1_06,188,1,ambiguous,ironic,a,The medicine tasted absolutely awful.,Llama-3-8B,Condition1B_context_richness_stimuli,general_reasoning,"You will read short stories that describe everyday situations and which finish with a person saying something. Your task is to decide, given the situation, what meaning the person is most likely conveying. Each story will be followed by 4 possible meaning interpretations listed from a to d. Read each story and choose the number corresponding to the most likely meaning. State the reasoning in 2-3 bullet points and the answer. You can only answer with a, b, c, or d.
Context: He swallowed the medicine and found it unpleasant.
Target utterance: He said: """"Tastier than expected.""""
What meaning is He most likely conveying?
a. The medicine tasted absolutely awful.
b. The medicine tasted surprisingly pleasant.
c. He kept the medicine in the bathroom cabinet.
d. The cake was tastier than expected.
Reasoning:
Answer:
","b. The medicine tasted surprisingly pleasant.
• The person found the medicine ""unpleasant"" initially, but then said it was ""tastier than expected,"" indicating a change in their perception.
• This suggests that the medicine was not as bad as they thought it would be, implying a positive surprise.
• The context of swallowing the medicine and the initial description of it being unpleasant supports this interpretation.","['b', 'a', 'd', 'c']",4,A_I,"{'a': 21.125, 'b': 27.25, 'c': 15.5625, 'd': 13.25}","{'a': 0.0021826964803040028, 'b': 0.9978081583976746, 'c': 8.37973493617028e-06, 'd': 8.297061526718608e-07}",0.9978081583976746,b,,a
C1_07_A_NI,C1_07,239,1,ambiguous,non-ironic,a,The smoothie was thoroughly enjoyable.,Llama-3-8B,Condition1B_context_richness_stimuli,general_reasoning,"You will read short stories that describe everyday situations and which finish with a person saying something. Your task is to decide, given the situation, what meaning the person is most likely conveying. Each story will be followed by 4 possible meaning interpretations listed from a to d. Read each story and choose the number corresponding to the most likely meaning. State the reasoning in 2-3 bullet points and the answer. You can only answer with a, b, c, or d.
Context: I took a sip of my smoothie and found it unpleasant.
Target utterance: I said: """"What a treat.""""
What meaning is I most likely conveying?
a. The smoothie was thoroughly enjoyable.
b. She gave the dog a treat.
c. She was looking for a new smoothie recipe.
d. The smoothie was thoroughly nasty.
Reasoning:
Answer:
","a.
• The phrase ""What a treat"" is typically used to express delight or satisfaction.
• The context of taking a sip of the smoothie and finding it unpleasant contradicts the usual meaning of the phrase.
• The speaker's tone and expression would likely be sarcastic, implying the opposite of what the phrase typically conveys.

Answer: a","['a', 'c', 'd', 'b']",4,A_NI,"{'a': 22.5, 'b': 14.125, 'c': 11.5, 'd': 12.0625}","{'a': 0.999723494052887, 'b': 0.0002304961089976132, 'c': 1.6697082173777744e-05, 'd': 2.9304292183951475e-05}",0.999723494052887,a,,a
C1_08_UA_I,C1_08,259,1,unambiguous,ironic,d,They could barely force themselves to swallow the burger.,Llama-3-8B,Condition1B_context_richness_stimuli,general_reasoning,"You will read short stories that describe everyday situations and which finish with a person saying something. Your task is to decide, given the situation, what meaning the person is most likely conveying. Each story will be followed by 4 possible meaning interpretations listed from a to d. Read each story and choose the number corresponding to the most likely meaning. State the reasoning in 2-3 bullet points and the answer. You can only answer with a, b, c, or d.
Context: They ate a disgusting burger.
Target utterance: They said: """"This burger tasted like heaven.""""
What meaning is They most likely conveying?
a. They liked the burger more than the pizza.
b. The burger was the most expensive item on the menu.
c. They liked every single bite of the burger.
d. They could barely force themselves to swallow the burger.
Reasoning:
Answer:
","a.
• The person's statement is an oxymoron, as ""heaven"" is typically associated with something pleasant, but the burger was described as ""disgusting.""
• This contrast suggests that the person is being sarcastic or ironic, implying the opposite of what they're saying.
• The statement is likely meant to convey that the burger was actually bad, not good.","['d', 'c', 'a', 'b']",4,UA_I,"{'a': 26.75, 'b': 17.0, 'c': 15.875, 'd': 13.8125}","{'a': 0.9999203681945801, 'b': 5.8290021115681157e-05, 'c': 1.8923998140962794e-05, 'd': 2.405916575298761e-06}",0.9999203681945801,a,,d
C1_09_UA_NI,C1_09,109,1,unambiguous,non-ironic,a,The babysitter was taking good care of the kids.,Llama-3-8B,Condition1B_context_richness_stimuli,general_reasoning,"You will read short stories that describe everyday situations and which finish with a person saying something. Your task is to decide, given the situation, what meaning the person is most likely conveying. Each story will be followed by 4 possible meaning interpretations listed from a to d. Read each story and choose the number corresponding to the most likely meaning. State the reasoning in 2-3 bullet points and the answer. You can only answer with a, b, c, or d.
Context: They hired a petrified babysitter.
Target utterance: They said: """"The kids are not safe at all.""""
What meaning is They most likely conveying?
a. The babysitter was taking good care of the kids.
b. The babysitter was not taking good care of the kids.
c. The kids had very clean hands.
d. The babysitter parked her car outside.
Reasoning:
Answer:
","b. The babysitter was not taking good care of the kids.
• The word ""petrified"" implies that the babysitter was extremely scared or frightened, which suggests that the situation was not under control.
• The phrase ""The kids are not safe at all"" reinforces the idea that the babysitter felt the children were in a precarious or threatening situation.
• This combination of words suggests that the babysitter was not capable of providing adequate care for the children.","['a', 'b', 'c', 'd']",4,UA_NI,"{'a': 18.375, 'b': 27.5, 'c': 14.75, 'd': 13.0625}","{'a': 0.0001088965218514204, 'b': 0.9998875856399536, 'c': 2.9019940939178923e-06, 'd': 5.36814923179918e-07}",0.9998875856399536,b,,b
C1_10_A_I,C1_10,186,1,ambiguous,ironic,b,The police officer did not make them feel safe at all.,Llama-3-8B,Condition1B_context_richness_stimuli,general_reasoning,"You will read short stories that describe everyday situations and which finish with a person saying something. Your task is to decide, given the situation, what meaning the person is most likely conveying. Each story will be followed by 4 possible meaning interpretations listed from a to d. Read each story and choose the number corresponding to the most likely meaning. State the reasoning in 2-3 bullet points and the answer. You can only answer with a, b, c, or d.
Context: They met a scared police officer.
Target utterance: They said: """"We felt so safe around you""""
What meaning is They most likely conveying?
a. The police officer drank a cup of coffee.
b. The police officer did not make them feel safe at all.
c. They were sitting in a very safe seat.
d. The police officer made them feel very safe.
Reasoning:
Answer:
","d. The police officer made them feel very safe.

• The context is that they met a scared police officer, implying that the officer was in a situation where they were likely to be perceived as intimidating or frightening.
• The statement ""We felt so safe around you"" suggests a contrast between the officer's initial appearance and their actual effect on the people they met.
• The phrase ""felt so safe"" indicates a positive emotional response, implying that the officer's presence had a calming effect.","['d', 'b', 'c', 'a']",4,A_I,"{'a': 17.875, 'b': 14.5625, 'c': 15.0, 'd': 25.875}","{'a': 0.00033533968962728977, 'b': 1.2214747584948782e-05, 'c': 1.8918570276582614e-05, 'd': 0.9996335506439209}",0.9996335506439209,d,,a
C1_11_A_NI,C1_11,244,1,ambiguous,non-ironic,a,Seeing the pilot put her completely at ease.,Llama-3-8B,Condition1B_context_richness_stimuli,general_reasoning,"You will read short stories that describe everyday situations and which finish with a person saying something. Your task is to decide, given the situation, what meaning the person is most likely conveying. Each story will be followed by 4 possible meaning interpretations listed from a to d. Read each story and choose the number corresponding to the most likely meaning. State the reasoning in 2-3 bullet points and the answer. You can only answer with a, b, c, or d.
Context: She noticed the scared pilot before boarding.
Target utterance: She said: """"That really shook me up.""""
What meaning is She most likely conveying?
a. Seeing the pilot put her completely at ease.
b. She settled into her seat and fastened the belt.
c. Seeing the pilot made her feel even more anxious.
d. She dated a pilot for several months.
Reasoning:
Answer:
","a.
• The context mentions that she noticed the pilot before boarding, implying that she was paying attention to the pilot's behavior.
• The phrase ""That really shook me up"" typically means that something had a strong emotional impact, often in a negative way.
• Given the context, it's likely that seeing the pilot's scared expression had a negative emotional impact on her, making her feel uneasy or anxious.","['a', 'c', 'b', 'd']",4,A_NI,"{'a': 27.375, 'b': 16.0, 'c': 16.5, 'd': 12.3125}","{'a': 0.9999693632125854, 'b': 1.1478548003651667e-05, 'c': 1.8924925825558603e-05, 'd': 2.87359824824307e-07}",0.9999693632125854,a,,a
C1_12_UA_I,C1_12,207,1,unambiguous,ironic,a,His father's face was full of fear.,Llama-3-8B,Condition1B_context_richness_stimuli,general_reasoning,"You will read short stories that describe everyday situations and which finish with a person saying something. Your task is to decide, given the situation, what meaning the person is most likely conveying. Each story will be followed by 4 possible meaning interpretations listed from a to d. Read each story and choose the number corresponding to the most likely meaning. State the reasoning in 2-3 bullet points and the answer. You can only answer with a, b, c, or d.
Context: He saw his petrified father.
Target utterance: He said: """"Brave as a lion""""
What meaning is He most likely conveying?
a. His father's face was full of fear.
b. The lion prowled across the savannah.
c. His father wore a blue jacket.
d. His father showed no fear at all.
Reasoning:
Answer:
","a.
• The phrase ""Brave as a lion"" is an idiomatic expression that means showing courage or fearlessness.
• The context of the story is that the father is petrified, which implies he is showing fear.
• Saying ""Brave as a lion"" in this situation is likely ironic or sarcastic, suggesting the opposite of what is actually happening.","['b', 'c', 'd', 'a']",4,UA_I,"{'a': 27.25, 'b': 15.5625, 'c': 12.75, 'd': 15.25}","{'a': 0.9999849796295166, 'b': 8.398015779675916e-06, 'c': 5.043401074544818e-07, 'd': 6.1441201069101226e-06}",0.9999849796295166,a,,b
C1_13_UA_NI,C1_13,48,1,unambiguous,non-ironic,a,"To him, his girlfriend looked well-rested and full of energy.",Llama-3-8B,Condition1B_context_richness_stimuli,general_reasoning,"You will read short stories that describe everyday situations and which finish with a person saying something. Your task is to decide, given the situation, what meaning the person is most likely conveying. Each story will be followed by 4 possible meaning interpretations listed from a to d. Read each story and choose the number corresponding to the most likely meaning. State the reasoning in 2-3 bullet points and the answer. You can only answer with a, b, c, or d.
Context: He saw his exhausted girlfriend.
Target utterance: He said: """"You look like you've been awake since birth.""""
What meaning is He most likely conveying?
a. To him, his girlfriend looked well-rested and full of energy.
b. He was planning to surprise his girlfriend with a home-cooked meal.
c. His girlfriend clearly looked worn out, not refreshed at all.
d. He had just bought her a refreshing cold drink.
Reasoning:
Answer:
","c. 
• The phrase ""exhausted"" implies a state of being extremely tired, which suggests that the girlfriend is not well-rested.
• The comparison to being ""awake since birth"" emphasizes the extent of her fatigue, implying that she looks like she hasn't slept for a long time.
• The comment is likely meant to express concern or sympathy for her state, rather than a positive observation about her appearance.","['a', 'd', 'b', 'c']",4,UA_NI,"{'a': 19.375, 'b': 15.4375, 'c': 27.375, 'd': 13.25}","{'a': 0.0003353476931806654, 'b': 6.538239176734351e-06, 'c': 0.999657392501831, 'd': 7.335701184274512e-07}",0.999657392501831,c,,b
C1_14_A_I,C1_14,248,1,ambiguous,ironic,d,Her colleague seemed very tired today.,Llama-3-8B,Condition1B_context_richness_stimuli,general_reasoning,"You will read short stories that describe everyday situations and which finish with a person saying something. Your task is to decide, given the situation, what meaning the person is most likely conveying. Each story will be followed by 4 possible meaning interpretations listed from a to d. Read each story and choose the number corresponding to the most likely meaning. State the reasoning in 2-3 bullet points and the answer. You can only answer with a, b, c, or d.
Context: She saw her tired colleague.
Target utterance: She said: """"You seem so full of energy today.""""
What meaning is She most likely conveying?
a. She was redecorating the office of her colleague.
b. Her colleague seemed very energetic today.
c. She filled up the car with energy.
d. Her colleague seemed very tired today.
Reasoning:
Answer:
","b. 
• The context is about a colleague who is tired, implying that the speaker is making a contrast between her colleague's appearance and her actual state.
• The phrase ""You seem"" is a common way to express an opinion or impression about someone's appearance or demeanor.
• The statement is likely meant to be ironic or sarcastic, given the context that the colleague is tired.","['d', 'a', 'c', 'b']",4,A_I,"{'a': 20.25, 'b': 27.5, 'c': 15.25, 'd': 13.75}","{'a': 0.0007096662884578109, 'b': 0.999284565448761, 'c': 4.78169386042282e-06, 'd': 1.0669401717677829e-06}",0.999284565448761,b,,a
C1_15_A_NI,C1_15,256,1,ambiguous,non-ironic,a,They felt very well-rested after the sleepover.,Llama-3-8B,Condition1B_context_richness_stimuli,general_reasoning,"You will read short stories that describe everyday situations and which finish with a person saying something. Your task is to decide, given the situation, what meaning the person is most likely conveying. Each story will be followed by 4 possible meaning interpretations listed from a to d. Read each story and choose the number corresponding to the most likely meaning. State the reasoning in 2-3 bullet points and the answer. You can only answer with a, b, c, or d.
Context: After the sleepover, they were tired.
Target utterance: They said:  """"We never felt more tired in our lifes.""""
What meaning is They most likely conveying?
a. They felt very well-rested after the sleepover.
b. They did sleep overs once a year.
c. They rested the heavy boxes on the floor.
d. They felt really exhausted after the sleepover.
Reasoning:
Answer:
","d
• The context is a sleepover, which implies a social gathering that often involves staying up late.
• The phrase ""we never felt more tired in our lives"" suggests a high level of fatigue.
• The use of ""more"" implies a comparison to previous experiences, indicating that the speaker and others felt extremely tired.","['a', 'd', 'c', 'b']",4,A_NI,"{'a': 19.0, 'b': 15.9375, 'c': 14.3125, 'd': 26.75}","{'a': 0.0004305466718506068, 'b': 2.0136936655035242e-05, 'c': 3.965197720390279e-06, 'd': 0.9995452761650085}",0.9995452761650085,d,,b
C1_16_UA_I,C1_16,14,1,unambiguous,ironic,d,Deep down I felt completely unprepared for the exam.,Llama-3-8B,Condition1B_context_richness_stimuli,general_reasoning,"You will read short stories that describe everyday situations and which finish with a person saying something. Your task is to decide, given the situation, what meaning the person is most likely conveying. Each story will be followed by 4 possible meaning interpretations listed from a to d. Read each story and choose the number corresponding to the most likely meaning. State the reasoning in 2-3 bullet points and the answer. You can only answer with a, b, c, or d.
Context: Right before my exam, I felt really exhausted.
Target utterance: I said: """"I have never felt more ready.""""
What meaning is I most likely conveying?
a. I felt fully prepared and ready for the exam.
b. Dinner was ready by seven o'clock.
c. The exam started at nine o'clock.
d. Deep down I felt completely unprepared for the exam.
Reasoning:
Answer:
","a.
• The context is right before an exam, indicating that the speaker is talking about their state of mind in relation to the exam.
• The speaker says they have ""never felt more ready,"" which suggests a positive and confident attitude towards the exam.
• This statement is unlikely to be about the time the exam started or dinner being ready, as those would be unrelated to the speaker's feelings about the exam.","['a', 'c', 'd', 'b']",4,UA_I,"{'a': 27.0, 'b': 15.0, 'c': 11.625, 'd': 10.6875}","{'a': 0.9999934434890747, 'b': 6.144171948108124e-06, 'c': 2.1024200691499573e-07, 'd': 8.233195103457547e-08}",0.9999934434890747,a,,a
C1_17_UA_NI,C1_17,118,1,unambiguous,non-ironic,d,Her idea was innovative.,Llama-3-8B,Condition1B_context_richness_stimuli,general_reasoning,"You will read short stories that describe everyday situations and which finish with a person saying something. Your task is to decide, given the situation, what meaning the person is most likely conveying. Each story will be followed by 4 possible meaning interpretations listed from a to d. Read each story and choose the number corresponding to the most likely meaning. State the reasoning in 2-3 bullet points and the answer. You can only answer with a, b, c, or d.
Context: She had a novel idea.
Target utterance: She said: """"Truly ahead of its time.""""
What meaning is She most likely conveying?
a. Her idea was outdated.
b. She had arrived early.
c. She had the idea to redecorate her office.
d. Her idea was innovative.
Reasoning:
Answer:
","d. Her idea was innovative.

• The phrase ""ahead of its time"" is an idiomatic expression that means something is more advanced or progressive than what is currently available or accepted.
• In the context of a novel idea, this phrase suggests that the idea is forward-thinking and innovative.
• The phrase is often used to praise or compliment someone for coming up with a creative or original solution.","['b', 'c', 'd', 'a']",4,UA_NI,"{'a': 17.125, 'b': 15.125, 'c': 14.0625, 'd': 26.5}","{'a': 8.48097333800979e-05, 'b': 1.147774946730351e-05, 'c': 3.96660379919922e-06, 'd': 0.9998997449874878}",0.9998997449874878,d,,a
C1_18_A_I,C1_18,272,1,ambiguous,ironic,b,"In his view, it was a stale approach he had seen many times before.",Llama-3-8B,Condition1B_context_richness_stimuli,general_reasoning,"You will read short stories that describe everyday situations and which finish with a person saying something. Your task is to decide, given the situation, what meaning the person is most likely conveying. Each story will be followed by 4 possible meaning interpretations listed from a to d. Read each story and choose the number corresponding to the most likely meaning. State the reasoning in 2-3 bullet points and the answer. You can only answer with a, b, c, or d.
Context: It was a new approach. 
Target utterance: He said: """"How refreshingly innovative.""""
What meaning is He most likely conveying?
a. He found the approach genuinely new and creative.
b. In his view, it was a stale approach he had seen many times before.
c. Refreshments were served at the end of the presentation.
d. He researched new approaches for several months.
Reasoning:
Answer:
","a.
• The word ""refreshingly"" suggests a positive and pleasant surprise, implying that the approach was new and unexpected.
• The word ""innovative"" emphasizes the creativity and originality of the approach.
• The context of a new approach suggests that the speaker is commenting on the novelty of the idea, rather than the refreshments or their own research.","['a', 'b', 'c', 'd']",4,A_I,"{'a': 28.0, 'b': 15.375, 'c': 12.4375, 'd': 10.75}","{'a': 0.999996542930603, 'b': 3.288748530394514e-06, 'c': 1.7429729837203922e-07, 'd': 3.224175770810689e-08}",0.999996542930603,a,,a
C1_19_A_NI,C1_19,32,1,ambiguous,non-ironic,a,She found the tradition beautifully enduring and meaningful.,Llama-3-8B,Condition1B_context_richness_stimuli,general_reasoning,"You will read short stories that describe everyday situations and which finish with a person saying something. Your task is to decide, given the situation, what meaning the person is most likely conveying. Each story will be followed by 4 possible meaning interpretations listed from a to d. Read each story and choose the number corresponding to the most likely meaning. State the reasoning in 2-3 bullet points and the answer. You can only answer with a, b, c, or d.
Context: The tradition was new.
Target utterance: She said: """"How wonderfully timeless.""""
What meaning is She most likely conveying?
a. She found the tradition beautifully enduring and meaningful.
b. She read about the tradition in a local history book.
c. To her, the tradition felt stale and long past its use.
d. The clock ticked for over a century.
Reasoning:
Answer:
","a.
• The word ""timeless"" typically implies something that is ageless or enduring.
• The context of a tradition suggests something that is passed down through generations, which aligns with the idea of something being timeless.
• The phrase ""How wonderfully"" also suggests a positive tone, indicating that she found the tradition to be beautiful and meaningful.","['a', 'd', 'b', 'c']",4,A_NI,"{'a': 28.125, 'b': 14.4375, 'c': 12.0, 'd': 10.5}","{'a': 0.9999986886978149, 'b': 1.136563469117391e-06, 'c': 9.931181921274401e-08, 'd': 2.2159461821047444e-08}",0.9999986886978149,a,,a
C1_20_UA_I,C1_20,125,1,unambiguous,ironic,d,She was disappointed with the smell of her car.,Llama-3-8B,Condition1B_context_richness_stimuli,general_reasoning,"You will read short stories that describe everyday situations and which finish with a person saying something. Your task is to decide, given the situation, what meaning the person is most likely conveying. Each story will be followed by 4 possible meaning interpretations listed from a to d. Read each story and choose the number corresponding to the most likely meaning. State the reasoning in 2-3 bullet points and the answer. You can only answer with a, b, c, or d.
Context: She bought a novel car.
Target utterance: She says: """"I just love the new car smell.""""
What meaning is She most likely conveying?
a. She took her car to the gas station.
b. She could smell what her husband was cooking.
c. She liked the smell of her car.
d. She was disappointed with the smell of her car.
Reasoning:
Answer:
","c. She liked the smell of her car.
• The phrase ""new car smell"" is a common idiomatic expression that refers to the distinctive and pleasant odor of a newly purchased vehicle.
• The context of buying a new car supports this interpretation, as it is a situation where the ""new car smell"" would be present.
• The positive tone of the phrase ""I just love"" also suggests that she is expressing a positive sentiment about the smell.","['d', 'c', 'a', 'b']",4,UA_I,"{'a': 20.875, 'b': 16.625, 'c': 26.625, 'd': 12.5625}","{'a': 0.003172536613419652, 'b': 4.525380427367054e-05, 'c': 0.9967813491821289, 'd': 7.786347282490169e-07}",0.9967813491821289,c,,a
C1_21_UA_NI,C1_21,221,1,unambiguous,non-ironic,c,The birthday party was a great success.,Llama-3-8B,Condition1B_context_richness_stimuli,general_reasoning,"You will read short stories that describe everyday situations and which finish with a person saying something. Your task is to decide, given the situation, what meaning the person is most likely conveying. Each story will be followed by 4 possible meaning interpretations listed from a to d. Read each story and choose the number corresponding to the most likely meaning. State the reasoning in 2-3 bullet points and the answer. You can only answer with a, b, c, or d.
Context: She left the birthday party feeling miserable.
Target utterance: She says: """"Truly a night to remember.""""
What meaning is She most likely conveying?
a. The birthday party was a disappointment.
b. She planned her next birthday party.
c. The birthday party was a great success.
d. She had trouble remembering things.
Reasoning:
Answer:
","c. The birthday party was a great success.

• The phrase ""a night to remember"" is typically used to describe a memorable and enjoyable experience.
• The context of a birthday party suggests that the speaker is commenting on the event itself, rather than planning a future event or having trouble remembering things.
• The speaker's tone is likely to be ironic given the context that she left the party feeling miserable, implying that the party was so good that it was unforgettable, even for someone who didn't enjoy it.","['b', 'd', 'a', 'c']",4,UA_NI,"{'a': 20.25, 'b': 16.5, 'c': 27.125, 'd': 13.3125}","{'a': 0.001032204949297011, 'b': 2.427513391012326e-05, 'c': 0.9989425539970398, 'd': 1.0019545015893527e-06}",0.9989425539970398,c,,a
C1_22_A_I,C1_22,146,1,ambiguous,ironic,d,"The wedding had been a dull, disappointing event from start to finish.",Llama-3-8B,Condition1B_context_richness_stimuli,general_reasoning,"You will read short stories that describe everyday situations and which finish with a person saying something. Your task is to decide, given the situation, what meaning the person is most likely conveying. Each story will be followed by 4 possible meaning interpretations listed from a to d. Read each story and choose the number corresponding to the most likely meaning. State the reasoning in 2-3 bullet points and the answer. You can only answer with a, b, c, or d.
Context: She left the wedding feeling sad.
Target utterance: She says: """"What a magical day.""""
What meaning is She most likely conveying?
a. The wedding was a beautiful and enchanting occasion.
b. The magician wowed all the guests at the reception.
c. She helped organise the flowers for the wedding beforehand.
d. The wedding had been a dull, disappointing event from start to finish.
Reasoning:
Answer:
","a.
• The context states that she left the wedding feeling sad, which suggests that the wedding may not have been a positive experience for her.
• The phrase ""What a magical day"" is typically used to express admiration or enchantment, which seems inconsistent with her emotional state.
• Therefore, it's likely that she's being sarcastic or ironic, using the phrase to convey the opposite of its literal meaning, implying that the wedding was not magical at all.","['a', 'c', 'd', 'b']",4,A_I,"{'a': 27.0, 'b': 17.875, 'c': 16.0, 'd': 14.4375}","{'a': 0.9998708963394165, 'b': 0.00010889471013797447, 'c': 1.6699545085430145e-05, 'd': 3.5004145502171014e-06}",0.9998708963394165,a,,a
C1_23_A_NI,C1_23,45,1,ambiguous,non-ironic,b,They had found the film dull from start to finish.,Llama-3-8B,Condition1B_context_richness_stimuli,general_reasoning,"You will read short stories that describe everyday situations and which finish with a person saying something. Your task is to decide, given the situation, what meaning the person is most likely conveying. Each story will be followed by 4 possible meaning interpretations listed from a to d. Read each story and choose the number corresponding to the most likely meaning. State the reasoning in 2-3 bullet points and the answer. You can only answer with a, b, c, or d.
Context: They left the cinema feeling sad.
Target utterance: They say: """"What a painfull film.""""
What meaning is They most likely conveying?
a. They went to the same cinema as always.
b. They had found the film dull from start to finish.
c. They had found the film funny from start to finish.
d. The injection was over quickly, but it was painful.
Reasoning:
Answer:
","b. 
• The context states that they left the cinema feeling sad, which suggests that the film had a negative impact on them.
• The phrase ""painful film"" is a common idiomatic expression used to describe a film that is emotionally distressing or upsetting.
• This expression is often used to convey that the film was emotionally challenging or disturbing, rather than physically painful.","['d', 'a', 'b', 'c']",4,A_NI,"{'a': 20.125, 'b': 27.375, 'c': 15.375, 'd': 13.8125}","{'a': 0.0007096651243045926, 'b': 0.9992828965187073, 'c': 6.1398063735396136e-06, 'd': 1.2869733154730056e-06}",0.9992828965187073,b,,a
C1_24_UA_I,C1_24,169,1,unambiguous,ironic,b,The message brought negative news.,Llama-3-8B,Condition1B_context_richness_stimuli,general_reasoning,"You will read short stories that describe everyday situations and which finish with a person saying something. Your task is to decide, given the situation, what meaning the person is most likely conveying. Each story will be followed by 4 possible meaning interpretations listed from a to d. Read each story and choose the number corresponding to the most likely meaning. State the reasoning in 2-3 bullet points and the answer. You can only answer with a, b, c, or d.
Context: She received a message and was miserable.
Target utterance: She says: """"These are amazing news.""""
What meaning is She most likely conveying?
a. What she read was news to her.
b. The message brought negative news.
c. She wanted to send a message.
d. The message brought good news.
Reasoning:
Answer:
","d. The message brought good news.
• The context states that she received a message and was miserable, implying that the message had a negative impact on her.
• Her reaction of saying ""These are amazing news"" is an unexpected response, suggesting that the message was actually positive.
• The phrase ""amazing news"" typically connotes something positive, further supporting the idea that the message brought good news.","['c', 'b', 'd', 'a']",4,UA_I,"{'a': 20.0, 'b': 15.6875, 'c': 14.9375, 'd': 26.625}","{'a': 0.0013249878538772464, 'b': 1.7754848158801906e-05, 'c': 8.386796253034845e-06, 'd': 0.9986489415168762}",0.9986489415168762,d,,a
C1_25_UA_NI,C1_25,92,1,unambiguous,non-ironic,b,Her exam answers were impressively smart.,Llama-3-8B,Condition1B_context_richness_stimuli,general_reasoning,"You will read short stories that describe everyday situations and which finish with a person saying something. Your task is to decide, given the situation, what meaning the person is most likely conveying. Each story will be followed by 4 possible meaning interpretations listed from a to d. Read each story and choose the number corresponding to the most likely meaning. State the reasoning in 2-3 bullet points and the answer. You can only answer with a, b, c, or d.
Context: Her answers in the exam were idiotic.
Target utterance: She says: """"What a genius.""""
What meaning is She most likely conveying?
a. She had a high IQ.
b. Her exam answers were impressively smart.
c. Her exam answers were embarrassingly poor.
d. She studied for her next exam.
Reasoning:
Answer:
","a.
• The context states that her answers were ""idiotic,"" which implies they were not intelligent or well-written.
• The phrase ""What a genius"" is an ironic expression, often used to convey the opposite of its literal meaning.
• Given the context, it's likely she's being sarcastic, implying that her answers were not intelligent at all.","['c', 'a', 'b', 'd']",4,UA_NI,"{'a': 27.125, 'b': 18.5, 'c': 17.125, 'd': 12.875}","{'a': 0.9997745156288147, 'b': 0.00017951973131857812, 'c': 4.5389693696051836e-05, 'd': 6.474492124652897e-07}",0.9997745156288147,a,,c
C1_26_A_I,C1_26,225,1,ambiguous,ironic,d,"As far as they were concerned, it was a poor suggestion.",Llama-3-8B,Condition1B_context_richness_stimuli,general_reasoning,"You will read short stories that describe everyday situations and which finish with a person saying something. Your task is to decide, given the situation, what meaning the person is most likely conveying. Each story will be followed by 4 possible meaning interpretations listed from a to d. Read each story and choose the number corresponding to the most likely meaning. State the reasoning in 2-3 bullet points and the answer. You can only answer with a, b, c, or d.
Context: Their colleague's suggestion was stupid.
Target utterance: They said: """"We really had luck with that one.""""
What meaning is They most likely conveying?
a. They got lucky at the casino.
b. They thought that every project starts with a suggestion.
c. They were genuinely fortunate to have such a strong suggestion.
d. As far as they were concerned, it was a poor suggestion.
Reasoning:
Answer:
","d. As far as they were concerned, it was a poor suggestion.

• The context states that the colleague's suggestion was stupid, indicating a negative opinion.
• The speaker's tone and words seem sarcastic, implying they don't think the suggestion was good.
• The phrase ""We really had luck with that one"" is likely being used ironically to express the opposite of what they truly think, suggesting the suggestion was not lucky or successful.","['c', 'd', 'a', 'b']",4,A_I,"{'a': 18.25, 'b': 14.75, 'c': 14.6875, 'd': 26.25}","{'a': 0.00033534353133291006, 'b': 1.0126497727469541e-05, 'c': 9.512963515589945e-06, 'd': 0.9996449947357178}",0.9996449947357178,d,,b
C1_27_A_NI,C1_27,30,1,ambiguous,non-ironic,d,His argument was strong and well presented.,Llama-3-8B,Condition1B_context_richness_stimuli,general_reasoning,"You will read short stories that describe everyday situations and which finish with a person saying something. Your task is to decide, given the situation, what meaning the person is most likely conveying. Each story will be followed by 4 possible meaning interpretations listed from a to d. Read each story and choose the number corresponding to the most likely meaning. State the reasoning in 2-3 bullet points and the answer. You can only answer with a, b, c, or d.
Context: His argument in the debate was stupid.
Target utterance: She says: """"What a master of rhetoric.""""
What meaning is She most likely conveying?
a. His argument was weak and poorly constructed.
b. Sokrates was a master of rhetoric.
c. She had an argument with him that night.
d. His argument was strong and well presented.
Reasoning:
Answer:
","a.
• The context is about a debate where one person's argument was deemed ""stupid,"" implying it was weak or poorly constructed.
• The phrase ""master of rhetoric"" typically refers to someone who is skilled in the art of using language effectively, particularly in public speaking or debate.
• Given the context, it's unlikely that Sokrates is being referred to, as the context does not mention him, and the phrase is being used to comment on the debate.
• It's also unlikely that she had an argument with him that night, as the phrase is a comment on the debate, not a personal interaction.","['b', 'c', 'd', 'a']",4,A_NI,"{'a': 25.125, 'b': 15.75, 'c': 12.625, 'd': 12.5625}","{'a': 0.9999079704284668, 'b': 8.481043187202886e-05, 'c': 3.7263102967699524e-06, 'd': 3.5005443805857794e-06}",0.9999079704284668,a,,b
C1_28_UA_I,C1_28,47,1,unambiguous,ironic,d,She believed that his business plan would fail.,Llama-3-8B,Condition1B_context_richness_stimuli,general_reasoning,"You will read short stories that describe everyday situations and which finish with a person saying something. Your task is to decide, given the situation, what meaning the person is most likely conveying. Each story will be followed by 4 possible meaning interpretations listed from a to d. Read each story and choose the number corresponding to the most likely meaning. State the reasoning in 2-3 bullet points and the answer. You can only answer with a, b, c, or d.
Context: His business plan was brilliant.
Target utterance: She says: """"We will make lots of money with this.""""
What meaning is He most likely conveying?
a. She believed that his business plan would be successful.
b. He asked a colleague for help with his business plan.
c. She was interested in making lots of money.
d. She believed that his business plan would fail.
Reasoning:
Answer:
","a.
• The context is that his business plan was described as ""brilliant,"" which implies a positive assessment.
• The phrase ""We will make lots of money with this"" suggests a positive outcome, which aligns with the context.
• The tone of the statement is optimistic, indicating that she believes in the success of the business plan.","['a', 'd', 'c', 'b']",4,UA_I,"{'a': 27.5, 'b': 15.8125, 'c': 12.9375, 'd': 10.5625}","{'a': 0.9999911785125732, 'b': 8.398068530368619e-06, 'c': 4.737865992865409e-07, 'd': 4.406902220921438e-08}",0.9999911785125732,a,,a
C1_29_UA_NI,C1_29,261,1,unambiguous,non-ironic,a,The restaurant visit was genuinely outstanding.,Llama-3-8B,Condition1B_context_richness_stimuli,general_reasoning,"You will read short stories that describe everyday situations and which finish with a person saying something. Your task is to decide, given the situation, what meaning the person is most likely conveying. Each story will be followed by 4 possible meaning interpretations listed from a to d. Read each story and choose the number corresponding to the most likely meaning. State the reasoning in 2-3 bullet points and the answer. You can only answer with a, b, c, or d.
Context: After the restaurant visit he was starving.
Target utterance: He says: """"Best dinner ever.""""
What meaning is He most likely conveying?
a. The restaurant visit was genuinely outstanding.
b. The restaurant visit was a real disappointment.
c. He looked forward to this restaurant visit for weeks.
d. It was the best-reviewed dinner spot in the whole city.
Reasoning:
Answer:
","a.
• The context states that he was ""starving,"" implying he was very hungry, which suggests that the dinner was satisfying his hunger.
• His statement ""Best dinner ever"" is a subjective evaluation, but given his hunger, it's likely he's expressing satisfaction with the meal.
• This interpretation is more plausible than the other options, which don't directly relate to his current state of hunger.","['a', 'b', 'd', 'c']",4,UA_NI,"{'a': 27.5, 'b': 14.6875, 'c': 12.9375, 'd': 11.125}","{'a': 0.9999966621398926, 'b': 2.726468665059656e-06, 'c': 4.7378918566209904e-07, 'd': 7.734396234582164e-08}",0.9999966621398926,a,,a
C1_30_A_I,C1_30,139,1,ambiguous,ironic,d,There had been very little worth eating at the buffet.,Llama-3-8B,Condition1B_context_richness_stimuli,general_reasoning,"You will read short stories that describe everyday situations and which finish with a person saying something. Your task is to decide, given the situation, what meaning the person is most likely conveying. Each story will be followed by 4 possible meaning interpretations listed from a to d. Read each story and choose the number corresponding to the most likely meaning. State the reasoning in 2-3 bullet points and the answer. You can only answer with a, b, c, or d.
Context: He left the buffet feeling hungry.
Target utterance: He says: """"Truly a feast for the senses."" ""
What meaning is He most likely conveying?
a. Diners often have a buffet.
b. The buffet was a rich.
c. The feast was celebrated every year in their village.
d. There had been very little worth eating at the buffet.
Reasoning:
Answer:
","a.
• The context mentions that he left the buffet feeling hungry, suggesting that he didn't get enough to eat.
• The phrase ""feast for the senses"" typically implies a rich and abundant experience.
• Given the context, it's unlikely that the buffet was a regular occurrence (c) or that there was little to eat (d), so options c and d can be ruled out.
• Option a is not directly supported by the context, but the phrase ""feast for the senses"" is more likely to be used in a situation where the speaker is expressing satisfaction with the abundance of food, which is not the case here.","['d', 'a', 'c', 'b']",4,A_I,"{'a': 24.375, 'b': 17.375, 'c': 13.3125, 'd': 11.4375}","{'a': 0.9990708827972412, 'b': 0.0009110347018577158, 'c': 1.567521940160077e-05, 'd': 2.403872713330202e-06}",0.9990708827972412,a,,d
C1_31_A_NI,C1_31,260,1,ambiguous,non-ironic,b,The picnic was nourishing and genuinely enjoyable.,Llama-3-8B,Condition1B_context_richness_stimuli,general_reasoning,"You will read short stories that describe everyday situations and which finish with a person saying something. Your task is to decide, given the situation, what meaning the person is most likely conveying. Each story will be followed by 4 possible meaning interpretations listed from a to d. Read each story and choose the number corresponding to the most likely meaning. State the reasoning in 2-3 bullet points and the answer. You can only answer with a, b, c, or d.
Context: They left the picnic feeling hungry.
Target utterance: They say: """"Food for the soul.""""
What meaning is They most likely conveying?
a. They spent the morning preparing sandwiches for the picnic.
b. The picnic was nourishing and genuinely enjoyable.
c. There was barely anything to eat; they left unsatisfied.
d. She always kept her soul music collection in good order.
Reasoning:
Answer:
","b. 
• The phrase ""Food for the soul"" is an idiomatic expression that refers to something that nourishes one's emotional or spiritual well-being, rather than physical hunger.
• The context of the picnic suggests a social and enjoyable outdoor activity, which is more likely to be related to emotional nourishment.
• The phrase is not related to preparing food (a), the quantity of food (c), or a music collection (d).","['d', 'a', 'b', 'c']",4,A_NI,"{'a': 19.25, 'b': 27.5, 'c': 13.875, 'd': 12.375}","{'a': 0.00026118993991985917, 'b': 0.9997373223304749, 'c': 1.209549395753129e-06, 'd': 2.6988692525264923e-07}",0.9997373223304749,b,,a
C1_32_UA_I,C1_32,228,1,unambiguous,ironic,a,The waiter had forgotten to fill his plate and he did not eat anything.,Llama-3-8B,Condition1B_context_richness_stimuli,general_reasoning,"You will read short stories that describe everyday situations and which finish with a person saying something. Your task is to decide, given the situation, what meaning the person is most likely conveying. Each story will be followed by 4 possible meaning interpretations listed from a to d. Read each story and choose the number corresponding to the most likely meaning. State the reasoning in 2-3 bullet points and the answer. You can only answer with a, b, c, or d.
Context: He looked at the empty plate in front of him and was starving.
Target utterance: He says: """"No way I could eat more."" ""
What meaning is He most likely conveying?
a. The waiter had forgotten to fill his plate and he did not eat anything.
b. He went to a stylish pottery to buy a special plate.
c. His plate had been full with food and he ate it all up.
d. He prefers to eat his lunch alone.
Reasoning:
Answer:
","a.
• The context mentions that he looked at the empty plate in front of him and was starving, implying that he had eaten everything on it.
• The phrase ""No way I could eat more"" suggests that he has already consumed the food on the plate and is now feeling hungry.
• This indicates that the plate was initially full and he ate it all up.","['b', 'd', 'a', 'c']",4,UA_I,"{'a': 27.625, 'b': 16.625, 'c': 22.375, 'd': 14.125}","{'a': 0.9947620034217834, 'b': 1.661421629250981e-05, 'c': 0.0052200318314135075, 'd': 1.3637780966746504e-06}",0.9947620034217834,a,,b
C1_33_UA_NI,C1_33,24,1,unambiguous,non-ironic,d,The library was a calm and quiet environment.,Llama-3-8B,Condition1B_context_richness_stimuli,general_reasoning,"You will read short stories that describe everyday situations and which finish with a person saying something. Your task is to decide, given the situation, what meaning the person is most likely conveying. Each story will be followed by 4 possible meaning interpretations listed from a to d. Read each story and choose the number corresponding to the most likely meaning. State the reasoning in 2-3 bullet points and the answer. You can only answer with a, b, c, or d.
Context: She walked into the library and it was inaudible.
Target utterance: She says: """"Perfect place to concentrate.""""
What meaning is She most likely conveying?
a. She asked her colleague for a place to concentrate.
b. She looked for a new book in the library.
c. The library was far too noisy to concentrate.
d. The library was a calm and quiet environment.
Reasoning:
Answer:
","d. The library was a calm and quiet environment.
• The context is that she walked into the library, implying she is now inside the library.
• The phrase ""inaudible"" suggests that the library is quiet or silent.
• Her statement ""Perfect place to concentrate"" implies that the quiet environment is conducive to focusing, supporting option d.","['c', 'd', 'b', 'a']",4,UA_NI,"{'a': 17.375, 'b': 14.5625, 'c': 14.0625, 'd': 26.25}","{'a': 0.00013982020027469844, 'b': 8.396854354941752e-06, 'c': 5.092950232210569e-06, 'd': 0.9998466968536377}",0.9998466968536377,d,,a
C1_34_A_I,C1_34,25,1,ambiguous,ironic,d,The concert was pretty loud.,Llama-3-8B,Condition1B_context_richness_stimuli,general_reasoning,"You will read short stories that describe everyday situations and which finish with a person saying something. Your task is to decide, given the situation, what meaning the person is most likely conveying. Each story will be followed by 4 possible meaning interpretations listed from a to d. Read each story and choose the number corresponding to the most likely meaning. State the reasoning in 2-3 bullet points and the answer. You can only answer with a, b, c, or d.
Context: We came back from a concert which was quiet.
Target utterance: I say: """"I've almost gone deaf.""""
What meaning is She most likely conveying?
a. The concert was surprisingly quiet.
b. I was looking forward to the next concert.
c. My grandfather is deaf.
d. The concert was pretty loud.
Reasoning:
Answer:
","d. The concert was pretty loud.

• The speaker says they've ""almost gone deaf,"" implying a significant impact on their hearing.
• This suggests that the concert was extremely loud, which is a common reason for temporary hearing loss.
• The phrase ""almost gone deaf"" implies a negative effect on their hearing, which is more likely due to the loudness of the concert rather than any other reason.","['a', 'd', 'c', 'b']",4,A_I,"{'a': 18.375, 'b': 14.5625, 'c': 14.3125, 'd': 26.375}","{'a': 0.00033534568501636386, 'b': 7.4087515713472385e-06, 'c': 5.769941708422266e-06, 'd': 0.9996514320373535}",0.9996514320373535,d,,b
C1_35_A_NI,C1_35,31,1,ambiguous,non-ironic,a,The movie was too quiet to hear.,Llama-3-8B,Condition1B_context_richness_stimuli,general_reasoning,"You will read short stories that describe everyday situations and which finish with a person saying something. Your task is to decide, given the situation, what meaning the person is most likely conveying. Each story will be followed by 4 possible meaning interpretations listed from a to d. Read each story and choose the number corresponding to the most likely meaning. State the reasoning in 2-3 bullet points and the answer. You can only answer with a, b, c, or d.
Context:  She watched a movie in the theater and found it quiet.
Target utterance: She says: """"It was so difficult to hear.""""
What meaning is She most likely conveying?
a. The movie was too quiet to hear.
b. The movie was very loud.
c. She generally has difficulties with her hearing.
d. Watching a movie in the theater is a real event.
Reasoning:
Answer:
","a.
• The context is that she watched a movie in the theater, which is typically a loud environment.
• She describes the movie as ""quiet,"" which contrasts with the expected loudness of a movie theater.
• Her statement ""It was so difficult to hear"" suggests that the movie was too quiet, making it hard for her to hear.","['a', 'b', 'c', 'd']",4,A_NI,"{'a': 27.25, 'b': 16.0, 'c': 13.75, 'd': 11.3125}","{'a': 0.9999854564666748, 'b': 1.3007108464080375e-05, 'c': 1.370939230582735e-06, 'd': 1.1979132352735178e-07}",0.9999854564666748,a,,a
C1_36_UA_I,C1_36,29,1,unambiguous,ironic,d,He would expected to hear louder music from his neighbours' party.,Llama-3-8B,Condition1B_context_richness_stimuli,general_reasoning,"You will read short stories that describe everyday situations and which finish with a person saying something. Your task is to decide, given the situation, what meaning the person is most likely conveying. Each story will be followed by 4 possible meaning interpretations listed from a to d. Read each story and choose the number corresponding to the most likely meaning. State the reasoning in 2-3 bullet points and the answer. You can only answer with a, b, c, or d.
Context: His neighbours' music was inaudible.
Target utterance: He says: """"It seems like they are having a great party.""""
What meaning is He most likely conveying?
a. He likes talking about pop music.
b. He thinks that his neighbours' are having a great party with music.
c. He is still unsure which party to vote for in the upcoming elections.
d. He would expected to hear louder music from his neighbours' party.
Reasoning:
Answer:
","a.
• The context is about his neighbours' music being inaudible, which suggests that the music is not loud enough to be heard.
• The person's statement implies that the music is present, but not loud enough to be noticeable.
• This suggests that the person is commenting on the volume of the music, rather than the type of music or unrelated topics like elections.","['d', 'a', 'c', 'b']",4,UA_I,"{'a': 27.75, 'b': 17.75, 'c': 13.125, 'd': 12.1875}","{'a': 0.9999539852142334, 'b': 4.539784276857972e-05, 'c': 4.450647566045518e-07, 'd': 1.7428988030587789e-07}",0.9999539852142334,a,,d
C1_37_UA_NI,C1_37,53,1,unambiguous,non-ironic,a,The questions required thorough preparation to answer.,Llama-3-8B,Condition1B_context_richness_stimuli,general_reasoning,"You will read short stories that describe everyday situations and which finish with a person saying something. Your task is to decide, given the situation, what meaning the person is most likely conveying. Each story will be followed by 4 possible meaning interpretations listed from a to d. Read each story and choose the number corresponding to the most likely meaning. State the reasoning in 2-3 bullet points and the answer. You can only answer with a, b, c, or d.
Context: She prepared impossible questions for the students.
Target utterance: She says: """"I hope they're prepared for this.""""
What meaning is She most likely conveying?
a. The questions required thorough preparation to answer.
b. She posted the question on the class forum.
c. She had never felt so well prepared for a meeting.
d. The questions were straightforward and required little effort.
Reasoning:
Answer:
","a.
• The context mentions that she prepared impossible questions for the students, implying that the questions are challenging and require a lot of effort to answer.
• The phrase ""I hope they're prepared"" suggests that she is expressing concern about the students' ability to handle the questions.
• This concern is likely due to the difficulty of the questions, making option a the most likely interpretation.","['a', 'd', 'c', 'b']",4,UA_NI,"{'a': 26.625, 'b': 14.0, 'c': 11.25, 'd': 9.3125}","{'a': 0.9999964237213135, 'b': 3.288748075647163e-06, 'c': 2.102426321926032e-07, 'd': 3.0288326513527863e-08}",0.9999964237213135,a,,a
C1_38_A_I,C1_38,172,1,ambiguous,ironic,a,Booking the appointment was frustrating and difficult.,Llama-3-8B,Condition1B_context_richness_stimuli,general_reasoning,"You will read short stories that describe everyday situations and which finish with a person saying something. Your task is to decide, given the situation, what meaning the person is most likely conveying. Each story will be followed by 4 possible meaning interpretations listed from a to d. Read each story and choose the number corresponding to the most likely meaning. State the reasoning in 2-3 bullet points and the answer. You can only answer with a, b, c, or d.
Context: He booked an appointment through a system which was difficult to use.
Target utterance: He says:  """"That was about as easy as it gets.""""
What meaning is He most likely conveying?
a. Booking the appointment was frustrating and difficult.
b. He decided to cancel the appointment.
c. Booking the appointment was straightforward and effortless.
d. He always found parallel parking easy as it gets.
Reasoning:
Answer:
","c. Booking the appointment was straightforward and effortless.
• The phrase ""as easy as it gets"" is an idiomatic expression that implies something is very simple and hassle-free.
• The context of the situation is booking an appointment through a difficult system, which suggests that the speaker is comparing the ease of the current experience to the difficulty of the system.
• The speaker's statement suggests that the current experience is a significant improvement over the usual difficulty, implying that it was straightforward and effortless.","['b', 'd', 'a', 'c']",4,A_I,"{'a': 19.75, 'b': 15.4375, 'c': 27.125, 'd': 12.0}","{'a': 0.000626328750513494, 'b': 8.392809832002968e-06, 'c': 0.9993650317192078, 'd': 2.697864260881033e-07}",0.9993650317192078,c,,a
C1_39_A_NI,C1_39,233,1,ambiguous,non-ironic,a,Completing the task was a genuine sign of intelligence.,Llama-3-8B,Condition1B_context_richness_stimuli,general_reasoning,"You will read short stories that describe everyday situations and which finish with a person saying something. Your task is to decide, given the situation, what meaning the person is most likely conveying. Each story will be followed by 4 possible meaning interpretations listed from a to d. Read each story and choose the number corresponding to the most likely meaning. State the reasoning in 2-3 bullet points and the answer. You can only answer with a, b, c, or d.
Context: They finished a difficult task for their maths lesson.
Target utterance: They say: """"We must be very smart.""""
What meaning is They most likely conveying?
a. Completing the task was a genuine sign of intelligence.
b. Anyone could have done the task, no special abilities required.
c. They were always smart about managing their money.
d. They were given another task after the math lesson.
Reasoning:
Answer:
","a.
• The context is about completing a difficult task for their maths lesson, implying that the task was challenging and required some level of intelligence or problem-solving skills.
• The phrase ""We must be very smart"" suggests a sense of pride and accomplishment, which is typically associated with overcoming a difficult challenge.
• The statement is likely meant to express a positive self-assessment of their abilities, rather than making a general statement about intelligence or unrelated topics.","['a', 'b', 'c', 'd']",4,A_NI,"{'a': 26.875, 'b': 15.875, 'c': 12.0, 'd': 10.0}","{'a': 0.9999829530715942, 'b': 1.670141500653699e-05, 'c': 3.4662684811337385e-07, 'd': 4.691084143360058e-08}",0.9999829530715942,a,,a
C1_40_UA_I,C1_40,144,1,unambiguous,ironic,d,Making the payment was complicated and painful.,Llama-3-8B,Condition1B_context_richness_stimuli,general_reasoning,"You will read short stories that describe everyday situations and which finish with a person saying something. Your task is to decide, given the situation, what meaning the person is most likely conveying. Each story will be followed by 4 possible meaning interpretations listed from a to d. Read each story and choose the number corresponding to the most likely meaning. State the reasoning in 2-3 bullet points and the answer. You can only answer with a, b, c, or d.
Context: He made a payment through a website which was impossible to use.
Target utterance: He says:  """"Technology at its finest.""""
What meaning is He most likely conveying?
a. Making the payment was a smooth and effortless experience.
b. He decided to cancel the payment altogether.
c. He always thought the finest restaurants required a reservation.
d. Making the payment was complicated and painful.
Reasoning:
Answer:
","d. Making the payment was complicated and painful.

• The phrase ""Technology at its finest"" is often used sarcastically to express frustration or disappointment.
• The context of the situation implies that the website was difficult to use, suggesting that the speaker is being ironic.
• The speaker's tone is likely to be negative, indicating that the experience was not smooth or effortless.","['a', 'd', 'c', 'b']",4,UA_I,"{'a': 18.125, 'b': 15.875, 'c': 15.9375, 'd': 26.625}","{'a': 0.0002034179779002443, 'b': 2.1440097043523565e-05, 'c': 2.2822863684268668e-05, 'd': 0.9997523427009583}",0.9997523427009583,d,,b
C1_41_UA_NI,C1_41,147,1,unambiguous,non-ironic,c,Her kitchen was tidy.,Llama-3-8B,Condition1B_context_richness_stimuli,general_reasoning,"You will read short stories that describe everyday situations and which finish with a person saying something. Your task is to decide, given the situation, what meaning the person is most likely conveying. Each story will be followed by 4 possible meaning interpretations listed from a to d. Read each story and choose the number corresponding to the most likely meaning. State the reasoning in 2-3 bullet points and the answer. You can only answer with a, b, c, or d.
Context: She finished cooking and the kitchen was pristine.
Target utterance: She says: """"I'm the sort of person who likes to keep things tidy.""""
What meaning is She most likely conveying?
a. Children should regularly tidy up their rooms.
b. Her kitchen was a mess.
c. Her kitchen was tidy.
d. The apartment came with a fully equipped kitchen.
Reasoning:
Answer:
","a.
• She mentions that the kitchen is ""pristine,"" which means it's extremely clean.
• She then says she's the type of person who likes to keep things tidy, which aligns with the state of the kitchen.
• This suggests that her statement is a reflection of her personal preference for cleanliness, rather than a commentary on the kitchen's state or the apartment's condition.","['c', 'b', 'a', 'd']",4,UA_NI,"{'a': 27.25, 'b': 16.375, 'c': 15.5625, 'd': 12.0}","{'a': 0.9999724626541138, 'b': 1.8924984033219516e-05, 'c': 8.397911187785212e-06, 'd': 2.382303989634238e-07}",0.9999724626541138,a,,c
C1_42_A_I,C1_42,55,1,ambiguous,ironic,a,The room was left in a terrible state for far too long.,Llama-3-8B,Condition1B_context_richness_stimuli,general_reasoning,"You will read short stories that describe everyday situations and which finish with a person saying something. Your task is to decide, given the situation, what meaning the person is most likely conveying. Each story will be followed by 4 possible meaning interpretations listed from a to d. Read each story and choose the number corresponding to the most likely meaning. State the reasoning in 2-3 bullet points and the answer. You can only answer with a, b, c, or d.
Context: They walked into the room and found it clean.
Target utterance: They said: ""“Looks like you didn’t wait too long to clean it.”""
What meaning is They most likely conveying?
a. The room was left in a terrible state for far too long.
b. They never had to wait long for a table.
c. The room was tidied up well before it got too messy.
d. They decided to book a different room altogether.
Reasoning:
Answer:
","a.
• The speaker implies that the room was in a bad state before being cleaned, as they mention not waiting too long to clean it.
• This suggests that the room was left in a state that required immediate attention.
• The speaker's comment implies that the room was not clean for a significant amount of time before being cleaned.","['b', 'c', 'a', 'd']",4,A_I,"{'a': 26.375, 'b': 15.875, 'c': 13.3125, 'd': 11.0625}","{'a': 0.9999700784683228, 'b': 2.7535625122254714e-05, 'c': 2.123319518432254e-06, 'd': 2.237962206663724e-07}",0.9999700784683228,a,,b
C1_43_A_NI,C1_43,67,1,ambiguous,non-ironic,b,The street was genuinely pleasant.,Llama-3-8B,Condition1B_context_richness_stimuli,general_reasoning,"You will read short stories that describe everyday situations and which finish with a person saying something. Your task is to decide, given the situation, what meaning the person is most likely conveying. Each story will be followed by 4 possible meaning interpretations listed from a to d. Read each story and choose the number corresponding to the most likely meaning. State the reasoning in 2-3 bullet points and the answer. You can only answer with a, b, c, or d.
Context: The street was clean.
Target utterance: They say:  """"Such a beautiful walk.""""
What meaning is They most likely conveying?
a. A dog was barking on the street.
b. The street was genuinely pleasant.
c. They went for a walk in the park.
d. The street was far from pretty.
Reasoning:
Answer:
","b. 
• The context describes the street as ""clean,"" which implies a sense of order and tidiness.
• The phrase ""Such a beautiful walk"" suggests a positive evaluation of the environment.
• The description of the street as clean and the positive evaluation of the walk imply that the speaker is expressing admiration for the street's appearance.","['d', 'a', 'c', 'b']",4,A_NI,"{'a': 20.5, 'b': 27.875, 'c': 15.0625, 'd': 13.0625}","{'a': 0.0006263323011808097, 'b': 0.9993706345558167, 'c': 2.7247617708781036e-06, 'd': 3.6875641740152787e-07}",0.9993706345558167,b,,a
C1_44_UA_I,C1_44,83,1,unambiguous,ironic,c,The floor was very dirty.,Llama-3-8B,Condition1B_context_richness_stimuli,general_reasoning,"You will read short stories that describe everyday situations and which finish with a person saying something. Your task is to decide, given the situation, what meaning the person is most likely conveying. Each story will be followed by 4 possible meaning interpretations listed from a to d. Read each story and choose the number corresponding to the most likely meaning. State the reasoning in 2-3 bullet points and the answer. You can only answer with a, b, c, or d.
Context: The floor was pristine.
Target utterance: She says: """"You could practically eat off the floor here.""""
What meaning is She most likely conveying?
a. The floor was very clean.
b. The dance floor was very empty.
c. The floor was very dirty.
d. She could eat a whole cake.
Reasoning:
Answer:
","a.
• The phrase ""practically eat off the floor"" is an idiomatic expression meaning that the floor is extremely clean.
• It implies that the floor is so clean that it's almost as if it's safe to eat from.
• This phrase is often used to describe a very tidy or spotless environment.","['a', 'd', 'b', 'c']",4,UA_I,"{'a': 27.625, 'b': 14.8125, 'c': 11.3125, 'd': 9.75}","{'a': 0.9999971389770508, 'b': 2.7264700293017086e-06, 'c': 8.233225656795184e-08, 'd': 1.7257779205692714e-08}",0.9999971389770508,a,,a
C1_45_UA_NI,C1_45,40,1,unambiguous,non-ironic,c,The movie was funny and great.,Llama-3-8B,Condition1B_context_richness_stimuli,general_reasoning,"You will read short stories that describe everyday situations and which finish with a person saying something. Your task is to decide, given the situation, what meaning the person is most likely conveying. Each story will be followed by 4 possible meaning interpretations listed from a to d. Read each story and choose the number corresponding to the most likely meaning. State the reasoning in 2-3 bullet points and the answer. You can only answer with a, b, c, or d.
Context: They watched a grim movie.
Target utterance: They say: """"That was the perfect movie for a laugh.""""
What meaning is They most likely conveying?
a. They had such a perfect night.
b. They saw three movies that week.
c. The movie was funny and great.
d. The movie wasn't amusing.
Reasoning:
Answer:
","c. The movie was funny and great.
• The context is that they watched a grim movie, implying it was dark or serious.
• The phrase ""for a laugh"" suggests that the movie was intended to be humorous.
• The speaker's statement is ironic, as they're saying the movie was perfect for something it wasn't, implying it was actually funny.","['c', 'd', 'a', 'b']",4,UA_NI,"{'a': 20.5, 'b': 16.375, 'c': 27.625, 'd': 13.8125}","{'a': 0.0008040746906772256, 'b': 1.29966565509676e-05, 'c': 0.9991819262504578, 'd': 1.002194494503783e-06}",0.9991819262504578,c,,a
C1_46_A_I,C1_46,159,1,ambiguous,ironic,a,The musical was purely for laughs.,Llama-3-8B,Condition1B_context_richness_stimuli,general_reasoning,"You will read short stories that describe everyday situations and which finish with a person saying something. Your task is to decide, given the situation, what meaning the person is most likely conveying. Each story will be followed by 4 possible meaning interpretations listed from a to d. Read each story and choose the number corresponding to the most likely meaning. State the reasoning in 2-3 bullet points and the answer. You can only answer with a, b, c, or d.
Context: The musical she watched was really serious.
Target utterance: She says: """"That cracked me up.""""
What meaning is She most likely conveying?
a. The musical was purely for laughs.
b. The musical left her deeply moved.
c. She answered some questions about the musical.
d. The joke cracked everyone up.
Reasoning:
Answer:
","a.
• The phrase ""That cracked me up"" is an idiomatic expression meaning something is funny.
• The context mentions that the musical was ""really serious,"" which contrasts with the idea of something being funny.
• The phrase is unlikely to be used to describe a situation where everyone laughed (option d) or to answer questions (option c), and it's also unlikely to be used to describe being deeply moved (option b).","['b', 'a', 'd', 'c']",4,A_I,"{'a': 26.875, 'b': 17.125, 'c': 13.6875, 'd': 12.5625}","{'a': 0.9999392032623291, 'b': 5.82911197852809e-05, 'c': 1.873764972515346e-06, 'd': 6.083224093345052e-07}",0.9999392032623291,a,,b
C1_47_A_NI,C1_47,3,1,ambiguous,non-ironic,a,The situation was genuinely amusing.,Llama-3-8B,Condition1B_context_richness_stimuli,general_reasoning,"You will read short stories that describe everyday situations and which finish with a person saying something. Your task is to decide, given the situation, what meaning the person is most likely conveying. Each story will be followed by 4 possible meaning interpretations listed from a to d. Read each story and choose the number corresponding to the most likely meaning. State the reasoning in 2-3 bullet points and the answer. You can only answer with a, b, c, or d.
Context: The situation was serious.
Target utterance: She says: """"Truly something to laugh about.""""
What meaning is She most likely conveying?
a. The situation was genuinely amusing.
b. She always found it hard to laugh about things.
c. The situation was far too serious.
d. She tried to make the best of the situation.
Reasoning:
Answer:
","• The phrase ""something to laugh about"" typically implies that a situation has a humorous side or can be seen as amusing.
• The context of the situation being serious suggests that the speaker is trying to find a lighter side to it.
• The phrase is often used to diffuse tension or lighten the mood, indicating that the speaker is trying to make the best of the situation.
Answer: d","['a', 'c', 'b', 'd']",4,A_NI,"{'a': 17.5, 'b': 14.375, 'c': 13.0, 'd': 26.25}","{'a': 0.00015843483561184257, 'b': 6.9611410253855865e-06, 'c': 1.7600521005078917e-06, 'd': 0.9998328685760498}",0.9998328685760498,d,,d
C1_48_UA_I,C1_48,208,1,unambiguous,ironic,c,The talk contained no humour.,Llama-3-8B,Condition1B_context_richness_stimuli,general_reasoning,"You will read short stories that describe everyday situations and which finish with a person saying something. Your task is to decide, given the situation, what meaning the person is most likely conveying. Each story will be followed by 4 possible meaning interpretations listed from a to d. Read each story and choose the number corresponding to the most likely meaning. State the reasoning in 2-3 bullet points and the answer. You can only answer with a, b, c, or d.
Context: His talk was grim. 
Target utterance: Hey says: """"Wow, so many jokes in one talk.""""
What meaning is He most likely conveying?
a. He decided to cancel the talk.
b. He was a fan of old jokes.
c. The talk contained no humour.
d. The talk contained humour.
Reasoning:
Answer:
","d. The talk contained humour.
• The word ""jokes"" implies that the talk included humorous content.
• The tone of ""Wow"" suggests surprise and possibly delight, indicating that the talk was more entertaining than expected.
• The phrase ""in one talk"" emphasizes the abundance of jokes, implying that the talk was humorous.","['d', 'c', 'b', 'a']",4,UA_I,"{'a': 17.625, 'b': 14.8125, 'c': 14.4375, 'd': 26.375}","{'a': 0.0001584336714586243, 'b': 9.514682460576296e-06, 'c': 6.539339210576145e-06, 'd': 0.9998255372047424}",0.9998255372047424,d,,a
C1_49_UA_NI,C1_49,229,1,unambiguous,non-ironic,a,The airport experience was enjoyable.,Llama-3-8B,Condition1B_context_richness_stimuli,general_reasoning,"You will read short stories that describe everyday situations and which finish with a person saying something. Your task is to decide, given the situation, what meaning the person is most likely conveying. Each story will be followed by 4 possible meaning interpretations listed from a to d. Read each story and choose the number corresponding to the most likely meaning. State the reasoning in 2-3 bullet points and the answer. You can only answer with a, b, c, or d.
Context: He had a terrible experience at the airport.
Target utterance: He says: """"A complete nightmare, really.""""
What meaning is He most likely conveying?
a. The airport experience was enjoyable.
b. He came back from his trip exhausted.
c. He decided to book a different airport transfer.
d. The airport experience was thoroughly unpleasant.
Reasoning:
Answer:
","d. The airport experience was thoroughly unpleasant.

• The word ""nightmare"" is an idiomatic expression that typically describes a very unpleasant or frightening experience.
• The context of the situation is an airport, which is often associated with stress and hassle.
• The phrase ""A complete nightmare"" suggests that the experience was overwhelming and difficult to deal with.","['a', 'c', 'd', 'b']",4,UA_NI,"{'a': 15.5625, 'b': 13.6875, 'c': 13.625, 'd': 25.875}","{'a': 3.321386975585483e-05, 'b': 5.093511845188914e-06, 'c': 4.784911197930342e-06, 'd': 0.9999569654464722}",0.9999569654464722,d,,b
C1_50_A_I,C1_50,254,1,ambiguous,ironic,d,The exam results were deeply disappointing.,Llama-3-8B,Condition1B_context_richness_stimuli,general_reasoning,"You will read short stories that describe everyday situations and which finish with a person saying something. Your task is to decide, given the situation, what meaning the person is most likely conveying. Each story will be followed by 4 possible meaning interpretations listed from a to d. Read each story and choose the number corresponding to the most likely meaning. State the reasoning in 2-3 bullet points and the answer. You can only answer with a, b, c, or d.
Context: He studied hard for the exam, and the results were bad.
Target utterance: He says: """"Well, this is amazing.""""
What meaning is He most likely conveying?
a. He always found art museums amazing.
b. He had one more exam this week.
c. The exam results were impressive
d. The exam results were deeply disappointing.
Reasoning:
Answer:
","a.
• The context states that he studied hard for the exam, implying that he expected to do well.
• The results were bad, which suggests that his expectations were not met.
• His statement ""Well, this is amazing"" is likely a sarcastic expression of surprise and disappointment, rather than genuine amazement, given the context.","['c', 'd', 'a', 'b']",4,A_I,"{'a': 26.375, 'b': 15.625, 'c': 13.9375, 'd': 15.8125}","{'a': 0.9999487400054932, 'b': 2.1444309822982177e-05, 'c': 3.966798431065399e-06, 'd': 2.586677328508813e-05}",0.9999487400054932,a,,c
C1_51_A_NI,C1_51,129,1,ambiguous,non-ironic,b,They found the play dull.,Llama-3-8B,Condition1B_context_richness_stimuli,general_reasoning,"You will read short stories that describe everyday situations and which finish with a person saying something. Your task is to decide, given the situation, what meaning the person is most likely conveying. Each story will be followed by 4 possible meaning interpretations listed from a to d. Read each story and choose the number corresponding to the most likely meaning. State the reasoning in 2-3 bullet points and the answer. You can only answer with a, b, c, or d.
Context: They left the play feeling bad.
Target utterance: They said:  """"That wasn't fun at all.""""
What meaning is They most likely conveying?
a. They found the play entertaining.
b. They found the play dull.
c. They liked to watch a play in their favorite theatre.
d. They had fun eating together.
Reasoning:
Answer:
","b. They found the play dull.
• The phrase ""feeling bad"" implies a negative emotional state, which suggests that the person did not enjoy the play.
• The phrase ""That wasn't fun at all"" directly contradicts the idea of having fun, further supporting the notion that the person did not enjoy the play.
• The context of leaving the play and the negative emotional state suggest that the person's comment is about the play itself, not about the location or the company.","['b', 'a', 'd', 'c']",4,A_NI,"{'a': 19.625, 'b': 27.5, 'c': 14.5625, 'd': 14.0625}","{'a': 0.00037998304469510913, 'b': 0.9996161460876465, 'c': 2.4051846594375093e-06, 'd': 1.4588182466468425e-06}",0.9996161460876465,b,,a
C1_52_UA_I,C1_52,114,1,unambiguous,ironic,b,She found the whole meal disappointing.,Llama-3-8B,Condition1B_context_richness_stimuli,general_reasoning,"You will read short stories that describe everyday situations and which finish with a person saying something. Your task is to decide, given the situation, what meaning the person is most likely conveying. Each story will be followed by 4 possible meaning interpretations listed from a to d. Read each story and choose the number corresponding to the most likely meaning. State the reasoning in 2-3 bullet points and the answer. You can only answer with a, b, c, or d.
Context: She had a terrible meal at a restaurant.
Target utterance: She says: """"That was a great restaurant visit.""""
What meaning is She most likely conveying?
a. She wanted to try the meal for months.
b. She found the whole meal disappointing.
c. The rmeal was a genuinely enjoyable experience.
d. She always enjoyed a restaurant visit before a big day out.
Reasoning:
Answer:
","c. The meal was a genuinely enjoyable experience.
• The statement ""That was a great restaurant visit"" typically expresses a positive sentiment.
• The context of having a ""terrible meal"" suggests that her statement is ironic or contrary to what one would expect.
• The phrase ""great restaurant visit"" usually implies a positive experience, which contradicts the initial description of the meal.","['d', 'b', 'a', 'c']",4,UA_I,"{'a': 19.375, 'b': 16.5, 'c': 27.0, 'd': 13.25}","{'a': 0.00048784317914396524, 'b': 2.75222282652976e-05, 'c': 0.999483585357666, 'd': 1.0671526524674846e-06}",0.999483585357666,c,,a
C1_53_UA_NI,C1_53,140,1,unambiguous,non-ironic,a,The ground was moist and muddy after the rain.,Llama-3-8B,Condition1B_context_richness_stimuli,general_reasoning,"You will read short stories that describe everyday situations and which finish with a person saying something. Your task is to decide, given the situation, what meaning the person is most likely conveying. Each story will be followed by 4 possible meaning interpretations listed from a to d. Read each story and choose the number corresponding to the most likely meaning. State the reasoning in 2-3 bullet points and the answer. You can only answer with a, b, c, or d.
Context: After the weather changed, the ground became parched.
Target utterance: She says: """"Perfect conditions for a picnic..""""
What meaning is She most likely conveying?
a. The ground was moist and muddy after the rain.
b. She knelt in the mud to look closely at the earth.
c. The ground was uneven where she stood.
d. The ground was dried out.
Reasoning:
Answer:
","d
• The passage mentions that ""the ground became parched"" after the weather changed, indicating it was dry.
• The word ""parched"" typically means dry and cracked due to lack of moisture.
• The phrase ""perfect conditions for a picnic"" suggests a pleasant and suitable environment, which is more likely to be associated with dry ground rather than wet or uneven ground.","['a', 'c', 'd', 'b']",4,UA_NI,"{'a': 20.25, 'b': 15.8125, 'c': 15.1875, 'd': 26.75}","{'a': 0.0015011412324383855, 'b': 1.7751694031176157e-05, 'c': 9.501796739641577e-06, 'd': 0.9984715580940247}",0.9984715580940247,d,,b
C1_54_A_I,C1_54,123,1,ambiguous,ironic,a,The garden was just watered and needed to dry out.,Llama-3-8B,Condition1B_context_richness_stimuli,general_reasoning,"You will read short stories that describe everyday situations and which finish with a person saying something. Your task is to decide, given the situation, what meaning the person is most likely conveying. Each story will be followed by 4 possible meaning interpretations listed from a to d. Read each story and choose the number corresponding to the most likely meaning. State the reasoning in 2-3 bullet points and the answer. You can only answer with a, b, c, or d.
Context: The garden was dry in the morning.
Target utterance: They said: """"That’s enough water for the day.""""
What meaning is They most likely conveying?
a. The garden was just watered and needed to dry out.
b. They wanted a new water feature.
c. The garden was struggling without any water.
d. They played some boardgames in the garden.
Reasoning:
Answer:
","a.
• The context mentions that the garden was dry in the morning, implying it needed watering.
• The person's statement suggests a limit or a stop to the watering process.
• This is consistent with the idea that the garden was just watered and needed to dry out.","['b', 'c', 'a', 'd']",4,A_I,"{'a': 27.75, 'b': 15.75, 'c': 12.9375, 'd': 10.9375}","{'a': 0.9999934434890747, 'b': 6.144171948108124e-06, 'c': 3.689862353439821e-07, 'd': 4.993685465137787e-08}",0.9999934434890747,a,,b
C1_55_A_NI,C1_55,100,1,ambiguous,non-ironic,a,The plants had been getting plenty of moisture to grow.,Llama-3-8B,Condition1B_context_richness_stimuli,general_reasoning,"You will read short stories that describe everyday situations and which finish with a person saying something. Your task is to decide, given the situation, what meaning the person is most likely conveying. Each story will be followed by 4 possible meaning interpretations listed from a to d. Read each story and choose the number corresponding to the most likely meaning. State the reasoning in 2-3 bullet points and the answer. You can only answer with a, b, c, or d.
Context: The field was dry.
Target utterance: He says: """"Terrible news for anything trying to grow..""""
What meaning is He most likely conveying?
a. The plants had been getting plenty of moisture to grow.
b. He had been reading about different farming techniques.
c. The plants had been wilting due to lack of water.
d. He was considering buying a new tractor.
Reasoning:
Answer:
","c. The plants had been wilting due to lack of water.
• The field being dry suggests a lack of moisture.
• The speaker's statement implies that the dry conditions are detrimental to growth.
• This implies that the plants are likely suffering due to the lack of water.","['a', 'c', 'b', 'd']",4,A_NI,"{'a': 19.125, 'b': 15.875, 'c': 27.125, 'd': 12.8125}","{'a': 0.00033534556860104203, 'b': 1.3002759260416497e-05, 'c': 0.9996510744094849, 'd': 6.081471610741573e-07}",0.9996510744094849,c,,b
C1_56_UA_I,C1_56,158,1,unambiguous,ironic,a,Her hair was completely dry.,Llama-3-8B,Condition1B_context_richness_stimuli,general_reasoning,"You will read short stories that describe everyday situations and which finish with a person saying something. Your task is to decide, given the situation, what meaning the person is most likely conveying. Each story will be followed by 4 possible meaning interpretations listed from a to d. Read each story and choose the number corresponding to the most likely meaning. State the reasoning in 2-3 bullet points and the answer. You can only answer with a, b, c, or d.
Context: She saw her parched hair.
Target utterance: She said: """"The rain really caught me by surprise.""""
What meaning is She most likely conveying?
a. Her hair was completely dry.
b. She had her hair cut short last week.
c. They organised a surprise party for him.
d. Her hair was soaking wet.
Reasoning:
Answer:
","a
• The context mentions ""her parched hair,"" which implies that her hair was dry.
• The phrase ""caught me by surprise"" suggests that the rain was unexpected.
• Therefore, the speaker is likely expressing that the rain was unexpected, which led to her hair getting wet.","['b', 'd', 'c', 'a']",4,UA_I,"{'a': 27.25, 'b': 17.5, 'c': 14.5625, 'd': 16.375}","{'a': 0.9999196529388428, 'b': 5.828998109791428e-05, 'c': 3.0892556424078066e-06, 'd': 1.892398540803697e-05}",0.9999196529388428,a,,b
C1_57_UA_NI,C1_57,89,1,unambiguous,non-ironic,c,I admired the outfit.,Llama-3-8B,Condition1B_context_richness_stimuli,general_reasoning,"You will read short stories that describe everyday situations and which finish with a person saying something. Your task is to decide, given the situation, what meaning the person is most likely conveying. Each story will be followed by 4 possible meaning interpretations listed from a to d. Read each story and choose the number corresponding to the most likely meaning. State the reasoning in 2-3 bullet points and the answer. You can only answer with a, b, c, or d.
Context: I wore a hideous outfit to attend the award ceremony.
Target utterance: I say: """"I really didn't try at all today.""""
What meaning is I most likely conveying?
a. I thought the outfit was ugly.
b. I received an amazing award.
c. I admired the outfit.
d. The comedians on the stage enjoyed themselves.
Reasoning:
Answer:
","a.
• The context is about wearing a hideous outfit to an award ceremony, which implies the speaker is unhappy with their appearance.
• The speaker's statement ""I really didn't try at all today"" suggests a lack of effort or care in their appearance, which aligns with the hideous outfit.
• This interpretation is consistent with the speaker's apparent dissatisfaction with their outfit.","['b', 'c', 'a', 'd']",4,UA_NI,"{'a': 27.125, 'b': 15.6875, 'c': 12.6875, 'd': 10.5625}","{'a': 0.9999885559082031, 'b': 1.0783304787764791e-05, 'c': 5.368691518015112e-07, 'd': 6.411988096033383e-08}",0.9999885559082031,a,,b
C1_58_A_I,C1_58,105,1,ambiguous,ironic,c,She thought the car was ugly.,Llama-3-8B,Condition1B_context_richness_stimuli,general_reasoning,"You will read short stories that describe everyday situations and which finish with a person saying something. Your task is to decide, given the situation, what meaning the person is most likely conveying. Each story will be followed by 4 possible meaning interpretations listed from a to d. Read each story and choose the number corresponding to the most likely meaning. State the reasoning in 2-3 bullet points and the answer. You can only answer with a, b, c, or d.
Context: She saw an ugly car on the street.
Target utterance: She says: """"That’s a real beauty.""""
What meaning is she most likely conveying?
a. She admired the car.
b. She thought the painting was beautiful.
c. She thought the car was ugly.
d. She had booked a car.
Reasoning:
Answer:
","a.
• The context mentions an ""ugly car,"" which suggests that the speaker's statement is ironic or sarcastic.
• The phrase ""That's a real beauty"" is typically used to express admiration, but in this case, it's unlikely that she genuinely thinks the car is beautiful.
• The most plausible interpretation is that she's being sarcastic, implying the opposite of what she's saying.","['a', 'c', 'b', 'd']",4,A_I,"{'a': 26.875, 'b': 16.375, 'c': 15.4375, 'd': 11.875}","{'a': 0.9999613761901855, 'b': 2.7535385015653446e-05, 'c': 1.078301193047082e-05, 'd': 3.058904951558361e-07}",0.9999613761901855,a,,a
C1_59_A_NI,C1_59,76,1,ambiguous,non-ironic,b,The painting was genuinely ugly.,Llama-3-8B,Condition1B_context_richness_stimuli,general_reasoning,"You will read short stories that describe everyday situations and which finish with a person saying something. Your task is to decide, given the situation, what meaning the person is most likely conveying. Each story will be followed by 4 possible meaning interpretations listed from a to d. Read each story and choose the number corresponding to the most likely meaning. State the reasoning in 2-3 bullet points and the answer. You can only answer with a, b, c, or d.
Context: He looked at an ugly painting.
Target utterance: He said: """"That's hard to look at.""""
What meaning is He most likely conveying?
a. The painting was genuinely beautiful.
b. The painting was genuinely ugly.
c. They spent the weekend for this painting.
d. He gave her a stern look.
Reasoning:
Answer:
","b. The painting was genuinely ugly.

* The word ""hard to look at"" typically implies difficulty in viewing something due to its unpleasantness or unpleasant appearance.
* The context of looking at a painting suggests that the speaker is commenting on its aesthetic appeal.
* The phrase is often used to express distaste or dislike, which aligns with the idea that the painting is genuinely ugly.","['b', 'a', 'd', 'c']",4,A_NI,"{'a': 19.125, 'b': 27.375, 'c': 14.6875, 'd': 12.5625}","{'a': 0.00026118941605091095, 'b': 0.9997352957725525, 'c': 3.0886860713508213e-06, 'd': 3.688909657739714e-07}",0.9997352957725525,b,,a
C1_60_UA_I,C1_60,212,1,unambiguous,ironic,a,They thought the bird was not beautiful.,Llama-3-8B,Condition1B_context_richness_stimuli,general_reasoning,"You will read short stories that describe everyday situations and which finish with a person saying something. Your task is to decide, given the situation, what meaning the person is most likely conveying. Each story will be followed by 4 possible meaning interpretations listed from a to d. Read each story and choose the number corresponding to the most likely meaning. State the reasoning in 2-3 bullet points and the answer. You can only answer with a, b, c, or d.
Context: They saw a hideous bird.
Target utterance: They said: """"A real eye-catcher.""""
What meaning is They most likely conveying?
a. They thought the bird was not beautiful.
b. They thought the bird was beautiful.
c. The bird looked at them really closely.
d. They had a great time on a trip.
Reasoning:
Answer:
","a.
• The word ""hideous"" implies that the bird is unattractive.
• The phrase ""eye-catcher"" typically refers to something visually appealing.
• The speaker's comment seems to be ironic, suggesting that the bird is the opposite of what the word ""hideous"" implies.","['b', 'a', 'c', 'd']",4,UA_I,"{'a': 27.25, 'b': 17.5, 'c': 13.0625, 'd': 10.9375}","{'a': 0.9999408721923828, 'b': 5.829121801070869e-05, 'c': 6.893207569191873e-07, 'd': 8.232762382931469e-08}",0.9999408721923828,a,,b
C1_61_UA_NI,C1_61,86,1,unambiguous,non-ironic,c,The kettle was a real bargain.,Llama-3-8B,Condition1B_context_richness_stimuli,general_reasoning,"You will read short stories that describe everyday situations and which finish with a person saying something. Your task is to decide, given the situation, what meaning the person is most likely conveying. Each story will be followed by 4 possible meaning interpretations listed from a to d. Read each story and choose the number corresponding to the most likely meaning. State the reasoning in 2-3 bullet points and the answer. You can only answer with a, b, c, or d.
Context: I found a nice kettle which was free.
Target utterance: I said: """"What a steal.""""
What meaning is I most likely conveying?
a. The kettle boiled over..
b. The kettle was expensive.
c. The kettle was a real bargain.
d. A thief tried to steal my bag.
Reasoning:
Answer:
","c. The kettle was a real bargain.
• The context is about finding a nice kettle for free, which implies it was given away at no cost.
• The phrase ""what a steal"" is an idiomatic expression meaning something is obtained at a very low or no cost, which fits the situation.
• This interpretation is supported by the context of finding a nice kettle for free, making option c the most likely meaning.","['d', 'b', 'a', 'c']",4,UA_NI,"{'a': 20.875, 'b': 17.0, 'c': 27.25, 'd': 13.75}","{'a': 0.0017006599809974432, 'b': 3.529607056407258e-05, 'c': 0.9982625842094421, 'd': 1.368577159155393e-06}",0.9982625842094421,c,,a
C1_62_A_I,C1_62,165,1,ambiguous,ironic,a,The vase was not pricy.,Llama-3-8B,Condition1B_context_richness_stimuli,general_reasoning,"You will read short stories that describe everyday situations and which finish with a person saying something. Your task is to decide, given the situation, what meaning the person is most likely conveying. Each story will be followed by 4 possible meaning interpretations listed from a to d. Read each story and choose the number corresponding to the most likely meaning. State the reasoning in 2-3 bullet points and the answer. You can only answer with a, b, c, or d.
Context: He broke a cheap vase.
Target utterance: He said: """"Well, there goes a priceless treasure""""
What meaning is He most likely conveying?
a. The vase was not pricy.
b. The experience of breaking the vase was worth it.
c. The vase was worth a lot of money.
d. He went on a hike and picked up flowers.
Reasoning:
Answer:
","a.
• The phrase ""priceless treasure"" is often used to describe something that is irreplaceable or of immense sentimental value, rather than monetary worth.
• The context of breaking a vase suggests that the speaker is lamenting the loss of something valuable, implying that the vase held more significance than its monetary value.
• The phrase ""there goes a priceless treasure"" suggests that the vase was not just any ordinary object, but something that held great emotional or sentimental value.","['b', 'c', 'a', 'd']",4,A_I,"{'a': 27.125, 'b': 16.5, 'c': 15.1875, 'd': 11.75}","{'a': 0.9999688863754272, 'b': 2.4300074073835276e-05, 'c': 6.540276899613673e-06, 'd': 2.102368483747341e-07}",0.9999688863754272,a,,b
C1_63_A_NI,C1_63,195,1,ambiguous,non-ironic,b,The perfume was pricy.,Llama-3-8B,Condition1B_context_richness_stimuli,general_reasoning,"You will read short stories that describe everyday situations and which finish with a person saying something. Your task is to decide, given the situation, what meaning the person is most likely conveying. Each story will be followed by 4 possible meaning interpretations listed from a to d. Read each story and choose the number corresponding to the most likely meaning. State the reasoning in 2-3 bullet points and the answer. You can only answer with a, b, c, or d.
Context: She was wearing cheap perfume.
Target utterance: She said: """"Smells like it's from a gas station.""""
What meaning is She most likely conveying?
a. The perfume was not pricy.
b. The perfume was pricy.
c. The fragrance label was worth reading.
d. The ocean was calm and quiet.
Reasoning:
Answer:
","a
• The phrase ""gas station"" is often associated with cheap or low-quality products.
• The speaker's comment implies that the perfume smells like something commonly found at a gas station, suggesting it's not a high-end or expensive product.
• This interpretation is further supported by the fact that gas stations often sell cheap perfumes or fragrances.","['b', 'a', 'c', 'd']",4,A_NI,"{'a': 26.75, 'b': 15.625, 'c': 12.5625, 'd': 9.9375}","{'a': 0.9999845027923584, 'b': 1.473897100368049e-05, 'c': 6.893508270877646e-07, 'd': 4.993640700945434e-08}",0.9999845027923584,a,,b
C1_64_UA_I,C1_64,276,1,unambiguous,ironic,b,The bag was worth very little.,Llama-3-8B,Condition1B_context_richness_stimuli,general_reasoning,"You will read short stories that describe everyday situations and which finish with a person saying something. Your task is to decide, given the situation, what meaning the person is most likely conveying. Each story will be followed by 4 possible meaning interpretations listed from a to d. Read each story and choose the number corresponding to the most likely meaning. State the reasoning in 2-3 bullet points and the answer. You can only answer with a, b, c, or d.
Context: She got a free bag.
Target utterance: She said: """"Looks like a real designer piece.""""
What meaning is She most likely conveying?
a. She liked to wear that designer piece.
b. The bag was worth very little.
c. The bag was worth a lot.
d. She had dark bags under her eyes.
Reasoning:
Answer:
","c. The bag was worth a lot.
• The phrase ""designer piece"" suggests that the bag is from a high-end brand, implying it's valuable.
• The tone of the statement is positive, indicating admiration or appreciation for the bag's quality or authenticity.
• The context of receiving a free bag implies that the speaker is evaluating its worth, making option c the most likely interpretation.","['c', 'b', 'a', 'd']",4,UA_I,"{'a': 19.5, 'b': 16.0, 'c': 27.0, 'd': 13.4375}","{'a': 0.0005527686444111168, 'b': 1.6692167264409363e-05, 'c': 0.9994291663169861, 'd': 1.2871616945631104e-06}",0.9994291663169861,c,,a
C1_65_UA_NI,C1_65,174,1,unambiguous,non-ironic,c,The house felt cramped and tiny.,Llama-3-8B,Condition1B_context_richness_stimuli,general_reasoning,"You will read short stories that describe everyday situations and which finish with a person saying something. Your task is to decide, given the situation, what meaning the person is most likely conveying. Each story will be followed by 4 possible meaning interpretations listed from a to d. Read each story and choose the number corresponding to the most likely meaning. State the reasoning in 2-3 bullet points and the answer. You can only answer with a, b, c, or d.
Context: They moved into a tiny house.
Target utterance: They said: """"You can barely turn around in here.""""
What meaning is They most likely conveying?
a. They made a sharp turn at the end of the road.
b. The house felt spacious and huge.
c. The house felt cramped and tiny.
d. The house was red and blue.
Reasoning:
Answer:
","c. The house felt cramped and tiny.
• The phrase ""You can barely turn around in here"" implies a lack of space.
• The context of moving into a house suggests that the speaker is commenting on the physical space.
• The phrase is often used to describe a small or cramped environment.","['c', 'b', 'a', 'd']",4,UA_NI,"{'a': 18.5, 'b': 14.8125, 'c': 26.5, 'd': 12.125}","{'a': 0.0003353470820002258, 'b': 8.395250006287824e-06, 'c': 0.9996556043624878, 'd': 5.71303928609268e-07}",0.9996556043624878,c,,a
C1_66_A_I,C1_66,245,1,ambiguous,ironic,b,They thought the concert was small.,Llama-3-8B,Condition1B_context_richness_stimuli,general_reasoning,"You will read short stories that describe everyday situations and which finish with a person saying something. Your task is to decide, given the situation, what meaning the person is most likely conveying. Each story will be followed by 4 possible meaning interpretations listed from a to d. Read each story and choose the number corresponding to the most likely meaning. State the reasoning in 2-3 bullet points and the answer. You can only answer with a, b, c, or d.
Context: They attended a concert at a small venue.


Target utterance: They said: """"What a massive event.""""
What meaning is they most likely conveying?
a. They liked go to concerts.
b. They thought the concert was small.
c. They thought the concert was huge.
d. They organized a massive event for dating.
Reasoning:
Answer:
","c. They thought the concert was huge.

• The phrase ""massive event"" typically implies something large in scale or size.
• The context of attending a concert at a small venue suggests that the speaker is comparing the event to their expectations or the venue's capacity.
• The speaker's statement suggests that the concert exceeded their expectations in terms of size or attendance.","['d', 'b', 'a', 'c']",4,A_I,"{'a': 18.75, 'b': 16.625, 'c': 27.875, 'd': 13.4375}","{'a': 0.00010889542318182066, 'b': 1.3005703294766136e-05, 'c': 0.9998774528503418, 'd': 5.368095230551262e-07}",0.9998774528503418,c,,a
C1_67_A_NI,C1_67,231,1,ambiguous,non-ironic,d,She thought the spider was tiny.,Llama-3-8B,Condition1B_context_richness_stimuli,general_reasoning,"You will read short stories that describe everyday situations and which finish with a person saying something. Your task is to decide, given the situation, what meaning the person is most likely conveying. Each story will be followed by 4 possible meaning interpretations listed from a to d. Read each story and choose the number corresponding to the most likely meaning. State the reasoning in 2-3 bullet points and the answer. You can only answer with a, b, c, or d.
Context: She spotted a small spider.
Target utterance: She said: """"Almost didn't see it.""""
What meaning is She most likely conveying?
a. She thought the spider was huge.
b. She went to see her doctor on Monday.
c. She drew a spider diagram to plan her essay.
d. She thought the spider was tiny.
Reasoning:
Answer:
","d
• The context is about spotting a small spider, which implies that the speaker is commenting on the size of the spider.
• The speaker says ""Almost didn't see it,"" which suggests that the spider was small and hard to notice.
• This implies that the speaker thought the spider was tiny.","['b', 'c', 'd', 'a']",4,A_NI,"{'a': 19.125, 'b': 14.625, 'c': 13.875, 'd': 26.375}","{'a': 0.000709662155713886, 'b': 7.883633770688903e-06, 'c': 3.723965164681431e-06, 'd': 0.999278724193573}",0.999278724193573,d,,a
C1_68_UA_I,C1_68,236,1,unambiguous,ironic,b,I thought the dog was small.,Llama-3-8B,Condition1B_context_richness_stimuli,general_reasoning,"You will read short stories that describe everyday situations and which finish with a person saying something. Your task is to decide, given the situation, what meaning the person is most likely conveying. Each story will be followed by 4 possible meaning interpretations listed from a to d. Read each story and choose the number corresponding to the most likely meaning. State the reasoning in 2-3 bullet points and the answer. You can only answer with a, b, c, or d.
Context: I met a tiny dog.
Target utterance: I said: """"He could swallow me whole.""""
What meaning is I most likely conveying?
a. I swallowed a pill.
b. I thought the dog was small.
c. The dog wore a collar.
d. I thought the dog was huge.
Reasoning:
Answer:
","b. I thought the dog was small.
• The phrase ""He could swallow me whole"" is an idiomatic expression that means something or someone is extremely small.
• The context of meeting a tiny dog supports this interpretation, as it implies the speaker is comparing their own size to the dog's.
• This phrase is not typically used to describe a person's physical action of swallowing a pill or to describe a dog wearing a collar.","['c', 'b', 'd', 'a']",4,UA_I,"{'a': 21.875, 'b': 28.375, 'c': 16.75, 'd': 16.125}","{'a': 0.001501161721535027, 'b': 0.9984851479530334, 'c': 8.926233931561e-06, 'd': 4.777868525707163e-06}",0.9984851479530334,b,,b
C1_69_UA_NI,C1_69,200,1,unambiguous,non-ironic,a,The pool was super cold.,Llama-3-8B,Condition1B_context_richness_stimuli,general_reasoning,"You will read short stories that describe everyday situations and which finish with a person saying something. Your task is to decide, given the situation, what meaning the person is most likely conveying. Each story will be followed by 4 possible meaning interpretations listed from a to d. Read each story and choose the number corresponding to the most likely meaning. State the reasoning in 2-3 bullet points and the answer. You can only answer with a, b, c, or d.
Context: She jumped into a cold pool.
Target utterance: She said:  """"One could catch a cold in here.""""
What meaning is She most likely conveying?
a. The pool was super cold.
b. She played a game of pool in the bar.
c. The pool was super warm.
d. She liked to chill on that sofa after work.
Reasoning:
Answer:
","a.
• The context of the situation is jumping into a cold pool, which implies that the pool's temperature is low.
• The phrase ""catch a cold"" is an idiomatic expression meaning to get sick, but in this context, it's used to describe the physical sensation of being in cold water.
• The statement is likely a comment on the pool's temperature, rather than a medical warning or unrelated to a game or sofa.","['a', 'd', 'b', 'c']",4,UA_NI,"{'a': 26.375, 'b': 14.75, 'c': 12.3125, 'd': 10.125}","{'a': 0.9999901056289673, 'b': 8.939688086684328e-06, 'c': 7.811412388036842e-07, 'd': 8.764161663066261e-08}",0.9999901056289673,a,,a
C1_70_A_I,C1_70,277,1,ambiguous,ironic,a,The weather conditions were awful.,Llama-3-8B,Condition1B_context_richness_stimuli,general_reasoning,"You will read short stories that describe everyday situations and which finish with a person saying something. Your task is to decide, given the situation, what meaning the person is most likely conveying. Each story will be followed by 4 possible meaning interpretations listed from a to d. Read each story and choose the number corresponding to the most likely meaning. State the reasoning in 2-3 bullet points and the answer. You can only answer with a, b, c, or d.
Context: He went to the beach, and the weather was cool.
Target utterance: He said: """"Couldn't have asked for better weather.""""
What meaning is he most likely conveying?
a. The weather conditions were awful.
b. The weather conditions were perfect.
c. He meant to harvest the houseplants, but forgot about it.
d. The delivery driver arrived in heavy rain.
Reasoning:
Answer:
","b. 
• The context is set at the beach, which is typically associated with warm weather.
• The person's statement suggests a positive evaluation of the weather.
• The phrase ""couldn't have asked for better"" implies satisfaction with the current conditions.","['b', 'a', 'd', 'c']",4,A_I,"{'a': 18.875, 'b': 27.25, 'c': 13.4375, 'd': 12.0625}","{'a': 0.00023050644085742533, 'b': 0.9997683167457581, 'c': 1.0027827102021547e-06, 'd': 2.53543191774952e-07}",0.9997683167457581,b,,a
C1_71_A_NI,C1_71,57,1,ambiguous,non-ironic,a,The room was freezing cold.,Llama-3-8B,Condition1B_context_richness_stimuli,general_reasoning,"You will read short stories that describe everyday situations and which finish with a person saying something. Your task is to decide, given the situation, what meaning the person is most likely conveying. Each story will be followed by 4 possible meaning interpretations listed from a to d. Read each story and choose the number corresponding to the most likely meaning. State the reasoning in 2-3 bullet points and the answer. You can only answer with a, b, c, or d.
Context: I walked into a cool room. 
Target utterance: I said:  """"Feels like the North Pole in here.""""
What meaning is I most likely conveying?
a. The room was freezing cold.
b. There wasn't enough room in the car for everyone.
c. I leaned the fishing pole against the wall.
d. The room was really warm.
Reasoning:
Answer:
","a.
• The phrase ""Feels like the North Pole"" is an idiomatic expression that is often used to describe extremely cold temperatures.
• The North Pole is known for its freezing cold climate, making it a common reference point for describing cold temperatures.
• The speaker's comment is likely meant to convey that the room is very chilly.","['a', 'd', 'c', 'b']",4,A_NI,"{'a': 26.75, 'b': 14.3125, 'c': 12.0625, 'd': 10.4375}","{'a': 0.9999954700469971, 'b': 3.96698351323721e-06, 'c': 4.1811699702520855e-07, 'd': 8.233212156483205e-08}",0.9999954700469971,a,,a
C1_72_UA_I,C1_72,179,1,unambiguous,ironic,a,Her coffee did not taste good.,Llama-3-8B,Condition1B_context_richness_stimuli,general_reasoning,"You will read short stories that describe everyday situations and which finish with a person saying something. Your task is to decide, given the situation, what meaning the person is most likely conveying. Each story will be followed by 4 possible meaning interpretations listed from a to d. Read each story and choose the number corresponding to the most likely meaning. State the reasoning in 2-3 bullet points and the answer. You can only answer with a, b, c, or d.
Context: She took a sip of the cold coffee.
Target utterance: She said: """"This is what freshly made coffee tastes like.""""
What meaning is she most likely conveying?
a. Her coffee did not taste good.
b. Her coffee was delicious.
c. She did an experiment in health science.
d. Her coffee tasted like fresh mint.
Reasoning:
Answer:
","b. Her coffee was delicious.

• The context is about taking a sip of cold coffee, which implies she's tasting it for the first time or in a specific condition.
• The phrase ""freshly made"" suggests that she's comparing the taste to what she expects from freshly brewed coffee.
• Her statement implies that the taste matches her expectations, indicating a positive experience.","['b', 'a', 'd', 'c']",4,UA_I,"{'a': 19.25, 'b': 27.0, 'c': 14.9375, 'd': 12.9375}","{'a': 0.000430554267950356, 'b': 0.9995629191398621, 'c': 5.7694305723998696e-06, 'd': 7.808075679349713e-07}",0.9995629191398621,b,,a
