Item_ID,base_item,presentation_order,seed,context_level,irony_label,correct_option_pos,correct_option_text,model,dataset,prompt_type,prompt,output,original_option_mapping,run,condition,option_logits_raw,confidence_dist,confidence_top_prob,rsa_l0,rsa_s1,rsa_l1,rsa_final,rsa_raw_text,chosen_option,chosen_original_option
C1_01_A_I,C1_01,113,1,ambiguous,ironic,c,The cat was really hard to lift up.,OLMo-2-7B,Condition1B_context_richness_stimuli,rsa,"You will read short stories that describe everyday situations and end with a person saying something.

For each story, there are 4 possible interpretations (a,b,c,d).

Context: He lifted the overweight cat from the table.

Target utterance:
He said:  """"That was easy!""""

a. The exam was really easy.
b. He just got a great deal on a cat bed.
c. The cat was really hard to lift up.
d. The cat was easy to lift up.

Answer the following questions in order:

1. Literal Listener (L0):
   How would a listener interpret the utterance literally?
   Answer with a letter from a–d.

2. Informative Speaker (S1):
   Which utterance would an informative speaker be most likely to choose, given the situations described in the answer options, assuming that a listener interprets it literally?
   Answer with a letter from a–d.

3. Pragmatic Listener (L1):
   How would a listener interpret this utterance, knowing that the speaker is informative and chooses the most appropriate utterance for the situation described in the answer options?
   Answer with a letter from a–d.

Final Answer:
  Answer with a letter from a–d.","1. L0: d
2. S1: d
3. L1: d","['c', 'd', 'b', 'a']",1,A_I,"{'a': -0.0986328125, 'b': 4.96875, 'c': 3.96875, 'd': 17.375}","{'a': 2.5780733992064597e-08, 'b': 4.0929048736870755e-06, 'c': 1.5056955362524604e-06, 'd': 0.9999943971633911}",0.9999943971633911,d,d,d,,"1. L0: d
2. S1: d
3. L1: d",,
C1_02_A_NI,C1_02,63,1,ambiguous,non-ironic,b,The dog was really heavy to pick up.,OLMo-2-7B,Condition1B_context_richness_stimuli,rsa,"You will read short stories that describe everyday situations and end with a person saying something.

For each story, there are 4 possible interpretations (a,b,c,d).

Context: She picked up her overweight dog.

Target utterance:
She said: """"Heaviest dog ever.""""

a. She just adopted a new dog.
b. The dog was really heavy to pick up.
c. The dog was very light to pick up.
d. It was the heaviest package she ever carried.

Answer the following questions in order:

1. Literal Listener (L0):
   How would a listener interpret the utterance literally?
   Answer with a letter from a–d.

2. Informative Speaker (S1):
   Which utterance would an informative speaker be most likely to choose, given the situations described in the answer options, assuming that a listener interprets it literally?
   Answer with a letter from a–d.

3. Pragmatic Listener (L1):
   How would a listener interpret this utterance, knowing that the speaker is informative and chooses the most appropriate utterance for the situation described in the answer options?
   Answer with a letter from a–d.

Final Answer:
  Answer with a letter from a–d.","1. L0: b
2. S1: b
3. L1: b","['d', 'a', 'b', 'c']",1,A_NI,"{'a': 0.1923828125, 'b': 16.125, 'c': 4.6875, 'd': 6.5}","{'a': 1.203701742724661e-07, 'b': 0.9999231100082397, 'c': 1.0782599019876216e-05, 'd': 6.60514269839041e-05}",0.9999231100082397,b,b,b,,"1. L0: b
2. S1: b
3. L1: b",,
C1_03_UA_I,C1_03,216,1,unambiguous,ironic,d,Getting their friend off the ground took a lot of effort.,OLMo-2-7B,Condition1B_context_richness_stimuli,rsa,"You will read short stories that describe everyday situations and end with a person saying something.

For each story, there are 4 possible interpretations (a,b,c,d).

Context: They lift their obese friend.

Target utterance:
They said: """"Light as a feather.""""

a. Their friend was very easy to lift.
b. The feather fell gently to the ground.
c. They decided to go out for dinner with their friend.
d. Getting their friend off the ground took a lot of effort.

Answer the following questions in order:

1. Literal Listener (L0):
   How would a listener interpret the utterance literally?
   Answer with a letter from a–d.

2. Informative Speaker (S1):
   Which utterance would an informative speaker be most likely to choose, given the situations described in the answer options, assuming that a listener interprets it literally?
   Answer with a letter from a–d.

3. Pragmatic Listener (L1):
   How would a listener interpret this utterance, knowing that the speaker is informative and chooses the most appropriate utterance for the situation described in the answer options?
   Answer with a letter from a–d.

Final Answer:
  Answer with a letter from a–d.","1. L0: d
2. S1: d
3. L1: d","['a', 'c', 'd', 'b']",1,UA_I,"{'a': 0.443359375, 'b': 4.59375, 'c': 4.125, 'd': 17.0}","{'a': 6.449698730648379e-08, 'b': 4.092900326213567e-06, 'c': 2.5612716854084283e-06, 'd': 0.9999933242797852}",0.9999933242797852,d,d,d,,"1. L0: d
2. S1: d
3. L1: d",,
C1_04_UA_NI,C1_04,242,1,unambiguous,non-ironic,d,Holding my nephew took all my strength.,OLMo-2-7B,Condition1B_context_richness_stimuli,rsa,"You will read short stories that describe everyday situations and end with a person saying something.

For each story, there are 4 possible interpretations (a,b,c,d).

Context: I held my obese nephew in my arms.

Target utterance:
I said: """"Heavier than an elephant.""""

a. Holding my nephew took nothing of my strength.
b. The elephant lumbered slowly across the plain.
c. My nephew ate a burger that day.
d. Holding my nephew took all my strength.

Answer the following questions in order:

1. Literal Listener (L0):
   How would a listener interpret the utterance literally?
   Answer with a letter from a–d.

2. Informative Speaker (S1):
   Which utterance would an informative speaker be most likely to choose, given the situations described in the answer options, assuming that a listener interprets it literally?
   Answer with a letter from a–d.

3. Pragmatic Listener (L1):
   How would a listener interpret this utterance, knowing that the speaker is informative and chooses the most appropriate utterance for the situation described in the answer options?
   Answer with a letter from a–d.

Final Answer:
  Answer with a letter from a–d.","1. L0: d
2. S1: d
3. L1: d","['b', 'c', 'd', 'a']",1,UA_NI,"{'a': 0.1416015625, 'b': 4.875, 'c': 3.96875, 'd': 17.375}","{'a': 3.27814291267714e-08, 'b': 3.7266336221364327e-06, 'c': 1.505696104686649e-06, 'd': 0.9999947547912598}",0.9999947547912598,d,d,d,,"1. L0: d
2. S1: d
3. L1: d",,
C1_05_A_I,C1_05,122,1,ambiguous,ironic,c,The cake tasted really bad.,OLMo-2-7B,Condition1B_context_richness_stimuli,rsa,"You will read short stories that describe everyday situations and end with a person saying something.

For each story, there are 4 possible interpretations (a,b,c,d).

Context: She ate a palatable cake.

Target utterance:
She said: """"What an amazing flavour.""""

a. The cake tasted really good.
b. The cake had three candles on top.
c. The cake tasted really bad.
d. The soup smelled absolutely delicious

Answer the following questions in order:

1. Literal Listener (L0):
   How would a listener interpret the utterance literally?
   Answer with a letter from a–d.

2. Informative Speaker (S1):
   Which utterance would an informative speaker be most likely to choose, given the situations described in the answer options, assuming that a listener interprets it literally?
   Answer with a letter from a–d.

3. Pragmatic Listener (L1):
   How would a listener interpret this utterance, knowing that the speaker is informative and chooses the most appropriate utterance for the situation described in the answer options?
   Answer with a letter from a–d.

Final Answer:
  Answer with a letter from a–d.","1. L0: a
2. S1: a
3. L1: a","['a', 'd', 'b', 'c']",1,A_I,"{'a': 14.8125, 'b': 4.6875, 'c': 2.65625, 'd': 3.453125}","{'a': 0.9999430179595947, 'b': 4.006301242043264e-05, 'c': 5.255123596725753e-06, 'd': 1.1659000847430434e-05}",0.9999430179595947,a,a,a,,"1. L0: a
2. S1: a
3. L1: a",,
C1_06_A_NI,C1_06,132,1,ambiguous,non-ironic,c,The medicine tasted surprisingly pleasant.,OLMo-2-7B,Condition1B_context_richness_stimuli,rsa,"You will read short stories that describe everyday situations and end with a person saying something.

For each story, there are 4 possible interpretations (a,b,c,d).

Context: He swallowed the medicine and found it palatable

Target utterance:
He said: """"Tastier than expected.""""

a. He kept the medicine in the bathroom cabinet.
b. The medicine tasted absolutely awful.
c. The medicine tasted surprisingly pleasant.
d. The cake was tastier than expected.

Answer the following questions in order:

1. Literal Listener (L0):
   How would a listener interpret the utterance literally?
   Answer with a letter from a–d.

2. Informative Speaker (S1):
   Which utterance would an informative speaker be most likely to choose, given the situations described in the answer options, assuming that a listener interprets it literally?
   Answer with a letter from a–d.

3. Pragmatic Listener (L1):
   How would a listener interpret this utterance, knowing that the speaker is informative and chooses the most appropriate utterance for the situation described in the answer options?
   Answer with a letter from a–d.

Final Answer:
  Answer with a letter from a–d.","1. L0: c
2. S1: c
3. L1: c","['d', 'b', 'a', 'c']",1,A_NI,"{'a': 1.328125, 'b': 5.65625, 'c': 16.75, 'd': 5.59375}","{'a': 2.0060967642621108e-07, 'b': 1.5206620446406305e-05, 'c': 0.9999703168869019, 'd': 1.428529776603682e-05}",0.9999703168869019,c,c,c,,"1. L0: c
2. S1: c
3. L1: c",,
C1_07_UA_I,C1_07,249,1,unambiguous,ironic,c,The smoothie was thoroughly nasty.,OLMo-2-7B,Condition1B_context_richness_stimuli,rsa,"You will read short stories that describe everyday situations and end with a person saying something.

For each story, there are 4 possible interpretations (a,b,c,d).

Context: I took a sip of my smoothie and found it delicious.

Target utterance:
I said: """"What a treat.""""

a. She gave the dog a treat.
b. The smoothie was thoroughly enjoyable.
c. The smoothie was thoroughly nasty.
d. She was looking for a new smoothie recipe.

Answer the following questions in order:

1. Literal Listener (L0):
   How would a listener interpret the utterance literally?
   Answer with a letter from a–d.

2. Informative Speaker (S1):
   Which utterance would an informative speaker be most likely to choose, given the situations described in the answer options, assuming that a listener interprets it literally?
   Answer with a letter from a–d.

3. Pragmatic Listener (L1):
   How would a listener interpret this utterance, knowing that the speaker is informative and chooses the most appropriate utterance for the situation described in the answer options?
   Answer with a letter from a–d.

Final Answer:
  Answer with a letter from a–d.","1. L0: b
2. S1: b
3. L1: b","['c', 'a', 'b', 'd']",1,UA_I,"{'a': -0.142578125, 'b': 15.8125, 'c': 3.84375, 'd': 5.09375}","{'a': 1.1770236341135387e-07, 'b': 0.9999713897705078, 'c': 6.339069386740448e-06, 'd': 2.2125524992588907e-05}",0.9999713897705078,b,b,b,,"1. L0: b
2. S1: b
3. L1: b",,
C1_08_UA_NI,C1_08,96,1,unambiguous,non-ironic,a,They liked every single bite of the burger.,OLMo-2-7B,Condition1B_context_richness_stimuli,rsa,"You will read short stories that describe everyday situations and end with a person saying something.

For each story, there are 4 possible interpretations (a,b,c,d).

Context: They ate a delicious burger.

Target utterance:
They said: """"This burger tasted like heaven.""""

a. They liked every single bite of the burger.
b. They liked the burger more than the pizza.
c. The burger was the most expensive item on the menu.
d. They could barely force themselves to swallow the burger.

Answer the following questions in order:

1. Literal Listener (L0):
   How would a listener interpret the utterance literally?
   Answer with a letter from a–d.

2. Informative Speaker (S1):
   Which utterance would an informative speaker be most likely to choose, given the situations described in the answer options, assuming that a listener interprets it literally?
   Answer with a letter from a–d.

3. Pragmatic Listener (L1):
   How would a listener interpret this utterance, knowing that the speaker is informative and chooses the most appropriate utterance for the situation described in the answer options?
   Answer with a letter from a–d.

Final Answer:
  Answer with a letter from a–d.","1. L0: a
2. S1: a
3. L1: a","['a', 'd', 'c', 'b']",1,UA_NI,"{'a': 15.0, 'b': 4.6875, 'c': 2.578125, 'd': 3.40625}","{'a': 0.9999535083770752, 'b': 3.321375697851181e-05, 'c': 4.029285264550708e-06, 'd': 9.22312665352365e-06}",0.9999535083770752,a,a,a,,"1. L0: a
2. S1: a
3. L1: a",,
C1_09_A_I,C1_09,218,1,ambiguous,ironic,a,The babysitter was not taking good care of the kids.,OLMo-2-7B,Condition1B_context_richness_stimuli,rsa,"You will read short stories that describe everyday situations and end with a person saying something.

For each story, there are 4 possible interpretations (a,b,c,d).

Context: They hired a fearless babysitter.

Target utterance:
They said: """"The kids are not safe at all.""""

a. The babysitter was not taking good care of the kids.
b. The babysitter was taking good care of the kids.
c. The babysitter parked her car outside.
d. The kids had very clean hands.

Answer the following questions in order:

1. Literal Listener (L0):
   How would a listener interpret the utterance literally?
   Answer with a letter from a–d.

2. Informative Speaker (S1):
   Which utterance would an informative speaker be most likely to choose, given the situations described in the answer options, assuming that a listener interprets it literally?
   Answer with a letter from a–d.

3. Pragmatic Listener (L1):
   How would a listener interpret this utterance, knowing that the speaker is informative and chooses the most appropriate utterance for the situation described in the answer options?
   Answer with a letter from a–d.

Final Answer:
  Answer with a letter from a–d.","1. L0: b
2. S1: a
3. L1: a","['b', 'a', 'd', 'c']",1,A_I,"{'a': 15.0625, 'b': 7.46875, 'c': 3.140625, 'd': 3.75}","{'a': 0.9994778037071228, 'b': 0.0005033260677009821, 'c': 6.640008450631285e-06, 'd': 1.2212844012537971e-05}",0.9994778037071228,b,a,a,,"1. L0: b
2. S1: a
3. L1: a",,
C1_10_A_NI,C1_10,288,1,ambiguous,non-ironic,d,The police officer made them feel very safe.,OLMo-2-7B,Condition1B_context_richness_stimuli,rsa,"You will read short stories that describe everyday situations and end with a person saying something.

For each story, there are 4 possible interpretations (a,b,c,d).

Context: They met a fearless police officer.

Target utterance:
They said: """"We felt so safe around you""""

a. The police officer drank a cup of coffee.
b. They were sitting in a very safe seat.
c. The police officer did not make them feel safe at all.
d. The police officer made them feel very safe.

Answer the following questions in order:

1. Literal Listener (L0):
   How would a listener interpret the utterance literally?
   Answer with a letter from a–d.

2. Informative Speaker (S1):
   Which utterance would an informative speaker be most likely to choose, given the situations described in the answer options, assuming that a listener interprets it literally?
   Answer with a letter from a–d.

3. Pragmatic Listener (L1):
   How would a listener interpret this utterance, knowing that the speaker is informative and chooses the most appropriate utterance for the situation described in the answer options?
   Answer with a letter from a–d.

Final Answer:
  Answer with a letter from a–d.","1. L0: d
2. S1: d
3. L1: d","['d', 'c', 'b', 'a']",1,A_NI,"{'a': -0.3671875, 'b': 4.46875, 'c': 3.21875, 'd': 17.25}","{'a': 2.2333207283509182e-08, 'b': 2.813014816638315e-06, 'c': 8.059423066697491e-07, 'd': 0.9999963045120239}",0.9999963045120239,d,d,d,,"1. L0: d
2. S1: d
3. L1: d",,
C1_11_UA_I,C1_11,58,1,unambiguous,ironic,d,Seeing the pilot made her feel even more anxious.,OLMo-2-7B,Condition1B_context_richness_stimuli,rsa,"You will read short stories that describe everyday situations and end with a person saying something.

For each story, there are 4 possible interpretations (a,b,c,d).

Context: She noticed the brave pilot before boarding.

Target utterance:
She said: """"That really shook me up.""""

a. She dated a pilot for several months.
b. Seeing the pilot put her completely at ease.
c. She settled into her seat and fastened the belt.
d. Seeing the pilot made her feel even more anxious.

Answer the following questions in order:

1. Literal Listener (L0):
   How would a listener interpret the utterance literally?
   Answer with a letter from a–d.

2. Informative Speaker (S1):
   Which utterance would an informative speaker be most likely to choose, given the situations described in the answer options, assuming that a listener interprets it literally?
   Answer with a letter from a–d.

3. Pragmatic Listener (L1):
   How would a listener interpret this utterance, knowing that the speaker is informative and chooses the most appropriate utterance for the situation described in the answer options?
   Answer with a letter from a–d.

Final Answer:
  Answer with a letter from a–d.","1. L0: d
2. S1: d
3. L1: d","['d', 'a', 'c', 'b']",1,UA_I,"{'a': 0.1259765625, 'b': 4.84375, 'c': 3.8125, 'd': 17.125}","{'a': 4.14395628922648e-08, 'b': 4.637865913537098e-06, 'c': 1.6536819202883635e-06, 'd': 0.9999936819076538}",0.9999936819076538,d,d,d,,"1. L0: d
2. S1: d
3. L1: d",,
C1_12_UA_NI,C1_12,128,1,unambiguous,non-ironic,b,His father showed no fear at all.,OLMo-2-7B,Condition1B_context_richness_stimuli,rsa,"You will read short stories that describe everyday situations and end with a person saying something.

For each story, there are 4 possible interpretations (a,b,c,d).

Context: He saw his brave father.

Target utterance:
He said: """"Brave as a lion""""

a. His father wore a blue jacket.
b. His father showed no fear at all.
c. The lion prowled across the savannah.
d. His father's face was full of fear.

Answer the following questions in order:

1. Literal Listener (L0):
   How would a listener interpret the utterance literally?
   Answer with a letter from a–d.

2. Informative Speaker (S1):
   Which utterance would an informative speaker be most likely to choose, given the situations described in the answer options, assuming that a listener interprets it literally?
   Answer with a letter from a–d.

3. Pragmatic Listener (L1):
   How would a listener interpret this utterance, knowing that the speaker is informative and chooses the most appropriate utterance for the situation described in the answer options?
   Answer with a letter from a–d.

Final Answer:
  Answer with a letter from a–d.","1. L0: b
2. S1: b
3. L1: b","['d', 'a', 'c', 'b']",1,UA_NI,"{'a': -0.10791015625, 'b': 16.375, 'c': 4.125, 'd': 7.21875}","{'a': 6.942487829064703e-08, 'b': 0.999889612197876, 'c': 4.784588782058563e-06, 'd': 0.00010554635082371533}",0.999889612197876,b,b,b,,"1. L0: b
2. S1: b
3. L1: b",,
C1_13_A_I,C1_13,102,1,ambiguous,ironic,a,"His girlfriend clearly looked worn out, not refreshed at all.",OLMo-2-7B,Condition1B_context_richness_stimuli,rsa,"You will read short stories that describe everyday situations and end with a person saying something.

For each story, there are 4 possible interpretations (a,b,c,d).

Context: He saw his energetic girlfriend.

Target utterance:
He said: """"You look like you've been awake since birth.""""

a. His girlfriend clearly looked worn out, not refreshed at all.
b. He was planning to surprise his girlfriend with a home-cooked meal.
c. To him, his girlfriend looked well-rested and full of energy.
d. He had just bought her a refreshing cold drink.

Answer the following questions in order:

1. Literal Listener (L0):
   How would a listener interpret the utterance literally?
   Answer with a letter from a–d.

2. Informative Speaker (S1):
   Which utterance would an informative speaker be most likely to choose, given the situations described in the answer options, assuming that a listener interprets it literally?
   Answer with a letter from a–d.

3. Pragmatic Listener (L1):
   How would a listener interpret this utterance, knowing that the speaker is informative and chooses the most appropriate utterance for the situation described in the answer options?
   Answer with a letter from a–d.

Final Answer:
  Answer with a letter from a–d.","1. L0: a
2. S1: a
3. L1: a","['b', 'd', 'a', 'c']",1,A_I,"{'a': 15.0, 'b': 5.25, 'c': 3.296875, 'd': 4.5625}","{'a': 0.9999041557312012, 'b': 5.828907524119131e-05, 'c': 8.267149496532511e-06, 'd': 2.93095890810946e-05}",0.9999041557312012,a,a,a,,"1. L0: a
2. S1: a
3. L1: a",,
C1_14_A_NI,C1_14,135,1,ambiguous,non-ironic,d,Her colleague seemed very energetic today.,OLMo-2-7B,Condition1B_context_richness_stimuli,rsa,"You will read short stories that describe everyday situations and end with a person saying something.

For each story, there are 4 possible interpretations (a,b,c,d).

Context: She saw her energetic colleague.

Target utterance:
She said: """"You seem so full of energy today.""""

a. She was redecorating the office of her colleague.
b. She filled up the car with energy.
c. Her colleague seemed very tired today.
d. Her colleague seemed very energetic today.

Answer the following questions in order:

1. Literal Listener (L0):
   How would a listener interpret the utterance literally?
   Answer with a letter from a–d.

2. Informative Speaker (S1):
   Which utterance would an informative speaker be most likely to choose, given the situations described in the answer options, assuming that a listener interprets it literally?
   Answer with a letter from a–d.

3. Pragmatic Listener (L1):
   How would a listener interpret this utterance, knowing that the speaker is informative and chooses the most appropriate utterance for the situation described in the answer options?
   Answer with a letter from a–d.

Final Answer:
  Answer with a letter from a–d.","1. L0: d
2. S1: d
3. L1: d","['d', 'c', 'b', 'a']",1,A_NI,"{'a': -0.56640625, 'b': 4.4375, 'c': 3.28125, 'd': 17.0}","{'a': 2.3496582457482873e-08, 'b': 3.5008501981792506e-06, 'c': 1.1015914651579806e-06, 'd': 0.9999953508377075}",0.9999953508377075,d,d,d,,"1. L0: d
2. S1: d
3. L1: d",,
C1_15_UA_I,C1_15,15,1,unambiguous,ironic,c,They felt really exhausted after the sleepover.,OLMo-2-7B,Condition1B_context_richness_stimuli,rsa,"You will read short stories that describe everyday situations and end with a person saying something.

For each story, there are 4 possible interpretations (a,b,c,d).

Context: After the sleepover, they were hyperactive.

Target utterance:
They said:  """"We never felt more tired in our lifes.""""

a. They rested the heavy boxes on the floor.
b. They did sleep overs once a year.
c. They felt really exhausted after the sleepover.
d. They felt very well-rested after the sleepover.

Answer the following questions in order:

1. Literal Listener (L0):
   How would a listener interpret the utterance literally?
   Answer with a letter from a–d.

2. Informative Speaker (S1):
   Which utterance would an informative speaker be most likely to choose, given the situations described in the answer options, assuming that a listener interprets it literally?
   Answer with a letter from a–d.

3. Pragmatic Listener (L1):
   How would a listener interpret this utterance, knowing that the speaker is informative and chooses the most appropriate utterance for the situation described in the answer options?
   Answer with a letter from a–d.

Final Answer:
  Answer with a letter from a–d.","1. L0: d
2. S1: d
3. L1: c","['c', 'd', 'b', 'a']",1,UA_I,"{'a': 0.38671875, 'b': 6.5625, 'c': 15.75, 'd': 14.1875}","{'a': 1.7584461886599456e-07, 'b': 8.457398507744074e-05, 'c': 0.8266417384147644, 'd': 0.17327351868152618}",0.8266417384147644,d,d,c,,"1. L0: d
2. S1: d
3. L1: c",,
C1_16_UA_NI,C1_16,111,1,unambiguous,non-ironic,c,I felt fully prepared and ready for the exam.,OLMo-2-7B,Condition1B_context_richness_stimuli,rsa,"You will read short stories that describe everyday situations and end with a person saying something.

For each story, there are 4 possible interpretations (a,b,c,d).

Context: Right before my exam, I felt really hyperactive.

Target utterance:
I said: """"I have never felt more ready.""""

a. Deep down I felt completely unprepared for the exam.
b. The exam started at nine o'clock.
c. I felt fully prepared and ready for the exam.
d. Dinner was ready by seven o'clock.

Answer the following questions in order:

1. Literal Listener (L0):
   How would a listener interpret the utterance literally?
   Answer with a letter from a–d.

2. Informative Speaker (S1):
   Which utterance would an informative speaker be most likely to choose, given the situations described in the answer options, assuming that a listener interprets it literally?
   Answer with a letter from a–d.

3. Pragmatic Listener (L1):
   How would a listener interpret this utterance, knowing that the speaker is informative and chooses the most appropriate utterance for the situation described in the answer options?
   Answer with a letter from a–d.

Final Answer:
  Answer with a letter from a–d.","1. L0: c. I felt fully prepared and ready for the exam.
2. S1: c. I felt fully prepared and ready for the exam.
3. L1: c. I felt fully prepared and ready for the exam.","['b', 'd', 'a', 'c']",1,UA_NI,"{'a': 1.1796875, 'b': 5.53125, 'c': 15.6875, 'd': 6.96875}","{'a': 5.003213345844415e-07, 'b': 3.882474629790522e-05, 'c': 0.9997972846031189, 'd': 0.00016345827316399664}",0.9997972846031189,c,c,c,,"1. L0: c. I felt fully prepared and ready for the exam.
2. S1: c. I felt fully prepared and ready for the exam.
3. L1: c. I felt fully prepared and ready for the exam.",,
C1_17_A_I,C1_17,241,1,ambiguous,ironic,c,Her idea was outdated.,OLMo-2-7B,Condition1B_context_richness_stimuli,rsa,"You will read short stories that describe everyday situations and end with a person saying something.

For each story, there are 4 possible interpretations (a,b,c,d).

Context: She had an old idea.

Target utterance:
She said: """"Truly ahead of its time.""""

a. Her idea was innovative.
b. She had the idea to redecorate her office.
c. Her idea was outdated.
d. She had arrived early.

Answer the following questions in order:

1. Literal Listener (L0):
   How would a listener interpret the utterance literally?
   Answer with a letter from a–d.

2. Informative Speaker (S1):
   Which utterance would an informative speaker be most likely to choose, given the situations described in the answer options, assuming that a listener interprets it literally?
   Answer with a letter from a–d.

3. Pragmatic Listener (L1):
   How would a listener interpret this utterance, knowing that the speaker is informative and chooses the most appropriate utterance for the situation described in the answer options?
   Answer with a letter from a–d.

Final Answer:
  Answer with a letter from a–d.","1. L0: a
2. S1: a
3. L1: a","['a', 'd', 'b', 'c']",1,A_I,"{'a': 14.75, 'b': 4.96875, 'c': 2.84375, 'd': 4.5625}","{'a': 0.9998990297317505, 'b': 5.649542072205804e-05, 'c': 6.74741568218451e-06, 'd': 3.7634061300195754e-05}",0.9998990297317505,a,a,a,,"1. L0: a
2. S1: a
3. L1: a",,
C1_18_A_NI,C1_18,134,1,ambiguous,non-ironic,a,He found the approach genuinely new and creative.,OLMo-2-7B,Condition1B_context_richness_stimuli,rsa,"You will read short stories that describe everyday situations and end with a person saying something.

For each story, there are 4 possible interpretations (a,b,c,d).

Context: It was an old approach. 

Target utterance:
He said: """"How refreshingly innovative.""""

a. He found the approach genuinely new and creative.
b. In his view, it was a stale approach he had seen many times before.
c. Refreshments were served at the end of the presentation.
d. He researched new approaches for several months.

Answer the following questions in order:

1. Literal Listener (L0):
   How would a listener interpret the utterance literally?
   Answer with a letter from a–d.

2. Informative Speaker (S1):
   Which utterance would an informative speaker be most likely to choose, given the situations described in the answer options, assuming that a listener interprets it literally?
   Answer with a letter from a–d.

3. Pragmatic Listener (L1):
   How would a listener interpret this utterance, knowing that the speaker is informative and chooses the most appropriate utterance for the situation described in the answer options?
   Answer with a letter from a–d.

Final Answer:
  Answer with a letter from a–d.","1. L0: a
2. S1: a
3. L1: a","['a', 'b', 'c', 'd']",1,A_NI,"{'a': 14.625, 'b': 4.96875, 'c': 2.984375, 'd': 4.03125}","{'a': 0.9999021291732788, 'b': 6.401789869414642e-05, 'c': 8.800316209089942e-06, 'd': 2.5069768526009284e-05}",0.9999021291732788,a,a,a,,"1. L0: a
2. S1: a
3. L1: a",,
C1_19_UA_I,C1_19,209,1,unambiguous,ironic,a,"To her, the tradition felt stale and long past its use.",OLMo-2-7B,Condition1B_context_richness_stimuli,rsa,"You will read short stories that describe everyday situations and end with a person saying something.

For each story, there are 4 possible interpretations (a,b,c,d).

Context: The tradition was ancient.

Target utterance:
She said: """"How wonderfully timeless.""""

a. To her, the tradition felt stale and long past its use.
b. She read about the tradition in a local history book.
c. She found the tradition beautifully enduring and meaningful.
d. The clock ticked for over a century.

Answer the following questions in order:

1. Literal Listener (L0):
   How would a listener interpret the utterance literally?
   Answer with a letter from a–d.

2. Informative Speaker (S1):
   Which utterance would an informative speaker be most likely to choose, given the situations described in the answer options, assuming that a listener interprets it literally?
   Answer with a letter from a–d.

3. Pragmatic Listener (L1):
   How would a listener interpret this utterance, knowing that the speaker is informative and chooses the most appropriate utterance for the situation described in the answer options?
   Answer with a letter from a–d.

Final Answer:
  Answer with a letter from a–d.","1. L0: c. She found the tradition beautifully enduring and meaningful.
2. S1: c. She found the tradition beautifully enduring and meaningful.
3. L1: c. She found the tradition beautifully enduring and meaningful.","['b', 'd', 'a', 'c']",1,UA_I,"{'a': 1.109375, 'b': 5.6875, 'c': 15.9375, 'd': 6.53125}","{'a': 3.632251264207298e-07, 'b': 3.5353328712517396e-05, 'c': 0.9998819828033447, 'd': 8.219895244110376e-05}",0.9998819828033447,c,c,c,,"1. L0: c. She found the tradition beautifully enduring and meaningful.
2. S1: c. She found the tradition beautifully enduring and meaningful.
3. L1: c. She found the tradition beautifully enduring and meaningful.",,
C1_20_UA_NI,C1_20,87,1,unambiguous,non-ironic,d,She liked the smell of her car.,OLMo-2-7B,Condition1B_context_richness_stimuli,rsa,"You will read short stories that describe everyday situations and end with a person saying something.

For each story, there are 4 possible interpretations (a,b,c,d).

Context: She bought an ancient car.

Target utterance:
She says: """"I just love the new car smell.""""

a. She could smell what her husband was cooking.
b. She took her car to the gas station.
c. She was disappointed with the smell of her car.
d. She liked the smell of her car.

Answer the following questions in order:

1. Literal Listener (L0):
   How would a listener interpret the utterance literally?
   Answer with a letter from a–d.

2. Informative Speaker (S1):
   Which utterance would an informative speaker be most likely to choose, given the situations described in the answer options, assuming that a listener interprets it literally?
   Answer with a letter from a–d.

3. Pragmatic Listener (L1):
   How would a listener interpret this utterance, knowing that the speaker is informative and chooses the most appropriate utterance for the situation described in the answer options?
   Answer with a letter from a–d.

Final Answer:
  Answer with a letter from a–d.","1. L0: d
2. S1: d
3. L1: d","['c', 'd', 'b', 'a']",1,UA_NI,"{'a': 0.0322265625, 'b': 4.5625, 'c': 3.40625, 'd': 17.125}","{'a': 3.773121548533709e-08, 'b': 3.5008501981792506e-06, 'c': 1.1015914651579806e-06, 'd': 0.9999953508377075}",0.9999953508377075,d,d,d,,"1. L0: d
2. S1: d
3. L1: d",,
C1_21_A_I,C1_21,247,1,ambiguous,ironic,b,The birthday party was a disappointment.,OLMo-2-7B,Condition1B_context_richness_stimuli,rsa,"You will read short stories that describe everyday situations and end with a person saying something.

For each story, there are 4 possible interpretations (a,b,c,d).

Context: She left the birthday party feeling happy.

Target utterance:
She says: """"Truly a night to remember.""""

a. She had trouble remembering things.
b. The birthday party was a disappointment.
c. She planned her next birthday party.
d. The birthday party was a great success.

Answer the following questions in order:

1. Literal Listener (L0):
   How would a listener interpret the utterance literally?
   Answer with a letter from a–d.

2. Informative Speaker (S1):
   Which utterance would an informative speaker be most likely to choose, given the situations described in the answer options, assuming that a listener interprets it literally?
   Answer with a letter from a–d.

3. Pragmatic Listener (L1):
   How would a listener interpret this utterance, knowing that the speaker is informative and chooses the most appropriate utterance for the situation described in the answer options?
   Answer with a letter from a–d.

Final Answer:
  Answer with a letter from a–d.","1. L0: d
2. S1: d
3. L1: d","['c', 'b', 'd', 'a']",1,A_I,"{'a': -0.35546875, 'b': 4.46875, 'c': 3.8125, 'd': 17.25}","{'a': 2.2596449156253584e-08, 'b': 2.813013225022587e-06, 'c': 1.4593721289202222e-06, 'd': 0.9999957084655762}",0.9999957084655762,d,d,d,,"1. L0: d
2. S1: d
3. L1: d",,
C1_22_A_NI,C1_22,8,1,ambiguous,non-ironic,d,The wedding was a beautiful and enchanting occasion.,OLMo-2-7B,Condition1B_context_richness_stimuli,rsa,"You will read short stories that describe everyday situations and end with a person saying something.

For each story, there are 4 possible interpretations (a,b,c,d).

Context: She left the wedding feeling happy.

Target utterance:
She says: """"What a magical day.""""

a. The magician wowed all the guests at the reception.
b. She helped organise the flowers for the wedding beforehand.
c. The wedding had been a dull, disappointing event from start to finish.
d. The wedding was a beautiful and enchanting occasion.

Answer the following questions in order:

1. Literal Listener (L0):
   How would a listener interpret the utterance literally?
   Answer with a letter from a–d.

2. Informative Speaker (S1):
   Which utterance would an informative speaker be most likely to choose, given the situations described in the answer options, assuming that a listener interprets it literally?
   Answer with a letter from a–d.

3. Pragmatic Listener (L1):
   How would a listener interpret this utterance, knowing that the speaker is informative and chooses the most appropriate utterance for the situation described in the answer options?
   Answer with a letter from a–d.

Final Answer:
  Answer with a letter from a–d.","1. L0: d
2. S1: d
3. L1: d","['c', 'd', 'b', 'a']",1,A_NI,"{'a': 0.1396484375, 'b': 5.09375, 'c': 4.34375, 'd': 17.25}","{'a': 3.707365081595526e-08, 'b': 5.255382347968407e-06, 'c': 2.482466925357585e-06, 'd': 0.9999922513961792}",0.9999922513961792,d,d,d,,"1. L0: d
2. S1: d
3. L1: d",,
C1_23_UA_I,C1_23,4,1,unambiguous,ironic,d,They had found the film funny from start to finish.,OLMo-2-7B,Condition1B_context_richness_stimuli,rsa,"You will read short stories that describe everyday situations and end with a person saying something.

For each story, there are 4 possible interpretations (a,b,c,d).

Context: They left the cinema feeling delighted.

Target utterance:
They say: """"What a painfull film.""""

a. The injection was over quickly, but it was painful.
b. They went to the same cinema as always.
c. They had found the film dull from start to finish.
d. They had found the film funny from start to finish.

Answer the following questions in order:

1. Literal Listener (L0):
   How would a listener interpret the utterance literally?
   Answer with a letter from a–d.

2. Informative Speaker (S1):
   Which utterance would an informative speaker be most likely to choose, given the situations described in the answer options, assuming that a listener interprets it literally?
   Answer with a letter from a–d.

3. Pragmatic Listener (L1):
   How would a listener interpret this utterance, knowing that the speaker is informative and chooses the most appropriate utterance for the situation described in the answer options?
   Answer with a letter from a–d.

Final Answer:
  Answer with a letter from a–d.","1. L0: d
2. S1: d
3. L1: d","['c', 'd', 'a', 'b']",1,UA_I,"{'a': -0.0267333984375, 'b': 4.8125, 'c': 4.46875, 'd': 17.125}","{'a': 3.557078542826275e-08, 'b': 4.4951666495762765e-06, 'c': 3.1875506465439685e-06, 'd': 0.9999922513961792}",0.9999922513961792,d,d,d,,"1. L0: d
2. S1: d
3. L1: d",,
C1_24_UA_NI,C1_24,21,1,unambiguous,non-ironic,c,The message brought good news.,OLMo-2-7B,Condition1B_context_richness_stimuli,rsa,"You will read short stories that describe everyday situations and end with a person saying something.

For each story, there are 4 possible interpretations (a,b,c,d).

Context: She received a message and was delighted.

Target utterance:
She says: """"These are amazing news.""""

a. What she read was news to her.
b. The message brought negative news.
c. The message brought good news.
d. She wanted to send a message.

Answer the following questions in order:

1. Literal Listener (L0):
   How would a listener interpret the utterance literally?
   Answer with a letter from a–d.

2. Informative Speaker (S1):
   Which utterance would an informative speaker be most likely to choose, given the situations described in the answer options, assuming that a listener interprets it literally?
   Answer with a letter from a–d.

3. Pragmatic Listener (L1):
   How would a listener interpret this utterance, knowing that the speaker is informative and chooses the most appropriate utterance for the situation described in the answer options?
   Answer with a letter from a–d.

Final Answer:
  Answer with a letter from a–d.","1. L0: c
2. S1: c
3. L1: c","['c', 'b', 'a', 'd']",1,UA_NI,"{'a': 1.34375, 'b': 6.15625, 'c': 16.5, 'd': 7.375}","{'a': 2.616151277834433e-07, 'b': 3.218881829525344e-05, 'c': 0.9998586177825928, 'd': 0.00010889337136177346}",0.9998586177825928,c,c,c,,"1. L0: c
2. S1: c
3. L1: c",,
C1_25_A_I,C1_25,181,1,ambiguous,ironic,c,Her exam answers were embarrassingly poor.,OLMo-2-7B,Condition1B_context_richness_stimuli,rsa,"You will read short stories that describe everyday situations and end with a person saying something.

For each story, there are 4 possible interpretations (a,b,c,d).

Context: Her answers in the exam were intelligent.

Target utterance:
She says: """"What a genius.""""

a. Her exam answers were impressively smart.
b. She studied for her next exam.
c. Her exam answers were embarrassingly poor.
d. She had a high IQ.

Answer the following questions in order:

1. Literal Listener (L0):
   How would a listener interpret the utterance literally?
   Answer with a letter from a–d.

2. Informative Speaker (S1):
   Which utterance would an informative speaker be most likely to choose, given the situations described in the answer options, assuming that a listener interprets it literally?
   Answer with a letter from a–d.

3. Pragmatic Listener (L1):
   How would a listener interpret this utterance, knowing that the speaker is informative and chooses the most appropriate utterance for the situation described in the answer options?
   Answer with a letter from a–d.

Final Answer:
  Answer with a letter from a–d.","1. L0: a
2. S1: a
3. L1: a","['a', 'd', 'b', 'c']",1,A_I,"{'a': 14.5625, 'b': 4.84375, 'c': 2.53125, 'd': 3.9375}","{'a': 0.999909520149231, 'b': 6.0139693232486024e-05, 'c': 5.954635980742751e-06, 'd': 2.4298631615238264e-05}",0.999909520149231,a,a,a,,"1. L0: a
2. S1: a
3. L1: a",,
C1_26_A_NI,C1_26,133,1,ambiguous,non-ironic,a,They were genuinely fortunate to have such a strong suggestion.,OLMo-2-7B,Condition1B_context_richness_stimuli,rsa,"You will read short stories that describe everyday situations and end with a person saying something.

For each story, there are 4 possible interpretations (a,b,c,d).

Context: Their colleague's suggestion was intelligent.

Target utterance:
They said: """"We really had luck with that one.""""

a. They were genuinely fortunate to have such a strong suggestion.
b. As far as they were concerned, it was a poor suggestion.
c. They got lucky at the casino.
d. They thought that every project starts with a suggestion.

Answer the following questions in order:

1. Literal Listener (L0):
   How would a listener interpret the utterance literally?
   Answer with a letter from a–d.

2. Informative Speaker (S1):
   Which utterance would an informative speaker be most likely to choose, given the situations described in the answer options, assuming that a listener interprets it literally?
   Answer with a letter from a–d.

3. Pragmatic Listener (L1):
   How would a listener interpret this utterance, knowing that the speaker is informative and chooses the most appropriate utterance for the situation described in the answer options?
   Answer with a letter from a–d.

Final Answer:
  Answer with a letter from a–d.","1. L0: a
2. S1: a
3. L1: a","['a', 'b', 'c', 'd']",1,A_NI,"{'a': 14.9375, 'b': 5.625, 'c': 3.21875, 'd': 4.6875}","{'a': 0.999866247177124, 'b': 9.027645864989609e-05, 'c': 8.13867063698126e-06, 'd': 3.535277210175991e-05}",0.999866247177124,a,a,a,,"1. L0: a
2. S1: a
3. L1: a",,
C1_27_UA_I,C1_27,120,1,unambiguous,ironic,c,His argument was weak and poorly constructed.,OLMo-2-7B,Condition1B_context_richness_stimuli,rsa,"You will read short stories that describe everyday situations and end with a person saying something.

For each story, there are 4 possible interpretations (a,b,c,d).

Context: His argument in the debate was brilliant.

Target utterance:
She says: """"What a master of rhetoric.""""

a. Sokrates was a master of rhetoric.
b. She had an argument with him that night.
c. His argument was weak and poorly constructed.
d. His argument was strong and well presented.

Answer the following questions in order:

1. Literal Listener (L0):
   How would a listener interpret the utterance literally?
   Answer with a letter from a–d.

2. Informative Speaker (S1):
   Which utterance would an informative speaker be most likely to choose, given the situations described in the answer options, assuming that a listener interprets it literally?
   Answer with a letter from a–d.

3. Pragmatic Listener (L1):
   How would a listener interpret this utterance, knowing that the speaker is informative and chooses the most appropriate utterance for the situation described in the answer options?
   Answer with a letter from a–d.

Final Answer:
  Answer with a letter from a–d.","1. L0: d
2. S1: d
3. L1: d","['c', 'd', 'b', 'a']",1,UA_I,"{'a': -1.1484375, 'b': 3.609375, 'c': 2.703125, 'd': 16.625}","{'a': 1.9102616377608683e-08, 'b': 2.22527933146921e-06, 'c': 8.990941182673851e-07, 'd': 0.9999969005584717}",0.9999969005584717,d,d,d,,"1. L0: d
2. S1: d
3. L1: d",,
C1_28_UA_NI,C1_28,238,1,unambiguous,non-ironic,c,She believed that his business plan would be successful.,OLMo-2-7B,Condition1B_context_richness_stimuli,rsa,"You will read short stories that describe everyday situations and end with a person saying something.

For each story, there are 4 possible interpretations (a,b,c,d).

Context: His business plan was brilliant.

Target utterance:
She says: """"We will make lots of money with this.""""

a. She believed that his business plan would fail.
b. She was interested in making lots of money.
c. She believed that his business plan would be successful.
d. He asked a colleague for help with his business plan.

Answer the following questions in order:

1. Literal Listener (L0):
   How would a listener interpret the utterance literally?
   Answer with a letter from a–d.

2. Informative Speaker (S1):
   Which utterance would an informative speaker be most likely to choose, given the situations described in the answer options, assuming that a listener interprets it literally?
   Answer with a letter from a–d.

3. Pragmatic Listener (L1):
   How would a listener interpret this utterance, knowing that the speaker is informative and chooses the most appropriate utterance for the situation described in the answer options?
   Answer with a letter from a–d.

Final Answer:
  Answer with a letter from a–d.","1. L0: c
2. S1: c
3. L1: c","['b', 'c', 'a', 'd']",1,UA_NI,"{'a': 1.3671875, 'b': 5.75, 'c': 16.625, 'd': 6.09375}","{'a': 2.3637214496829984e-07, 'b': 1.892463660624344e-05, 'c': 0.999954104423523, 'd': 2.6688017896958627e-05}",0.999954104423523,c,c,c,,"1. L0: c
2. S1: c
3. L1: c",,
C1_29_A_I,C1_29,50,1,ambiguous,ironic,c,The restaurant visit was a real disappointment.,OLMo-2-7B,Condition1B_context_richness_stimuli,rsa,"You will read short stories that describe everyday situations and end with a person saying something.

For each story, there are 4 possible interpretations (a,b,c,d).

Context: After the restaurant visit he was satiated.

Target utterance:
He says: """"Best dinner ever.""""

a. He looked forward to this restaurant visit for weeks.
b. It was the best-reviewed dinner spot in the whole city.
c. The restaurant visit was a real disappointment.
d. The restaurant visit was genuinely outstanding.

Answer the following questions in order:

1. Literal Listener (L0):
   How would a listener interpret the utterance literally?
   Answer with a letter from a–d.

2. Informative Speaker (S1):
   Which utterance would an informative speaker be most likely to choose, given the situations described in the answer options, assuming that a listener interprets it literally?
   Answer with a letter from a–d.

3. Pragmatic Listener (L1):
   How would a listener interpret this utterance, knowing that the speaker is informative and chooses the most appropriate utterance for the situation described in the answer options?
   Answer with a letter from a–d.

Final Answer:
  Answer with a letter from a–d.","1. L0: d
2. S1: d
3. L1: d","['d', 'c', 'b', 'a']",1,A_I,"{'a': -0.5703125, 'b': 4.25, 'c': 3.59375, 'd': 17.125}","{'a': 2.065483428737025e-08, 'b': 2.561278733992367e-06, 'c': 1.3287739193401649e-06, 'd': 0.9999960660934448}",0.9999960660934448,d,d,d,,"1. L0: d
2. S1: d
3. L1: d",,
C1_30_A_NI,C1_30,68,1,ambiguous,non-ironic,c,The buffet was a rich.,OLMo-2-7B,Condition1B_context_richness_stimuli,rsa,"You will read short stories that describe everyday situations and end with a person saying something.

For each story, there are 4 possible interpretations (a,b,c,d).

Context: He left the buffet feeling satiated.

Target utterance:
He says: """"Truly a feast for the senses."" ""

a. The feast was celebrated every year in their village.
b. There had been very little worth eating at the buffet.
c. The buffet was a rich.
d. Diners often have a buffet.

Answer the following questions in order:

1. Literal Listener (L0):
   How would a listener interpret the utterance literally?
   Answer with a letter from a–d.

2. Informative Speaker (S1):
   Which utterance would an informative speaker be most likely to choose, given the situations described in the answer options, assuming that a listener interprets it literally?
   Answer with a letter from a–d.

3. Pragmatic Listener (L1):
   How would a listener interpret this utterance, knowing that the speaker is informative and chooses the most appropriate utterance for the situation described in the answer options?
   Answer with a letter from a–d.

Final Answer:
  Answer with a letter from a–d.","1. L0: b
2. S1: b
3. L1: b","['c', 'b', 'a', 'd']",1,A_NI,"{'a': 0.5546875, 'b': 15.625, 'c': 5.65625, 'd': 6.71875}","{'a': 2.8508026161944144e-07, 'b': 0.999817430973053, 'c': 4.683252700488083e-05, 'd': 0.00013551441952586174}",0.999817430973053,b,b,b,,"1. L0: b
2. S1: b
3. L1: b",,
C1_31_UA_I,C1_31,27,1,unambiguous,ironic,b,There was barely anything to eat; they left unsatisfied.,OLMo-2-7B,Condition1B_context_richness_stimuli,rsa,"You will read short stories that describe everyday situations and end with a person saying something.

For each story, there are 4 possible interpretations (a,b,c,d).

Context: They left the picnic feeling full.

Target utterance:
They say: """"Food for the soul.""""

a. She always kept her soul music collection in good order.
b. There was barely anything to eat; they left unsatisfied.
c. The picnic was nourishing and genuinely enjoyable.
d. They spent the morning preparing sandwiches for the picnic.

Answer the following questions in order:

1. Literal Listener (L0):
   How would a listener interpret the utterance literally?
   Answer with a letter from a–d.

2. Informative Speaker (S1):
   Which utterance would an informative speaker be most likely to choose, given the situations described in the answer options, assuming that a listener interprets it literally?
   Answer with a letter from a–d.

3. Pragmatic Listener (L1):
   How would a listener interpret this utterance, knowing that the speaker is informative and chooses the most appropriate utterance for the situation described in the answer options?
   Answer with a letter from a–d.

Final Answer:
  Answer with a letter from a–d.","1. L0: b
2. S1: c
3. L1: c","['c', 'b', 'a', 'd']",1,UA_I,"{'a': 1.25, 'b': 7.59375, 'c': 16.375, 'd': 8.25}","{'a': 2.698364198749914e-07, 'b': 0.0001535169139970094, 'c': 0.9995502829551697, 'd': 0.00029591156635433435}",0.9995502829551697,b,c,c,,"1. L0: b
2. S1: c
3. L1: c",,
C1_32_UA_NI,C1_32,73,1,unambiguous,non-ironic,c,His plate had been full with food and he ate it all up.,OLMo-2-7B,Condition1B_context_richness_stimuli,rsa,"You will read short stories that describe everyday situations and end with a person saying something.

For each story, there are 4 possible interpretations (a,b,c,d).

Context: He looked at the empty plate in front of him and was full.

Target utterance:
He says: """"No way I could eat more."" ""

a. The waiter had forgotten to fill his plate and he did not eat anything.
b. He went to a stylish pottery to buy a special plate.
c. His plate had been full with food and he ate it all up.
d. He prefers to eat his lunch alone.

Answer the following questions in order:

1. Literal Listener (L0):
   How would a listener interpret the utterance literally?
   Answer with a letter from a–d.

2. Informative Speaker (S1):
   Which utterance would an informative speaker be most likely to choose, given the situations described in the answer options, assuming that a listener interprets it literally?
   Answer with a letter from a–d.

3. Pragmatic Listener (L1):
   How would a listener interpret this utterance, knowing that the speaker is informative and chooses the most appropriate utterance for the situation described in the answer options?
   Answer with a letter from a–d.

Final Answer:
  Answer with a letter from a–d.","1. L0: d
2. S1: c
3. L1: c","['b', 'd', 'a', 'c']",1,UA_NI,"{'a': 1.015625, 'b': 6.3125, 'c': 16.0, 'd': 11.4375}","{'a': 3.0749146162634133e-07, 'b': 6.140964978840202e-05, 'c': 0.9896107912063599, 'd': 0.010327516123652458}",0.9896107912063599,d,c,c,,"1. L0: d
2. S1: c
3. L1: c",,
C1_33_A_I,C1_33,199,1,ambiguous,ironic,a,The library was far too noisy to concentrate.,OLMo-2-7B,Condition1B_context_richness_stimuli,rsa,"You will read short stories that describe everyday situations and end with a person saying something.

For each story, there are 4 possible interpretations (a,b,c,d).

Context: She walked into the library and it was loud.

Target utterance:
She says: """"Perfect place to concentrate.""""

a. The library was far too noisy to concentrate.
b. She looked for a new book in the library.
c. She asked her colleague for a place to concentrate.
d. The library was a calm and quiet environment.

Answer the following questions in order:

1. Literal Listener (L0):
   How would a listener interpret the utterance literally?
   Answer with a letter from a–d.

2. Informative Speaker (S1):
   Which utterance would an informative speaker be most likely to choose, given the situations described in the answer options, assuming that a listener interprets it literally?
   Answer with a letter from a–d.

3. Pragmatic Listener (L1):
   How would a listener interpret this utterance, knowing that the speaker is informative and chooses the most appropriate utterance for the situation described in the answer options?
   Answer with a letter from a–d.

Final Answer:
  Answer with a letter from a–d.","1. L0: d
2. S1: d
3. L1: d","['b', 'd', 'c', 'a']",1,A_I,"{'a': 0.287109375, 'b': 4.96875, 'c': 4.3125, 'd': 16.875}","{'a': 6.251240591836904e-08, 'b': 6.748027772118803e-06, 'c': 3.5008306440431625e-06, 'd': 0.9999897480010986}",0.9999897480010986,d,d,d,,"1. L0: d
2. S1: d
3. L1: d",,
C1_34_A_NI,C1_34,283,1,ambiguous,non-ironic,b,The concert was surprisingly quiet.,OLMo-2-7B,Condition1B_context_richness_stimuli,rsa,"You will read short stories that describe everyday situations and end with a person saying something.

For each story, there are 4 possible interpretations (a,b,c,d).

Context: We came back from a concert which was loud.

Target utterance:
I say: """"I've almost gone deaf.""""

a. The concert was pretty loud.
b. The concert was surprisingly quiet.
c. My grandfather is deaf.
d. I was looking forward to the next concert.

Answer the following questions in order:

1. Literal Listener (L0):
   How would a listener interpret the utterance literally?
   Answer with a letter from a–d.

2. Informative Speaker (S1):
   Which utterance would an informative speaker be most likely to choose, given the situations described in the answer options, assuming that a listener interprets it literally?
   Answer with a letter from a–d.

3. Pragmatic Listener (L1):
   How would a listener interpret this utterance, knowing that the speaker is informative and chooses the most appropriate utterance for the situation described in the answer options?
   Answer with a letter from a–d.

Final Answer:
  Answer with a letter from a–d.","1. L0: d
2. S1: a
3. L1: a","['b', 'a', 'c', 'd']",1,A_NI,"{'a': 14.625, 'b': 6.0, 'c': 2.9375, 'd': 10.9375}","{'a': 0.9753981232643127, 'b': 0.00017514268984086812, 'c': 8.191532288037706e-06, 'd': 0.02441861294209957}",0.9753981232643127,d,a,a,,"1. L0: d
2. S1: a
3. L1: a",,
C1_35_UA_I,C1_35,117,1,unambiguous,ironic,d,The movie was very loud.,OLMo-2-7B,Condition1B_context_richness_stimuli,rsa,"You will read short stories that describe everyday situations and end with a person saying something.

For each story, there are 4 possible interpretations (a,b,c,d).

Context:  She watched a movie in the theater and found it deafening.

Target utterance:
She says: """"It was so difficult to hear.""""

a. She generally has difficulties with her hearing.
b. The movie was too quiet to hear.
c. Watching a movie in the theater is a real event.
d. The movie was very loud.

Answer the following questions in order:

1. Literal Listener (L0):
   How would a listener interpret the utterance literally?
   Answer with a letter from a–d.

2. Informative Speaker (S1):
   Which utterance would an informative speaker be most likely to choose, given the situations described in the answer options, assuming that a listener interprets it literally?
   Answer with a letter from a–d.

3. Pragmatic Listener (L1):
   How would a listener interpret this utterance, knowing that the speaker is informative and chooses the most appropriate utterance for the situation described in the answer options?
   Answer with a letter from a–d.

Final Answer:
  Answer with a letter from a–d.","1. L0: d
2. S1: d
3. L1: d","['c', 'a', 'd', 'b']",1,UA_I,"{'a': 0.08251953125, 'b': 4.84375, 'c': 4.09375, 'd': 17.375}","{'a': 3.0900736192052136e-08, 'b': 3.611976808315376e-06, 'c': 1.7061769312931574e-06, 'd': 0.9999946355819702}",0.9999946355819702,d,d,d,,"1. L0: d
2. S1: d
3. L1: d",,
C1_36_UA_NI,C1_36,214,1,unambiguous,non-ironic,b,He thinks that his neighbours' are having a great party with music.,OLMo-2-7B,Condition1B_context_richness_stimuli,rsa,"You will read short stories that describe everyday situations and end with a person saying something.

For each story, there are 4 possible interpretations (a,b,c,d).

Context: His neighbours' music was deafening.

Target utterance:
He says: """"It seems like they are having a great party.""""

a. He would expected to hear louder music from his neighbours' party.
b. He thinks that his neighbours' are having a great party with music.
c. He likes talking about pop music.
d. He is still unsure which party to vote for in the upcoming elections.

Answer the following questions in order:

1. Literal Listener (L0):
   How would a listener interpret the utterance literally?
   Answer with a letter from a–d.

2. Informative Speaker (S1):
   Which utterance would an informative speaker be most likely to choose, given the situations described in the answer options, assuming that a listener interprets it literally?
   Answer with a letter from a–d.

3. Pragmatic Listener (L1):
   How would a listener interpret this utterance, knowing that the speaker is informative and chooses the most appropriate utterance for the situation described in the answer options?
   Answer with a letter from a–d.

Final Answer:
  Answer with a letter from a–d.","1. L0: b
2. S1: b
3. L1: b","['b', 'a', 'd', 'c']",1,UA_NI,"{'a': 0.3359375, 'b': 15.8125, 'c': 3.90625, 'd': 5.59375}","{'a': 1.899308017527801e-07, 'b': 0.999956488609314, 'c': 6.747803126927465e-06, 'd': 3.647828270914033e-05}",0.999956488609314,b,b,b,,"1. L0: b
2. S1: b
3. L1: b",,
C1_37_A_I,C1_37,282,1,ambiguous,ironic,a,The questions were straightforward and required little effort.,OLMo-2-7B,Condition1B_context_richness_stimuli,rsa,"You will read short stories that describe everyday situations and end with a person saying something.

For each story, there are 4 possible interpretations (a,b,c,d).

Context: She prepared easy questions for the students.

Target utterance:
She says: """"I hope they're prepared for this.""""

a. The questions were straightforward and required little effort.
b. She had never felt so well prepared for a meeting.
c. The questions required thorough preparation to answer.
d. She posted the question on the class forum.

Answer the following questions in order:

1. Literal Listener (L0):
   How would a listener interpret the utterance literally?
   Answer with a letter from a–d.

2. Informative Speaker (S1):
   Which utterance would an informative speaker be most likely to choose, given the situations described in the answer options, assuming that a listener interprets it literally?
   Answer with a letter from a–d.

3. Pragmatic Listener (L1):
   How would a listener interpret this utterance, knowing that the speaker is informative and chooses the most appropriate utterance for the situation described in the answer options?
   Answer with a letter from a–d.

Final Answer:
  Answer with a letter from a–d.","1. L0: a
2. S1: c
3. L1: c","['b', 'c', 'a', 'd']",1,A_I,"{'a': 1.4140625, 'b': 6.1875, 'c': 16.0, 'd': 6.5}","{'a': 4.627552243618993e-07, 'b': 5.47556446690578e-05, 'c': 0.9998699426651001, 'd': 7.484209345420823e-05}",0.9998699426651001,a,c,c,,"1. L0: a
2. S1: c
3. L1: c",,
C1_38_A_NI,C1_38,194,1,ambiguous,non-ironic,b,Booking the appointment was straightforward and effortless.,OLMo-2-7B,Condition1B_context_richness_stimuli,rsa,"You will read short stories that describe everyday situations and end with a person saying something.

For each story, there are 4 possible interpretations (a,b,c,d).

Context: He booked an appointment through a system which was easy to use.

Target utterance:
He says:  """"That was about as easy as it gets.""""

a. He always found parallel parking easy as it gets.
b. Booking the appointment was straightforward and effortless.
c. Booking the appointment was frustrating and difficult.
d. He decided to cancel the appointment.

Answer the following questions in order:

1. Literal Listener (L0):
   How would a listener interpret the utterance literally?
   Answer with a letter from a–d.

2. Informative Speaker (S1):
   Which utterance would an informative speaker be most likely to choose, given the situations described in the answer options, assuming that a listener interprets it literally?
   Answer with a letter from a–d.

3. Pragmatic Listener (L1):
   How would a listener interpret this utterance, knowing that the speaker is informative and chooses the most appropriate utterance for the situation described in the answer options?
   Answer with a letter from a–d.

Final Answer:
  Answer with a letter from a–d.","1. L0: b
2. S1: b
3. L1: b","['c', 'a', 'b', 'd']",1,A_NI,"{'a': -0.052490234375, 'b': 15.8125, 'c': 4.09375, 'd': 5.96875}","{'a': 1.2879401367626997e-07, 'b': 0.9999387264251709, 'c': 8.13926089904271e-06, 'd': 5.3074643801664934e-05}",0.9999387264251709,b,b,b,,"1. L0: b
2. S1: b
3. L1: b",,
C1_39_UA_I,C1_39,80,1,unambiguous,ironic,a,"Anyone could have done the task, no special abilities required.",OLMo-2-7B,Condition1B_context_richness_stimuli,rsa,"You will read short stories that describe everyday situations and end with a person saying something.

For each story, there are 4 possible interpretations (a,b,c,d).

Context: They finished a trivial task for their maths lesson.

Target utterance:
They say: """"We must be very smart.""""

a. Anyone could have done the task, no special abilities required.
b. They were always smart about managing their money.
c. They were given another task after the math lesson.
d. Completing the task was a genuine sign of intelligence.

Answer the following questions in order:

1. Literal Listener (L0):
   How would a listener interpret the utterance literally?
   Answer with a letter from a–d.

2. Informative Speaker (S1):
   Which utterance would an informative speaker be most likely to choose, given the situations described in the answer options, assuming that a listener interprets it literally?
   Answer with a letter from a–d.

3. Pragmatic Listener (L1):
   How would a listener interpret this utterance, knowing that the speaker is informative and chooses the most appropriate utterance for the situation described in the answer options?
   Answer with a letter from a–d.

Final Answer:
  Answer with a letter from a–d.","1. L0: d
2. S1: d
3. L1: d","['b', 'c', 'd', 'a']",1,UA_I,"{'a': -0.35546875, 'b': 3.9375, 'c': 3.578125, 'd': 16.75}","{'a': 3.7255233564792434e-08, 'b': 2.726465027080849e-06, 'c': 1.9033793705602875e-06, 'd': 0.9999953508377075}",0.9999953508377075,d,d,d,,"1. L0: d
2. S1: d
3. L1: d",,
C1_40_UA_NI,C1_40,145,1,unambiguous,non-ironic,b,Making the payment was a smooth and effortless experience.,OLMo-2-7B,Condition1B_context_richness_stimuli,rsa,"You will read short stories that describe everyday situations and end with a person saying something.

For each story, there are 4 possible interpretations (a,b,c,d).

Context: He made a payment through a website which was trivial to use.

Target utterance:
He says:  """"Technology at its finest.""""

a. Making the payment was complicated and painful.
b. Making the payment was a smooth and effortless experience.
c. He always thought the finest restaurants required a reservation.
d. He decided to cancel the payment altogether.

Answer the following questions in order:

1. Literal Listener (L0):
   How would a listener interpret the utterance literally?
   Answer with a letter from a–d.

2. Informative Speaker (S1):
   Which utterance would an informative speaker be most likely to choose, given the situations described in the answer options, assuming that a listener interprets it literally?
   Answer with a letter from a–d.

3. Pragmatic Listener (L1):
   How would a listener interpret this utterance, knowing that the speaker is informative and chooses the most appropriate utterance for the situation described in the answer options?
   Answer with a letter from a–d.

Final Answer:
  Answer with a letter from a–d.","1. L0: b
2. S1: b
3. L1: b","['b', 'a', 'c', 'd']",1,UA_NI,"{'a': 0.59375, 'b': 15.875, 'c': 3.546875, 'd': 4.90625}","{'a': 2.309021311930337e-07, 'b': 0.9999780654907227, 'c': 4.425413408171153e-06, 'd': 1.7231490346603096e-05}",0.9999780654907227,b,b,b,,"1. L0: b
2. S1: b
3. L1: b",,
C1_41_A_I,C1_41,206,1,ambiguous,ironic,b,Her kitchen was a mess.,OLMo-2-7B,Condition1B_context_richness_stimuli,rsa,"You will read short stories that describe everyday situations and end with a person saying something.

For each story, there are 4 possible interpretations (a,b,c,d).

Context: She finished cooking and the kitchen was dirty.

Target utterance:
She says: """"I'm the sort of person who likes to keep things tidy.""""

a. The apartment came with a fully equipped kitchen.
b. Her kitchen was a mess.
c. Children should regularly tidy up their rooms.
d. Her kitchen was tidy.

Answer the following questions in order:

1. Literal Listener (L0):
   How would a listener interpret the utterance literally?
   Answer with a letter from a–d.

2. Informative Speaker (S1):
   Which utterance would an informative speaker be most likely to choose, given the situations described in the answer options, assuming that a listener interprets it literally?
   Answer with a letter from a–d.

3. Pragmatic Listener (L1):
   How would a listener interpret this utterance, knowing that the speaker is informative and chooses the most appropriate utterance for the situation described in the answer options?
   Answer with a letter from a–d.

Final Answer:
  Answer with a letter from a–d.","1. L0: b
2. S1: b
3. L1: b","['d', 'b', 'c', 'a']",1,A_I,"{'a': 0.158203125, 'b': 15.625, 'c': 3.8125, 'd': 5.25}","{'a': 1.9179556431936362e-07, 'b': 0.9999611377716064, 'c': 7.411047135974513e-06, 'd': 3.120167457382195e-05}",0.9999611377716064,b,b,b,,"1. L0: b
2. S1: b
3. L1: b",,
C1_42_A_NI,C1_42,223,1,ambiguous,non-ironic,a,The room was tidied up well before it got too messy.,OLMo-2-7B,Condition1B_context_richness_stimuli,rsa,"You will read short stories that describe everyday situations and end with a person saying something.

For each story, there are 4 possible interpretations (a,b,c,d).

Context: They walked into the room and found it dirty.

Target utterance:
They said: ""“Looks like you didn’t wait too long to clean it.”""

a. The room was tidied up well before it got too messy.
b. They decided to book a different room altogether.
c. They never had to wait long for a table.
d. The room was left in a terrible state for far too long.

Answer the following questions in order:

1. Literal Listener (L0):
   How would a listener interpret the utterance literally?
   Answer with a letter from a–d.

2. Informative Speaker (S1):
   Which utterance would an informative speaker be most likely to choose, given the situations described in the answer options, assuming that a listener interprets it literally?
   Answer with a letter from a–d.

3. Pragmatic Listener (L1):
   How would a listener interpret this utterance, knowing that the speaker is informative and chooses the most appropriate utterance for the situation described in the answer options?
   Answer with a letter from a–d.

Final Answer:
  Answer with a letter from a–d.","1. L0: d
2. S1: d
3. L1: d","['a', 'd', 'c', 'b']",1,A_NI,"{'a': 0.0986328125, 'b': 4.46875, 'c': 3.875, 'd': 16.625}","{'a': 6.647928785241675e-08, 'b': 5.2553800742316525e-06, 'c': 2.902296500906232e-06, 'd': 0.999991774559021}",0.999991774559021,d,d,d,,"1. L0: d
2. S1: d
3. L1: d",,
C1_43_UA_I,C1_43,95,1,unambiguous,ironic,a,The street was far from pretty.,OLMo-2-7B,Condition1B_context_richness_stimuli,rsa,"You will read short stories that describe everyday situations and end with a person saying something.

For each story, there are 4 possible interpretations (a,b,c,d).

Context: The street was filthy.

Target utterance:
They say:  """"Such a beautiful walk.""""

a. The street was far from pretty.
b. They went for a walk in the park.
c. A dog was barking on the street.
d. The street was genuinely pleasant.

Answer the following questions in order:

1. Literal Listener (L0):
   How would a listener interpret the utterance literally?
   Answer with a letter from a–d.

2. Informative Speaker (S1):
   Which utterance would an informative speaker be most likely to choose, given the situations described in the answer options, assuming that a listener interprets it literally?
   Answer with a letter from a–d.

3. Pragmatic Listener (L1):
   How would a listener interpret this utterance, knowing that the speaker is informative and chooses the most appropriate utterance for the situation described in the answer options?
   Answer with a letter from a–d.

Final Answer:
  Answer with a letter from a–d.","1. L0: d
2. S1: d
3. L1: d","['b', 'c', 'd', 'a']",1,UA_I,"{'a': -0.2021484375, 'b': 4.4375, 'c': 3.109375, 'd': 16.875}","{'a': 3.832538197912072e-08, 'b': 3.9669816942478064e-06, 'c': 1.051145545716281e-06, 'd': 0.9999949932098389}",0.9999949932098389,d,d,d,,"1. L0: d
2. S1: d
3. L1: d",,
C1_44_UA_NI,C1_44,12,1,unambiguous,non-ironic,a,The floor was very clean.,OLMo-2-7B,Condition1B_context_richness_stimuli,rsa,"You will read short stories that describe everyday situations and end with a person saying something.

For each story, there are 4 possible interpretations (a,b,c,d).

Context: The floor was filthy.

Target utterance:
She says: """"You could practically eat off the floor here.""""

a. The floor was very clean.
b. She could eat a whole cake.
c. The dance floor was very empty.
d. The floor was very dirty.

Answer the following questions in order:

1. Literal Listener (L0):
   How would a listener interpret the utterance literally?
   Answer with a letter from a–d.

2. Informative Speaker (S1):
   Which utterance would an informative speaker be most likely to choose, given the situations described in the answer options, assuming that a listener interprets it literally?
   Answer with a letter from a–d.

3. Pragmatic Listener (L1):
   How would a listener interpret this utterance, knowing that the speaker is informative and chooses the most appropriate utterance for the situation described in the answer options?
   Answer with a letter from a–d.

Final Answer:
  Answer with a letter from a–d.","1. L0: d
2. S1: d
3. L1: d","['a', 'c', 'd', 'b']",1,UA_NI,"{'a': -0.05859375, 'b': 4.5625, 'c': 3.203125, 'd': 16.625}","{'a': 5.680729842083565e-08, 'b': 5.771911673946306e-06, 'c': 1.482349375692138e-06, 'd': 0.9999927282333374}",0.9999927282333374,d,d,d,,"1. L0: d
2. S1: d
3. L1: d",,
C1_45_A_I,C1_45,115,1,ambiguous,ironic,b,The movie wasn't amusing.,OLMo-2-7B,Condition1B_context_richness_stimuli,rsa,"You will read short stories that describe everyday situations and end with a person saying something.

For each story, there are 4 possible interpretations (a,b,c,d).

Context: They watched a funny movie.

Target utterance:
They say: """"That was the perfect movie for a laugh.""""

a. They saw three movies that week.
b. The movie wasn't amusing.
c. The movie was funny and great.
d. They had such a perfect night.

Answer the following questions in order:

1. Literal Listener (L0):
   How would a listener interpret the utterance literally?
   Answer with a letter from a–d.

2. Informative Speaker (S1):
   Which utterance would an informative speaker be most likely to choose, given the situations described in the answer options, assuming that a listener interprets it literally?
   Answer with a letter from a–d.

3. Pragmatic Listener (L1):
   How would a listener interpret this utterance, knowing that the speaker is informative and chooses the most appropriate utterance for the situation described in the answer options?
   Answer with a letter from a–d.

Final Answer:
  Answer with a letter from a–d.","1. L0: d
2. S1: d
3. L1: c","['d', 'b', 'a', 'c']",1,A_I,"{'a': 0.09130859375, 'b': 6.625, 'c': 15.3125, 'd': 14.3125}","{'a': 1.7923346717907407e-07, 'b': 0.0001233006187248975, 'c': 0.7309682965278625, 'd': 0.26890820264816284}",0.7309682965278625,d,d,c,,"1. L0: d
2. S1: d
3. L1: c",,
C1_46_A_NI,C1_46,36,1,ambiguous,non-ironic,a,The musical left her deeply moved.,OLMo-2-7B,Condition1B_context_richness_stimuli,rsa,"You will read short stories that describe everyday situations and end with a person saying something.

For each story, there are 4 possible interpretations (a,b,c,d).

Context: The musical she watched was really funny.

Target utterance:
She says: """"That cracked me up.""""

a. The musical left her deeply moved.
b. The joke cracked everyone up.
c. The musical was purely for laughs.
d. She answered some questions about the musical.

Answer the following questions in order:

1. Literal Listener (L0):
   How would a listener interpret the utterance literally?
   Answer with a letter from a–d.

2. Informative Speaker (S1):
   Which utterance would an informative speaker be most likely to choose, given the situations described in the answer options, assuming that a listener interprets it literally?
   Answer with a letter from a–d.

3. Pragmatic Listener (L1):
   How would a listener interpret this utterance, knowing that the speaker is informative and chooses the most appropriate utterance for the situation described in the answer options?
   Answer with a letter from a–d.

Final Answer:
  Answer with a letter from a–d.","1. L0: d
2. S1: d
3. L1: d","['a', 'c', 'b', 'd']",1,A_NI,"{'a': 0.1474609375, 'b': 5.28125, 'c': 5.5625, 'd': 17.0}","{'a': 4.797633224029596e-08, 'b': 8.13960468803998e-06, 'c': 1.0783223842736334e-05, 'd': 0.9999810457229614}",0.9999810457229614,d,d,d,,"1. L0: d
2. S1: d
3. L1: d",,
C1_47_UA_I,C1_47,79,1,unambiguous,ironic,a,The situation was far too serious.,OLMo-2-7B,Condition1B_context_richness_stimuli,rsa,"You will read short stories that describe everyday situations and end with a person saying something.

For each story, there are 4 possible interpretations (a,b,c,d).

Context: The situation was hilarious.

Target utterance:
She says: """"Truly something to laugh about.""""

a. The situation was far too serious.
b. She tried to make the best of the situation.
c. She always found it hard to laugh about things.
d. The situation was genuinely amusing.

Answer the following questions in order:

1. Literal Listener (L0):
   How would a listener interpret the utterance literally?
   Answer with a letter from a–d.

2. Informative Speaker (S1):
   Which utterance would an informative speaker be most likely to choose, given the situations described in the answer options, assuming that a listener interprets it literally?
   Answer with a letter from a–d.

3. Pragmatic Listener (L1):
   How would a listener interpret this utterance, knowing that the speaker is informative and chooses the most appropriate utterance for the situation described in the answer options?
   Answer with a letter from a–d.

Final Answer:
  Answer with a letter from a–d.","1. L0: d
2. S1: d
3. L1: d","['b', 'd', 'c', 'a']",1,UA_I,"{'a': -0.9375, 'b': 4.21875, 'c': 2.640625, 'd': 16.875}","{'a': 1.8370792886912568e-08, 'b': 3.1875633794697933e-06, 'c': 6.577908493454743e-07, 'd': 0.9999961853027344}",0.9999961853027344,d,d,d,,"1. L0: d
2. S1: d
3. L1: d",,
C1_48_UA_NI,C1_48,130,1,unambiguous,non-ironic,a,The talk contained humour.,OLMo-2-7B,Condition1B_context_richness_stimuli,rsa,"You will read short stories that describe everyday situations and end with a person saying something.

For each story, there are 4 possible interpretations (a,b,c,d).

Context: His talk was hilarious. 

Target utterance:
Hey says: """"Wow, so many jokes in one talk.""""

a. The talk contained humour.
b. He was a fan of old jokes.
c. He decided to cancel the talk.
d. The talk contained no humour.

Answer the following questions in order:

1. Literal Listener (L0):
   How would a listener interpret the utterance literally?
   Answer with a letter from a–d.

2. Informative Speaker (S1):
   Which utterance would an informative speaker be most likely to choose, given the situations described in the answer options, assuming that a listener interprets it literally?
   Answer with a letter from a–d.

3. Pragmatic Listener (L1):
   How would a listener interpret this utterance, knowing that the speaker is informative and chooses the most appropriate utterance for the situation described in the answer options?
   Answer with a letter from a–d.

Final Answer:
  Answer with a letter from a–d.","1. L0: a
2. S1: a
3. L1: a","['a', 'c', 'd', 'b']",1,UA_NI,"{'a': 14.875, 'b': 4.9375, 'c': 3.015625, 'd': 4.28125}","{'a': 0.9999196529388428, 'b': 4.832409103983082e-05, 'c': 7.071376785461325e-06, 'd': 2.5070208721444942e-05}",0.9999196529388428,a,a,a,,"1. L0: a
2. S1: a
3. L1: a",,
C1_49_A_I,C1_49,184,1,ambiguous,ironic,c,The airport experience was thoroughly unpleasant.,OLMo-2-7B,Condition1B_context_richness_stimuli,rsa,"You will read short stories that describe everyday situations and end with a person saying something.

For each story, there are 4 possible interpretations (a,b,c,d).

Context: He had a good experience at the airport.

Target utterance:
He says: """"A complete nightmare, really.""""

a. The airport experience was enjoyable.
b. He decided to book a different airport transfer.
c. The airport experience was thoroughly unpleasant.
d. He came back from his trip exhausted.

Answer the following questions in order:

1. Literal Listener (L0):
   How would a listener interpret the utterance literally?
   Answer with a letter from a–d.

2. Informative Speaker (S1):
   Which utterance would an informative speaker be most likely to choose, given the situations described in the answer options, assuming that a listener interprets it literally?
   Answer with a letter from a–d.

3. Pragmatic Listener (L1):
   How would a listener interpret this utterance, knowing that the speaker is informative and chooses the most appropriate utterance for the situation described in the answer options?
   Answer with a letter from a–d.

Final Answer:
  Answer with a letter from a–d.","1. L0: c
2. S1: c
3. L1: c","['a', 'd', 'b', 'c']",1,A_I,"{'a': 1.3046875, 'b': 5.375, 'c': 16.25, 'd': 6.125}","{'a': 3.230780976082315e-07, 'b': 1.892438558570575e-05, 'c': 0.9999407529830933, 'd': 4.006292510894127e-05}",0.9999407529830933,c,c,c,,"1. L0: c
2. S1: c
3. L1: c",,
C1_50_A_NI,C1_50,39,1,ambiguous,non-ironic,b,The exam results were impressive,OLMo-2-7B,Condition1B_context_richness_stimuli,rsa,"You will read short stories that describe everyday situations and end with a person saying something.

For each story, there are 4 possible interpretations (a,b,c,d).

Context: He studied hard for the exam, and the results were good.

Target utterance:
He says: """"Well, this is amazing.""""

a. He had one more exam this week.
b. The exam results were impressive
c. He always found art museums amazing.
d. The exam results were deeply disappointing.

Answer the following questions in order:

1. Literal Listener (L0):
   How would a listener interpret the utterance literally?
   Answer with a letter from a–d.

2. Informative Speaker (S1):
   Which utterance would an informative speaker be most likely to choose, given the situations described in the answer options, assuming that a listener interprets it literally?
   Answer with a letter from a–d.

3. Pragmatic Listener (L1):
   How would a listener interpret this utterance, knowing that the speaker is informative and chooses the most appropriate utterance for the situation described in the answer options?
   Answer with a letter from a–d.

Final Answer:
  Answer with a letter from a–d.","1. L0: b
2. S1: b
3. L1: b","['d', 'a', 'c', 'b']",1,A_NI,"{'a': -0.54296875, 'b': 15.625, 'c': 3.609375, 'd': 6.125}","{'a': 9.512730514416035e-08, 'b': 0.9999189376831055, 'c': 6.048464911145857e-06, 'd': 7.484576053684577e-05}",0.9999189376831055,b,b,b,,"1. L0: b
2. S1: b
3. L1: b",,
C1_51_UA_I,C1_51,42,1,unambiguous,ironic,b,They found the play entertaining.,OLMo-2-7B,Condition1B_context_richness_stimuli,rsa,"You will read short stories that describe everyday situations and end with a person saying something.

For each story, there are 4 possible interpretations (a,b,c,d).

Context: They left the play feeling excellent.

Target utterance:
They said:  """"That wasn't fun at all.""""

a. They had fun eating together.
b. They found the play entertaining.
c. They liked to watch a play in their favorite theatre.
d. They found the play dull.

Answer the following questions in order:

1. Literal Listener (L0):
   How would a listener interpret the utterance literally?
   Answer with a letter from a–d.

2. Informative Speaker (S1):
   Which utterance would an informative speaker be most likely to choose, given the situations described in the answer options, assuming that a listener interprets it literally?
   Answer with a letter from a–d.

3. Pragmatic Listener (L1):
   How would a listener interpret this utterance, knowing that the speaker is informative and chooses the most appropriate utterance for the situation described in the answer options?
   Answer with a letter from a–d.

Final Answer:
  Answer with a letter from a–d.","1. L0: d
2. S1: d
3. L1: d","['c', 'b', 'd', 'a']",1,UA_I,"{'a': -0.79296875, 'b': 4.3125, 'c': 3.203125, 'd': 16.75}","{'a': 2.405377230729755e-08, 'b': 3.966980784753105e-06, 'c': 1.3081714769214159e-06, 'd': 0.9999947547912598}",0.9999947547912598,d,d,d,,"1. L0: d
2. S1: d
3. L1: d",,
C1_52_UA_NI,C1_52,110,1,unambiguous,non-ironic,c,The rmeal was a genuinely enjoyable experience.,OLMo-2-7B,Condition1B_context_richness_stimuli,rsa,"You will read short stories that describe everyday situations and end with a person saying something.

For each story, there are 4 possible interpretations (a,b,c,d).

Context: She had an excellent meal at a restaurant.

Target utterance:
She says: """"That was a great restaurant visit.""""

a. She found the whole meal disappointing.
b. She wanted to try the meal for months.
c. The rmeal was a genuinely enjoyable experience.
d. She always enjoyed a restaurant visit before a big day out.

Answer the following questions in order:

1. Literal Listener (L0):
   How would a listener interpret the utterance literally?
   Answer with a letter from a–d.

2. Informative Speaker (S1):
   Which utterance would an informative speaker be most likely to choose, given the situations described in the answer options, assuming that a listener interprets it literally?
   Answer with a letter from a–d.

3. Pragmatic Listener (L1):
   How would a listener interpret this utterance, knowing that the speaker is informative and chooses the most appropriate utterance for the situation described in the answer options?
   Answer with a letter from a–d.

Final Answer:
  Answer with a letter from a–d.","1. L0: c
2. S1: c
3. L1: c","['b', 'd', 'a', 'c']",1,UA_NI,"{'a': 1.0546875, 'b': 5.6875, 'c': 16.25, 'd': 6.0625}","{'a': 2.5161233452308807e-07, 'b': 2.5866449504974298e-05, 'c': 0.9999362230300903, 'd': 3.7635461922036484e-05}",0.9999362230300903,c,c,c,,"1. L0: c
2. S1: c
3. L1: c",,
C1_53_A_I,C1_53,94,1,ambiguous,ironic,b,The ground was dried out.,OLMo-2-7B,Condition1B_context_richness_stimuli,rsa,"You will read short stories that describe everyday situations and end with a person saying something.

For each story, there are 4 possible interpretations (a,b,c,d).

Context: After the weather changed, the ground became wet.

Target utterance:
She says: """"Perfect conditions for a picnic..""""

a. She knelt in the mud to look closely at the earth.
b. The ground was dried out.
c. The ground was uneven where she stood.
d. The ground was moist and muddy after the rain.

Answer the following questions in order:

1. Literal Listener (L0):
   How would a listener interpret the utterance literally?
   Answer with a letter from a–d.

2. Informative Speaker (S1):
   Which utterance would an informative speaker be most likely to choose, given the situations described in the answer options, assuming that a listener interprets it literally?
   Answer with a letter from a–d.

3. Pragmatic Listener (L1):
   How would a listener interpret this utterance, knowing that the speaker is informative and chooses the most appropriate utterance for the situation described in the answer options?
   Answer with a letter from a–d.

Final Answer:
  Answer with a letter from a–d.","1. L0: d
2. S1: d
3. L1: d","['c', 'b', 'd', 'a']",1,A_I,"{'a': 0.1806640625, 'b': 5.0625, 'c': 4.4375, 'd': 17.125}","{'a': 4.376878592893263e-08, 'b': 5.7719021242519375e-06, 'c': 3.089476422246662e-06, 'd': 0.9999910593032837}",0.9999910593032837,d,d,d,,"1. L0: d
2. S1: d
3. L1: d",,
C1_54_A_NI,C1_54,141,1,ambiguous,non-ironic,a,The garden was struggling without any water.,OLMo-2-7B,Condition1B_context_richness_stimuli,rsa,"You will read short stories that describe everyday situations and end with a person saying something.

For each story, there are 4 possible interpretations (a,b,c,d).

Context: The garden was wet in the morning.

Target utterance:
They said: """"That’s enough water for the day.""""

a. The garden was struggling without any water.
b. The garden was just watered and needed to dry out.
c. They wanted a new water feature.
d. They played some boardgames in the garden.

Answer the following questions in order:

1. Literal Listener (L0):
   How would a listener interpret the utterance literally?
   Answer with a letter from a–d.

2. Informative Speaker (S1):
   Which utterance would an informative speaker be most likely to choose, given the situations described in the answer options, assuming that a listener interprets it literally?
   Answer with a letter from a–d.

3. Pragmatic Listener (L1):
   How would a listener interpret this utterance, knowing that the speaker is informative and chooses the most appropriate utterance for the situation described in the answer options?
   Answer with a letter from a–d.

Final Answer:
  Answer with a letter from a–d.","1. L0: b
2. S1: b
3. L1: b","['a', 'b', 'c', 'd']",1,A_NI,"{'a': 0.53515625, 'b': 16.0, 'c': 4.4375, 'd': 6.5}","{'a': 1.9216173541281023e-07, 'b': 0.999915361404419, 'c': 9.51553647610126e-06, 'd': 7.484549132641405e-05}",0.999915361404419,b,b,b,,"1. L0: b
2. S1: b
3. L1: b",,
C1_55_UA_I,C1_55,108,1,unambiguous,ironic,c,The plants had been wilting due to lack of water.,OLMo-2-7B,Condition1B_context_richness_stimuli,rsa,"You will read short stories that describe everyday situations and end with a person saying something.

For each story, there are 4 possible interpretations (a,b,c,d).

Context: The field was soaked.

Target utterance:
He says: """"Terrible news for anything trying to grow..""""

a. He had been reading about different farming techniques.
b. He was considering buying a new tractor.
c. The plants had been wilting due to lack of water.
d. The plants had been getting plenty of moisture to grow.

Answer the following questions in order:

1. Literal Listener (L0):
   How would a listener interpret the utterance literally?
   Answer with a letter from a–d.

2. Informative Speaker (S1):
   Which utterance would an informative speaker be most likely to choose, given the situations described in the answer options, assuming that a listener interprets it literally?
   Answer with a letter from a–d.

3. Pragmatic Listener (L1):
   How would a listener interpret this utterance, knowing that the speaker is informative and chooses the most appropriate utterance for the situation described in the answer options?
   Answer with a letter from a–d.

Final Answer:
  Answer with a letter from a–d.","1. L0: d
2. S1: d
3. L1: d","['c', 'd', 'b', 'a']",1,UA_I,"{'a': 0.359375, 'b': 4.8125, 'c': 4.71875, 'd': 17.125}","{'a': 5.233327016185285e-08, 'b': 4.4951630115974694e-06, 'c': 4.0928925955086015e-06, 'd': 0.9999914169311523}",0.9999914169311523,d,d,d,,"1. L0: d
2. S1: d
3. L1: d",,
C1_56_UA_NI,C1_56,101,1,unambiguous,non-ironic,a,Her hair was soaking wet.,OLMo-2-7B,Condition1B_context_richness_stimuli,rsa,"You will read short stories that describe everyday situations and end with a person saying something.

For each story, there are 4 possible interpretations (a,b,c,d).

Context: She saw her soaked hair.

Target utterance:
She said: """"The rain really caught me by surprise.""""

a. Her hair was soaking wet.
b. Her hair was completely dry.
c. She had her hair cut short last week.
d. They organised a surprise party for him.

Answer the following questions in order:

1. Literal Listener (L0):
   How would a listener interpret the utterance literally?
   Answer with a letter from a–d.

2. Informative Speaker (S1):
   Which utterance would an informative speaker be most likely to choose, given the situations described in the answer options, assuming that a listener interprets it literally?
   Answer with a letter from a–d.

3. Pragmatic Listener (L1):
   How would a listener interpret this utterance, knowing that the speaker is informative and chooses the most appropriate utterance for the situation described in the answer options?
   Answer with a letter from a–d.

Final Answer:
  Answer with a letter from a–d.","1. L0: a
2. S1: a
3. L1: a","['a', 'b', 'd', 'c']",1,UA_NI,"{'a': 14.9375, 'b': 4.90625, 'c': 2.421875, 'd': 3.25}","{'a': 0.9999439716339111, 'b': 4.4000655179843307e-05, 'c': 3.6686712974187685e-06, 'd': 8.397671990678646e-06}",0.9999439716339111,a,a,a,,"1. L0: a
2. S1: a
3. L1: a",,
C1_57_A_I,C1_57,23,1,ambiguous,ironic,b,I thought the outfit was ugly.,OLMo-2-7B,Condition1B_context_richness_stimuli,rsa,"You will read short stories that describe everyday situations and end with a person saying something.

For each story, there are 4 possible interpretations (a,b,c,d).

Context: I wore a pretty outfit to attend the award ceremony.

Target utterance:
I say: """"I really didn't try at all today.""""

a. I admired the outfit.
b. I thought the outfit was ugly.
c. The comedians on the stage enjoyed themselves.
d. I received an amazing award.

Answer the following questions in order:

1. Literal Listener (L0):
   How would a listener interpret the utterance literally?
   Answer with a letter from a–d.

2. Informative Speaker (S1):
   Which utterance would an informative speaker be most likely to choose, given the situations described in the answer options, assuming that a listener interprets it literally?
   Answer with a letter from a–d.

3. Pragmatic Listener (L1):
   How would a listener interpret this utterance, knowing that the speaker is informative and chooses the most appropriate utterance for the situation described in the answer options?
   Answer with a letter from a–d.

Final Answer:
  Answer with a letter from a–d.","1. L0: d
2. S1: d
3. L1: d","['a', 'b', 'd', 'c']",1,A_I,"{'a': 0.040283203125, 'b': 4.78125, 'c': 4.09375, 'd': 16.875}","{'a': 4.883955995182987e-08, 'b': 5.594321919488721e-06, 'c': 2.813001401591464e-06, 'd': 0.9999915361404419}",0.9999915361404419,d,d,d,,"1. L0: d
2. S1: d
3. L1: d",,
C1_58_A_NI,C1_58,33,1,ambiguous,non-ironic,d,She admired the car.,OLMo-2-7B,Condition1B_context_richness_stimuli,rsa,"You will read short stories that describe everyday situations and end with a person saying something.

For each story, there are 4 possible interpretations (a,b,c,d).

Context: She saw a pretty car on the street.

Target utterance:
She says: """"That’s a real beauty.""""

a. She thought the painting was beautiful.
b. She had booked a car.
c. She thought the car was ugly.
d. She admired the car.

Answer the following questions in order:

1. Literal Listener (L0):
   How would a listener interpret the utterance literally?
   Answer with a letter from a–d.

2. Informative Speaker (S1):
   Which utterance would an informative speaker be most likely to choose, given the situations described in the answer options, assuming that a listener interprets it literally?
   Answer with a letter from a–d.

3. Pragmatic Listener (L1):
   How would a listener interpret this utterance, knowing that the speaker is informative and chooses the most appropriate utterance for the situation described in the answer options?
   Answer with a letter from a–d.

Final Answer:
  Answer with a letter from a–d.","1. L0: d
2. S1: d
3. L1: d","['c', 'd', 'b', 'a']",1,A_NI,"{'a': -0.09033203125, 'b': 4.6875, 'c': 3.625, 'd': 17.25}","{'a': 2.945692578748549e-08, 'b': 3.500849970805575e-06, 'c': 1.209861352435837e-06, 'd': 0.999995231628418}",0.999995231628418,d,d,d,,"1. L0: d
2. S1: d
3. L1: d",,
C1_59_UA_I,C1_59,175,1,unambiguous,ironic,c,The painting was genuinely beautiful.,OLMo-2-7B,Condition1B_context_richness_stimuli,rsa,"You will read short stories that describe everyday situations and end with a person saying something.

For each story, there are 4 possible interpretations (a,b,c,d).

Context: He looked at a stunning painting.

Target utterance:
He said: """"That's hard to look at.""""

a. He gave her a stern look.
b. The painting was genuinely ugly.
c. The painting was genuinely beautiful.
d. They spent the weekend for this painting.

Answer the following questions in order:

1. Literal Listener (L0):
   How would a listener interpret the utterance literally?
   Answer with a letter from a–d.

2. Informative Speaker (S1):
   Which utterance would an informative speaker be most likely to choose, given the situations described in the answer options, assuming that a listener interprets it literally?
   Answer with a letter from a–d.

3. Pragmatic Listener (L1):
   How would a listener interpret this utterance, knowing that the speaker is informative and chooses the most appropriate utterance for the situation described in the answer options?
   Answer with a letter from a–d.

Final Answer:
  Answer with a letter from a–d.","1. L0: d
2. S1: d
3. L1: d","['c', 'a', 'b', 'd']",1,UA_I,"{'a': 0.322265625, 'b': 5.34375, 'c': 5.5, 'd': 17.0}","{'a': 5.714047190963356e-08, 'b': 8.664565939398017e-06, 'c': 1.0129902875632979e-05, 'd': 0.999981164932251}",0.999981164932251,d,d,d,,"1. L0: d
2. S1: d
3. L1: d",,
C1_60_UA_NI,C1_60,19,1,unambiguous,non-ironic,a,They thought the bird was beautiful.,OLMo-2-7B,Condition1B_context_richness_stimuli,rsa,"You will read short stories that describe everyday situations and end with a person saying something.

For each story, there are 4 possible interpretations (a,b,c,d).

Context: They saw a stunning bird.

Target utterance:
They said: """"A real eye-catcher.""""

a. They thought the bird was beautiful.
b. They had a great time on a trip.
c. They thought the bird was not beautiful.
d. The bird looked at them really closely.

Answer the following questions in order:

1. Literal Listener (L0):
   How would a listener interpret the utterance literally?
   Answer with a letter from a–d.

2. Informative Speaker (S1):
   Which utterance would an informative speaker be most likely to choose, given the situations described in the answer options, assuming that a listener interprets it literally?
   Answer with a letter from a–d.

3. Pragmatic Listener (L1):
   How would a listener interpret this utterance, knowing that the speaker is informative and chooses the most appropriate utterance for the situation described in the answer options?
   Answer with a letter from a–d.

Final Answer:
  Answer with a letter from a–d.","1. L0: a
2. S1: a
3. L1: a","['a', 'd', 'b', 'c']",1,UA_NI,"{'a': 15.0, 'b': 4.90625, 'c': 3.140625, 'd': 3.5625}","{'a': 0.9999408721923828, 'b': 4.1334660636493936e-05, 'c': 7.071526852087118e-06, 'd': 1.078279092325829e-05}",0.9999408721923828,a,a,a,,"1. L0: a
2. S1: a
3. L1: a",,
C1_61_A_I,C1_61,85,1,ambiguous,ironic,a,The kettle was expensive.,OLMo-2-7B,Condition1B_context_richness_stimuli,rsa,"You will read short stories that describe everyday situations and end with a person saying something.

For each story, there are 4 possible interpretations (a,b,c,d).

Context: I found a nice kettle which was expensive.

Target utterance:
I said: """"What a steal.""""

a. The kettle was expensive.
b. A thief tried to steal my bag.
c. The kettle was a real bargain.
d. The kettle boiled over..

Answer the following questions in order:

1. Literal Listener (L0):
   How would a listener interpret the utterance literally?
   Answer with a letter from a–d.

2. Informative Speaker (S1):
   Which utterance would an informative speaker be most likely to choose, given the situations described in the answer options, assuming that a listener interprets it literally?
   Answer with a letter from a–d.

3. Pragmatic Listener (L1):
   How would a listener interpret this utterance, knowing that the speaker is informative and chooses the most appropriate utterance for the situation described in the answer options?
   Answer with a letter from a–d.

Final Answer:
  Answer with a letter from a–d.","1. L0: d
2. S1: a
3. L1: a","['b', 'c', 'a', 'd']",1,A_I,"{'a': 15.0, 'b': 6.03125, 'c': 4.25, 'd': 9.4375}","{'a': 0.996027946472168, 'b': 0.00012682149827014655, 'c': 2.136022703780327e-05, 'd': 0.003823916893452406}",0.996027946472168,d,a,a,,"1. L0: d
2. S1: a
3. L1: a",,
C1_62_A_NI,C1_62,13,1,ambiguous,non-ironic,b,The vase was worth a lot of money.,OLMo-2-7B,Condition1B_context_richness_stimuli,rsa,"You will read short stories that describe everyday situations and end with a person saying something.

For each story, there are 4 possible interpretations (a,b,c,d).

Context: He broke an expensive vase.


Target utterance:
He said: """"Well, there goes a priceless treasure""""

a. The experience of breaking the vase was worth it.
b. The vase was worth a lot of money.
c. He went on a hike and picked up flowers.
d. The vase was not pricy.

Answer the following questions in order:

1. Literal Listener (L0):
   How would a listener interpret the utterance literally?
   Answer with a letter from a–d.

2. Informative Speaker (S1):
   Which utterance would an informative speaker be most likely to choose, given the situations described in the answer options, assuming that a listener interprets it literally?
   Answer with a letter from a–d.

3. Pragmatic Listener (L1):
   How would a listener interpret this utterance, knowing that the speaker is informative and chooses the most appropriate utterance for the situation described in the answer options?
   Answer with a letter from a–d.

Final Answer:
  Answer with a letter from a–d.","1. L0: b
2. S1: b
3. L1: b","['c', 'a', 'd', 'b']",1,A_NI,"{'a': 0.32421875, 'b': 15.875, 'c': 4.15625, 'd': 5.78125}","{'a': 1.7634371829444717e-07, 'b': 0.9999504089355469, 'c': 8.139355486491695e-06, 'd': 4.133505717618391e-05}",0.9999504089355469,b,b,b,,"1. L0: b
2. S1: b
3. L1: b",,
C1_63_UA_I,C1_63,189,1,unambiguous,ironic,b,The perfume was not pricy.,OLMo-2-7B,Condition1B_context_richness_stimuli,rsa,"You will read short stories that describe everyday situations and end with a person saying something.

For each story, there are 4 possible interpretations (a,b,c,d).

Context: She was wearing overpriced perfume.

Target utterance:
She said: """"Smells like it's from a gas station.""""

a. The perfume was pricy.
b. The perfume was not pricy.
c. The fragrance label was worth reading.
d. The ocean was calm and quiet.

Answer the following questions in order:

1. Literal Listener (L0):
   How would a listener interpret the utterance literally?
   Answer with a letter from a–d.

2. Informative Speaker (S1):
   Which utterance would an informative speaker be most likely to choose, given the situations described in the answer options, assuming that a listener interprets it literally?
   Answer with a letter from a–d.

3. Pragmatic Listener (L1):
   How would a listener interpret this utterance, knowing that the speaker is informative and chooses the most appropriate utterance for the situation described in the answer options?
   Answer with a letter from a–d.

Final Answer:
  Answer with a letter from a–d.","1. L0: b
2. S1: b
3. L1: b","['a', 'b', 'c', 'd']",1,UA_I,"{'a': -0.06494140625, 'b': 15.4375, 'c': 3.0625, 'd': 3.34375}","{'a': 1.8508487187318678e-07, 'b': 0.9999899864196777, 'c': 4.2228089114360046e-06, 'd': 5.594313279289054e-06}",0.9999899864196777,b,b,b,,"1. L0: b
2. S1: b
3. L1: b",,
C1_64_UA_NI,C1_64,285,1,unambiguous,non-ironic,a,The bag was worth a lot.,OLMo-2-7B,Condition1B_context_richness_stimuli,rsa,"You will read short stories that describe everyday situations and end with a person saying something.

For each story, there are 4 possible interpretations (a,b,c,d).

Context: She got an overpriced bag.

Target utterance:
She said: """"Looks like a real designer piece.""""

a. The bag was worth a lot.
b. She liked to wear that designer piece.
c. She had dark bags under her eyes.
d. The bag was worth very little.

Answer the following questions in order:

1. Literal Listener (L0):
   How would a listener interpret the utterance literally?
   Answer with a letter from a–d.

2. Informative Speaker (S1):
   Which utterance would an informative speaker be most likely to choose, given the situations described in the answer options, assuming that a listener interprets it literally?
   Answer with a letter from a–d.

3. Pragmatic Listener (L1):
   How would a listener interpret this utterance, knowing that the speaker is informative and chooses the most appropriate utterance for the situation described in the answer options?
   Answer with a letter from a–d.

Final Answer:
  Answer with a letter from a–d.","1. L0: d
2. S1: d
3. L1: d","['a', 'c', 'd', 'b']",1,UA_NI,"{'a': -0.310546875, 'b': 4.25, 'c': 3.140625, 'd': 16.875}","{'a': 3.4388236258564575e-08, 'b': 3.288745347163058e-06, 'c': 1.0845130873349262e-06, 'd': 0.9999955892562866}",0.9999955892562866,d,d,d,,"1. L0: d
2. S1: d
3. L1: d",,
C1_65_A_I,C1_65,61,1,ambiguous,ironic,d,The house felt spacious and huge.,OLMo-2-7B,Condition1B_context_richness_stimuli,rsa,"You will read short stories that describe everyday situations and end with a person saying something.

For each story, there are 4 possible interpretations (a,b,c,d).

Context: They moved into a big house.

Target utterance:
They said: """"You can barely turn around in here.""""

a. The house was red and blue.
b. They made a sharp turn at the end of the road.
c. The house felt cramped and tiny.
d. The house felt spacious and huge.

Answer the following questions in order:

1. Literal Listener (L0):
   How would a listener interpret the utterance literally?
   Answer with a letter from a–d.

2. Informative Speaker (S1):
   Which utterance would an informative speaker be most likely to choose, given the situations described in the answer options, assuming that a listener interprets it literally?
   Answer with a letter from a–d.

3. Pragmatic Listener (L1):
   How would a listener interpret this utterance, knowing that the speaker is informative and chooses the most appropriate utterance for the situation described in the answer options?
   Answer with a letter from a–d.

Final Answer:
  Answer with a letter from a–d.","1. L0: d
2. S1: d
3. L1: d","['d', 'c', 'a', 'b']",1,A_I,"{'a': -0.024169921875, 'b': 4.875, 'c': 5.1875, 'd': 17.125}","{'a': 3.566195871940181e-08, 'b': 4.785063083545538e-06, 'c': 6.540406047861325e-06, 'd': 0.9999886751174927}",0.9999886751174927,d,d,d,,"1. L0: d
2. S1: d
3. L1: d",,
C1_66_A_NI,C1_66,149,1,ambiguous,non-ironic,c,They thought the concert was huge.,OLMo-2-7B,Condition1B_context_richness_stimuli,rsa,"You will read short stories that describe everyday situations and end with a person saying something.

For each story, there are 4 possible interpretations (a,b,c,d).

Context: They attended a concert at a big venue.

Target utterance:
They said: """"What a massive event.""""

a. They liked go to concerts.
b. They organized a massive event for dating.
c. They thought the concert was huge.
d. They thought the concert was small.

Answer the following questions in order:

1. Literal Listener (L0):
   How would a listener interpret the utterance literally?
   Answer with a letter from a–d.

2. Informative Speaker (S1):
   Which utterance would an informative speaker be most likely to choose, given the situations described in the answer options, assuming that a listener interprets it literally?
   Answer with a letter from a–d.

3. Pragmatic Listener (L1):
   How would a listener interpret this utterance, knowing that the speaker is informative and chooses the most appropriate utterance for the situation described in the answer options?
   Answer with a letter from a–d.

Final Answer:
  Answer with a letter from a–d.","1. L0: c. They thought the concert was huge.
2. S1: c. They thought the concert was huge.
3. L1: c. They thought the concert was huge.","['d', 'c', 'a', 'b']",1,A_NI,"{'a': 0.10400390625, 'b': 5.1875, 'c': 15.9375, 'd': 6.75}","{'a': 1.3290649292230228e-07, 'b': 2.1442752768052742e-05, 'c': 0.9998761415481567, 'd': 0.00010229765030089766}",0.9998761415481567,c,c,c,,"1. L0: c. They thought the concert was huge.
2. S1: c. They thought the concert was huge.
3. L1: c. They thought the concert was huge.",,
C1_67_UA_I,C1_67,193,1,unambiguous,ironic,b,She thought the spider was huge.,OLMo-2-7B,Condition1B_context_richness_stimuli,rsa,"You will read short stories that describe everyday situations and end with a person saying something.

For each story, there are 4 possible interpretations (a,b,c,d).

Context: She spotted a enormous spider.

Target utterance:
She said: """"Almost didn't see it.""""

a. She thought the spider was tiny.
b. She thought the spider was huge.
c. She went to see her doctor on Monday.
d. She drew a spider diagram to plan her essay.

Answer the following questions in order:

1. Literal Listener (L0):
   How would a listener interpret the utterance literally?
   Answer with a letter from a–d.

2. Informative Speaker (S1):
   Which utterance would an informative speaker be most likely to choose, given the situations described in the answer options, assuming that a listener interprets it literally?
   Answer with a letter from a–d.

3. Pragmatic Listener (L1):
   How would a listener interpret this utterance, knowing that the speaker is informative and chooses the most appropriate utterance for the situation described in the answer options?
   Answer with a letter from a–d.

Final Answer:
  Answer with a letter from a–d.","1. L0: b
2. S1: b
3. L1: b","['a', 'b', 'c', 'd']",1,UA_I,"{'a': -0.1748046875, 'b': 15.5, 'c': 3.59375, 'd': 5.71875}","{'a': 1.557726818646188e-07, 'b': 0.999936580657959, 'c': 6.747668976458954e-06, 'd': 5.649754166370258e-05}",0.999936580657959,b,b,b,,"1. L0: b
2. S1: b
3. L1: b",,
C1_68_UA_NI,C1_68,34,1,unambiguous,non-ironic,b,I thought the dog was huge.,OLMo-2-7B,Condition1B_context_richness_stimuli,rsa,"You will read short stories that describe everyday situations and end with a person saying something.

For each story, there are 4 possible interpretations (a,b,c,d).

Context: I met an enormous dog.

Target utterance:
I said: """"He could swallow me whole.""""

a. I swallowed a pill.
b. I thought the dog was huge.
c. The dog wore a collar.
d. I thought the dog was small.

Answer the following questions in order:

1. Literal Listener (L0):
   How would a listener interpret the utterance literally?
   Answer with a letter from a–d.

2. Informative Speaker (S1):
   Which utterance would an informative speaker be most likely to choose, given the situations described in the answer options, assuming that a listener interprets it literally?
   Answer with a letter from a–d.

3. Pragmatic Listener (L1):
   How would a listener interpret this utterance, knowing that the speaker is informative and chooses the most appropriate utterance for the situation described in the answer options?
   Answer with a letter from a–d.

Final Answer:
  Answer with a letter from a–d.","1. L0: b
2. S1: b
3. L1: b","['c', 'a', 'd', 'b']",1,UA_NI,"{'a': -0.55078125, 'b': 15.875, 'c': 3.390625, 'd': 5.96875}","{'a': 7.351069086780626e-08, 'b': 0.9999462366104126, 'c': 3.7851359593332745e-06, 'd': 4.9859387218020856e-05}",0.9999462366104126,b,b,b,,"1. L0: b
2. S1: b
3. L1: b",,
C1_69_A_I,C1_69,88,1,ambiguous,ironic,d,The pool was super warm.,OLMo-2-7B,Condition1B_context_richness_stimuli,rsa,"You will read short stories that describe everyday situations and end with a person saying something.

For each story, there are 4 possible interpretations (a,b,c,d).

Context: She jumped into a warm pool.

Target utterance:
She said:  """"One could catch a cold in here.""""

a. She liked to chill on that sofa after work.
b. The pool was super cold.
c. She played a game of pool in the bar.
d. The pool was super warm.

Answer the following questions in order:

1. Literal Listener (L0):
   How would a listener interpret the utterance literally?
   Answer with a letter from a–d.

2. Informative Speaker (S1):
   Which utterance would an informative speaker be most likely to choose, given the situations described in the answer options, assuming that a listener interprets it literally?
   Answer with a letter from a–d.

3. Pragmatic Listener (L1):
   How would a listener interpret this utterance, knowing that the speaker is informative and chooses the most appropriate utterance for the situation described in the answer options?
   Answer with a letter from a–d.

Final Answer:
  Answer with a letter from a–d.","1. L0: d
2. S1: d
3. L1: d","['c', 'a', 'd', 'b']",1,A_I,"{'a': 0.0859375, 'b': 4.78125, 'c': 3.875, 'd': 17.125}","{'a': 3.981314833367833e-08, 'b': 4.356872068456141e-06, 'c': 1.760335408107494e-06, 'd': 0.9999938011169434}",0.9999938011169434,d,d,d,,"1. L0: d
2. S1: d
3. L1: d",,
C1_70_A_NI,C1_70,160,1,ambiguous,non-ironic,b,The weather conditions were perfect.,OLMo-2-7B,Condition1B_context_richness_stimuli,rsa,"You will read short stories that describe everyday situations and end with a person saying something.

For each story, there are 4 possible interpretations (a,b,c,d).

Context: He went to the beach, and the weather was warm.

Target utterance:
He said: """"Couldn't have asked for better weather.""""

a. The weather conditions were awful.
b. The weather conditions were perfect.
c. He meant to harvest the houseplants, but forgot about it.
d. The delivery driver arrived in heavy rain.

Answer the following questions in order:

1. Literal Listener (L0):
   How would a listener interpret the utterance literally?
   Answer with a letter from a–d.

2. Informative Speaker (S1):
   Which utterance would an informative speaker be most likely to choose, given the situations described in the answer options, assuming that a listener interprets it literally?
   Answer with a letter from a–d.

3. Pragmatic Listener (L1):
   How would a listener interpret this utterance, knowing that the speaker is informative and chooses the most appropriate utterance for the situation described in the answer options?
   Answer with a letter from a–d.

Final Answer:
  Answer with a letter from a–d.","1. L0: b
2. S1: b
3. L1: b","['b', 'a', 'd', 'c']",1,A_NI,"{'a': 0.78515625, 'b': 16.125, 'c': 4.21875, 'd': 6.71875}","{'a': 2.1774677350094862e-07, 'b': 0.9999107122421265, 'c': 6.747494353476213e-06, 'd': 8.220130985137075e-05}",0.9999107122421265,b,b,b,,"1. L0: b
2. S1: b
3. L1: b",,
C1_71_UA_I,C1_71,154,1,unambiguous,ironic,d,The room was really warm.,OLMo-2-7B,Condition1B_context_richness_stimuli,rsa,"You will read short stories that describe everyday situations and end with a person saying something.

For each story, there are 4 possible interpretations (a,b,c,d).

Context: I walked into a hot room. 

Target utterance:
I said:  """"Feels like the North Pole in here.""""

a. I leaned the fishing pole against the wall.
b. There wasn't enough room in the car for everyone.
c. The room was freezing cold.
d. The room was really warm.

Answer the following questions in order:

1. Literal Listener (L0):
   How would a listener interpret the utterance literally?
   Answer with a letter from a–d.

2. Informative Speaker (S1):
   Which utterance would an informative speaker be most likely to choose, given the situations described in the answer options, assuming that a listener interprets it literally?
   Answer with a letter from a–d.

3. Pragmatic Listener (L1):
   How would a listener interpret this utterance, knowing that the speaker is informative and chooses the most appropriate utterance for the situation described in the answer options?
   Answer with a letter from a–d.

Final Answer:
  Answer with a letter from a–d.","1. L0: d
2. S1: d
3. L1: d","['c', 'd', 'a', 'b']",1,UA_I,"{'a': 0.11572265625, 'b': 4.5625, 'c': 3.703125, 'd': 17.0}","{'a': 4.647817064551418e-08, 'b': 3.966978965763701e-06, 'c': 1.6797245052657672e-06, 'd': 0.9999942779541016}",0.9999942779541016,d,d,d,,"1. L0: d
2. S1: d
3. L1: d",,
C1_72_UA_NI,C1_72,5,1,unambiguous,non-ironic,d,Her coffee was delicious.,OLMo-2-7B,Condition1B_context_richness_stimuli,rsa,"You will read short stories that describe everyday situations and end with a person saying something.

For each story, there are 4 possible interpretations (a,b,c,d).

Context: She took a sip of the hot coffee.

Target utterance:
She said: """"This is what freshly made coffee tastes like.""""

a. She did an experiment in health science.
b. Her coffee tasted like fresh mint.
c. Her coffee did not taste good.
d. Her coffee was delicious.

Answer the following questions in order:

1. Literal Listener (L0):
   How would a listener interpret the utterance literally?
   Answer with a letter from a–d.

2. Informative Speaker (S1):
   Which utterance would an informative speaker be most likely to choose, given the situations described in the answer options, assuming that a listener interprets it literally?
   Answer with a letter from a–d.

3. Pragmatic Listener (L1):
   How would a listener interpret this utterance, knowing that the speaker is informative and chooses the most appropriate utterance for the situation described in the answer options?
   Answer with a letter from a–d.

Final Answer:
  Answer with a letter from a–d.","1. L0: d
2. S1: d
3. L1: d","['d', 'c', 'b', 'a']",1,UA_NI,"{'a': -0.2412109375, 'b': 4.5625, 'c': 3.890625, 'd': 17.25}","{'a': 2.5331541309014938e-08, 'b': 3.0894896099198377e-06, 'c': 1.5779568229845609e-06, 'd': 0.9999953508377075}",0.9999953508377075,d,d,d,,"1. L0: d
2. S1: d
3. L1: d",,
