Item_ID,base_item,presentation_order,seed,context_level,irony_label,correct_option_pos,correct_option_text,model,dataset,prompt_type,prompt,output,original_option_mapping,run,condition,option_logits_raw,confidence_dist,confidence_top_prob,rsa_l0,rsa_s1,rsa_l1,rsa_final,rsa_raw_text,chosen_option,chosen_original_option
C1_01_UA_NI,C1_01,255,1,unambiguous,non-ironic,a,The cat was easy to lift up.,Gpt2-1.5B,Condition1B_context_richness_stimuli,rsa,"You will read short stories that describe everyday situations and end with a person saying something.

For each story, there are 4 possible interpretations (a,b,c,d).

Context: He lifted the skinny cat from the table.

Target utterance:
He said:  """"That was easy!""""

a. The cat was easy to lift up.
b. He just got a great deal on a cat bed.
c. The exam was really easy.
d. The cat was really hard to lift up.

Answer the following questions in order:

1. Literal Listener (L0):
   How would a listener interpret the utterance literally?
   Answer with a letter from a–d.

2. Informative Speaker (S1):
   Which utterance would an informative speaker be most likely to choose, given the situations described in the answer options, assuming that a listener interprets it literally?
   Answer with a letter from a–d.

3. Pragmatic Listener (L1):
   How would a listener interpret this utterance, knowing that the speaker is informative and chooses the most appropriate utterance for the situation described in the answer options?
   Answer with a letter from a–d.

Final Answer:
  Answer with a letter from a–d.","

You have just completed the first of three assignments. Each assignment will be based on a different story.

The first assignment is a story about a girl named Jessica.

She is studying for her final exam in high school. She is worried that she will fail it.

Jessica's friends, the girls, all want to help her. They have all read the same story about a girl named Jessica.

Jessica's friends are all worried about her and all want to help her.

Jessica's friends are worried about her and they want to help her.

Jessica's friends are worried about her and they all want to help her.

Jessica's friends are worried about her and she wants to help","['a', 'd', 'c', 'b']",4,UA_NI,"{'a': 7.75, 'b': 5.40625, 'c': 5.4375, 'd': 5.28125}","{'a': 0.7814507484436035, 'b': 0.0749935507774353, 'c': 0.07737410068511963, 'd': 0.06618157774209976}",0.7814507484436035,,,,,"You have just completed the first of three assignments. Each assignment will be based on a different story.

The first assignment is a story about a girl named Jessica.

She is studying for her final exam in high school. She is worried that she will fail it.

Jessica's friends, the girls, all want to help her. They have all read the same story about a girl named Jessica.

Jessica's friends are all worried about her and all want to help her.

Jessica's friends are worried about her and they want to help her.

Jessica's friends are worried about her and they all want to help her.

Jessica's friends are worried about her and she wants to help",,
C1_02_A_I,C1_02,51,1,ambiguous,ironic,c,The dog was very light to lift.,Gpt2-1.5B,Condition1B_context_richness_stimuli,rsa,"You will read short stories that describe everyday situations and end with a person saying something.

For each story, there are 4 possible interpretations (a,b,c,d).

Context: She picked up her thin dog.

Target utterance:
She said: """"Heaviest dog ever.""""

a. She just adopted a new dog.
b. The dog was really heavy to lift
c. The dog was very light to lift.
d. It was the heaviest package she ever carried.

Answer the following questions in order:

1. Literal Listener (L0):
   How would a listener interpret the utterance literally?
   Answer with a letter from a–d.

2. Informative Speaker (S1):
   Which utterance would an informative speaker be most likely to choose, given the situations described in the answer options, assuming that a listener interprets it literally?
   Answer with a letter from a–d.

3. Pragmatic Listener (L1):
   How would a listener interpret this utterance, knowing that the speaker is informative and chooses the most appropriate utterance for the situation described in the answer options?
   Answer with a letter from a–d.

Final Answer:
  Answer with a letter from a–d.","

If you chose a,b,c,d, then the utterance is a literal listener.

If you chose a,b,d, then the utterance is a pragmatic speaker.

If you chose c,d, then the utterance is a pragmatic listener.

If you chose d, then the utterance is a pragmatic speaker.

If you chose a,b,c,d, then the utterance is a pragmatic listener.

If you chose a,b,d, then the utterance is a pragmatic speaker.

If you chose c,d, then the utterance is a pragmatic listener.

If you chose d, then the utterance is a","['d', 'a', 'b', 'c']",4,A_I,"{'a': 8.9375, 'b': 7.46875, 'c': 7.875, 'd': 7.5}","{'a': 0.5514732599258423, 'b': 0.12695635855197906, 'c': 0.19058406352996826, 'd': 0.13098637759685516}",0.5514732599258423,,,,,"If you chose a,b,c,d, then the utterance is a literal listener.

If you chose a,b,d, then the utterance is a pragmatic speaker.

If you chose c,d, then the utterance is a pragmatic listener.

If you chose d, then the utterance is a pragmatic speaker.

If you chose a,b,c,d, then the utterance is a pragmatic listener.

If you chose a,b,d, then the utterance is a pragmatic speaker.

If you chose c,d, then the utterance is a pragmatic listener.

If you chose d, then the utterance is a",,
C1_03_A_NI,C1_03,230,1,ambiguous,non-ironic,c,Their friend was very easy to lift.,Gpt2-1.5B,Condition1B_context_richness_stimuli,rsa,"You will read short stories that describe everyday situations and end with a person saying something.

For each story, there are 4 possible interpretations (a,b,c,d).

Context: They lift their thin friend.

Target utterance:
They said: """"Light as a feather.""""

a. Getting their friend off the ground took a lot of effort.
b. The feather fell gently to the ground.
c. Their friend was very easy to lift.
d. They decided to go out for dinner with their friend.

Answer the following questions in order:

1. Literal Listener (L0):
   How would a listener interpret the utterance literally?
   Answer with a letter from a–d.

2. Informative Speaker (S1):
   Which utterance would an informative speaker be most likely to choose, given the situations described in the answer options, assuming that a listener interprets it literally?
   Answer with a letter from a–d.

3. Pragmatic Listener (L1):
   How would a listener interpret this utterance, knowing that the speaker is informative and chooses the most appropriate utterance for the situation described in the answer options?
   Answer with a letter from a–d.

Final Answer:
  Answer with a letter from a–d.","

The quiz is comprised of 4 questions. The first question is a single-choice option. The second question is a multiple-choice option. The third question is a single-choice option followed by a multiple-choice option. The fourth question is a multiple-choice option followed by a single-choice option.

The quiz is graded on a scale of 0 to 4, where 0 means ""not at all"" and 4 means ""very much."" The quiz is not scored on the number of correct answers.

The quiz is intended for ages 12 and up. The quiz is not intended for children under 12.

The quiz is not intended for use with mobile devices or other devices that do not support audio.

","['b', 'c', 'a', 'd']",4,A_NI,"{'a': 7.875, 'b': 6.09375, 'c': 6.4375, 'd': 6.75}","{'a': 0.5778340101242065, 'b': 0.09732312709093094, 'c': 0.13724760711193085, 'd': 0.18759523332118988}",0.5778340101242065,,,,,"The quiz is comprised of 4 questions. The first question is a single-choice option. The second question is a multiple-choice option. The third question is a single-choice option followed by a multiple-choice option. The fourth question is a multiple-choice option followed by a single-choice option.

The quiz is graded on a scale of 0 to 4, where 0 means ""not at all"" and 4 means ""very much."" The quiz is not scored on the number of correct answers.

The quiz is intended for ages 12 and up. The quiz is not intended for children under 12.

The quiz is not intended for use with mobile devices or other devices that do not support audio.",,
C1_04_UA_I,C1_04,78,1,unambiguous,ironic,a,Holding my nephew took nothing of my strength.,Gpt2-1.5B,Condition1B_context_richness_stimuli,rsa,"You will read short stories that describe everyday situations and end with a person saying something.

For each story, there are 4 possible interpretations (a,b,c,d).

Context: I held my skinny nephew in my arms.

Target utterance:
I said: """"Heavier than an elephant.""""

a. Holding my nephew took nothing of my strength.
b. Holding my nephew took all my strength.
c. The elephant lumbered slowly across the plain.
d. My nephew ate a burger that day.

Answer the following questions in order:

1. Literal Listener (L0):
   How would a listener interpret the utterance literally?
   Answer with a letter from a–d.

2. Informative Speaker (S1):
   Which utterance would an informative speaker be most likely to choose, given the situations described in the answer options, assuming that a listener interprets it literally?
   Answer with a letter from a–d.

3. Pragmatic Listener (L1):
   How would a listener interpret this utterance, knowing that the speaker is informative and chooses the most appropriate utterance for the situation described in the answer options?
   Answer with a letter from a–d.

Final Answer:
  Answer with a letter from a–d.","

For example:

a. Holding my nephew took nothing of my strength.

b. Holding my nephew took all my strength.

c. The elephant lumbered slowly across the plain.

d. My nephew ate a burger that day.

Answer with a letter from a–d.

A. Holding my nephew took nothing of my strength.

B. Holding my nephew took all my strength.

C. The elephant lumbered slowly across the plain.

D. My nephew ate a burger that day.

For example:

a. Holding my nephew took nothing of my strength.

b. Holding my nephew took all my strength.

c.","['b', 'a', 'c', 'd']",4,UA_I,"{'a': 8.1875, 'b': 6.5625, 'c': 6.53125, 'd': 5.90625}","{'a': 0.6711763143539429, 'b': 0.1321624517440796, 'c': 0.12809623777866364, 'd': 0.06856497377157211}",0.6711763143539429,,,,,"For example:

a. Holding my nephew took nothing of my strength.

b. Holding my nephew took all my strength.

c. The elephant lumbered slowly across the plain.

d. My nephew ate a burger that day.

Answer with a letter from a–d.

A. Holding my nephew took nothing of my strength.

B. Holding my nephew took all my strength.

C. The elephant lumbered slowly across the plain.

D. My nephew ate a burger that day.

For example:

a. Holding my nephew took nothing of my strength.

b. Holding my nephew took all my strength.

c.",,
C1_05_UA_NI,C1_05,77,1,unambiguous,non-ironic,a,The cake tasted really good.,Gpt2-1.5B,Condition1B_context_richness_stimuli,rsa,"You will read short stories that describe everyday situations and end with a person saying something.

For each story, there are 4 possible interpretations (a,b,c,d).

Context: She ate a disgusting cake.

Target utterance:
She said: """"What an amazing flavour.""""

a. The cake tasted really good.
b. The cake tasted really bad.
c. The soup smelled absolutely delicious
d. The cake had three candles on top.

Answer the following questions in order:

1. Literal Listener (L0):
   How would a listener interpret the utterance literally?
   Answer with a letter from a–d.

2. Informative Speaker (S1):
   Which utterance would an informative speaker be most likely to choose, given the situations described in the answer options, assuming that a listener interprets it literally?
   Answer with a letter from a–d.

3. Pragmatic Listener (L1):
   How would a listener interpret this utterance, knowing that the speaker is informative and chooses the most appropriate utterance for the situation described in the answer options?
   Answer with a letter from a–d.

Final Answer:
  Answer with a letter from a–d.","

If you're confused about the interpretation of the utterance, you may want to read up on the examples above.

Note: If you have any questions about the test, please contact the test organizer.

Note: This is not a timed test. Please do not wait until the end of the test to submit your answers.

Test Dates

October 13, 2018 – November 5, 2018

November 5, 2018 – December 2, 2018

December 2, 2018 – January 3, 2019

January 3, 2019 – February 28, 2019

February 28, 2019 – March 31, 2019

March 31, 2019 – April 13, 2019

April 13, 2019 – May 11,","['a', 'b', 'c', 'd']",4,UA_NI,"{'a': 8.0, 'b': 5.96875, 'c': 5.8125, 'd': 5.875}","{'a': 0.7337827086448669, 'b': 0.09625133872032166, 'c': 0.08232814073562622, 'd': 0.08763784915208817}",0.7337827086448669,,,,,"If you're confused about the interpretation of the utterance, you may want to read up on the examples above.

Note: If you have any questions about the test, please contact the test organizer.

Note: This is not a timed test. Please do not wait until the end of the test to submit your answers.

Test Dates

October 13, 2018 – November 5, 2018

November 5, 2018 – December 2, 2018

December 2, 2018 – January 3, 2019

January 3, 2019 – February 28, 2019

February 28, 2019 – March 31, 2019

March 31, 2019 – April 13, 2019

April 13, 2019 – May 11,",,
C1_06_A_I,C1_06,188,1,ambiguous,ironic,a,The medicine tasted absolutely awful.,Gpt2-1.5B,Condition1B_context_richness_stimuli,rsa,"You will read short stories that describe everyday situations and end with a person saying something.

For each story, there are 4 possible interpretations (a,b,c,d).

Context: He swallowed the medicine and found it unpleasant.

Target utterance:
He said: """"Tastier than expected.""""

a. The medicine tasted absolutely awful.
b. The medicine tasted surprisingly pleasant.
c. He kept the medicine in the bathroom cabinet.
d. The cake was tastier than expected.

Answer the following questions in order:

1. Literal Listener (L0):
   How would a listener interpret the utterance literally?
   Answer with a letter from a–d.

2. Informative Speaker (S1):
   Which utterance would an informative speaker be most likely to choose, given the situations described in the answer options, assuming that a listener interprets it literally?
   Answer with a letter from a–d.

3. Pragmatic Listener (L1):
   How would a listener interpret this utterance, knowing that the speaker is informative and chooses the most appropriate utterance for the situation described in the answer options?
   Answer with a letter from a–d.

Final Answer:
  Answer with a letter from a–d.","

Exercise

Read the following sentence: ""I am a man of many talents.""

Choose the most appropriate answer from the given options.

A. He is a man who is good at sewing.

B. He is a man who is good at baking.

C. He is a man who is good at cooking.

D. He is a man who is good at playing the piano.

Answer the following questions in order:

1. Literal Listener (L0):

   How would a listener interpret the sentence literally?

   Answer with a letter from a–d.

2. Informative Speaker (S1):

","['b', 'a', 'd', 'c']",4,A_I,"{'a': 7.625, 'b': 5.09375, 'c': 5.5, 'd': 5.0}","{'a': 0.7865145802497864, 'b': 0.06257470697164536, 'c': 0.0939357727766037, 'd': 0.056974928826093674}",0.7865145802497864,,,,,"Exercise

Read the following sentence: ""I am a man of many talents.""

Choose the most appropriate answer from the given options.

A. He is a man who is good at sewing.

B. He is a man who is good at baking.

C. He is a man who is good at cooking.

D. He is a man who is good at playing the piano.

Answer the following questions in order:

1. Literal Listener (L0):

   How would a listener interpret the sentence literally?

   Answer with a letter from a–d.

2. Informative Speaker (S1):",,
C1_07_A_NI,C1_07,239,1,ambiguous,non-ironic,a,The smoothie was thoroughly enjoyable.,Gpt2-1.5B,Condition1B_context_richness_stimuli,rsa,"You will read short stories that describe everyday situations and end with a person saying something.

For each story, there are 4 possible interpretations (a,b,c,d).

Context: I took a sip of my smoothie and found it unpleasant.

Target utterance:
I said: """"What a treat.""""

a. The smoothie was thoroughly enjoyable.
b. She gave the dog a treat.
c. She was looking for a new smoothie recipe.
d. The smoothie was thoroughly nasty.

Answer the following questions in order:

1. Literal Listener (L0):
   How would a listener interpret the utterance literally?
   Answer with a letter from a–d.

2. Informative Speaker (S1):
   Which utterance would an informative speaker be most likely to choose, given the situations described in the answer options, assuming that a listener interprets it literally?
   Answer with a letter from a–d.

3. Pragmatic Listener (L1):
   How would a listener interpret this utterance, knowing that the speaker is informative and chooses the most appropriate utterance for the situation described in the answer options?
   Answer with a letter from a–d.

Final Answer:
  Answer with a letter from a–d.","

Click here to view the questions and answer options (click on the question to show/hide it in the list).

You will read short stories that describe everyday situations and end with a person saying something.

For each story, there are 4 possible interpretations (a,b,c,d).

Context: I took a sip of my smoothie and found it unpleasant.

Target utterance:

I said: """"What a treat.""

a. The smoothie was thoroughly enjoyable.

b. She gave the dog a treat.

c. She was looking for a new smoothie recipe.

d. The smoothie was thoroughly nasty.

Answer the following questions","['a', 'c', 'd', 'b']",4,A_NI,"{'a': 8.625, 'b': 7.21875, 'c': 6.78125, 'd': 6.4375}","{'a': 0.6598567366600037, 'b': 0.16170483827590942, 'c': 0.1044044941663742, 'd': 0.07403387874364853}",0.6598567366600037,,,,,"Click here to view the questions and answer options (click on the question to show/hide it in the list).

You will read short stories that describe everyday situations and end with a person saying something.

For each story, there are 4 possible interpretations (a,b,c,d).

Context: I took a sip of my smoothie and found it unpleasant.

Target utterance:

I said: """"What a treat.""

a. The smoothie was thoroughly enjoyable.

b. She gave the dog a treat.

c. She was looking for a new smoothie recipe.

d. The smoothie was thoroughly nasty.

Answer the following questions",,
C1_08_UA_I,C1_08,259,1,unambiguous,ironic,d,They could barely force themselves to swallow the burger.,Gpt2-1.5B,Condition1B_context_richness_stimuli,rsa,"You will read short stories that describe everyday situations and end with a person saying something.

For each story, there are 4 possible interpretations (a,b,c,d).

Context: They ate a disgusting burger.

Target utterance:
They said: """"This burger tasted like heaven.""""

a. They liked the burger more than the pizza.
b. The burger was the most expensive item on the menu.
c. They liked every single bite of the burger.
d. They could barely force themselves to swallow the burger.

Answer the following questions in order:

1. Literal Listener (L0):
   How would a listener interpret the utterance literally?
   Answer with a letter from a–d.

2. Informative Speaker (S1):
   Which utterance would an informative speaker be most likely to choose, given the situations described in the answer options, assuming that a listener interprets it literally?
   Answer with a letter from a–d.

3. Pragmatic Listener (L1):
   How would a listener interpret this utterance, knowing that the speaker is informative and chooses the most appropriate utterance for the situation described in the answer options?
   Answer with a letter from a–d.

Final Answer:
  Answer with a letter from a–d.","

4. Pragmatic Speaker (S2):

  How would a pragmatic speaker interpret this utterance?

   Answer with a letter from a–d.

5. Informative Speaker (S3):

  Which utterance would an informative speaker be most likely to choose, given the situations described in the answer options, assuming that a listener interprets it literally?

   Answer with a letter from a–d.

6. Pragmatic Speaker (S4):

  How would a pragmatic speaker interpret this utterance?

   Answer with a letter from a–d.

7. Informative Speaker (S5):

  Which utter","['d', 'c', 'a', 'b']",4,UA_I,"{'a': 8.0625, 'b': 5.15625, 'c': 5.0, 'd': 4.59375}","{'a': 0.8829188942909241, 'b': 0.04827835410833359, 'c': 0.04129466786980629, 'd': 0.02750817872583866}",0.8829188942909241,,,,,"4. Pragmatic Speaker (S2):

  How would a pragmatic speaker interpret this utterance?

   Answer with a letter from a–d.

5. Informative Speaker (S3):

  Which utterance would an informative speaker be most likely to choose, given the situations described in the answer options, assuming that a listener interprets it literally?

   Answer with a letter from a–d.

6. Pragmatic Speaker (S4):

  How would a pragmatic speaker interpret this utterance?

   Answer with a letter from a–d.

7. Informative Speaker (S5):

  Which utter",,
C1_09_UA_NI,C1_09,109,1,unambiguous,non-ironic,a,The babysitter was taking good care of the kids.,Gpt2-1.5B,Condition1B_context_richness_stimuli,rsa,"You will read short stories that describe everyday situations and end with a person saying something.

For each story, there are 4 possible interpretations (a,b,c,d).

Context: They hired a petrified babysitter.

Target utterance:
They said: """"The kids are not safe at all.""""

a. The babysitter was taking good care of the kids.
b. The babysitter was not taking good care of the kids.
c. The kids had very clean hands.
d. The babysitter parked her car outside.

Answer the following questions in order:

1. Literal Listener (L0):
   How would a listener interpret the utterance literally?
   Answer with a letter from a–d.

2. Informative Speaker (S1):
   Which utterance would an informative speaker be most likely to choose, given the situations described in the answer options, assuming that a listener interprets it literally?
   Answer with a letter from a–d.

3. Pragmatic Listener (L1):
   How would a listener interpret this utterance, knowing that the speaker is informative and chooses the most appropriate utterance for the situation described in the answer options?
   Answer with a letter from a–d.

Final Answer:
  Answer with a letter from a–d.","

The correct answer is d, because the babysitter was not taking good care of the kids.

The correct answer is b, because the babysitter parked her car outside.

The correct answer is c, because the kids had very clean hands.

The correct answer is a, because the babysitter was not taking good care of the kids.

The correct answer is a, because the babysitter parked her car outside.

The correct answer is b, because the kids had very clean hands.

The correct answer is c, because the babysitter parked her car outside.

The correct answer is a, because the babysitter was not taking good care of the kids.

The correct","['a', 'b', 'c', 'd']",4,UA_NI,"{'a': 8.8125, 'b': 8.5625, 'c': 8.6875, 'd': 9.625}","{'a': 0.20346572995185852, 'b': 0.15845927596092224, 'c': 0.17955787479877472, 'd': 0.4585171043872833}",0.4585171043872833,,,,,"The correct answer is d, because the babysitter was not taking good care of the kids.

The correct answer is b, because the babysitter parked her car outside.

The correct answer is c, because the kids had very clean hands.

The correct answer is a, because the babysitter was not taking good care of the kids.

The correct answer is a, because the babysitter parked her car outside.

The correct answer is b, because the kids had very clean hands.

The correct answer is c, because the babysitter parked her car outside.

The correct answer is a, because the babysitter was not taking good care of the kids.

The correct",,
C1_10_A_I,C1_10,186,1,ambiguous,ironic,b,The police officer did not make them feel safe at all.,Gpt2-1.5B,Condition1B_context_richness_stimuli,rsa,"You will read short stories that describe everyday situations and end with a person saying something.

For each story, there are 4 possible interpretations (a,b,c,d).

Context: They met a scared police officer.

Target utterance:
They said: """"We felt so safe around you""""

a. The police officer drank a cup of coffee.
b. The police officer did not make them feel safe at all.
c. They were sitting in a very safe seat.
d. The police officer made them feel very safe.

Answer the following questions in order:

1. Literal Listener (L0):
   How would a listener interpret the utterance literally?
   Answer with a letter from a–d.

2. Informative Speaker (S1):
   Which utterance would an informative speaker be most likely to choose, given the situations described in the answer options, assuming that a listener interprets it literally?
   Answer with a letter from a–d.

3. Pragmatic Listener (L1):
   How would a listener interpret this utterance, knowing that the speaker is informative and chooses the most appropriate utterance for the situation described in the answer options?
   Answer with a letter from a–d.

Final Answer:
  Answer with a letter from a–d.","

You will read short stories that describe everyday situations and end with a person saying something.

For each story, there are 4 possible interpretations (a,b,c,d).

Context: They met a frightened police officer.

Target utterance:

They said: """"We felt so safe around you""""

a. The police officer drank a cup of coffee.

b. The police officer did not make them feel safe at all.

c. They were sitting in a very safe seat.

d. The police officer made them feel very safe.

Answer the following questions in order:

1. Literal Listener (L0):

   How","['d', 'b', 'c', 'a']",4,A_I,"{'a': 8.4375, 'b': 7.4375, 'c': 7.03125, 'd': 6.21875}","{'a': 0.5808263421058655, 'b': 0.21367406845092773, 'c': 0.1423376202583313, 'd': 0.0631619319319725}",0.5808263421058655,,,,,"You will read short stories that describe everyday situations and end with a person saying something.

For each story, there are 4 possible interpretations (a,b,c,d).

Context: They met a frightened police officer.

Target utterance:

They said: """"We felt so safe around you""""

a. The police officer drank a cup of coffee.

b. The police officer did not make them feel safe at all.

c. They were sitting in a very safe seat.

d. The police officer made them feel very safe.

Answer the following questions in order:

1. Literal Listener (L0):

   How",,
C1_11_A_NI,C1_11,244,1,ambiguous,non-ironic,a,Seeing the pilot put her completely at ease.,Gpt2-1.5B,Condition1B_context_richness_stimuli,rsa,"You will read short stories that describe everyday situations and end with a person saying something.

For each story, there are 4 possible interpretations (a,b,c,d).

Context: She noticed the scared pilot before boarding.

Target utterance:
She said: """"That really shook me up.""""

a. Seeing the pilot put her completely at ease.
b. She settled into her seat and fastened the belt.
c. Seeing the pilot made her feel even more anxious.
d. She dated a pilot for several months.

Answer the following questions in order:

1. Literal Listener (L0):
   How would a listener interpret the utterance literally?
   Answer with a letter from a–d.

2. Informative Speaker (S1):
   Which utterance would an informative speaker be most likely to choose, given the situations described in the answer options, assuming that a listener interprets it literally?
   Answer with a letter from a–d.

3. Pragmatic Listener (L1):
   How would a listener interpret this utterance, knowing that the speaker is informative and chooses the most appropriate utterance for the situation described in the answer options?
   Answer with a letter from a–d.

Final Answer:
  Answer with a letter from a–d.","

A. Literal Listener:

a. A. ""She noticed the scared pilot before boarding.""

b. B. ""She settled into her seat and fastened the belt.""

c. C. ""She dated a pilot for several months.""

d. D. ""She dated a pilot for several months.""

B. Informative Speaker:

a. A. ""She noticed the scared pilot before boarding.""

b. B. ""She made a comment about how scared he was.""

c. C. ""She dated a pilot for several months.""

d. D. ""She dated a pilot for several months.""

C. Pragmatic Speaker","['a', 'c', 'b', 'd']",4,A_NI,"{'a': 8.375, 'b': 6.03125, 'c': 6.1875, 'd': 6.0625}","{'a': 0.7650070786476135, 'b': 0.07341549545526505, 'c': 0.085831418633461, 'd': 0.07574596256017685}",0.7650070786476135,,,,,"A. Literal Listener:

a. A. ""She noticed the scared pilot before boarding.""

b. B. ""She settled into her seat and fastened the belt.""

c. C. ""She dated a pilot for several months.""

d. D. ""She dated a pilot for several months.""

B. Informative Speaker:

a. A. ""She noticed the scared pilot before boarding.""

b. B. ""She made a comment about how scared he was.""

c. C. ""She dated a pilot for several months.""

d. D. ""She dated a pilot for several months.""

C. Pragmatic Speaker",,
C1_12_UA_I,C1_12,207,1,unambiguous,ironic,a,His father's face was full of fear.,Gpt2-1.5B,Condition1B_context_richness_stimuli,rsa,"You will read short stories that describe everyday situations and end with a person saying something.

For each story, there are 4 possible interpretations (a,b,c,d).

Context: He saw his petrified father.

Target utterance:
He said: """"Brave as a lion""""

a. His father's face was full of fear.
b. The lion prowled across the savannah.
c. His father wore a blue jacket.
d. His father showed no fear at all.

Answer the following questions in order:

1. Literal Listener (L0):
   How would a listener interpret the utterance literally?
   Answer with a letter from a–d.

2. Informative Speaker (S1):
   Which utterance would an informative speaker be most likely to choose, given the situations described in the answer options, assuming that a listener interprets it literally?
   Answer with a letter from a–d.

3. Pragmatic Listener (L1):
   How would a listener interpret this utterance, knowing that the speaker is informative and chooses the most appropriate utterance for the situation described in the answer options?
   Answer with a letter from a–d.

Final Answer:
  Answer with a letter from a–d.","

4. Pragmatic Speaker (S2):

  Which utterance would a pragmatic speaker be most likely to choose, given the situations described in the answer options, assuming that a listener interprets it literally?

   Answer with a letter from a–d.

5. Informative Speaker (S3):

  Which utterance would an informative speaker be most likely to choose, given the situations described in the answer options, assuming that a listener interprets it literally?

   Answer with a letter from a–d.

6. Pragmatic Speaker (S4):

  Which utterance would a pragmatic speaker be most likely to choose, given the situations described in","['b', 'c', 'd', 'a']",4,UA_I,"{'a': 7.28125, 'b': 3.421875, 'c': 3.40625, 'd': 2.765625}","{'a': 0.9498730301856995, 'b': 0.020024437457323074, 'c': 0.019713984802365303, 'd': 0.010388541035354137}",0.9498730301856995,,,,,"4. Pragmatic Speaker (S2):

  Which utterance would a pragmatic speaker be most likely to choose, given the situations described in the answer options, assuming that a listener interprets it literally?

   Answer with a letter from a–d.

5. Informative Speaker (S3):

  Which utterance would an informative speaker be most likely to choose, given the situations described in the answer options, assuming that a listener interprets it literally?

   Answer with a letter from a–d.

6. Pragmatic Speaker (S4):

  Which utterance would a pragmatic speaker be most likely to choose, given the situations described in",,
C1_13_UA_NI,C1_13,48,1,unambiguous,non-ironic,a,"To him, his girlfriend looked well-rested and full of energy.",Gpt2-1.5B,Condition1B_context_richness_stimuli,rsa,"You will read short stories that describe everyday situations and end with a person saying something.

For each story, there are 4 possible interpretations (a,b,c,d).

Context: He saw his exhausted girlfriend.

Target utterance:
He said: """"You look like you've been awake since birth.""""

a. To him, his girlfriend looked well-rested and full of energy.
b. He was planning to surprise his girlfriend with a home-cooked meal.
c. His girlfriend clearly looked worn out, not refreshed at all.
d. He had just bought her a refreshing cold drink.

Answer the following questions in order:

1. Literal Listener (L0):
   How would a listener interpret the utterance literally?
   Answer with a letter from a–d.

2. Informative Speaker (S1):
   Which utterance would an informative speaker be most likely to choose, given the situations described in the answer options, assuming that a listener interprets it literally?
   Answer with a letter from a–d.

3. Pragmatic Listener (L1):
   How would a listener interpret this utterance, knowing that the speaker is informative and chooses the most appropriate utterance for the situation described in the answer options?
   Answer with a letter from a–d.

Final Answer:
  Answer with a letter from a–d.","

[…]

The final questions are designed to test your ability to evaluate the speaker's motives. The questions are designed to test your ability to evaluate the speaker's motives.

This is a structured multiple-choice task. The task is divided into 20 blocks of 4 sentences each. You will read a passage and answer the question, then choose the single best answer from the given options. Carefully follow the exact output format specified in the instructions below — do not add extra commentary, headers, or formatting beyond what is requested.

You will read short stories that describe everyday situations and end with a person saying something.

For each story, there are 4 possible interpretations (a,b,c,d).

","['a', 'd', 'b', 'c']",4,UA_NI,"{'a': 7.65625, 'b': 4.53125, 'c': 5.09375, 'd': 4.8125}","{'a': 0.847992479801178, 'b': 0.03725818917155266, 'c': 0.06539016216993332, 'd': 0.04935907945036888}",0.847992479801178,,,,,"[…]

The final questions are designed to test your ability to evaluate the speaker's motives. The questions are designed to test your ability to evaluate the speaker's motives.

This is a structured multiple-choice task. The task is divided into 20 blocks of 4 sentences each. You will read a passage and answer the question, then choose the single best answer from the given options. Carefully follow the exact output format specified in the instructions below — do not add extra commentary, headers, or formatting beyond what is requested.

You will read short stories that describe everyday situations and end with a person saying something.

For each story, there are 4 possible interpretations (a,b,c,d).",,
C1_14_A_I,C1_14,248,1,ambiguous,ironic,d,Her colleague seemed very tired today.,Gpt2-1.5B,Condition1B_context_richness_stimuli,rsa,"You will read short stories that describe everyday situations and end with a person saying something.

For each story, there are 4 possible interpretations (a,b,c,d).

Context: She saw her tired colleague.

Target utterance:
She said: """"You seem so full of energy today.""""

a. She was redecorating the office of her colleague.
b. Her colleague seemed very energetic today.
c. She filled up the car with energy.
d. Her colleague seemed very tired today.

Answer the following questions in order:

1. Literal Listener (L0):
   How would a listener interpret the utterance literally?
   Answer with a letter from a–d.

2. Informative Speaker (S1):
   Which utterance would an informative speaker be most likely to choose, given the situations described in the answer options, assuming that a listener interprets it literally?
   Answer with a letter from a–d.

3. Pragmatic Listener (L1):
   How would a listener interpret this utterance, knowing that the speaker is informative and chooses the most appropriate utterance for the situation described in the answer options?
   Answer with a letter from a–d.

Final Answer:
  Answer with a letter from a–d.","

The questions are as follows:

1. Literal Listener:

a. She saw her tired colleague.

b. She said: """"You seem so full of energy today.""""

c. She filled up the car with energy.

d. Her colleague seemed very energetic today.

2. Informative Speaker:

a. She saw her tired colleague.

b. She said: """"You seem so full of energy today.""""

c. She filled up the car with energy.

d. Her colleague seemed very energetic today.

3. Pragmatic Speaker:

a. She saw her tired colleague.

b. She said: """"","['d', 'a', 'c', 'b']",4,A_I,"{'a': 7.34375, 'b': 6.0, 'c': 6.0, 'd': 4.46875}","{'a': 0.6336544156074524, 'b': 0.16529864072799683, 'c': 0.16529864072799683, 'd': 0.03574833646416664}",0.6336544156074524,,,,,"The questions are as follows:

1. Literal Listener:

a. She saw her tired colleague.

b. She said: """"You seem so full of energy today.""""

c. She filled up the car with energy.

d. Her colleague seemed very energetic today.

2. Informative Speaker:

a. She saw her tired colleague.

b. She said: """"You seem so full of energy today.""""

c. She filled up the car with energy.

d. Her colleague seemed very energetic today.

3. Pragmatic Speaker:

a. She saw her tired colleague.

b. She said: """"",,
C1_15_A_NI,C1_15,256,1,ambiguous,non-ironic,a,They felt very well-rested after the sleepover.,Gpt2-1.5B,Condition1B_context_richness_stimuli,rsa,"You will read short stories that describe everyday situations and end with a person saying something.

For each story, there are 4 possible interpretations (a,b,c,d).

Context: After the sleepover, they were tired.

Target utterance:
They said:  """"We never felt more tired in our lifes.""""

a. They felt very well-rested after the sleepover.
b. They did sleep overs once a year.
c. They rested the heavy boxes on the floor.
d. They felt really exhausted after the sleepover.

Answer the following questions in order:

1. Literal Listener (L0):
   How would a listener interpret the utterance literally?
   Answer with a letter from a–d.

2. Informative Speaker (S1):
   Which utterance would an informative speaker be most likely to choose, given the situations described in the answer options, assuming that a listener interprets it literally?
   Answer with a letter from a–d.

3. Pragmatic Listener (L1):
   How would a listener interpret this utterance, knowing that the speaker is informative and chooses the most appropriate utterance for the situation described in the answer options?
   Answer with a letter from a–d.

Final Answer:
  Answer with a letter from a–d.","

The passage in the passage is the passage you will read.

The question is the question you will answer.

The answer is the single best answer you can give.

This is a timed test.

If you do not complete the test within the time limit, your score will be recorded as a zero.

You will be timed on your time.

Your time limit is 5 minutes.

You may not stop and start the test.

The test is designed to be completed in a single sitting.

You may not pause the test mid-sentence.

The test will be graded on a scale of 1 to 5, with 5 being the highest score possible.
","['a', 'd', 'c', 'b']",4,A_NI,"{'a': 7.78125, 'b': 3.125, 'c': 3.390625, 'd': 3.546875}","{'a': 0.9648934602737427, 'b': 0.009168445132672787, 'c': 0.011957906186580658, 'd': 0.013980208896100521}",0.9648934602737427,,,,,"The passage in the passage is the passage you will read.

The question is the question you will answer.

The answer is the single best answer you can give.

This is a timed test.

If you do not complete the test within the time limit, your score will be recorded as a zero.

You will be timed on your time.

Your time limit is 5 minutes.

You may not stop and start the test.

The test is designed to be completed in a single sitting.

You may not pause the test mid-sentence.

The test will be graded on a scale of 1 to 5, with 5 being the highest score possible.",,
C1_16_UA_I,C1_16,14,1,unambiguous,ironic,d,Deep down I felt completely unprepared for the exam.,Gpt2-1.5B,Condition1B_context_richness_stimuli,rsa,"You will read short stories that describe everyday situations and end with a person saying something.

For each story, there are 4 possible interpretations (a,b,c,d).

Context: Right before my exam, I felt really exhausted.

Target utterance:
I said: """"I have never felt more ready.""""

a. I felt fully prepared and ready for the exam.
b. Dinner was ready by seven o'clock.
c. The exam started at nine o'clock.
d. Deep down I felt completely unprepared for the exam.

Answer the following questions in order:

1. Literal Listener (L0):
   How would a listener interpret the utterance literally?
   Answer with a letter from a–d.

2. Informative Speaker (S1):
   Which utterance would an informative speaker be most likely to choose, given the situations described in the answer options, assuming that a listener interprets it literally?
   Answer with a letter from a–d.

3. Pragmatic Listener (L1):
   How would a listener interpret this utterance, knowing that the speaker is informative and chooses the most appropriate utterance for the situation described in the answer options?
   Answer with a letter from a–d.

Final Answer:
  Answer with a letter from a–d.","

Final Question:

4. Pragmatic Speaker (L2):

   What is the most likely interpretation of the utterance?

   Answer with a letter from a–d.

Final Question:

5. Informative Speaker (S3):

   What is the most likely interpretation of the utterance, given the situations described in the answer options?

   Answer with a letter from a–d.

Final Question:

6. Literal Listener (L4):

   How would a listener interpret the utterance literally?

   Answer with a letter from a–d.

Final Question:

7","['a', 'c', 'd', 'b']",4,UA_I,"{'a': 8.125, 'b': 6.3125, 'c': 5.875, 'd': 5.71875}","{'a': 0.7359448075294495, 'b': 0.12013968825340271, 'c': 0.07756800949573517, 'd': 0.06634744256734848}",0.7359448075294495,,,,,"Final Question:

4. Pragmatic Speaker (L2):

   What is the most likely interpretation of the utterance?

   Answer with a letter from a–d.

Final Question:

5. Informative Speaker (S3):

   What is the most likely interpretation of the utterance, given the situations described in the answer options?

   Answer with a letter from a–d.

Final Question:

6. Literal Listener (L4):

   How would a listener interpret the utterance literally?

   Answer with a letter from a–d.

Final Question:

7",,
C1_17_UA_NI,C1_17,118,1,unambiguous,non-ironic,d,Her idea was innovative.,Gpt2-1.5B,Condition1B_context_richness_stimuli,rsa,"You will read short stories that describe everyday situations and end with a person saying something.

For each story, there are 4 possible interpretations (a,b,c,d).

Context: She had a novel idea.

Target utterance:
She said: """"Truly ahead of its time.""""

a. Her idea was outdated.
b. She had arrived early.
c. She had the idea to redecorate her office.
d. Her idea was innovative.

Answer the following questions in order:

1. Literal Listener (L0):
   How would a listener interpret the utterance literally?
   Answer with a letter from a–d.

2. Informative Speaker (S1):
   Which utterance would an informative speaker be most likely to choose, given the situations described in the answer options, assuming that a listener interprets it literally?
   Answer with a letter from a–d.

3. Pragmatic Listener (L1):
   How would a listener interpret this utterance, knowing that the speaker is informative and chooses the most appropriate utterance for the situation described in the answer options?
   Answer with a letter from a–d.

Final Answer:
  Answer with a letter from a–d.","

Note: The final answer is not shown in the examples below.

You will read short stories that describe everyday situations and end with a person saying something.

For each story, there are 5 possible interpretations (a,b,c,d).

Context: She was waiting for the bus.

Target utterance:

She said: ""If I'm sitting here, I'll miss it.""

a. She was waiting for the bus.

b. She was waiting for a friend.

c. She was waiting for a bus.

d. She was waiting for a friend.

Answer the following questions in order:

1. Literal Listener (","['b', 'c', 'd', 'a']",4,UA_NI,"{'a': 9.5, 'b': 8.1875, 'c': 8.5625, 'd': 8.6875}","{'a': 0.47517240047454834, 'b': 0.1278909146785736, 'c': 0.1860801875591278, 'd': 0.21085648238658905}",0.47517240047454834,,,,,"Note: The final answer is not shown in the examples below.

You will read short stories that describe everyday situations and end with a person saying something.

For each story, there are 5 possible interpretations (a,b,c,d).

Context: She was waiting for the bus.

Target utterance:

She said: ""If I'm sitting here, I'll miss it.""

a. She was waiting for the bus.

b. She was waiting for a friend.

c. She was waiting for a bus.

d. She was waiting for a friend.

Answer the following questions in order:

1. Literal Listener (",,
C1_18_A_I,C1_18,272,1,ambiguous,ironic,b,"In his view, it was a stale approach he had seen many times before.",Gpt2-1.5B,Condition1B_context_richness_stimuli,rsa,"You will read short stories that describe everyday situations and end with a person saying something.

For each story, there are 4 possible interpretations (a,b,c,d).

Context: It was a new approach. 

Target utterance:
He said: """"How refreshingly innovative.""""

a. He found the approach genuinely new and creative.
b. In his view, it was a stale approach he had seen many times before.
c. Refreshments were served at the end of the presentation.
d. He researched new approaches for several months.

Answer the following questions in order:

1. Literal Listener (L0):
   How would a listener interpret the utterance literally?
   Answer with a letter from a–d.

2. Informative Speaker (S1):
   Which utterance would an informative speaker be most likely to choose, given the situations described in the answer options, assuming that a listener interprets it literally?
   Answer with a letter from a–d.

3. Pragmatic Listener (L1):
   How would a listener interpret this utterance, knowing that the speaker is informative and chooses the most appropriate utterance for the situation described in the answer options?
   Answer with a letter from a–d.

Final Answer:
  Answer with a letter from a–d.","

You will read short stories that describe everyday situations and end with a person saying something.

For each story, there are 4 possible interpretations (a,b,c,d).

Context: It was a new approach. 

Target utterance:

He said: """"How refreshingly innovative.""""

a. He found the approach genuinely new and creative.

b. In his view, it was a stale approach he had seen many times before.

c. Refreshments were served at the end of the presentation.

d. He researched new approaches for several months.

Answer the following questions in order:

1. Literal Listener (L0):

","['a', 'b', 'c', 'd']",4,A_I,"{'a': 8.9375, 'b': 7.40625, 'c': 7.34375, 'd': 6.65625}","{'a': 0.6572098731994629, 'b': 0.14213161170482635, 'c': 0.13352029025554657, 'd': 0.06713821738958359}",0.6572098731994629,,,,,"You will read short stories that describe everyday situations and end with a person saying something.

For each story, there are 4 possible interpretations (a,b,c,d).

Context: It was a new approach. 

Target utterance:

He said: """"How refreshingly innovative.""""

a. He found the approach genuinely new and creative.

b. In his view, it was a stale approach he had seen many times before.

c. Refreshments were served at the end of the presentation.

d. He researched new approaches for several months.

Answer the following questions in order:

1. Literal Listener (L0):",,
C1_19_A_NI,C1_19,32,1,ambiguous,non-ironic,a,She found the tradition beautifully enduring and meaningful.,Gpt2-1.5B,Condition1B_context_richness_stimuli,rsa,"You will read short stories that describe everyday situations and end with a person saying something.

For each story, there are 4 possible interpretations (a,b,c,d).

Context: The tradition was new.

Target utterance:
She said: """"How wonderfully timeless.""""

a. She found the tradition beautifully enduring and meaningful.
b. She read about the tradition in a local history book.
c. To her, the tradition felt stale and long past its use.
d. The clock ticked for over a century.

Answer the following questions in order:

1. Literal Listener (L0):
   How would a listener interpret the utterance literally?
   Answer with a letter from a–d.

2. Informative Speaker (S1):
   Which utterance would an informative speaker be most likely to choose, given the situations described in the answer options, assuming that a listener interprets it literally?
   Answer with a letter from a–d.

3. Pragmatic Listener (L1):
   How would a listener interpret this utterance, knowing that the speaker is informative and chooses the most appropriate utterance for the situation described in the answer options?
   Answer with a letter from a–d.

Final Answer:
  Answer with a letter from a–d.","

The final answer is a letter from a–d.

Your final answer is:

a. c. b. c. d.

Your final score is:

a. c. b. c. d.

Your score is:

a. c. b. c. d.

Your final score is:

a. c. b. c. d.

Your final score is:

a. c. b. c. d.

Your final score is:

a. c. b. c. d.

Your final score is:

a. c. b. c. d.

Your final score","['a', 'd', 'b', 'c']",4,A_NI,"{'a': 9.1875, 'b': 8.0625, 'c': 9.5625, 'd': 7.6875}","{'a': 0.33302542567253113, 'b': 0.10811752080917358, 'c': 0.4845491051673889, 'd': 0.07430801540613174}",0.4845491051673889,,,,,"The final answer is a letter from a–d.

Your final answer is:

a. c. b. c. d.

Your final score is:

a. c. b. c. d.

Your score is:

a. c. b. c. d.

Your final score is:

a. c. b. c. d.

Your final score is:

a. c. b. c. d.

Your final score is:

a. c. b. c. d.

Your final score is:

a. c. b. c. d.

Your final score",,
C1_20_UA_I,C1_20,125,1,unambiguous,ironic,d,She was disappointed with the smell of her car.,Gpt2-1.5B,Condition1B_context_richness_stimuli,rsa,"You will read short stories that describe everyday situations and end with a person saying something.

For each story, there are 4 possible interpretations (a,b,c,d).

Context: She bought a novel car.

Target utterance:
She says: """"I just love the new car smell.""""

a. She took her car to the gas station.
b. She could smell what her husband was cooking.
c. She liked the smell of her car.
d. She was disappointed with the smell of her car.

Answer the following questions in order:

1. Literal Listener (L0):
   How would a listener interpret the utterance literally?
   Answer with a letter from a–d.

2. Informative Speaker (S1):
   Which utterance would an informative speaker be most likely to choose, given the situations described in the answer options, assuming that a listener interprets it literally?
   Answer with a letter from a–d.

3. Pragmatic Listener (L1):
   How would a listener interpret this utterance, knowing that the speaker is informative and chooses the most appropriate utterance for the situation described in the answer options?
   Answer with a letter from a–d.

Final Answer:
  Answer with a letter from a–d.","

1. Literal Listener (L0):

a. She just bought a new car.

b. She just bought a new car.

c. She just bought a new car.

d. She just bought a new car.

2. Informative Speaker (S1):

a. She just bought a new car.

b. She just bought a new car.

c. She just bought a new car.

d. She just bought a new car.

3. Pragmatic Listener (L1):

a. She just bought a new car.

b. She just bought a new car.

c.","['d', 'c', 'a', 'b']",4,UA_I,"{'a': 8.9375, 'b': 8.0, 'c': 8.9375, 'd': 6.0625}","{'a': 0.40849313139915466, 'b': 0.15996819734573364, 'c': 0.40849313139915466, 'd': 0.023045605048537254}",0.40849313139915466,a,a,a,,"1. Literal Listener (L0):

a. She just bought a new car.

b. She just bought a new car.

c. She just bought a new car.

d. She just bought a new car.

2. Informative Speaker (S1):

a. She just bought a new car.

b. She just bought a new car.

c. She just bought a new car.

d. She just bought a new car.

3. Pragmatic Listener (L1):

a. She just bought a new car.

b. She just bought a new car.

c.",,
C1_21_UA_NI,C1_21,221,1,unambiguous,non-ironic,c,The birthday party was a great success.,Gpt2-1.5B,Condition1B_context_richness_stimuli,rsa,"You will read short stories that describe everyday situations and end with a person saying something.

For each story, there are 4 possible interpretations (a,b,c,d).

Context: She left the birthday party feeling miserable.

Target utterance:
She says: """"Truly a night to remember.""""

a. The birthday party was a disappointment.
b. She planned her next birthday party.
c. The birthday party was a great success.
d. She had trouble remembering things.

Answer the following questions in order:

1. Literal Listener (L0):
   How would a listener interpret the utterance literally?
   Answer with a letter from a–d.

2. Informative Speaker (S1):
   Which utterance would an informative speaker be most likely to choose, given the situations described in the answer options, assuming that a listener interprets it literally?
   Answer with a letter from a–d.

3. Pragmatic Listener (L1):
   How would a listener interpret this utterance, knowing that the speaker is informative and chooses the most appropriate utterance for the situation described in the answer options?
   Answer with a letter from a–d.

Final Answer:
  Answer with a letter from a–d.","

Explanation:

The final question asks you to choose the best interpretation of the utterance given the context. This is the most challenging part of the test. You should be able to answer this question in a few seconds if you are attentive and focused.

The context is a story about a woman who left the party feeling miserable. The story ends with her saying something that sounds like ""truly a night to remember."" The first interpretation is literal; the second interpretation is pragmatic. The third interpretation is both literal and pragmatic. The fourth interpretation is neither literal nor pragmatic.

The only way to answer all four options is to choose the best interpretation given the context.

The four possible interpretations are:

","['b', 'd', 'a', 'c']",4,UA_NI,"{'a': 8.4375, 'b': 5.90625, 'c': 5.96875, 'd': 6.53125}","{'a': 0.7616801857948303, 'b': 0.06059889867901802, 'c': 0.06450720131397247, 'd': 0.11321365088224411}",0.7616801857948303,,,,,"Explanation:

The final question asks you to choose the best interpretation of the utterance given the context. This is the most challenging part of the test. You should be able to answer this question in a few seconds if you are attentive and focused.

The context is a story about a woman who left the party feeling miserable. The story ends with her saying something that sounds like ""truly a night to remember."" The first interpretation is literal; the second interpretation is pragmatic. The third interpretation is both literal and pragmatic. The fourth interpretation is neither literal nor pragmatic.

The only way to answer all four options is to choose the best interpretation given the context.

The four possible interpretations are:",,
C1_22_A_I,C1_22,146,1,ambiguous,ironic,d,"The wedding had been a dull, disappointing event from start to finish.",Gpt2-1.5B,Condition1B_context_richness_stimuli,rsa,"You will read short stories that describe everyday situations and end with a person saying something.

For each story, there are 4 possible interpretations (a,b,c,d).

Context: She left the wedding feeling sad.

Target utterance:
She says: """"What a magical day.""""

a. The wedding was a beautiful and enchanting occasion.
b. The magician wowed all the guests at the reception.
c. She helped organise the flowers for the wedding beforehand.
d. The wedding had been a dull, disappointing event from start to finish.

Answer the following questions in order:

1. Literal Listener (L0):
   How would a listener interpret the utterance literally?
   Answer with a letter from a–d.

2. Informative Speaker (S1):
   Which utterance would an informative speaker be most likely to choose, given the situations described in the answer options, assuming that a listener interprets it literally?
   Answer with a letter from a–d.

3. Pragmatic Listener (L1):
   How would a listener interpret this utterance, knowing that the speaker is informative and chooses the most appropriate utterance for the situation described in the answer options?
   Answer with a letter from a–d.

Final Answer:
  Answer with a letter from a–d.","

4. Pragmatic Speaker (S2):

  How would a pragmatic speaker choose this utterance, knowing that the speaker is informative and chooses the most appropriate utterance for the situation described in the answer options?

   Answer with a letter from a–d.

5. Informative Speaker (S3):

  Which utterance would an informative speaker be most likely to choose, given the situations described in the answer options, assuming that a listener interprets it literally?

   Answer with a letter from a–d.

6. Pragmatic Speaker (S4):

  How would a pragmatic speaker choose this utterance, knowing that the speaker is informative and","['a', 'c', 'd', 'b']",4,A_I,"{'a': 6.9375, 'b': 3.265625, 'c': 3.546875, 'd': 2.90625}","{'a': 0.9286184310913086, 'b': 0.02361360192298889, 'c': 0.031282939016819, 'd': 0.016484951600432396}",0.9286184310913086,,,,,"4. Pragmatic Speaker (S2):

  How would a pragmatic speaker choose this utterance, knowing that the speaker is informative and chooses the most appropriate utterance for the situation described in the answer options?

   Answer with a letter from a–d.

5. Informative Speaker (S3):

  Which utterance would an informative speaker be most likely to choose, given the situations described in the answer options, assuming that a listener interprets it literally?

   Answer with a letter from a–d.

6. Pragmatic Speaker (S4):

  How would a pragmatic speaker choose this utterance, knowing that the speaker is informative and",,
C1_23_A_NI,C1_23,45,1,ambiguous,non-ironic,b,They had found the film dull from start to finish.,Gpt2-1.5B,Condition1B_context_richness_stimuli,rsa,"You will read short stories that describe everyday situations and end with a person saying something.

For each story, there are 4 possible interpretations (a,b,c,d).

Context: They left the cinema feeling sad.

Target utterance:
They say: """"What a painfull film.""""

a. They went to the same cinema as always.
b. They had found the film dull from start to finish.
c. They had found the film funny from start to finish.
d. The injection was over quickly, but it was painful.

Answer the following questions in order:

1. Literal Listener (L0):
   How would a listener interpret the utterance literally?
   Answer with a letter from a–d.

2. Informative Speaker (S1):
   Which utterance would an informative speaker be most likely to choose, given the situations described in the answer options, assuming that a listener interprets it literally?
   Answer with a letter from a–d.

3. Pragmatic Listener (L1):
   How would a listener interpret this utterance, knowing that the speaker is informative and chooses the most appropriate utterance for the situation described in the answer options?
   Answer with a letter from a–d.

Final Answer:
  Answer with a letter from a–d.","

The final answer is:

a. They say: ""What a painfull film.""

b. They say: ""What a painfull film.""

c. They say: ""What a painfull film.""

d. They say: ""What a painfull film.""

4. Literal Listener (L0):

Answer: ""a.""

S1: ""a.""

L1: ""a.""

Final Answer: ""b.""

The final answer is:

c. They say: ""What a painfull film.""

d. They say: ""What a painfull film.""

e. They say: ""What","['d', 'a', 'b', 'c']",4,A_NI,"{'a': 6.65625, 'b': 5.9375, 'c': 6.65625, 'd': 8.625}","{'a': 0.10363682359457016, 'b': 0.05050855502486229, 'c': 0.10363682359457016, 'd': 0.7422177791595459}",0.7422177791595459,a,,,,"The final answer is:

a. They say: ""What a painfull film.""

b. They say: ""What a painfull film.""

c. They say: ""What a painfull film.""

d. They say: ""What a painfull film.""

4. Literal Listener (L0):

Answer: ""a.""

S1: ""a.""

L1: ""a.""

Final Answer: ""b.""

The final answer is:

c. They say: ""What a painfull film.""

d. They say: ""What a painfull film.""

e. They say: ""What",,
C1_24_UA_I,C1_24,169,1,unambiguous,ironic,b,The message brought negative news.,Gpt2-1.5B,Condition1B_context_richness_stimuli,rsa,"You will read short stories that describe everyday situations and end with a person saying something.

For each story, there are 4 possible interpretations (a,b,c,d).

Context: She received a message and was miserable.

Target utterance:
She says: """"These are amazing news.""""

a. What she read was news to her.
b. The message brought negative news.
c. She wanted to send a message.
d. The message brought good news.

Answer the following questions in order:

1. Literal Listener (L0):
   How would a listener interpret the utterance literally?
   Answer with a letter from a–d.

2. Informative Speaker (S1):
   Which utterance would an informative speaker be most likely to choose, given the situations described in the answer options, assuming that a listener interprets it literally?
   Answer with a letter from a–d.

3. Pragmatic Listener (L1):
   How would a listener interpret this utterance, knowing that the speaker is informative and chooses the most appropriate utterance for the situation described in the answer options?
   Answer with a letter from a–d.

Final Answer:
  Answer with a letter from a–d.","

Explanation:

A. Literal Listener

The literal listener is the listener who reads the passage and answers the question, ""What did she read?""

The literal listener is the listener who chooses the best answer from the given options.

The literal listener is the listener who is most likely to choose the answer given the situation described in the answer options.

The literal listener is the listener who is most likely to choose the answer given the situation described in the answer options.

The literal listener is the listener who is most likely to choose the answer given the situation described in the answer options.

B. Informative Speaker

The informative speaker is the listener who reads the passage and","['c', 'b', 'd', 'a']",4,UA_I,"{'a': 6.3125, 'b': 2.609375, 'c': 3.28125, 'd': 3.0625}","{'a': 0.8995426893234253, 'b': 0.022170476615428925, 'c': 0.043407682329416275, 'd': 0.03487905487418175}",0.8995426893234253,,,,,"Explanation:

A. Literal Listener

The literal listener is the listener who reads the passage and answers the question, ""What did she read?""

The literal listener is the listener who chooses the best answer from the given options.

The literal listener is the listener who is most likely to choose the answer given the situation described in the answer options.

The literal listener is the listener who is most likely to choose the answer given the situation described in the answer options.

The literal listener is the listener who is most likely to choose the answer given the situation described in the answer options.

B. Informative Speaker

The informative speaker is the listener who reads the passage and",,
C1_25_UA_NI,C1_25,92,1,unambiguous,non-ironic,b,Her exam answers were impressively smart.,Gpt2-1.5B,Condition1B_context_richness_stimuli,rsa,"You will read short stories that describe everyday situations and end with a person saying something.

For each story, there are 4 possible interpretations (a,b,c,d).

Context: Her answers in the exam were idiotic.

Target utterance:
She says: """"What a genius.""""

a. She had a high IQ.
b. Her exam answers were impressively smart.
c. Her exam answers were embarrassingly poor.
d. She studied for her next exam.

Answer the following questions in order:

1. Literal Listener (L0):
   How would a listener interpret the utterance literally?
   Answer with a letter from a–d.

2. Informative Speaker (S1):
   Which utterance would an informative speaker be most likely to choose, given the situations described in the answer options, assuming that a listener interprets it literally?
   Answer with a letter from a–d.

3. Pragmatic Listener (L1):
   How would a listener interpret this utterance, knowing that the speaker is informative and chooses the most appropriate utterance for the situation described in the answer options?
   Answer with a letter from a–d.

Final Answer:
  Answer with a letter from a–d.","

4. Informative Speaker (S2):

  Which utterance would an informative speaker be most likely to choose, given the situations described in the answer options, assuming that a listener interprets it literally?

   Answer with a letter from a–d.

5. Pragmatic Speaker (L3):

  Which utterance would a pragmatic speaker be most likely to choose, given the situations described in the answer options, assuming that a listener interprets it literally?

   Answer with a letter from a–d.

6. Literal Listener (L0):

  How would a listener interpret the utterance literally?

   Answer with a letter","['c', 'a', 'b', 'd']",4,UA_NI,"{'a': 8.5, 'b': 5.96875, 'c': 5.8125, 'd': 5.3125}","{'a': 0.8411239981651306, 'b': 0.06691940873861313, 'c': 0.05723920464515686, 'd': 0.03471733257174492}",0.8411239981651306,,,,,"4. Informative Speaker (S2):

  Which utterance would an informative speaker be most likely to choose, given the situations described in the answer options, assuming that a listener interprets it literally?

   Answer with a letter from a–d.

5. Pragmatic Speaker (L3):

  Which utterance would a pragmatic speaker be most likely to choose, given the situations described in the answer options, assuming that a listener interprets it literally?

   Answer with a letter from a–d.

6. Literal Listener (L0):

  How would a listener interpret the utterance literally?

   Answer with a letter",,
C1_26_A_I,C1_26,225,1,ambiguous,ironic,d,"As far as they were concerned, it was a poor suggestion.",Gpt2-1.5B,Condition1B_context_richness_stimuli,rsa,"You will read short stories that describe everyday situations and end with a person saying something.

For each story, there are 4 possible interpretations (a,b,c,d).

Context: Their colleague's suggestion was stupid.

Target utterance:
They said: """"We really had luck with that one.""""

a. They got lucky at the casino.
b. They thought that every project starts with a suggestion.
c. They were genuinely fortunate to have such a strong suggestion.
d. As far as they were concerned, it was a poor suggestion.

Answer the following questions in order:

1. Literal Listener (L0):
   How would a listener interpret the utterance literally?
   Answer with a letter from a–d.

2. Informative Speaker (S1):
   Which utterance would an informative speaker be most likely to choose, given the situations described in the answer options, assuming that a listener interprets it literally?
   Answer with a letter from a–d.

3. Pragmatic Listener (L1):
   How would a listener interpret this utterance, knowing that the speaker is informative and chooses the most appropriate utterance for the situation described in the answer options?
   Answer with a letter from a–d.

Final Answer:
  Answer with a letter from a–d.","

Note: You will be required to answer the last question with a letter from a–d.

You will read short stories that describe everyday situations and end with a person saying something.

For each story, there are 4 possible interpretations (a,b,c,d).

Context: Their colleague's suggestion was stupid.

Target utterance:

They said: ""We really had luck with that one.""

a. They got lucky at the casino.

b. They thought that every project starts with a suggestion.

c. They were genuinely fortunate to have such a strong suggestion.

d. As far as they were concerned, it was a poor suggestion.

","['c', 'd', 'a', 'b']",4,A_I,"{'a': 8.25, 'b': 6.53125, 'c': 5.8125, 'd': 6.40625}","{'a': 0.7018076181411743, 'b': 0.12582716345787048, 'c': 0.06132326275110245, 'd': 0.1110420897603035}",0.7018076181411743,,,,,"Note: You will be required to answer the last question with a letter from a–d.

You will read short stories that describe everyday situations and end with a person saying something.

For each story, there are 4 possible interpretations (a,b,c,d).

Context: Their colleague's suggestion was stupid.

Target utterance:

They said: ""We really had luck with that one.""

a. They got lucky at the casino.

b. They thought that every project starts with a suggestion.

c. They were genuinely fortunate to have such a strong suggestion.

d. As far as they were concerned, it was a poor suggestion.",,
C1_27_A_NI,C1_27,30,1,ambiguous,non-ironic,d,His argument was strong and well presented.,Gpt2-1.5B,Condition1B_context_richness_stimuli,rsa,"You will read short stories that describe everyday situations and end with a person saying something.

For each story, there are 4 possible interpretations (a,b,c,d).

Context: His argument in the debate was stupid.

Target utterance:
She says: """"What a master of rhetoric.""""

a. His argument was weak and poorly constructed.
b. Sokrates was a master of rhetoric.
c. She had an argument with him that night.
d. His argument was strong and well presented.

Answer the following questions in order:

1. Literal Listener (L0):
   How would a listener interpret the utterance literally?
   Answer with a letter from a–d.

2. Informative Speaker (S1):
   Which utterance would an informative speaker be most likely to choose, given the situations described in the answer options, assuming that a listener interprets it literally?
   Answer with a letter from a–d.

3. Pragmatic Listener (L1):
   How would a listener interpret this utterance, knowing that the speaker is informative and chooses the most appropriate utterance for the situation described in the answer options?
   Answer with a letter from a–d.

Final Answer:
  Answer with a letter from a–d.","

For each story, there are 4 possible interpretations (a,b,c,d).

Context: His argument in the debate was stupid.

Target utterance:

He says: ""The answer to the question is a.""

a. His argument was weak and poorly constructed.

b. Sokrates was a master of rhetoric.

c. He had an argument with her that night.

d. His argument was strong and well presented.

Answer the following questions in order:

1. Literal Listener (L0):

a. How would a listener interpret the utterance literally?

b. What is the target utterance?

c","['b', 'c', 'd', 'a']",4,A_NI,"{'a': 8.75, 'b': 7.25, 'c': 7.28125, 'd': 5.40625}","{'a': 0.6717506647109985, 'b': 0.1498878449201584, 'c': 0.15464578568935394, 'd': 0.023715699091553688}",0.6717506647109985,a,,,,"For each story, there are 4 possible interpretations (a,b,c,d).

Context: His argument in the debate was stupid.

Target utterance:

He says: ""The answer to the question is a.""

a. His argument was weak and poorly constructed.

b. Sokrates was a master of rhetoric.

c. He had an argument with her that night.

d. His argument was strong and well presented.

Answer the following questions in order:

1. Literal Listener (L0):

a. How would a listener interpret the utterance literally?

b. What is the target utterance?

c",,
C1_28_UA_I,C1_28,47,1,unambiguous,ironic,d,She believed that his business plan would fail.,Gpt2-1.5B,Condition1B_context_richness_stimuli,rsa,"You will read short stories that describe everyday situations and end with a person saying something.

For each story, there are 4 possible interpretations (a,b,c,d).

Context: His business plan was brilliant.

Target utterance:
She says: """"We will make lots of money with this.""""

a. She believed that his business plan would be successful.
b. He asked a colleague for help with his business plan.
c. She was interested in making lots of money.
d. She believed that his business plan would fail.

Answer the following questions in order:

1. Literal Listener (L0):
   How would a listener interpret the utterance literally?
   Answer with a letter from a–d.

2. Informative Speaker (S1):
   Which utterance would an informative speaker be most likely to choose, given the situations described in the answer options, assuming that a listener interprets it literally?
   Answer with a letter from a–d.

3. Pragmatic Listener (L1):
   How would a listener interpret this utterance, knowing that the speaker is informative and chooses the most appropriate utterance for the situation described in the answer options?
   Answer with a letter from a–d.

Final Answer:
  Answer with a letter from a–d.","

The answers are as follows:

""The business plan was brilliant.""

""She says that we will make lots of money with this.""

""He asked a colleague for help with his business plan.""

""She believes that his business plan will be successful.""

""He asked his colleague for help with his business plan.""

""She is interested in making lots of money.""

""He believes that his business plan will fail.""

""She believes that his business plan will succeed.""

""She believes that his business plan will fail.""

""He asks his colleague for help with his business plan.""

""She believes that his business plan will succeed.""

""","['a', 'd', 'c', 'b']",4,UA_I,"{'a': 8.0625, 'b': 5.96875, 'c': 5.625, 'd': 6.03125}","{'a': 0.7452816963195801, 'b': 0.09183672070503235, 'c': 0.06512198597192764, 'd': 0.0977596789598465}",0.7452816963195801,,,,,"The answers are as follows:

""The business plan was brilliant.""

""She says that we will make lots of money with this.""

""He asked a colleague for help with his business plan.""

""She believes that his business plan will be successful.""

""He asked his colleague for help with his business plan.""

""She is interested in making lots of money.""

""He believes that his business plan will fail.""

""She believes that his business plan will succeed.""

""She believes that his business plan will fail.""

""He asks his colleague for help with his business plan.""

""She believes that his business plan will succeed.""

""",,
C1_29_UA_NI,C1_29,261,1,unambiguous,non-ironic,a,The restaurant visit was genuinely outstanding.,Gpt2-1.5B,Condition1B_context_richness_stimuli,rsa,"You will read short stories that describe everyday situations and end with a person saying something.

For each story, there are 4 possible interpretations (a,b,c,d).

Context: After the restaurant visit he was starving.

Target utterance:
He says: """"Best dinner ever.""""

a. The restaurant visit was genuinely outstanding.
b. The restaurant visit was a real disappointment.
c. He looked forward to this restaurant visit for weeks.
d. It was the best-reviewed dinner spot in the whole city.

Answer the following questions in order:

1. Literal Listener (L0):
   How would a listener interpret the utterance literally?
   Answer with a letter from a–d.

2. Informative Speaker (S1):
   Which utterance would an informative speaker be most likely to choose, given the situations described in the answer options, assuming that a listener interprets it literally?
   Answer with a letter from a–d.

3. Pragmatic Listener (L1):
   How would a listener interpret this utterance, knowing that the speaker is informative and chooses the most appropriate utterance for the situation described in the answer options?
   Answer with a letter from a–d.

Final Answer:
  Answer with a letter from a–d.","

Final Question:

4. Pragmatic Speaker (L2):

   How would a pragmatic speaker be most likely to choose the most appropriate utterance, given the situations described in the answer options?

   Answer with a letter from a–d.

5. Informative Speaker (S3):

   Which utterance would an informative speaker be most likely to choose, knowing that the speaker is pragmatic and chooses the most appropriate utterance for the situation described in the answer options?

   Answer with a letter from a–d.

6. Literal Listener (L3):

   How would a literal listener interpret the utterance literally?
","['a', 'b', 'd', 'c']",4,UA_NI,"{'a': 8.4375, 'b': 6.34375, 'c': 5.625, 'd': 5.03125}","{'a': 0.8220681548118591, 'b': 0.10129867494106293, 'c': 0.04936902970075607, 'd': 0.027264166623353958}",0.8220681548118591,,,,,"Final Question:

4. Pragmatic Speaker (L2):

   How would a pragmatic speaker be most likely to choose the most appropriate utterance, given the situations described in the answer options?

   Answer with a letter from a–d.

5. Informative Speaker (S3):

   Which utterance would an informative speaker be most likely to choose, knowing that the speaker is pragmatic and chooses the most appropriate utterance for the situation described in the answer options?

   Answer with a letter from a–d.

6. Literal Listener (L3):

   How would a literal listener interpret the utterance literally?",,
C1_30_A_I,C1_30,139,1,ambiguous,ironic,d,There had been very little worth eating at the buffet.,Gpt2-1.5B,Condition1B_context_richness_stimuli,rsa,"You will read short stories that describe everyday situations and end with a person saying something.

For each story, there are 4 possible interpretations (a,b,c,d).

Context: He left the buffet feeling hungry.

Target utterance:
He says: """"Truly a feast for the senses."" ""

a. Diners often have a buffet.
b. The buffet was a rich.
c. The feast was celebrated every year in their village.
d. There had been very little worth eating at the buffet.

Answer the following questions in order:

1. Literal Listener (L0):
   How would a listener interpret the utterance literally?
   Answer with a letter from a–d.

2. Informative Speaker (S1):
   Which utterance would an informative speaker be most likely to choose, given the situations described in the answer options, assuming that a listener interprets it literally?
   Answer with a letter from a–d.

3. Pragmatic Listener (L1):
   How would a listener interpret this utterance, knowing that the speaker is informative and chooses the most appropriate utterance for the situation described in the answer options?
   Answer with a letter from a–d.

Final Answer:
  Answer with a letter from a–d.","

The answer is:

a. d

This is the correct answer.

The question is:

b. a

This is incorrect.

The question is:

c. b

This is incorrect.

The question is:

d. b

This is incorrect.

The question is:

e. c

This is incorrect.

The question is:

f. c

This is incorrect.

The question is:

g. c

This is incorrect.

The question is:

h. c

This is incorrect.

The question is:

i. c
","['d', 'a', 'c', 'b']",4,A_I,"{'a': 9.0625, 'b': 8.75, 'c': 10.0625, 'd': 9.25}","{'a': 0.17679941654205322, 'b': 0.1293492168188095, 'c': 0.4805906116962433, 'd': 0.21326078474521637}",0.4805906116962433,,,,,"The answer is:

a. d

This is the correct answer.

The question is:

b. a

This is incorrect.

The question is:

c. b

This is incorrect.

The question is:

d. b

This is incorrect.

The question is:

e. c

This is incorrect.

The question is:

f. c

This is incorrect.

The question is:

g. c

This is incorrect.

The question is:

h. c

This is incorrect.

The question is:

i. c",,
C1_31_A_NI,C1_31,260,1,ambiguous,non-ironic,b,The picnic was nourishing and genuinely enjoyable.,Gpt2-1.5B,Condition1B_context_richness_stimuli,rsa,"You will read short stories that describe everyday situations and end with a person saying something.

For each story, there are 4 possible interpretations (a,b,c,d).

Context: They left the picnic feeling hungry.

Target utterance:
They say: """"Food for the soul.""""

a. They spent the morning preparing sandwiches for the picnic.
b. The picnic was nourishing and genuinely enjoyable.
c. There was barely anything to eat; they left unsatisfied.
d. She always kept her soul music collection in good order.

Answer the following questions in order:

1. Literal Listener (L0):
   How would a listener interpret the utterance literally?
   Answer with a letter from a–d.

2. Informative Speaker (S1):
   Which utterance would an informative speaker be most likely to choose, given the situations described in the answer options, assuming that a listener interprets it literally?
   Answer with a letter from a–d.

3. Pragmatic Listener (L1):
   How would a listener interpret this utterance, knowing that the speaker is informative and chooses the most appropriate utterance for the situation described in the answer options?
   Answer with a letter from a–d.

Final Answer:
  Answer with a letter from a–d.","

Example:

1. Literal Listener (L0):

""They left the picnic feeling hungry.""

2. Informative Speaker (S1):

""The picnic was nourishing and genuinely enjoyable.""

3. Pragmatic Listener (L1):

""They spent the morning preparing sandwiches for the picnic.""

4. Literal Reader (L2):

""They ate a lot of sandwiches.""

5. Informative Reader (S2):

""They left feeling happy.""

6. Pragmatic Reader (L3):

""They left feeling satisfied.""

7. Literal Reader (L4):

""They","['d', 'a', 'b', 'c']",4,A_NI,"{'a': 7.4375, 'b': 5.40625, 'c': 5.0, 'd': 5.0625}","{'a': 0.7624479532241821, 'b': 0.10001140087842941, 'c': 0.06662195920944214, 'd': 0.07091870903968811}",0.7624479532241821,,,,,"Example:

1. Literal Listener (L0):

""They left the picnic feeling hungry.""

2. Informative Speaker (S1):

""The picnic was nourishing and genuinely enjoyable.""

3. Pragmatic Listener (L1):

""They spent the morning preparing sandwiches for the picnic.""

4. Literal Reader (L2):

""They ate a lot of sandwiches.""

5. Informative Reader (S2):

""They left feeling happy.""

6. Pragmatic Reader (L3):

""They left feeling satisfied.""

7. Literal Reader (L4):

""They",,
C1_32_UA_I,C1_32,228,1,unambiguous,ironic,a,The waiter had forgotten to fill his plate and he did not eat anything.,Gpt2-1.5B,Condition1B_context_richness_stimuli,rsa,"You will read short stories that describe everyday situations and end with a person saying something.

For each story, there are 4 possible interpretations (a,b,c,d).

Context: He looked at the empty plate in front of him and was starving.

Target utterance:
He says: """"No way I could eat more."" ""

a. The waiter had forgotten to fill his plate and he did not eat anything.
b. He went to a stylish pottery to buy a special plate.
c. His plate had been full with food and he ate it all up.
d. He prefers to eat his lunch alone.

Answer the following questions in order:

1. Literal Listener (L0):
   How would a listener interpret the utterance literally?
   Answer with a letter from a–d.

2. Informative Speaker (S1):
   Which utterance would an informative speaker be most likely to choose, given the situations described in the answer options, assuming that a listener interprets it literally?
   Answer with a letter from a–d.

3. Pragmatic Listener (L1):
   How would a listener interpret this utterance, knowing that the speaker is informative and chooses the most appropriate utterance for the situation described in the answer options?
   Answer with a letter from a–d.

Final Answer:
  Answer with a letter from a–d.","

A. ___________

B. ___________

C. ___________

D. ___________

4. __________

(A) __________

(B) __________

(C) __________

(D) __________

(A) __________

(B) __________

(C) __________

(D) __________

(A) __________

(B) __________

(C) __________

(D) __________

(A) __________

(B) __________

(","['b', 'd', 'a', 'c']",4,UA_I,"{'a': 7.25, 'b': 5.96875, 'c': 5.4375, 'd': 6.3125}","{'a': 0.5456903576850891, 'b': 0.15153273940086365, 'c': 0.08908150345087051, 'd': 0.21369540691375732}",0.5456903576850891,,,,,"A. ___________

B. ___________

C. ___________

D. ___________

4. __________

(A) __________

(B) __________

(C) __________

(D) __________

(A) __________

(B) __________

(C) __________

(D) __________

(A) __________

(B) __________

(C) __________

(D) __________

(A) __________

(B) __________

(",,
C1_33_UA_NI,C1_33,24,1,unambiguous,non-ironic,d,The library was a calm and quiet environment.,Gpt2-1.5B,Condition1B_context_richness_stimuli,rsa,"You will read short stories that describe everyday situations and end with a person saying something.

For each story, there are 4 possible interpretations (a,b,c,d).

Context: She walked into the library and it was inaudible.

Target utterance:
She says: """"Perfect place to concentrate.""""

a. She asked her colleague for a place to concentrate.
b. She looked for a new book in the library.
c. The library was far too noisy to concentrate.
d. The library was a calm and quiet environment.

Answer the following questions in order:

1. Literal Listener (L0):
   How would a listener interpret the utterance literally?
   Answer with a letter from a–d.

2. Informative Speaker (S1):
   Which utterance would an informative speaker be most likely to choose, given the situations described in the answer options, assuming that a listener interprets it literally?
   Answer with a letter from a–d.

3. Pragmatic Listener (L1):
   How would a listener interpret this utterance, knowing that the speaker is informative and chooses the most appropriate utterance for the situation described in the answer options?
   Answer with a letter from a–d.

Final Answer:
  Answer with a letter from a–d.",,"['c', 'd', 'b', 'a']",4,UA_NI,"{'a': 8.25, 'b': 6.96875, 'c': 6.625, 'd': 6.3125}","{'a': 0.6177929043769836, 'b': 0.17155489325523376, 'c': 0.12165063619613647, 'd': 0.08900151401758194}",0.6177929043769836,,,,,,,
C1_34_A_I,C1_34,25,1,ambiguous,ironic,d,The concert was pretty loud.,Gpt2-1.5B,Condition1B_context_richness_stimuli,rsa,"You will read short stories that describe everyday situations and end with a person saying something.

For each story, there are 4 possible interpretations (a,b,c,d).

Context: We came back from a concert which was quiet.

Target utterance:
I say: """"I've almost gone deaf.""""

a. The concert was surprisingly quiet.
b. I was looking forward to the next concert.
c. My grandfather is deaf.
d. The concert was pretty loud.

Answer the following questions in order:

1. Literal Listener (L0):
   How would a listener interpret the utterance literally?
   Answer with a letter from a–d.

2. Informative Speaker (S1):
   Which utterance would an informative speaker be most likely to choose, given the situations described in the answer options, assuming that a listener interprets it literally?
   Answer with a letter from a–d.

3. Pragmatic Listener (L1):
   How would a listener interpret this utterance, knowing that the speaker is informative and chooses the most appropriate utterance for the situation described in the answer options?
   Answer with a letter from a–d.

Final Answer:
  Answer with a letter from a–d.","

(Please do not add commentary, headers, or formatting beyond what is requested.)

For each story, there are 4 possible interpretations (a,b,c,d).

Context: We came back from a concert which was quiet.

Target utterance:

I say: """"I've almost gone deaf.""""

a. I have gone deaf.

b. I've almost gone deaf.

c. I've almost gone deaf.

d. I've almost gone deaf.

Answer the following questions in order:

1. Literal Listener (L0):

a. I say: """"I've almost gone deaf.""""

b. I say","['a', 'd', 'c', 'b']",4,A_I,"{'a': 9.375, 'b': 8.5625, 'c': 8.1875, 'd': 7.46875}","{'a': 0.5270462036132812, 'b': 0.2338753342628479, 'c': 0.16074001789093018, 'd': 0.07833842188119888}",0.5270462036132812,a,,,,"(Please do not add commentary, headers, or formatting beyond what is requested.)

For each story, there are 4 possible interpretations (a,b,c,d).

Context: We came back from a concert which was quiet.

Target utterance:

I say: """"I've almost gone deaf.""""

a. I have gone deaf.

b. I've almost gone deaf.

c. I've almost gone deaf.

d. I've almost gone deaf.

Answer the following questions in order:

1. Literal Listener (L0):

a. I say: """"I've almost gone deaf.""""

b. I say",,
C1_35_A_NI,C1_35,31,1,ambiguous,non-ironic,a,The movie was too quiet to hear.,Gpt2-1.5B,Condition1B_context_richness_stimuli,rsa,"You will read short stories that describe everyday situations and end with a person saying something.

For each story, there are 4 possible interpretations (a,b,c,d).

Context:  She watched a movie in the theater and found it quiet.

Target utterance:
She says: """"It was so difficult to hear.""""

a. The movie was too quiet to hear.
b. The movie was very loud.
c. She generally has difficulties with her hearing.
d. Watching a movie in the theater is a real event.

Answer the following questions in order:

1. Literal Listener (L0):
   How would a listener interpret the utterance literally?
   Answer with a letter from a–d.

2. Informative Speaker (S1):
   Which utterance would an informative speaker be most likely to choose, given the situations described in the answer options, assuming that a listener interprets it literally?
   Answer with a letter from a–d.

3. Pragmatic Listener (L1):
   How would a listener interpret this utterance, knowing that the speaker is informative and chooses the most appropriate utterance for the situation described in the answer options?
   Answer with a letter from a–d.

Final Answer:
  Answer with a letter from a–d.","

You are completing a structured multiple-choice task. Read the passage and question, then choose the single best answer from the given options. Carefully follow the exact output format specified in the instructions below — do not add extra commentary, headers, or formatting beyond what is requested.

You will read short stories that describe everyday situations and end with a person saying something.

For each story, there are 4 possible interpretations (a,b,c,d).

Context:  She watched a movie in the theater and found it quiet.

Target utterance:

She says: """"It was so difficult to hear.""""

a. The movie was too quiet to hear.

b. The movie","['a', 'b', 'c', 'd']",4,A_NI,"{'a': 8.6875, 'b': 7.59375, 'c': 7.6875, 'd': 6.8125}","{'a': 0.5387372374534607, 'b': 0.18045437335968018, 'c': 0.1981903612613678, 'd': 0.08261803537607193}",0.5387372374534607,,,,,"You are completing a structured multiple-choice task. Read the passage and question, then choose the single best answer from the given options. Carefully follow the exact output format specified in the instructions below — do not add extra commentary, headers, or formatting beyond what is requested.

You will read short stories that describe everyday situations and end with a person saying something.

For each story, there are 4 possible interpretations (a,b,c,d).

Context:  She watched a movie in the theater and found it quiet.

Target utterance:

She says: """"It was so difficult to hear.""""

a. The movie was too quiet to hear.

b. The movie",,
C1_36_UA_I,C1_36,29,1,unambiguous,ironic,d,He would expected to hear louder music from his neighbours' party.,Gpt2-1.5B,Condition1B_context_richness_stimuli,rsa,"You will read short stories that describe everyday situations and end with a person saying something.

For each story, there are 4 possible interpretations (a,b,c,d).

Context: His neighbours' music was inaudible.

Target utterance:
He says: """"It seems like they are having a great party.""""

a. He likes talking about pop music.
b. He thinks that his neighbours' are having a great party with music.
c. He is still unsure which party to vote for in the upcoming elections.
d. He would expected to hear louder music from his neighbours' party.

Answer the following questions in order:

1. Literal Listener (L0):
   How would a listener interpret the utterance literally?
   Answer with a letter from a–d.

2. Informative Speaker (S1):
   Which utterance would an informative speaker be most likely to choose, given the situations described in the answer options, assuming that a listener interprets it literally?
   Answer with a letter from a–d.

3. Pragmatic Listener (L1):
   How would a listener interpret this utterance, knowing that the speaker is informative and chooses the most appropriate utterance for the situation described in the answer options?
   Answer with a letter from a–d.

Final Answer:
  Answer with a letter from a–d.","

A. Literal Listener

B. Informative Speaker

C. Pragmatic Listener

D. Literal Listener

Note: The final answer is not a judgment on the speaker's character, but rather a judgment on the context in which the utterance is used.

The final answer is not a judgment on the speaker's character, but rather a judgment on the context in which the utterance is used.

The final answer is not a judgment on the speaker's character, but rather a judgment on the context in which the utterance is used.

The final answer is not a judgment on the speaker's character, but rather a judgment on the context in which the utter","['d', 'a', 'c', 'b']",4,UA_I,"{'a': 7.8125, 'b': 5.09375, 'c': 5.53125, 'd': 5.53125}","{'a': 0.7872341871261597, 'b': 0.0519237257540226, 'c': 0.08042103797197342, 'd': 0.08042103797197342}",0.7872341871261597,,,,,"A. Literal Listener

B. Informative Speaker

C. Pragmatic Listener

D. Literal Listener

Note: The final answer is not a judgment on the speaker's character, but rather a judgment on the context in which the utterance is used.

The final answer is not a judgment on the speaker's character, but rather a judgment on the context in which the utterance is used.

The final answer is not a judgment on the speaker's character, but rather a judgment on the context in which the utterance is used.

The final answer is not a judgment on the speaker's character, but rather a judgment on the context in which the utter",,
C1_37_UA_NI,C1_37,53,1,unambiguous,non-ironic,a,The questions required thorough preparation to answer.,Gpt2-1.5B,Condition1B_context_richness_stimuli,rsa,"You will read short stories that describe everyday situations and end with a person saying something.

For each story, there are 4 possible interpretations (a,b,c,d).

Context: She prepared impossible questions for the students.

Target utterance:
She says: """"I hope they're prepared for this.""""

a. The questions required thorough preparation to answer.
b. She posted the question on the class forum.
c. She had never felt so well prepared for a meeting.
d. The questions were straightforward and required little effort.

Answer the following questions in order:

1. Literal Listener (L0):
   How would a listener interpret the utterance literally?
   Answer with a letter from a–d.

2. Informative Speaker (S1):
   Which utterance would an informative speaker be most likely to choose, given the situations described in the answer options, assuming that a listener interprets it literally?
   Answer with a letter from a–d.

3. Pragmatic Listener (L1):
   How would a listener interpret this utterance, knowing that the speaker is informative and chooses the most appropriate utterance for the situation described in the answer options?
   Answer with a letter from a–d.

Final Answer:
  Answer with a letter from a–d.","

If you are unable to answer the questions, please consult the syllabus, which contains a more detailed explanation of the questions.

You can submit your answers online using the online form below.

Please note that you must sign your answers before submitting them.","['a', 'd', 'c', 'b']",4,UA_NI,"{'a': 7.3125, 'b': 5.125, 'c': 5.1875, 'd': 5.15625}","{'a': 0.7421765923500061, 'b': 0.08326990902423859, 'c': 0.08864035457372665, 'd': 0.08591318130493164}",0.7421765923500061,,,,,"If you are unable to answer the questions, please consult the syllabus, which contains a more detailed explanation of the questions.

You can submit your answers online using the online form below.

Please note that you must sign your answers before submitting them.",,
C1_38_A_I,C1_38,172,1,ambiguous,ironic,a,Booking the appointment was frustrating and difficult.,Gpt2-1.5B,Condition1B_context_richness_stimuli,rsa,"You will read short stories that describe everyday situations and end with a person saying something.

For each story, there are 4 possible interpretations (a,b,c,d).

Context: He booked an appointment through a system which was difficult to use.

Target utterance:
He says:  """"That was about as easy as it gets.""""

a. Booking the appointment was frustrating and difficult.
b. He decided to cancel the appointment.
c. Booking the appointment was straightforward and effortless.
d. He always found parallel parking easy as it gets.

Answer the following questions in order:

1. Literal Listener (L0):
   How would a listener interpret the utterance literally?
   Answer with a letter from a–d.

2. Informative Speaker (S1):
   Which utterance would an informative speaker be most likely to choose, given the situations described in the answer options, assuming that a listener interprets it literally?
   Answer with a letter from a–d.

3. Pragmatic Listener (L1):
   How would a listener interpret this utterance, knowing that the speaker is informative and chooses the most appropriate utterance for the situation described in the answer options?
   Answer with a letter from a–d.

Final Answer:
  Answer with a letter from a–d.","

4. Pragmatic Speaker (S2):

  Which utterance would a pragmatic speaker be most likely to choose, given the situations described in the answer options, assuming that a listener interprets it literally?

   Answer with a letter from a–d.

5. Informative Speaker (S3):

  Which utterance would an informative speaker be most likely to choose, given the situations described in the answer options, assuming that a listener interprets it literally?

   Answer with a letter from a–d.

6. Pragmatic Speaker (S4):

  Which utterance would a pragmatic speaker be most likely to choose, given the situations described in","['b', 'd', 'a', 'c']",4,A_I,"{'a': 7.09375, 'b': 3.5625, 'c': 3.546875, 'd': 2.75}","{'a': 0.9336453080177307, 'b': 0.027326218783855438, 'c': 0.026902563869953156, 'd': 0.012125936336815357}",0.9336453080177307,,,,,"4. Pragmatic Speaker (S2):

  Which utterance would a pragmatic speaker be most likely to choose, given the situations described in the answer options, assuming that a listener interprets it literally?

   Answer with a letter from a–d.

5. Informative Speaker (S3):

  Which utterance would an informative speaker be most likely to choose, given the situations described in the answer options, assuming that a listener interprets it literally?

   Answer with a letter from a–d.

6. Pragmatic Speaker (S4):

  Which utterance would a pragmatic speaker be most likely to choose, given the situations described in",,
C1_39_A_NI,C1_39,233,1,ambiguous,non-ironic,a,Completing the task was a genuine sign of intelligence.,Gpt2-1.5B,Condition1B_context_richness_stimuli,rsa,"You will read short stories that describe everyday situations and end with a person saying something.

For each story, there are 4 possible interpretations (a,b,c,d).

Context: They finished a difficult task for their maths lesson.

Target utterance:
They say: """"We must be very smart.""""

a. Completing the task was a genuine sign of intelligence.
b. Anyone could have done the task, no special abilities required.
c. They were always smart about managing their money.
d. They were given another task after the math lesson.

Answer the following questions in order:

1. Literal Listener (L0):
   How would a listener interpret the utterance literally?
   Answer with a letter from a–d.

2. Informative Speaker (S1):
   Which utterance would an informative speaker be most likely to choose, given the situations described in the answer options, assuming that a listener interprets it literally?
   Answer with a letter from a–d.

3. Pragmatic Listener (L1):
   How would a listener interpret this utterance, knowing that the speaker is informative and chooses the most appropriate utterance for the situation described in the answer options?
   Answer with a letter from a–d.

Final Answer:
  Answer with a letter from a–d.","

Questions:

1. Literal Listener (L0):

a. A – b. c. d.

2. Informative Speaker (S1):

a. A – b. c. d.

3. Pragmatic Listener (L1):

a. A – b. c. d.

4. Literal Reader (L1):

a. A – b. c. d.

5. Pragmatic Reader (L1):

a. A – b. c. d.

6. Literal Reader (L1):

a. A – b. c. d.

7.","['a', 'b', 'c', 'd']",4,A_NI,"{'a': 9.1875, 'b': 7.21875, 'c': 7.375, 'd': 6.1875}","{'a': 0.739281952381134, 'b': 0.10322689265012741, 'c': 0.12068445980548859, 'd': 0.036806680262088776}",0.739281952381134,a,a,a,,"Questions:

1. Literal Listener (L0):

a. A – b. c. d.

2. Informative Speaker (S1):

a. A – b. c. d.

3. Pragmatic Listener (L1):

a. A – b. c. d.

4. Literal Reader (L1):

a. A – b. c. d.

5. Pragmatic Reader (L1):

a. A – b. c. d.

6. Literal Reader (L1):

a. A – b. c. d.

7.",,
C1_40_UA_I,C1_40,144,1,unambiguous,ironic,d,Making the payment was complicated and painful.,Gpt2-1.5B,Condition1B_context_richness_stimuli,rsa,"You will read short stories that describe everyday situations and end with a person saying something.

For each story, there are 4 possible interpretations (a,b,c,d).

Context: He made a payment through a website which was impossible to use.

Target utterance:
He says:  """"Technology at its finest.""""

a. Making the payment was a smooth and effortless experience.
b. He decided to cancel the payment altogether.
c. He always thought the finest restaurants required a reservation.
d. Making the payment was complicated and painful.

Answer the following questions in order:

1. Literal Listener (L0):
   How would a listener interpret the utterance literally?
   Answer with a letter from a–d.

2. Informative Speaker (S1):
   Which utterance would an informative speaker be most likely to choose, given the situations described in the answer options, assuming that a listener interprets it literally?
   Answer with a letter from a–d.

3. Pragmatic Listener (L1):
   How would a listener interpret this utterance, knowing that the speaker is informative and chooses the most appropriate utterance for the situation described in the answer options?
   Answer with a letter from a–d.

Final Answer:
  Answer with a letter from a–d.","

You are completing a structured multiple-choice task. Read the passage and question, then choose the single best answer from the given options. Carefully follow the exact output format specified in the instructions below — do not add extra commentary, headers, or formatting beyond what is requested.

You will read short stories that describe everyday situations and end with a person saying something.

For each story, there are 4 possible interpretations (a,b,c,d).

Context: He made a payment through a website which was impossible to use.

Target utterance:

He says:  """"Technology at its finest.""""

a. Making the payment was a smooth and effortless experience.

b.","['a', 'd', 'c', 'b']",4,UA_I,"{'a': 8.5, 'b': 7.40625, 'c': 7.6875, 'd': 6.84375}","{'a': 0.5077279210090637, 'b': 0.17006754875183105, 'c': 0.22530290484428406, 'd': 0.09690157324075699}",0.5077279210090637,,,,,"You are completing a structured multiple-choice task. Read the passage and question, then choose the single best answer from the given options. Carefully follow the exact output format specified in the instructions below — do not add extra commentary, headers, or formatting beyond what is requested.

You will read short stories that describe everyday situations and end with a person saying something.

For each story, there are 4 possible interpretations (a,b,c,d).

Context: He made a payment through a website which was impossible to use.

Target utterance:

He says:  """"Technology at its finest.""""

a. Making the payment was a smooth and effortless experience.

b.",,
C1_41_UA_NI,C1_41,147,1,unambiguous,non-ironic,c,Her kitchen was tidy.,Gpt2-1.5B,Condition1B_context_richness_stimuli,rsa,"You will read short stories that describe everyday situations and end with a person saying something.

For each story, there are 4 possible interpretations (a,b,c,d).

Context: She finished cooking and the kitchen was pristine.

Target utterance:
She says: """"I'm the sort of person who likes to keep things tidy.""""

a. Children should regularly tidy up their rooms.
b. Her kitchen was a mess.
c. Her kitchen was tidy.
d. The apartment came with a fully equipped kitchen.

Answer the following questions in order:

1. Literal Listener (L0):
   How would a listener interpret the utterance literally?
   Answer with a letter from a–d.

2. Informative Speaker (S1):
   Which utterance would an informative speaker be most likely to choose, given the situations described in the answer options, assuming that a listener interprets it literally?
   Answer with a letter from a–d.

3. Pragmatic Listener (L1):
   How would a listener interpret this utterance, knowing that the speaker is informative and chooses the most appropriate utterance for the situation described in the answer options?
   Answer with a letter from a–d.

Final Answer:
  Answer with a letter from a–d.","

The correct answer is d.

The story is ""The Three Little Pigs.""

You are writing a story.

You are reading the passage and asking the question, ""What is the most important thing in this story?""

You are following the exact output format specified in the instructions below — do not add extra commentary, headers, or formatting beyond what is requested.

You will read short stories that describe everyday situations and end with a person saying something.

For each story, there are 4 possible interpretations (a,b,c,d).

Context: The story is about a family of pigs.

Target utterance:

The pig says: ""I am the most important","['c', 'b', 'a', 'd']",4,UA_NI,"{'a': 8.875, 'b': 7.65625, 'c': 7.78125, 'd': 8.5}","{'a': 0.43143489956855774, 'b': 0.12753191590309143, 'c': 0.1445125937461853, 'd': 0.2965205907821655}",0.43143489956855774,,,,,"The correct answer is d.

The story is ""The Three Little Pigs.""

You are writing a story.

You are reading the passage and asking the question, ""What is the most important thing in this story?""

You are following the exact output format specified in the instructions below — do not add extra commentary, headers, or formatting beyond what is requested.

You will read short stories that describe everyday situations and end with a person saying something.

For each story, there are 4 possible interpretations (a,b,c,d).

Context: The story is about a family of pigs.

Target utterance:

The pig says: ""I am the most important",,
C1_42_A_I,C1_42,55,1,ambiguous,ironic,a,The room was left in a terrible state for far too long.,Gpt2-1.5B,Condition1B_context_richness_stimuli,rsa,"You will read short stories that describe everyday situations and end with a person saying something.

For each story, there are 4 possible interpretations (a,b,c,d).

Context: They walked into the room and found it clean.

Target utterance:
They said: ""“Looks like you didn’t wait too long to clean it.”""

a. The room was left in a terrible state for far too long.
b. They never had to wait long for a table.
c. The room was tidied up well before it got too messy.
d. They decided to book a different room altogether.

Answer the following questions in order:

1. Literal Listener (L0):
   How would a listener interpret the utterance literally?
   Answer with a letter from a–d.

2. Informative Speaker (S1):
   Which utterance would an informative speaker be most likely to choose, given the situations described in the answer options, assuming that a listener interprets it literally?
   Answer with a letter from a–d.

3. Pragmatic Listener (L1):
   How would a listener interpret this utterance, knowing that the speaker is informative and chooses the most appropriate utterance for the situation described in the answer options?
   Answer with a letter from a–d.

Final Answer:
  Answer with a letter from a–d.","

Example:

L0: They walked into the room and found it clean.

S1: They said: ""Looks like you didn't wait too long to clean it.”""

L1: They chose the most appropriate utterance, which is a literal interpretation of the utterance.

S2: They chose the most appropriate utterance, which is a pragmatic interpretation of the utterance.

S3: They chose the most appropriate utterance, which is a pragmatic interpretation of the utterance.

Answer:

S1: They said: ""Looks like you didn't wait too long to clean it.""

L1: They chose the most appropriate utterance,","['b', 'c', 'a', 'd']",4,A_I,"{'a': 7.75, 'b': 3.25, 'c': 2.453125, 'd': 2.265625}","{'a': 0.9801352620124817, 'b': 0.010888319462537766, 'c': 0.004907750058919191, 'd': 0.004068667534738779}",0.9801352620124817,,,,,"Example:

L0: They walked into the room and found it clean.

S1: They said: ""Looks like you didn't wait too long to clean it.”""

L1: They chose the most appropriate utterance, which is a literal interpretation of the utterance.

S2: They chose the most appropriate utterance, which is a pragmatic interpretation of the utterance.

S3: They chose the most appropriate utterance, which is a pragmatic interpretation of the utterance.

Answer:

S1: They said: ""Looks like you didn't wait too long to clean it.""

L1: They chose the most appropriate utterance,",,
C1_43_A_NI,C1_43,67,1,ambiguous,non-ironic,b,The street was genuinely pleasant.,Gpt2-1.5B,Condition1B_context_richness_stimuli,rsa,"You will read short stories that describe everyday situations and end with a person saying something.

For each story, there are 4 possible interpretations (a,b,c,d).

Context: The street was clean.

Target utterance:
They say:  """"Such a beautiful walk.""""

a. A dog was barking on the street.
b. The street was genuinely pleasant.
c. They went for a walk in the park.
d. The street was far from pretty.

Answer the following questions in order:

1. Literal Listener (L0):
   How would a listener interpret the utterance literally?
   Answer with a letter from a–d.

2. Informative Speaker (S1):
   Which utterance would an informative speaker be most likely to choose, given the situations described in the answer options, assuming that a listener interprets it literally?
   Answer with a letter from a–d.

3. Pragmatic Listener (L1):
   How would a listener interpret this utterance, knowing that the speaker is informative and chooses the most appropriate utterance for the situation described in the answer options?
   Answer with a letter from a–d.

Final Answer:
  Answer with a letter from a–d.","

(Please note that the order of the questions and answers is not important.)

What is the meaning of the sentence?

The street was clean.

The dog was barking on the street.

The street was lovely.

The park was lovely.

The dog was barking on the street.

The street was unpleasant.

The park was unpleasant.

The dog was barking on the street.

The street was far from lovely.

The park was far from lovely.

The dog was barking on the street.

The street was ugly.

The park was ugly.

The dog was barking on the street.

The street was ugly","['d', 'a', 'c', 'b']",4,A_NI,"{'a': 7.8125, 'b': 5.59375, 'c': 6.0625, 'd': 6.15625}","{'a': 0.6787151098251343, 'b': 0.07380684465169907, 'c': 0.11794300377368927, 'd': 0.12953504920005798}",0.6787151098251343,,,,,"(Please note that the order of the questions and answers is not important.)

What is the meaning of the sentence?

The street was clean.

The dog was barking on the street.

The street was lovely.

The park was lovely.

The dog was barking on the street.

The street was unpleasant.

The park was unpleasant.

The dog was barking on the street.

The street was far from lovely.

The park was far from lovely.

The dog was barking on the street.

The street was ugly.

The park was ugly.

The dog was barking on the street.

The street was ugly",,
C1_44_UA_I,C1_44,83,1,unambiguous,ironic,c,The floor was very dirty.,Gpt2-1.5B,Condition1B_context_richness_stimuli,rsa,"You will read short stories that describe everyday situations and end with a person saying something.

For each story, there are 4 possible interpretations (a,b,c,d).

Context: The floor was pristine.

Target utterance:
She says: """"You could practically eat off the floor here.""""

a. The floor was very clean.
b. The dance floor was very empty.
c. The floor was very dirty.
d. She could eat a whole cake.

Answer the following questions in order:

1. Literal Listener (L0):
   How would a listener interpret the utterance literally?
   Answer with a letter from a–d.

2. Informative Speaker (S1):
   Which utterance would an informative speaker be most likely to choose, given the situations described in the answer options, assuming that a listener interprets it literally?
   Answer with a letter from a–d.

3. Pragmatic Listener (L1):
   How would a listener interpret this utterance, knowing that the speaker is informative and chooses the most appropriate utterance for the situation described in the answer options?
   Answer with a letter from a–d.

Final Answer:
  Answer with a letter from a–d.","

(Possible Answers:

a. The floor was very clean.

b. The dance floor was very empty.

c. The floor was very dirty.

d. She could eat a whole cake.)

4. Other (O1):

Answer with a letter from a–d.

5. Literal Reader (L0):

Answer with a letter from a–d.

6. Informative Speaker (S1):

Answer with a letter from a–d.

7. Pragmatic Reader (L1):

Answer with a letter from a–d.

8. Literal Reader (L0):

Answer","['a', 'd', 'b', 'c']",4,UA_I,"{'a': 8.625, 'b': 6.3125, 'c': 5.9375, 'd': 5.4375}","{'a': 0.8275821805000305, 'b': 0.08194173127412796, 'c': 0.05631767585873604, 'd': 0.03415839374065399}",0.8275821805000305,,a,,,"(Possible Answers:

a. The floor was very clean.

b. The dance floor was very empty.

c. The floor was very dirty.

d. She could eat a whole cake.)

4. Other (O1):

Answer with a letter from a–d.

5. Literal Reader (L0):

Answer with a letter from a–d.

6. Informative Speaker (S1):

Answer with a letter from a–d.

7. Pragmatic Reader (L1):

Answer with a letter from a–d.

8. Literal Reader (L0):

Answer",,
C1_45_UA_NI,C1_45,40,1,unambiguous,non-ironic,c,The movie was funny and great.,Gpt2-1.5B,Condition1B_context_richness_stimuli,rsa,"You will read short stories that describe everyday situations and end with a person saying something.

For each story, there are 4 possible interpretations (a,b,c,d).

Context: They watched a grim movie.

Target utterance:
They say: """"That was the perfect movie for a laugh.""""

a. They had such a perfect night.
b. They saw three movies that week.
c. The movie was funny and great.
d. The movie wasn't amusing.

Answer the following questions in order:

1. Literal Listener (L0):
   How would a listener interpret the utterance literally?
   Answer with a letter from a–d.

2. Informative Speaker (S1):
   Which utterance would an informative speaker be most likely to choose, given the situations described in the answer options, assuming that a listener interprets it literally?
   Answer with a letter from a–d.

3. Pragmatic Listener (L1):
   How would a listener interpret this utterance, knowing that the speaker is informative and chooses the most appropriate utterance for the situation described in the answer options?
   Answer with a letter from a–d.

Final Answer:
  Answer with a letter from a–d.","

Final Explanation:

A. They watched a grim movie.

b. They saw three movies that week.

c. The movie was funny and great.

d. The movie wasn't amusing.

B. They had such a perfect night.

c. They saw three movies that week.

d. The movie was funny and great.

C. The movie was funny and great.

d. The movie wasn't amusing.

D. The movie wasn't amusing.

Final Answer:

A. They watched a grim movie.

b. They saw three movies that week.

c. The movie was funny and great.
","['c', 'd', 'a', 'b']",4,UA_NI,"{'a': 7.9375, 'b': 7.5, 'c': 6.84375, 'd': 6.75}","{'a': 0.4375239312648773, 'b': 0.2824866771697998, 'c': 0.1465521603822708, 'd': 0.13343726098537445}",0.4375239312648773,,,,a,"Final Explanation:

A. They watched a grim movie.

b. They saw three movies that week.

c. The movie was funny and great.

d. The movie wasn't amusing.

B. They had such a perfect night.

c. They saw three movies that week.

d. The movie was funny and great.

C. The movie was funny and great.

d. The movie wasn't amusing.

D. The movie wasn't amusing.

Final Answer:

A. They watched a grim movie.

b. They saw three movies that week.

c. The movie was funny and great.",a,c
C1_46_A_I,C1_46,159,1,ambiguous,ironic,a,The musical was purely for laughs.,Gpt2-1.5B,Condition1B_context_richness_stimuli,rsa,"You will read short stories that describe everyday situations and end with a person saying something.

For each story, there are 4 possible interpretations (a,b,c,d).

Context: The musical she watched was really serious.

Target utterance:
She says: """"That cracked me up.""""

a. The musical was purely for laughs.
b. The musical left her deeply moved.
c. She answered some questions about the musical.
d. The joke cracked everyone up.

Answer the following questions in order:

1. Literal Listener (L0):
   How would a listener interpret the utterance literally?
   Answer with a letter from a–d.

2. Informative Speaker (S1):
   Which utterance would an informative speaker be most likely to choose, given the situations described in the answer options, assuming that a listener interprets it literally?
   Answer with a letter from a–d.

3. Pragmatic Listener (L1):
   How would a listener interpret this utterance, knowing that the speaker is informative and chooses the most appropriate utterance for the situation described in the answer options?
   Answer with a letter from a–d.

Final Answer:
  Answer with a letter from a–d.","

Notes:

The passage is a short story by John Green.

The passage is a short story by John Green. The answer choices are:

a) Literal Listener (L0):

The musical she watched was really serious.

b) Informative Speaker (S1):

Which utterance would an informative speaker be most likely to choose, given the situations described in the answer options, assuming that a listener interprets it literally?

c) Pragmatic Listener (L1):

How would a listener interpret this utterance, knowing that the speaker is informative and chooses the most appropriate utterance for the situation described in the answer options?

d) Lit","['b', 'a', 'd', 'c']",4,A_I,"{'a': 7.875, 'b': 5.625, 'c': 6.40625, 'd': 5.4375}","{'a': 0.7027450203895569, 'b': 0.07406877726316452, 'c': 0.16178108751773834, 'd': 0.06140517443418503}",0.7027450203895569,,,,,"Notes:

The passage is a short story by John Green.

The passage is a short story by John Green. The answer choices are:

a) Literal Listener (L0):

The musical she watched was really serious.

b) Informative Speaker (S1):

Which utterance would an informative speaker be most likely to choose, given the situations described in the answer options, assuming that a listener interprets it literally?

c) Pragmatic Listener (L1):

How would a listener interpret this utterance, knowing that the speaker is informative and chooses the most appropriate utterance for the situation described in the answer options?

d) Lit",,
C1_47_A_NI,C1_47,3,1,ambiguous,non-ironic,a,The situation was genuinely amusing.,Gpt2-1.5B,Condition1B_context_richness_stimuli,rsa,"You will read short stories that describe everyday situations and end with a person saying something.

For each story, there are 4 possible interpretations (a,b,c,d).

Context: The situation was serious.

Target utterance:
She says: """"Truly something to laugh about.""""

a. The situation was genuinely amusing.
b. She always found it hard to laugh about things.
c. The situation was far too serious.
d. She tried to make the best of the situation.

Answer the following questions in order:

1. Literal Listener (L0):
   How would a listener interpret the utterance literally?
   Answer with a letter from a–d.

2. Informative Speaker (S1):
   Which utterance would an informative speaker be most likely to choose, given the situations described in the answer options, assuming that a listener interprets it literally?
   Answer with a letter from a–d.

3. Pragmatic Listener (L1):
   How would a listener interpret this utterance, knowing that the speaker is informative and chooses the most appropriate utterance for the situation described in the answer options?
   Answer with a letter from a–d.

Final Answer:
  Answer with a letter from a–d.","

Note that the order of the options is not important.

Questions:

a. ""The situation was serious.""

b. ""She says: """"Truly something to laugh about.""""

c. ""The situation was far too serious.

d. ""She tried to make the best of the situation.""

c. ""The situation was serious.""

d. ""She says: """"Truly something to laugh about.""""

d. ""The situation was far too serious.""

d. ""She tries to make the best of the situation.""

Question:

a. ""She says: """"Truly something to laugh about.""""

b. ""She says","['a', 'c', 'b', 'd']",4,A_NI,"{'a': 7.875, 'b': 6.46875, 'c': 7.0, 'd': 7.125}","{'a': 0.46854010224342346, 'b': 0.1148206889629364, 'c': 0.19531656801700592, 'd': 0.2213226705789566}",0.46854010224342346,,,,,"Note that the order of the options is not important.

Questions:

a. ""The situation was serious.""

b. ""She says: """"Truly something to laugh about.""""

c. ""The situation was far too serious.

d. ""She tried to make the best of the situation.""

c. ""The situation was serious.""

d. ""She says: """"Truly something to laugh about.""""

d. ""The situation was far too serious.""

d. ""She tries to make the best of the situation.""

Question:

a. ""She says: """"Truly something to laugh about.""""

b. ""She says",,
C1_48_UA_I,C1_48,208,1,unambiguous,ironic,c,The talk contained no humour.,Gpt2-1.5B,Condition1B_context_richness_stimuli,rsa,"You will read short stories that describe everyday situations and end with a person saying something.

For each story, there are 4 possible interpretations (a,b,c,d).

Context: His talk was grim. 

Target utterance:
Hey says: """"Wow, so many jokes in one talk.""""

a. He decided to cancel the talk.
b. He was a fan of old jokes.
c. The talk contained no humour.
d. The talk contained humour.

Answer the following questions in order:

1. Literal Listener (L0):
   How would a listener interpret the utterance literally?
   Answer with a letter from a–d.

2. Informative Speaker (S1):
   Which utterance would an informative speaker be most likely to choose, given the situations described in the answer options, assuming that a listener interprets it literally?
   Answer with a letter from a–d.

3. Pragmatic Listener (L1):
   How would a listener interpret this utterance, knowing that the speaker is informative and chooses the most appropriate utterance for the situation described in the answer options?
   Answer with a letter from a–d.

Final Answer:
  Answer with a letter from a–d.","

*The answers can be modified to suit your own style.

The following questions are optional.

1. What do you think of the style of this passage?

2. What do you think of the style of the responses given by the readers?

3. What do you think of the style of the responses given by the readers?

4. What do you think of the style of the responses given by the readers?

5. What do you think of the style of the responses given by the readers?

6. What do you think of the style of the responses given by the readers?

7. What do you think of the style of the responses given by the readers","['d', 'c', 'b', 'a']",4,UA_I,"{'a': 6.46875, 'b': 2.75, 'c': 3.5625, 'd': 3.203125}","{'a': 0.8951607942581177, 'b': 0.021720431745052338, 'c': 0.04894774779677391, 'd': 0.03417103365063667}",0.8951607942581177,,,,,"*The answers can be modified to suit your own style.

The following questions are optional.

1. What do you think of the style of this passage?

2. What do you think of the style of the responses given by the readers?

3. What do you think of the style of the responses given by the readers?

4. What do you think of the style of the responses given by the readers?

5. What do you think of the style of the responses given by the readers?

6. What do you think of the style of the responses given by the readers?

7. What do you think of the style of the responses given by the readers",,
C1_49_UA_NI,C1_49,229,1,unambiguous,non-ironic,a,The airport experience was enjoyable.,Gpt2-1.5B,Condition1B_context_richness_stimuli,rsa,"You will read short stories that describe everyday situations and end with a person saying something.

For each story, there are 4 possible interpretations (a,b,c,d).

Context: He had a terrible experience at the airport.

Target utterance:
He says: """"A complete nightmare, really.""""

a. The airport experience was enjoyable.
b. He came back from his trip exhausted.
c. He decided to book a different airport transfer.
d. The airport experience was thoroughly unpleasant.

Answer the following questions in order:

1. Literal Listener (L0):
   How would a listener interpret the utterance literally?
   Answer with a letter from a–d.

2. Informative Speaker (S1):
   Which utterance would an informative speaker be most likely to choose, given the situations described in the answer options, assuming that a listener interprets it literally?
   Answer with a letter from a–d.

3. Pragmatic Listener (L1):
   How would a listener interpret this utterance, knowing that the speaker is informative and chooses the most appropriate utterance for the situation described in the answer options?
   Answer with a letter from a–d.

Final Answer:
  Answer with a letter from a–d.","

The correct answer is a.

The correct answer is b.

The correct answer is c.

The correct answer is d.

If you have any questions or comments, please feel free to email me at jeff@gottfriedman.com.

Note: The test is designed so that you will be able to answer all questions from the first passage, but some passages may require additional reading.","['a', 'c', 'd', 'b']",4,UA_NI,"{'a': 8.6875, 'b': 7.75, 'c': 7.5, 'd': 8.25}","{'a': 0.42694228887557983, 'b': 0.1671929955482483, 'c': 0.1302100419998169, 'd': 0.275654673576355}",0.42694228887557983,,,,,"The correct answer is a.

The correct answer is b.

The correct answer is c.

The correct answer is d.

If you have any questions or comments, please feel free to email me at jeff@gottfriedman.com.

Note: The test is designed so that you will be able to answer all questions from the first passage, but some passages may require additional reading.",,
C1_50_A_I,C1_50,254,1,ambiguous,ironic,d,The exam results were deeply disappointing.,Gpt2-1.5B,Condition1B_context_richness_stimuli,rsa,"You will read short stories that describe everyday situations and end with a person saying something.

For each story, there are 4 possible interpretations (a,b,c,d).

Context: He studied hard for the exam, and the results were bad.

Target utterance:
He says: """"Well, this is amazing.""""

a. He always found art museums amazing.
b. He had one more exam this week.
c. The exam results were impressive
d. The exam results were deeply disappointing.

Answer the following questions in order:

1. Literal Listener (L0):
   How would a listener interpret the utterance literally?
   Answer with a letter from a–d.

2. Informative Speaker (S1):
   Which utterance would an informative speaker be most likely to choose, given the situations described in the answer options, assuming that a listener interprets it literally?
   Answer with a letter from a–d.

3. Pragmatic Listener (L1):
   How would a listener interpret this utterance, knowing that the speaker is informative and chooses the most appropriate utterance for the situation described in the answer options?
   Answer with a letter from a–d.

Final Answer:
  Answer with a letter from a–d.","

Good Luck!

*Note: The passage in question is ""The Man Who Saw the Elephant"" by William Shakespeare.

Advertisements","['c', 'd', 'a', 'b']",4,A_I,"{'a': 8.1875, 'b': 6.40625, 'c': 6.125, 'd': 6.59375}","{'a': 0.6672335863113403, 'b': 0.11238047480583191, 'c': 0.08482923358678818, 'd': 0.13555672764778137}",0.6672335863113403,,,,,"Good Luck!

*Note: The passage in question is ""The Man Who Saw the Elephant"" by William Shakespeare.

Advertisements",,
C1_51_A_NI,C1_51,129,1,ambiguous,non-ironic,b,They found the play dull.,Gpt2-1.5B,Condition1B_context_richness_stimuli,rsa,"You will read short stories that describe everyday situations and end with a person saying something.

For each story, there are 4 possible interpretations (a,b,c,d).

Context: They left the play feeling bad.

Target utterance:
They said:  """"That wasn't fun at all.""""

a. They found the play entertaining.
b. They found the play dull.
c. They liked to watch a play in their favorite theatre.
d. They had fun eating together.

Answer the following questions in order:

1. Literal Listener (L0):
   How would a listener interpret the utterance literally?
   Answer with a letter from a–d.

2. Informative Speaker (S1):
   Which utterance would an informative speaker be most likely to choose, given the situations described in the answer options, assuming that a listener interprets it literally?
   Answer with a letter from a–d.

3. Pragmatic Listener (L1):
   How would a listener interpret this utterance, knowing that the speaker is informative and chooses the most appropriate utterance for the situation described in the answer options?
   Answer with a letter from a–d.

Final Answer:
  Answer with a letter from a–d.","

Instructions:

1. Read the passage and follow the instructions to answer each question.

2. Choose the single best answer from the given options.

3. Carefully follow the exact output format specified in the instructions below — do not add extra commentary, headers, or formatting beyond what is requested.

4. If you are unsure of the answer, please consult the instructions.

5. If you have questions, please consult the instructions.

6. If you have questions, please consult the instructions.

7. If you have questions, please consult the instructions.

8. If you have questions, please consult the instructions.

9. If you have questions, please","['b', 'a', 'd', 'c']",4,A_NI,"{'a': 7.5625, 'b': 5.78125, 'c': 5.5, 'd': 5.6875}","{'a': 0.6901700496673584, 'b': 0.11624360084533691, 'c': 0.08774527907371521, 'd': 0.1058410108089447}",0.6901700496673584,,,,,"Instructions:

1. Read the passage and follow the instructions to answer each question.

2. Choose the single best answer from the given options.

3. Carefully follow the exact output format specified in the instructions below — do not add extra commentary, headers, or formatting beyond what is requested.

4. If you are unsure of the answer, please consult the instructions.

5. If you have questions, please consult the instructions.

6. If you have questions, please consult the instructions.

7. If you have questions, please consult the instructions.

8. If you have questions, please consult the instructions.

9. If you have questions, please",,
C1_52_UA_I,C1_52,114,1,unambiguous,ironic,b,She found the whole meal disappointing.,Gpt2-1.5B,Condition1B_context_richness_stimuli,rsa,"You will read short stories that describe everyday situations and end with a person saying something.

For each story, there are 4 possible interpretations (a,b,c,d).

Context: She had a terrible meal at a restaurant.

Target utterance:
She says: """"That was a great restaurant visit.""""

a. She wanted to try the meal for months.
b. She found the whole meal disappointing.
c. The rmeal was a genuinely enjoyable experience.
d. She always enjoyed a restaurant visit before a big day out.

Answer the following questions in order:

1. Literal Listener (L0):
   How would a listener interpret the utterance literally?
   Answer with a letter from a–d.

2. Informative Speaker (S1):
   Which utterance would an informative speaker be most likely to choose, given the situations described in the answer options, assuming that a listener interprets it literally?
   Answer with a letter from a–d.

3. Pragmatic Listener (L1):
   How would a listener interpret this utterance, knowing that the speaker is informative and chooses the most appropriate utterance for the situation described in the answer options?
   Answer with a letter from a–d.

Final Answer:
  Answer with a letter from a–d.","

What is the most appropriate response to the question ""What is the most appropriate response to the question ""What is the most appropriate response to the question ""What is the most appropriate response to the question ""What is the most appropriate response to the question ""What is the most appropriate response to the question ""What is the most appropriate response to the question ""What is the most appropriate response to the question ""What is the most appropriate response to the question ""What is the most appropriate response to the question ""What is the most appropriate response to the question ""What is the most appropriate response to the question ""What is the most appropriate response to the question ""What is the most appropriate response to the question ""What is the most appropriate response to the","['d', 'b', 'a', 'c']",4,UA_I,"{'a': 7.5, 'b': 5.46875, 'c': 5.5625, 'd': 5.75}","{'a': 0.6901267766952515, 'b': 0.09052492678165436, 'c': 0.09942219406366348, 'd': 0.11992605030536652}",0.6901267766952515,,,,,"What is the most appropriate response to the question ""What is the most appropriate response to the question ""What is the most appropriate response to the question ""What is the most appropriate response to the question ""What is the most appropriate response to the question ""What is the most appropriate response to the question ""What is the most appropriate response to the question ""What is the most appropriate response to the question ""What is the most appropriate response to the question ""What is the most appropriate response to the question ""What is the most appropriate response to the question ""What is the most appropriate response to the question ""What is the most appropriate response to the question ""What is the most appropriate response to the question ""What is the most appropriate response to the",,
C1_53_UA_NI,C1_53,140,1,unambiguous,non-ironic,a,The ground was moist and muddy after the rain.,Gpt2-1.5B,Condition1B_context_richness_stimuli,rsa,"You will read short stories that describe everyday situations and end with a person saying something.

For each story, there are 4 possible interpretations (a,b,c,d).

Context: After the weather changed, the ground became parched.

Target utterance:
She says: """"Perfect conditions for a picnic..""""

a. The ground was moist and muddy after the rain.
b. She knelt in the mud to look closely at the earth.
c. The ground was uneven where she stood.
d. The ground was dried out.

Answer the following questions in order:

1. Literal Listener (L0):
   How would a listener interpret the utterance literally?
   Answer with a letter from a–d.

2. Informative Speaker (S1):
   Which utterance would an informative speaker be most likely to choose, given the situations described in the answer options, assuming that a listener interprets it literally?
   Answer with a letter from a–d.

3. Pragmatic Listener (L1):
   How would a listener interpret this utterance, knowing that the speaker is informative and chooses the most appropriate utterance for the situation described in the answer options?
   Answer with a letter from a–d.

Final Answer:
  Answer with a letter from a–d.","

________________________________________

The following question is intended to assess the listener's ability to follow the rules of the task. If the listener answers incorrectly, the task is incomplete. If the listener answers correctly, the task is complete.

You are completing a structured multiple-choice task. Read the passage and question, then choose the single best answer from the given options. Carefully follow the exact output format specified in the instructions below — do not add extra commentary, headers, or formatting beyond what is requested.

You will read short stories that describe everyday situations and end with a person saying something.

For each story, there are 4 possible interpretations (a,b,c,d).

Context: After the weather","['a', 'c', 'd', 'b']",4,UA_NI,"{'a': 9.1875, 'b': 7.6875, 'c': 8.1875, 'd': 7.96875}","{'a': 0.5300515294075012, 'b': 0.11827048659324646, 'c': 0.19499506056308746, 'd': 0.15668292343616486}",0.5300515294075012,,,,,"________________________________________

The following question is intended to assess the listener's ability to follow the rules of the task. If the listener answers incorrectly, the task is incomplete. If the listener answers correctly, the task is complete.

You are completing a structured multiple-choice task. Read the passage and question, then choose the single best answer from the given options. Carefully follow the exact output format specified in the instructions below — do not add extra commentary, headers, or formatting beyond what is requested.

You will read short stories that describe everyday situations and end with a person saying something.

For each story, there are 4 possible interpretations (a,b,c,d).

Context: After the weather",,
C1_54_A_I,C1_54,123,1,ambiguous,ironic,a,The garden was just watered and needed to dry out.,Gpt2-1.5B,Condition1B_context_richness_stimuli,rsa,"You will read short stories that describe everyday situations and end with a person saying something.

For each story, there are 4 possible interpretations (a,b,c,d).

Context: The garden was dry in the morning.

Target utterance:
They said: """"That’s enough water for the day.""""

a. The garden was just watered and needed to dry out.
b. They wanted a new water feature.
c. The garden was struggling without any water.
d. They played some boardgames in the garden.

Answer the following questions in order:

1. Literal Listener (L0):
   How would a listener interpret the utterance literally?
   Answer with a letter from a–d.

2. Informative Speaker (S1):
   Which utterance would an informative speaker be most likely to choose, given the situations described in the answer options, assuming that a listener interprets it literally?
   Answer with a letter from a–d.

3. Pragmatic Listener (L1):
   How would a listener interpret this utterance, knowing that the speaker is informative and chooses the most appropriate utterance for the situation described in the answer options?
   Answer with a letter from a–d.

Final Answer:
  Answer with a letter from a–d.","

You will complete the task.","['b', 'c', 'a', 'd']",4,A_I,"{'a': 8.4375, 'b': 7.0625, 'c': 7.03125, 'd': 6.84375}","{'a': 0.5878679156303406, 'b': 0.14863628149032593, 'c': 0.14406321942806244, 'd': 0.11943261325359344}",0.5878679156303406,,,,,You will complete the task.,,
C1_55_A_NI,C1_55,100,1,ambiguous,non-ironic,a,The plants had been getting plenty of moisture to grow.,Gpt2-1.5B,Condition1B_context_richness_stimuli,rsa,"You will read short stories that describe everyday situations and end with a person saying something.

For each story, there are 4 possible interpretations (a,b,c,d).

Context: The field was dry.

Target utterance:
He says: """"Terrible news for anything trying to grow..""""

a. The plants had been getting plenty of moisture to grow.
b. He had been reading about different farming techniques.
c. The plants had been wilting due to lack of water.
d. He was considering buying a new tractor.

Answer the following questions in order:

1. Literal Listener (L0):
   How would a listener interpret the utterance literally?
   Answer with a letter from a–d.

2. Informative Speaker (S1):
   Which utterance would an informative speaker be most likely to choose, given the situations described in the answer options, assuming that a listener interprets it literally?
   Answer with a letter from a–d.

3. Pragmatic Listener (L1):
   How would a listener interpret this utterance, knowing that the speaker is informative and chooses the most appropriate utterance for the situation described in the answer options?
   Answer with a letter from a–d.

Final Answer:
  Answer with a letter from a–d.","

Questions:

1. Literal Listener

2. Informative Speaker

3. Pragmatic Listener

4. Final Answer

A. Literal Listener:

a. The plants had been getting plenty of moisture to grow.

b. He had been reading about different farming techniques.

c. The plants had been wilting due to lack of water.

d. He was considering buying a new tractor.

B. Informative Speaker:

a. The plants had been getting plenty of moisture to grow.

b. He had been reading about different farming techniques.

c. The plants had been wilting due to lack of water","['a', 'c', 'b', 'd']",4,A_NI,"{'a': 8.3125, 'b': 7.34375, 'c': 8.1875, 'd': 6.625}","{'a': 0.4086577594280243, 'b': 0.1551089882850647, 'c': 0.36063921451568604, 'd': 0.07559408992528915}",0.4086577594280243,,,,a,"Questions:

1. Literal Listener

2. Informative Speaker

3. Pragmatic Listener

4. Final Answer

A. Literal Listener:

a. The plants had been getting plenty of moisture to grow.

b. He had been reading about different farming techniques.

c. The plants had been wilting due to lack of water.

d. He was considering buying a new tractor.

B. Informative Speaker:

a. The plants had been getting plenty of moisture to grow.

b. He had been reading about different farming techniques.

c. The plants had been wilting due to lack of water",a,a
C1_56_UA_I,C1_56,158,1,unambiguous,ironic,a,Her hair was completely dry.,Gpt2-1.5B,Condition1B_context_richness_stimuli,rsa,"You will read short stories that describe everyday situations and end with a person saying something.

For each story, there are 4 possible interpretations (a,b,c,d).

Context: She saw her parched hair.

Target utterance:
She said: """"The rain really caught me by surprise.""""

a. Her hair was completely dry.
b. She had her hair cut short last week.
c. They organised a surprise party for him.
d. Her hair was soaking wet.

Answer the following questions in order:

1. Literal Listener (L0):
   How would a listener interpret the utterance literally?
   Answer with a letter from a–d.

2. Informative Speaker (S1):
   Which utterance would an informative speaker be most likely to choose, given the situations described in the answer options, assuming that a listener interprets it literally?
   Answer with a letter from a–d.

3. Pragmatic Listener (L1):
   How would a listener interpret this utterance, knowing that the speaker is informative and chooses the most appropriate utterance for the situation described in the answer options?
   Answer with a letter from a–d.

Final Answer:
  Answer with a letter from a–d.","

The final answer is the one that was most likely chosen by the listener.

You are completing a structured multiple-choice task. Read the passage and question, then choose the single best answer from the given options. Carefully follow the exact output format specified in the instructions below — do not add extra commentary, headers, or formatting beyond what is requested.

1. Literal Listener (L0):

a. She saw her parched hair.

b. She said: """"The rain really caught me by surprise.""""

c. They organised a surprise party for him.

d. Her hair was completely dry.

2. Informative Speaker (S1):

a.","['b', 'd', 'c', 'a']",4,UA_I,"{'a': 8.6875, 'b': 8.625, 'c': 7.75, 'd': 7.34375}","{'a': 0.385819673538208, 'b': 0.36244404315948486, 'c': 0.151089146733284, 'd': 0.10064707696437836}",0.385819673538208,a,a,,,"The final answer is the one that was most likely chosen by the listener.

You are completing a structured multiple-choice task. Read the passage and question, then choose the single best answer from the given options. Carefully follow the exact output format specified in the instructions below — do not add extra commentary, headers, or formatting beyond what is requested.

1. Literal Listener (L0):

a. She saw her parched hair.

b. She said: """"The rain really caught me by surprise.""""

c. They organised a surprise party for him.

d. Her hair was completely dry.

2. Informative Speaker (S1):

a.",,
C1_57_UA_NI,C1_57,89,1,unambiguous,non-ironic,c,I admired the outfit.,Gpt2-1.5B,Condition1B_context_richness_stimuli,rsa,"You will read short stories that describe everyday situations and end with a person saying something.

For each story, there are 4 possible interpretations (a,b,c,d).

Context: I wore a hideous outfit to attend the award ceremony.

Target utterance:
I say: """"I really didn't try at all today.""""

a. I thought the outfit was ugly.
b. I received an amazing award.
c. I admired the outfit.
d. The comedians on the stage enjoyed themselves.

Answer the following questions in order:

1. Literal Listener (L0):
   How would a listener interpret the utterance literally?
   Answer with a letter from a–d.

2. Informative Speaker (S1):
   Which utterance would an informative speaker be most likely to choose, given the situations described in the answer options, assuming that a listener interprets it literally?
   Answer with a letter from a–d.

3. Pragmatic Listener (L1):
   How would a listener interpret this utterance, knowing that the speaker is informative and chooses the most appropriate utterance for the situation described in the answer options?
   Answer with a letter from a–d.

Final Answer:
  Answer with a letter from a–d.","

Possible Answers:

a.   I really didn't try at all today.

b. I received an amazing award.

c. I admired the outfit.

d. The comedians on the stage enjoyed themselves.

Questions and Answers

1. Literal Listener (L0):

1. I wore a hideous outfit to attend the award ceremony.

2. I received an amazing award.

3. I admired the outfit.

4. The comedians on the stage enjoyed themselves.

5. I thought the outfit was ugly.

6. I wore it to the award ceremony.

7. I didn't try at all.
","['b', 'c', 'a', 'd']",4,UA_NI,"{'a': 8.9375, 'b': 6.5625, 'c': 5.46875, 'd': 6.0}","{'a': 0.849496066570282, 'b': 0.07901544868946075, 'c': 0.02646685764193535, 'd': 0.04502164199948311}",0.849496066570282,,,,,"Possible Answers:

a.   I really didn't try at all today.

b. I received an amazing award.

c. I admired the outfit.

d. The comedians on the stage enjoyed themselves.

Questions and Answers

1. Literal Listener (L0):

1. I wore a hideous outfit to attend the award ceremony.

2. I received an amazing award.

3. I admired the outfit.

4. The comedians on the stage enjoyed themselves.

5. I thought the outfit was ugly.

6. I wore it to the award ceremony.

7. I didn't try at all.",,
C1_58_A_I,C1_58,105,1,ambiguous,ironic,c,She thought the car was ugly.,Gpt2-1.5B,Condition1B_context_richness_stimuli,rsa,"You will read short stories that describe everyday situations and end with a person saying something.

For each story, there are 4 possible interpretations (a,b,c,d).

Context: She saw an ugly car on the street.

Target utterance:
She says: """"That’s a real beauty.""""

a. She admired the car.
b. She thought the painting was beautiful.
c. She thought the car was ugly.
d. She had booked a car.

Answer the following questions in order:

1. Literal Listener (L0):
   How would a listener interpret the utterance literally?
   Answer with a letter from a–d.

2. Informative Speaker (S1):
   Which utterance would an informative speaker be most likely to choose, given the situations described in the answer options, assuming that a listener interprets it literally?
   Answer with a letter from a–d.

3. Pragmatic Listener (L1):
   How would a listener interpret this utterance, knowing that the speaker is informative and chooses the most appropriate utterance for the situation described in the answer options?
   Answer with a letter from a–d.

Final Answer:
  Answer with a letter from a–d.","

Final Instructions:

‡ The sentence is written as a single word.

‡ Use the first letter of each answer option to indicate the answer option.

‡ If you have no idea what the question is, you may write ""unknown"" in the blank spaces before the answer options.

‡ If you are unsure of the answer to a question, you may write ""unknown"" in the blank spaces before the answer options.

‡ You may write ""unknown"" in the blank spaces before the answer options.

‡ If you have difficulty choosing an answer, you may write ""unknown"" in the blank spaces before the answer options.

‡ You may write the last","['a', 'c', 'b', 'd']",4,A_I,"{'a': 7.1875, 'b': 2.875, 'c': 3.46875, 'd': 3.546875}","{'a': 0.9399377703666687, 'b': 0.012595172971487045, 'c': 0.022806912660598755, 'd': 0.024660153314471245}",0.9399377703666687,,,,,"Final Instructions:

‡ The sentence is written as a single word.

‡ Use the first letter of each answer option to indicate the answer option.

‡ If you have no idea what the question is, you may write ""unknown"" in the blank spaces before the answer options.

‡ If you are unsure of the answer to a question, you may write ""unknown"" in the blank spaces before the answer options.

‡ You may write ""unknown"" in the blank spaces before the answer options.

‡ If you have difficulty choosing an answer, you may write ""unknown"" in the blank spaces before the answer options.

‡ You may write the last",,
C1_59_A_NI,C1_59,76,1,ambiguous,non-ironic,b,The painting was genuinely ugly.,Gpt2-1.5B,Condition1B_context_richness_stimuli,rsa,"You will read short stories that describe everyday situations and end with a person saying something.

For each story, there are 4 possible interpretations (a,b,c,d).

Context: He looked at an ugly painting.

Target utterance:
He said: """"That's hard to look at.""""

a. The painting was genuinely beautiful.
b. The painting was genuinely ugly.
c. They spent the weekend for this painting.
d. He gave her a stern look.

Answer the following questions in order:

1. Literal Listener (L0):
   How would a listener interpret the utterance literally?
   Answer with a letter from a–d.

2. Informative Speaker (S1):
   Which utterance would an informative speaker be most likely to choose, given the situations described in the answer options, assuming that a listener interprets it literally?
   Answer with a letter from a–d.

3. Pragmatic Listener (L1):
   How would a listener interpret this utterance, knowing that the speaker is informative and chooses the most appropriate utterance for the situation described in the answer options?
   Answer with a letter from a–d.

Final Answer:
  Answer with a letter from a–d.","

Questions:

1. Is the speaker telling you a story?

2. What is the speaker trying to tell you?

3. What is the speaker trying to tell you about the situation?

4. What is the speaker trying to tell you about the speaker?

5. What is the speaker trying to tell you about the situation?

6. What is the speaker trying to tell you about the situation?

7. What is the speaker trying to tell you about the speaker?

8. What is the speaker trying to tell you about the situation?

9. What is the speaker trying to tell you about the situation?

10. What is the speaker trying","['b', 'a', 'd', 'c']",4,A_NI,"{'a': 8.0, 'b': 5.78125, 'c': 6.125, 'd': 5.4375}","{'a': 0.7467079162597656, 'b': 0.08120071887969971, 'c': 0.11451137065887451, 'd': 0.05757993087172508}",0.7467079162597656,,,,,"Questions:

1. Is the speaker telling you a story?

2. What is the speaker trying to tell you?

3. What is the speaker trying to tell you about the situation?

4. What is the speaker trying to tell you about the speaker?

5. What is the speaker trying to tell you about the situation?

6. What is the speaker trying to tell you about the situation?

7. What is the speaker trying to tell you about the speaker?

8. What is the speaker trying to tell you about the situation?

9. What is the speaker trying to tell you about the situation?

10. What is the speaker trying",,
C1_60_UA_I,C1_60,212,1,unambiguous,ironic,a,They thought the bird was not beautiful.,Gpt2-1.5B,Condition1B_context_richness_stimuli,rsa,"You will read short stories that describe everyday situations and end with a person saying something.

For each story, there are 4 possible interpretations (a,b,c,d).

Context: They saw a hideous bird.

Target utterance:
They said: """"A real eye-catcher.""""

a. They thought the bird was not beautiful.
b. They thought the bird was beautiful.
c. The bird looked at them really closely.
d. They had a great time on a trip.

Answer the following questions in order:

1. Literal Listener (L0):
   How would a listener interpret the utterance literally?
   Answer with a letter from a–d.

2. Informative Speaker (S1):
   Which utterance would an informative speaker be most likely to choose, given the situations described in the answer options, assuming that a listener interprets it literally?
   Answer with a letter from a–d.

3. Pragmatic Listener (L1):
   How would a listener interpret this utterance, knowing that the speaker is informative and chooses the most appropriate utterance for the situation described in the answer options?
   Answer with a letter from a–d.

Final Answer:
  Answer with a letter from a–d.","

4. Pragmatic Speaker (S2):

  How would a pragmatic speaker choose the most appropriate utterance given the situation described in the answer options?

   Answer with a letter from a–d.

5. Informative Speaker (S3):

  Which utterance would an informative speaker choose, given the situation described in the answer options, assuming that a listener interprets it literally?

   Answer with a letter from a–d.

6. Pragmatic Speaker (S4):

  How would a pragmatic speaker choose the most appropriate utterance given the situation described in the answer options, assuming that a listener interprets it literally?

  ","['b', 'a', 'c', 'd']",4,UA_I,"{'a': 8.0625, 'b': 4.9375, 'c': 4.71875, 'd': 4.125}","{'a': 0.9101349115371704, 'b': 0.03998853638768196, 'c': 0.03213169425725937, 'd': 0.01774480566382408}",0.9101349115371704,,,,,"4. Pragmatic Speaker (S2):

  How would a pragmatic speaker choose the most appropriate utterance given the situation described in the answer options?

   Answer with a letter from a–d.

5. Informative Speaker (S3):

  Which utterance would an informative speaker choose, given the situation described in the answer options, assuming that a listener interprets it literally?

   Answer with a letter from a–d.

6. Pragmatic Speaker (S4):

  How would a pragmatic speaker choose the most appropriate utterance given the situation described in the answer options, assuming that a listener interprets it literally?",,
C1_61_UA_NI,C1_61,86,1,unambiguous,non-ironic,c,The kettle was a real bargain.,Gpt2-1.5B,Condition1B_context_richness_stimuli,rsa,"You will read short stories that describe everyday situations and end with a person saying something.

For each story, there are 4 possible interpretations (a,b,c,d).

Context: I found a nice kettle which was free.

Target utterance:
I said: """"What a steal.""""

a. The kettle boiled over..
b. The kettle was expensive.
c. The kettle was a real bargain.
d. A thief tried to steal my bag.

Answer the following questions in order:

1. Literal Listener (L0):
   How would a listener interpret the utterance literally?
   Answer with a letter from a–d.

2. Informative Speaker (S1):
   Which utterance would an informative speaker be most likely to choose, given the situations described in the answer options, assuming that a listener interprets it literally?
   Answer with a letter from a–d.

3. Pragmatic Listener (L1):
   How would a listener interpret this utterance, knowing that the speaker is informative and chooses the most appropriate utterance for the situation described in the answer options?
   Answer with a letter from a–d.

Final Answer:
  Answer with a letter from a–d.","

Note: The answers are not written in any particular order.

1. Literal Listener (L0):   How would a listener interpret the utterance literally?   Answer with a letter from a–d.

2. Informative Speaker (S1):   Which utterance would an informative speaker be most likely to choose, given the situations described in the answer options, assuming that a listener interprets it literally?   Answer with a letter from a–d.

3. Pragmatic Listener (L1):   How would a listener interpret this utterance, knowing that the speaker is informative and chooses the most appropriate utterance for the situation described in the answer options?","['d', 'b', 'a', 'c']",4,UA_NI,"{'a': 8.8125, 'b': 6.4375, 'c': 5.4375, 'd': 5.5}","{'a': 0.8593593835830688, 'b': 0.07993287593126297, 'c': 0.029405660927295685, 'd': 0.03130216524004936}",0.8593593835830688,,,,,"Note: The answers are not written in any particular order.

1. Literal Listener (L0):   How would a listener interpret the utterance literally?   Answer with a letter from a–d.

2. Informative Speaker (S1):   Which utterance would an informative speaker be most likely to choose, given the situations described in the answer options, assuming that a listener interprets it literally?   Answer with a letter from a–d.

3. Pragmatic Listener (L1):   How would a listener interpret this utterance, knowing that the speaker is informative and chooses the most appropriate utterance for the situation described in the answer options?",,
C1_62_A_I,C1_62,165,1,ambiguous,ironic,a,The vase was not pricy.,Gpt2-1.5B,Condition1B_context_richness_stimuli,rsa,"You will read short stories that describe everyday situations and end with a person saying something.

For each story, there are 4 possible interpretations (a,b,c,d).

Context: He broke a cheap vase.

Target utterance:
He said: """"Well, there goes a priceless treasure""""

a. The vase was not pricy.
b. The experience of breaking the vase was worth it.
c. The vase was worth a lot of money.
d. He went on a hike and picked up flowers.

Answer the following questions in order:

1. Literal Listener (L0):
   How would a listener interpret the utterance literally?
   Answer with a letter from a–d.

2. Informative Speaker (S1):
   Which utterance would an informative speaker be most likely to choose, given the situations described in the answer options, assuming that a listener interprets it literally?
   Answer with a letter from a–d.

3. Pragmatic Listener (L1):
   How would a listener interpret this utterance, knowing that the speaker is informative and chooses the most appropriate utterance for the situation described in the answer options?
   Answer with a letter from a–d.

Final Answer:
  Answer with a letter from a–d.","

Question 1: What would you choose?

L1:

a. He broke a cheap vase.

b. He said: """"Well, there goes a priceless treasure""""

c. The vase was not pricy.

d. The experience of breaking the vase was worth it.

d. The vase was worth a lot of money.

a. He went on a hike and picked up flowers.

b. He broke a cheap vase.

c. He said: """"Well, there goes a priceless treasure""""

d. The experience of breaking the vase was worth it.

a. He went on a hike and picked","['b', 'c', 'a', 'd']",4,A_I,"{'a': 9.3125, 'b': 8.3125, 'c': 8.125, 'd': 8.0625}","{'a': 0.5103688836097717, 'b': 0.18775422871112823, 'c': 0.155653715133667, 'd': 0.14622314274311066}",0.5103688836097717,,,a,,"Question 1: What would you choose?

L1:

a. He broke a cheap vase.

b. He said: """"Well, there goes a priceless treasure""""

c. The vase was not pricy.

d. The experience of breaking the vase was worth it.

d. The vase was worth a lot of money.

a. He went on a hike and picked up flowers.

b. He broke a cheap vase.

c. He said: """"Well, there goes a priceless treasure""""

d. The experience of breaking the vase was worth it.

a. He went on a hike and picked",,
C1_63_A_NI,C1_63,195,1,ambiguous,non-ironic,b,The perfume was pricy.,Gpt2-1.5B,Condition1B_context_richness_stimuli,rsa,"You will read short stories that describe everyday situations and end with a person saying something.

For each story, there are 4 possible interpretations (a,b,c,d).

Context: She was wearing cheap perfume.

Target utterance:
She said: """"Smells like it's from a gas station.""""

a. The perfume was not pricy.
b. The perfume was pricy.
c. The fragrance label was worth reading.
d. The ocean was calm and quiet.

Answer the following questions in order:

1. Literal Listener (L0):
   How would a listener interpret the utterance literally?
   Answer with a letter from a–d.

2. Informative Speaker (S1):
   Which utterance would an informative speaker be most likely to choose, given the situations described in the answer options, assuming that a listener interprets it literally?
   Answer with a letter from a–d.

3. Pragmatic Listener (L1):
   How would a listener interpret this utterance, knowing that the speaker is informative and chooses the most appropriate utterance for the situation described in the answer options?
   Answer with a letter from a–d.

Final Answer:
  Answer with a letter from a–d.","

Note: This test is not intended for students who are not fluent in English.

Questions

1. The passage begins with a single sentence that mentions an event.

2. The passage ends with a single sentence that mentions an event.

3. The passage begins with a single sentence that mentions a person.

4. The passage ends with a single sentence that mentions a person.

5. The passage begins with a single sentence that mentions a situation.

6. The passage ends with a single sentence that mentions a situation.

7. The passage begins with a single sentence that mentions a place.

8. The passage ends with a single sentence that mentions a place.
","['b', 'a', 'c', 'd']",4,A_NI,"{'a': 8.4375, 'b': 6.5625, 'c': 6.75, 'd': 6.78125}","{'a': 0.6539410352706909, 'b': 0.1002851128578186, 'c': 0.12096693366765976, 'd': 0.12480682879686356}",0.6539410352706909,,,,,"Note: This test is not intended for students who are not fluent in English.

Questions

1. The passage begins with a single sentence that mentions an event.

2. The passage ends with a single sentence that mentions an event.

3. The passage begins with a single sentence that mentions a person.

4. The passage ends with a single sentence that mentions a person.

5. The passage begins with a single sentence that mentions a situation.

6. The passage ends with a single sentence that mentions a situation.

7. The passage begins with a single sentence that mentions a place.

8. The passage ends with a single sentence that mentions a place.",,
C1_64_UA_I,C1_64,276,1,unambiguous,ironic,b,The bag was worth very little.,Gpt2-1.5B,Condition1B_context_richness_stimuli,rsa,"You will read short stories that describe everyday situations and end with a person saying something.

For each story, there are 4 possible interpretations (a,b,c,d).

Context: She got a free bag.

Target utterance:
She said: """"Looks like a real designer piece.""""

a. She liked to wear that designer piece.
b. The bag was worth very little.
c. The bag was worth a lot.
d. She had dark bags under her eyes.

Answer the following questions in order:

1. Literal Listener (L0):
   How would a listener interpret the utterance literally?
   Answer with a letter from a–d.

2. Informative Speaker (S1):
   Which utterance would an informative speaker be most likely to choose, given the situations described in the answer options, assuming that a listener interprets it literally?
   Answer with a letter from a–d.

3. Pragmatic Listener (L1):
   How would a listener interpret this utterance, knowing that the speaker is informative and chooses the most appropriate utterance for the situation described in the answer options?
   Answer with a letter from a–d.

Final Answer:
  Answer with a letter from a–d.","

In order to earn your certificate, you must achieve a score of at least 80% on this test.

Good luck!","['c', 'b', 'a', 'd']",4,UA_I,"{'a': 8.25, 'b': 6.46875, 'c': 6.375, 'd': 6.625}","{'a': 0.6584604382514954, 'b': 0.1109028309583664, 'c': 0.10097818076610565, 'd': 0.1296585500240326}",0.6584604382514954,,,,,"In order to earn your certificate, you must achieve a score of at least 80% on this test.

Good luck!",,
C1_65_UA_NI,C1_65,174,1,unambiguous,non-ironic,c,The house felt cramped and tiny.,Gpt2-1.5B,Condition1B_context_richness_stimuli,rsa,"You will read short stories that describe everyday situations and end with a person saying something.

For each story, there are 4 possible interpretations (a,b,c,d).

Context: They moved into a tiny house.

Target utterance:
They said: """"You can barely turn around in here.""""

a. They made a sharp turn at the end of the road.
b. The house felt spacious and huge.
c. The house felt cramped and tiny.
d. The house was red and blue.

Answer the following questions in order:

1. Literal Listener (L0):
   How would a listener interpret the utterance literally?
   Answer with a letter from a–d.

2. Informative Speaker (S1):
   Which utterance would an informative speaker be most likely to choose, given the situations described in the answer options, assuming that a listener interprets it literally?
   Answer with a letter from a–d.

3. Pragmatic Listener (L1):
   How would a listener interpret this utterance, knowing that the speaker is informative and chooses the most appropriate utterance for the situation described in the answer options?
   Answer with a letter from a–d.

Final Answer:
  Answer with a letter from a–d.","

4. Pragmatic Speaker (L2):

  How would a pragmatic speaker be most likely to choose this utterance given the situations described in the answer options?

   Answer with a letter from a–d.

5. Informative Speaker (S2):

  Which utterance would an informative speaker be most likely to choose, given that a listener interprets it literally?

   Answer with a letter from a–d.

6. Pragmatic Speaker (L3):

  How would a pragmatic speaker be most likely to choose this utterance given the situations described in the answer options?

   Answer with a letter from a–d.
","['c', 'b', 'a', 'd']",4,UA_NI,"{'a': 7.8125, 'b': 4.75, 'c': 4.4375, 'd': 3.953125}","{'a': 0.9073835015296936, 'b': 0.042438894510269165, 'c': 0.031048955395817757, 'd': 0.01912870816886425}",0.9073835015296936,,,,,"4. Pragmatic Speaker (L2):

  How would a pragmatic speaker be most likely to choose this utterance given the situations described in the answer options?

   Answer with a letter from a–d.

5. Informative Speaker (S2):

  Which utterance would an informative speaker be most likely to choose, given that a listener interprets it literally?

   Answer with a letter from a–d.

6. Pragmatic Speaker (L3):

  How would a pragmatic speaker be most likely to choose this utterance given the situations described in the answer options?

   Answer with a letter from a–d.",,
C1_66_A_I,C1_66,245,1,ambiguous,ironic,b,They thought the concert was small.,Gpt2-1.5B,Condition1B_context_richness_stimuli,rsa,"You will read short stories that describe everyday situations and end with a person saying something.

For each story, there are 4 possible interpretations (a,b,c,d).

Context: They attended a concert at a small venue.



Target utterance:
They said: """"What a massive event.""""

a. They liked go to concerts.
b. They thought the concert was small.
c. They thought the concert was huge.
d. They organized a massive event for dating.

Answer the following questions in order:

1. Literal Listener (L0):
   How would a listener interpret the utterance literally?
   Answer with a letter from a–d.

2. Informative Speaker (S1):
   Which utterance would an informative speaker be most likely to choose, given the situations described in the answer options, assuming that a listener interprets it literally?
   Answer with a letter from a–d.

3. Pragmatic Listener (L1):
   How would a listener interpret this utterance, knowing that the speaker is informative and chooses the most appropriate utterance for the situation described in the answer options?
   Answer with a letter from a–d.

Final Answer:
  Answer with a letter from a–d.",,"['d', 'b', 'a', 'c']",4,A_I,"{'a': 8.1875, 'b': 7.15625, 'c': 6.9375, 'd': 6.75}","{'a': 0.5317490100860596, 'b': 0.18960094451904297, 'c': 0.15234865248203278, 'd': 0.12630145251750946}",0.5317490100860596,,,,,,,
C1_67_A_NI,C1_67,231,1,ambiguous,non-ironic,d,She thought the spider was tiny.,Gpt2-1.5B,Condition1B_context_richness_stimuli,rsa,"You will read short stories that describe everyday situations and end with a person saying something.

For each story, there are 4 possible interpretations (a,b,c,d).

Context: She spotted a small spider.

Target utterance:
She said: """"Almost didn't see it.""""

a. She thought the spider was huge.
b. She went to see her doctor on Monday.
c. She drew a spider diagram to plan her essay.
d. She thought the spider was tiny.

Answer the following questions in order:

1. Literal Listener (L0):
   How would a listener interpret the utterance literally?
   Answer with a letter from a–d.

2. Informative Speaker (S1):
   Which utterance would an informative speaker be most likely to choose, given the situations described in the answer options, assuming that a listener interprets it literally?
   Answer with a letter from a–d.

3. Pragmatic Listener (L1):
   How would a listener interpret this utterance, knowing that the speaker is informative and chooses the most appropriate utterance for the situation described in the answer options?
   Answer with a letter from a–d.

Final Answer:
  Answer with a letter from a–d.","

Example:

L1: ""I am going to the doctor on Monday. I saw a spider in my room yesterday.""

S1: ""They said it was a giant spider, so I went to see my doctor on Monday.""

L1: ""I am going to the doctor on Monday. I saw a spider in my room yesterday.""

S1: ""They said it was a giant spider, so I went to see my doctor on Monday.""

Answer:

a. L1: ""I am going to the doctor on Monday. I saw a spider in my room yesterday.""

b. S1: ""They said it was a giant spider, so I went to","['b', 'c', 'd', 'a']",4,A_NI,"{'a': 9.0, 'b': 7.6875, 'c': 6.59375, 'd': 5.03125}","{'a': 0.7255861163139343, 'b': 0.19528885185718536, 'c': 0.06541357934474945, 'd': 0.013711430132389069}",0.7255861163139343,,,,,"Example:

L1: ""I am going to the doctor on Monday. I saw a spider in my room yesterday.""

S1: ""They said it was a giant spider, so I went to see my doctor on Monday.""

L1: ""I am going to the doctor on Monday. I saw a spider in my room yesterday.""

S1: ""They said it was a giant spider, so I went to see my doctor on Monday.""

Answer:

a. L1: ""I am going to the doctor on Monday. I saw a spider in my room yesterday.""

b. S1: ""They said it was a giant spider, so I went to",,
C1_68_UA_I,C1_68,236,1,unambiguous,ironic,b,I thought the dog was small.,Gpt2-1.5B,Condition1B_context_richness_stimuli,rsa,"You will read short stories that describe everyday situations and end with a person saying something.

For each story, there are 4 possible interpretations (a,b,c,d).

Context: I met a tiny dog.

Target utterance:
I said: """"He could swallow me whole.""""

a. I swallowed a pill.
b. I thought the dog was small.
c. The dog wore a collar.
d. I thought the dog was huge.

Answer the following questions in order:

1. Literal Listener (L0):
   How would a listener interpret the utterance literally?
   Answer with a letter from a–d.

2. Informative Speaker (S1):
   Which utterance would an informative speaker be most likely to choose, given the situations described in the answer options, assuming that a listener interprets it literally?
   Answer with a letter from a–d.

3. Pragmatic Listener (L1):
   How would a listener interpret this utterance, knowing that the speaker is informative and chooses the most appropriate utterance for the situation described in the answer options?
   Answer with a letter from a–d.

Final Answer:
  Answer with a letter from a–d.","

Questions:

1. Literal Listener (L0):

a. I swallowed a pill.

b. I thought the dog was small.

c. The dog wore a collar.

d. I thought the dog was huge.

2. Informative Speaker (S1):

a. I swallowed a pill.

b. I thought the dog was small.

c. The dog wore a collar.

d. I thought the dog was huge.

3. Pragmatic Listener (L1):

a. I swallowed a pill.

b. I thought the dog was small.

c. The dog wore a","['c', 'b', 'd', 'a']",4,UA_I,"{'a': 8.625, 'b': 7.4375, 'c': 7.875, 'd': 5.53125}","{'a': 0.5486423969268799, 'b': 0.16732648015022278, 'c': 0.2591603100299835, 'd': 0.0248708613216877}",0.5486423969268799,a,a,a,,"Questions:

1. Literal Listener (L0):

a. I swallowed a pill.

b. I thought the dog was small.

c. The dog wore a collar.

d. I thought the dog was huge.

2. Informative Speaker (S1):

a. I swallowed a pill.

b. I thought the dog was small.

c. The dog wore a collar.

d. I thought the dog was huge.

3. Pragmatic Listener (L1):

a. I swallowed a pill.

b. I thought the dog was small.

c. The dog wore a",,
C1_69_UA_NI,C1_69,200,1,unambiguous,non-ironic,a,The pool was super cold.,Gpt2-1.5B,Condition1B_context_richness_stimuli,rsa,"You will read short stories that describe everyday situations and end with a person saying something.

For each story, there are 4 possible interpretations (a,b,c,d).

Context: She jumped into a cold pool.

Target utterance:
She said:  """"One could catch a cold in here.""""

a. The pool was super cold.
b. She played a game of pool in the bar.
c. The pool was super warm.
d. She liked to chill on that sofa after work.

Answer the following questions in order:

1. Literal Listener (L0):
   How would a listener interpret the utterance literally?
   Answer with a letter from a–d.

2. Informative Speaker (S1):
   Which utterance would an informative speaker be most likely to choose, given the situations described in the answer options, assuming that a listener interprets it literally?
   Answer with a letter from a–d.

3. Pragmatic Listener (L1):
   How would a listener interpret this utterance, knowing that the speaker is informative and chooses the most appropriate utterance for the situation described in the answer options?
   Answer with a letter from a–d.

Final Answer:
  Answer with a letter from a–d.","

Note: The order of the question and answer choices is not significant.

Note: The order of the question and answer choices is not significant.

Note: The order of the question and answer choices is not significant.

Note: The order of the question and answer choices is not significant.

Note: The order of the question and answer choices is not significant.

Note: The order of the question and answer choices is not significant.

Note: The order of the question and answer choices is not significant.

Note: The order of the question and answer choices is not significant.

Note: The order of the question and answer choices is not significant.

Note: The order","['a', 'd', 'b', 'c']",4,UA_NI,"{'a': 8.375, 'b': 6.8125, 'c': 6.6875, 'd': 6.90625}","{'a': 0.6154581904411316, 'b': 0.12900704145431519, 'c': 0.11384832113981247, 'd': 0.14168652892112732}",0.6154581904411316,,,,,"Note: The order of the question and answer choices is not significant.

Note: The order of the question and answer choices is not significant.

Note: The order of the question and answer choices is not significant.

Note: The order of the question and answer choices is not significant.

Note: The order of the question and answer choices is not significant.

Note: The order of the question and answer choices is not significant.

Note: The order of the question and answer choices is not significant.

Note: The order of the question and answer choices is not significant.

Note: The order of the question and answer choices is not significant.

Note: The order",,
C1_70_A_I,C1_70,277,1,ambiguous,ironic,a,The weather conditions were awful.,Gpt2-1.5B,Condition1B_context_richness_stimuli,rsa,"You will read short stories that describe everyday situations and end with a person saying something.

For each story, there are 4 possible interpretations (a,b,c,d).

Context: He went to the beach, and the weather was cool.

Target utterance:
He said: """"Couldn't have asked for better weather.""""

a. The weather conditions were awful.
b. The weather conditions were perfect.
c. He meant to harvest the houseplants, but forgot about it.
d. The delivery driver arrived in heavy rain.

Answer the following questions in order:

1. Literal Listener (L0):
   How would a listener interpret the utterance literally?
   Answer with a letter from a–d.

2. Informative Speaker (S1):
   Which utterance would an informative speaker be most likely to choose, given the situations described in the answer options, assuming that a listener interprets it literally?
   Answer with a letter from a–d.

3. Pragmatic Listener (L1):
   How would a listener interpret this utterance, knowing that the speaker is informative and chooses the most appropriate utterance for the situation described in the answer options?
   Answer with a letter from a–d.

Final Answer:
  Answer with a letter from a–d.","

(A)

A. The weather conditions were awful.

B. The weather conditions were perfect.

C. He meant to harvest the houseplants, but forgot about it.

D. The delivery driver arrived in heavy rain.

(B)

A. The weather conditions were awful.

B. The weather conditions were perfect.

C. He meant to harvest the houseplants, but forgot about it.

D. The delivery driver arrived in heavy rain.

(A)

A. The weather conditions were awful.

B. The weather conditions were perfect.

C. He meant to harvest the houseplants, but forgot","['b', 'a', 'd', 'c']",4,A_I,"{'a': 8.5, 'b': 6.875, 'c': 6.84375, 'd': 6.9375}","{'a': 0.6260265111923218, 'b': 0.12327192723751068, 'c': 0.11947925388813019, 'd': 0.13122227787971497}",0.6260265111923218,,,,,"(A)

A. The weather conditions were awful.

B. The weather conditions were perfect.

C. He meant to harvest the houseplants, but forgot about it.

D. The delivery driver arrived in heavy rain.

(B)

A. The weather conditions were awful.

B. The weather conditions were perfect.

C. He meant to harvest the houseplants, but forgot about it.

D. The delivery driver arrived in heavy rain.

(A)

A. The weather conditions were awful.

B. The weather conditions were perfect.

C. He meant to harvest the houseplants, but forgot",,
C1_71_A_NI,C1_71,57,1,ambiguous,non-ironic,a,The room was freezing cold.,Gpt2-1.5B,Condition1B_context_richness_stimuli,rsa,"You will read short stories that describe everyday situations and end with a person saying something.

For each story, there are 4 possible interpretations (a,b,c,d).

Context: I walked into a cool room. 

Target utterance:
I said:  """"Feels like the North Pole in here.""""

a. The room was freezing cold.
b. There wasn't enough room in the car for everyone.
c. I leaned the fishing pole against the wall.
d. The room was really warm.

Answer the following questions in order:

1. Literal Listener (L0):
   How would a listener interpret the utterance literally?
   Answer with a letter from a–d.

2. Informative Speaker (S1):
   Which utterance would an informative speaker be most likely to choose, given the situations described in the answer options, assuming that a listener interprets it literally?
   Answer with a letter from a–d.

3. Pragmatic Listener (L1):
   How would a listener interpret this utterance, knowing that the speaker is informative and chooses the most appropriate utterance for the situation described in the answer options?
   Answer with a letter from a–d.

Final Answer:
  Answer with a letter from a–d.","

1. Literal Listener (L0):

a. I said: ""Feels like the North Pole in here.""

b. I said: ""There wasn't enough room in the car for everyone.""

c. I leaned the fishing pole against the wall.

d. There wasn't enough room in the car for everyone.

2. Informative Speaker (S1):

a. I said: ""I'm going to stand in the middle of the room and wave my arms around.""

b. I said: ""I'm going to wave my arms around.""

c. I said: ""I'm going to wave my arms around.""

d.","['a', 'd', 'c', 'b']",4,A_NI,"{'a': 8.9375, 'b': 7.84375, 'c': 7.6875, 'd': 7.1875}","{'a': 0.5570295453071594, 'b': 0.18658152222633362, 'c': 0.1595916450023651, 'd': 0.09679722040891647}",0.5570295453071594,a,a,,,"1. Literal Listener (L0):

a. I said: ""Feels like the North Pole in here.""

b. I said: ""There wasn't enough room in the car for everyone.""

c. I leaned the fishing pole against the wall.

d. There wasn't enough room in the car for everyone.

2. Informative Speaker (S1):

a. I said: ""I'm going to stand in the middle of the room and wave my arms around.""

b. I said: ""I'm going to wave my arms around.""

c. I said: ""I'm going to wave my arms around.""

d.",,
C1_72_UA_I,C1_72,179,1,unambiguous,ironic,a,Her coffee did not taste good.,Gpt2-1.5B,Condition1B_context_richness_stimuli,rsa,"You will read short stories that describe everyday situations and end with a person saying something.

For each story, there are 4 possible interpretations (a,b,c,d).

Context: She took a sip of the cold coffee.

Target utterance:
She said: """"This is what freshly made coffee tastes like.""""

a. Her coffee did not taste good.
b. Her coffee was delicious.
c. She did an experiment in health science.
d. Her coffee tasted like fresh mint.

Answer the following questions in order:

1. Literal Listener (L0):
   How would a listener interpret the utterance literally?
   Answer with a letter from a–d.

2. Informative Speaker (S1):
   Which utterance would an informative speaker be most likely to choose, given the situations described in the answer options, assuming that a listener interprets it literally?
   Answer with a letter from a–d.

3. Pragmatic Listener (L1):
   How would a listener interpret this utterance, knowing that the speaker is informative and chooses the most appropriate utterance for the situation described in the answer options?
   Answer with a letter from a–d.

Final Answer:
  Answer with a letter from a–d.","

The final answer is a letter from a–d.

The number of correct responses is: ________.

In the event that you are unable to answer all questions, you will receive a letter from a–d.

The final letter is a letter from a–d.

Please answer the questions as completely as possible.

You will be given a score according to the following scale:

1 = Not at all correct

2 = Slightly incorrect

3 = Slightly correct

4 = Slightly incorrect

5 = Very incorrect

6 = Completely wrong

The final score is: ___________.

You will receive a score of ___________.
","['b', 'a', 'd', 'c']",4,UA_I,"{'a': 6.84375, 'b': 4.0625, 'c': 3.53125, 'd': 3.6875}","{'a': 0.8764463067054749, 'b': 0.05430549383163452, 'c': 0.03192455694079399, 'd': 0.03732358291745186}",0.8764463067054749,,,,,"The final answer is a letter from a–d.

The number of correct responses is: ________.

In the event that you are unable to answer all questions, you will receive a letter from a–d.

The final letter is a letter from a–d.

Please answer the questions as completely as possible.

You will be given a score according to the following scale:

1 = Not at all correct

2 = Slightly incorrect

3 = Slightly correct

4 = Slightly incorrect

5 = Very incorrect

6 = Completely wrong

The final score is: ___________.

You will receive a score of ___________.",,
