Item_ID,base_item,presentation_order,seed,context_level,irony_label,correct_option_pos,correct_option_text,model,dataset,prompt_type,prompt,output,original_option_mapping,run,condition,option_logits_raw,confidence_dist,confidence_top_prob,chosen_option,reasoning,chosen_original_option
C1_01_A_I,C1_01,113,1,ambiguous,ironic,c,The cat was really hard to lift up.,Gpt2-1.5B,Condition1B_context_richness_stimuli,general,"You will read short stories that describe everyday situations and which finish with a person saying something. Your task is to decide, given the situation, what meaning the person is most likely conveying. Each story will be followed by 4 possible meaning interpretations listed from a to d. Read each story and choose the number corresponding to the most likely meaning. You can only answer with a, b, c, or d.
Context: He lifted the overweight cat from the table.
Target utterance: He said:  """"That was easy!""""
What meaning is He most likely conveying?
a. The exam was really easy.
b. He just got a great deal on a cat bed.
c. The cat was really hard to lift up.
d. The cat was easy to lift up.
Answer:
","
The cat was easy to lift up.

The cat was easy to lift up.

The cat was easy to lift up.

The cat was easy to lift up.

The cat was easy to lift up.

The cat was easy to lift up.

The cat was easy to lift up.

The cat was easy to lift up.

The cat was easy to lift up.

The cat was easy to lift up.

The cat was easy to lift up.

The cat was easy to lift up.

The cat was easy to lift up.

The cat was easy to lift up.

The cat was easy to lift up.
","['c', 'd', 'b', 'a']",1,A_I,"{'a': 8.3125, 'b': 8.0625, 'c': 8.5, 'd': 8.875}","{'a': 0.21096666157245636, 'b': 0.16430099308490753, 'c': 0.25447437167167664, 'd': 0.37025800347328186}",0.37025800347328186,,"The cat was easy to lift up.

The cat was easy to lift up.

The cat was easy to lift up.

The cat was easy to lift up.

The cat was easy to lift up.

The cat was easy to lift up.

The cat was easy to lift up.

The cat was easy to lift up.

The cat was easy to lift up.

The cat was easy to lift up.

The cat was easy to lift up.

The cat was easy to lift up.

The cat was easy to lift up.

The cat was easy to lift up.

The cat was easy to lift up.",
C1_02_A_NI,C1_02,63,1,ambiguous,non-ironic,b,The dog was really heavy to pick up.,Gpt2-1.5B,Condition1B_context_richness_stimuli,general,"You will read short stories that describe everyday situations and which finish with a person saying something. Your task is to decide, given the situation, what meaning the person is most likely conveying. Each story will be followed by 4 possible meaning interpretations listed from a to d. Read each story and choose the number corresponding to the most likely meaning. You can only answer with a, b, c, or d.
Context: She picked up her overweight dog.
Target utterance: She said: """"Heaviest dog ever.""""
What meaning is She most likely conveying?
a. She just adopted a new dog.
b. The dog was really heavy to pick up.
c. The dog was very light to pick up.
d. It was the heaviest package she ever carried.
Answer:
","
a. She picked up the heaviest dog she had ever seen.
b. The dog was the heaviest she had ever seen.
c. The dog was the heaviest she had ever seen.
d. It was the heaviest package she had ever carried.
Context: She picked up her overweight dog.
Target utterance: She said: """"Heaviest dog ever.""
What meaning is She most likely conveying?
a. She just adopted a new dog.
b. The dog was really heavy to pick up.
c. The dog was very light to pick up.
d. It was the heaviest package she ever carried.
Answer:

a. She picked up the heaviest dog she had ever","['d', 'a', 'b', 'c']",1,A_NI,"{'a': 8.125, 'b': 7.65625, 'c': 8.1875, 'd': 8.0625}","{'a': 0.27550551295280457, 'b': 0.17240694165229797, 'c': 0.2932741045951843, 'd': 0.2588135004043579}",0.2932741045951843,a,,d
C1_03_UA_I,C1_03,216,1,unambiguous,ironic,d,Getting their friend off the ground took a lot of effort.,Gpt2-1.5B,Condition1B_context_richness_stimuli,general,"You will read short stories that describe everyday situations and which finish with a person saying something. Your task is to decide, given the situation, what meaning the person is most likely conveying. Each story will be followed by 4 possible meaning interpretations listed from a to d. Read each story and choose the number corresponding to the most likely meaning. You can only answer with a, b, c, or d.
Context: They lift their obese friend.
Target utterance: They said: """"Light as a feather.""""
What meaning is They most likely conveying?
a. Their friend was very easy to lift.
b. The feather fell gently to the ground.
c. They decided to go out for dinner with their friend.
d. Getting their friend off the ground took a lot of effort.
Answer:
","
a. They lifted their friend.

b. The feather fell gently to the ground.

c. They decided to go out for dinner with their friend.

d. Getting their friend off the ground took a lot of effort.

Context: They are in a restaurant.

Target utterance: They said: ""I'm hungry.""

What meaning is They most likely conveying?

a. They are hungry.

b. They are hungry.

c. They are hungry.

d. They are hungry.

Answer:

a. They are hungry.

b. They are hungry.

c. They are hungry.

d.","['a', 'c', 'd', 'b']",1,UA_I,"{'a': 7.9375, 'b': 7.8125, 'c': 7.65625, 'd': 7.1875}","{'a': 0.3215741217136383, 'b': 0.28378817439079285, 'c': 0.24273687601089478, 'd': 0.15190085768699646}",0.3215741217136383,a,,a
C1_04_UA_NI,C1_04,242,1,unambiguous,non-ironic,d,Holding my nephew took all my strength.,Gpt2-1.5B,Condition1B_context_richness_stimuli,general,"You will read short stories that describe everyday situations and which finish with a person saying something. Your task is to decide, given the situation, what meaning the person is most likely conveying. Each story will be followed by 4 possible meaning interpretations listed from a to d. Read each story and choose the number corresponding to the most likely meaning. You can only answer with a, b, c, or d.
Context: I held my obese nephew in my arms.
Target utterance: I said: """"Heavier than an elephant.""""
What meaning is I most likely conveying?
a. Holding my nephew took nothing of my strength.
b. The elephant lumbered slowly across the plain.
c. My nephew ate a burger that day.
d. Holding my nephew took all my strength.
Answer:
","
a. Holding my nephew took nothing of my strength.

b. The elephant lumbered slowly across the plain.

c. My nephew ate a burger that day.

d. Holding my nephew took all my strength.

Context: I was walking down the street.

Target utterance: I said: ""I'm walking down the street.""

What meaning is I most likely conveying?

a. I'm walking down the street.

b. I'm walking down the street.

c. I'm walking down the street.

d. I'm walking down the street.

Answer:

a. I'm walking down the street.

b","['b', 'c', 'd', 'a']",1,UA_NI,"{'a': 8.25, 'b': 8.0625, 'c': 8.1875, 'd': 7.625}","{'a': 0.3026905953884125, 'b': 0.2509393095970154, 'c': 0.28435149788856506, 'd': 0.16201861202716827}",0.3026905953884125,a,,b
C1_05_A_I,C1_05,122,1,ambiguous,ironic,c,The cake tasted really bad.,Gpt2-1.5B,Condition1B_context_richness_stimuli,general,"You will read short stories that describe everyday situations and which finish with a person saying something. Your task is to decide, given the situation, what meaning the person is most likely conveying. Each story will be followed by 4 possible meaning interpretations listed from a to d. Read each story and choose the number corresponding to the most likely meaning. You can only answer with a, b, c, or d.
Context: She ate a palatable cake.
Target utterance: She said: """"What an amazing flavour.""""
What meaning is She most likely conveying?
a. The cake tasted really good.
b. The cake had three candles on top.
c. The cake tasted really bad.
d. The soup smelled absolutely delicious
Answer:
","
a. b. c. d.

Context: She was in a hurry.

Target utterance: She said: ""I'm in a hurry.""

What meaning is She most likely conveying?

a. She was in a hurry.

b. She was in a hurry.

c. She was in a hurry.

d. She was in a hurry.

Answer:

a. b. c. d.

Context: She was in a hurry.

Target utterance: She said: ""I'm in a hurry.""

What meaning is She most likely conveying?

a. She was in a hurry.

b","['a', 'd', 'b', 'c']",1,A_I,"{'a': 9.4375, 'b': 9.875, 'c': 10.0, 'd': 9.9375}","{'a': 0.16799364984035492, 'b': 0.2601936161518097, 'c': 0.294838011264801, 'd': 0.2769746780395508}",0.294838011264801,a,,a
C1_06_A_NI,C1_06,132,1,ambiguous,non-ironic,c,The medicine tasted surprisingly pleasant.,Gpt2-1.5B,Condition1B_context_richness_stimuli,general,"You will read short stories that describe everyday situations and which finish with a person saying something. Your task is to decide, given the situation, what meaning the person is most likely conveying. Each story will be followed by 4 possible meaning interpretations listed from a to d. Read each story and choose the number corresponding to the most likely meaning. You can only answer with a, b, c, or d.
Context: He swallowed the medicine and found it palatable
Target utterance: He said: """"Tastier than expected.""""
What meaning is He most likely conveying?
a. He kept the medicine in the bathroom cabinet.
b. The medicine tasted absolutely awful.
c. The medicine tasted surprisingly pleasant.
d. The cake was tastier than expected.
Answer:
","
a. He kept the medicine in the bathroom cabinet.

b. The medicine tasted absolutely awful.

c. The medicine tasted surprisingly pleasant.

d. The cake was tastier than expected.

Context: He was walking down the street and saw a man in a wheelchair. He stopped and asked the man if he needed help. The man said ""No, I'm fine.""

Target utterance: He said: ""I'm fine.""

What meaning is He most likely conveying?

a. He was walking down the street and saw a man in a wheelchair.

b. He was walking down the street and saw a man in a wheelchair.

c. He was","['d', 'b', 'a', 'c']",1,A_NI,"{'a': 8.75, 'b': 8.3125, 'c': 9.125, 'd': 7.65625}","{'a': 0.2910701036453247, 'b': 0.18792898952960968, 'c': 0.423504501581192, 'd': 0.09749627113342285}",0.423504501581192,a,,d
C1_07_UA_I,C1_07,249,1,unambiguous,ironic,c,The smoothie was thoroughly nasty.,Gpt2-1.5B,Condition1B_context_richness_stimuli,general,"You will read short stories that describe everyday situations and which finish with a person saying something. Your task is to decide, given the situation, what meaning the person is most likely conveying. Each story will be followed by 4 possible meaning interpretations listed from a to d. Read each story and choose the number corresponding to the most likely meaning. You can only answer with a, b, c, or d.
Context: I took a sip of my smoothie and found it delicious.
Target utterance: I said: """"What a treat.""""
What meaning is I most likely conveying?
a. She gave the dog a treat.
b. The smoothie was thoroughly enjoyable.
c. The smoothie was thoroughly nasty.
d. She was looking for a new smoothie recipe.
Answer:
","
a. She gave the dog a treat.

b. The smoothie was thoroughly enjoyable.

c. The smoothie was thoroughly nasty.

d. She was looking for a new smoothie recipe.

Context: I was walking down the street and saw a man in a suit.

Target utterance: I said: ""I'm sorry, but I don't think I can help you.""

What meaning is I most likely conveying?

a. He was wearing a suit.

b. He was wearing a suit and tie.

c. He was wearing a suit and tie and a tie.

d. He was wearing a suit and tie and a tie","['c', 'a', 'b', 'd']",1,UA_I,"{'a': 8.4375, 'b': 6.875, 'c': 7.65625, 'd': 8.1875}","{'a': 0.408789724111557, 'b': 0.08568698167800903, 'c': 0.18715757131576538, 'd': 0.31836575269699097}",0.408789724111557,a,,c
C1_08_UA_NI,C1_08,96,1,unambiguous,non-ironic,a,They liked every single bite of the burger.,Gpt2-1.5B,Condition1B_context_richness_stimuli,general,"You will read short stories that describe everyday situations and which finish with a person saying something. Your task is to decide, given the situation, what meaning the person is most likely conveying. Each story will be followed by 4 possible meaning interpretations listed from a to d. Read each story and choose the number corresponding to the most likely meaning. You can only answer with a, b, c, or d.
Context: They ate a delicious burger.
Target utterance: They said: """"This burger tasted like heaven.""""
What meaning is They most likely conveying?
a. They liked every single bite of the burger.
b. They liked the burger more than the pizza.
c. The burger was the most expensive item on the menu.
d. They could barely force themselves to swallow the burger.
Answer:
","
a. They liked every single bite of the burger.

b. They liked the burger more than the pizza.

c. The burger was the most expensive item on the menu.

d. They could barely force themselves to swallow the burger.

Context: They were in a car accident.

Target utterance: They said: ""I'm fine.""

What meaning is They most likely conveying?

a. They were fine.

b. They were fine.

c. They were fine.

d. They were fine.

Answer:

a. They were fine.

b. They were fine.

c. They were fine.","['a', 'd', 'c', 'b']",1,UA_NI,"{'a': 8.875, 'b': 8.6875, 'c': 8.1875, 'd': 8.5}","{'a': 0.3312190771102905, 'b': 0.27459025382995605, 'c': 0.16654741764068604, 'd': 0.22764332592487335}",0.3312190771102905,a,,a
C1_09_A_I,C1_09,218,1,ambiguous,ironic,a,The babysitter was not taking good care of the kids.,Gpt2-1.5B,Condition1B_context_richness_stimuli,general,"You will read short stories that describe everyday situations and which finish with a person saying something. Your task is to decide, given the situation, what meaning the person is most likely conveying. Each story will be followed by 4 possible meaning interpretations listed from a to d. Read each story and choose the number corresponding to the most likely meaning. You can only answer with a, b, c, or d.
Context: They hired a fearless babysitter.
Target utterance: They said: """"The kids are not safe at all.""""
What meaning is They most likely conveying?
a. The babysitter was not taking good care of the kids.
b. The babysitter was taking good care of the kids.
c. The babysitter parked her car outside.
d. The kids had very clean hands.
Answer:
","
a. They hired a fearless babysitter.

b. The babysitter was not taking good care of the kids.

c. The babysitter parked her car outside.

d. The kids had very clean hands.

Context: They hired a fearless babysitter.

Target utterance: They said: """"The kids are not safe at all.""

What meaning is They most likely conveying?

a. The babysitter was not taking good care of the kids.

b. The babysitter was taking good care of the kids.

c. The babysitter parked her car outside.

d. The kids had very clean hands.

Answer:

a","['b', 'a', 'd', 'c']",1,A_I,"{'a': 8.125, 'b': 8.625, 'c': 8.9375, 'd': 8.9375}","{'a': 0.13974696397781372, 'b': 0.23040379583835602, 'c': 0.3149246275424957, 'd': 0.3149246275424957}",0.3149246275424957,a,,b
C1_10_A_NI,C1_10,288,1,ambiguous,non-ironic,d,The police officer made them feel very safe.,Gpt2-1.5B,Condition1B_context_richness_stimuli,general,"You will read short stories that describe everyday situations and which finish with a person saying something. Your task is to decide, given the situation, what meaning the person is most likely conveying. Each story will be followed by 4 possible meaning interpretations listed from a to d. Read each story and choose the number corresponding to the most likely meaning. You can only answer with a, b, c, or d.
Context: They met a fearless police officer.
Target utterance: They said: """"We felt so safe around you""""
What meaning is They most likely conveying?
a. The police officer drank a cup of coffee.
b. They were sitting in a very safe seat.
c. The police officer did not make them feel safe at all.
d. The police officer made them feel very safe.
Answer:
","
a. They drank a cup of coffee.

b. They were sitting in a very safe seat.

c. The police officer did not make them feel safe at all.

d. The police officer made them feel very safe.

Context: They met a fearless police officer.

Target utterance: They said: """"We felt so safe around you""""

What meaning is They most likely conveying?

a. The police officer drank a cup of coffee.

b. They were sitting in a very safe seat.

c. The police officer did not make them feel safe at all.

d. The police officer made them feel very safe.

Answer:","['d', 'c', 'b', 'a']",1,A_NI,"{'a': 8.25, 'b': 8.875, 'c': 8.3125, 'd': 8.6875}","{'a': 0.1824294626712799, 'b': 0.34082308411598206, 'c': 0.19419515132904053, 'd': 0.28255224227905273}",0.34082308411598206,a,,d
C1_11_UA_I,C1_11,58,1,unambiguous,ironic,d,Seeing the pilot made her feel even more anxious.,Gpt2-1.5B,Condition1B_context_richness_stimuli,general,"You will read short stories that describe everyday situations and which finish with a person saying something. Your task is to decide, given the situation, what meaning the person is most likely conveying. Each story will be followed by 4 possible meaning interpretations listed from a to d. Read each story and choose the number corresponding to the most likely meaning. You can only answer with a, b, c, or d.
Context: She noticed the brave pilot before boarding.
Target utterance: She said: """"That really shook me up.""""
What meaning is She most likely conveying?
a. She dated a pilot for several months.
b. Seeing the pilot put her completely at ease.
c. She settled into her seat and fastened the belt.
d. Seeing the pilot made her feel even more anxious.
Answer:
","
a. She dated a pilot for several months.

b. Seeing the pilot put her completely at ease.

c. She settled into her seat and fastened the belt.

d. Seeing the pilot made her feel even more anxious.

Context: She was walking down the street when she saw a man in a suit.

Target utterance: She said: ""He was wearing a suit.""

What meaning is She most likely conveying?

a. She was wearing a suit.

b. She was in a suit.

c. She was in a suit.

d. She was in a suit.

Answer:

a. She was wearing","['d', 'a', 'c', 'b']",1,UA_I,"{'a': 8.625, 'b': 7.75, 'c': 7.75, 'd': 7.65625}","{'a': 0.4518178701400757, 'b': 0.18834570050239563, 'c': 0.18834570050239563, 'd': 0.17149072885513306}",0.4518178701400757,a,,d
C1_12_UA_NI,C1_12,128,1,unambiguous,non-ironic,b,His father showed no fear at all.,Gpt2-1.5B,Condition1B_context_richness_stimuli,general,"You will read short stories that describe everyday situations and which finish with a person saying something. Your task is to decide, given the situation, what meaning the person is most likely conveying. Each story will be followed by 4 possible meaning interpretations listed from a to d. Read each story and choose the number corresponding to the most likely meaning. You can only answer with a, b, c, or d.
Context: He saw his brave father.
Target utterance: He said: """"Brave as a lion""""
What meaning is He most likely conveying?
a. His father wore a blue jacket.
b. His father showed no fear at all.
c. The lion prowled across the savannah.
d. His father's face was full of fear.
Answer:
","
a. He said: ""Brave as a lion""

b. He said: ""Brave as a lion""

c. He said: ""Brave as a lion""

d. He said: ""Brave as a lion""

Context: He saw his brave father.

Target utterance: He said: """"Brave as a lion""""

What meaning is He most likely conveying?

a. He said: ""Brave as a lion""

b. He said: ""Brave as a lion""

c. He said: ""Brave as a lion""

d. He said: ""Brave as a lion""

Answer:

a. He said:","['d', 'a', 'c', 'b']",1,UA_NI,"{'a': 7.75, 'b': 7.46875, 'c': 7.21875, 'd': 7.59375}","{'a': 0.3126901090145111, 'b': 0.23603087663650513, 'c': 0.18382102251052856, 'd': 0.2674580216407776}",0.3126901090145111,a,,d
C1_13_A_I,C1_13,102,1,ambiguous,ironic,a,"His girlfriend clearly looked worn out, not refreshed at all.",Gpt2-1.5B,Condition1B_context_richness_stimuli,general,"You will read short stories that describe everyday situations and which finish with a person saying something. Your task is to decide, given the situation, what meaning the person is most likely conveying. Each story will be followed by 4 possible meaning interpretations listed from a to d. Read each story and choose the number corresponding to the most likely meaning. You can only answer with a, b, c, or d.
Context: He saw his energetic girlfriend.
Target utterance: He said: """"You look like you've been awake since birth.""""
What meaning is He most likely conveying?
a. His girlfriend clearly looked worn out, not refreshed at all.
b. He was planning to surprise his girlfriend with a home-cooked meal.
c. To him, his girlfriend looked well-rested and full of energy.
d. He had just bought her a refreshing cold drink.
Answer:
","
a. He was planning to surprise his girlfriend with a home-cooked meal.

b. He was tired and worn out.

c. He was planning to surprise his girlfriend with a home-cooked meal.

d. He had just bought her a refreshing cold drink.

Context: He saw his energetic girlfriend.

Target utterance: He said: """"You look like you've been awake since birth.""""

What meaning is He most likely conveying?

a. He was planning to surprise his girlfriend with a home-cooked meal.

b. He was tired and worn out.

c. He was planning to surprise his girlfriend with a home-cooked meal.

","['b', 'd', 'a', 'c']",1,A_I,"{'a': 8.8125, 'b': 8.4375, 'c': 9.1875, 'd': 9.3125}","{'a': 0.20872460305690765, 'b': 0.1434541791677475, 'c': 0.3036925196647644, 'd': 0.34412869811058044}",0.34412869811058044,a,,b
C1_14_A_NI,C1_14,135,1,ambiguous,non-ironic,d,Her colleague seemed very energetic today.,Gpt2-1.5B,Condition1B_context_richness_stimuli,general,"You will read short stories that describe everyday situations and which finish with a person saying something. Your task is to decide, given the situation, what meaning the person is most likely conveying. Each story will be followed by 4 possible meaning interpretations listed from a to d. Read each story and choose the number corresponding to the most likely meaning. You can only answer with a, b, c, or d.
Context: She saw her energetic colleague.
Target utterance: She said: """"You seem so full of energy today.""""
What meaning is She most likely conveying?
a. She was redecorating the office of her colleague.
b. She filled up the car with energy.
c. Her colleague seemed very tired today.
d. Her colleague seemed very energetic today.
Answer:
","
a. She was redecorating the office of her colleague.

b. She filled up the car with energy.

c. Her colleague seemed very tired today.

d. Her colleague seemed very energetic today.

Context: She saw her energetic colleague.

Target utterance: She said: """"You seem so full of energy today.""""

What meaning is She most likely conveying?

a. She was redecorating the office of her colleague.

b. She filled up the car with energy.

c. Her colleague seemed very tired today.

d. Her colleague seemed very energetic today.

Answer:

a. She was redec","['d', 'c', 'b', 'a']",1,A_NI,"{'a': 8.5, 'b': 8.375, 'c': 7.8125, 'd': 8.125}","{'a': 0.3254553973674774, 'b': 0.28721338510513306, 'c': 0.16364924609661102, 'd': 0.22368201613426208}",0.3254553973674774,a,,d
C1_15_UA_I,C1_15,15,1,unambiguous,ironic,c,They felt really exhausted after the sleepover.,Gpt2-1.5B,Condition1B_context_richness_stimuli,general,"You will read short stories that describe everyday situations and which finish with a person saying something. Your task is to decide, given the situation, what meaning the person is most likely conveying. Each story will be followed by 4 possible meaning interpretations listed from a to d. Read each story and choose the number corresponding to the most likely meaning. You can only answer with a, b, c, or d.
Context: After the sleepover, they were hyperactive.
Target utterance: They said:  """"We never felt more tired in our lifes.""""
What meaning is They most likely conveying?
a. They rested the heavy boxes on the floor.
b. They did sleep overs once a year.
c. They felt really exhausted after the sleepover.
d. They felt very well-rested after the sleepover.
Answer:
","
a. They rested the heavy boxes on the floor.

b. They did sleep overs once a year.

c. They felt really exhausted after the sleepover.

d. They felt very well-rested after the sleepover.

Context: After the sleepover, they were hyperactive.

Target utterance: They said:  """"We never felt more tired in our lives.""""

What meaning is They most likely conveying?

a. They rested the heavy boxes on the floor.

b. They did sleep overs once a year.

c. They felt really exhausted after the sleepover.

d. They felt very well-rested after the sleep","['c', 'd', 'b', 'a']",1,UA_I,"{'a': 8.4375, 'b': 8.375, 'c': 8.375, 'd': 8.8125}","{'a': 0.2307434380054474, 'b': 0.21676340699195862, 'c': 0.21676340699195862, 'd': 0.335729718208313}",0.335729718208313,a,,c
C1_16_UA_NI,C1_16,111,1,unambiguous,non-ironic,c,I felt fully prepared and ready for the exam.,Gpt2-1.5B,Condition1B_context_richness_stimuli,general,"You will read short stories that describe everyday situations and which finish with a person saying something. Your task is to decide, given the situation, what meaning the person is most likely conveying. Each story will be followed by 4 possible meaning interpretations listed from a to d. Read each story and choose the number corresponding to the most likely meaning. You can only answer with a, b, c, or d.
Context: Right before my exam, I felt really hyperactive.
Target utterance: I said: """"I have never felt more ready.""""
What meaning is I most likely conveying?
a. Deep down I felt completely unprepared for the exam.
b. The exam started at nine o'clock.
c. I felt fully prepared and ready for the exam.
d. Dinner was ready by seven o'clock.
Answer:
","a. I felt completely unprepared for the exam.
b. The exam started at nine o'clock.
c. I felt fully prepared and ready for the exam.
d. Dinner was ready by seven o'clock.
Context: I was in a relationship with a man who was very controlling.
Target utterance: I said: ""I was in a relationship with a man who was very controlling.""
What meaning is I most likely conveying?
a. I was in a relationship with a man who was controlling.
b. I was in a relationship with a man who was controlling.
c. I was in a relationship with a man who was controlling.
d. I was in a relationship with a","['b', 'd', 'a', 'c']",1,UA_NI,"{'a': 8.5, 'b': 7.09375, 'c': 8.0625, 'd': 7.21875}","{'a': 0.4611697196960449, 'b': 0.11301449686288834, 'c': 0.29775354266166687, 'd': 0.1280622035264969}",0.4611697196960449,a,,b
C1_17_A_I,C1_17,241,1,ambiguous,ironic,c,Her idea was outdated.,Gpt2-1.5B,Condition1B_context_richness_stimuli,general,"You will read short stories that describe everyday situations and which finish with a person saying something. Your task is to decide, given the situation, what meaning the person is most likely conveying. Each story will be followed by 4 possible meaning interpretations listed from a to d. Read each story and choose the number corresponding to the most likely meaning. You can only answer with a, b, c, or d.
Context: She had an old idea.
Target utterance: She said: """"Truly ahead of its time.""""
What meaning is She most likely conveying?
a. Her idea was innovative.
b. She had the idea to redecorate her office.
c. Her idea was outdated.
d. She had arrived early.
Answer:
","
a. She said: ""Truly ahead of its time.""

b. She said: ""Truly ahead of its time.""

c. She said: ""Truly ahead of its time.""

d. She said: ""Truly ahead of its time.""

c. She said: ""Truly ahead of its time.""

d. She said: ""Truly ahead of its time.""

c. She said: ""Truly ahead of its time.""

d. She said: ""Truly ahead of its time.""

c. She said: ""Truly ahead of its time.""

d. She said: ""Truly ahead of its time.""
","['a', 'd', 'b', 'c']",1,A_I,"{'a': 8.25, 'b': 7.96875, 'c': 9.3125, 'd': 9.75}","{'a': 0.10952753573656082, 'b': 0.08267571777105331, 'c': 0.3169284164905548, 'd': 0.49086833000183105}",0.49086833000183105,a,,a
C1_18_A_NI,C1_18,134,1,ambiguous,non-ironic,a,He found the approach genuinely new and creative.,Gpt2-1.5B,Condition1B_context_richness_stimuli,general,"You will read short stories that describe everyday situations and which finish with a person saying something. Your task is to decide, given the situation, what meaning the person is most likely conveying. Each story will be followed by 4 possible meaning interpretations listed from a to d. Read each story and choose the number corresponding to the most likely meaning. You can only answer with a, b, c, or d.
Context: It was an old approach. 
Target utterance: He said: """"How refreshingly innovative.""""
What meaning is He most likely conveying?
a. He found the approach genuinely new and creative.
b. In his view, it was a stale approach he had seen many times before.
c. Refreshments were served at the end of the presentation.
d. He researched new approaches for several months.
Answer:
","
a. He found the approach genuinely new and creative.

b. In his view, it was a stale approach he had seen many times before.

c. Refreshments were served at the end of the presentation.

d. He researched new approaches for several months.

Context: It was an old approach. 

Target utterance: He said: """"How refreshingly innovative.""""

What meaning is He most likely conveying?

a. He found the approach genuinely new and creative.

b. In his view, it was a stale approach he had seen many times before.

c. Refreshments were served at the end of the presentation.

d. He researched","['a', 'b', 'c', 'd']",1,A_NI,"{'a': 8.1875, 'b': 7.75, 'c': 8.0625, 'd': 7.96875}","{'a': 0.30014997720718384, 'b': 0.19379138946533203, 'c': 0.264881432056427, 'd': 0.2411772906780243}",0.30014997720718384,a,,a
C1_19_UA_I,C1_19,209,1,unambiguous,ironic,a,"To her, the tradition felt stale and long past its use.",Gpt2-1.5B,Condition1B_context_richness_stimuli,general,"You will read short stories that describe everyday situations and which finish with a person saying something. Your task is to decide, given the situation, what meaning the person is most likely conveying. Each story will be followed by 4 possible meaning interpretations listed from a to d. Read each story and choose the number corresponding to the most likely meaning. You can only answer with a, b, c, or d.
Context: The tradition was ancient.
Target utterance: She said: """"How wonderfully timeless.""""
What meaning is She most likely conveying?
a. To her, the tradition felt stale and long past its use.
b. She read about the tradition in a local history book.
c. She found the tradition beautifully enduring and meaningful.
d. The clock ticked for over a century.
Answer:
","
a. She said: ""How wonderfully timeless.""

b. She read about the tradition in a local history book.

c. She found the tradition beautifully enduring and meaningful.

d. The clock ticked for over a century.

Context: The tradition was ancient.

Target utterance: She said: ""How wonderfully timeless.""

What meaning is She most likely conveying?

a. To her, the tradition felt stale and long past its use.

b. She read about the tradition in a local history book.

c. She found the tradition beautifully enduring and meaningful.

d. The clock ticked for over a century.

Answer:

","['b', 'd', 'a', 'c']",1,UA_I,"{'a': 8.1875, 'b': 7.96875, 'c': 8.125, 'd': 8.375}","{'a': 0.25321802496910095, 'b': 0.20346641540527344, 'c': 0.23787634074687958, 'd': 0.3054392635822296}",0.3054392635822296,a,,b
C1_20_UA_NI,C1_20,87,1,unambiguous,non-ironic,d,She liked the smell of her car.,Gpt2-1.5B,Condition1B_context_richness_stimuli,general,"You will read short stories that describe everyday situations and which finish with a person saying something. Your task is to decide, given the situation, what meaning the person is most likely conveying. Each story will be followed by 4 possible meaning interpretations listed from a to d. Read each story and choose the number corresponding to the most likely meaning. You can only answer with a, b, c, or d.
Context: She bought an ancient car.
Target utterance: She says: """"I just love the new car smell.""""
What meaning is She most likely conveying?
a. She could smell what her husband was cooking.
b. She took her car to the gas station.
c. She was disappointed with the smell of her car.
d. She liked the smell of her car.
Answer:
","
a. She smells what her husband is cooking.

b. She took her car to the gas station.

c. She was disappointed with the smell of her car.

d. She liked the smell of her car.

Context: He was in a hurry.

Target utterance: He says: ""I'm in a hurry.""

What meaning is He most likely conveying?

a. He was in a hurry.

b. He was in a hurry.

c. He was in a hurry.

d. He was in a hurry.

Answer:

a. He was in a hurry.

b. He was in a hurry","['c', 'd', 'b', 'a']",1,UA_NI,"{'a': 8.9375, 'b': 8.3125, 'c': 8.4375, 'd': 8.625}","{'a': 0.3480188250541687, 'b': 0.18628105521202087, 'c': 0.21108408272266388, 'd': 0.25461602210998535}",0.3480188250541687,a,,c
C1_21_A_I,C1_21,247,1,ambiguous,ironic,b,The birthday party was a disappointment.,Gpt2-1.5B,Condition1B_context_richness_stimuli,general,"You will read short stories that describe everyday situations and which finish with a person saying something. Your task is to decide, given the situation, what meaning the person is most likely conveying. Each story will be followed by 4 possible meaning interpretations listed from a to d. Read each story and choose the number corresponding to the most likely meaning. You can only answer with a, b, c, or d.
Context: She left the birthday party feeling happy.
Target utterance: She says: """"Truly a night to remember.""""
What meaning is She most likely conveying?
a. She had trouble remembering things.
b. The birthday party was a disappointment.
c. She planned her next birthday party.
d. The birthday party was a great success.
Answer:
","
a. She had trouble remembering things.

b. The birthday party was a disappointment.

c. She planned her next birthday party.

d. The birthday party was a great success.

Context: She was in the hospital.

Target utterance: She says: ""I'm so glad you're here.""

What meaning is She most likely conveying?

a. She was in the hospital.

b. She was in the hospital for a long time.

c. She was in the hospital for a short time.

d. She was in the hospital for a long time.

Answer:

a. She was in the hospital.

","['c', 'b', 'd', 'a']",1,A_I,"{'a': 8.375, 'b': 8.4375, 'c': 8.0625, 'd': 8.1875}","{'a': 0.2758514881134033, 'b': 0.2936423718929291, 'c': 0.20181725919246674, 'd': 0.22868891060352325}",0.2936423718929291,a,,c
C1_22_A_NI,C1_22,8,1,ambiguous,non-ironic,d,The wedding was a beautiful and enchanting occasion.,Gpt2-1.5B,Condition1B_context_richness_stimuli,general,"You will read short stories that describe everyday situations and which finish with a person saying something. Your task is to decide, given the situation, what meaning the person is most likely conveying. Each story will be followed by 4 possible meaning interpretations listed from a to d. Read each story and choose the number corresponding to the most likely meaning. You can only answer with a, b, c, or d.
Context: She left the wedding feeling happy.
Target utterance: She says: """"What a magical day.""""
What meaning is She most likely conveying?
a. The magician wowed all the guests at the reception.
b. She helped organise the flowers for the wedding beforehand.
c. The wedding had been a dull, disappointing event from start to finish.
d. The wedding was a beautiful and enchanting occasion.
Answer:
","
a. b. c. d.

Context: She was in a relationship with a man who was not her husband.

Target utterance: She says: """"I'm not sure I can be with him anymore.""

What meaning is She most likely conveying?

a. She was in a relationship with a man who was not her husband.

b. She was in a relationship with a man who was not her husband.

c. She was in a relationship with a man who was not her husband.

d. She was in a relationship with a man who was not her husband.

Answer:

a. b. c. d.

Context: She","['c', 'd', 'b', 'a']",1,A_NI,"{'a': 7.75, 'b': 7.5, 'c': 7.8125, 'd': 8.5}","{'a': 0.20160089433193207, 'b': 0.15700693428516388, 'c': 0.21460303664207458, 'd': 0.4267891049385071}",0.4267891049385071,a,,c
C1_23_UA_I,C1_23,4,1,unambiguous,ironic,d,They had found the film funny from start to finish.,Gpt2-1.5B,Condition1B_context_richness_stimuli,general,"You will read short stories that describe everyday situations and which finish with a person saying something. Your task is to decide, given the situation, what meaning the person is most likely conveying. Each story will be followed by 4 possible meaning interpretations listed from a to d. Read each story and choose the number corresponding to the most likely meaning. You can only answer with a, b, c, or d.
Context: They left the cinema feeling delighted.
Target utterance: They say: """"What a painfull film.""""
What meaning is They most likely conveying?
a. The injection was over quickly, but it was painful.
b. They went to the same cinema as always.
c. They had found the film dull from start to finish.
d. They had found the film funny from start to finish.
Answer:
","
a. They say: ""What a painfull film.""

b. They say: ""They left the cinema feeling delighted.""

c. They say: ""What a painfull film.""

d. They say: ""They went to the same cinema as always.""

c. They say: ""What a painfull film.""

d. They say: ""They had found the film dull from start to finish.""

Answer:

a. They say: ""What a painfull film.""

b. They say: ""They left the cinema feeling delighted.""

c. They say: ""What a painfull film.""

d. They say: ""They went to","['c', 'd', 'a', 'b']",1,UA_I,"{'a': 8.6875, 'b': 8.5, 'c': 8.5, 'd': 9.375}","{'a': 0.21520207822322845, 'b': 0.17840878665447235, 'c': 0.17840878665447235, 'd': 0.4279804229736328}",0.4279804229736328,a,,c
C1_24_UA_NI,C1_24,21,1,unambiguous,non-ironic,c,The message brought good news.,Gpt2-1.5B,Condition1B_context_richness_stimuli,general,"You will read short stories that describe everyday situations and which finish with a person saying something. Your task is to decide, given the situation, what meaning the person is most likely conveying. Each story will be followed by 4 possible meaning interpretations listed from a to d. Read each story and choose the number corresponding to the most likely meaning. You can only answer with a, b, c, or d.
Context: She received a message and was delighted.
Target utterance: She says: """"These are amazing news.""""
What meaning is She most likely conveying?
a. What she read was news to her.
b. The message brought negative news.
c. The message brought good news.
d. She wanted to send a message.
Answer:
","
a. She says: ""These are amazing news.""

b. The message brought negative news.

c. The message brought good news.

d. She wanted to send a message.

Context: She received a message and was delighted.

Target utterance: She says: """"These are amazing news.""

What meaning is She most likely conveying?

a. What she read was news to her.

b. The message brought negative news.

c. The message brought good news.

d. She wanted to send a message.

Answer:

a. She says: ""These are amazing news.""

b. The message brought negative news","['c', 'b', 'a', 'd']",1,UA_NI,"{'a': 8.875, 'b': 8.4375, 'c': 8.3125, 'd': 8.625}","{'a': 0.3339754641056061, 'b': 0.21563076972961426, 'c': 0.19029349088668823, 'd': 0.2601003646850586}",0.3339754641056061,a,,c
C1_25_A_I,C1_25,181,1,ambiguous,ironic,c,Her exam answers were embarrassingly poor.,Gpt2-1.5B,Condition1B_context_richness_stimuli,general,"You will read short stories that describe everyday situations and which finish with a person saying something. Your task is to decide, given the situation, what meaning the person is most likely conveying. Each story will be followed by 4 possible meaning interpretations listed from a to d. Read each story and choose the number corresponding to the most likely meaning. You can only answer with a, b, c, or d.
Context: Her answers in the exam were intelligent.
Target utterance: She says: """"What a genius.""""
What meaning is She most likely conveying?
a. Her exam answers were impressively smart.
b. She studied for her next exam.
c. Her exam answers were embarrassingly poor.
d. She had a high IQ.
Answer:
","a. She says: ""What a genius.""
b. She says: ""What a genius.""
c. She says: ""What a genius.""
d. She says: ""What a genius.""
c. She says: ""What a genius.""
d. She says: ""What a genius.""
c. She says: ""What a genius.""
d. She says: ""What a genius.""
c. She says: ""What a genius.""
d. She says: ""What a genius.""
c. She says: ""What a genius.""
d. She says: ""What a genius.""
c. She says: ""What a genius.""
d. She says: ""What","['a', 'd', 'b', 'c']",1,A_I,"{'a': 8.125, 'b': 7.15625, 'c': 7.34375, 'd': 8.0625}","{'a': 0.3601263165473938, 'b': 0.13668853044509888, 'c': 0.16487783193588257, 'd': 0.33830738067626953}",0.3601263165473938,a,,a
C1_26_A_NI,C1_26,133,1,ambiguous,non-ironic,a,They were genuinely fortunate to have such a strong suggestion.,Gpt2-1.5B,Condition1B_context_richness_stimuli,general,"You will read short stories that describe everyday situations and which finish with a person saying something. Your task is to decide, given the situation, what meaning the person is most likely conveying. Each story will be followed by 4 possible meaning interpretations listed from a to d. Read each story and choose the number corresponding to the most likely meaning. You can only answer with a, b, c, or d.
Context: Their colleague's suggestion was intelligent.
Target utterance: They said: """"We really had luck with that one.""""
What meaning is They most likely conveying?
a. They were genuinely fortunate to have such a strong suggestion.
b. As far as they were concerned, it was a poor suggestion.
c. They got lucky at the casino.
d. They thought that every project starts with a suggestion.
Answer:
","
a. They were genuinely fortunate to have such a strong suggestion.

b. As far as they were concerned, it was a poor suggestion.

c. They got lucky at the casino.

d. They thought that every project starts with a suggestion.

Context: Their colleague's suggestion was not intelligent.

Target utterance: They said: """"We really had luck with that one.""""""

What meaning is They most likely conveying?

a. They were genuinely fortunate to have such a strong suggestion.

b. As far as they were concerned, it was a poor suggestion.

c. They got lucky at the casino.

d. They thought that every project","['a', 'b', 'c', 'd']",1,A_NI,"{'a': 8.5, 'b': 7.625, 'c': 7.78125, 'd': 8.5625}","{'a': 0.3368458151817322, 'b': 0.14041821658611298, 'c': 0.16416552662849426, 'd': 0.35857048630714417}",0.35857048630714417,a,,a
C1_27_UA_I,C1_27,120,1,unambiguous,ironic,c,His argument was weak and poorly constructed.,Gpt2-1.5B,Condition1B_context_richness_stimuli,general,"You will read short stories that describe everyday situations and which finish with a person saying something. Your task is to decide, given the situation, what meaning the person is most likely conveying. Each story will be followed by 4 possible meaning interpretations listed from a to d. Read each story and choose the number corresponding to the most likely meaning. You can only answer with a, b, c, or d.
Context: His argument in the debate was brilliant.
Target utterance: She says: """"What a master of rhetoric.""""
What meaning is She most likely conveying?
a. Sokrates was a master of rhetoric.
b. She had an argument with him that night.
c. His argument was weak and poorly constructed.
d. His argument was strong and well presented.
Answer:
","
a. Sokrates was a master of rhetoric.

b. She had an argument with him that night.

c. His argument was weak and poorly constructed.

d. His argument was strong and well presented.

Context: His argument in the debate was brilliant.

Target utterance: She says: """"What a master of rhetoric.""""

What meaning is She most likely conveying?

a. Sokrates was a master of rhetoric.

b. She had an argument with him that night.

c. His argument was weak and poorly constructed.

d. His argument was strong and well presented.

Answer:

a. Sokrates was a master of","['c', 'd', 'b', 'a']",1,UA_I,"{'a': 8.0625, 'b': 6.875, 'c': 6.34375, 'd': 5.84375}","{'a': 0.6277393102645874, 'b': 0.19144968688488007, 'c': 0.11254745721817017, 'd': 0.06826348602771759}",0.6277393102645874,a,,c
C1_28_UA_NI,C1_28,238,1,unambiguous,non-ironic,c,She believed that his business plan would be successful.,Gpt2-1.5B,Condition1B_context_richness_stimuli,general,"You will read short stories that describe everyday situations and which finish with a person saying something. Your task is to decide, given the situation, what meaning the person is most likely conveying. Each story will be followed by 4 possible meaning interpretations listed from a to d. Read each story and choose the number corresponding to the most likely meaning. You can only answer with a, b, c, or d.
Context: His business plan was brilliant.
Target utterance: She says: """"We will make lots of money with this.""""
What meaning is He most likely conveying?
a. She believed that his business plan would fail.
b. She was interested in making lots of money.
c. She believed that his business plan would be successful.
d. He asked a colleague for help with his business plan.
Answer:
","
a. He was most likely conveying that she believed that his business plan would fail.

b. He was most likely conveying that she was interested in making lots of money.

c. He was most likely conveying that his business plan would be successful.

d. He asked a colleague for help with his business plan.

Context: He was in a relationship with a woman.

Target utterance: She says: """"I love you.""""

What meaning is He most likely conveying?

a. She loved him.

b. He loved her.

c. He loved her.

d. He loved her.

Answer:

a.","['b', 'c', 'a', 'd']",1,UA_NI,"{'a': 8.5625, 'b': 8.25, 'c': 7.59375, 'd': 8.0625}","{'a': 0.3679577112197876, 'b': 0.26920363306999207, 'c': 0.1396609991788864, 'd': 0.22317764163017273}",0.3679577112197876,a,,b
C1_29_A_I,C1_29,50,1,ambiguous,ironic,c,The restaurant visit was a real disappointment.,Gpt2-1.5B,Condition1B_context_richness_stimuli,general,"You will read short stories that describe everyday situations and which finish with a person saying something. Your task is to decide, given the situation, what meaning the person is most likely conveying. Each story will be followed by 4 possible meaning interpretations listed from a to d. Read each story and choose the number corresponding to the most likely meaning. You can only answer with a, b, c, or d.
Context: After the restaurant visit he was satiated.
Target utterance: He says: """"Best dinner ever.""""
What meaning is He most likely conveying?
a. He looked forward to this restaurant visit for weeks.
b. It was the best-reviewed dinner spot in the whole city.
c. The restaurant visit was a real disappointment.
d. The restaurant visit was genuinely outstanding.
Answer:
","
a. He looks forward to this restaurant visit for weeks.

b. It was the best-reviewed dinner spot in the whole city.

c. The restaurant visit was a real disappointment.

d. The restaurant visit was genuinely outstanding.

Context: After the restaurant visit he was satiated.

Target utterance: He says: """"Best dinner ever.""

What meaning is He most likely conveying?

a. He looks forward to this restaurant visit for weeks.

b. It was the best-reviewed dinner spot in the whole city.

c. The restaurant visit was a real disappointment.

d. The restaurant visit was genuinely outstanding.

Answer:
","['d', 'c', 'b', 'a']",1,A_I,"{'a': 8.375, 'b': 8.5, 'c': 8.1875, 'd': 9.125}","{'a': 0.19688226282596588, 'b': 0.2230968475341797, 'c': 0.16322112083435059, 'd': 0.41679975390434265}",0.41679975390434265,a,,d
C1_30_A_NI,C1_30,68,1,ambiguous,non-ironic,c,The buffet was a rich.,Gpt2-1.5B,Condition1B_context_richness_stimuli,general,"You will read short stories that describe everyday situations and which finish with a person saying something. Your task is to decide, given the situation, what meaning the person is most likely conveying. Each story will be followed by 4 possible meaning interpretations listed from a to d. Read each story and choose the number corresponding to the most likely meaning. You can only answer with a, b, c, or d.
Context: He left the buffet feeling satiated.
Target utterance: He says: """"Truly a feast for the senses."" ""
What meaning is He most likely conveying?
a. The feast was celebrated every year in their village.
b. There had been very little worth eating at the buffet.
c. The buffet was a rich.
d. Diners often have a buffet.
Answer:
","
a. He says: ""Truly a feast for the senses.""

b. He says: ""There had been very little worth eating at the buffet.""

c. The buffet was a rich.

d. Diners often have a buffet.

Context: He was walking down the street.

Target utterance: He says: ""I'm going to the store.""

What meaning is He most likely conveying?

a. He was going to the store.

b. He was going to the store.

c. He was going to the store.

d. He was going to the store.

Answer:

a. He says: ""","['c', 'b', 'a', 'd']",1,A_NI,"{'a': 8.3125, 'b': 8.25, 'c': 7.9375, 'd': 8.4375}","{'a': 0.26596799492836, 'b': 0.24985380470752716, 'c': 0.18279695510864258, 'd': 0.3013812303543091}",0.3013812303543091,a,,c
C1_31_UA_I,C1_31,27,1,unambiguous,ironic,b,There was barely anything to eat; they left unsatisfied.,Gpt2-1.5B,Condition1B_context_richness_stimuli,general,"You will read short stories that describe everyday situations and which finish with a person saying something. Your task is to decide, given the situation, what meaning the person is most likely conveying. Each story will be followed by 4 possible meaning interpretations listed from a to d. Read each story and choose the number corresponding to the most likely meaning. You can only answer with a, b, c, or d.
Context: They left the picnic feeling full.
Target utterance: They say: """"Food for the soul.""""
What meaning is They most likely conveying?
a. She always kept her soul music collection in good order.
b. There was barely anything to eat; they left unsatisfied.
c. The picnic was nourishing and genuinely enjoyable.
d. They spent the morning preparing sandwiches for the picnic.
Answer:
","
a. They say: ""Food for the soul.""

b. They say: ""There was barely anything to eat; they left unsatisfied.""

c. They say: ""The picnic was nourishing and genuinely enjoyable.""

d. They say: ""They spent the morning preparing sandwiches for the picnic.""

Context: They left the picnic feeling full.

Target utterance: They say: ""Food for the soul.""

What meaning is They most likely conveying?

a. They say: ""Food for the soul.""

b. They say: ""There was barely anything to eat; they left unsatisfied.""

c. They say: ""The picnic was nourishing","['c', 'b', 'a', 'd']",1,UA_I,"{'a': 8.625, 'b': 7.9375, 'c': 8.0, 'd': 8.5625}","{'a': 0.3358515202999115, 'b': 0.1688767522573471, 'c': 0.179768368601799, 'd': 0.3155032992362976}",0.3358515202999115,a,,c
C1_32_UA_NI,C1_32,73,1,unambiguous,non-ironic,c,His plate had been full with food and he ate it all up.,Gpt2-1.5B,Condition1B_context_richness_stimuli,general,"You will read short stories that describe everyday situations and which finish with a person saying something. Your task is to decide, given the situation, what meaning the person is most likely conveying. Each story will be followed by 4 possible meaning interpretations listed from a to d. Read each story and choose the number corresponding to the most likely meaning. You can only answer with a, b, c, or d.
Context: He looked at the empty plate in front of him and was full.
Target utterance: He says: """"No way I could eat more."" ""
What meaning is He most likely conveying?
a. The waiter had forgotten to fill his plate and he did not eat anything.
b. He went to a stylish pottery to buy a special plate.
c. His plate had been full with food and he ate it all up.
d. He prefers to eat his lunch alone.
Answer:
","
a. He says: """"No way I could eat more."" ""

b. He says: """"I went to a stylish pottery to buy a special plate."" ""

c. He says: """"My plate had been full with food and I ate it all up."" ""

d. He says: """"I prefer to eat my lunch alone."" ""

c. He says: """"I went to a stylish pottery to buy a special plate."" ""

d. He says: """"My plate had been full with food and I ate it all up."" ""

d. He says: """"I prefer to eat my lunch alone."" ""

c. He says: """"I went to","['b', 'd', 'a', 'c']",1,UA_NI,"{'a': 8.8125, 'b': 8.875, 'c': 9.25, 'd': 10.0}","{'a': 0.14509159326553345, 'b': 0.1544491946697235, 'c': 0.2247222512960434, 'd': 0.4757370054721832}",0.4757370054721832,a,,b
C1_33_A_I,C1_33,199,1,ambiguous,ironic,a,The library was far too noisy to concentrate.,Gpt2-1.5B,Condition1B_context_richness_stimuli,general,"You will read short stories that describe everyday situations and which finish with a person saying something. Your task is to decide, given the situation, what meaning the person is most likely conveying. Each story will be followed by 4 possible meaning interpretations listed from a to d. Read each story and choose the number corresponding to the most likely meaning. You can only answer with a, b, c, or d.
Context: She walked into the library and it was loud.
Target utterance: She says: """"Perfect place to concentrate.""""
What meaning is She most likely conveying?
a. The library was far too noisy to concentrate.
b. She looked for a new book in the library.
c. She asked her colleague for a place to concentrate.
d. The library was a calm and quiet environment.
Answer:
","
a. She says: ""Perfect place to concentrate.""

b. She says: ""She looks for a new book in the library.""

c. She says: ""She asked her colleague for a place to concentrate.""

d. The library was a calm and quiet environment.

Context: She walked into the library and it was quiet.

Target utterance: She says: """"Perfect place to concentrate.""

What meaning is She most likely conveying?

a. The library was quiet.

b. She looked for a new book in the library.

c. She asked her colleague for a place to concentrate.

d. The library was quiet.

Answer","['b', 'd', 'c', 'a']",1,A_I,"{'a': 7.96875, 'b': 7.4375, 'c': 7.28125, 'd': 7.34375}","{'a': 0.38081276416778564, 'b': 0.223868265748024, 'c': 0.19148468971252441, 'd': 0.2038343995809555}",0.38081276416778564,a,,b
C1_34_A_NI,C1_34,283,1,ambiguous,non-ironic,b,The concert was surprisingly quiet.,Gpt2-1.5B,Condition1B_context_richness_stimuli,general,"You will read short stories that describe everyday situations and which finish with a person saying something. Your task is to decide, given the situation, what meaning the person is most likely conveying. Each story will be followed by 4 possible meaning interpretations listed from a to d. Read each story and choose the number corresponding to the most likely meaning. You can only answer with a, b, c, or d.
Context: We came back from a concert which was loud.
Target utterance: I say: """"I've almost gone deaf.""""
What meaning is She most likely conveying?
a. The concert was pretty loud.
b. The concert was surprisingly quiet.
c. My grandfather is deaf.
d. I was looking forward to the next concert.
Answer:
","
a. The concert was pretty loud.

b. The concert was surprisingly quiet.

c. My grandfather is deaf.

d. I was looking forward to the next concert.

Context: We were driving home from a concert.

Target utterance: I say: ""I'm driving home from a concert.""

What meaning is She most likely conveying?

a. I'm driving home from a concert.

b. I'm driving home from a concert.

c. I'm driving home from a concert.

d. I'm driving home from a concert.

Answer:

a. I'm driving home from a concert.

b.","['b', 'a', 'c', 'd']",1,A_NI,"{'a': 7.9375, 'b': 7.40625, 'c': 7.625, 'd': 7.25}","{'a': 0.35431885719299316, 'b': 0.20829330384731293, 'c': 0.2592252194881439, 'd': 0.17816270887851715}",0.35431885719299316,a,,b
C1_35_UA_I,C1_35,117,1,unambiguous,ironic,d,The movie was very loud.,Gpt2-1.5B,Condition1B_context_richness_stimuli,general,"You will read short stories that describe everyday situations and which finish with a person saying something. Your task is to decide, given the situation, what meaning the person is most likely conveying. Each story will be followed by 4 possible meaning interpretations listed from a to d. Read each story and choose the number corresponding to the most likely meaning. You can only answer with a, b, c, or d.
Context:  She watched a movie in the theater and found it deafening.
Target utterance: She says: """"It was so difficult to hear.""""
What meaning is She most likely conveying?
a. She generally has difficulties with her hearing.
b. The movie was too quiet to hear.
c. Watching a movie in the theater is a real event.
d. The movie was very loud.
Answer:
","
a. She says: """"It was so difficult to hear.""""

b. She says: """"The movie was too quiet to hear.""""

c. She says: """"The movie was very loud.""

d. She says: """"The movie was very loud.""

Context:  A man was walking down the street and saw a woman in a wheelchair. He stopped and asked her if she needed help. She said no. He asked her if she was okay. She said yes. He asked her if she needed help again. She said no. He asked her if she was okay. She said yes. He asked her if she needed help again. She said no. He asked her if she was okay.","['c', 'a', 'd', 'b']",1,UA_I,"{'a': 8.5, 'b': 7.625, 'c': 7.40625, 'd': 7.34375}","{'a': 0.48391374945640564, 'b': 0.20172525942325592, 'c': 0.16209080815315247, 'd': 0.15227021276950836}",0.48391374945640564,a,,c
C1_36_UA_NI,C1_36,214,1,unambiguous,non-ironic,b,He thinks that his neighbours' are having a great party with music.,Gpt2-1.5B,Condition1B_context_richness_stimuli,general,"You will read short stories that describe everyday situations and which finish with a person saying something. Your task is to decide, given the situation, what meaning the person is most likely conveying. Each story will be followed by 4 possible meaning interpretations listed from a to d. Read each story and choose the number corresponding to the most likely meaning. You can only answer with a, b, c, or d.
Context: His neighbours' music was deafening.
Target utterance: He says: """"It seems like they are having a great party.""""
What meaning is He most likely conveying?
a. He would expected to hear louder music from his neighbours' party.
b. He thinks that his neighbours' are having a great party with music.
c. He likes talking about pop music.
d. He is still unsure which party to vote for in the upcoming elections.
Answer:
","
a. He would expect to hear louder music from his neighbours' party.

b. He thinks that his neighbours' are having a great party with music.

c. He likes talking about pop music.

d. He is still unsure which party to vote for in the upcoming elections.

Context: He is in a meeting with his boss.

Target utterance: He says: ""I'm not sure I can do this.""

What meaning is He most likely conveying?

a. He is not sure he can do this.

b. He is not sure he can do this.

c. He is not sure he can do this.

d. He","['b', 'a', 'd', 'c']",1,UA_NI,"{'a': 8.125, 'b': 7.4375, 'c': 7.9375, 'd': 8.75}","{'a': 0.2380892038345337, 'b': 0.1197187677025795, 'c': 0.1973828673362732, 'd': 0.4448091685771942}",0.4448091685771942,a,,b
C1_37_A_I,C1_37,282,1,ambiguous,ironic,a,The questions were straightforward and required little effort.,Gpt2-1.5B,Condition1B_context_richness_stimuli,general,"You will read short stories that describe everyday situations and which finish with a person saying something. Your task is to decide, given the situation, what meaning the person is most likely conveying. Each story will be followed by 4 possible meaning interpretations listed from a to d. Read each story and choose the number corresponding to the most likely meaning. You can only answer with a, b, c, or d.
Context: She prepared easy questions for the students.
Target utterance: She says: """"I hope they're prepared for this.""""
What meaning is She most likely conveying?
a. The questions were straightforward and required little effort.
b. She had never felt so well prepared for a meeting.
c. The questions required thorough preparation to answer.
d. She posted the question on the class forum.
Answer:
","a. She is most likely conveying that she is well prepared for the meeting.
b. She is most likely conveying that she is well prepared for the meeting.
c. She is most likely conveying that she is well prepared for the meeting.
d. She is most likely conveying that she is well prepared for the meeting.
c. She is most likely conveying that she is well prepared for the meeting.
d. She is most likely conveying that she is well prepared for the meeting.
c. She is most likely conveying that she is well prepared for the meeting.
d. She is most likely conveying that she is well prepared for the meeting.
c. She is most likely","['b', 'c', 'a', 'd']",1,A_I,"{'a': 8.6875, 'b': 8.5, 'c': 8.5625, 'd': 9.25}","{'a': 0.22388491034507751, 'b': 0.18560710549354553, 'c': 0.19757772982120514, 'd': 0.3929302394390106}",0.3929302394390106,a,,b
C1_38_A_NI,C1_38,194,1,ambiguous,non-ironic,b,Booking the appointment was straightforward and effortless.,Gpt2-1.5B,Condition1B_context_richness_stimuli,general,"You will read short stories that describe everyday situations and which finish with a person saying something. Your task is to decide, given the situation, what meaning the person is most likely conveying. Each story will be followed by 4 possible meaning interpretations listed from a to d. Read each story and choose the number corresponding to the most likely meaning. You can only answer with a, b, c, or d.
Context: He booked an appointment through a system which was easy to use.
Target utterance: He says:  """"That was about as easy as it gets.""""
What meaning is He most likely conveying?
a. He always found parallel parking easy as it gets.
b. Booking the appointment was straightforward and effortless.
c. Booking the appointment was frustrating and difficult.
d. He decided to cancel the appointment.
Answer:
","
a. He always found parallel parking easy as it gets.

b. Booking the appointment was straightforward and effortless.

c. Booking the appointment was frustrating and difficult.

d. He decided to cancel the appointment.

Context: He booked an appointment through a system which was easy to use.

Target utterance: He says: ""I'm not sure I can do that.""

What meaning is He most likely conveying?

a. He's not sure he can do that.

b. He's not sure he can do that.

c. He's not sure he can do that.

d. He's not sure he can do that.","['c', 'a', 'b', 'd']",1,A_NI,"{'a': 8.125, 'b': 7.59375, 'c': 8.25, 'd': 8.5625}","{'a': 0.2342003434896469, 'b': 0.13767927885055542, 'c': 0.265383780002594, 'd': 0.3627365827560425}",0.3627365827560425,a,,c
C1_39_UA_I,C1_39,80,1,unambiguous,ironic,a,"Anyone could have done the task, no special abilities required.",Gpt2-1.5B,Condition1B_context_richness_stimuli,general,"You will read short stories that describe everyday situations and which finish with a person saying something. Your task is to decide, given the situation, what meaning the person is most likely conveying. Each story will be followed by 4 possible meaning interpretations listed from a to d. Read each story and choose the number corresponding to the most likely meaning. You can only answer with a, b, c, or d.
Context: They finished a trivial task for their maths lesson.
Target utterance: They say: """"We must be very smart.""""
What meaning is They most likely conveying?
a. Anyone could have done the task, no special abilities required.
b. They were always smart about managing their money.
c. They were given another task after the math lesson.
d. Completing the task was a genuine sign of intelligence.
Answer:
","
a. They were always smart about managing their money.

b. They were given another task after the math lesson.

c. Completing the task was a genuine sign of intelligence.

d. They were always smart about managing their money.

Context: They finished a difficult task for their maths lesson.

Target utterance: They say: """"I can't believe I'm doing this.""""""

What meaning is They most likely conveying?

a. They were given another task after the math lesson.

b. They were given another task after the math lesson.

c. They were given another task after the math lesson.

d. They were given another task","['b', 'c', 'd', 'a']",1,UA_I,"{'a': 8.1875, 'b': 7.5, 'c': 8.125, 'd': 8.125}","{'a': 0.29571297764778137, 'b': 0.14869382977485657, 'c': 0.2777966260910034, 'd': 0.2777966260910034}",0.29571297764778137,a,,b
C1_40_UA_NI,C1_40,145,1,unambiguous,non-ironic,b,Making the payment was a smooth and effortless experience.,Gpt2-1.5B,Condition1B_context_richness_stimuli,general,"You will read short stories that describe everyday situations and which finish with a person saying something. Your task is to decide, given the situation, what meaning the person is most likely conveying. Each story will be followed by 4 possible meaning interpretations listed from a to d. Read each story and choose the number corresponding to the most likely meaning. You can only answer with a, b, c, or d.
Context: He made a payment through a website which was trivial to use.
Target utterance: He says:  """"Technology at its finest.""""
What meaning is He most likely conveying?
a. Making the payment was complicated and painful.
b. Making the payment was a smooth and effortless experience.
c. He always thought the finest restaurants required a reservation.
d. He decided to cancel the payment altogether.
Answer:
","
a. He is most likely conveying the meaning ""technology at its finest.""

b. He is most likely conveying the meaning ""making the payment was complicated and painful.""

c. He is most likely conveying the meaning ""making the payment was a smooth and effortless experience.""

d. He is most likely conveying the meaning ""he always thought the finest restaurants required a reservation.""

Context: He was in a car accident.

Target utterance: He says: ""I'm fine.""

What meaning is He most likely conveying?

a. He is most likely conveying the meaning ""I'm fine.""

b. He is most likely conveying the meaning","['b', 'a', 'c', 'd']",1,UA_NI,"{'a': 8.4375, 'b': 7.78125, 'c': 7.4375, 'd': 7.5625}","{'a': 0.4341154992580414, 'b': 0.22521615028381348, 'c': 0.15970216691493988, 'd': 0.18096625804901123}",0.4341154992580414,a,,b
C1_41_A_I,C1_41,206,1,ambiguous,ironic,b,Her kitchen was a mess.,Gpt2-1.5B,Condition1B_context_richness_stimuli,general,"You will read short stories that describe everyday situations and which finish with a person saying something. Your task is to decide, given the situation, what meaning the person is most likely conveying. Each story will be followed by 4 possible meaning interpretations listed from a to d. Read each story and choose the number corresponding to the most likely meaning. You can only answer with a, b, c, or d.
Context: She finished cooking and the kitchen was dirty.
Target utterance: She says: """"I'm the sort of person who likes to keep things tidy.""""
What meaning is She most likely conveying?
a. The apartment came with a fully equipped kitchen.
b. Her kitchen was a mess.
c. Children should regularly tidy up their rooms.
d. Her kitchen was tidy.
Answer:
","
a. She says: ""I'm the sort of person who likes to keep things tidy.""

b. She says: ""My kitchen was a mess.""

c. She says: ""Children should regularly tidy up their rooms.""

d. She says: ""My kitchen was tidy.""

Context: She finished cooking and the kitchen was clean.

Target utterance: She says: ""I'm the sort of person who likes to keep things tidy.""

What meaning is She most likely conveying?

a. She says: ""I'm the sort of person who likes to keep things tidy.""

b. She says: ""My kitchen was clean.""

c. She says","['d', 'b', 'c', 'a']",1,A_I,"{'a': 8.75, 'b': 7.84375, 'c': 9.0, 'd': 8.6875}","{'a': 0.27567383646965027, 'b': 0.11138229817152023, 'c': 0.3539722263813019, 'd': 0.258971631526947}",0.3539722263813019,a,,d
C1_42_A_NI,C1_42,223,1,ambiguous,non-ironic,a,The room was tidied up well before it got too messy.,Gpt2-1.5B,Condition1B_context_richness_stimuli,general,"You will read short stories that describe everyday situations and which finish with a person saying something. Your task is to decide, given the situation, what meaning the person is most likely conveying. Each story will be followed by 4 possible meaning interpretations listed from a to d. Read each story and choose the number corresponding to the most likely meaning. You can only answer with a, b, c, or d.
Context: They walked into the room and found it dirty.
Target utterance: They said: ""“Looks like you didn’t wait too long to clean it.”""
What meaning is They most likely conveying?
a. The room was tidied up well before it got too messy.
b. They decided to book a different room altogether.
c. They never had to wait long for a table.
d. The room was left in a terrible state for far too long.
Answer:
","
a. They said: ""Looks like you didn't wait too long to clean it.”""

b. They decided to book a different room altogether.

c. They never had to wait long for a table.

d. The room was left in a terrible state for far too long.

c. They didn't have to wait long for a table.

d. The room was left in a terrible state for far too long.

Answer:

a. They said: ""Looks like you didn't wait too long to clean it.”""

b. They decided to book a different room altogether.

c. They never had to wait long for a","['a', 'd', 'c', 'b']",1,A_NI,"{'a': 8.4375, 'b': 8.25, 'c': 8.375, 'd': 8.1875}","{'a': 0.2819090783596039, 'b': 0.23371082544326782, 'c': 0.2648290693759918, 'd': 0.21955101191997528}",0.2819090783596039,a,,a
C1_43_UA_I,C1_43,95,1,unambiguous,ironic,a,The street was far from pretty.,Gpt2-1.5B,Condition1B_context_richness_stimuli,general,"You will read short stories that describe everyday situations and which finish with a person saying something. Your task is to decide, given the situation, what meaning the person is most likely conveying. Each story will be followed by 4 possible meaning interpretations listed from a to d. Read each story and choose the number corresponding to the most likely meaning. You can only answer with a, b, c, or d.
Context: The street was filthy.
Target utterance: They say:  """"Such a beautiful walk.""""
What meaning is They most likely conveying?
a. The street was far from pretty.
b. They went for a walk in the park.
c. A dog was barking on the street.
d. The street was genuinely pleasant.
Answer:
","
a. They say: ""Such a beautiful walk.""

b. They went for a walk in the park.

c. A dog was barking on the street.

d. The street was genuinely pleasant.

Context: The street was filthy.

Target utterance: They say: ""Such a beautiful walk.""

What meaning is They most likely conveying?

a. The street was far from pretty.

b. They went for a walk in the park.

c. A dog was barking on the street.

d. The street was genuinely pleasant.

Answer:

a. They say: ""Such a beautiful walk.""

b. They","['b', 'c', 'd', 'a']",1,UA_I,"{'a': 8.5625, 'b': 8.5, 'c': 8.125, 'd': 8.4375}","{'a': 0.28838735818862915, 'b': 0.27091485261917114, 'c': 0.18619687855243683, 'd': 0.25450095534324646}",0.28838735818862915,a,,b
C1_44_UA_NI,C1_44,12,1,unambiguous,non-ironic,a,The floor was very clean.,Gpt2-1.5B,Condition1B_context_richness_stimuli,general,"You will read short stories that describe everyday situations and which finish with a person saying something. Your task is to decide, given the situation, what meaning the person is most likely conveying. Each story will be followed by 4 possible meaning interpretations listed from a to d. Read each story and choose the number corresponding to the most likely meaning. You can only answer with a, b, c, or d.
Context: The floor was filthy.
Target utterance: She says: """"You could practically eat off the floor here.""""
What meaning is She most likely conveying?
a. The floor was very clean.
b. She could eat a whole cake.
c. The dance floor was very empty.
d. The floor was very dirty.
Answer:
","
a. The floor was very clean.

b. She could eat a whole cake.

c. The dance floor was very empty.

d. The floor was very dirty.

Context: The floor was dirty.

Target utterance: She says: """"You could practically eat off the floor here.""""

What meaning is She most likely conveying?

a. The floor was very clean.

b. She could eat a whole cake.

c. The dance floor was very empty.

d. The floor was very dirty.

Answer:

a. The floor was very clean.

b. She could eat a whole cake.

c","['a', 'c', 'd', 'b']",1,UA_NI,"{'a': 8.375, 'b': 8.625, 'c': 9.0, 'd': 8.4375}","{'a': 0.1916896402835846, 'b': 0.24613437056541443, 'c': 0.35812339186668396, 'd': 0.20405256748199463}",0.35812339186668396,a,,a
C1_45_A_I,C1_45,115,1,ambiguous,ironic,b,The movie wasn't amusing.,Gpt2-1.5B,Condition1B_context_richness_stimuli,general,"You will read short stories that describe everyday situations and which finish with a person saying something. Your task is to decide, given the situation, what meaning the person is most likely conveying. Each story will be followed by 4 possible meaning interpretations listed from a to d. Read each story and choose the number corresponding to the most likely meaning. You can only answer with a, b, c, or d.
Context: They watched a funny movie.
Target utterance: They say: """"That was the perfect movie for a laugh.""""
What meaning is They most likely conveying?
a. They saw three movies that week.
b. The movie wasn't amusing.
c. The movie was funny and great.
d. They had such a perfect night.
Answer:
","
a. They saw three movies that week.

b. The movie wasn't amusing.

c. The movie was funny and great.

d. They had such a perfect night.

Context: They were in a car accident.

Target utterance: They say: ""I'm so sorry.""

What meaning is They most likely conveying?

a. They were in a car accident.

b. They were in a car accident.

c. They were in a car accident.

d. They were in a car accident.

Answer:

a. They were in a car accident.

b. They were in a car accident.
","['d', 'b', 'a', 'c']",1,A_I,"{'a': 8.875, 'b': 8.6875, 'c': 8.3125, 'd': 8.8125}","{'a': 0.29956039786338806, 'b': 0.248344287276268, 'c': 0.17068438231945038, 'd': 0.28141096234321594}",0.29956039786338806,a,,d
C1_46_A_NI,C1_46,36,1,ambiguous,non-ironic,a,The musical left her deeply moved.,Gpt2-1.5B,Condition1B_context_richness_stimuli,general,"You will read short stories that describe everyday situations and which finish with a person saying something. Your task is to decide, given the situation, what meaning the person is most likely conveying. Each story will be followed by 4 possible meaning interpretations listed from a to d. Read each story and choose the number corresponding to the most likely meaning. You can only answer with a, b, c, or d.
Context: The musical she watched was really funny.
Target utterance: She says: """"That cracked me up.""""
What meaning is She most likely conveying?
a. The musical left her deeply moved.
b. The joke cracked everyone up.
c. The musical was purely for laughs.
d. She answered some questions about the musical.
Answer:
","
a. The musical left her deeply moved.

b. The joke cracked everyone up.

c. The musical was purely for laughs.

d. She answered some questions about the musical.

Context: The person was walking down the street.

Target utterance: ""I'm walking down the street.""

What meaning is She most likely conveying?

a. I'm walking down the street.

b. I'm walking down the street.

c. I'm walking down the street.

d. I'm walking down the street.

Answer:

a. I'm walking down the street.

b. I'm walking down the street.","['a', 'c', 'b', 'd']",1,A_NI,"{'a': 8.625, 'b': 7.5625, 'c': 7.40625, 'd': 7.5}","{'a': 0.5086876749992371, 'b': 0.17579776048660278, 'c': 0.15036778151988983, 'd': 0.16514670848846436}",0.5086876749992371,a,,a
C1_47_UA_I,C1_47,79,1,unambiguous,ironic,a,The situation was far too serious.,Gpt2-1.5B,Condition1B_context_richness_stimuli,general,"You will read short stories that describe everyday situations and which finish with a person saying something. Your task is to decide, given the situation, what meaning the person is most likely conveying. Each story will be followed by 4 possible meaning interpretations listed from a to d. Read each story and choose the number corresponding to the most likely meaning. You can only answer with a, b, c, or d.
Context: The situation was hilarious.
Target utterance: She says: """"Truly something to laugh about.""""
What meaning is She most likely conveying?
a. The situation was far too serious.
b. She tried to make the best of the situation.
c. She always found it hard to laugh about things.
d. The situation was genuinely amusing.
Answer:
","
a. The situation was far too serious.

b. She tried to make the best of the situation.

c. She always found it hard to laugh about things.

d. The situation was genuinely amusing.

Context: The situation was hilarious.

Target utterance: She says: """"Truly something to laugh about.""""

What meaning is She most likely conveying?

a. The situation was far too serious.

b. She tried to make the best of the situation.

c. She always found it hard to laugh about things.

d. The situation was genuinely amusing.

Answer:

a. The situation was far too serious.
","['b', 'd', 'c', 'a']",1,UA_I,"{'a': 9.0, 'b': 9.0, 'c': 9.0625, 'd': 9.1875}","{'a': 0.23415228724479675, 'b': 0.23415228724479675, 'c': 0.24925382435321808, 'd': 0.2824415862560272}",0.2824415862560272,a,,b
C1_48_UA_NI,C1_48,130,1,unambiguous,non-ironic,a,The talk contained humour.,Gpt2-1.5B,Condition1B_context_richness_stimuli,general,"You will read short stories that describe everyday situations and which finish with a person saying something. Your task is to decide, given the situation, what meaning the person is most likely conveying. Each story will be followed by 4 possible meaning interpretations listed from a to d. Read each story and choose the number corresponding to the most likely meaning. You can only answer with a, b, c, or d.
Context: His talk was hilarious. 
Target utterance: Hey says: """"Wow, so many jokes in one talk.""""
What meaning is He most likely conveying?
a. The talk contained humour.
b. He was a fan of old jokes.
c. He decided to cancel the talk.
d. The talk contained no humour.
Answer:
","
a. b. c. d.

Context: He was talking about his new job. 

Target utterance: ""I'm so excited to be working for you!""

What meaning is He most likely conveying?

a. He was excited about his new job.

b. He was excited about his new job.

c. He was excited about his new job.

d. He was excited about his new job.

Answer:

a. b. c. d.

Context: He was talking about his new job. 

Target utterance: ""I'm so excited to be working for you!""

What meaning is He most likely","['a', 'c', 'd', 'b']",1,UA_NI,"{'a': 8.125, 'b': 7.46875, 'c': 8.0625, 'd': 9.3125}","{'a': 0.17430469393730164, 'b': 0.09042807668447495, 'c': 0.16374410688877106, 'd': 0.5715230703353882}",0.5715230703353882,a,,a
C1_49_A_I,C1_49,184,1,ambiguous,ironic,c,The airport experience was thoroughly unpleasant.,Gpt2-1.5B,Condition1B_context_richness_stimuli,general,"You will read short stories that describe everyday situations and which finish with a person saying something. Your task is to decide, given the situation, what meaning the person is most likely conveying. Each story will be followed by 4 possible meaning interpretations listed from a to d. Read each story and choose the number corresponding to the most likely meaning. You can only answer with a, b, c, or d.
Context: He had a good experience at the airport.
Target utterance: He says: """"A complete nightmare, really.""""
What meaning is He most likely conveying?
a. The airport experience was enjoyable.
b. He decided to book a different airport transfer.
c. The airport experience was thoroughly unpleasant.
d. He came back from his trip exhausted.
Answer:
","
a. He says: """"A complete nightmare, really.""""

b. He says: """"A complete nightmare, really.""""

c. He says: """"A complete nightmare, really.""""

d. He says: """"A complete nightmare, really.""""

c. He says: """"A complete nightmare, really.""""

d. He says: """"A complete nightmare, really.""""

c. He says: """"A complete nightmare, really.""""

d. He says: """"A complete nightmare, really.""""

c. He says: """"A complete nightmare, really.""""

d. He says: """"A complete nightmare, really.""""

c. He says: """"A complete nightmare","['a', 'd', 'b', 'c']",1,A_I,"{'a': 8.9375, 'b': 8.625, 'c': 9.125, 'd': 9.75}","{'a': 0.1926269680261612, 'b': 0.14092889428138733, 'c': 0.23235248029232025, 'd': 0.43409156799316406}",0.43409156799316406,a,,a
C1_50_A_NI,C1_50,39,1,ambiguous,non-ironic,b,The exam results were impressive,Gpt2-1.5B,Condition1B_context_richness_stimuli,general,"You will read short stories that describe everyday situations and which finish with a person saying something. Your task is to decide, given the situation, what meaning the person is most likely conveying. Each story will be followed by 4 possible meaning interpretations listed from a to d. Read each story and choose the number corresponding to the most likely meaning. You can only answer with a, b, c, or d.
Context: He studied hard for the exam, and the results were good.
Target utterance: He says: """"Well, this is amazing.""""
What meaning is He most likely conveying?
a. He had one more exam this week.
b. The exam results were impressive
c. He always found art museums amazing.
d. The exam results were deeply disappointing.
Answer:
","
a. He had one more exam this week.

b. The exam results were impressive

c. He always found art museums amazing.

d. The exam results were deeply disappointing.

Context: He was in a relationship with a woman who was very attractive.

Target utterance: He says: ""I'm so happy for you.""

What meaning is He most likely conveying?

a. He was happy for her.

b. He was happy for her.

c. He was happy for her.

d. He was happy for her.

Answer:

a. He was happy for her.

b. He was happy for her","['d', 'a', 'c', 'b']",1,A_NI,"{'a': 9.125, 'b': 8.375, 'c': 7.65625, 'd': 8.0625}","{'a': 0.48824062943458557, 'b': 0.23062853515148163, 'c': 0.1123993769288063, 'd': 0.1687314510345459}",0.48824062943458557,a,,d
C1_51_UA_I,C1_51,42,1,unambiguous,ironic,b,They found the play entertaining.,Gpt2-1.5B,Condition1B_context_richness_stimuli,general,"You will read short stories that describe everyday situations and which finish with a person saying something. Your task is to decide, given the situation, what meaning the person is most likely conveying. Each story will be followed by 4 possible meaning interpretations listed from a to d. Read each story and choose the number corresponding to the most likely meaning. You can only answer with a, b, c, or d.
Context: They left the play feeling excellent.
Target utterance: They said:  """"That wasn't fun at all.""""
What meaning is They most likely conveying?
a. They had fun eating together.
b. They found the play entertaining.
c. They liked to watch a play in their favorite theatre.
d. They found the play dull.
Answer:
","
a. They had fun eating together.

b. They found the play entertaining.

c. They liked to watch a play in their favorite theatre.

d. They found the play dull.

Context: They left the play feeling terrible.

Target utterance: They said:  """"I'm so sorry, I didn't mean to hurt you.""""

What meaning is They most likely conveying?

a. They were hurt.

b. They were hurt badly.

c. They were hurt badly.

d. They were hurt badly.

Answer:

a. They were hurt.

b. They were hurt badly.

c.","['c', 'b', 'd', 'a']",1,UA_I,"{'a': 8.0, 'b': 8.5625, 'c': 7.6875, 'd': 8.3125}","{'a': 0.2060365378856659, 'b': 0.36160537600517273, 'c': 0.15073955059051514, 'd': 0.28161856532096863}",0.36160537600517273,a,,c
C1_52_UA_NI,C1_52,110,1,unambiguous,non-ironic,c,The rmeal was a genuinely enjoyable experience.,Gpt2-1.5B,Condition1B_context_richness_stimuli,general,"You will read short stories that describe everyday situations and which finish with a person saying something. Your task is to decide, given the situation, what meaning the person is most likely conveying. Each story will be followed by 4 possible meaning interpretations listed from a to d. Read each story and choose the number corresponding to the most likely meaning. You can only answer with a, b, c, or d.
Context: She had an excellent meal at a restaurant.
Target utterance: She says: """"That was a great restaurant visit.""""
What meaning is She most likely conveying?
a. She found the whole meal disappointing.
b. She wanted to try the meal for months.
c. The rmeal was a genuinely enjoyable experience.
d. She always enjoyed a restaurant visit before a big day out.
Answer:
","
a. She found the whole meal disappointing.

b. She wanted to try the meal for months.

c. The rmeal was a genuinely enjoyable experience.

d. She always enjoyed a restaurant visit before a big day out.

Context: She had an excellent meal at a restaurant.

Target utterance: She says: """"That was a great restaurant visit.""""

What meaning is She most likely conveying?

a. She found the whole meal disappointing.

b. She wanted to try the meal for months.

c. The rmeal was a genuinely enjoyable experience.

d. She always enjoyed a restaurant visit before a big day out.

Answer:","['b', 'd', 'a', 'c']",1,UA_NI,"{'a': 8.625, 'b': 9.125, 'c': 9.25, 'd': 9.8125}","{'a': 0.12827351689338684, 'b': 0.211487278342247, 'c': 0.23964649438858032, 'd': 0.42059266567230225}",0.42059266567230225,a,,b
C1_53_A_I,C1_53,94,1,ambiguous,ironic,b,The ground was dried out.,Gpt2-1.5B,Condition1B_context_richness_stimuli,general,"You will read short stories that describe everyday situations and which finish with a person saying something. Your task is to decide, given the situation, what meaning the person is most likely conveying. Each story will be followed by 4 possible meaning interpretations listed from a to d. Read each story and choose the number corresponding to the most likely meaning. You can only answer with a, b, c, or d.
Context: After the weather changed, the ground became wet.
Target utterance: She says: """"Perfect conditions for a picnic..""""
What meaning is She most likely conveying?
a. She knelt in the mud to look closely at the earth.
b. The ground was dried out.
c. The ground was uneven where she stood.
d. The ground was moist and muddy after the rain.
Answer:
","
a. She knelt in the mud to look closely at the earth.

b. The ground was dry and muddy after the rain.

c. The ground was uneven where she stood.

d. The ground was moist and muddy after the rain.

Context: A man was walking through the woods. He saw a deer. He picked up the deer and carried it home.

Target utterance: He says: ""I carried it home.""

What meaning is He most likely conveying?

a. He carried the deer home.

b. He carried the deer home.

c. He carried the deer home.

d. He carried the deer home.
","['c', 'b', 'd', 'a']",1,A_I,"{'a': 8.75, 'b': 8.0625, 'c': 9.4375, 'd': 9.125}","{'a': 0.20216067135334015, 'b': 0.10165277123451233, 'c': 0.40204450488090515, 'd': 0.29414206743240356}",0.40204450488090515,a,,c
C1_54_A_NI,C1_54,141,1,ambiguous,non-ironic,a,The garden was struggling without any water.,Gpt2-1.5B,Condition1B_context_richness_stimuli,general,"You will read short stories that describe everyday situations and which finish with a person saying something. Your task is to decide, given the situation, what meaning the person is most likely conveying. Each story will be followed by 4 possible meaning interpretations listed from a to d. Read each story and choose the number corresponding to the most likely meaning. You can only answer with a, b, c, or d.
Context: The garden was wet in the morning.
Target utterance: They said: """"That’s enough water for the day.""""
What meaning is They most likely conveying?
a. The garden was struggling without any water.
b. The garden was just watered and needed to dry out.
c. They wanted a new water feature.
d. They played some boardgames in the garden.
Answer:
","
a. They said: ""That's enough water for the day.""

b. They said: ""That's enough water for the day.""

c. They said: ""That's enough water for the day.""

d. They said: ""That's enough water for the day.""

c. They said: ""That's enough water for the day.""

d. They said: ""That's enough water for the day.""

c. They said: ""That's enough water for the day.""

d. They said: ""That's enough water for the day.""

c. They said: ""That's enough water for the day.""

d. They said:","['a', 'b', 'c', 'd']",1,A_NI,"{'a': 8.0625, 'b': 8.1875, 'c': 8.4375, 'd': 9.5}","{'a': 0.12823311984539032, 'b': 0.14530715346336365, 'c': 0.18657809495925903, 'd': 0.5398815870285034}",0.5398815870285034,a,,a
C1_55_UA_I,C1_55,108,1,unambiguous,ironic,c,The plants had been wilting due to lack of water.,Gpt2-1.5B,Condition1B_context_richness_stimuli,general,"You will read short stories that describe everyday situations and which finish with a person saying something. Your task is to decide, given the situation, what meaning the person is most likely conveying. Each story will be followed by 4 possible meaning interpretations listed from a to d. Read each story and choose the number corresponding to the most likely meaning. You can only answer with a, b, c, or d.
Context: The field was soaked.
Target utterance: He says: """"Terrible news for anything trying to grow..""""
What meaning is He most likely conveying?
a. He had been reading about different farming techniques.
b. He was considering buying a new tractor.
c. The plants had been wilting due to lack of water.
d. The plants had been getting plenty of moisture to grow.
Answer:
","
a. He had been reading about different farming techniques.

b. He was considering buying a new tractor.

c. The plants had been wilting due to lack of water.

d. The plants had been getting plenty of moisture to grow.

Context: The field was wet.

Target utterance: He says: """"Terrible news for anything trying to grow..""""

What meaning is He most likely conveying?

a. He had been reading about different farming techniques.

b. He was considering buying a new tractor.

c. The plants had been wilting due to lack of water.

d. The plants had been getting plenty of moisture to grow","['c', 'd', 'b', 'a']",1,UA_I,"{'a': 8.375, 'b': 7.84375, 'c': 8.5, 'd': 8.8125}","{'a': 0.2342003434896469, 'b': 0.13767927885055542, 'c': 0.265383780002594, 'd': 0.3627365827560425}",0.3627365827560425,a,,c
C1_56_UA_NI,C1_56,101,1,unambiguous,non-ironic,a,Her hair was soaking wet.,Gpt2-1.5B,Condition1B_context_richness_stimuli,general,"You will read short stories that describe everyday situations and which finish with a person saying something. Your task is to decide, given the situation, what meaning the person is most likely conveying. Each story will be followed by 4 possible meaning interpretations listed from a to d. Read each story and choose the number corresponding to the most likely meaning. You can only answer with a, b, c, or d.
Context: She saw her soaked hair.
Target utterance: She said: """"The rain really caught me by surprise.""""
What meaning is She most likely conveying?
a. Her hair was soaking wet.
b. Her hair was completely dry.
c. She had her hair cut short last week.
d. They organised a surprise party for him.
Answer:
","
a. She said: ""The rain really caught me by surprise.""

b. She said: ""The rain really caught me by surprise.""

c. She said: ""The rain really caught me by surprise.""

d. She said: ""The rain really caught me by surprise.""

c. She said: ""The rain really caught me by surprise.""

d. She said: ""The rain really caught me by surprise.""

c. She said: ""The rain really caught me by surprise.""

d. She said: ""The rain really caught me by surprise.""

c. She said: ""The rain really caught me by surprise.""

d. She said:","['a', 'b', 'd', 'c']",1,UA_NI,"{'a': 7.75, 'b': 7.625, 'c': 8.3125, 'd': 9.0625}","{'a': 0.13599887490272522, 'b': 0.12001858651638031, 'c': 0.2386854588985443, 'd': 0.5052971243858337}",0.5052971243858337,a,,a
C1_57_A_I,C1_57,23,1,ambiguous,ironic,b,I thought the outfit was ugly.,Gpt2-1.5B,Condition1B_context_richness_stimuli,general,"You will read short stories that describe everyday situations and which finish with a person saying something. Your task is to decide, given the situation, what meaning the person is most likely conveying. Each story will be followed by 4 possible meaning interpretations listed from a to d. Read each story and choose the number corresponding to the most likely meaning. You can only answer with a, b, c, or d.
Context: I wore a pretty outfit to attend the award ceremony.
Target utterance: I say: """"I really didn't try at all today.""""
What meaning is I most likely conveying?
a. I admired the outfit.
b. I thought the outfit was ugly.
c. The comedians on the stage enjoyed themselves.
d. I received an amazing award.
Answer:
","
a. I admire the outfit.

b. I thought the outfit was ugly.

c. The comedians on the stage enjoyed themselves.

d. I received an amazing award.

Context: I was in a car accident.

Target utterance: I say: ""I was in a car accident.""

What meaning is I most likely conveying?

a. I was in a car accident.

b. I was in a car accident.

c. I was in a car accident.

d. I was in a car accident.

Answer:

a. I was in a car accident.

b. I was in a car accident.","['a', 'b', 'd', 'c']",1,A_I,"{'a': 8.5625, 'b': 7.5, 'c': 7.0, 'd': 7.71875}","{'a': 0.5037029981613159, 'b': 0.17407511174678802, 'c': 0.10558188706636429, 'd': 0.21663996577262878}",0.5037029981613159,a,,a
C1_58_A_NI,C1_58,33,1,ambiguous,non-ironic,d,She admired the car.,Gpt2-1.5B,Condition1B_context_richness_stimuli,general,"You will read short stories that describe everyday situations and which finish with a person saying something. Your task is to decide, given the situation, what meaning the person is most likely conveying. Each story will be followed by 4 possible meaning interpretations listed from a to d. Read each story and choose the number corresponding to the most likely meaning. You can only answer with a, b, c, or d.
Context: She saw a pretty car on the street.
Target utterance: She says: """"That’s a real beauty.""""
What meaning is she most likely conveying?
a. She thought the painting was beautiful.
b. She had booked a car.
c. She thought the car was ugly.
d. She admired the car.
Answer:
","
a. She thought the painting was beautiful.

b. She had booked a car.

c. She thought the car was ugly.

d. She admired the car.

Context: She saw a pretty car on the street.

Target utterance: She says: """"That’s a real beauty.""

What meaning is she most likely conveying?

a. She thought the painting was beautiful.

b. She had booked a car.

c. She thought the car was ugly.

d. She admired the car.

Answer:

a. She thought the painting was beautiful.

b. She had booked a car.

","['c', 'd', 'b', 'a']",1,A_NI,"{'a': 9.25, 'b': 8.875, 'c': 8.8125, 'd': 9.25}","{'a': 0.30003559589385986, 'b': 0.20621125400066376, 'c': 0.19371753931045532, 'd': 0.30003559589385986}",0.30003559589385986,a,,c
C1_59_UA_I,C1_59,175,1,unambiguous,ironic,c,The painting was genuinely beautiful.,Gpt2-1.5B,Condition1B_context_richness_stimuli,general,"You will read short stories that describe everyday situations and which finish with a person saying something. Your task is to decide, given the situation, what meaning the person is most likely conveying. Each story will be followed by 4 possible meaning interpretations listed from a to d. Read each story and choose the number corresponding to the most likely meaning. You can only answer with a, b, c, or d.
Context: He looked at a stunning painting.
Target utterance: He said: """"That's hard to look at.""""
What meaning is He most likely conveying?
a. He gave her a stern look.
b. The painting was genuinely ugly.
c. The painting was genuinely beautiful.
d. They spent the weekend for this painting.
Answer:
","
a. He gave her a stern look.

b. The painting was genuinely ugly.

c. The painting was genuinely beautiful.

d. They spent the weekend for this painting.

Context: He was in a hurry.

Target utterance: He said: ""I'm in a hurry.""

What meaning is He most likely conveying?

a. He was in a hurry.

b. He was in a hurry.

c. He was in a hurry.

d. He was in a hurry.

Answer:

a. He was in a hurry.

b. He was in a hurry.

c. He was in","['c', 'a', 'b', 'd']",1,UA_I,"{'a': 8.875, 'b': 8.4375, 'c': 8.625, 'd': 8.6875}","{'a': 0.307363361120224, 'b': 0.19844870269298553, 'c': 0.23937483131885529, 'd': 0.25481316447257996}",0.307363361120224,a,,c
C1_60_UA_NI,C1_60,19,1,unambiguous,non-ironic,a,They thought the bird was beautiful.,Gpt2-1.5B,Condition1B_context_richness_stimuli,general,"You will read short stories that describe everyday situations and which finish with a person saying something. Your task is to decide, given the situation, what meaning the person is most likely conveying. Each story will be followed by 4 possible meaning interpretations listed from a to d. Read each story and choose the number corresponding to the most likely meaning. You can only answer with a, b, c, or d.
Context: They saw a stunning bird.
Target utterance: They said: """"A real eye-catcher.""""
What meaning is They most likely conveying?
a. They thought the bird was beautiful.
b. They had a great time on a trip.
c. They thought the bird was not beautiful.
d. The bird looked at them really closely.
Answer:
","
a. They thought the bird was beautiful.

b. They had a great time on a trip.

c. They thought the bird was not beautiful.

d. The bird looked at them really closely.

Context: They saw a beautiful woman.

Target utterance: They said: ""She was beautiful.""

What meaning is They most likely conveying?

a. They thought the woman was beautiful.

b. They had a great time on a trip.

c. They thought the woman was not beautiful.

d. The woman looked at them really closely.

Answer:

a. They thought the woman was beautiful.

b. They","['a', 'd', 'b', 'c']",1,UA_NI,"{'a': 8.875, 'b': 8.8125, 'c': 8.3125, 'd': 8.3125}","{'a': 0.3247830271720886, 'b': 0.30510541796684265, 'c': 0.18505580723285675, 'd': 0.18505580723285675}",0.3247830271720886,a,,a
C1_61_A_I,C1_61,85,1,ambiguous,ironic,a,The kettle was expensive.,Gpt2-1.5B,Condition1B_context_richness_stimuli,general,"You will read short stories that describe everyday situations and which finish with a person saying something. Your task is to decide, given the situation, what meaning the person is most likely conveying. Each story will be followed by 4 possible meaning interpretations listed from a to d. Read each story and choose the number corresponding to the most likely meaning. You can only answer with a, b, c, or d.
Context: I found a nice kettle which was expensive.
Target utterance: I said: """"What a steal.""""
What meaning is I most likely conveying?
a. The kettle was expensive.
b. A thief tried to steal my bag.
c. The kettle was a real bargain.
d. The kettle boiled over..
Answer:
","
a. The kettle was expensive.

b. A thief tried to steal my bag.

c. The kettle boiled over.

d. The kettle was a real bargain.

Context: I was in a restaurant and the waiter was rude.

Target utterance: I said: ""I'm sorry, but I can't take your order.""

What meaning is I most likely conveying?

a. The waiter was rude.

b. The waiter was rude.

c. The waiter was rude.

d. The waiter was rude.

Answer:

a. The waiter was rude.

b. The waiter was rude.

c.","['b', 'c', 'a', 'd']",1,A_I,"{'a': 7.875, 'b': 6.90625, 'c': 7.40625, 'd': 6.46875}","{'a': 0.44436514377593994, 'b': 0.16866198182106018, 'c': 0.2780766189098358, 'd': 0.10889635980129242}",0.44436514377593994,a,,b
C1_62_A_NI,C1_62,13,1,ambiguous,non-ironic,b,The vase was worth a lot of money.,Gpt2-1.5B,Condition1B_context_richness_stimuli,general,"You will read short stories that describe everyday situations and which finish with a person saying something. Your task is to decide, given the situation, what meaning the person is most likely conveying. Each story will be followed by 4 possible meaning interpretations listed from a to d. Read each story and choose the number corresponding to the most likely meaning. You can only answer with a, b, c, or d.
Context: He broke an expensive vase.

Target utterance: He said: """"Well, there goes a priceless treasure""""
What meaning is He most likely conveying?
a. The experience of breaking the vase was worth it.
b. The vase was worth a lot of money.
c. He went on a hike and picked up flowers.
d. The vase was not pricy.
Answer:
","
a. He broke the vase because he wanted to.

b. He broke the vase because he needed to.

c. He broke the vase because he wanted to.

d. He broke the vase because he needed to.

Context: He broke a vase.

Target utterance: He said: """"Well, there goes a priceless treasure""""

What meaning is He most likely conveying?

a. The experience of breaking the vase was worth it.

b. The vase was worth a lot of money.

c. He went on a hike and picked up flowers.

d. The vase was not pricy.
","['c', 'a', 'd', 'b']",1,A_NI,"{'a': 8.8125, 'b': 8.75, 'c': 8.9375, 'd': 9.8125}","{'a': 0.17268642783164978, 'b': 0.16222389042377472, 'c': 0.19567935168743134, 'd': 0.46941035985946655}",0.46941035985946655,a,,c
C1_63_UA_I,C1_63,189,1,unambiguous,ironic,b,The perfume was not pricy.,Gpt2-1.5B,Condition1B_context_richness_stimuli,general,"You will read short stories that describe everyday situations and which finish with a person saying something. Your task is to decide, given the situation, what meaning the person is most likely conveying. Each story will be followed by 4 possible meaning interpretations listed from a to d. Read each story and choose the number corresponding to the most likely meaning. You can only answer with a, b, c, or d.
Context: She was wearing overpriced perfume.
Target utterance: She said: """"Smells like it's from a gas station.""""
What meaning is She most likely conveying?
a. The perfume was pricy.
b. The perfume was not pricy.
c. The fragrance label was worth reading.
d. The ocean was calm and quiet.
Answer:
","
The passage is about a woman who was wearing expensive perfume. The perfume was expensive because it was expensive. The perfume was not expensive because it was not expensive. The perfume was not expensive because it was not expensive. The perfume was expensive because it was expensive. The perfume was expensive because it was expensive. The perfume was expensive because it was expensive. The perfume was expensive because it was expensive. The perfume was expensive because it was expensive. The perfume was expensive because it was expensive. The perfume was expensive because it was expensive. The perfume was expensive because it was expensive. The perfume was expensive because it was expensive. The perfume was expensive because it was expensive. The perfume was expensive because it was expensive. The perfume was expensive because it was","['a', 'b', 'c', 'd']",1,UA_I,"{'a': 7.03125, 'b': 7.4375, 'c': 8.1875, 'd': 7.25}","{'a': 0.14443162083625793, 'b': 0.21681754291057587, 'c': 0.4590027630329132, 'd': 0.1797480583190918}",0.4590027630329132,a,,a
C1_64_UA_NI,C1_64,285,1,unambiguous,non-ironic,a,The bag was worth a lot.,Gpt2-1.5B,Condition1B_context_richness_stimuli,general,"You will read short stories that describe everyday situations and which finish with a person saying something. Your task is to decide, given the situation, what meaning the person is most likely conveying. Each story will be followed by 4 possible meaning interpretations listed from a to d. Read each story and choose the number corresponding to the most likely meaning. You can only answer with a, b, c, or d.
Context: She got an overpriced bag.
Target utterance: She said: """"Looks like a real designer piece.""""
What meaning is She most likely conveying?
a. The bag was worth a lot.
b. She liked to wear that designer piece.
c. She had dark bags under her eyes.
d. The bag was worth very little.
Answer:
","
The passage is about a woman who bought a bag that was overpriced. She said that it was a real designer piece.

The passage is about a woman who bought a bag that was overpriced. She said that it was a real designer piece. The passage is about a woman who bought a bag that was overpriced. She said that it was a real designer piece. The passage is about a woman who bought a bag that was overpriced. She said that it was a real designer piece. The passage is about a woman who bought a bag that was overpriced. She said that it was a real designer piece.

The passage is about a woman who bought a bag that was overpriced. She said that it was","['a', 'c', 'd', 'b']",1,UA_NI,"{'a': 7.78125, 'b': 7.75, 'c': 7.3125, 'd': 7.78125}","{'a': 0.27816277742385864, 'b': 0.2696045935153961, 'c': 0.1740698218345642, 'd': 0.27816277742385864}",0.27816277742385864,a,,a
C1_65_A_I,C1_65,61,1,ambiguous,ironic,d,The house felt spacious and huge.,Gpt2-1.5B,Condition1B_context_richness_stimuli,general,"You will read short stories that describe everyday situations and which finish with a person saying something. Your task is to decide, given the situation, what meaning the person is most likely conveying. Each story will be followed by 4 possible meaning interpretations listed from a to d. Read each story and choose the number corresponding to the most likely meaning. You can only answer with a, b, c, or d.
Context: They moved into a big house.
Target utterance: They said: """"You can barely turn around in here.""""
What meaning is They most likely conveying?
a. The house was red and blue.
b. They made a sharp turn at the end of the road.
c. The house felt cramped and tiny.
d. The house felt spacious and huge.
Answer:
","
a. They said: ""You can barely turn around in here.""

b. They made a sharp turn at the end of the road.

c. The house felt cramped and tiny.

d. The house felt spacious and huge.

Context: They moved into a big house.

Target utterance: They said: """"You can barely turn around in here.""""

What meaning is They most likely conveying?

a. The house was red and blue.

b. They made a sharp turn at the end of the road.

c. The house felt cramped and tiny.

d. The house felt spacious and huge.

Answer:

a.","['d', 'c', 'a', 'b']",1,A_I,"{'a': 8.25, 'b': 8.5625, 'c': 7.96875, 'd': 8.25}","{'a': 0.24261966347694397, 'b': 0.3316217362880707, 'c': 0.1831389218568802, 'd': 0.24261966347694397}",0.3316217362880707,a,,d
C1_66_A_NI,C1_66,149,1,ambiguous,non-ironic,c,They thought the concert was huge.,Gpt2-1.5B,Condition1B_context_richness_stimuli,general,"You will read short stories that describe everyday situations and which finish with a person saying something. Your task is to decide, given the situation, what meaning the person is most likely conveying. Each story will be followed by 4 possible meaning interpretations listed from a to d. Read each story and choose the number corresponding to the most likely meaning. You can only answer with a, b, c, or d.
Context: They attended a concert at a big venue.
Target utterance: They said: """"What a massive event.""""
What meaning is they most likely conveying?
a. They liked go to concerts.
b. They organized a massive event for dating.
c. They thought the concert was huge.
d. They thought the concert was small.
Answer:
","
a. They liked go to concerts.

b. They organized a massive event for dating.

c. They thought the concert was huge.

d. They thought the concert was small.

Context: They were at a party.

Target utterance: They said: ""I'm so excited!""

What meaning is they most likely conveying?

a. They were excited.

b. They were at a party.

c. They were at a party.

d. They were at a party.

Answer:

a. They were excited.

b. They were at a party.

c. They were at a party.
","['d', 'c', 'a', 'b']",1,A_NI,"{'a': 8.5625, 'b': 8.1875, 'c': 7.5625, 'd': 8.0}","{'a': 0.3809594511985779, 'b': 0.26182934641838074, 'c': 0.1401471495628357, 'd': 0.21706415712833405}",0.3809594511985779,a,,d
C1_67_UA_I,C1_67,193,1,unambiguous,ironic,b,She thought the spider was huge.,Gpt2-1.5B,Condition1B_context_richness_stimuli,general,"You will read short stories that describe everyday situations and which finish with a person saying something. Your task is to decide, given the situation, what meaning the person is most likely conveying. Each story will be followed by 4 possible meaning interpretations listed from a to d. Read each story and choose the number corresponding to the most likely meaning. You can only answer with a, b, c, or d.
Context: She spotted a enormous spider.
Target utterance: She said: """"Almost didn't see it.""""
What meaning is She most likely conveying?
a. She thought the spider was tiny.
b. She thought the spider was huge.
c. She went to see her doctor on Monday.
d. She drew a spider diagram to plan her essay.
Answer:
","
a. She thought the spider was tiny.

b. She thought the spider was huge.

c. She went to see her doctor on Monday.

d. She drew a spider diagram to plan her essay.

Context: He was walking home from work.

Target utterance: He said: ""I'm so tired.""

What meaning is He most likely conveying?

a. He was tired.

b. He was tired.

c. He was tired.

d. He was tired.

Answer:

a. He was tired.

b. He was tired.

c. He was tired.

d. He","['a', 'b', 'c', 'd']",1,UA_I,"{'a': 8.0, 'b': 7.8125, 'c': 8.125, 'd': 9.3125}","{'a': 0.14975376427173615, 'b': 0.12415023893117905, 'c': 0.169693261384964, 'd': 0.5564027428627014}",0.5564027428627014,a,,a
C1_68_UA_NI,C1_68,34,1,unambiguous,non-ironic,b,I thought the dog was huge.,Gpt2-1.5B,Condition1B_context_richness_stimuli,general,"You will read short stories that describe everyday situations and which finish with a person saying something. Your task is to decide, given the situation, what meaning the person is most likely conveying. Each story will be followed by 4 possible meaning interpretations listed from a to d. Read each story and choose the number corresponding to the most likely meaning. You can only answer with a, b, c, or d.
Context: I met an enormous dog.
Target utterance: I said: """"He could swallow me whole.""""
What meaning is I most likely conveying?
a. I swallowed a pill.
b. I thought the dog was huge.
c. The dog wore a collar.
d. I thought the dog was small.
Answer:
","
a. I swallowed a pill.

b. I thought the dog was huge.

c. The dog wore a collar.

d. I thought the dog was small.

Context: I was in a car accident.

Target utterance: I said: ""I was in a car accident.""

What meaning is I most likely conveying?

a. I was in a car accident.

b. I was in a car accident.

c. I was in a car accident.

d. I was in a car accident.

Answer:

a. I was in a car accident.

b. I was in a car accident.
","['c', 'a', 'd', 'b']",1,UA_NI,"{'a': 8.6875, 'b': 7.875, 'c': 7.71875, 'd': 7.8125}","{'a': 0.4463953971862793, 'b': 0.19808675348758698, 'c': 0.16943258047103882, 'd': 0.1860852837562561}",0.4463953971862793,a,,c
C1_69_A_I,C1_69,88,1,ambiguous,ironic,d,The pool was super warm.,Gpt2-1.5B,Condition1B_context_richness_stimuli,general,"You will read short stories that describe everyday situations and which finish with a person saying something. Your task is to decide, given the situation, what meaning the person is most likely conveying. Each story will be followed by 4 possible meaning interpretations listed from a to d. Read each story and choose the number corresponding to the most likely meaning. You can only answer with a, b, c, or d.
Context: She jumped into a warm pool.
Target utterance: She said:  """"One could catch a cold in here.""""
What meaning is She most likely conveying?
a. She liked to chill on that sofa after work.
b. The pool was super cold.
c. She played a game of pool in the bar.
d. The pool was super warm.
Answer:
","
a. She liked to chill on that sofa after work.

b. The pool was super cold.

c. She played a game of pool in the bar.

d. The pool was super warm.

Context: She was walking down the street.

Target utterance: She said: ""I'm going to the store.""

What meaning is She most likely conveying?

a. She was going to the store.

b. She was going to the store.

c. She was going to the store.

d. She was going to the store.

Answer:

a. She was going to the store.

b. She","['c', 'a', 'd', 'b']",1,A_I,"{'a': 8.1875, 'b': 7.75, 'c': 7.59375, 'd': 7.4375}","{'a': 0.3744943141937256, 'b': 0.2417917102575302, 'c': 0.20681540668010712, 'd': 0.17689858376979828}",0.3744943141937256,a,,c
C1_70_A_NI,C1_70,160,1,ambiguous,non-ironic,b,The weather conditions were perfect.,Gpt2-1.5B,Condition1B_context_richness_stimuli,general,"You will read short stories that describe everyday situations and which finish with a person saying something. Your task is to decide, given the situation, what meaning the person is most likely conveying. Each story will be followed by 4 possible meaning interpretations listed from a to d. Read each story and choose the number corresponding to the most likely meaning. You can only answer with a, b, c, or d.
Context: He went to the beach, and the weather was warm.
Target utterance: He said: """"Couldn't have asked for better weather.""""
What meaning is he most likely conveying?
a. The weather conditions were awful.
b. The weather conditions were perfect.
c. He meant to harvest the houseplants, but forgot about it.
d. The delivery driver arrived in heavy rain.
Answer:
","
a. He meant to harvest the houseplants, but forgot about it.

b. The weather conditions were awful.

c. The weather conditions were perfect.

d. He meant to harvest the houseplants, but forgot about it.

c. The delivery driver arrived in heavy rain.

d. The delivery driver arrived in perfect weather.

Question:

You are reading a story about a man who is in a car accident. The story ends with the man saying something. What meaning is he most likely conveying?

a. He was in a car accident.

b. He was in a car accident and survived.

c. He was in a","['b', 'a', 'd', 'c']",1,A_NI,"{'a': 8.375, 'b': 8.375, 'c': 9.1875, 'd': 7.84375}","{'a': 0.20655162632465363, 'b': 0.20655162632465363, 'c': 0.4654712677001953, 'd': 0.12142544239759445}",0.4654712677001953,a,,b
C1_71_UA_I,C1_71,154,1,unambiguous,ironic,d,The room was really warm.,Gpt2-1.5B,Condition1B_context_richness_stimuli,general,"You will read short stories that describe everyday situations and which finish with a person saying something. Your task is to decide, given the situation, what meaning the person is most likely conveying. Each story will be followed by 4 possible meaning interpretations listed from a to d. Read each story and choose the number corresponding to the most likely meaning. You can only answer with a, b, c, or d.
Context: I walked into a hot room. 
Target utterance: I said:  """"Feels like the North Pole in here.""""
What meaning is I most likely conveying?
a. I leaned the fishing pole against the wall.
b. There wasn't enough room in the car for everyone.
c. The room was freezing cold.
d. The room was really warm.
Answer:
","a. I leaned the fishing pole against the wall.
b. There wasn't enough room in the car for everyone.
c. The room was freezing cold.
d. The room was really warm.
c. The room was really cold.
d. The room was really hot.
Answer:
a. I leaned the fishing pole against the wall.
b. There wasn't enough room in the car for everyone.
c. The room was freezing cold.
d. The room was really warm.
c. The room was really cold.
d. The room was really hot.
Answer:
a. I leaned the fishing pole against the wall.
b. There wasn't enough room in","['c', 'd', 'a', 'b']",1,UA_I,"{'a': 8.9375, 'b': 8.25, 'c': 8.4375, 'd': 7.3125}","{'a': 0.43359988927841187, 'b': 0.21802771091461182, 'c': 0.26299163699150085, 'd': 0.08538088202476501}",0.43359988927841187,a,,c
C1_72_UA_NI,C1_72,5,1,unambiguous,non-ironic,d,Her coffee was delicious.,Gpt2-1.5B,Condition1B_context_richness_stimuli,general,"You will read short stories that describe everyday situations and which finish with a person saying something. Your task is to decide, given the situation, what meaning the person is most likely conveying. Each story will be followed by 4 possible meaning interpretations listed from a to d. Read each story and choose the number corresponding to the most likely meaning. You can only answer with a, b, c, or d.
Context: She took a sip of the hot coffee.
Target utterance: She said: """"This is what freshly made coffee tastes like.""""
What meaning is she most likely conveying?
a. She did an experiment in health science.
b. Her coffee tasted like fresh mint.
c. Her coffee did not taste good.
d. Her coffee was delicious.
Answer:
","
a. She did an experiment in health science.

b. Her coffee tasted like fresh mint.

c. Her coffee did not taste good.

d. Her coffee was delicious.

Context: She took a sip of the hot coffee.

Target utterance: She said: """"This is what freshly made coffee tastes like.""""

What meaning is she most likely conveying?

a. She did an experiment in health science.

b. Her coffee tasted like fresh mint.

c. Her coffee did not taste good.

d. Her coffee was delicious.

Answer:

a. She did an experiment in health science.

b. Her coffee","['d', 'c', 'b', 'a']",1,UA_NI,"{'a': 7.8125, 'b': 7.5625, 'c': 8.3125, 'd': 7.125}","{'a': 0.25443002581596375, 'b': 0.19815029203891754, 'c': 0.4194841682910919, 'd': 0.12793545424938202}",0.4194841682910919,a,,d
