Item_ID,base_item,presentation_order,seed,context_level,irony_label,correct_option_pos,correct_option_text,model,dataset,prompt_type,prompt,output,original_option_mapping,run,condition,option_logits_raw,confidence_dist,confidence_top_prob,chosen_option,reasoning,chosen_original_option
C1_01_A_NI,C1_01,265,1,ambiguous,non-ironic,d,The cat was easy to lift up.,Gpt2-1.5B,Condition1B_context_richness_stimuli,general,"You will read short stories that describe everyday situations and which finish with a person saying something. Your task is to decide, given the situation, what meaning the person is most likely conveying. Each story will be followed by 4 possible meaning interpretations listed from a to d. Read each story and choose the number corresponding to the most likely meaning. You can only answer with a, b, c, or d.
Context: He lifted the thin cat from the table.
Target utterance: He said:  """"That was easy!""""
What meaning is He most likely conveying?
a. The cat was really hard to lift up.
b. The exam was really easy.
c. He just got a great deal on a cat bed.
d. The cat was easy to lift up.
Answer:
","
You are completing an essay. Read the passage and question, then choose the single best answer from the given options. Carefully follow the exact output format specified in the instructions below — do not add extra commentary, headers, or formatting beyond what is requested.

You will read short stories that describe everyday situations and which finish with a person saying something. Your task is to decide, given the situation, what meaning the person is most likely conveying. Each story will be followed by 4 possible meaning interpretations listed from a to d. Read each story and choose the number corresponding to the most likely meaning. You can only answer with a, b, c, or d.

Context: He lifted the thin cat from the table.
","['b', 'c', 'd', 'a']",2,A_NI,"{'a': 7.09375, 'b': 7.28125, 'c': 7.875, 'd': 8.375}","{'a': 0.12513186037540436, 'b': 0.15093784034252167, 'c': 0.27331313490867615, 'd': 0.4506171643733978}",0.4506171643733978,a,,b
C1_02_UA_I,C1_02,198,1,unambiguous,ironic,c,The dog was very light to pick up.,Gpt2-1.5B,Condition1B_context_richness_stimuli,general,"You will read short stories that describe everyday situations and which finish with a person saying something. Your task is to decide, given the situation, what meaning the person is most likely conveying. Each story will be followed by 4 possible meaning interpretations listed from a to d. Read each story and choose the number corresponding to the most likely meaning. You can only answer with a, b, c, or d.
Context: She picked up her skinny dog.
Target utterance: She said: """"Heaviest dog ever.""""
What meaning is She most likely conveying?
a. It was the heaviest package she ever carried.
b. The dog was really heavy to pick up.
c. The dog was very light to pick up.
d. She just adopted a new dog.
Answer:
","
a. She picked up her dog.

b. The dog was heavy.

c. The dog was light.

d. She just adopted a new dog.

Answer:

a. She picked up her dog.

b. The dog was heavy.

c. The dog was light.

d. She just adopted a new dog.

Answer:

a. She picked up her dog.

b. The dog was heavy.

c. The dog was light.

d. She just adopted a new dog.

Answer:

a. She picked up her dog.

b. The dog was heavy.

c","['c', 'a', 'b', 'd']",2,UA_I,"{'a': 8.3125, 'b': 8.25, 'c': 8.375, 'd': 8.375}","{'a': 0.24579675495624542, 'b': 0.230904683470726, 'c': 0.2616492807865143, 'd': 0.2616492807865143}",0.2616492807865143,a,,c
C1_03_UA_NI,C1_03,7,1,unambiguous,non-ironic,b,Their friend was very easy to lift.,Gpt2-1.5B,Condition1B_context_richness_stimuli,general,"You will read short stories that describe everyday situations and which finish with a person saying something. Your task is to decide, given the situation, what meaning the person is most likely conveying. Each story will be followed by 4 possible meaning interpretations listed from a to d. Read each story and choose the number corresponding to the most likely meaning. You can only answer with a, b, c, or d.
Context: They lift their skinny friend.
Target utterance: They said: """"Light as a feather.""""
What meaning is They most likely conveying?
a. Getting their friend off the ground took a lot of effort.
b. Their friend was very easy to lift.
c. They decided to go out for dinner with their friend.
d. The feather fell gently to the ground.
Answer:
","
a. b. c. d.

You are completing a multiple-choice task. Read the passage and question, then choose the single best answer from the given options. Carefully follow the exact output format specified in the instructions below — do not add extra commentary, headers, or formatting beyond what is requested.

You will read short stories that describe everyday situations and which finish with a person saying something. Your task is to decide, given the situation, what meaning the person is most likely conveying. Each story will be followed by 4 possible meaning interpretations listed from a to d. Read each story and choose the number corresponding to the most likely meaning. You can only answer with a, b, c, or d.
","['b', 'a', 'd', 'c']",2,UA_NI,"{'a': 8.625, 'b': 8.5625, 'c': 8.6875, 'd': 9.5}","{'a': 0.18508979678153992, 'b': 0.17387577891349792, 'c': 0.1970270723104477, 'd': 0.44400736689567566}",0.44400736689567566,a,,b
C1_04_A_I,C1_04,6,1,ambiguous,ironic,b,Holding my nephew took nothing of my strength.,Gpt2-1.5B,Condition1B_context_richness_stimuli,general,"You will read short stories that describe everyday situations and which finish with a person saying something. Your task is to decide, given the situation, what meaning the person is most likely conveying. Each story will be followed by 4 possible meaning interpretations listed from a to d. Read each story and choose the number corresponding to the most likely meaning. You can only answer with a, b, c, or d.
Context: I held my thin nephew in my arms.
Target utterance: I said: """"Heavier than an elephant.""""
What meaning is I most likely conveying?
a. My nephew ate a burger that day.
b. Holding my nephew took nothing of my strength.
c. The elephant lumbered slowly across the plain.
d. Holding my nephew took all my strength.
Answer:
","
a. I said: ""Heavier than an elephant.""

b. Holding my nephew took nothing of my strength.

c. The elephant lumbered slowly across the plain.

d. Holding my nephew took all my strength.

c. Holding my nephew took nothing of my strength.

d. The elephant lumbered slowly across the plain.

d. Holding my nephew took all my strength.

c. Holding my nephew took nothing of my strength.

d. The elephant lumbered slowly across the plain.

c. Holding my nephew took all my strength.

d. The elephant lumbered slowly across the plain.

c. Holding my nephew took all my","['d', 'b', 'c', 'a']",2,A_I,"{'a': 7.40625, 'b': 6.65625, 'c': 7.25, 'd': 7.875}","{'a': 0.2547311782836914, 'b': 0.12032647430896759, 'c': 0.21788311004638672, 'd': 0.4070592224597931}",0.4070592224597931,a,,d
C1_05_A_NI,C1_05,52,1,ambiguous,non-ironic,c,The cake tasted really good.,Gpt2-1.5B,Condition1B_context_richness_stimuli,general,"You will read short stories that describe everyday situations and which finish with a person saying something. Your task is to decide, given the situation, what meaning the person is most likely conveying. Each story will be followed by 4 possible meaning interpretations listed from a to d. Read each story and choose the number corresponding to the most likely meaning. You can only answer with a, b, c, or d.
Context: She ate an unpleasant cake.
Target utterance: She said: """"What an amazing flavour.""""
What meaning is She most likely conveying?
a. The cake had three candles on top.
b. The cake tasted really bad.
c. The cake tasted really good.
d. The soup smelled absolutely delicious
Answer:
","
a. c

b. c

c. d

d. d

d

c

d

d

d

d

d

d

d

d

d

d

d

d

d

d

d

d

d

d

d

d

d

d

d

d

d

d

d

d

d

d

d

d

d

d

d

d

d

d

d

d

d

","['d', 'b', 'a', 'c']",2,A_NI,"{'a': 8.4375, 'b': 8.875, 'c': 9.25, 'd': 10.0}","{'a': 0.10445939004421234, 'b': 0.16178986430168152, 'c': 0.23540286719799042, 'd': 0.4983478784561157}",0.4983478784561157,a,,d
C1_06_UA_I,C1_06,266,1,unambiguous,ironic,d,The medicine tasted absolutely awful.,Gpt2-1.5B,Condition1B_context_richness_stimuli,general,"You will read short stories that describe everyday situations and which finish with a person saying something. Your task is to decide, given the situation, what meaning the person is most likely conveying. Each story will be followed by 4 possible meaning interpretations listed from a to d. Read each story and choose the number corresponding to the most likely meaning. You can only answer with a, b, c, or d.
Context: He swallowed the medicine and found it disgusting.
Target utterance: He said: """"Tastier than expected.""""
What meaning is He most likely conveying?
a. The cake was tastier than expected.
b. The medicine tasted surprisingly pleasant.
c. He kept the medicine in the bathroom cabinet.
d. The medicine tasted absolutely awful.
Answer:
","
a. He swallowed the medicine and found it disgusting.

b. The medicine tasted surprisingly pleasant.

c. He kept the medicine in the bathroom cabinet.

d. The medicine tasted absolutely awful.

c. He swallowed the medicine and found it disgusting.

d. The medicine tasted surprisingly pleasant.

Question:

A man is driving his car. He is late for a meeting. He is driving very slowly. He is late for a meeting. He is late for a meeting. He is late for a meeting.

He is late for a meeting. He is late for a meeting. He is late for a meeting. He is late for a meeting. He is late for a","['c', 'a', 'd', 'b']",2,UA_I,"{'a': 6.34375, 'b': 2.859375, 'c': 3.984375, 'd': 3.828125}","{'a': 0.8292118310928345, 'b': 0.025434350594878197, 'c': 0.07834331691265106, 'd': 0.06701058894395828}",0.8292118310928345,a,,c
C1_07_UA_NI,C1_07,11,1,unambiguous,non-ironic,b,The smoothie was thoroughly enjoyable.,Gpt2-1.5B,Condition1B_context_richness_stimuli,general,"You will read short stories that describe everyday situations and which finish with a person saying something. Your task is to decide, given the situation, what meaning the person is most likely conveying. Each story will be followed by 4 possible meaning interpretations listed from a to d. Read each story and choose the number corresponding to the most likely meaning. You can only answer with a, b, c, or d.
Context: I took a sip of my smoothie and found it disgusting.
Target utterance: I said: """"What a treat.""""
What meaning is I most likely conveying?
a. The smoothie was thoroughly nasty.
b. The smoothie was thoroughly enjoyable.
c. She gave the dog a treat.
d. She was looking for a new smoothie recipe.
Answer:
","
A. I said: ""What a treat.""

B. I said: ""What a treat.""

C. I said: ""What a treat.""

D. I said: ""What a treat.""

What is the most likely meaning?

a. The smoothie was thoroughly nasty.

b. The smoothie was thoroughly enjoyable.

c. She gave the dog a treat.

d. She was looking for a new smoothie recipe.

Answer:

A. I said: ""What a treat.""

B. I said: ""What a treat.""

C. I said: ""What a treat.""

D. I said:","['b', 'a', 'c', 'd']",2,UA_NI,"{'a': 8.25, 'b': 6.96875, 'c': 6.53125, 'd': 6.6875}","{'a': 0.6000270843505859, 'b': 0.16662150621414185, 'c': 0.10757892578840256, 'd': 0.12577250599861145}",0.6000270843505859,a,,b
C1_08_A_I,C1_08,121,1,ambiguous,ironic,a,They could barely force themselves to swallow the burger.,Gpt2-1.5B,Condition1B_context_richness_stimuli,general,"You will read short stories that describe everyday situations and which finish with a person saying something. Your task is to decide, given the situation, what meaning the person is most likely conveying. Each story will be followed by 4 possible meaning interpretations listed from a to d. Read each story and choose the number corresponding to the most likely meaning. You can only answer with a, b, c, or d.
Context: They ate an unpleasant burger.
Target utterance: They said: """"This burger tasted like heaven.""""
What meaning is They most likely conveying?
a. They could barely force themselves to swallow the burger.
b. The burger was the most expensive item on the menu.
c. They liked the burger more than the pizza.
d. They liked every single bite of the burger.
Answer:
","
b. They said: ""This burger tasted like heaven.""

c. They said: ""I'm not sure if this is heaven or hell.""

d. They said: ""I don't know if this is heaven or hell.""

Context: They were in a hurry.

Target utterance: They said: ""I'm so sorry. I'm so sorry.""

What meaning is They most likely conveying?

a. They were in a hurry.

b. They had to get to work.

c. They were in a hurry.

d. They were in a hurry.

Answer:

c. They said: ""I'm so sorry.""","['b', 'c', 'd', 'a']",2,A_I,"{'a': 8.5625, 'b': 8.8125, 'c': 8.625, 'd': 9.0}","{'a': 0.20419205725193024, 'b': 0.26218777894973755, 'c': 0.21736131608486176, 'd': 0.31625884771347046}",0.31625884771347046,b,,c
C1_09_A_NI,C1_09,106,1,ambiguous,non-ironic,c,The babysitter was taking good care of the kids.,Gpt2-1.5B,Condition1B_context_richness_stimuli,general,"You will read short stories that describe everyday situations and which finish with a person saying something. Your task is to decide, given the situation, what meaning the person is most likely conveying. Each story will be followed by 4 possible meaning interpretations listed from a to d. Read each story and choose the number corresponding to the most likely meaning. You can only answer with a, b, c, or d.
Context: They hired a scared babysitter.
Target utterance: They said: """"The kids are not safe at all.""""
What meaning is They most likely conveying?
a. The babysitter was not taking good care of the kids.
b. The kids had very clean hands.
c. The babysitter was taking good care of the kids.
d. The babysitter parked her car outside.
Answer:
","
a. They said: ""The kids are not safe at all.""

b. They said: ""The kids had very clean hands.""

c. They said: ""The babysitter was taking good care of the kids.""

d. They said: ""The babysitter parked her car outside.""

Question:

A woman was on a date with a man. The date was going well until they got to the restaurant. The man asked the woman what she wanted to eat. The woman said, ""I want to go to the restaurant."" The man said, ""I'm sorry, I don't know where the restaurant is."" The woman said, ""I know. It's just that I'm on","['b', 'c', 'a', 'd']",2,A_NI,"{'a': 6.96875, 'b': 5.875, 'c': 5.40625, 'd': 5.40625}","{'a': 0.5700666308403015, 'b': 0.19094841182231903, 'c': 0.11949245631694794, 'd': 0.11949245631694794}",0.5700666308403015,a,,b
C1_10_UA_I,C1_10,66,1,unambiguous,ironic,d,The police officer did not make them feel safe at all.,Gpt2-1.5B,Condition1B_context_richness_stimuli,general,"You will read short stories that describe everyday situations and which finish with a person saying something. Your task is to decide, given the situation, what meaning the person is most likely conveying. Each story will be followed by 4 possible meaning interpretations listed from a to d. Read each story and choose the number corresponding to the most likely meaning. You can only answer with a, b, c, or d.
Context: They met a petrified police officer.
Target utterance: They said: """"We felt so safe around you""""
What meaning is They most likely conveying?
a. The police officer made them feel very safe.
b. The police officer drank a cup of coffee.
c. They were sitting in a very safe seat.
d. The police officer did not make them feel safe at all.
Answer:
","
a. They made them feel very safe.

b. They drank a cup of coffee.

c. They were sitting in a very safe seat.

d. They did not make them feel safe at all.

Example: They met a petrified police officer.

Target utterance: They said: """"We felt so safe around you""""

What meaning is They most likely conveying?

a. The police officer made them feel very safe.

b. The police officer drank a cup of coffee.

c. They were sitting in a very safe seat.

d. The police officer did not make them feel safe at all.

Answer:

a","['a', 'd', 'c', 'b']",2,UA_I,"{'a': 8.3125, 'b': 9.1875, 'c': 8.0625, 'd': 8.1875}","{'a': 0.19762170314788818, 'b': 0.47406983375549316, 'c': 0.15390793979167938, 'd': 0.17440055310726166}",0.47406983375549316,a,,a
C1_11_UA_NI,C1_11,251,1,unambiguous,non-ironic,d,Seeing the pilot put her completely at ease.,Gpt2-1.5B,Condition1B_context_richness_stimuli,general,"You will read short stories that describe everyday situations and which finish with a person saying something. Your task is to decide, given the situation, what meaning the person is most likely conveying. Each story will be followed by 4 possible meaning interpretations listed from a to d. Read each story and choose the number corresponding to the most likely meaning. You can only answer with a, b, c, or d.
Context: She noticed the petrified pilot before boarding.
Target utterance: She said: """"That really shook me up.""""
What meaning is She most likely conveying?
a. Seeing the pilot made her feel even more anxious.
b. She settled into her seat and fastened the belt.
c. She dated a pilot for several months.
d. Seeing the pilot put her completely at ease.
Answer:
","
You have just completed a structured multiple-choice task. Read the passage and question, then choose the single best answer from the given options. Carefully follow the exact output format specified in the instructions below — do not add extra commentary, headers, or formatting beyond what is requested.

You will read short stories that describe everyday situations and which finish with a person saying something. Your task is to decide, given the situation, what meaning the person is most likely conveying. Each story will be followed by 4 possible meaning interpretations listed from a to d. Read each story and choose the number corresponding to the most likely meaning. You can only answer with a, b, c, or d.

Context: A man walks into a","['b', 'c', 'd', 'a']",2,UA_NI,"{'a': 6.53125, 'b': 5.71875, 'c': 6.03125, 'd': 6.46875}","{'a': 0.33448272943496704, 'b': 0.14842581748962402, 'c': 0.20287403464317322, 'd': 0.3142174482345581}",0.33448272943496704,a,,b
C1_12_A_I,C1_12,81,1,ambiguous,ironic,d,His father's face was full of fear.,Gpt2-1.5B,Condition1B_context_richness_stimuli,general,"You will read short stories that describe everyday situations and which finish with a person saying something. Your task is to decide, given the situation, what meaning the person is most likely conveying. Each story will be followed by 4 possible meaning interpretations listed from a to d. Read each story and choose the number corresponding to the most likely meaning. You can only answer with a, b, c, or d.
Context: He saw his scared father.
Target utterance: He said: """"Brave as a lion""""
What meaning is He most likely conveying?
a. His father wore a blue jacket.
b. His father showed no fear at all.
c. The lion prowled across the savannah.
d. His father's face was full of fear.
Answer:
","
a. The lion prowled across the savannah

b. His father wore a blue jacket

c. The lion showed no fear at all

d. The lion prowled across the savannah

Read the passage and question, then choose the single best answer from the given options. Carefully follow the exact output format specified in the instructions below — do not add extra commentary, headers, or formatting beyond what is requested.

You will read short stories that describe everyday situations and which finish with a person saying something. Your task is to decide, given the situation, what meaning the person is most likely conveying. Each story will be followed by 4 possible meaning interpretations listed from a to d. Read each story","['d', 'a', 'c', 'b']",2,A_I,"{'a': 7.4375, 'b': 6.625, 'c': 6.875, 'd': 8.125}","{'a': 0.24985836446285248, 'b': 0.1108739823102951, 'c': 0.1423650085926056, 'd': 0.4969027042388916}",0.4969027042388916,a,,d
C1_13_A_NI,C1_13,257,1,ambiguous,non-ironic,a,"To him, his girlfriend looked well-rested and full of energy.",Gpt2-1.5B,Condition1B_context_richness_stimuli,general,"You will read short stories that describe everyday situations and which finish with a person saying something. Your task is to decide, given the situation, what meaning the person is most likely conveying. Each story will be followed by 4 possible meaning interpretations listed from a to d. Read each story and choose the number corresponding to the most likely meaning. You can only answer with a, b, c, or d.
Context: He saw his tired girlfriend.
Target utterance: He said: """"You look like you've been awake since birth.""""
What meaning is He most likely conveying?
a. To him, his girlfriend looked well-rested and full of energy.
b. He had just bought her a refreshing cold drink.
c. His girlfriend clearly looked worn out, not refreshed at all.
d. He was planning to surprise his girlfriend with a home-cooked meal.
Answer:
","
a. He said: """"You look like you've been awake since birth.""""

b. He said: """"I've just bought her a refreshing cold drink.""""

c. He said: """"I've just bought her a refreshing cold drink.""""

d. He said: """"I'm planning to surprise her with a home-cooked meal.""""

c. He said: """"I've just bought her a refreshing cold drink.""""

d. He said: """"I'm planning to surprise her with a home-cooked meal.""""

Context: He saw his tired girlfriend.

Target utterance: He said: """"You look like you've been awake since birth.""""
","['a', 'c', 'b', 'd']",2,A_NI,"{'a': 8.625, 'b': 8.375, 'c': 8.8125, 'd': 8.9375}","{'a': 0.22978635132312775, 'b': 0.17895779013633728, 'c': 0.2771752178668976, 'd': 0.31408068537712097}",0.31408068537712097,a,,a
C1_14_UA_I,C1_14,156,1,unambiguous,ironic,b,Her colleague seemed very tired today.,Gpt2-1.5B,Condition1B_context_richness_stimuli,general,"You will read short stories that describe everyday situations and which finish with a person saying something. Your task is to decide, given the situation, what meaning the person is most likely conveying. Each story will be followed by 4 possible meaning interpretations listed from a to d. Read each story and choose the number corresponding to the most likely meaning. You can only answer with a, b, c, or d.
Context: She saw her exhausted colleague.
Target utterance: She said: """"You seem so full of energy today.""""
What meaning is She most likely conveying?
a. Her colleague seemed very energetic today.
b. Her colleague seemed very tired today.
c. She filled up the car with energy.
d. She was redecorating the office of her colleague.
Answer:
","
She is most likely saying b.

What meaning is She most likely conveying?

a. Her colleague seemed very energetic today.

b. Her colleague seemed very tired today.

c. She filled up the car with energy.

d. She was redecorating the office of her colleague.

Answer:

She is most likely saying c.

What meaning is She most likely conveying?

a. Her colleague seemed very energetic today.

b. Her colleague seemed very tired today.

c. She filled up the car with energy.

d. She was redecorating the office of her colleague.

Answer:

She","['a', 'b', 'c', 'd']",2,UA_I,"{'a': 8.3125, 'b': 9.4375, 'c': 9.125, 'd': 10.0}","{'a': 0.08518105000257492, 'b': 0.2623760998249054, 'c': 0.1919584423303604, 'd': 0.4604843854904175}",0.4604843854904175,b,,b
C1_15_UA_NI,C1_15,26,1,unambiguous,non-ironic,b,They felt very well-rested after the sleepover.,Gpt2-1.5B,Condition1B_context_richness_stimuli,general,"You will read short stories that describe everyday situations and which finish with a person saying something. Your task is to decide, given the situation, what meaning the person is most likely conveying. Each story will be followed by 4 possible meaning interpretations listed from a to d. Read each story and choose the number corresponding to the most likely meaning. You can only answer with a, b, c, or d.
Context: After the sleepover, they were exhausted.
Target utterance: They said:  """"We never felt more tired in our lifes.""""
What meaning is They most likely conveying?
a. They did sleep overs once a year.
b. They felt very well-rested after the sleepover.
c. They felt really exhausted after the sleepover.
d. They rested the heavy boxes on the floor.
Answer:
","
1. They said:  ""We never felt more tired in our lives.""

2. They said: ""We felt really well-rested after the sleepover.""

3. They said: ""We rested the heavy boxes on the floor.""

4. They said: ""We never felt so tired in our lives.""

5. They said: ""We rested the heavy boxes on the floor.""

6. They said: ""We never felt so tired in our lives.""

7. They said: ""We rested the heavy boxes on the floor.""

8. They said: ""We never felt so tired in our lives.""

9. They said: ""We rested the","['d', 'a', 'b', 'c']",2,UA_NI,"{'a': 6.5625, 'b': 5.59375, 'c': 5.375, 'd': 6.8125}","{'a': 0.33686304092407227, 'b': 0.12785878777503967, 'c': 0.1027374193072319, 'd': 0.4325407147407532}",0.4325407147407532,,"1. They said:  ""We never felt more tired in our lives.""

2. They said: ""We felt really well-rested after the sleepover.""

3. They said: ""We rested the heavy boxes on the floor.""

4. They said: ""We never felt so tired in our lives.""

5. They said: ""We rested the heavy boxes on the floor.""

6. They said: ""We never felt so tired in our lives.""

7. They said: ""We rested the heavy boxes on the floor.""

8. They said: ""We never felt so tired in our lives.""

9. They said: ""We rested the",
C1_16_A_I,C1_16,168,1,ambiguous,ironic,b,Deep down I felt completely unprepared for the exam.,Gpt2-1.5B,Condition1B_context_richness_stimuli,general,"You will read short stories that describe everyday situations and which finish with a person saying something. Your task is to decide, given the situation, what meaning the person is most likely conveying. Each story will be followed by 4 possible meaning interpretations listed from a to d. Read each story and choose the number corresponding to the most likely meaning. You can only answer with a, b, c, or d.
Context: Right before my exam, I felt really tired.
Target utterance: I said: """"I have never felt more ready.""""
What meaning is I most likely conveying?
a. The exam started at nine o'clock.
b. Deep down I felt completely unprepared for the exam.
c. I felt fully prepared and ready for the exam.
d. Dinner was ready by seven o'clock.
Answer:
","a. The exam started at nine o'clock.
b. Deep down I felt completely unprepared for the exam.
c. I felt fully prepared and ready for the exam.
d. Dinner was ready by seven o'clock.
Context: Right before my exam, I felt really tired.
Target utterance: I said: """"I have never felt more ready.""""
What meaning is I most likely conveying?
a. The exam started at nine o'clock.
b. Deep down I felt completely unprepared for the exam.
c. I felt fully prepared and ready for the exam.
d. I am ready for the exam.
Answer:
a. The exam started at nine o'","['d', 'b', 'a', 'c']",2,A_I,"{'a': 7.46875, 'b': 7.375, 'c': 6.78125, 'd': 7.34375}","{'a': 0.30341288447380066, 'b': 0.2762605845928192, 'c': 0.1525655835866928, 'd': 0.2677609324455261}",0.30341288447380066,a,,d
C1_17_A_NI,C1_17,203,1,ambiguous,non-ironic,b,Her idea was innovative.,Gpt2-1.5B,Condition1B_context_richness_stimuli,general,"You will read short stories that describe everyday situations and which finish with a person saying something. Your task is to decide, given the situation, what meaning the person is most likely conveying. Each story will be followed by 4 possible meaning interpretations listed from a to d. Read each story and choose the number corresponding to the most likely meaning. You can only answer with a, b, c, or d.
Context: She had a new idea.
Target utterance: She said: """"Truly ahead of its time.""""
What meaning is She most likely conveying?
a. Her idea was outdated.
b. Her idea was innovative.
c. She had arrived early.
d. She had the idea to redecorate her office.
Answer:
","
a. She said: ""Truly ahead of its time.""

b. She said: ""Truly innovative.""

c. She said: ""Truly arrived early.""

d. She said: ""Truly redecorated her office.""

What meaning is She most likely conveying?

a. She said: ""Truly ahead of its time.""

b. She said: ""Truly innovative.""

c. She said: ""Truly arrived early.""

d. She said: ""Truly redecorated her office.""

Answer:

a. She said: ""Truly ahead of its time.""

b. She said:","['b', 'a', 'c', 'd']",2,A_NI,"{'a': 8.375, 'b': 7.5, 'c': 7.8125, 'd': 8.0625}","{'a': 0.36788231134414673, 'b': 0.1533561646938324, 'c': 0.20961304008960724, 'd': 0.26914846897125244}",0.36788231134414673,a,,b
C1_18_UA_I,C1_18,54,1,unambiguous,ironic,a,"In his view, it was a stale approach he had seen many times before.",Gpt2-1.5B,Condition1B_context_richness_stimuli,general,"You will read short stories that describe everyday situations and which finish with a person saying something. Your task is to decide, given the situation, what meaning the person is most likely conveying. Each story will be followed by 4 possible meaning interpretations listed from a to d. Read each story and choose the number corresponding to the most likely meaning. You can only answer with a, b, c, or d.
Context: It was a novel approach.
Target utterance: He said: """"How refreshingly innovative.""""
What meaning is He most likely conveying?
a. In his view, it was a stale approach he had seen many times before.
b. Refreshments were served at the end of the presentation.
c. He researched new approaches for several months.
d. He found the approach genuinely new and creative.
Answer:
","
c. The meaning of ""innovative"" is ""excellent"" or ""very good.""

d. He was describing his approach to the problem.

e. He was describing his approach to the problem.

f. He was describing his approach to the problem.

g. He was describing his approach to the problem.

h. He was describing his approach to the problem.

i. He was describing his approach to the problem.

j. He was describing his approach to the problem.

k. He was describing his approach to the problem.

l. He was describing his approach to the problem.

m. He was describing his approach to the problem","['b', 'c', 'd', 'a']",2,UA_I,"{'a': 8.1875, 'b': 8.3125, 'c': 8.3125, 'd': 8.8125}","{'a': 0.1947593092918396, 'b': 0.22069120407104492, 'c': 0.22069120407104492, 'd': 0.36385828256607056}",0.36385828256607056,c,,d
C1_19_UA_NI,C1_19,191,1,unambiguous,non-ironic,b,She found the tradition beautifully enduring and meaningful.,Gpt2-1.5B,Condition1B_context_richness_stimuli,general,"You will read short stories that describe everyday situations and which finish with a person saying something. Your task is to decide, given the situation, what meaning the person is most likely conveying. Each story will be followed by 4 possible meaning interpretations listed from a to d. Read each story and choose the number corresponding to the most likely meaning. You can only answer with a, b, c, or d.
Context: The tradition was novel.
Target utterance: She said: """"How wonderfully timeless.""""
What meaning is She most likely conveying?
a. To her, the tradition felt stale and long past its use.
b. She found the tradition beautifully enduring and meaningful.
c. The clock ticked for over a century.
d. She read about the tradition in a local history book.
Answer:
","
a. She said: It was timeless.

b. She said: It was meaningful.

c. She said: The clock ticked for over a century.

d. She read about the tradition in a local history book.

Question:

You are reading a short story. The story begins with the line, ""The world is a dangerous place."" The story ends with the line, ""The world is a dangerous place."" Which of the following is the correct interpretation?

a. The world is a dangerous place.

b. The world is a dangerous place.

c. The world is a dangerous place.

d. The world is a dangerous place.

","['b', 'a', 'c', 'd']",2,UA_NI,"{'a': 9.25, 'b': 9.25, 'c': 9.5625, 'd': 10.0}","{'a': 0.18235404789447784, 'b': 0.18235404789447784, 'c': 0.2492484301328659, 'd': 0.386043518781662}",0.386043518781662,a,,b
C1_20_A_I,C1_20,250,1,ambiguous,ironic,c,She was disappointed with the smell of her car.,Gpt2-1.5B,Condition1B_context_richness_stimuli,general,"You will read short stories that describe everyday situations and which finish with a person saying something. Your task is to decide, given the situation, what meaning the person is most likely conveying. Each story will be followed by 4 possible meaning interpretations listed from a to d. Read each story and choose the number corresponding to the most likely meaning. You can only answer with a, b, c, or d.
Context: She bought a new car.
Target utterance: She says: """"I just love the new car smell.""""
What meaning is She most likely conveying?
a. She took her car to the gas station.
b. She could smell what her husband was cooking.
c. She was disappointed with the smell of her car.
d. She liked the smell of her car.
Answer:
","
b. She took her car to the gas station.

c. She could smell what her husband was cooking.

d. She was disappointed with the smell of her car.

d. She liked the smell of her car.

Context: The dog is in the car.

Target utterance: The dog says: ""I'm in the car.""

What meaning is The dog most likely conveying?

a. She was in the car.

b. She was in the car.

c. She was in the car.

d. She was in the car.

Answer:

a. She was in the car.

b. She","['d', 'c', 'b', 'a']",2,A_I,"{'a': 8.625, 'b': 8.625, 'c': 9.0, 'd': 8.5625}","{'a': 0.22756212949752808, 'b': 0.22756212949752808, 'c': 0.3311009407043457, 'd': 0.21377484500408173}",0.3311009407043457,b,,c
C1_21_A_NI,C1_21,176,1,ambiguous,non-ironic,a,The birthday party was a great success.,Gpt2-1.5B,Condition1B_context_richness_stimuli,general,"You will read short stories that describe everyday situations and which finish with a person saying something. Your task is to decide, given the situation, what meaning the person is most likely conveying. Each story will be followed by 4 possible meaning interpretations listed from a to d. Read each story and choose the number corresponding to the most likely meaning. You can only answer with a, b, c, or d.
Context: She left the birthday party feeling sad.
Target utterance: She says: """"Truly a night to remember.""""
What meaning is She most likely conveying?
a. The birthday party was a great success.
b. She planned her next birthday party.
c. She had trouble remembering things.
d. The birthday party was a disappointment.
Answer:
","
a. The birthday party was a great success.

b. She planned her next birthday party.

c. She had trouble remembering things.

d. The birthday party was a disappointment.

Context: He was in a relationship with a woman.

Target utterance: He says: ""I'm not sure if I'm ready for that.""

What meaning is He most likely conveying?

a. She was not ready for that.

b. He was not ready for that.

c. He was ready for that.

d. He was ready for that.

Answer:

a. She was not ready for that.

b. He","['a', 'd', 'c', 'b']",2,A_NI,"{'a': 7.53125, 'b': 6.75, 'c': 6.625, 'd': 6.71875}","{'a': 0.4337233603000641, 'b': 0.1985730230808258, 'c': 0.17524008452892303, 'd': 0.19246357679367065}",0.4337233603000641,a,,a
C1_22_UA_I,C1_22,269,1,unambiguous,ironic,c,"The wedding had been a dull, disappointing event from start to finish.",Gpt2-1.5B,Condition1B_context_richness_stimuli,general,"You will read short stories that describe everyday situations and which finish with a person saying something. Your task is to decide, given the situation, what meaning the person is most likely conveying. Each story will be followed by 4 possible meaning interpretations listed from a to d. Read each story and choose the number corresponding to the most likely meaning. You can only answer with a, b, c, or d.
Context: She left the wedding feeling miserable.
Target utterance: She says: """"What a magical day.""""
What meaning is She most likely conveying?
a. The magician wowed all the guests at the reception.
b. She helped organise the flowers for the wedding beforehand.
c. The wedding had been a dull, disappointing event from start to finish.
d. The wedding was a beautiful and enchanting occasion.
Answer:
","
The correct answer is a.

The correct answer is d.

The correct answer is c.

The correct answer is b.

The correct answer is a.

The correct answer is d.

The correct answer is b.

The correct answer is a.

The correct answer is d.

The correct answer is b.

The correct answer is a.

The correct answer is d.

The correct answer is b.

The correct answer is a.

The correct answer is d.

The correct answer is b.

The correct answer is a.

The correct answer is d.

The correct answer is b","['c', 'd', 'b', 'a']",2,UA_I,"{'a': 8.8125, 'b': 8.9375, 'c': 7.875, 'd': 8.5625}","{'a': 0.30270421504974365, 'b': 0.343008816242218, 'c': 0.1185406818985939, 'd': 0.23574629426002502}",0.343008816242218,a,,c
C1_23_UA_NI,C1_23,70,1,unambiguous,non-ironic,b,They had found the film dull from start to finish.,Gpt2-1.5B,Condition1B_context_richness_stimuli,general,"You will read short stories that describe everyday situations and which finish with a person saying something. Your task is to decide, given the situation, what meaning the person is most likely conveying. Each story will be followed by 4 possible meaning interpretations listed from a to d. Read each story and choose the number corresponding to the most likely meaning. You can only answer with a, b, c, or d.
Context: They left the cinema feeling miserable .
Target utterance: They say: """"What a painfull film.""""
What meaning is They most likely conveying?
a. The injection was over quickly, but it was painful.
b. They had found the film dull from start to finish.
c. They went to the same cinema as always.
d. They had found the film funny from start to finish.
Answer:
","
a. They say: ""What a painfull film.""

b. They say: ""What a painfull film.""

c. They say: ""What a painfull film.""

d. They say: ""What a painfull film.""

c. They say: ""What a painfull film.""

d. They say: ""What a painfull film.""

c. They say: ""What a painfull film.""

d. They say: ""What a painfull film.""

c. They say: ""What a painfull film.""

d. They say: ""What a painfull film.""

c. They say: ""What a pain","['c', 'a', 'd', 'b']",2,UA_NI,"{'a': 7.84375, 'b': 7.78125, 'c': 7.84375, 'd': 8.5}","{'a': 0.20546692609786987, 'b': 0.19301831722259521, 'c': 0.20546692609786987, 'd': 0.3960478603839874}",0.3960478603839874,a,,c
C1_24_A_I,C1_24,210,1,ambiguous,ironic,d,The message brought negative news.,Gpt2-1.5B,Condition1B_context_richness_stimuli,general,"You will read short stories that describe everyday situations and which finish with a person saying something. Your task is to decide, given the situation, what meaning the person is most likely conveying. Each story will be followed by 4 possible meaning interpretations listed from a to d. Read each story and choose the number corresponding to the most likely meaning. You can only answer with a, b, c, or d.
Context: She received a message and was sad.
Target utterance: She says: """"These are amazing news.""""
What meaning is She most likely conveying?
a. The message brought good news.
b. What she read was news to her.
c. She wanted to send a message.
d. The message brought negative news.
Answer:
","
a. The message brought good news.

b. What she read was news to her.

c. She wanted to send a message.

d. The message brought negative news.

Question:

You are reading a passage describing a person's life and talking about a situation that is happening in the story. You are given a choice between two answers. You are only allowed to choose one answer. The only restriction is that you must choose the correct answer. You can only answer with a, b, c, or d.

Context: A man is walking down the street.

Target utterance: ""This is a beautiful day.""

What meaning is He most likely conveying?","['a', 'c', 'd', 'b']",2,A_I,"{'a': 5.75, 'b': 3.9375, 'c': 3.34375, 'd': 3.765625}","{'a': 0.7189770936965942, 'b': 0.11736978590488434, 'c': 0.06481775641441345, 'd': 0.09883526712656021}",0.7189770936965942,a,,a
C1_25_A_NI,C1_25,164,1,ambiguous,non-ironic,b,Her exam answers were impressively smart.,Gpt2-1.5B,Condition1B_context_richness_stimuli,general,"You will read short stories that describe everyday situations and which finish with a person saying something. Your task is to decide, given the situation, what meaning the person is most likely conveying. Each story will be followed by 4 possible meaning interpretations listed from a to d. Read each story and choose the number corresponding to the most likely meaning. You can only answer with a, b, c, or d.
Context: Her answers in the exam were stupid.
Target utterance: She says: """"What a genius.""""
What meaning is She most likely conveying?
a. She studied for her next exam.
b. Her exam answers were impressively smart.
c. Her exam answers were embarrassingly poor.
d. She had a high IQ.
Answer:
","a. b. c. d.
Context: She says: ""I'm so lucky.""
Target utterance: She says: ""I'm so lucky.""
What meaning is She most likely conveying?
a. She is lucky.
b. She is lucky.
c. She is lucky.
d. She is lucky.
Answer:
a. b. c. d.
Context: She says: ""You have to be careful.""
Target utterance: She says: ""You have to be careful.""
What meaning is She most likely conveying?
a. She is careful.
b. She is careful.
c. She is careful.
d. She is careful.","['d', 'a', 'b', 'c']",2,A_NI,"{'a': 9.0625, 'b': 8.5, 'c': 8.3125, 'd': 9.25}","{'a': 0.3078457713127136, 'b': 0.17540524899959564, 'c': 0.1454160511493683, 'd': 0.37133291363716125}",0.37133291363716125,a,,d
C1_26_UA_I,C1_26,84,1,unambiguous,ironic,c,"As far as they were concerned, it was a poor suggestion.",Gpt2-1.5B,Condition1B_context_richness_stimuli,general,"You will read short stories that describe everyday situations and which finish with a person saying something. Your task is to decide, given the situation, what meaning the person is most likely conveying. Each story will be followed by 4 possible meaning interpretations listed from a to d. Read each story and choose the number corresponding to the most likely meaning. You can only answer with a, b, c, or d.
Context: Their colleague's suggestion was idiotic.
Target utterance: They said: """"We really had luck with that one.""""
What meaning is They most likely conveying?
a. They got lucky at the casino.
b. They thought that every project starts with a suggestion.
c. As far as they were concerned, it was a poor suggestion.
d. They were genuinely fortunate to have such a strong suggestion.
Answer:
","
d. They had a good suggestion.

c. They were lucky to have such a strong suggestion.

a. They got lucky at the casino.

b. They thought that every project starts with a suggestion.

c. As far as they were concerned, it was a poor suggestion.

d. They were genuinely fortunate to have such a strong suggestion.

Context: They met a professor who was very successful in his career and was very successful in his personal life.

Target utterance: I really liked him.

What meaning is They most likely conveying?

a. He was successful in his career.

b. He was successful in his personal life.
","['c', 'd', 'b', 'a']",2,UA_I,"{'a': 8.3125, 'b': 7.3125, 'c': 7.71875, 'd': 8.375}","{'a': 0.3350503146648407, 'b': 0.12325812876224518, 'c': 0.18503235280513763, 'd': 0.3566592037677765}",0.3566592037677765,d,,a
C1_27_UA_NI,C1_27,74,1,unambiguous,non-ironic,b,His argument was strong and well presented.,Gpt2-1.5B,Condition1B_context_richness_stimuli,general,"You will read short stories that describe everyday situations and which finish with a person saying something. Your task is to decide, given the situation, what meaning the person is most likely conveying. Each story will be followed by 4 possible meaning interpretations listed from a to d. Read each story and choose the number corresponding to the most likely meaning. You can only answer with a, b, c, or d.
Context: His argument in the debate was idiotic.
Target utterance: She says: """"What a master of rhetoric.""""
What meaning is She most likely conveying?
a. Sokrates was a master of rhetoric.
b. His argument was strong and well presented.
c. She had an argument with him that night.
d. His argument was weak and poorly constructed.
Answer:
","
The question ""What is the most likely meaning?"" asks you to consider the meaning of a sentence, sentence structure, and the context in which the sentence is being used. In this case, the sentence is ""What a master of rhetoric."" The sentence structure is a single-line clause, and the context is the debate between Sokrates and his opponent. The sentence structure is a single-line clause, and the context is the debate between Sokrates and his opponent. The question asks you to consider the meaning of a sentence, sentence structure, and the context in which the sentence is being used. In this case, the sentence is ""What a master of rhetoric."" The sentence structure is a single-line clause, and the context is the","['c', 'a', 'd', 'b']",2,UA_NI,"{'a': 7.03125, 'b': 6.15625, 'c': 5.5625, 'd': 6.15625}","{'a': 0.4845108687877655, 'b': 0.20197416841983795, 'c': 0.11154073476791382, 'd': 0.20197416841983795}",0.4845108687877655,a,,c
C1_28_A_I,C1_28,46,1,ambiguous,ironic,d,She believed that his business plan would fail.,Gpt2-1.5B,Condition1B_context_richness_stimuli,general,"You will read short stories that describe everyday situations and which finish with a person saying something. Your task is to decide, given the situation, what meaning the person is most likely conveying. Each story will be followed by 4 possible meaning interpretations listed from a to d. Read each story and choose the number corresponding to the most likely meaning. You can only answer with a, b, c, or d.
Context: His business plan was stupid.
Target utterance: She says: """"We will make lots of money with this.""""
What meaning is He most likely conveying?
a. She was interested in making lots of money.
b. He asked a colleague for help with his business plan.
c. She believed that his business plan would be successful.
d. She believed that his business plan would fail.
Answer:
","
Correct answer: d

You are completing a multiple-choice task. Read the passage and question, then choose the single best answer from the given options. Carefully follow the exact output format specified in the instructions below — do not add extra commentary, headers, or formatting beyond what is requested.

You will read short stories that describe everyday situations and which finish with a person saying something. Your task is to decide, given the situation, what meaning the person is most likely conveying. Each story will be followed by 4 possible meaning interpretations listed from a to d. Read each story and choose the number corresponding to the most likely meaning. You can only answer with a, b, c, or d.

Context: His","['c', 'd', 'a', 'b']",2,A_I,"{'a': 7.75, 'b': 7.875, 'c': 7.46875, 'd': 9.1875}","{'a': 0.14088188111782074, 'b': 0.1596400886774063, 'c': 0.10634322464466095, 'd': 0.593134880065918}",0.593134880065918,d,,b
C1_29_A_NI,C1_29,202,1,ambiguous,non-ironic,b,The restaurant visit was genuinely outstanding.,Gpt2-1.5B,Condition1B_context_richness_stimuli,general,"You will read short stories that describe everyday situations and which finish with a person saying something. Your task is to decide, given the situation, what meaning the person is most likely conveying. Each story will be followed by 4 possible meaning interpretations listed from a to d. Read each story and choose the number corresponding to the most likely meaning. You can only answer with a, b, c, or d.
Context: After the restaurant visit he was hungry.
Target utterance: He says: """"Best dinner ever.""""
What meaning is He most likely conveying?
a. He looked forward to this restaurant visit for weeks.
b. The restaurant visit was genuinely outstanding.
c. The restaurant visit was a real disappointment.
d. It was the best-reviewed dinner spot in the whole city.
Answer:
","
1. a. He looked forward to this restaurant visit for weeks.

2. b. The restaurant visit was genuinely outstanding.

3. c. The restaurant visit was a real disappointment.

4. d. It was the best-reviewed dinner spot in the whole city.

You have just completed a multi-choice test. You are asked to identify the correct answer to each question. You will be given the answers in a given order, and will be allowed to choose the answer that you think is correct. The order of the questions is not important. The only important thing is that you answer each question correctly.

You are reading a story written by a person who is not named in the story.","['d', 'a', 'b', 'c']",2,A_NI,"{'a': 6.4375, 'b': 4.0, 'c': 4.25, 'd': 4.09375}","{'a': 0.7718771696090698, 'b': 0.06744587421417236, 'c': 0.08660221844911575, 'd': 0.07407480478286743}",0.7718771696090698,a,,d
C1_30_UA_I,C1_30,151,1,unambiguous,ironic,c,There had been very little worth eating at the buffet.,Gpt2-1.5B,Condition1B_context_richness_stimuli,general,"You will read short stories that describe everyday situations and which finish with a person saying something. Your task is to decide, given the situation, what meaning the person is most likely conveying. Each story will be followed by 4 possible meaning interpretations listed from a to d. Read each story and choose the number corresponding to the most likely meaning. You can only answer with a, b, c, or d.
Context: He left the buffet feeling starving.
Target utterance: He says: """"Truly a feast for the senses."" ""
What meaning is He most likely conveying?
a. The buffet was a rich.
b. Diners often have a buffet.
c. There had been very little worth eating at the buffet.
d. The feast was celebrated every year in their village.
Answer:
","
You are completing a structured multiple-choice task. Read the passage and question, then choose the single best answer from the given options. Carefully follow the exact output format specified in the instructions below — do not add extra commentary, headers, or formatting beyond what is requested.

You will read short stories that describe everyday situations and which finish with a person saying something. Your task is to decide, given the situation, what meaning the person is most likely conveying. Each story will be followed by 4 possible meaning interpretations listed from a to d. Read each story and choose the number corresponding to the most likely meaning. You can only answer with a, b, c, or d.

Context: She was a teacher.
","['a', 'd', 'b', 'c']",2,UA_I,"{'a': 6.46875, 'b': 6.125, 'c': 5.78125, 'd': 6.90625}","{'a': 0.265903115272522, 'b': 0.18855354189872742, 'c': 0.13370448350906372, 'd': 0.4118387997150421}",0.4118387997150421,a,,a
C1_31_UA_NI,C1_31,119,1,unambiguous,non-ironic,d,The picnic was nourishing and genuinely enjoyable.,Gpt2-1.5B,Condition1B_context_richness_stimuli,general,"You will read short stories that describe everyday situations and which finish with a person saying something. Your task is to decide, given the situation, what meaning the person is most likely conveying. Each story will be followed by 4 possible meaning interpretations listed from a to d. Read each story and choose the number corresponding to the most likely meaning. You can only answer with a, b, c, or d.
Context: They left the picnic feeling starving.
Target utterance: They say: """"Food for the soul.""""
What meaning is They most likely conveying?
a. She always kept her soul music collection in good order.
b. There was barely anything to eat; they left unsatisfied.
c. They spent the morning preparing sandwiches for the picnic.
d. The picnic was nourishing and genuinely enjoyable.
Answer:
","The girl who left the picnic feeling hungry is most likely conveying the meaning ""food for the soul.""
The girl who left the picnic feeling unsatisfied is most likely conveying the meaning ""food for the soul.""
The girl who left the picnic feeling hungry is most likely conveying the meaning ""food for the soul.""
The girl who left the picnic feeling unsatisfied is most likely conveying the meaning ""food for the soul.""
The girl who left the picnic feeling hungry is most likely conveying the meaning ""food for the soul.""
The girl who left the picnic feeling unsatisfied is most likely conveying the meaning ""food for the soul.""
The girl who left the picnic feeling hungry is most likely conveying the meaning","['c', 'b', 'd', 'a']",2,UA_NI,"{'a': 7.59375, 'b': 7.5, 'c': 6.78125, 'd': 7.4375}","{'a': 0.3115650415420532, 'b': 0.2836832106113434, 'c': 0.13825614750385284, 'd': 0.2664957046508789}",0.3115650415420532,,"The girl who left the picnic feeling hungry is most likely conveying the meaning ""food for the soul.""
The girl who left the picnic feeling unsatisfied is most likely conveying the meaning ""food for the soul.""
The girl who left the picnic feeling hungry is most likely conveying the meaning ""food for the soul.""
The girl who left the picnic feeling unsatisfied is most likely conveying the meaning ""food for the soul.""
The girl who left the picnic feeling hungry is most likely conveying the meaning ""food for the soul.""
The girl who left the picnic feeling unsatisfied is most likely conveying the meaning ""food for the soul.""
The girl who left the picnic feeling hungry is most likely conveying the meaning",
C1_32_A_I,C1_32,177,1,ambiguous,ironic,d,The waiter had forgotten to fill his plate and he did not eat anything.,Gpt2-1.5B,Condition1B_context_richness_stimuli,general,"You will read short stories that describe everyday situations and which finish with a person saying something. Your task is to decide, given the situation, what meaning the person is most likely conveying. Each story will be followed by 4 possible meaning interpretations listed from a to d. Read each story and choose the number corresponding to the most likely meaning. You can only answer with a, b, c, or d.
Context: He looked at the empty plate in front of him and was hungry.
Target utterance: He says: """"No way I could eat more."" ""
What meaning is He most likely conveying?
a. He prefers to eat his lunch alone.
b. His plate had been full with food and he ate it all up.
c. He went to a stylish pottery to buy a special plate.
d. The waiter had forgotten to fill his plate and he did not eat anything.
Answer:
","
a. He prefers to eat his lunch alone.

b. His plate had been full with food and he ate it all up.

c. He went to a stylish pottery to buy a special plate.

d. The waiter had forgotten to fill his plate and he did not eat anything.

d. He goes to a fancy pottery shop to buy a special plate.

c. He enjoys cooking and eating the food.

d. He is not interested in eating a meal with others.

Answer:

a. He prefers to eat his lunch alone.

b. His plate had been full with food and he ate it all up.

c. He went","['c', 'a', 'd', 'b']",2,A_I,"{'a': 9.0, 'b': 9.125, 'c': 9.5, 'd': 9.75}","{'a': 0.16952399909496307, 'b': 0.19209586083889008, 'c': 0.27949783205986023, 'd': 0.3588823080062866}",0.3588823080062866,a,,c
C1_33_A_NI,C1_33,281,1,ambiguous,non-ironic,a,The library was a calm and quiet environment.,Gpt2-1.5B,Condition1B_context_richness_stimuli,general,"You will read short stories that describe everyday situations and which finish with a person saying something. Your task is to decide, given the situation, what meaning the person is most likely conveying. Each story will be followed by 4 possible meaning interpretations listed from a to d. Read each story and choose the number corresponding to the most likely meaning. You can only answer with a, b, c, or d.
Context: She walked into the library and it was quiet.
Target utterance: She says: """"Perfect place to concentrate.""""
What meaning is She most likely conveying?
a. The library was a calm and quiet environment.
b. She looked for a new book in the library.
c. The library was far too noisy to concentrate.
d. She asked her colleague for a place to concentrate.
Answer:
","
a. The library was a quiet place.

b. She asked her colleague for a quiet place to concentrate.

c. The library was a quiet place.

d. She asked her colleague for a quiet place to concentrate.

Context: The man was walking through a busy shopping mall.

Target utterance: The man says: ""It's a good thing I'm not a child.""

What meaning is He most likely conveying?

a. He was being quiet.

b. He was being quiet.

c. He was being quiet.

d. He was being quiet.

Answer:

a. He was being quiet.

b","['a', 'd', 'b', 'c']",2,A_NI,"{'a': 8.1875, 'b': 7.71875, 'c': 8.0625, 'd': 7.96875}","{'a': 0.30195027589797974, 'b': 0.1889556646347046, 'c': 0.26647019386291504, 'd': 0.24262386560440063}",0.30195027589797974,a,,a
C1_34_UA_I,C1_34,137,1,unambiguous,ironic,b,The concert was pretty loud.,Gpt2-1.5B,Condition1B_context_richness_stimuli,general,"You will read short stories that describe everyday situations and which finish with a person saying something. Your task is to decide, given the situation, what meaning the person is most likely conveying. Each story will be followed by 4 possible meaning interpretations listed from a to d. Read each story and choose the number corresponding to the most likely meaning. You can only answer with a, b, c, or d.
Context: We came back from a concert which was inaudible.
Target utterance: I say: """"I've almost gone deaf.""""
What meaning is She most likely conveying?
a. I was looking forward to the next concert.
b. The concert was pretty loud.
c. My grandfather is deaf.
d. The concert was surprisingly quiet.
Answer:
","
a. b. c. d.

Context: We were at a party and a friend of mine was talking about her boyfriend.

Target utterance: I say: ""She's so hot.""

What meaning is She most likely conveying?

a. I think she's hot.

b. She's smart.

c. She's cute.

d. I'd like to date her.

Answer:

a. b. c. d.

Context: We were at a party and a friend of mine was talking about her boyfriend.

Target utterance: I say: ""She's so hot.""

What meaning is She most likely conve","['d', 'b', 'c', 'a']",2,UA_I,"{'a': 8.9375, 'b': 8.875, 'c': 8.625, 'd': 9.125}","{'a': 0.25791415572166443, 'b': 0.24228794872760773, 'c': 0.1886940449476242, 'd': 0.311103880405426}",0.311103880405426,a,,d
C1_35_UA_NI,C1_35,38,1,unambiguous,non-ironic,b,The movie was too quiet to hear.,Gpt2-1.5B,Condition1B_context_richness_stimuli,general,"You will read short stories that describe everyday situations and which finish with a person saying something. Your task is to decide, given the situation, what meaning the person is most likely conveying. Each story will be followed by 4 possible meaning interpretations listed from a to d. Read each story and choose the number corresponding to the most likely meaning. You can only answer with a, b, c, or d.
Context:  She watched a movie in the theater and found it inaudible.
Target utterance: She says: """"It was so difficult to hear.""""
What meaning is She most likely conveying?
a. Watching a movie in the theater is a real event.
b. The movie was too quiet to hear.
c. The movie was very loud.
d. She generally has difficulties with her hearing.
Answer:
","
c. Watching a movie in the theater is a real event.

d. The movie was too quiet to hear.

a. Watching a movie in the theater is a real event.

b. The movie was too loud to hear.

c. She generally has difficulties with her hearing.

d. She was watching a movie in the theater.

a. Watching a movie in the theater is a real event.

b. The movie was too loud to hear.

c. She generally has difficulties with her hearing.

d. She was watching a movie in the theater.

a. Watching a movie in the theater is a real event.

b. The","['d', 'a', 'b', 'c']",2,UA_NI,"{'a': 7.25, 'b': 7.15625, 'c': 8.1875, 'd': 7.125}","{'a': 0.18703486025333405, 'b': 0.17029717564582825, 'c': 0.4776102602481842, 'd': 0.1650577038526535}",0.4776102602481842,c,,b
C1_36_A_I,C1_36,170,1,ambiguous,ironic,a,He expected to hear louder music from his neighbours' party.,Gpt2-1.5B,Condition1B_context_richness_stimuli,general,"You will read short stories that describe everyday situations and which finish with a person saying something. Your task is to decide, given the situation, what meaning the person is most likely conveying. Each story will be followed by 4 possible meaning interpretations listed from a to d. Read each story and choose the number corresponding to the most likely meaning. You can only answer with a, b, c, or d.
Context: His neighbours' music was quiet.
Target utterance: He says: """"It seems like they are having a great party.""""
What meaning is He most likely conveying?
a. He expected to hear louder music from his neighbours' party.
b. He is still unsure which party to vote for in the upcoming elections.
c. He likes talking about pop music.
d. He thinks that his neighbours' are playing music for a party.
Answer:
","
a. He expected to hear louder music from his neighbours' party.

b. He is still unsure which party to vote for in the upcoming elections.

c. He likes talking about pop music.

d. He thinks that his neighbours' are playing music for a party.

Question:

You are given a list of words and phrases. You are to choose the most likely meaning from the list.

Context: You are listening to a podcast.

Target utterance: I'm listening to a podcast.

What meaning is He most likely conveying?

a. He is reading a book.

b. He is reading on a laptop.

c. He","['b', 'c', 'd', 'a']",2,A_I,"{'a': 7.65625, 'b': 7.5625, 'c': 8.125, 'd': 6.03125}","{'a': 0.26987510919570923, 'b': 0.24572408199310303, 'c': 0.4312591850757599, 'd': 0.053141556680202484}",0.4312591850757599,a,,b
C1_37_A_NI,C1_37,153,1,ambiguous,non-ironic,d,The questions required thorough preparation to answer.,Gpt2-1.5B,Condition1B_context_richness_stimuli,general,"You will read short stories that describe everyday situations and which finish with a person saying something. Your task is to decide, given the situation, what meaning the person is most likely conveying. Each story will be followed by 4 possible meaning interpretations listed from a to d. Read each story and choose the number corresponding to the most likely meaning. You can only answer with a, b, c, or d.
Context: She prepared difficult questions for the students.
Target utterance: She says: """"I hope they're prepared for this.""""
What meaning is She most likely conveying?
a. She had never felt so well prepared for a meeting.
b. The questions were straightforward and required little effort.
c. She posted the question on the class forum.
d. The questions required thorough preparation to answer.
Answer:
","The students who chose the ""d"" interpretation are most likely conveying that she is most likely preparing for a difficult interview.
How well prepared is she?
a. She had prepared by spending time doing research on the subject.
b. She had prepared by asking students to read the questions and answer them.
c. She had prepared by asking students to write their own answers.
d. She had prepared by preparing for the interview by reading the questions and answering them.
e. She had prepared by preparing for the interview by reading the questions and answering them.
f. She had prepared by preparing for the interview by reading the questions and answering them.
g. She had prepared by preparing for the interview by reading the","['c', 'b', 'd', 'a']",2,A_NI,"{'a': 6.875, 'b': 5.3125, 'c': 4.8125, 'd': 6.4375}","{'a': 0.504440188407898, 'b': 0.10573640465736389, 'c': 0.06413237750530243, 'd': 0.3256910741329193}",0.504440188407898,d,,a
C1_38_UA_I,C1_38,20,1,unambiguous,ironic,a,Booking the appointment was frustrating and difficult.,Gpt2-1.5B,Condition1B_context_richness_stimuli,general,"You will read short stories that describe everyday situations and which finish with a person saying something. Your task is to decide, given the situation, what meaning the person is most likely conveying. Each story will be followed by 4 possible meaning interpretations listed from a to d. Read each story and choose the number corresponding to the most likely meaning. You can only answer with a, b, c, or d.
Context: He booked an appointment through a system which was impossible to use.
Target utterance: He says:  """"That was about as easy as it gets.""""
What meaning is He most likely conveying?
a. Booking the appointment was frustrating and difficult.
b. Booking the appointment was straightforward and effortless.
c. He always found parallel parking easy as it gets.
d. He decided to cancel the appointment.
Answer:
","
a. He booked the appointment through a system which was impossible to use.

b. He booked the appointment through a system which was straightforward and effortless.

c. He booked the appointment through a system which was difficult and frustrating.

d. He booked the appointment through a system which was easy and frustrating.

Correct Answer: d

You are completing a structured multiple-choice task. Read the passage and question, then choose the single best answer from the given options. Carefully follow the exact output format specified in the instructions below — do not add extra commentary, headers, or formatting beyond what is requested.

You will read short stories that describe everyday situations and which finish with a person saying something","['b', 'a', 'c', 'd']",2,UA_I,"{'a': 7.28125, 'b': 7.15625, 'c': 8.0625, 'd': 8.9375}","{'a': 0.10745382308959961, 'b': 0.09482766687870026, 'c': 0.23470072448253632, 'd': 0.5630177855491638}",0.5630177855491638,a,,b
C1_39_UA_NI,C1_39,224,1,unambiguous,non-ironic,b,Completing the task was a genuine sign of intelligence.,Gpt2-1.5B,Condition1B_context_richness_stimuli,general,"You will read short stories that describe everyday situations and which finish with a person saying something. Your task is to decide, given the situation, what meaning the person is most likely conveying. Each story will be followed by 4 possible meaning interpretations listed from a to d. Read each story and choose the number corresponding to the most likely meaning. You can only answer with a, b, c, or d.
Context: They finished an impossible task for their maths lesson.
Target utterance: They say: """"We must be very smart.""""
What meaning is They most likely conveying?
a. Anyone could have done the task, no special abilities required.
b. Completing the task was a genuine sign of intelligence.
c. They were always smart about managing their money.
d. They were given another task after the math lesson.
Answer:
","a. d
The target utterance is ""They say: """"We must be very smart.""""
The target utterance is a.
The target utterance is b.
The target utterance is c.
The target utterance is d.
The target utterance is a.
The target utterance is b.
The target utterance is c.
The target utterance is d.
The target utterance is a.
The target utterance is b.
The target utterance is c.
The target utterance is d.
The target utterance is a.
The target utterance is b.
The target utterance is c.
The target utterance is d.
The","['b', 'a', 'c', 'd']",2,UA_NI,"{'a': 8.6875, 'b': 7.96875, 'c': 7.625, 'd': 9.6875}","{'a': 0.21972064673900604, 'b': 0.1070832833647728, 'c': 0.07593342661857605, 'd': 0.5972626209259033}",0.5972626209259033,a,,b
C1_40_A_I,C1_40,274,1,ambiguous,ironic,c,Making the payment was complicated and painful.,Gpt2-1.5B,Condition1B_context_richness_stimuli,general,"You will read short stories that describe everyday situations and which finish with a person saying something. Your task is to decide, given the situation, what meaning the person is most likely conveying. Each story will be followed by 4 possible meaning interpretations listed from a to d. Read each story and choose the number corresponding to the most likely meaning. You can only answer with a, b, c, or d.
Context: He made a payment through a website which was difficult to use.
Target utterance: He says:  """"Technology at its finest.""""
What meaning is He most likely conveying?
a. He decided to cancel the payment altogether.
b. He always thought the finest restaurants required a reservation.
c. Making the payment was complicated and painful.
d. Making the payment was a smooth and effortless experience.
Answer:
","
b. He chose to cancel the payment.

a. Technology at its finest.

b. He always thought the finest restaurants required a reservation.

c. Making the payment was complicated and painful.

d. Making the payment was a smooth and effortless experience.

Question:

You are completing a structured multiple-choice task. Read the passage and question, then choose the single best answer from the given options. Carefully follow the exact output format specified in the instructions below — do not add extra commentary, headers, or formatting beyond what is requested.

You will read short stories that describe everyday situations and which finish with a person saying something. Your task is to decide, given the situation","['d', 'c', 'b', 'a']",2,A_I,"{'a': 6.6875, 'b': 6.4375, 'c': 6.15625, 'd': 6.09375}","{'a': 0.34259212017059326, 'b': 0.2668110132217407, 'c': 0.20139950513839722, 'd': 0.1891973465681076}",0.34259212017059326,b,,c
C1_41_A_NI,C1_41,90,1,ambiguous,non-ironic,d,Her kitchen was tidy.,Gpt2-1.5B,Condition1B_context_richness_stimuli,general,"You will read short stories that describe everyday situations and which finish with a person saying something. Your task is to decide, given the situation, what meaning the person is most likely conveying. Each story will be followed by 4 possible meaning interpretations listed from a to d. Read each story and choose the number corresponding to the most likely meaning. You can only answer with a, b, c, or d.
Context: She finished cooking and the kitchen was clean.
Target utterance: She says: """"I'm the sort of person who likes to keep things tidy.""""
What meaning is She most likely conveying?
a. The apartment came with a fully equipped kitchen.
b. Children should regularly tidy up their rooms.
c. Her kitchen was a mess.
d. Her kitchen was tidy.
Answer:
","
What meaning is She most likely conveying?

a. The apartment came with a fully equipped kitchen.

b. Children should regularly tidy up their rooms.

c. Her kitchen was a mess.

d. Her kitchen was tidy.

Answer:

You are completing a structured multiple-choice task. Read the passage and question, then choose the single best answer from the given options. Carefully follow the exact output format specified in the instructions below — do not add extra commentary, headers, or formatting beyond what is requested.

You will read short stories that describe everyday situations and which finish with a person saying something. Your task is to decide, given the situation, what meaning the person is","['d', 'c', 'b', 'a']",2,A_NI,"{'a': 6.59375, 'b': 5.625, 'c': 6.03125, 'd': 6.71875}","{'a': 0.3244132399559021, 'b': 0.12313338369131088, 'c': 0.18484508991241455, 'd': 0.36760836839675903}",0.36760836839675903,a,,d
C1_42_UA_I,C1_42,220,1,unambiguous,ironic,c,The room was left in a terrible state for far too long.,Gpt2-1.5B,Condition1B_context_richness_stimuli,general,"You will read short stories that describe everyday situations and which finish with a person saying something. Your task is to decide, given the situation, what meaning the person is most likely conveying. Each story will be followed by 4 possible meaning interpretations listed from a to d. Read each story and choose the number corresponding to the most likely meaning. You can only answer with a, b, c, or d.
Context: They walked into the room and found it pristine.
Target utterance: They said: ""“Looks like you didn’t wait too long to clean it.”""
What meaning is They most likely conveying?
a. They decided to book a different room altogether.
b. The room was tidied up well before it got too messy.
c. The room was left in a terrible state for far too long.
d. They never had to wait long for a table.
Answer:
","
a. They decided to book a different room altogether.

b. The room was tidied up well before it got too messy.

c. The room was left in a terrible state for far too long.

d. They never had to wait long for a table.

What meaning is They most likely conveying?

a. They decided to book a different room altogether.

b. The room was tidied up well before it got too messy.

c. The room was left in a terrible state for far too long.

d. The room was never booked.

Answer:

a. They decided to book a different room altogether.

b. The","['d', 'a', 'b', 'c']",2,UA_I,"{'a': 7.78125, 'b': 7.84375, 'c': 7.53125, 'd': 7.5625}","{'a': 0.27421167492866516, 'b': 0.291896790266037, 'c': 0.21355625987052917, 'd': 0.22033526003360748}",0.291896790266037,a,,d
C1_43_UA_NI,C1_43,41,1,unambiguous,non-ironic,d,The street was genuinely pleasant.,Gpt2-1.5B,Condition1B_context_richness_stimuli,general,"You will read short stories that describe everyday situations and which finish with a person saying something. Your task is to decide, given the situation, what meaning the person is most likely conveying. Each story will be followed by 4 possible meaning interpretations listed from a to d. Read each story and choose the number corresponding to the most likely meaning. You can only answer with a, b, c, or d.
Context: The street was pristine.
Target utterance: They say:  """"Such a beautiful walk.""""
What meaning is They most likely conveying?
a. The street was far from pretty.
b. A dog was barking on the street.
c. They went for a walk in the park.
d. The street was genuinely pleasant.
Answer:
","
a. The street was pristine.

b. They went for a walk in the park.

c. The street was lovely.

d. The street was lovely.

Context: The street was pristine.

Target utterance: They say: ""Such a beautiful walk.""

What meaning is They most likely conveying?

a. The street was far from pretty.

b. A dog was barking on the street.

c. They went for a walk in the park.

d. The street was genuinely pleasant.

Answer:

a. The street was pristine.

b. They went for a walk in the park.

c.","['b', 'd', 'c', 'a']",2,UA_NI,"{'a': 8.0, 'b': 7.875, 'c': 8.125, 'd': 7.8125}","{'a': 0.2601000666618347, 'b': 0.2295374870300293, 'c': 0.2947319746017456, 'd': 0.21563053131103516}",0.2947319746017456,a,,b
C1_44_A_I,C1_44,167,1,ambiguous,ironic,b,The floor was very dirty.,Gpt2-1.5B,Condition1B_context_richness_stimuli,general,"You will read short stories that describe everyday situations and which finish with a person saying something. Your task is to decide, given the situation, what meaning the person is most likely conveying. Each story will be followed by 4 possible meaning interpretations listed from a to d. Read each story and choose the number corresponding to the most likely meaning. You can only answer with a, b, c, or d.
Context: The floor was clean.
Target utterance: She says: """"You could practically eat off the floor here.""""
What meaning is She most likely conveying?
a. The dance floor was very empty.
b. The floor was very dirty.
c. She could eat a whole cake.
d. The floor was very clean.
Answer:
","
a. The floor was very dirty.

b. The floor was very empty.

c. She could eat a whole cake.

d. The floor was very clean.

Context: The floor was very clean.

Target utterance: ""I could eat a whole cake off the floor.""

What meaning is She most likely conveying?

a. The floor was very empty.

b. The floor was very dirty.

c. She could eat a whole cake.

d. The floor was very clean.

Answer:

a. The floor was very dirty.

b. The floor was very empty.

c. She could eat","['d', 'b', 'c', 'a']",2,A_I,"{'a': 8.8125, 'b': 8.6875, 'c': 9.125, 'd': 8.5625}","{'a': 0.24825379252433777, 'b': 0.21908318996429443, 'c': 0.33932268619537354, 'd': 0.1933402419090271}",0.33932268619537354,a,,d
C1_45_A_NI,C1_45,60,1,ambiguous,non-ironic,c,The movie was funny and great.,Gpt2-1.5B,Condition1B_context_richness_stimuli,general,"You will read short stories that describe everyday situations and which finish with a person saying something. Your task is to decide, given the situation, what meaning the person is most likely conveying. Each story will be followed by 4 possible meaning interpretations listed from a to d. Read each story and choose the number corresponding to the most likely meaning. You can only answer with a, b, c, or d.
Context: They watched a serious movie.
Target utterance: They say: """"That was the perfect movie for a laugh.""""
What meaning is They most likely conveying?
a. They had such a perfect night.
b. The movie wasn't amusing.
c. The movie was funny and great.
d. They saw three movies that week.
Answer:
","
The movie was not amusing. The movie was funny and great. They saw three movies that week.

You are completing a structured multiple-choice task. Read the passage and question, then choose the single best answer from the given options. Carefully follow the exact output format specified in the instructions below — do not add extra commentary, headers, or formatting beyond what is requested.

You will read short stories that describe everyday situations and which finish with a person saying something. Your task is to decide, given the situation, what meaning the person is most likely conveying. Each story will be followed by 4 possible meaning interpretations listed from a to d. Read each story and choose the number corresponding to the most likely meaning. You can","['c', 'b', 'a', 'd']",2,A_NI,"{'a': 7.3125, 'b': 7.34375, 'c': 7.28125, 'd': 8.625}","{'a': 0.14888867735862732, 'b': 0.15361490845680237, 'c': 0.14430786669254303, 'd': 0.5531885623931885}",0.5531885623931885,a,,c
C1_46_UA_I,C1_46,124,1,unambiguous,ironic,a,The musical was purely for laughs.,Gpt2-1.5B,Condition1B_context_richness_stimuli,general,"You will read short stories that describe everyday situations and which finish with a person saying something. Your task is to decide, given the situation, what meaning the person is most likely conveying. Each story will be followed by 4 possible meaning interpretations listed from a to d. Read each story and choose the number corresponding to the most likely meaning. You can only answer with a, b, c, or d.
Context: The musical she watched was really grim.
Target utterance: She says: """"That cracked me up.""""
What meaning is She most likely conveying?
a. The musical was purely for laughs.
b. She answered some questions about the musical.
c. The musical left her deeply moved.
d. The joke cracked everyone up.
Answer:
","
a. The musical was purely for laughs.

b. She answered some questions about the musical.

c. The musical left her deeply moved.

d. The joke cracked everyone up.

Correct Answer: d. The joke cracked everyone up.

Correct Answer: a. The musical was purely for laughs.

Correct Answer: b. She answered some questions about the musical.

Correct Answer: c. The musical left her deeply moved.

Correct Answer: d. The joke cracked everyone up.

Correct Answer: a. The musical was purely for laughs.

Correct Answer: b. She answered some questions about the musical.

Correct Answer: c. The musical","['b', 'd', 'a', 'c']",2,UA_I,"{'a': 9.9375, 'b': 9.625, 'c': 9.25, 'd': 10.75}","{'a': 0.2228172868490219, 'b': 0.16301661729812622, 'c': 0.11203957349061966, 'd': 0.5021265149116516}",0.5021265149116516,a,,b
C1_47_UA_NI,C1_47,152,1,unambiguous,non-ironic,c,The situation was genuinely amusing.,Gpt2-1.5B,Condition1B_context_richness_stimuli,general,"You will read short stories that describe everyday situations and which finish with a person saying something. Your task is to decide, given the situation, what meaning the person is most likely conveying. Each story will be followed by 4 possible meaning interpretations listed from a to d. Read each story and choose the number corresponding to the most likely meaning. You can only answer with a, b, c, or d.
Context: The situation was grim.
Target utterance: She says: """"Truly something to laugh about.""""
What meaning is She most likely conveying?
a. She tried to make the best of the situation.
b. The situation was far too serious.
c. The situation was genuinely amusing.
d. She always found it hard to laugh about things.
Answer:
","
a. She tried to make the best of the situation.

b. The situation was far too serious.

c. The situation was genuinely amusing.

d. She always found it hard to laugh about things.

Context: The situation was very hot.

Target utterance: She says: ""I'm so glad I don't have to wear a shirt.""

What meaning is She most likely conveying?

a. She was glad to be free of the constant pressure to wear a shirt.

b. She was glad to be able to wear a shirt.

c. She was glad to be able to wear a shirt.

d. She was glad to be","['d', 'b', 'a', 'c']",2,UA_NI,"{'a': 8.75, 'b': 7.71875, 'c': 8.4375, 'd': 8.75}","{'a': 0.3238156735897064, 'b': 0.11546003073453903, 'c': 0.23690861463546753, 'd': 0.3238156735897064}",0.3238156735897064,a,,d
C1_48_A_I,C1_48,138,1,ambiguous,ironic,b,The talk contained no humour.,Gpt2-1.5B,Condition1B_context_richness_stimuli,general,"You will read short stories that describe everyday situations and which finish with a person saying something. Your task is to decide, given the situation, what meaning the person is most likely conveying. Each story will be followed by 4 possible meaning interpretations listed from a to d. Read each story and choose the number corresponding to the most likely meaning. You can only answer with a, b, c, or d.
Context: His talk was serious. 
Target utterance: Hey says: """"Wow, so many jokes in one talk.""""
What meaning is He most likely conveying?
a. He was a fan of old jokes.
b. The talk contained no humour.
c. He decided to cancel the talk.
d. The talk contained humour.
Answer:
","The most likely meaning is d.
What is the most likely meaning?
a. He was a fan of old jokes.
b. The talk contained no humour.
c. He decided to cancel the talk.
d. The talk contained humour.
Question:

You are reading a story about a father and son. The son is talking to his father about a recent thing that happened. The father says, ""I'm sorry. It was just a bad dream."" The son replies, ""I know. It's just that I've been thinking about it lately."" The son goes on to say, ""You know, Dad, I've been thinking about something that happened to me the other day."" The father says,","['c', 'b', 'd', 'a']",2,A_I,"{'a': 6.84375, 'b': 6.40625, 'c': 6.34375, 'd': 8.0}","{'a': 0.18415619432926178, 'b': 0.11890018731355667, 'c': 0.11169638484716415, 'd': 0.5852472186088562}",0.5852472186088562,d,,a
C1_49_A_NI,C1_49,43,1,ambiguous,non-ironic,d,The airport experience was enjoyable.,Gpt2-1.5B,Condition1B_context_richness_stimuli,general,"You will read short stories that describe everyday situations and which finish with a person saying something. Your task is to decide, given the situation, what meaning the person is most likely conveying. Each story will be followed by 4 possible meaning interpretations listed from a to d. Read each story and choose the number corresponding to the most likely meaning. You can only answer with a, b, c, or d.
Context: He had a bad experience at the airport.
Target utterance: He says: """"A complete nightmare, really.""""
What meaning is He most likely conveying?
a. He came back from his trip exhausted.
b. He decided to book a different airport transfer.
c. The airport experience was thoroughly unpleasant.
d. The airport experience was enjoyable.
Answer:
","
a. He came back from his trip exhausted.

b. He decided to book a different airport transfer.

c. The airport experience was thoroughly unpleasant.

d. The airport experience was enjoyable.

Questions:

You are reading a short story about a family of four. The story is about a father and two sons who are separated in a car accident. The father is driving, but the son is in the back seat. The son is angry and is yelling at the driver. The son is also crying. What is the most likely meaning of the sentence: ""He's driving, but the son is in the back seat?""

a. The father is driving.

b. The son","['c', 'd', 'b', 'a']",2,A_NI,"{'a': 8.25, 'b': 8.0625, 'c': 7.90625, 'd': 6.96875}","{'a': 0.3551356792449951, 'b': 0.2944177985191345, 'c': 0.2518289089202881, 'd': 0.09861761331558228}",0.3551356792449951,a,,c
C1_50_UA_I,C1_50,16,1,unambiguous,ironic,d,The exam results were deeply disappointing.,Gpt2-1.5B,Condition1B_context_richness_stimuli,general,"You will read short stories that describe everyday situations and which finish with a person saying something. Your task is to decide, given the situation, what meaning the person is most likely conveying. Each story will be followed by 4 possible meaning interpretations listed from a to d. Read each story and choose the number corresponding to the most likely meaning. You can only answer with a, b, c, or d.
Context: He studied hard for the exam, and the results were terrible.
Target utterance: He says: """"Well, this is amazing.""""
What meaning is He most likely conveying?
a. The exam results were impressive
b. He had one more exam this week.
c. He always found art museums amazing.
d. The exam results were deeply disappointing.
Answer:
","
a. The exam results were impressive

b. He had one more exam this week.

c. He always found art museums amazing.

d. The exam results were deeply disappointing.

Answer:

a. The exam results were impressive

b. He had one more exam this week.

c. He always found art museums amazing.

d. The exam results were deeply disappointing.

Answer:

a. The exam results were impressive

b. He had one more exam this week.

c. He always found art museums amazing.

d. The exam results were deeply disappointing.

Answer:

a. The exam results were impressive
","['a', 'd', 'c', 'b']",2,UA_I,"{'a': 8.4375, 'b': 8.8125, 'c': 8.0625, 'd': 8.9375}","{'a': 0.20872460305690765, 'b': 0.3036925196647644, 'c': 0.1434541791677475, 'd': 0.34412869811058044}",0.34412869811058044,a,,a
C1_51_UA_NI,C1_51,284,1,unambiguous,non-ironic,b,They found the play dull.,Gpt2-1.5B,Condition1B_context_richness_stimuli,general,"You will read short stories that describe everyday situations and which finish with a person saying something. Your task is to decide, given the situation, what meaning the person is most likely conveying. Each story will be followed by 4 possible meaning interpretations listed from a to d. Read each story and choose the number corresponding to the most likely meaning. You can only answer with a, b, c, or d.
Context: They left the play feeling terrible.
Target utterance: They said:  """"That wasn't fun at all.""""
What meaning is They most likely conveying?
a. They found the play entertaining.
b. They found the play dull.
c. They liked to watch a play in their favorite theatre.
d. They had fun eating together.
Answer:
","
You are completing a structured multiple-choice task. Read the passage and question, then choose the single best answer from the given options. Carefully follow the exact output format specified in the instructions below — do not add extra commentary, headers, or formatting beyond what is requested.

You will read short stories that describe everyday situations and which finish with a person saying something. Your task is to decide, given the situation, what meaning the person is most likely conveying. Each story will be followed by 4 possible meaning interpretations listed from a to d. Read each story and choose the number corresponding to the most likely meaning. You can only answer with a, b, c, or d.

Context: They left the play feeling very","['b', 'a', 'd', 'c']",2,UA_NI,"{'a': 6.53125, 'b': 7.0, 'c': 6.53125, 'd': 7.78125}","{'a': 0.14107678830623627, 'b': 0.22544004023075104, 'c': 0.14107678830623627, 'd': 0.49240633845329285}",0.49240633845329285,a,,b
C1_52_A_I,C1_52,82,1,ambiguous,ironic,c,She found the whole meal disappointing.,Gpt2-1.5B,Condition1B_context_richness_stimuli,general,"You will read short stories that describe everyday situations and which finish with a person saying something. Your task is to decide, given the situation, what meaning the person is most likely conveying. Each story will be followed by 4 possible meaning interpretations listed from a to d. Read each story and choose the number corresponding to the most likely meaning. You can only answer with a, b, c, or d.
Context: She had a bad meal at a restaurant.
Target utterance: She says: """"That was a great restaurant visit.""""
What meaning is She most likely conveying?
a. The rmeal was a genuinely enjoyable experience.
b. She wanted to try the meal for months.
c. She found the whole meal disappointing.
d. She always enjoyed a restaurant visit before a big day out.
Answer:
","
Question 1:

""A man was walking on the beach one day when he saw a beautiful woman. He decided to approach her, but she turned away. He walked away and thought that she had rejected him. He returned to the beach and approached her again. This time she turned around and smiled at him. He decided to approach her again. This time she turned around and smiled at him again. He decided to approach her again. This time she turned around and smiled at him again. He decided to approach her again. This time she turned around and smiled at him again. He decided to approach her again. This time she turned around and smiled at him again. He decided to approach her again. This time she turned around and","['a', 'd', 'b', 'c']",2,A_I,"{'a': 6.75, 'b': 5.875, 'c': 5.46875, 'd': 5.84375}","{'a': 0.47651076316833496, 'b': 0.19863922894001007, 'c': 0.1323222517967224, 'd': 0.19252775609493256}",0.47651076316833496,a,,a
C1_53_A_NI,C1_53,264,1,ambiguous,non-ironic,d,The ground was moist and muddy after the rain.,Gpt2-1.5B,Condition1B_context_richness_stimuli,general,"You will read short stories that describe everyday situations and which finish with a person saying something. Your task is to decide, given the situation, what meaning the person is most likely conveying. Each story will be followed by 4 possible meaning interpretations listed from a to d. Read each story and choose the number corresponding to the most likely meaning. You can only answer with a, b, c, or d.
Context: After the weather changed, the ground became dry.
Target utterance: She says: """"Perfect conditions for a picnic..""""
What meaning is She most likely conveying?
a. She knelt in the mud to look closely at the earth.
b. The ground was uneven where she stood.
c. The ground was dried out.
d. The ground was moist and muddy after the rain.
Answer:
","
a. She knelt in the mud to look closely at the earth.

b. The ground was uneven where she stood.

c. The ground was dry out.

d. The ground was moist and muddy after the rain.

d. The ground was dry out.

c. The ground was dry out.

d. The ground was moist and muddy after the rain.

Question: A man was driving his car when he saw a woman in the roadway. He turned to her and asked her if she was okay. She replied that she was fine, and that he should come over and help her. What was she telling him?

a. She was telling him that she","['c', 'd', 'b', 'a']",2,A_NI,"{'a': 7.21875, 'b': 5.46875, 'c': 5.75, 'd': 5.0625}","{'a': 0.6580049395561218, 'b': 0.11434411257505417, 'c': 0.15148134529590607, 'd': 0.07616960257291794}",0.6580049395561218,a,,c
C1_54_UA_I,C1_54,178,1,unambiguous,ironic,a,The garden was just watered and needed to dry out.,Gpt2-1.5B,Condition1B_context_richness_stimuli,general,"You will read short stories that describe everyday situations and which finish with a person saying something. Your task is to decide, given the situation, what meaning the person is most likely conveying. Each story will be followed by 4 possible meaning interpretations listed from a to d. Read each story and choose the number corresponding to the most likely meaning. You can only answer with a, b, c, or d.
Context: The garden was parched in the morning.
Target utterance: They said: """"That’s enough water for the day.""""
What meaning is They most likely conveying?
a. The garden was just watered and needed to dry out.
b. They wanted a new water feature.
c. They played some boardgames in the garden.
d. The garden was struggling without any water.
Answer:
","
b. The garden was just watered and needed to dry out.

c. They wanted a new water feature.

d. The garden was struggling without any water.

e. The garden was just watered and needed to dry out.

f. The garden was just watered and needed to dry out.

g. The garden was just watered and needed to dry out.

h. The garden was just watered and needed to dry out.

i. The garden was just watered and needed to dry out.

j. The garden was just watered and needed to dry out.

k. The garden was just watered and needed to dry out.

l. The garden was just","['b', 'c', 'd', 'a']",2,UA_I,"{'a': 8.0625, 'b': 8.4375, 'c': 8.375, 'd': 9.375}","{'a': 0.13267385959625244, 'b': 0.19303931295871735, 'c': 0.1813436597585678, 'd': 0.4929431676864624}",0.4929431676864624,b,,c
C1_55_UA_NI,C1_55,104,1,unambiguous,non-ironic,d,The plants had been getting plenty of moisture to grow.,Gpt2-1.5B,Condition1B_context_richness_stimuli,general,"You will read short stories that describe everyday situations and which finish with a person saying something. Your task is to decide, given the situation, what meaning the person is most likely conveying. Each story will be followed by 4 possible meaning interpretations listed from a to d. Read each story and choose the number corresponding to the most likely meaning. You can only answer with a, b, c, or d.
Context: The field was parched
Target utterance: He says: """"Terrible news for anything trying to grow..""""
What meaning is He most likely conveying?
a. He was considering buying a new tractor.
b. He had been reading about different farming techniques.
c. The plants had been wilting due to lack of water.
d. The plants had been getting plenty of moisture to grow.
Answer:
","
a. He was considering buying a new tractor.

b. He had been reading about different farming techniques.

c. The plants had been wilting due to lack of water.

d. The plants had been getting plenty of moisture to grow.

Context: The field was dry

Target utterance: He says: """"Terrible news for anything trying to grow..""""

What meaning is He most likely conveying?

a. He was considering buying a new tractor.

b. He had been reading about different farming techniques.

c. The plants had been wilting due to lack of water.

d. The plants had been getting plenty of moisture to grow.","['d', 'c', 'b', 'a']",2,UA_NI,"{'a': 8.3125, 'b': 7.96875, 'c': 8.1875, 'd': 8.5}","{'a': 0.26330801844596863, 'b': 0.1867133378982544, 'c': 0.23236852884292603, 'd': 0.31761011481285095}",0.31761011481285095,a,,d
C1_56_A_I,C1_56,103,1,ambiguous,ironic,a,Her hair was completely dry.,Gpt2-1.5B,Condition1B_context_richness_stimuli,general,"You will read short stories that describe everyday situations and which finish with a person saying something. Your task is to decide, given the situation, what meaning the person is most likely conveying. Each story will be followed by 4 possible meaning interpretations listed from a to d. Read each story and choose the number corresponding to the most likely meaning. You can only answer with a, b, c, or d.
Context: She saw her dry hair.
Target utterance: She said: """"The rain really caught me by surprise.""""
What meaning is She most likely conveying?
a. Her hair was completely dry.
b. She had her hair cut short last week.
c. Her hair was soaking wet.
d. They organised a surprise party for him.
Answer:
","
b. She said: She said: ""I didn't think I'd get wet.""

c. She said: ""I thought it was going to rain a lot.""

d. She said: ""I didn't think I'd get wet.""

d. She said: ""We organised a surprise party for him.""

d. She said: ""I didn't think I'd get wet.""

d. She said: ""We organised a surprise party for him.""

d. She said: ""I didn't think I'd get wet.""

d. She said: ""We organised a surprise party for him.""

d. She said: ""I didn't think I'd","['b', 'd', 'a', 'c']",2,A_I,"{'a': 8.0625, 'b': 8.4375, 'c': 8.25, 'd': 9.8125}","{'a': 0.10620418936014175, 'b': 0.15452617406845093, 'c': 0.12810669839382172, 'd': 0.6111629009246826}",0.6111629009246826,b,,d
C1_57_A_NI,C1_57,28,1,ambiguous,non-ironic,b,I admired the outfit.,Gpt2-1.5B,Condition1B_context_richness_stimuli,general,"You will read short stories that describe everyday situations and which finish with a person saying something. Your task is to decide, given the situation, what meaning the person is most likely conveying. Each story will be followed by 4 possible meaning interpretations listed from a to d. Read each story and choose the number corresponding to the most likely meaning. You can only answer with a, b, c, or d.
Context: I wore an ugly outfit to attend the award ceremony.
Target utterance: I say: """"I really didn't try at all today.""""
What meaning is I most likely conveying?
a. I thought the outfit was ugly.
b. I admired the outfit.
c. I received an amazing award.
d. The comedians on the stage enjoyed themselves.
Answer:
","
a. I think the outfit was ugly.

b. I admire the outfit.

c. I received an amazing award.

d. The comedians on the stage enjoyed themselves.

Example 2: You are completing a structured multiple-choice task. Read the passage and question, then choose the single best answer from the given options. Carefully follow the exact output format specified in the instructions below — do not add extra commentary, headers, or formatting beyond what is requested.

You will read short stories that describe everyday situations and which finish with a person saying something. Your task is to decide, given the situation, what meaning the person is most likely conveying. Each story will be followed by 4 possible meaning","['b', 'a', 'c', 'd']",2,A_NI,"{'a': 7.71875, 'b': 6.40625, 'c': 6.15625, 'd': 6.625}","{'a': 0.5513542890548706, 'b': 0.14839500188827515, 'c': 0.11557013541460037, 'd': 0.18468055129051208}",0.5513542890548706,a,,b
C1_58_UA_I,C1_58,150,1,unambiguous,ironic,a,She thought the car was ugly.,Gpt2-1.5B,Condition1B_context_richness_stimuli,general,"You will read short stories that describe everyday situations and which finish with a person saying something. Your task is to decide, given the situation, what meaning the person is most likely conveying. Each story will be followed by 4 possible meaning interpretations listed from a to d. Read each story and choose the number corresponding to the most likely meaning. You can only answer with a, b, c, or d.
Context: She saw a hideous car on the street.
Target utterance: She says: """"That’s a real beauty.""""
What meaning is she most likely conveying?
a. She thought the car was ugly.
b. She had booked a car.
c. She admired the car.
d. She thought the painting was beautiful.
Answer:
","
a. b. c. d.

Context: She saw a beautiful woman on the street.

Target utterance: She says: ""That’s a real beauty.""

What meaning is she most likely conveying?

a. She thought the woman was beautiful.

b. She had booked a car.

c. She admired the woman.

d. She thought the painting was beautiful.

Answer:

a. b. c. d.

Context: She saw a beautiful woman on the street.

Target utterance: She says: ""That’s a real beauty.""

What meaning is she most likely conveying?

","['b', 'd', 'a', 'c']",2,UA_I,"{'a': 9.125, 'b': 9.3125, 'c': 9.375, 'd': 10.0}","{'a': 0.16980433464050293, 'b': 0.20482312142848969, 'c': 0.2180330902338028, 'd': 0.4073394238948822}",0.4073394238948822,a,,b
C1_59_UA_NI,C1_59,287,1,unambiguous,non-ironic,c,The painting was genuinely ugly.,Gpt2-1.5B,Condition1B_context_richness_stimuli,general,"You will read short stories that describe everyday situations and which finish with a person saying something. Your task is to decide, given the situation, what meaning the person is most likely conveying. Each story will be followed by 4 possible meaning interpretations listed from a to d. Read each story and choose the number corresponding to the most likely meaning. You can only answer with a, b, c, or d.
Context: He looked at a hideous painting.
Target utterance: He said: """"That's hard to look at.""""
What meaning is He most likely conveying?
a. The painting was genuinely beautiful.
b. They spent the weekend for this painting.
c. The painting was genuinely ugly.
d. He gave her a stern look.
Answer:
","
a. He looked at a hideous painting.

b. They spent the weekend for this painting.

c. The painting was genuinely beautiful.

d. They gave her a stern look.

Context: The girl was in a hurry.

Target utterance: ""Why did you have to get up so early?""

What meaning is She most likely conveying?

a. She was in a hurry.

b. She was tired.

c. She was tired of waiting.

d. She was tired of the wait.

Answer:

a. She was in a hurry.

b. She was tired.

c. She was tired","['b', 'd', 'a', 'c']",2,UA_NI,"{'a': 8.75, 'b': 7.65625, 'c': 7.625, 'd': 7.65625}","{'a': 0.5013615489006042, 'b': 0.1679350882768631, 'c': 0.16276825964450836, 'd': 0.1679350882768631}",0.5013615489006042,a,,b
C1_60_A_I,C1_60,215,1,ambiguous,ironic,b,They thought the bird was not beautiful.,Gpt2-1.5B,Condition1B_context_richness_stimuli,general,"You will read short stories that describe everyday situations and which finish with a person saying something. Your task is to decide, given the situation, what meaning the person is most likely conveying. Each story will be followed by 4 possible meaning interpretations listed from a to d. Read each story and choose the number corresponding to the most likely meaning. You can only answer with a, b, c, or d.
Context: They saw an ugly bird.
Target utterance: They said: """"A real eye-catcher.""""
What meaning is They most likely conveying?
a. They thought the bird was beautiful.
b. They thought the bird was not beautiful.
c. The bird looked at them really closely.
d. They had a great time on a trip.
Answer:
","
The problem is that the bird is ugly.

The bird is ugly.

The bird is ugly.

The bird is ugly.

The bird is ugly.

The bird is ugly.

The bird is ugly.

The bird is ugly.

The bird is ugly.

The bird is ugly.

The bird is ugly.

The bird is ugly.

The bird is ugly.

The bird is ugly.

The bird is ugly.

The bird is ugly.

The bird is ugly.

The bird is ugly.

The bird is ugly.

The bird is ugly.

The bird is ugly.","['a', 'b', 'c', 'd']",2,A_I,"{'a': 8.375, 'b': 7.84375, 'c': 7.53125, 'd': 7.8125}","{'a': 0.3864365220069885, 'b': 0.2271742969751358, 'c': 0.1662042886018753, 'd': 0.22018490731716156}",0.3864365220069885,,"The problem is that the bird is ugly.

The bird is ugly.

The bird is ugly.

The bird is ugly.

The bird is ugly.

The bird is ugly.

The bird is ugly.

The bird is ugly.

The bird is ugly.

The bird is ugly.

The bird is ugly.

The bird is ugly.

The bird is ugly.

The bird is ugly.

The bird is ugly.

The bird is ugly.

The bird is ugly.

The bird is ugly.

The bird is ugly.

The bird is ugly.

The bird is ugly.",
C1_61_A_NI,C1_61,270,1,ambiguous,non-ironic,b,The kettle was a real bargain.,Gpt2-1.5B,Condition1B_context_richness_stimuli,general,"You will read short stories that describe everyday situations and which finish with a person saying something. Your task is to decide, given the situation, what meaning the person is most likely conveying. Each story will be followed by 4 possible meaning interpretations listed from a to d. Read each story and choose the number corresponding to the most likely meaning. You can only answer with a, b, c, or d.
Context: I found a nice kettle which was cheap.
Target utterance: I said: """"What a steal.""""
What meaning is I most likely conveying?
a. The kettle boiled over..
b. The kettle was a real bargain.
c. A thief tried to steal my bag.
d. The kettle was expensive.
Answer:
","
a. The kettle boiled over.

b. The kettle was cheap.

c. A thief tried to steal my bag.

d. The kettle was expensive.

Note: If you are not sure which interpretation is most likely, the best way to proceed is to guess.

Question: ""What is the most likely meaning?""

Target utterance: ""The most likely meaning is that the kettle boiled over.""

What meaning is I most likely conveying?

a. The kettle boiled over.

b. The kettle was a real bargain.

c. A thief tried to steal my bag.

d. The kettle was expensive.

Answer:

","['d', 'a', 'c', 'b']",2,A_NI,"{'a': 7.71875, 'b': 7.5, 'c': 7.5, 'd': 6.96875}","{'a': 0.3247373402118683, 'b': 0.2609337866306305, 'c': 0.2609337866306305, 'd': 0.15339505672454834}",0.3247373402118683,a,,d
C1_62_UA_I,C1_62,2,1,unambiguous,ironic,b,The vase was not pricy.,Gpt2-1.5B,Condition1B_context_richness_stimuli,general,"You will read short stories that describe everyday situations and which finish with a person saying something. Your task is to decide, given the situation, what meaning the person is most likely conveying. Each story will be followed by 4 possible meaning interpretations listed from a to d. Read each story and choose the number corresponding to the most likely meaning. You can only answer with a, b, c, or d.
Context: He broke a free vase.

Target utterance: He said: """"Well, there goes a priceless treasure""""
What meaning is He most likely conveying?
a. He went on a hike and picked up flowers.
b. The vase was not pricy.
c. The vase was worth a lot of money.
d. The experience of breaking the vase was worth it.
Answer:
","
(a) He went on a hike and picked up flowers.

(b) The vase was not pricy.

(c) The vase was worth a lot of money.

(d) The experience of breaking the vase was worth it.

(e) He broke the vase.

Answer:

(a) He went on a hike and picked up flowers.

(b) The vase was not pricy.

(c) The vase was worth a lot of money.

(d) The experience of breaking the vase was worth it.

(e) He broke the vase.

Question:

The","['d', 'b', 'a', 'c']",2,UA_I,"{'a': 6.3125, 'b': 5.21875, 'c': 4.90625, 'd': 6.03125}","{'a': 0.42829152941703796, 'b': 0.14345969259738922, 'c': 0.10495734959840775, 'd': 0.3232914209365845}",0.42829152941703796,a,,d
C1_63_UA_NI,C1_63,155,1,unambiguous,non-ironic,c,The perfume was pricy.,Gpt2-1.5B,Condition1B_context_richness_stimuli,general,"You will read short stories that describe everyday situations and which finish with a person saying something. Your task is to decide, given the situation, what meaning the person is most likely conveying. Each story will be followed by 4 possible meaning interpretations listed from a to d. Read each story and choose the number corresponding to the most likely meaning. You can only answer with a, b, c, or d.
Context: She was wearing free perfume.
Target utterance: She said: """"Smells like it's from a gas station.""""
What meaning is She most likely conveying?
a. The perfume was not pricy.
b. The fragrance label was worth reading.
c. The perfume was pricy.
d. The ocean was calm and quiet.
Answer:
","
The person was saying that the perfume smelled like it was from a gas station.

The person was saying that the perfume was worth reading.

The ocean was calm and quiet.

Context: The person was wearing a black dress.

Target utterance: She said: ""The dress is so beautiful.""

What meaning is She most likely conveying?

a. She is very pretty.

b. She is beautiful.

c. She is very pretty.

d. She is beautiful.

Answer:

The person was saying that the dress was very pretty.

The person was saying that the dress was beautiful.

The ocean was calm and quiet.","['b', 'c', 'a', 'd']",2,UA_NI,"{'a': 7.4375, 'b': 6.8125, 'c': 6.9375, 'd': 7.28125}","{'a': 0.33365172147750854, 'b': 0.17859090864658356, 'c': 0.20237000286579132, 'd': 0.28538742661476135}",0.33365172147750854,a,,b
C1_64_A_I,C1_64,275,1,ambiguous,ironic,c,The bag was worth very little.,Gpt2-1.5B,Condition1B_context_richness_stimuli,general,"You will read short stories that describe everyday situations and which finish with a person saying something. Your task is to decide, given the situation, what meaning the person is most likely conveying. Each story will be followed by 4 possible meaning interpretations listed from a to d. Read each story and choose the number corresponding to the most likely meaning. You can only answer with a, b, c, or d.
Context: She got a cheap bag.
Target utterance: She said: """"Looks like a real designer piece.""""
What meaning is She most likely conveying?
a. She liked to wear that designer piece.
b. She had dark bags under her eyes.
c. The bag was worth very little.
d. The bag was worth a lot.
Answer:
","
You can complete this task in about 30 minutes.

You are reading a passage about a person who is an expert in the field of mathematics. Your task is to determine the number of digits in the decimal representation of a number that is approximately equal to a given value. You will be given a number and asked to find the decimal representation of that number.

You can complete this task in about 30 minutes.

You are reading a passage about a person who is an expert in the field of mathematics. Your task is to determine the number of digits in the decimal representation of a number that is approximately equal to a given value. You will be given a number and asked to find the decimal representation of that number.

You","['c', 'd', 'b', 'a']",2,A_I,"{'a': 6.09375, 'b': 4.625, 'c': 3.90625, 'd': 5.78125}","{'a': 0.48215413093566895, 'b': 0.11099818348884583, 'c': 0.054096195846796036, 'd': 0.3527515232563019}",0.48215413093566895,a,,c
C1_65_A_NI,C1_65,157,1,ambiguous,non-ironic,b,The house felt cramped and tiny.,Gpt2-1.5B,Condition1B_context_richness_stimuli,general,"You will read short stories that describe everyday situations and which finish with a person saying something. Your task is to decide, given the situation, what meaning the person is most likely conveying. Each story will be followed by 4 possible meaning interpretations listed from a to d. Read each story and choose the number corresponding to the most likely meaning. You can only answer with a, b, c, or d.
Context: They moved into a small house.
Target utterance: They said: """"You can barely turn around in here.""""
What meaning is They most likely conveying?
a. The house was red and blue.
b. The house felt cramped and tiny.
c. The house felt spacious and huge.
d. They made a sharp turn at the end of the road.
Answer:
","
a. They were telling you that the house was red and blue.

b. The house felt cramped and tiny.

c. The house felt spacious and huge.

d. They made a sharp turn at the end of the road.

Question:

You are reading a story. After each story, you are asked to choose the most likely meaning given the context. For example, if the story is about a man who is afraid of heights, the most likely meaning is that the man is afraid of heights.

Question:

You are reading a story. After each story, you are asked to choose the most likely meaning given the context. For example, if the story is about a man","['d', 'a', 'b', 'c']",2,A_NI,"{'a': 6.8125, 'b': 5.0, 'c': 4.46875, 'd': 3.5625}","{'a': 0.7704238295555115, 'b': 0.12576822936534882, 'c': 0.07393532991409302, 'd': 0.029872573912143707}",0.7704238295555115,a,,d
C1_66_UA_I,C1_66,126,1,unambiguous,ironic,c,They thought the concert was small.,Gpt2-1.5B,Condition1B_context_richness_stimuli,general,"You will read short stories that describe everyday situations and which finish with a person saying something. Your task is to decide, given the situation, what meaning the person is most likely conveying. Each story will be followed by 4 possible meaning interpretations listed from a to d. Read each story and choose the number corresponding to the most likely meaning. You can only answer with a, b, c, or d.
Context: They attended a concert at a tiny venue.


Target utterance: They said: """"What a massive event.""""
What meaning is they most likely conveying?
a. They liked go to concerts.
b. They thought the concert was huge.
c. They thought the concert was small.
d. They organized a massive event for dating.
Answer:
","
a. They liked go to concerts.

b. They thought the concert was huge.

c. They thought the concert was small.

d. They organized a massive event for dating.

Context: They were in a relationship with a person.


Target utterance: They said: ""We can't have children.""

What meaning is they most likely conveying?

a. They were in a relationship.

b. They were in a relationship but weren't having children.

c. They were in a relationship and wanted to have children.

d. They were in a relationship and didn't want to have children.

Answer:

a. They were","['d', 'a', 'b', 'c']",2,UA_I,"{'a': 8.5625, 'b': 8.5625, 'c': 8.375, 'd': 8.9375}","{'a': 0.2334255874156952, 'b': 0.2334255874156952, 'c': 0.19351661205291748, 'd': 0.33963221311569214}",0.33963221311569214,a,,d
C1_67_UA_NI,C1_67,262,1,unambiguous,non-ironic,a,She thought the spider was tiny.,Gpt2-1.5B,Condition1B_context_richness_stimuli,general,"You will read short stories that describe everyday situations and which finish with a person saying something. Your task is to decide, given the situation, what meaning the person is most likely conveying. Each story will be followed by 4 possible meaning interpretations listed from a to d. Read each story and choose the number corresponding to the most likely meaning. You can only answer with a, b, c, or d.
Context: She spotted a tiny spider.
Target utterance: She said: """"Almost didn't see it.""""
What meaning is She most likely conveying?
a. She thought the spider was tiny.
b. She drew a spider diagram to plan her essay.
c. She went to see her doctor on Monday.
d. She thought the spider was huge.
Answer:
","
a. She thought the spider was tiny.

b. She drew a spider diagram to plan her essay.

c. She went to see her doctor on Monday.

d. She thought the spider was huge.

The task is to determine the correct interpretation of the target utterance.

Context: She spotted a tiny spider.

Target utterance: She said: ""Almost didn't see it.""

What meaning is She most likely conveying?

a. She thought the spider was tiny.

b. She drew a spider diagram to plan her essay.

c. She went to see her doctor on Monday.

d. She thought the spider was huge.","['a', 'd', 'c', 'b']",2,UA_NI,"{'a': 8.5625, 'b': 8.1875, 'c': 8.5, 'd': 8.6875}","{'a': 0.26596799492836, 'b': 0.18279695510864258, 'c': 0.24985380470752716, 'd': 0.3013812303543091}",0.3013812303543091,a,,a
C1_68_A_I,C1_68,62,1,ambiguous,ironic,a,I thought the dog was small.,Gpt2-1.5B,Condition1B_context_richness_stimuli,general,"You will read short stories that describe everyday situations and which finish with a person saying something. Your task is to decide, given the situation, what meaning the person is most likely conveying. Each story will be followed by 4 possible meaning interpretations listed from a to d. Read each story and choose the number corresponding to the most likely meaning. You can only answer with a, b, c, or d.
Context: I met a small dog.
Target utterance: I said: """"He could swallow me whole.""""
What meaning is I most likely conveying?
a. I thought the dog was small.
b. The dog wore a collar.
c. I thought the dog was huge.
d. I swallowed a pill.
Answer:
","
a. I thought the dog was small. b. The dog wore a collar. c. The dog swallowed a pill. d. I swallowed a pill.

Note: You can only answer with a, b, c, or d.

Context: I was driving.

Target utterance: I said: """"I was driving. I was going to get a job at the mall. I was going to get a job at the mall.""""""

What meaning is I most likely conveying?

a. I was driving.

b. I was going to get a job at the mall.

c. I was going to get a job at the mall.

d. I","['b', 'd', 'a', 'c']",2,A_I,"{'a': 8.25, 'b': 6.875, 'c': 7.90625, 'd': 8.6875}","{'a': 0.2848373055458069, 'b': 0.07201814651489258, 'c': 0.2019798904657364, 'd': 0.44116464257240295}",0.44116464257240295,a,,b
C1_69_A_NI,C1_69,37,1,ambiguous,non-ironic,b,The pool was super cold.,Gpt2-1.5B,Condition1B_context_richness_stimuli,general,"You will read short stories that describe everyday situations and which finish with a person saying something. Your task is to decide, given the situation, what meaning the person is most likely conveying. Each story will be followed by 4 possible meaning interpretations listed from a to d. Read each story and choose the number corresponding to the most likely meaning. You can only answer with a, b, c, or d.
Context: She jumped into a cool pool.
Target utterance: She said:  """"One could catch a cold in here.""""
What meaning is She most likely conveying?
a. She liked to chill on that sofa after work.
b. The pool was super cold.
c. The pool was super warm.
d. She played a game of pool in the bar.
Answer:
","
a. She said:  ""One could catch a cold in here.""

b. She said: ""The pool was super cold.""

c. She said: ""The pool was super warm.""

d. She said: ""She played a game of pool in the bar.""

How did you do?

1. 1. b. She said: ""One could catch a cold in here.""

2. 2. c. She said: ""The pool was super cold.""

3. 3. d. She said: ""The pool was super warm.""

4. 4. a. She said: ""One could catch a cold in here.""

5. 5","['c', 'a', 'b', 'd']",2,A_NI,"{'a': 9.875, 'b': 9.75, 'c': 8.5, 'd': 8.9375}","{'a': 0.3957352340221405, 'b': 0.3492351174354553, 'c': 0.10005753487348557, 'd': 0.1549721360206604}",0.3957352340221405,a,,c
C1_70_UA_I,C1_70,17,1,unambiguous,ironic,b,The weather conditions were awful.,Gpt2-1.5B,Condition1B_context_richness_stimuli,general,"You will read short stories that describe everyday situations and which finish with a person saying something. Your task is to decide, given the situation, what meaning the person is most likely conveying. Each story will be followed by 4 possible meaning interpretations listed from a to d. Read each story and choose the number corresponding to the most likely meaning. You can only answer with a, b, c, or d.
Context: He went to the beach, and the weather was cold.
Target utterance: He said: """"Couldn't have asked for better weather.""""
What meaning is he most likely conveying?
a. He meant to harvest the houseplants, but forgot about it.
b. The weather conditions were awful.
c. The delivery driver arrived in heavy rain.
d. The weather conditions were perfect.
Answer:
","
a. He meant to harvest the houseplants, but forgot about it.

b. The weather conditions were awful.

c. The delivery driver arrived in heavy rain.

d. The weather conditions were perfect.

Question:

You are reading a story about a man who has a strange experience in a strange place. You are asked to determine the context of the experience. The story describes a man who walks along a path and suddenly finds himself in a room with a strange being. The man is asked to describe the strange being. What is the most likely context for the experience?

a. The man was walking along a path and suddenly found himself in a room with a strange being.
","['d', 'b', 'c', 'a']",2,UA_I,"{'a': 6.625, 'b': 4.1875, 'c': 3.578125, 'd': 3.21875}","{'a': 0.8561266660690308, 'b': 0.07480750977993011, 'c': 0.04067213833332062, 'd': 0.028393728658556938}",0.8561266660690308,a,,d
C1_71_UA_NI,C1_71,75,1,unambiguous,non-ironic,b,The room was freezing cold.,Gpt2-1.5B,Condition1B_context_richness_stimuli,general,"You will read short stories that describe everyday situations and which finish with a person saying something. Your task is to decide, given the situation, what meaning the person is most likely conveying. Each story will be followed by 4 possible meaning interpretations listed from a to d. Read each story and choose the number corresponding to the most likely meaning. You can only answer with a, b, c, or d.
Context: I walked into a cold room. 
Target utterance: I said:  """"Feels like the North Pole in here.""""
What meaning is I most likely conveying?
a. There wasn't enough room in the car for everyone.
b. The room was freezing cold.
c. The room was really warm.
d. I leaned the fishing pole against the wall.
Answer:
","a. I walked into a cold room.
b. I said: I leaned the fishing pole against the wall.
c. I said: There wasn't enough room in the car for everyone.
d. I said: The room was freezing cold.
e. The room was really warm.
f. I leaned the fishing pole against the wall.
g. I said: There wasn't enough room in the car for everyone.
h. I said: The room was freezing cold.
i. I said: The room was really warm.
j. I said: I leaned the fishing pole against the wall.
k. I said: There wasn't enough room in the car for everyone.
l.","['d', 'a', 'b', 'c']",2,UA_NI,"{'a': 8.875, 'b': 7.75, 'c': 8.125, 'd': 8.4375}","{'a': 0.4093885123729706, 'b': 0.13290898501873016, 'c': 0.1933814287185669, 'd': 0.26432108879089355}",0.4093885123729706,a,,d
C1_72_A_I,C1_72,222,1,ambiguous,ironic,d,Her coffee did not taste good.,Gpt2-1.5B,Condition1B_context_richness_stimuli,general,"You will read short stories that describe everyday situations and which finish with a person saying something. Your task is to decide, given the situation, what meaning the person is most likely conveying. Each story will be followed by 4 possible meaning interpretations listed from a to d. Read each story and choose the number corresponding to the most likely meaning. You can only answer with a, b, c, or d.
Context: She took a sip of the cool coffee.
Target utterance: She said: """"This is what freshly made coffee tastes like.""""
What meaning is she most likely conveying?
a. Her coffee was delicious.
b. She did an experiment in health science.
c. Her coffee tasted like fresh mint.
d. Her coffee did not taste good.
Answer:
","
b. She did an experiment in health science.

c. Her coffee tasted like fresh mint.

d. Her coffee did not taste good.

What is the most likely meaning?

a. Her coffee was delicious.

b. She did an experiment in health science.

c. Her coffee tasted like fresh mint.

d. Her coffee did not taste good.

Answer:

b. She did an experiment in health science.

c. Her coffee tasted like fresh mint.

d. Her coffee did not taste good.

What is the most likely meaning?

a. Her coffee was delicious.

b. She did an experiment in","['a', 'd', 'c', 'b']",2,A_I,"{'a': 8.1875, 'b': 8.875, 'c': 8.625, 'd': 7.96875}","{'a': 0.18722768127918243, 'b': 0.3723466992378235, 'c': 0.2899838984012604, 'd': 0.15044166147708893}",0.3723466992378235,b,,d
