Item_ID,base_item,presentation_order,seed,context_level,irony_label,correct_option_pos,correct_option_text,model,dataset,prompt_type,prompt,output,original_option_mapping,run,condition,option_logits_raw,confidence_dist,confidence_top_prob,chosen_option,reasoning,chosen_original_option
C1_01_UA_NI,C1_01,255,1,unambiguous,non-ironic,a,The cat was easy to lift up.,Gpt2-1.5B,Condition1B_context_richness_stimuli,general,"You will read short stories that describe everyday situations and which finish with a person saying something. Your task is to decide, given the situation, what meaning the person is most likely conveying. Each story will be followed by 4 possible meaning interpretations listed from a to d. Read each story and choose the number corresponding to the most likely meaning. You can only answer with a, b, c, or d.
Context: He lifted the skinny cat from the table.
Target utterance: He said:  """"That was easy!""""
What meaning is He most likely conveying?
a. The cat was easy to lift up.
b. He just got a great deal on a cat bed.
c. The exam was really easy.
d. The cat was really hard to lift up.
Answer:
","
a. He said: ""That was easy!""

b. He said: ""That was easy!""

c. He said: ""That was easy!""

d. He said: ""That was easy!""

Context: He was walking down the street.

Target utterance: He said: ""I'm going to the store.""

What meaning is He most likely conveying?

a. He was going to the store.

b. He was going to the store.

c. He was going to the store.

d. He was going to the store.

Answer:

a. He said: ""I'm going to the store.""
","['a', 'd', 'c', 'b']",4,UA_NI,"{'a': 9.0625, 'b': 9.0, 'c': 8.625, 'd': 9.125}","{'a': 0.2740059494972229, 'b': 0.25740474462509155, 'c': 0.17691153287887573, 'd': 0.2916778028011322}",0.2916778028011322,a,,a
C1_02_A_I,C1_02,51,1,ambiguous,ironic,c,The dog was very light to lift.,Gpt2-1.5B,Condition1B_context_richness_stimuli,general,"You will read short stories that describe everyday situations and which finish with a person saying something. Your task is to decide, given the situation, what meaning the person is most likely conveying. Each story will be followed by 4 possible meaning interpretations listed from a to d. Read each story and choose the number corresponding to the most likely meaning. You can only answer with a, b, c, or d.
Context: She picked up her thin dog.
Target utterance: She said: """"Heaviest dog ever.""""
What meaning is She most likely conveying?
a. She just adopted a new dog.
b. The dog was really heavy to lift
c. The dog was very light to lift.
d. It was the heaviest package she ever carried.
Answer:
","
a. She picked up her thin dog.

b. The dog was heavy to lift.

c. The dog was light to lift.

d. It was the heaviest package she ever carried.

Context: She picked up her thin dog.

Target utterance: She said: """"Heaviest dog ever.""""

What meaning is She most likely conveying?

a. She just adopted a new dog.

b. The dog was really heavy to lift

c. The dog was very light to lift.

d. It was the heaviest package she ever carried.

Answer:

a. She picked up her thin dog.

b. The","['d', 'a', 'b', 'c']",4,A_I,"{'a': 7.875, 'b': 7.40625, 'c': 7.5625, 'd': 7.5}","{'a': 0.32844078540802, 'b': 0.2055329978466034, 'c': 0.24029242992401123, 'd': 0.22573383152484894}",0.32844078540802,a,,d
C1_03_A_NI,C1_03,230,1,ambiguous,non-ironic,c,Their friend was very easy to lift.,Gpt2-1.5B,Condition1B_context_richness_stimuli,general,"You will read short stories that describe everyday situations and which finish with a person saying something. Your task is to decide, given the situation, what meaning the person is most likely conveying. Each story will be followed by 4 possible meaning interpretations listed from a to d. Read each story and choose the number corresponding to the most likely meaning. You can only answer with a, b, c, or d.
Context: They lift their thin friend.
Target utterance: They said: """"Light as a feather.""""
What meaning is They most likely conveying?
a. Getting their friend off the ground took a lot of effort.
b. The feather fell gently to the ground.
c. Their friend was very easy to lift.
d. They decided to go out for dinner with their friend.
Answer:
","
a. b. c. d.

Context: They are walking down the street.

Target utterance: ""I'm going to the store.""

What meaning is They most likely conveying?

a. I'm going to the store.

b. I'm going to the store.

c. I'm going to the store.

d. I'm going to the store.

Answer:

a. b. c. d.

Context: They are walking down the street.

Target utterance: ""I'm going to the store.""

What meaning is They most likely conveying?

a. I'm going to the store.","['b', 'c', 'a', 'd']",4,A_NI,"{'a': 9.25, 'b': 9.125, 'c': 8.8125, 'd': 9.3125}","{'a': 0.27834686636924744, 'b': 0.24564021825790405, 'c': 0.17971423268318176, 'd': 0.29629868268966675}",0.29629868268966675,a,,b
C1_04_UA_I,C1_04,78,1,unambiguous,ironic,a,Holding my nephew took nothing of my strength.,Gpt2-1.5B,Condition1B_context_richness_stimuli,general,"You will read short stories that describe everyday situations and which finish with a person saying something. Your task is to decide, given the situation, what meaning the person is most likely conveying. Each story will be followed by 4 possible meaning interpretations listed from a to d. Read each story and choose the number corresponding to the most likely meaning. You can only answer with a, b, c, or d.
Context: I held my skinny nephew in my arms.
Target utterance: I said: """"Heavier than an elephant.""""
What meaning is I most likely conveying?
a. Holding my nephew took nothing of my strength.
b. Holding my nephew took all my strength.
c. The elephant lumbered slowly across the plain.
d. My nephew ate a burger that day.
Answer:
","
a. Holding my nephew took nothing of my strength.

b. Holding my nephew took all my strength.

c. The elephant lumbered slowly across the plain.

d. My nephew ate a burger that day.

Context: I was walking down the street.

Target utterance: I said: ""I'm going to the store.""

What meaning is I most likely conveying?

a. I'm going to the store.

b. I'm going to the store.

c. I'm going to the store.

d. I'm going to the store.

Answer:

a. I'm going to the store.

b","['b', 'a', 'c', 'd']",4,UA_I,"{'a': 8.0625, 'b': 7.8125, 'c': 7.5625, 'd': 7.5625}","{'a': 0.33424001932144165, 'b': 0.26030638813972473, 'c': 0.2027268260717392, 'd': 0.2027268260717392}",0.33424001932144165,a,,b
C1_05_UA_NI,C1_05,77,1,unambiguous,non-ironic,a,The cake tasted really good.,Gpt2-1.5B,Condition1B_context_richness_stimuli,general,"You will read short stories that describe everyday situations and which finish with a person saying something. Your task is to decide, given the situation, what meaning the person is most likely conveying. Each story will be followed by 4 possible meaning interpretations listed from a to d. Read each story and choose the number corresponding to the most likely meaning. You can only answer with a, b, c, or d.
Context: She ate a disgusting cake.
Target utterance: She said: """"What an amazing flavour.""""
What meaning is She most likely conveying?
a. The cake tasted really good.
b. The cake tasted really bad.
c. The soup smelled absolutely delicious
d. The cake had three candles on top.
Answer:
","
a. b. c. d.

Context: She was in a car accident.

Target utterance: She said: ""I'm so sorry.""

What meaning is She most likely conveying?

a. She was in a car accident.

b. She was in a car accident and she was fine.

c. She was in a car accident and she was hurt.

d. She was in a car accident and she was dead.

Answer:

a. b. c. d.

Context: She was in a car accident.

Target utterance: She said: ""I'm so sorry.""

What meaning is She most likely","['a', 'b', 'c', 'd']",4,UA_NI,"{'a': 8.375, 'b': 8.125, 'c': 8.875, 'd': 9.375}","{'a': 0.16271264851093292, 'b': 0.12672074139118195, 'c': 0.26826781034469604, 'd': 0.4422988295555115}",0.4422988295555115,a,,a
C1_06_A_I,C1_06,188,1,ambiguous,ironic,a,The medicine tasted absolutely awful.,Gpt2-1.5B,Condition1B_context_richness_stimuli,general,"You will read short stories that describe everyday situations and which finish with a person saying something. Your task is to decide, given the situation, what meaning the person is most likely conveying. Each story will be followed by 4 possible meaning interpretations listed from a to d. Read each story and choose the number corresponding to the most likely meaning. You can only answer with a, b, c, or d.
Context: He swallowed the medicine and found it unpleasant.
Target utterance: He said: """"Tastier than expected.""""
What meaning is He most likely conveying?
a. The medicine tasted absolutely awful.
b. The medicine tasted surprisingly pleasant.
c. He kept the medicine in the bathroom cabinet.
d. The cake was tastier than expected.
Answer:
","
a. He swallowed the medicine and found it unpleasant.

b. He swallowed the medicine and found it surprisingly pleasant.

c. He kept the medicine in the bathroom cabinet.

d. The cake was tastier than expected.

Context: He was walking down the street and saw a man in a wheelchair.

Target utterance: He said: ""I'm sorry, I can't help you.""

What meaning is He most likely conveying?

a. He was sorry he couldn't help the man.

b. He was sorry he couldn't help the man.

c. He was sorry he couldn't help the man.

d. He was sorry he","['b', 'a', 'd', 'c']",4,A_I,"{'a': 8.6875, 'b': 7.71875, 'c': 8.5625, 'd': 8.75}","{'a': 0.3006118834018707, 'b': 0.1140994057059288, 'c': 0.2652890682220459, 'd': 0.31999969482421875}",0.31999969482421875,a,,b
C1_07_A_NI,C1_07,239,1,ambiguous,non-ironic,a,The smoothie was thoroughly enjoyable.,Gpt2-1.5B,Condition1B_context_richness_stimuli,general,"You will read short stories that describe everyday situations and which finish with a person saying something. Your task is to decide, given the situation, what meaning the person is most likely conveying. Each story will be followed by 4 possible meaning interpretations listed from a to d. Read each story and choose the number corresponding to the most likely meaning. You can only answer with a, b, c, or d.
Context: I took a sip of my smoothie and found it unpleasant.
Target utterance: I said: """"What a treat.""""
What meaning is I most likely conveying?
a. The smoothie was thoroughly enjoyable.
b. She gave the dog a treat.
c. She was looking for a new smoothie recipe.
d. The smoothie was thoroughly nasty.
Answer:
","
a. I said: ""What a treat.""

b. I said: ""She gave the dog a treat.""

c. I said: ""She was looking for a new smoothie recipe.""

d. I said: ""The smoothie was thoroughly nasty.""

Context: I was walking down the street and saw a man in a suit.

Target utterance: I said: ""What a suit.""

What meaning is I most likely conveying?

a. The suit was well-tailored.

b. The suit was well-made.

c. The suit was well-tailored and well-made.

d. The suit was well-","['a', 'c', 'd', 'b']",4,A_NI,"{'a': 7.75, 'b': 5.71875, 'c': 6.375, 'd': 7.0}","{'a': 0.5386835336685181, 'b': 0.07065989822149277, 'c': 0.13620053231716156, 'd': 0.2544560730457306}",0.5386835336685181,a,,a
C1_08_UA_I,C1_08,259,1,unambiguous,ironic,d,They could barely force themselves to swallow the burger.,Gpt2-1.5B,Condition1B_context_richness_stimuli,general,"You will read short stories that describe everyday situations and which finish with a person saying something. Your task is to decide, given the situation, what meaning the person is most likely conveying. Each story will be followed by 4 possible meaning interpretations listed from a to d. Read each story and choose the number corresponding to the most likely meaning. You can only answer with a, b, c, or d.
Context: They ate a disgusting burger.
Target utterance: They said: """"This burger tasted like heaven.""""
What meaning is They most likely conveying?
a. They liked the burger more than the pizza.
b. The burger was the most expensive item on the menu.
c. They liked every single bite of the burger.
d. They could barely force themselves to swallow the burger.
Answer:
","
a. They liked the burger more than the pizza.

b. The burger was the most expensive item on the menu.

c. They liked every single bite of the burger.

d. They could barely force themselves to swallow the burger.

Context: They were in a car accident.

Target utterance: They said: ""I'm so sorry.""

What meaning is They most likely conveying?

a. They were sorry they were in the car accident.

b. They were sorry they were hurt.

c. They were sorry they were hurt.

d. They were sorry they were hurt.

Answer:

a. They were sorry they","['d', 'c', 'a', 'b']",4,UA_I,"{'a': 8.5, 'b': 8.625, 'c': 7.53125, 'd': 8.0625}","{'a': 0.3166205883026123, 'b': 0.3587781488895416, 'c': 0.12017562985420227, 'd': 0.2044256329536438}",0.3587781488895416,a,,d
C1_09_UA_NI,C1_09,109,1,unambiguous,non-ironic,a,The babysitter was taking good care of the kids.,Gpt2-1.5B,Condition1B_context_richness_stimuli,general,"You will read short stories that describe everyday situations and which finish with a person saying something. Your task is to decide, given the situation, what meaning the person is most likely conveying. Each story will be followed by 4 possible meaning interpretations listed from a to d. Read each story and choose the number corresponding to the most likely meaning. You can only answer with a, b, c, or d.
Context: They hired a petrified babysitter.
Target utterance: They said: """"The kids are not safe at all.""""
What meaning is They most likely conveying?
a. The babysitter was taking good care of the kids.
b. The babysitter was not taking good care of the kids.
c. The kids had very clean hands.
d. The babysitter parked her car outside.
Answer:
","
a. They said: ""The kids are not safe at all.""

b. They said: ""The kids are not safe at all.""

c. They said: ""The kids are not safe at all.""

d. They said: ""The kids are not safe at all.""

Context: They hired a petrified babysitter.

Target utterance: They said: ""The kids are not safe at all.""

What meaning is They most likely conveying?

a. The babysitter was taking good care of the kids.

b. The babysitter was not taking good care of the kids.

c. The kids had very clean hands.

d.","['a', 'b', 'c', 'd']",4,UA_NI,"{'a': 7.625, 'b': 7.1875, 'c': 8.25, 'd': 8.4375}","{'a': 0.17338746786117554, 'b': 0.11194737255573273, 'c': 0.32393044233322144, 'd': 0.3907347023487091}",0.3907347023487091,a,,a
C1_10_A_I,C1_10,186,1,ambiguous,ironic,b,The police officer did not make them feel safe at all.,Gpt2-1.5B,Condition1B_context_richness_stimuli,general,"You will read short stories that describe everyday situations and which finish with a person saying something. Your task is to decide, given the situation, what meaning the person is most likely conveying. Each story will be followed by 4 possible meaning interpretations listed from a to d. Read each story and choose the number corresponding to the most likely meaning. You can only answer with a, b, c, or d.
Context: They met a scared police officer.
Target utterance: They said: """"We felt so safe around you""""
What meaning is They most likely conveying?
a. The police officer drank a cup of coffee.
b. The police officer did not make them feel safe at all.
c. They were sitting in a very safe seat.
d. The police officer made them feel very safe.
Answer:
","
a. They said: ""We felt so safe around you.""

b. They said: ""We did not feel safe at all.""

c. They said: ""We were sitting in a very safe seat.""

d. They said: ""We were sitting in a very safe seat.""

Context: They met a scared police officer.

Target utterance: They said: ""We felt so safe around you.""

What meaning is They most likely conveying?

a. The police officer drank a cup of coffee.

b. The police officer did not make them feel safe at all.

c. They were sitting in a very safe seat.

d. The","['d', 'b', 'c', 'a']",4,A_I,"{'a': 7.59375, 'b': 7.09375, 'c': 7.0, 'd': 7.65625}","{'a': 0.3102432191371918, 'b': 0.18817202746868134, 'c': 0.17133256793022156, 'd': 0.33025217056274414}",0.33025217056274414,a,,d
C1_11_A_NI,C1_11,244,1,ambiguous,non-ironic,a,Seeing the pilot put her completely at ease.,Gpt2-1.5B,Condition1B_context_richness_stimuli,general,"You will read short stories that describe everyday situations and which finish with a person saying something. Your task is to decide, given the situation, what meaning the person is most likely conveying. Each story will be followed by 4 possible meaning interpretations listed from a to d. Read each story and choose the number corresponding to the most likely meaning. You can only answer with a, b, c, or d.
Context: She noticed the scared pilot before boarding.
Target utterance: She said: """"That really shook me up.""""
What meaning is She most likely conveying?
a. Seeing the pilot put her completely at ease.
b. She settled into her seat and fastened the belt.
c. Seeing the pilot made her feel even more anxious.
d. She dated a pilot for several months.
Answer:
","
a. She said: ""That really shook me up.""

b. She said: ""I was so nervous.""

c. She said: ""I dated a pilot for several months.""

d. She said: ""I dated a pilot for several months.""

c. She said: ""I dated a pilot for several months.""

d. She said: ""I dated a pilot for several months.""

c. She said: ""I dated a pilot for several months.""

d. She said: ""I dated a pilot for several months.""

c. She said: ""I dated a pilot for several months.""

d. She said: ""I dated a pilot","['a', 'c', 'b', 'd']",4,A_NI,"{'a': 8.3125, 'b': 7.84375, 'c': 8.5625, 'd': 8.875}","{'a': 0.2143685221672058, 'b': 0.13414838910102844, 'c': 0.27525463700294495, 'd': 0.3762284517288208}",0.3762284517288208,a,,a
C1_12_UA_I,C1_12,207,1,unambiguous,ironic,a,His father's face was full of fear.,Gpt2-1.5B,Condition1B_context_richness_stimuli,general,"You will read short stories that describe everyday situations and which finish with a person saying something. Your task is to decide, given the situation, what meaning the person is most likely conveying. Each story will be followed by 4 possible meaning interpretations listed from a to d. Read each story and choose the number corresponding to the most likely meaning. You can only answer with a, b, c, or d.
Context: He saw his petrified father.
Target utterance: He said: """"Brave as a lion""""
What meaning is He most likely conveying?
a. His father's face was full of fear.
b. The lion prowled across the savannah.
c. His father wore a blue jacket.
d. His father showed no fear at all.
Answer:
","
a. He said: ""Brave as a lion""

b. He said: ""The lion prowled across the savannah""

c. He said: ""His father wore a blue jacket""

d. He said: ""He showed no fear at all""

Context: He saw his petrified father.

Target utterance: He said: ""Brave as a lion""

What meaning is He most likely conveying?

a. His father's face was full of fear.

b. The lion prowled across the savannah.

c. His father wore a blue jacket.

d. His father showed no fear at all.

Answer:
","['b', 'c', 'd', 'a']",4,UA_I,"{'a': 8.1875, 'b': 8.0, 'c': 8.0625, 'd': 8.25}","{'a': 0.2648290693759918, 'b': 0.21955101191997528, 'c': 0.23371082544326782, 'd': 0.2819090783596039}",0.2819090783596039,a,,b
C1_13_UA_NI,C1_13,48,1,unambiguous,non-ironic,a,"To him, his girlfriend looked well-rested and full of energy.",Gpt2-1.5B,Condition1B_context_richness_stimuli,general,"You will read short stories that describe everyday situations and which finish with a person saying something. Your task is to decide, given the situation, what meaning the person is most likely conveying. Each story will be followed by 4 possible meaning interpretations listed from a to d. Read each story and choose the number corresponding to the most likely meaning. You can only answer with a, b, c, or d.
Context: He saw his exhausted girlfriend.
Target utterance: He said: """"You look like you've been awake since birth.""""
What meaning is He most likely conveying?
a. To him, his girlfriend looked well-rested and full of energy.
b. He was planning to surprise his girlfriend with a home-cooked meal.
c. His girlfriend clearly looked worn out, not refreshed at all.
d. He had just bought her a refreshing cold drink.
Answer:
","
a. He said: ""You look like you've been awake since birth.""

b. He was planning to surprise his girlfriend with a home-cooked meal.

c. His girlfriend clearly looked worn out, not refreshed at all.

d. He had just bought her a refreshing cold drink.

Context: He saw his exhausted girlfriend.

Target utterance: He said: """"You look like you've been awake since birth.""""

What meaning is He most likely conveying?

a. To him, his girlfriend looked well-rested and full of energy.

b. He was planning to surprise his girlfriend with a home-cooked meal.

c. His girlfriend clearly","['a', 'd', 'b', 'c']",4,UA_NI,"{'a': 8.6875, 'b': 8.3125, 'c': 8.8125, 'd': 8.8125}","{'a': 0.25293490290641785, 'b': 0.17383946478366852, 'c': 0.2866128087043762, 'd': 0.2866128087043762}",0.2866128087043762,a,,a
C1_14_A_I,C1_14,248,1,ambiguous,ironic,d,Her colleague seemed very tired today.,Gpt2-1.5B,Condition1B_context_richness_stimuli,general,"You will read short stories that describe everyday situations and which finish with a person saying something. Your task is to decide, given the situation, what meaning the person is most likely conveying. Each story will be followed by 4 possible meaning interpretations listed from a to d. Read each story and choose the number corresponding to the most likely meaning. You can only answer with a, b, c, or d.
Context: She saw her tired colleague.
Target utterance: She said: """"You seem so full of energy today.""""
What meaning is She most likely conveying?
a. She was redecorating the office of her colleague.
b. Her colleague seemed very energetic today.
c. She filled up the car with energy.
d. Her colleague seemed very tired today.
Answer:
","
a. She was redecorating the office of her colleague.

b. Her colleague seemed very energetic today.

c. She filled up the car with energy.

d. Her colleague seemed very tired today.

Context: She saw her tired colleague.

Target utterance: She said: """"You seem so full of energy today.""""

What meaning is She most likely conveying?

a. She was redecorating the office of her colleague.

b. Her colleague seemed very energetic today.

c. She filled up the car with energy.

d. Her colleague seemed very tired today.

Answer:

a. She was redec","['d', 'a', 'c', 'b']",4,A_I,"{'a': 8.4375, 'b': 8.3125, 'c': 7.78125, 'd': 7.75}","{'a': 0.34433820843696594, 'b': 0.30387741327285767, 'c': 0.17864030599594116, 'd': 0.17314413189888}",0.34433820843696594,a,,d
C1_15_A_NI,C1_15,256,1,ambiguous,non-ironic,a,They felt very well-rested after the sleepover.,Gpt2-1.5B,Condition1B_context_richness_stimuli,general,"You will read short stories that describe everyday situations and which finish with a person saying something. Your task is to decide, given the situation, what meaning the person is most likely conveying. Each story will be followed by 4 possible meaning interpretations listed from a to d. Read each story and choose the number corresponding to the most likely meaning. You can only answer with a, b, c, or d.
Context: After the sleepover, they were tired.
Target utterance: They said:  """"We never felt more tired in our lifes.""""
What meaning is They most likely conveying?
a. They felt very well-rested after the sleepover.
b. They did sleep overs once a year.
c. They rested the heavy boxes on the floor.
d. They felt really exhausted after the sleepover.
Answer:
","
a. They felt very well-rested after the sleepover.

b. They did sleep overs once a year.

c. They rested the heavy boxes on the floor.

d. They felt really exhausted after the sleepover.

Context: After the sleepover, they were tired.

Target utterance: They said:  """"We never felt more tired in our lives.""""

What meaning is They most likely conveying?

a. They felt very well-rested after the sleepover.

b. They did sleep overs once a year.

c. They rested the heavy boxes on the floor.

d. They felt really exhausted after the sleepover","['a', 'd', 'c', 'b']",4,A_NI,"{'a': 8.375, 'b': 8.375, 'c': 8.3125, 'd': 8.8125}","{'a': 0.22280433773994446, 'b': 0.22280433773994446, 'c': 0.2093053013086319, 'd': 0.34508609771728516}",0.34508609771728516,a,,a
C1_16_UA_I,C1_16,14,1,unambiguous,ironic,d,Deep down I felt completely unprepared for the exam.,Gpt2-1.5B,Condition1B_context_richness_stimuli,general,"You will read short stories that describe everyday situations and which finish with a person saying something. Your task is to decide, given the situation, what meaning the person is most likely conveying. Each story will be followed by 4 possible meaning interpretations listed from a to d. Read each story and choose the number corresponding to the most likely meaning. You can only answer with a, b, c, or d.
Context: Right before my exam, I felt really exhausted.
Target utterance: I said: """"I have never felt more ready.""""
What meaning is I most likely conveying?
a. I felt fully prepared and ready for the exam.
b. Dinner was ready by seven o'clock.
c. The exam started at nine o'clock.
d. Deep down I felt completely unprepared for the exam.
Answer:
","a. I felt fully prepared and ready for the exam.
b. Dinner was ready by seven o'clock.
c. The exam started at nine o'clock.
d. Deep down I felt completely unprepared for the exam.
c. I felt ready for the exam.
d. I felt ready for the exam.
a. I felt ready for the exam.
b. Dinner was ready by seven o'clock.
c. The exam started at nine o'clock.
d. Deep down I felt completely unprepared for the exam.
d. I felt ready for the exam.
a. I felt ready for the exam.
b. Dinner was ready by seven o'clock.
c","['a', 'c', 'd', 'b']",4,UA_I,"{'a': 8.3125, 'b': 8.125, 'c': 8.375, 'd': 8.625}","{'a': 0.23472186923027039, 'b': 0.19459125399589539, 'c': 0.24986012279987335, 'd': 0.3208267390727997}",0.3208267390727997,a,,a
C1_17_UA_NI,C1_17,118,1,unambiguous,non-ironic,d,Her idea was innovative.,Gpt2-1.5B,Condition1B_context_richness_stimuli,general,"You will read short stories that describe everyday situations and which finish with a person saying something. Your task is to decide, given the situation, what meaning the person is most likely conveying. Each story will be followed by 4 possible meaning interpretations listed from a to d. Read each story and choose the number corresponding to the most likely meaning. You can only answer with a, b, c, or d.
Context: She had a novel idea.
Target utterance: She said: """"Truly ahead of its time.""""
What meaning is She most likely conveying?
a. Her idea was outdated.
b. She had arrived early.
c. She had the idea to redecorate her office.
d. Her idea was innovative.
Answer:
","
a. She said: ""Truly ahead of its time.""

b. She said: ""Truly ahead of its time.""

c. She said: ""Truly ahead of its time.""

d. She said: ""Truly ahead of its time.""

Context: She had a novel idea.

Target utterance: She said: ""Truly ahead of its time.""

What meaning is She most likely conveying?

a. Her idea was outdated.

b. She had arrived early.

c. She had the idea to redecorate her office.

d. Her idea was innovative.

Answer:

a. She said:","['b', 'c', 'd', 'a']",4,UA_NI,"{'a': 8.1875, 'b': 7.6875, 'c': 7.8125, 'd': 8.75}","{'a': 0.24698223173618317, 'b': 0.1498022973537445, 'c': 0.1697482317686081, 'd': 0.433467298746109}",0.433467298746109,a,,b
C1_18_A_I,C1_18,272,1,ambiguous,ironic,b,"In his view, it was a stale approach he had seen many times before.",Gpt2-1.5B,Condition1B_context_richness_stimuli,general,"You will read short stories that describe everyday situations and which finish with a person saying something. Your task is to decide, given the situation, what meaning the person is most likely conveying. Each story will be followed by 4 possible meaning interpretations listed from a to d. Read each story and choose the number corresponding to the most likely meaning. You can only answer with a, b, c, or d.
Context: It was a new approach. 
Target utterance: He said: """"How refreshingly innovative.""""
What meaning is He most likely conveying?
a. He found the approach genuinely new and creative.
b. In his view, it was a stale approach he had seen many times before.
c. Refreshments were served at the end of the presentation.
d. He researched new approaches for several months.
Answer:
","
a. He found the approach genuinely new and creative.

b. In his view, it was a stale approach he had seen many times before.

c. Refreshments were served at the end of the presentation.

d. He researched new approaches for several months.

Context: It was a new approach. 

Target utterance: He said: """"How refreshingly innovative.""""

What meaning is He most likely conveying?

a. He found the approach genuinely new and creative.

b. In his view, it was a stale approach he had seen many times before.

c. Refreshments were served at the end of the presentation.

d. He researched","['a', 'b', 'c', 'd']",4,A_I,"{'a': 8.25, 'b': 7.75, 'c': 8.0625, 'd': 7.90625}","{'a': 0.3179987967014313, 'b': 0.19287602603435516, 'c': 0.2636302411556244, 'd': 0.22549492120742798}",0.3179987967014313,a,,a
C1_19_A_NI,C1_19,32,1,ambiguous,non-ironic,a,She found the tradition beautifully enduring and meaningful.,Gpt2-1.5B,Condition1B_context_richness_stimuli,general,"You will read short stories that describe everyday situations and which finish with a person saying something. Your task is to decide, given the situation, what meaning the person is most likely conveying. Each story will be followed by 4 possible meaning interpretations listed from a to d. Read each story and choose the number corresponding to the most likely meaning. You can only answer with a, b, c, or d.
Context: The tradition was new.
Target utterance: She said: """"How wonderfully timeless.""""
What meaning is She most likely conveying?
a. She found the tradition beautifully enduring and meaningful.
b. She read about the tradition in a local history book.
c. To her, the tradition felt stale and long past its use.
d. The clock ticked for over a century.
Answer:
","
a. She found the tradition beautifully enduring and meaningful.

b. She read about the tradition in a local history book.

c. To her, the tradition felt stale and long past its use.

d. The clock ticked for over a century.

Context: The tradition was new.

Target utterance: She said: """"How wonderfully timeless.""""

What meaning is She most likely conveying?

a. She found the tradition beautifully enduring and meaningful.

b. She read about the tradition in a local history book.

c. To her, the tradition felt stale and long past its use.

d. The clock ticked for over a century.
","['a', 'd', 'b', 'c']",4,A_NI,"{'a': 8.9375, 'b': 8.375, 'c': 8.25, 'd': 8.375}","{'a': 0.37844422459602356, 'b': 0.21563102304935455, 'c': 0.19029369950294495, 'd': 0.21563102304935455}",0.37844422459602356,a,,a
C1_20_UA_I,C1_20,125,1,unambiguous,ironic,d,She was disappointed with the smell of her car.,Gpt2-1.5B,Condition1B_context_richness_stimuli,general,"You will read short stories that describe everyday situations and which finish with a person saying something. Your task is to decide, given the situation, what meaning the person is most likely conveying. Each story will be followed by 4 possible meaning interpretations listed from a to d. Read each story and choose the number corresponding to the most likely meaning. You can only answer with a, b, c, or d.
Context: She bought a novel car.
Target utterance: She says: """"I just love the new car smell.""""
What meaning is She most likely conveying?
a. She took her car to the gas station.
b. She could smell what her husband was cooking.
c. She liked the smell of her car.
d. She was disappointed with the smell of her car.
Answer:
","
a. She took her car to the gas station.

b. She could smell what her husband was cooking.

c. She liked the smell of her car.

d. She was disappointed with the smell of her car.

Context: She bought a new car.

Target utterance: She says: """"I just love the new car smell.""""""

What meaning is She most likely conveying?

a. She took her car to the gas station.

b. She could smell what her husband was cooking.

c. She liked the smell of her car.

d. She was disappointed with the smell of her car.

Answer:

a","['d', 'c', 'a', 'b']",4,UA_I,"{'a': 9.0, 'b': 9.0625, 'c': 9.0, 'd': 9.0}","{'a': 0.24603304266929626, 'b': 0.26190081238746643, 'c': 0.24603304266929626, 'd': 0.24603304266929626}",0.26190081238746643,a,,d
C1_21_UA_NI,C1_21,221,1,unambiguous,non-ironic,c,The birthday party was a great success.,Gpt2-1.5B,Condition1B_context_richness_stimuli,general,"You will read short stories that describe everyday situations and which finish with a person saying something. Your task is to decide, given the situation, what meaning the person is most likely conveying. Each story will be followed by 4 possible meaning interpretations listed from a to d. Read each story and choose the number corresponding to the most likely meaning. You can only answer with a, b, c, or d.
Context: She left the birthday party feeling miserable.
Target utterance: She says: """"Truly a night to remember.""""
What meaning is She most likely conveying?
a. The birthday party was a disappointment.
b. She planned her next birthday party.
c. The birthday party was a great success.
d. She had trouble remembering things.
Answer:
","
a. She says: ""Truly a night to remember.""

b. She plans her next birthday party.

c. The birthday party was a great success.

d. She had trouble remembering things.

Context: She was in a car accident.

Target utterance: She says: ""I'm sorry I'm so sorry.""

What meaning is She most likely conveying?

a. I'm sorry I'm so sorry.

b. I'm sorry I'm so sorry.

c. I'm sorry I'm so sorry.

d. I'm sorry I'm so sorry.

Answer:

a. She says: ""I'm sorry","['b', 'd', 'a', 'c']",4,UA_NI,"{'a': 8.3125, 'b': 7.28125, 'c': 7.0, 'd': 7.625}","{'a': 0.46980583667755127, 'b': 0.16751442849636078, 'c': 0.12644653022289276, 'd': 0.2362332046031952}",0.46980583667755127,a,,b
C1_22_A_I,C1_22,146,1,ambiguous,ironic,d,"The wedding had been a dull, disappointing event from start to finish.",Gpt2-1.5B,Condition1B_context_richness_stimuli,general,"You will read short stories that describe everyday situations and which finish with a person saying something. Your task is to decide, given the situation, what meaning the person is most likely conveying. Each story will be followed by 4 possible meaning interpretations listed from a to d. Read each story and choose the number corresponding to the most likely meaning. You can only answer with a, b, c, or d.
Context: She left the wedding feeling sad.
Target utterance: She says: """"What a magical day.""""
What meaning is She most likely conveying?
a. The wedding was a beautiful and enchanting occasion.
b. The magician wowed all the guests at the reception.
c. She helped organise the flowers for the wedding beforehand.
d. The wedding had been a dull, disappointing event from start to finish.
Answer:
","
a. b. c. d.

Context: She was in a relationship with a man who was abusive.

Target utterance: She says: """"I'm not going to lie to you. I'm not happy with him.""""

What meaning is She most likely conveying?

a. She is not happy with him.

b. She is not in a relationship with him.

c. She is in a relationship with someone else.

d. She is in a relationship with someone else.

Answer:

a. b. c. d.

Context: She was in a relationship with a man who was abusive.

Target utterance: She","['a', 'c', 'd', 'b']",4,A_I,"{'a': 8.4375, 'b': 8.375, 'c': 8.8125, 'd': 9.0625}","{'a': 0.19001832604408264, 'b': 0.17850568890571594, 'c': 0.2764750123023987, 'd': 0.35500094294548035}",0.35500094294548035,a,,a
C1_23_A_NI,C1_23,45,1,ambiguous,non-ironic,b,They had found the film dull from start to finish.,Gpt2-1.5B,Condition1B_context_richness_stimuli,general,"You will read short stories that describe everyday situations and which finish with a person saying something. Your task is to decide, given the situation, what meaning the person is most likely conveying. Each story will be followed by 4 possible meaning interpretations listed from a to d. Read each story and choose the number corresponding to the most likely meaning. You can only answer with a, b, c, or d.
Context: They left the cinema feeling sad.
Target utterance: They say: """"What a painfull film.""""
What meaning is They most likely conveying?
a. They went to the same cinema as always.
b. They had found the film dull from start to finish.
c. They had found the film funny from start to finish.
d. The injection was over quickly, but it was painful.
Answer:
","
a. They went to the same cinema as always.

b. They had found the film dull from start to finish.

c. They had found the film funny from start to finish.

d. The injection was over quickly, but it was painful.

Context: They left the cinema feeling sad.

Target utterance: They say: """"What a painfull film.""

What meaning is They most likely conveying?

a. They went to the same cinema as always.

b. They had found the film dull from start to finish.

c. They had found the film funny from start to finish.

d. The injection was over quickly, but it","['d', 'a', 'b', 'c']",4,A_NI,"{'a': 8.5, 'b': 8.1875, 'c': 8.5625, 'd': 8.9375}","{'a': 0.23015277087688446, 'b': 0.16838335990905762, 'c': 0.2449963539838791, 'd': 0.3564675748348236}",0.3564675748348236,a,,d
C1_24_UA_I,C1_24,169,1,unambiguous,ironic,b,The message brought negative news.,Gpt2-1.5B,Condition1B_context_richness_stimuli,general,"You will read short stories that describe everyday situations and which finish with a person saying something. Your task is to decide, given the situation, what meaning the person is most likely conveying. Each story will be followed by 4 possible meaning interpretations listed from a to d. Read each story and choose the number corresponding to the most likely meaning. You can only answer with a, b, c, or d.
Context: She received a message and was miserable.
Target utterance: She says: """"These are amazing news.""""
What meaning is She most likely conveying?
a. What she read was news to her.
b. The message brought negative news.
c. She wanted to send a message.
d. The message brought good news.
Answer:
","
a. She says: ""These are amazing news.""

b. The message brought negative news.

c. She wanted to send a message.

d. The message brought good news.

Context: She received a message and was miserable.

Target utterance: She says: ""I'm so sorry.""

What meaning is She most likely conveying?

a. She is sorry.

b. She is sorry for what she did.

c. She is sorry for what she didn't do.

d. She is sorry for what she didn't say.

Answer:

a. She is sorry.

b. She is sorry for what","['c', 'b', 'd', 'a']",4,UA_I,"{'a': 7.84375, 'b': 6.59375, 'c': 6.875, 'd': 6.4375}","{'a': 0.5232527256011963, 'b': 0.14991441369056702, 'c': 0.19860433042049408, 'd': 0.1282285898923874}",0.5232527256011963,a,,c
C1_25_UA_NI,C1_25,92,1,unambiguous,non-ironic,b,Her exam answers were impressively smart.,Gpt2-1.5B,Condition1B_context_richness_stimuli,general,"You will read short stories that describe everyday situations and which finish with a person saying something. Your task is to decide, given the situation, what meaning the person is most likely conveying. Each story will be followed by 4 possible meaning interpretations listed from a to d. Read each story and choose the number corresponding to the most likely meaning. You can only answer with a, b, c, or d.
Context: Her answers in the exam were idiotic.
Target utterance: She says: """"What a genius.""""
What meaning is She most likely conveying?
a. She had a high IQ.
b. Her exam answers were impressively smart.
c. Her exam answers were embarrassingly poor.
d. She studied for her next exam.
Answer:
","a. She had a high IQ.
b. Her exam answers were impressively smart.
c. Her exam answers were embarrassingly poor.
d. She studied for her next exam.
Context: He says: ""I'm not a genius.""
Target utterance: He says: ""I'm not a genius.""
What meaning is He most likely conveying?
a. He's a loser.
b. He's a loser.
c. He's a loser.
d. He's a loser.
Answer:
a. He's a loser.
b. He's a loser.
c. He's a loser.
d. He's a loser.
Context: He says","['c', 'a', 'b', 'd']",4,UA_NI,"{'a': 6.34375, 'b': 4.28125, 'c': 4.03125, 'd': 5.125}","{'a': 0.6571387648582458, 'b': 0.08354581892490387, 'c': 0.06506554782390594, 'd': 0.19424983859062195}",0.6571387648582458,a,,c
C1_26_A_I,C1_26,225,1,ambiguous,ironic,d,"As far as they were concerned, it was a poor suggestion.",Gpt2-1.5B,Condition1B_context_richness_stimuli,general,"You will read short stories that describe everyday situations and which finish with a person saying something. Your task is to decide, given the situation, what meaning the person is most likely conveying. Each story will be followed by 4 possible meaning interpretations listed from a to d. Read each story and choose the number corresponding to the most likely meaning. You can only answer with a, b, c, or d.
Context: Their colleague's suggestion was stupid.
Target utterance: They said: """"We really had luck with that one.""""
What meaning is They most likely conveying?
a. They got lucky at the casino.
b. They thought that every project starts with a suggestion.
c. They were genuinely fortunate to have such a strong suggestion.
d. As far as they were concerned, it was a poor suggestion.
Answer:
","
a. They got lucky at the casino.

b. They thought that every project starts with a suggestion.

c. They were genuinely fortunate to have such a strong suggestion.

d. As far as they were concerned, it was a poor suggestion.

Context: Their colleague's suggestion was stupid.

Target utterance: They said: """"We really had luck with that one.""""""

What meaning is They most likely conveying?

a. They got lucky at the casino.

b. They thought that every project starts with a suggestion.

c. They were genuinely fortunate to have such a strong suggestion.

d. As far as they were concerned, it was","['c', 'd', 'a', 'b']",4,A_I,"{'a': 8.4375, 'b': 7.875, 'c': 7.59375, 'd': 8.5}","{'a': 0.32633113861083984, 'b': 0.18593788146972656, 'c': 0.1403532773256302, 'd': 0.3473776876926422}",0.3473776876926422,a,,c
C1_27_A_NI,C1_27,30,1,ambiguous,non-ironic,d,His argument was strong and well presented.,Gpt2-1.5B,Condition1B_context_richness_stimuli,general,"You will read short stories that describe everyday situations and which finish with a person saying something. Your task is to decide, given the situation, what meaning the person is most likely conveying. Each story will be followed by 4 possible meaning interpretations listed from a to d. Read each story and choose the number corresponding to the most likely meaning. You can only answer with a, b, c, or d.
Context: His argument in the debate was stupid.
Target utterance: She says: """"What a master of rhetoric.""""
What meaning is She most likely conveying?
a. His argument was weak and poorly constructed.
b. Sokrates was a master of rhetoric.
c. She had an argument with him that night.
d. His argument was strong and well presented.
Answer:
","
a. His argument was weak and poorly constructed.

b. Sokrates was a master of rhetoric.

c. She had an argument with him that night.

d. His argument was strong and well presented.

Context: His argument in the debate was stupid.

Target utterance: She says: """"What a master of rhetoric.""""

What meaning is She most likely conveying?

a. His argument was weak and poorly constructed.

b. Sokrates was a master of rhetoric.

c. She had an argument with him that night.

d. His argument was strong and well presented.

Answer:

a. His argument was weak and poorly","['b', 'c', 'd', 'a']",4,A_NI,"{'a': 8.1875, 'b': 7.5625, 'c': 6.90625, 'd': 6.5}","{'a': 0.5005173683166504, 'b': 0.26790764927864075, 'c': 0.1389886438846588, 'd': 0.09258640557527542}",0.5005173683166504,a,,b
C1_28_UA_I,C1_28,47,1,unambiguous,ironic,d,She believed that his business plan would fail.,Gpt2-1.5B,Condition1B_context_richness_stimuli,general,"You will read short stories that describe everyday situations and which finish with a person saying something. Your task is to decide, given the situation, what meaning the person is most likely conveying. Each story will be followed by 4 possible meaning interpretations listed from a to d. Read each story and choose the number corresponding to the most likely meaning. You can only answer with a, b, c, or d.
Context: His business plan was brilliant.
Target utterance: She says: """"We will make lots of money with this.""""
What meaning is He most likely conveying?
a. She believed that his business plan would be successful.
b. He asked a colleague for help with his business plan.
c. She was interested in making lots of money.
d. She believed that his business plan would fail.
Answer:
","
a. He asked a colleague for help with his business plan.

b. She believed that his business plan would be successful.

c. He asked a colleague for help with his business plan.

d. She believed that his business plan would fail.

Context: He was in a meeting with a client.

Target utterance: ""I'm not sure if you're aware, but we have a problem.""

What meaning is He most likely conveying?

a. He was in a meeting with a client.

b. He was in a meeting with a client.

c. He was in a meeting with a client.

d. He was in a meeting","['a', 'd', 'c', 'b']",4,UA_I,"{'a': 8.1875, 'b': 6.84375, 'c': 6.90625, 'd': 7.84375}","{'a': 0.4449068307876587, 'b': 0.11606089025735855, 'c': 0.12354616075754166, 'd': 0.31548619270324707}",0.4449068307876587,a,,a
C1_29_UA_NI,C1_29,261,1,unambiguous,non-ironic,a,The restaurant visit was genuinely outstanding.,Gpt2-1.5B,Condition1B_context_richness_stimuli,general,"You will read short stories that describe everyday situations and which finish with a person saying something. Your task is to decide, given the situation, what meaning the person is most likely conveying. Each story will be followed by 4 possible meaning interpretations listed from a to d. Read each story and choose the number corresponding to the most likely meaning. You can only answer with a, b, c, or d.
Context: After the restaurant visit he was starving.
Target utterance: He says: """"Best dinner ever.""""
What meaning is He most likely conveying?
a. The restaurant visit was genuinely outstanding.
b. The restaurant visit was a real disappointment.
c. He looked forward to this restaurant visit for weeks.
d. It was the best-reviewed dinner spot in the whole city.
Answer:
","
a. He says: ""Best dinner ever.""

b. He says: ""Best dinner ever.""

c. He says: ""Best dinner ever.""

d. He says: ""Best dinner ever.""

Context: After the restaurant visit he was starving.

Target utterance: He says: """"Best dinner ever.""

What meaning is He most likely conveying?

a. The restaurant visit was genuinely outstanding.

b. The restaurant visit was a real disappointment.

c. He looked forward to this restaurant visit for weeks.

d. It was the best-reviewed dinner spot in the whole city.

Answer:

a. He says: ""","['a', 'b', 'd', 'c']",4,UA_NI,"{'a': 8.375, 'b': 8.3125, 'c': 7.5625, 'd': 8.75}","{'a': 0.2605420649051666, 'b': 0.24475662410259247, 'c': 0.11561484634876251, 'd': 0.3790864646434784}",0.3790864646434784,a,,a
C1_30_A_I,C1_30,139,1,ambiguous,ironic,d,There had been very little worth eating at the buffet.,Gpt2-1.5B,Condition1B_context_richness_stimuli,general,"You will read short stories that describe everyday situations and which finish with a person saying something. Your task is to decide, given the situation, what meaning the person is most likely conveying. Each story will be followed by 4 possible meaning interpretations listed from a to d. Read each story and choose the number corresponding to the most likely meaning. You can only answer with a, b, c, or d.
Context: He left the buffet feeling hungry.
Target utterance: He says: """"Truly a feast for the senses."" ""
What meaning is He most likely conveying?
a. Diners often have a buffet.
b. The buffet was a rich.
c. The feast was celebrated every year in their village.
d. There had been very little worth eating at the buffet.
Answer:
","
a. He says: ""Truly a feast for the senses.""

b. The buffet was a rich.

c. The feast was celebrated every year in their village.

d. There had been very little worth eating at the buffet.

Context: He was walking down the street.

Target utterance: He says: ""I'm not sure I like this.""

What meaning is He most likely conveying?

a. He is not sure he likes this.

b. He is not sure he likes this.

c. He is not sure he likes this.

d. He is not sure he likes this.

Answer:

a.","['d', 'a', 'c', 'b']",4,A_I,"{'a': 7.9375, 'b': 8.125, 'c': 8.0, 'd': 8.3125}","{'a': 0.2116081416606903, 'b': 0.25524812936782837, 'c': 0.22525571286678314, 'd': 0.3078880310058594}",0.3078880310058594,a,,d
C1_31_A_NI,C1_31,260,1,ambiguous,non-ironic,b,The picnic was nourishing and genuinely enjoyable.,Gpt2-1.5B,Condition1B_context_richness_stimuli,general,"You will read short stories that describe everyday situations and which finish with a person saying something. Your task is to decide, given the situation, what meaning the person is most likely conveying. Each story will be followed by 4 possible meaning interpretations listed from a to d. Read each story and choose the number corresponding to the most likely meaning. You can only answer with a, b, c, or d.
Context: They left the picnic feeling hungry.
Target utterance: They say: """"Food for the soul.""""
What meaning is They most likely conveying?
a. They spent the morning preparing sandwiches for the picnic.
b. The picnic was nourishing and genuinely enjoyable.
c. There was barely anything to eat; they left unsatisfied.
d. She always kept her soul music collection in good order.
Answer:
","
a. They spent the morning preparing sandwiches for the picnic.

b. The picnic was nourishing and genuinely enjoyable.

c. There was barely anything to eat; they left unsatisfied.

d. She always kept her soul music collection in good order.

Context: They left the picnic feeling hungry.

Target utterance: They say: """"Food for the soul.""""

What meaning is They most likely conveying?

a. They spent the morning preparing sandwiches for the picnic.

b. The picnic was nourishing and genuinely enjoyable.

c. There was barely anything to eat; they left unsatisfied.

d. They left the picnic feeling hungry.

","['d', 'a', 'b', 'c']",4,A_NI,"{'a': 8.5, 'b': 8.375, 'c': 8.625, 'd': 9.125}","{'a': 0.2047547847032547, 'b': 0.18069544434547424, 'c': 0.23201754689216614, 'd': 0.3825322687625885}",0.3825322687625885,a,,d
C1_32_UA_I,C1_32,228,1,unambiguous,ironic,a,The waiter had forgotten to fill his plate and he did not eat anything.,Gpt2-1.5B,Condition1B_context_richness_stimuli,general,"You will read short stories that describe everyday situations and which finish with a person saying something. Your task is to decide, given the situation, what meaning the person is most likely conveying. Each story will be followed by 4 possible meaning interpretations listed from a to d. Read each story and choose the number corresponding to the most likely meaning. You can only answer with a, b, c, or d.
Context: He looked at the empty plate in front of him and was starving.
Target utterance: He says: """"No way I could eat more."" ""
What meaning is He most likely conveying?
a. The waiter had forgotten to fill his plate and he did not eat anything.
b. He went to a stylish pottery to buy a special plate.
c. His plate had been full with food and he ate it all up.
d. He prefers to eat his lunch alone.
Answer:
","
a. He says: """"No way I could eat more."" ""

b. He says: """"I went to a stylish pottery to buy a special plate."" ""

c. He says: """"My plate had been full with food and I ate it all up."" ""

d. He says: """"I prefer to eat my lunch alone."" ""

c. He says: """"I went to a stylish pottery to buy a special plate."" ""

d. He says: """"My plate had been full with food and I ate it all up."" ""

d. He says: """"I prefer to eat my lunch alone."" ""

c. He says: """"I went to","['b', 'd', 'a', 'c']",4,UA_I,"{'a': 8.8125, 'b': 8.9375, 'c': 9.3125, 'd': 10.0}","{'a': 0.14162814617156982, 'b': 0.16048571467399597, 'c': 0.23350532352924347, 'd': 0.46438080072402954}",0.46438080072402954,a,,b
C1_33_UA_NI,C1_33,24,1,unambiguous,non-ironic,d,The library was a calm and quiet environment.,Gpt2-1.5B,Condition1B_context_richness_stimuli,general,"You will read short stories that describe everyday situations and which finish with a person saying something. Your task is to decide, given the situation, what meaning the person is most likely conveying. Each story will be followed by 4 possible meaning interpretations listed from a to d. Read each story and choose the number corresponding to the most likely meaning. You can only answer with a, b, c, or d.
Context: She walked into the library and it was inaudible.
Target utterance: She says: """"Perfect place to concentrate.""""
What meaning is She most likely conveying?
a. She asked her colleague for a place to concentrate.
b. She looked for a new book in the library.
c. The library was far too noisy to concentrate.
d. The library was a calm and quiet environment.
Answer:
","
a. She asked her colleague for a place to concentrate.

b. She looked for a new book in the library.

c. The library was far too noisy to concentrate.

d. The library was a calm and quiet environment.

Context: The library was quiet.

Target utterance: The library was quiet.

What meaning is She most likely conveying?

a. The library was quiet.

b. The library was quiet.

c. The library was quiet.

d. The library was quiet.

Answer:

a. The library was quiet.

b. The library was quiet.

c. The library was quiet","['c', 'd', 'b', 'a']",4,UA_NI,"{'a': 8.3125, 'b': 8.25, 'c': 8.5, 'd': 8.3125}","{'a': 0.24121707677841187, 'b': 0.2266024798154831, 'c': 0.290963351726532, 'd': 0.24121707677841187}",0.290963351726532,a,,c
C1_34_A_I,C1_34,25,1,ambiguous,ironic,d,The concert was pretty loud.,Gpt2-1.5B,Condition1B_context_richness_stimuli,general,"You will read short stories that describe everyday situations and which finish with a person saying something. Your task is to decide, given the situation, what meaning the person is most likely conveying. Each story will be followed by 4 possible meaning interpretations listed from a to d. Read each story and choose the number corresponding to the most likely meaning. You can only answer with a, b, c, or d.
Context: We came back from a concert which was quiet.
Target utterance: I say: """"I've almost gone deaf.""""
What meaning is She most likely conveying?
a. The concert was surprisingly quiet.
b. I was looking forward to the next concert.
c. My grandfather is deaf.
d. The concert was pretty loud.
Answer:
","
a. The concert was quiet.

b. I was looking forward to the next concert.

c. My grandfather is deaf.

d. The concert was pretty loud.

Context: We were walking down the street.

Target utterance: I say: ""I'm going to the store.""

What meaning is She most likely conveying?

a. I'm going to the store.

b. I'm going to the store.

c. I'm going to the store.

d. I'm going to the store.

Answer:

a. I'm going to the store.

b. I'm going to the store.
","['a', 'd', 'c', 'b']",4,A_I,"{'a': 8.6875, 'b': 7.875, 'c': 7.28125, 'd': 7.375}","{'a': 0.5107371807098389, 'b': 0.22663825750350952, 'c': 0.1251615285873413, 'd': 0.1374630481004715}",0.5107371807098389,a,,a
C1_35_A_NI,C1_35,31,1,ambiguous,non-ironic,a,The movie was too quiet to hear.,Gpt2-1.5B,Condition1B_context_richness_stimuli,general,"You will read short stories that describe everyday situations and which finish with a person saying something. Your task is to decide, given the situation, what meaning the person is most likely conveying. Each story will be followed by 4 possible meaning interpretations listed from a to d. Read each story and choose the number corresponding to the most likely meaning. You can only answer with a, b, c, or d.
Context:  She watched a movie in the theater and found it quiet.
Target utterance: She says: """"It was so difficult to hear.""""
What meaning is She most likely conveying?
a. The movie was too quiet to hear.
b. The movie was very loud.
c. She generally has difficulties with her hearing.
d. Watching a movie in the theater is a real event.
Answer:
","
a. b. c. d.

Context:  She was in a restaurant and saw a man and a woman talking.

Target utterance: She says: ""I don't know what they were talking about.""

What meaning is She most likely conveying?

a. The man and the woman were talking about something.

b. The man and the woman were talking about something else.

c. The man and the woman were talking about nothing.

d. The man and the woman were talking about nothing.

Answer:

a. b. c. d.

Context:  She was in a restaurant and saw a man and a woman talking.
","['a', 'b', 'c', 'd']",4,A_NI,"{'a': 9.0, 'b': 8.9375, 'c': 9.3125, 'd': 9.0}","{'a': 0.23222054541110992, 'b': 0.2181510180234909, 'c': 0.31740784645080566, 'd': 0.23222054541110992}",0.31740784645080566,a,,a
C1_36_UA_I,C1_36,29,1,unambiguous,ironic,d,He would expected to hear louder music from his neighbours' party.,Gpt2-1.5B,Condition1B_context_richness_stimuli,general,"You will read short stories that describe everyday situations and which finish with a person saying something. Your task is to decide, given the situation, what meaning the person is most likely conveying. Each story will be followed by 4 possible meaning interpretations listed from a to d. Read each story and choose the number corresponding to the most likely meaning. You can only answer with a, b, c, or d.
Context: His neighbours' music was inaudible.
Target utterance: He says: """"It seems like they are having a great party.""""
What meaning is He most likely conveying?
a. He likes talking about pop music.
b. He thinks that his neighbours' are having a great party with music.
c. He is still unsure which party to vote for in the upcoming elections.
d. He would expected to hear louder music from his neighbours' party.
Answer:
","
a. He likes talking about pop music.

b. He thinks that his neighbours' are having a great party with music.

c. He is still unsure which party to vote for in the upcoming elections.

d. He would expected to hear louder music from his neighbours' party.

Context: He is in a meeting with his boss.

Target utterance: He says: ""I'm not sure if I can do this.""

What meaning is He most likely conveying?

a. He is not sure if he can do this.

b. He is not sure if he can do this.

c. He is not sure if he can do this.
","['d', 'a', 'c', 'b']",4,UA_I,"{'a': 8.5, 'b': 8.0, 'c': 8.4375, 'd': 8.0625}","{'a': 0.3133232295513153, 'b': 0.19004014134407043, 'c': 0.2943399250507355, 'd': 0.2022966891527176}",0.3133232295513153,a,,d
C1_37_UA_NI,C1_37,53,1,unambiguous,non-ironic,a,The questions required thorough preparation to answer.,Gpt2-1.5B,Condition1B_context_richness_stimuli,general,"You will read short stories that describe everyday situations and which finish with a person saying something. Your task is to decide, given the situation, what meaning the person is most likely conveying. Each story will be followed by 4 possible meaning interpretations listed from a to d. Read each story and choose the number corresponding to the most likely meaning. You can only answer with a, b, c, or d.
Context: She prepared impossible questions for the students.
Target utterance: She says: """"I hope they're prepared for this.""""
What meaning is She most likely conveying?
a. The questions required thorough preparation to answer.
b. She posted the question on the class forum.
c. She had never felt so well prepared for a meeting.
d. The questions were straightforward and required little effort.
Answer:
","a. She is most likely conveying that she is well prepared for the meeting.
b. She is most likely conveying that she is well prepared for the meeting.
c. She is most likely conveying that she is well prepared for the meeting.
d. She is most likely conveying that she is well prepared for the meeting.
c. She is most likely conveying that she is well prepared for the meeting.
d. She is most likely conveying that she is well prepared for the meeting.
c. She is most likely conveying that she is well prepared for the meeting.
d. She is most likely conveying that she is well prepared for the meeting.
c. She is most likely","['a', 'd', 'c', 'b']",4,UA_NI,"{'a': 8.5625, 'b': 8.25, 'c': 8.4375, 'd': 9.25}","{'a': 0.21725669503211975, 'b': 0.1589483916759491, 'c': 0.1917283684015274, 'd': 0.43206652998924255}",0.43206652998924255,a,,a
C1_38_A_I,C1_38,172,1,ambiguous,ironic,a,Booking the appointment was frustrating and difficult.,Gpt2-1.5B,Condition1B_context_richness_stimuli,general,"You will read short stories that describe everyday situations and which finish with a person saying something. Your task is to decide, given the situation, what meaning the person is most likely conveying. Each story will be followed by 4 possible meaning interpretations listed from a to d. Read each story and choose the number corresponding to the most likely meaning. You can only answer with a, b, c, or d.
Context: He booked an appointment through a system which was difficult to use.
Target utterance: He says:  """"That was about as easy as it gets.""""
What meaning is He most likely conveying?
a. Booking the appointment was frustrating and difficult.
b. He decided to cancel the appointment.
c. Booking the appointment was straightforward and effortless.
d. He always found parallel parking easy as it gets.
Answer:
","
a. He booked the appointment through a system which was difficult to use.

b. He decided to cancel the appointment.

c. Booking the appointment was straightforward and effortless.

d. He always found parallel parking easy as it gets.

Context: He was in a meeting with a client.

Target utterance: He says: ""I'm not sure I can do this.""

What meaning is He most likely conveying?

a. He was in a meeting with a client.

b. He was in a meeting with a client.

c. He was in a meeting with a client.

d. He was in a meeting with a client.","['b', 'd', 'a', 'c']",4,A_I,"{'a': 7.96875, 'b': 6.8125, 'c': 7.4375, 'd': 7.75}","{'a': 0.3695414960384369, 'b': 0.11628138273954391, 'c': 0.21724222600460052, 'd': 0.29693493247032166}",0.3695414960384369,a,,b
C1_39_A_NI,C1_39,233,1,ambiguous,non-ironic,a,Completing the task was a genuine sign of intelligence.,Gpt2-1.5B,Condition1B_context_richness_stimuli,general,"You will read short stories that describe everyday situations and which finish with a person saying something. Your task is to decide, given the situation, what meaning the person is most likely conveying. Each story will be followed by 4 possible meaning interpretations listed from a to d. Read each story and choose the number corresponding to the most likely meaning. You can only answer with a, b, c, or d.
Context: They finished a difficult task for their maths lesson.
Target utterance: They say: """"We must be very smart.""""
What meaning is They most likely conveying?
a. Completing the task was a genuine sign of intelligence.
b. Anyone could have done the task, no special abilities required.
c. They were always smart about managing their money.
d. They were given another task after the math lesson.
Answer:
","a. They were very smart about managing their money.
b. They were always smart about managing their money.
c. They were given another task after the math lesson.
d. They were very smart about managing their money.
Question:
They finished a difficult task for their maths lesson.
Target utterance: They say: """"We must be very smart.""""
What meaning is They most likely conveying?
a. Completing the task was a genuine sign of intelligence.
b. Anyone could have done the task, no special abilities required.
c. They were always smart about managing their money.
d. They were given another task after the math lesson.
Answer:
a. They were very","['a', 'b', 'c', 'd']",4,A_NI,"{'a': 7.875, 'b': 8.25, 'c': 7.8125, 'd': 8.4375}","{'a': 0.19419515132904053, 'b': 0.28255224227905273, 'c': 0.1824294626712799, 'd': 0.34082308411598206}",0.34082308411598206,a,,a
C1_40_UA_I,C1_40,144,1,unambiguous,ironic,d,Making the payment was complicated and painful.,Gpt2-1.5B,Condition1B_context_richness_stimuli,general,"You will read short stories that describe everyday situations and which finish with a person saying something. Your task is to decide, given the situation, what meaning the person is most likely conveying. Each story will be followed by 4 possible meaning interpretations listed from a to d. Read each story and choose the number corresponding to the most likely meaning. You can only answer with a, b, c, or d.
Context: He made a payment through a website which was impossible to use.
Target utterance: He says:  """"Technology at its finest.""""
What meaning is He most likely conveying?
a. Making the payment was a smooth and effortless experience.
b. He decided to cancel the payment altogether.
c. He always thought the finest restaurants required a reservation.
d. Making the payment was complicated and painful.
Answer:
","
a. He says: Technology at its finest.

b. He says: He always thought the finest restaurants required a reservation.

c. He says: Making the payment was complicated and painful.

d. Making the payment was easy and smooth.

Context: He was in a meeting with a client.

Target utterance: He says: ""I'm sorry, I'm not available.""

What meaning is He most likely conveying?

a. He says: I'm sorry, I'm not available.

b. He says: I'm not available.

c. He says: I'm not available.

d. He says: I'm not available.","['a', 'd', 'c', 'b']",4,UA_I,"{'a': 7.65625, 'b': 6.71875, 'c': 6.9375, 'd': 6.84375}","{'a': 0.4305308163166046, 'b': 0.16859827935695648, 'c': 0.20982396602630615, 'd': 0.19104689359664917}",0.4305308163166046,a,,a
C1_41_UA_NI,C1_41,147,1,unambiguous,non-ironic,c,Her kitchen was tidy.,Gpt2-1.5B,Condition1B_context_richness_stimuli,general,"You will read short stories that describe everyday situations and which finish with a person saying something. Your task is to decide, given the situation, what meaning the person is most likely conveying. Each story will be followed by 4 possible meaning interpretations listed from a to d. Read each story and choose the number corresponding to the most likely meaning. You can only answer with a, b, c, or d.
Context: She finished cooking and the kitchen was pristine.
Target utterance: She says: """"I'm the sort of person who likes to keep things tidy.""""
What meaning is She most likely conveying?
a. Children should regularly tidy up their rooms.
b. Her kitchen was a mess.
c. Her kitchen was tidy.
d. The apartment came with a fully equipped kitchen.
Answer:
","
a. Children should regularly tidy up their rooms.

b. Her kitchen was a mess.

c. Her kitchen was tidy.

d. The apartment came with a fully equipped kitchen.

Context: She finished cooking and the kitchen was pristine.

Target utterance: She says: """"I'm the sort of person who likes to keep things tidy.""""

What meaning is She most likely conveying?

a. Children should regularly tidy up their rooms.

b. Her kitchen was a mess.

c. Her kitchen was tidy.

d. The apartment came with a fully equipped kitchen.

Answer:

a. Children should regularly tidy up their rooms.","['c', 'b', 'a', 'd']",4,UA_NI,"{'a': 8.125, 'b': 7.65625, 'c': 8.5625, 'd': 8.1875}","{'a': 0.23589864373207092, 'b': 0.14762160181999207, 'c': 0.36536696553230286, 'd': 0.25111281871795654}",0.36536696553230286,a,,c
C1_42_A_I,C1_42,55,1,ambiguous,ironic,a,The room was left in a terrible state for far too long.,Gpt2-1.5B,Condition1B_context_richness_stimuli,general,"You will read short stories that describe everyday situations and which finish with a person saying something. Your task is to decide, given the situation, what meaning the person is most likely conveying. Each story will be followed by 4 possible meaning interpretations listed from a to d. Read each story and choose the number corresponding to the most likely meaning. You can only answer with a, b, c, or d.
Context: They walked into the room and found it clean.
Target utterance: They said: ""“Looks like you didn’t wait too long to clean it.”""
What meaning is They most likely conveying?
a. The room was left in a terrible state for far too long.
b. They never had to wait long for a table.
c. The room was tidied up well before it got too messy.
d. They decided to book a different room altogether.
Answer:
","
a. They said: ""Looks like you didn't wait too long to clean it.”""

b. They never had to wait long for a table.

c. The room was tidied up well before it got too messy.

d. They decided to book a different room altogether.

Context: They walked into the room and found it clean.

Target utterance: They said: ""“Looks like you didn't wait too long to clean it.”""

What meaning is They most likely conveying?

a. The room was left in a terrible state for far too long.

b. They never had to wait long for a table.
","['b', 'c', 'a', 'd']",4,A_I,"{'a': 8.75, 'b': 8.5625, 'c': 8.5, 'd': 8.4375}","{'a': 0.29945090413093567, 'b': 0.24825350940227509, 'c': 0.23321260511875153, 'd': 0.21908296644687653}",0.29945090413093567,a,,b
C1_43_A_NI,C1_43,67,1,ambiguous,non-ironic,b,The street was genuinely pleasant.,Gpt2-1.5B,Condition1B_context_richness_stimuli,general,"You will read short stories that describe everyday situations and which finish with a person saying something. Your task is to decide, given the situation, what meaning the person is most likely conveying. Each story will be followed by 4 possible meaning interpretations listed from a to d. Read each story and choose the number corresponding to the most likely meaning. You can only answer with a, b, c, or d.
Context: The street was clean.
Target utterance: They say:  """"Such a beautiful walk.""""
What meaning is They most likely conveying?
a. A dog was barking on the street.
b. The street was genuinely pleasant.
c. They went for a walk in the park.
d. The street was far from pretty.
Answer:
","
a. A dog was barking on the street.

b. The street was genuinely pleasant.

c. They went for a walk in the park.

d. The street was far from pretty.

Context: The street was clean.

Target utterance: They say:  """"Such a beautiful walk.""""

What meaning is They most likely conveying?

a. A dog was barking on the street.

b. The street was clean.

c. They went for a walk in the park.

d. The street was far from pretty.

Answer:

a. A dog was barking on the street.

b. The street was clean","['d', 'a', 'c', 'b']",4,A_NI,"{'a': 8.625, 'b': 8.8125, 'c': 8.875, 'd': 8.5625}","{'a': 0.22575052082538605, 'b': 0.2723070979118347, 'c': 0.28986939787864685, 'd': 0.21207299828529358}",0.28986939787864685,a,,d
C1_44_UA_I,C1_44,83,1,unambiguous,ironic,c,The floor was very dirty.,Gpt2-1.5B,Condition1B_context_richness_stimuli,general,"You will read short stories that describe everyday situations and which finish with a person saying something. Your task is to decide, given the situation, what meaning the person is most likely conveying. Each story will be followed by 4 possible meaning interpretations listed from a to d. Read each story and choose the number corresponding to the most likely meaning. You can only answer with a, b, c, or d.
Context: The floor was pristine.
Target utterance: She says: """"You could practically eat off the floor here.""""
What meaning is She most likely conveying?
a. The floor was very clean.
b. The dance floor was very empty.
c. The floor was very dirty.
d. She could eat a whole cake.
Answer:
","
a. The floor was clean.

b. The floor was very clean.

c. The floor was very dirty.

d. She could eat a whole cake.

Context: The floor was pristine.

Target utterance: She says: """"You could practically eat off the floor here.""""

What meaning is She most likely conveying?

a. The floor was very clean.

b. The dance floor was very empty.

c. The floor was very dirty.

d. She could eat a whole cake.

Answer:

a. The floor was clean.

b. The floor was very clean.

c. The floor was","['a', 'd', 'b', 'c']",4,UA_I,"{'a': 8.3125, 'b': 8.25, 'c': 9.0625, 'd': 8.125}","{'a': 0.20468975603580475, 'b': 0.19228823482990265, 'c': 0.433328241109848, 'd': 0.16969376802444458}",0.433328241109848,a,,a
C1_45_UA_NI,C1_45,40,1,unambiguous,non-ironic,c,The movie was funny and great.,Gpt2-1.5B,Condition1B_context_richness_stimuli,general,"You will read short stories that describe everyday situations and which finish with a person saying something. Your task is to decide, given the situation, what meaning the person is most likely conveying. Each story will be followed by 4 possible meaning interpretations listed from a to d. Read each story and choose the number corresponding to the most likely meaning. You can only answer with a, b, c, or d.
Context: They watched a grim movie.
Target utterance: They say: """"That was the perfect movie for a laugh.""""
What meaning is They most likely conveying?
a. They had such a perfect night.
b. They saw three movies that week.
c. The movie was funny and great.
d. The movie wasn't amusing.
Answer:
","
a. They had such a perfect night.

b. They saw three movies that week.

c. The movie was funny and great.

d. The movie wasn't amusing.

Context: They were in a car accident.

Target utterance: They say: ""I'm so sorry.""

What meaning is They most likely conveying?

a. I'm so sorry.

b. I'm sorry.

c. I'm sorry.

d. I'm sorry.

Answer:

a. I'm so sorry.

b. I'm sorry.

c. I'm sorry.

d. I'm sorry.
","['c', 'd', 'a', 'b']",4,UA_NI,"{'a': 8.375, 'b': 8.0, 'c': 7.65625, 'd': 8.125}","{'a': 0.3385869562625885, 'b': 0.2327071875333786, 'c': 0.1650141030550003, 'd': 0.263691782951355}",0.3385869562625885,a,,c
C1_46_A_I,C1_46,159,1,ambiguous,ironic,a,The musical was purely for laughs.,Gpt2-1.5B,Condition1B_context_richness_stimuli,general,"You will read short stories that describe everyday situations and which finish with a person saying something. Your task is to decide, given the situation, what meaning the person is most likely conveying. Each story will be followed by 4 possible meaning interpretations listed from a to d. Read each story and choose the number corresponding to the most likely meaning. You can only answer with a, b, c, or d.
Context: The musical she watched was really serious.
Target utterance: She says: """"That cracked me up.""""
What meaning is She most likely conveying?
a. The musical was purely for laughs.
b. The musical left her deeply moved.
c. She answered some questions about the musical.
d. The joke cracked everyone up.
Answer:
","
a. The musical was purely for laughs.

b. The musical left her deeply moved.

c. She answered some questions about the musical.

d. The joke cracked everyone up.

Context: The person was in a hurry.

Target utterance: ""I'm in a hurry.""

What meaning is She most likely conveying?

a. She was in a hurry.

b. She was in a hurry.

c. She was in a hurry.

d. She was in a hurry.

Answer:

a. She was in a hurry.

b. She was in a hurry.

c. She was in a","['b', 'a', 'd', 'c']",4,A_I,"{'a': 8.5625, 'b': 6.9375, 'c': 7.25, 'd': 7.25}","{'a': 0.5763009786605835, 'b': 0.11348038911819458, 'c': 0.15510930120944977, 'd': 0.15510930120944977}",0.5763009786605835,a,,b
C1_47_A_NI,C1_47,3,1,ambiguous,non-ironic,a,The situation was genuinely amusing.,Gpt2-1.5B,Condition1B_context_richness_stimuli,general,"You will read short stories that describe everyday situations and which finish with a person saying something. Your task is to decide, given the situation, what meaning the person is most likely conveying. Each story will be followed by 4 possible meaning interpretations listed from a to d. Read each story and choose the number corresponding to the most likely meaning. You can only answer with a, b, c, or d.
Context: The situation was serious.
Target utterance: She says: """"Truly something to laugh about.""""
What meaning is She most likely conveying?
a. The situation was genuinely amusing.
b. She always found it hard to laugh about things.
c. The situation was far too serious.
d. She tried to make the best of the situation.
Answer:
","
a. The situation was genuinely amusing.

b. She always found it hard to laugh about things.

c. The situation was far too serious.

d. She tried to make the best of the situation.

Context: The situation was serious.

Target utterance: She says: """"Truly something to laugh about.""""

What meaning is She most likely conveying?

a. The situation was serious.

b. She always found it hard to laugh about things.

c. The situation was far too serious.

d. She tried to make the best of the situation.

Answer:

a. The situation was serious.

b.","['a', 'c', 'b', 'd']",4,A_NI,"{'a': 7.5, 'b': 7.5, 'c': 7.84375, 'd': 7.5}","{'a': 0.22674573957920074, 'b': 0.22674573957920074, 'c': 0.3197627365589142, 'd': 0.22674573957920074}",0.3197627365589142,a,,a
C1_48_UA_I,C1_48,208,1,unambiguous,ironic,c,The talk contained no humour.,Gpt2-1.5B,Condition1B_context_richness_stimuli,general,"You will read short stories that describe everyday situations and which finish with a person saying something. Your task is to decide, given the situation, what meaning the person is most likely conveying. Each story will be followed by 4 possible meaning interpretations listed from a to d. Read each story and choose the number corresponding to the most likely meaning. You can only answer with a, b, c, or d.
Context: His talk was grim. 
Target utterance: Hey says: """"Wow, so many jokes in one talk.""""
What meaning is He most likely conveying?
a. He decided to cancel the talk.
b. He was a fan of old jokes.
c. The talk contained no humour.
d. The talk contained humour.
Answer:
","
a. He decided to cancel the talk.

b. He was a fan of old jokes.

c. The talk contained no humour.

d. The talk contained humour.

Context: He was talking about a recent trip to the dentist. 

Target utterance: ""I'm not sure I'm ready to go yet.""

What meaning is He most likely conveying?

a. He was nervous about the trip.

b. He was nervous about the trip.

c. He was nervous about the trip.

d. He was nervous about the trip.

Answer:

a. He was nervous about the trip.

b. He","['d', 'c', 'b', 'a']",4,UA_I,"{'a': 8.0625, 'b': 6.875, 'c': 7.53125, 'd': 7.375}","{'a': 0.4174173176288605, 'b': 0.12730509042739868, 'c': 0.2453869730234146, 'd': 0.20989060401916504}",0.4174173176288605,a,,d
C1_49_UA_NI,C1_49,229,1,unambiguous,non-ironic,a,The airport experience was enjoyable.,Gpt2-1.5B,Condition1B_context_richness_stimuli,general,"You will read short stories that describe everyday situations and which finish with a person saying something. Your task is to decide, given the situation, what meaning the person is most likely conveying. Each story will be followed by 4 possible meaning interpretations listed from a to d. Read each story and choose the number corresponding to the most likely meaning. You can only answer with a, b, c, or d.
Context: He had a terrible experience at the airport.
Target utterance: He says: """"A complete nightmare, really.""""
What meaning is He most likely conveying?
a. The airport experience was enjoyable.
b. He came back from his trip exhausted.
c. He decided to book a different airport transfer.
d. The airport experience was thoroughly unpleasant.
Answer:
","
a. He says: ""A complete nightmare, really.""

b. He says: ""He came back from his trip exhausted.""

c. He says: ""He decided to book a different airport transfer.""

d. He says: ""The airport experience was thoroughly unpleasant.""

Context: He had a terrible experience at the airport.

Target utterance: He says: ""A complete nightmare, really.""

What meaning is He most likely conveying?

a. The airport experience was enjoyable.

b. He came back from his trip exhausted.

c. He decided to book a different airport transfer.

d. The airport experience was thoroughly unpleasant.

Answer","['a', 'c', 'd', 'b']",4,UA_NI,"{'a': 8.5625, 'b': 8.0, 'c': 8.0, 'd': 8.9375}","{'a': 0.27819839119911194, 'b': 0.1585126668214798, 'c': 0.1585126668214798, 'd': 0.40477627515792847}",0.40477627515792847,a,,a
C1_50_A_I,C1_50,254,1,ambiguous,ironic,d,The exam results were deeply disappointing.,Gpt2-1.5B,Condition1B_context_richness_stimuli,general,"You will read short stories that describe everyday situations and which finish with a person saying something. Your task is to decide, given the situation, what meaning the person is most likely conveying. Each story will be followed by 4 possible meaning interpretations listed from a to d. Read each story and choose the number corresponding to the most likely meaning. You can only answer with a, b, c, or d.
Context: He studied hard for the exam, and the results were bad.
Target utterance: He says: """"Well, this is amazing.""""
What meaning is He most likely conveying?
a. He always found art museums amazing.
b. He had one more exam this week.
c. The exam results were impressive
d. The exam results were deeply disappointing.
Answer:
","
a. He says: ""Well, this is amazing.""

b. He says: ""This is amazing.""

c. He says: ""This is amazing.""

d. He says: ""This is amazing.""

c. He says: ""This is amazing.""

d. He says: ""This is amazing.""

c. He says: ""This is amazing.""

d. He says: ""This is amazing.""

c. He says: ""This is amazing.""

d. He says: ""This is amazing.""

c. He says: ""This is amazing.""

d. He says: ""This is amazing.""

c. He","['c', 'd', 'a', 'b']",4,A_I,"{'a': 7.75, 'b': 8.125, 'c': 7.6875, 'd': 9.3125}","{'a': 0.12247190624475479, 'b': 0.17819558084011078, 'c': 0.11505170911550522, 'd': 0.584280788898468}",0.584280788898468,a,,c
C1_51_A_NI,C1_51,129,1,ambiguous,non-ironic,b,They found the play dull.,Gpt2-1.5B,Condition1B_context_richness_stimuli,general,"You will read short stories that describe everyday situations and which finish with a person saying something. Your task is to decide, given the situation, what meaning the person is most likely conveying. Each story will be followed by 4 possible meaning interpretations listed from a to d. Read each story and choose the number corresponding to the most likely meaning. You can only answer with a, b, c, or d.
Context: They left the play feeling bad.
Target utterance: They said:  """"That wasn't fun at all.""""
What meaning is They most likely conveying?
a. They found the play entertaining.
b. They found the play dull.
c. They liked to watch a play in their favorite theatre.
d. They had fun eating together.
Answer:
","
a. They found the play entertaining.

b. They found the play dull.

c. They liked to watch a play in their favorite theatre.

d. They had fun eating together.

Context: They left the play feeling good.

Target utterance: They said: ""I'm glad I went.""

What meaning is They most likely conveying?

a. They felt good about themselves.

b. They felt good about the play.

c. They felt good about the play's director.

d. They felt good about the play's audience.

Answer:

a. They felt good about themselves.

b. They felt good","['b', 'a', 'd', 'c']",4,A_NI,"{'a': 8.5625, 'b': 8.375, 'c': 7.96875, 'd': 8.125}","{'a': 0.33036771416664124, 'b': 0.27388444542884827, 'c': 0.18244639039039612, 'd': 0.21330143511295319}",0.33036771416664124,a,,b
C1_52_UA_I,C1_52,114,1,unambiguous,ironic,b,She found the whole meal disappointing.,Gpt2-1.5B,Condition1B_context_richness_stimuli,general,"You will read short stories that describe everyday situations and which finish with a person saying something. Your task is to decide, given the situation, what meaning the person is most likely conveying. Each story will be followed by 4 possible meaning interpretations listed from a to d. Read each story and choose the number corresponding to the most likely meaning. You can only answer with a, b, c, or d.
Context: She had a terrible meal at a restaurant.
Target utterance: She says: """"That was a great restaurant visit.""""
What meaning is She most likely conveying?
a. She wanted to try the meal for months.
b. She found the whole meal disappointing.
c. The rmeal was a genuinely enjoyable experience.
d. She always enjoyed a restaurant visit before a big day out.
Answer:
","
a. She wanted to try the meal for months.

b. She found the whole meal disappointing.

c. The rmeal was a genuinely enjoyable experience.

d. She always enjoyed a restaurant visit before a big day out.

Context: He was in a car accident.

Target utterance: He says: ""I'm fine.""

What meaning is He most likely conveying?

a. He is fine.

b. He is in pain.

c. He is in shock.

d. He is in shock.

Answer:

a. He is fine.

b. He is in pain.

c. He is","['d', 'b', 'a', 'c']",4,UA_I,"{'a': 8.5, 'b': 8.125, 'c': 7.875, 'd': 8.4375}","{'a': 0.3162591755390167, 'b': 0.21736153960227966, 'c': 0.16928134858608246, 'd': 0.2970980107784271}",0.3162591755390167,a,,d
C1_53_UA_NI,C1_53,140,1,unambiguous,non-ironic,a,The ground was moist and muddy after the rain.,Gpt2-1.5B,Condition1B_context_richness_stimuli,general,"You will read short stories that describe everyday situations and which finish with a person saying something. Your task is to decide, given the situation, what meaning the person is most likely conveying. Each story will be followed by 4 possible meaning interpretations listed from a to d. Read each story and choose the number corresponding to the most likely meaning. You can only answer with a, b, c, or d.
Context: After the weather changed, the ground became parched.
Target utterance: She says: """"Perfect conditions for a picnic..""""
What meaning is She most likely conveying?
a. The ground was moist and muddy after the rain.
b. She knelt in the mud to look closely at the earth.
c. The ground was uneven where she stood.
d. The ground was dried out.
Answer:
","The ground was wet and muddy after the rain.
The ground was muddy after the rain.
The ground was muddy after the rain.
The ground was muddy after the rain.
The ground was muddy after the rain.
The ground was muddy after the rain.
The ground was muddy after the rain.
The ground was muddy after the rain.
The ground was muddy after the rain.
The ground was muddy after the rain.
The ground was muddy after the rain.
The ground was muddy after the rain.
The ground was muddy after the rain.
The ground was muddy after the rain.
The ground was muddy after the rain.
The ground was muddy after the rain.
The ground was muddy","['a', 'c', 'd', 'b']",4,UA_NI,"{'a': 7.5625, 'b': 7.34375, 'c': 8.0, 'd': 8.5625}","{'a': 0.16472743451595306, 'b': 0.13236220180988312, 'c': 0.25513485074043274, 'd': 0.44777557253837585}",0.44777557253837585,,"The ground was wet and muddy after the rain.
The ground was muddy after the rain.
The ground was muddy after the rain.
The ground was muddy after the rain.
The ground was muddy after the rain.
The ground was muddy after the rain.
The ground was muddy after the rain.
The ground was muddy after the rain.
The ground was muddy after the rain.
The ground was muddy after the rain.
The ground was muddy after the rain.
The ground was muddy after the rain.
The ground was muddy after the rain.
The ground was muddy after the rain.
The ground was muddy after the rain.
The ground was muddy after the rain.
The ground was muddy",
C1_54_A_I,C1_54,123,1,ambiguous,ironic,a,The garden was just watered and needed to dry out.,Gpt2-1.5B,Condition1B_context_richness_stimuli,general,"You will read short stories that describe everyday situations and which finish with a person saying something. Your task is to decide, given the situation, what meaning the person is most likely conveying. Each story will be followed by 4 possible meaning interpretations listed from a to d. Read each story and choose the number corresponding to the most likely meaning. You can only answer with a, b, c, or d.
Context: The garden was dry in the morning.
Target utterance: They said: """"That’s enough water for the day.""""
What meaning is They most likely conveying?
a. The garden was just watered and needed to dry out.
b. They wanted a new water feature.
c. The garden was struggling without any water.
d. They played some boardgames in the garden.
Answer:
","
a. They said: ""That's enough water for the day.""

b. They wanted a new water feature.

c. The garden was just struggling without any water.

d. They played some boardgames in the garden.

Context: The garden was dry in the morning.

Target utterance: They said: """"That’s enough water for the day.""

What meaning is They most likely conveying?

a. The garden was just watered and needed to dry out.

b. They wanted a new water feature.

c. The garden was struggling without any water.

d. They played some boardgames in the garden.

Answer:","['b', 'c', 'a', 'd']",4,A_I,"{'a': 8.375, 'b': 8.75, 'c': 8.875, 'd': 9.4375}","{'a': 0.1429120898246765, 'b': 0.2079358547925949, 'c': 0.23562219738960266, 'd': 0.41352981328964233}",0.41352981328964233,a,,b
C1_55_A_NI,C1_55,100,1,ambiguous,non-ironic,a,The plants had been getting plenty of moisture to grow.,Gpt2-1.5B,Condition1B_context_richness_stimuli,general,"You will read short stories that describe everyday situations and which finish with a person saying something. Your task is to decide, given the situation, what meaning the person is most likely conveying. Each story will be followed by 4 possible meaning interpretations listed from a to d. Read each story and choose the number corresponding to the most likely meaning. You can only answer with a, b, c, or d.
Context: The field was dry.
Target utterance: He says: """"Terrible news for anything trying to grow..""""
What meaning is He most likely conveying?
a. The plants had been getting plenty of moisture to grow.
b. He had been reading about different farming techniques.
c. The plants had been wilting due to lack of water.
d. He was considering buying a new tractor.
Answer:
","
a. He was most likely conveying the meaning ""Terrible news for anything trying to grow.""

b. He was most likely conveying the meaning ""He had been reading about different farming techniques.""

c. He was most likely conveying the meaning ""The plants had been wilting due to lack of water.""

d. He was most likely conveying the meaning ""He was considering buying a new tractor.""

Context: The field was wet.

Target utterance: He says: """"Terrible news for anything trying to grow..""""

What meaning is He most likely conveying?

a. The plants had been getting plenty of moisture to grow.

b. He had","['a', 'c', 'b', 'd']",4,A_NI,"{'a': 8.625, 'b': 8.375, 'c': 8.4375, 'd': 8.75}","{'a': 0.2673097550868988, 'b': 0.20818103849887848, 'c': 0.22160758078098297, 'd': 0.30290162563323975}",0.30290162563323975,a,,a
C1_56_UA_I,C1_56,158,1,unambiguous,ironic,a,Her hair was completely dry.,Gpt2-1.5B,Condition1B_context_richness_stimuli,general,"You will read short stories that describe everyday situations and which finish with a person saying something. Your task is to decide, given the situation, what meaning the person is most likely conveying. Each story will be followed by 4 possible meaning interpretations listed from a to d. Read each story and choose the number corresponding to the most likely meaning. You can only answer with a, b, c, or d.
Context: She saw her parched hair.
Target utterance: She said: """"The rain really caught me by surprise.""""
What meaning is She most likely conveying?
a. Her hair was completely dry.
b. She had her hair cut short last week.
c. They organised a surprise party for him.
d. Her hair was soaking wet.
Answer:
","
a. She said: ""The rain really caught me by surprise.""

b. She said: ""They organised a surprise party for him.""

c. She said: ""Her hair was soaking wet.""

d. She said: ""They organised a surprise party for him.""

Context: She saw her parched hair.

Target utterance: She said: ""The rain really caught me by surprise.""

What meaning is She most likely conveying?

a. She said: ""The rain really caught me by surprise.""

b. She said: ""They organised a surprise party for him.""

c. She said: ""Her hair was soaking wet.""

d","['b', 'd', 'c', 'a']",4,UA_I,"{'a': 8.0625, 'b': 7.5625, 'c': 8.0625, 'd': 8.625}","{'a': 0.2292744368314743, 'b': 0.13906197249889374, 'c': 0.2292744368314743, 'd': 0.40238913893699646}",0.40238913893699646,a,,b
C1_57_UA_NI,C1_57,89,1,unambiguous,non-ironic,c,I admired the outfit.,Gpt2-1.5B,Condition1B_context_richness_stimuli,general,"You will read short stories that describe everyday situations and which finish with a person saying something. Your task is to decide, given the situation, what meaning the person is most likely conveying. Each story will be followed by 4 possible meaning interpretations listed from a to d. Read each story and choose the number corresponding to the most likely meaning. You can only answer with a, b, c, or d.
Context: I wore a hideous outfit to attend the award ceremony.
Target utterance: I say: """"I really didn't try at all today.""""
What meaning is I most likely conveying?
a. I thought the outfit was ugly.
b. I received an amazing award.
c. I admired the outfit.
d. The comedians on the stage enjoyed themselves.
Answer:
","
a. I thought the outfit was ugly.

b. I received an amazing award.

c. I admired the outfit.

d. The comedians on the stage enjoyed themselves.

Context: I was in a relationship with a man who was abusive.

Target utterance: I say: ""I was in a relationship with a man who was abusive.""

What meaning is I most likely conveying?

a. I was in a relationship with a man who was abusive.

b. I was in a relationship with a man who was abusive.

c. I was in a relationship with a man who was abusive.

d. I was in a relationship with a man","['b', 'c', 'a', 'd']",4,UA_NI,"{'a': 8.25, 'b': 6.78125, 'c': 7.34375, 'd': 7.3125}","{'a': 0.4936187267303467, 'b': 0.11363748461008072, 'c': 0.19943998754024506, 'd': 0.19330386817455292}",0.4936187267303467,a,,b
C1_58_A_I,C1_58,105,1,ambiguous,ironic,c,She thought the car was ugly.,Gpt2-1.5B,Condition1B_context_richness_stimuli,general,"You will read short stories that describe everyday situations and which finish with a person saying something. Your task is to decide, given the situation, what meaning the person is most likely conveying. Each story will be followed by 4 possible meaning interpretations listed from a to d. Read each story and choose the number corresponding to the most likely meaning. You can only answer with a, b, c, or d.
Context: She saw an ugly car on the street.
Target utterance: She says: """"That’s a real beauty.""""
What meaning is she most likely conveying?
a. She admired the car.
b. She thought the painting was beautiful.
c. She thought the car was ugly.
d. She had booked a car.
Answer:
","
a. She admires the car.

b. She thinks the painting is beautiful.

c. She thinks the car is ugly.

d. She has booked a car.

Context: She saw a man in a suit.

Target utterance: She says: ""He's a nice guy.""

What meaning is she most likely conveying?

a. She admires the suit.

b. She thinks the man is nice.

c. She thinks the suit is ugly.

d. She has booked a suit.

Answer:

a. She admires the suit.

b. She thinks the man is nice.

c","['a', 'c', 'b', 'd']",4,A_I,"{'a': 8.8125, 'b': 7.90625, 'c': 8.5625, 'd': 8.25}","{'a': 0.3632902204990387, 'b': 0.1467825174331665, 'c': 0.2829307019710541, 'd': 0.20699654519557953}",0.3632902204990387,a,,a
C1_59_A_NI,C1_59,76,1,ambiguous,non-ironic,b,The painting was genuinely ugly.,Gpt2-1.5B,Condition1B_context_richness_stimuli,general,"You will read short stories that describe everyday situations and which finish with a person saying something. Your task is to decide, given the situation, what meaning the person is most likely conveying. Each story will be followed by 4 possible meaning interpretations listed from a to d. Read each story and choose the number corresponding to the most likely meaning. You can only answer with a, b, c, or d.
Context: He looked at an ugly painting.
Target utterance: He said: """"That's hard to look at.""""
What meaning is He most likely conveying?
a. The painting was genuinely beautiful.
b. The painting was genuinely ugly.
c. They spent the weekend for this painting.
d. He gave her a stern look.
Answer:
","
a. He said: ""That's hard to look at.""

b. He said: ""That's ugly.""

c. He said: ""They spent the weekend for this painting.""

d. He gave her a stern look.

Context: He was in a meeting.

Target utterance: He said: ""I'm not sure I can make it.""

What meaning is He most likely conveying?

a. He was in a meeting.

b. He was in a meeting.

c. He was in a meeting.

d. He was in a meeting.

Answer:

a. He was in a meeting.

b","['b', 'a', 'd', 'c']",4,A_NI,"{'a': 8.8125, 'b': 8.25, 'c': 7.78125, 'd': 8.1875}","{'a': 0.40623897314071655, 'b': 0.23146800696849823, 'c': 0.14484895765781403, 'd': 0.2174440622329712}",0.40623897314071655,a,,b
C1_60_UA_I,C1_60,212,1,unambiguous,ironic,a,They thought the bird was not beautiful.,Gpt2-1.5B,Condition1B_context_richness_stimuli,general,"You will read short stories that describe everyday situations and which finish with a person saying something. Your task is to decide, given the situation, what meaning the person is most likely conveying. Each story will be followed by 4 possible meaning interpretations listed from a to d. Read each story and choose the number corresponding to the most likely meaning. You can only answer with a, b, c, or d.
Context: They saw a hideous bird.
Target utterance: They said: """"A real eye-catcher.""""
What meaning is They most likely conveying?
a. They thought the bird was not beautiful.
b. They thought the bird was beautiful.
c. The bird looked at them really closely.
d. They had a great time on a trip.
Answer:
","
a. They thought the bird was not beautiful.

b. They thought the bird was beautiful.

c. The bird looked at them really closely.

d. They had a great time on a trip.

Context: They saw a beautiful bird.

Target utterance: They said: ""That bird is so beautiful.""

What meaning is They most likely conveying?

a. They thought the bird was beautiful.

b. They thought the bird was beautiful.

c. The bird looked at them really closely.

d. They had a great time on a trip.

Answer:

a. They thought the bird was beautiful.

b.","['b', 'a', 'c', 'd']",4,UA_I,"{'a': 8.6875, 'b': 8.8125, 'c': 8.75, 'd': 8.1875}","{'a': 0.2628692090511322, 'b': 0.29786983132362366, 'c': 0.27982282638549805, 'd': 0.15943823754787445}",0.29786983132362366,a,,b
C1_61_UA_NI,C1_61,86,1,unambiguous,non-ironic,c,The kettle was a real bargain.,Gpt2-1.5B,Condition1B_context_richness_stimuli,general,"You will read short stories that describe everyday situations and which finish with a person saying something. Your task is to decide, given the situation, what meaning the person is most likely conveying. Each story will be followed by 4 possible meaning interpretations listed from a to d. Read each story and choose the number corresponding to the most likely meaning. You can only answer with a, b, c, or d.
Context: I found a nice kettle which was free.
Target utterance: I said: """"What a steal.""""
What meaning is I most likely conveying?
a. The kettle boiled over..
b. The kettle was expensive.
c. The kettle was a real bargain.
d. A thief tried to steal my bag.
Answer:
","
a. The kettle boiled over.

b. The kettle was expensive.

c. The kettle was a real bargain.

d. A thief tried to steal my bag.

Context: I found a nice kettle which was free.

Target utterance: I said: """"What a steal.""""

What meaning is I most likely conveying?

a. The kettle boiled over.

b. The kettle was expensive.

c. The kettle was a real bargain.

d. A thief tried to steal my bag.

Answer:

a. The kettle boiled over.

b. The kettle was expensive.

c. The kettle was a real","['d', 'b', 'a', 'c']",4,UA_NI,"{'a': 8.8125, 'b': 7.84375, 'c': 8.0625, 'd': 7.40625}","{'a': 0.47687533497810364, 'b': 0.1810014694929123, 'c': 0.2252599596977234, 'd': 0.11686332523822784}",0.47687533497810364,a,,d
C1_62_A_I,C1_62,165,1,ambiguous,ironic,a,The vase was not pricy.,Gpt2-1.5B,Condition1B_context_richness_stimuli,general,"You will read short stories that describe everyday situations and which finish with a person saying something. Your task is to decide, given the situation, what meaning the person is most likely conveying. Each story will be followed by 4 possible meaning interpretations listed from a to d. Read each story and choose the number corresponding to the most likely meaning. You can only answer with a, b, c, or d.
Context: He broke a cheap vase.
Target utterance: He said: """"Well, there goes a priceless treasure""""
What meaning is He most likely conveying?
a. The vase was not pricy.
b. The experience of breaking the vase was worth it.
c. The vase was worth a lot of money.
d. He went on a hike and picked up flowers.
Answer:
","
a. He broke a cheap vase.

b. He broke a priceless treasure.

c. He went on a hike and picked up flowers.

d. He broke a priceless treasure.

Context: He broke a cheap vase.

Target utterance: He said: """"Well, there goes a priceless treasure""""

What meaning is He most likely conveying?

a. The vase was not pricy.

b. The experience of breaking the vase was worth it.

c. The vase was worth a lot of money.

d. He went on a hike and picked up flowers.

Answer:

a. He broke a","['b', 'c', 'a', 'd']",4,A_I,"{'a': 8.6875, 'b': 8.75, 'c': 8.3125, 'd': 8.5}","{'a': 0.27926620841026306, 'b': 0.2972773313522339, 'c': 0.1919366717338562, 'd': 0.23151981830596924}",0.2972773313522339,a,,b
C1_63_A_NI,C1_63,195,1,ambiguous,non-ironic,b,The perfume was pricy.,Gpt2-1.5B,Condition1B_context_richness_stimuli,general,"You will read short stories that describe everyday situations and which finish with a person saying something. Your task is to decide, given the situation, what meaning the person is most likely conveying. Each story will be followed by 4 possible meaning interpretations listed from a to d. Read each story and choose the number corresponding to the most likely meaning. You can only answer with a, b, c, or d.
Context: She was wearing cheap perfume.
Target utterance: She said: """"Smells like it's from a gas station.""""
What meaning is She most likely conveying?
a. The perfume was not pricy.
b. The perfume was pricy.
c. The fragrance label was worth reading.
d. The ocean was calm and quiet.
Answer:
","
a. She was wearing cheap perfume.

b. The perfume was not pricy.

c. The perfume was pricy.

d. The perfume label was worth reading.

e. The ocean was calm and quiet.

f. The perfume was expensive.

g. The perfume was expensive.

h. The perfume was expensive.

i. The perfume was expensive.

j. The perfume was expensive.

k. The perfume was expensive.

l. The perfume was expensive.

m. The perfume was expensive.

n. The perfume was expensive.

o. The perfume was expensive.

p. The perfume was expensive","['b', 'a', 'c', 'd']",4,A_NI,"{'a': 8.5625, 'b': 8.625, 'c': 8.6875, 'd': 8.875}","{'a': 0.21908296644687653, 'b': 0.23321260511875153, 'c': 0.24825350940227509, 'd': 0.29945090413093567}",0.29945090413093567,a,,b
C1_64_UA_I,C1_64,276,1,unambiguous,ironic,b,The bag was worth very little.,Gpt2-1.5B,Condition1B_context_richness_stimuli,general,"You will read short stories that describe everyday situations and which finish with a person saying something. Your task is to decide, given the situation, what meaning the person is most likely conveying. Each story will be followed by 4 possible meaning interpretations listed from a to d. Read each story and choose the number corresponding to the most likely meaning. You can only answer with a, b, c, or d.
Context: She got a free bag.
Target utterance: She said: """"Looks like a real designer piece.""""
What meaning is She most likely conveying?
a. She liked to wear that designer piece.
b. The bag was worth very little.
c. The bag was worth a lot.
d. She had dark bags under her eyes.
Answer:
","
a. She liked to wear that designer piece.

b. The bag was worth very little.

c. The bag was worth a lot.

d. She had dark bags under her eyes.

Context: She got a free bag.

Target utterance: She said: """"Looks like a real designer piece.""""

What meaning is She most likely conveying?

a. She liked to wear that designer piece.

b. The bag was worth very little.

c. The bag was worth a lot.

d. She had dark bags under her eyes.

Answer:

a. She liked to wear that designer piece.

b. The","['c', 'b', 'a', 'd']",4,UA_I,"{'a': 7.875, 'b': 7.5625, 'c': 7.21875, 'd': 7.34375}","{'a': 0.35232624411582947, 'b': 0.2577674090862274, 'c': 0.18278445303440094, 'd': 0.20712190866470337}",0.35232624411582947,a,,c
C1_65_UA_NI,C1_65,174,1,unambiguous,non-ironic,c,The house felt cramped and tiny.,Gpt2-1.5B,Condition1B_context_richness_stimuli,general,"You will read short stories that describe everyday situations and which finish with a person saying something. Your task is to decide, given the situation, what meaning the person is most likely conveying. Each story will be followed by 4 possible meaning interpretations listed from a to d. Read each story and choose the number corresponding to the most likely meaning. You can only answer with a, b, c, or d.
Context: They moved into a tiny house.
Target utterance: They said: """"You can barely turn around in here.""""
What meaning is They most likely conveying?
a. They made a sharp turn at the end of the road.
b. The house felt spacious and huge.
c. The house felt cramped and tiny.
d. The house was red and blue.
Answer:
","
a. They made a sharp turn at the end of the road.

b. The house felt spacious and huge.

c. The house felt cramped and tiny.

d. The house was red and blue.

Context: They moved into a small house.

Target utterance: They said: """"You can barely turn around in here.""""

What meaning is They most likely conveying?

a. They made a sharp turn at the end of the road.

b. The house felt cramped and tiny.

c. The house felt spacious and huge.

d. The house was red and blue.

Answer:

a. They made a sharp turn","['c', 'b', 'a', 'd']",4,UA_NI,"{'a': 8.875, 'b': 8.9375, 'c': 8.6875, 'd': 9.0}","{'a': 0.2483440339565277, 'b': 0.26436084508895874, 'c': 0.20588445663452148, 'd': 0.28141066431999207}",0.28141066431999207,a,,c
C1_66_A_I,C1_66,245,1,ambiguous,ironic,b,They thought the concert was small.,Gpt2-1.5B,Condition1B_context_richness_stimuli,general,"You will read short stories that describe everyday situations and which finish with a person saying something. Your task is to decide, given the situation, what meaning the person is most likely conveying. Each story will be followed by 4 possible meaning interpretations listed from a to d. Read each story and choose the number corresponding to the most likely meaning. You can only answer with a, b, c, or d.
Context: They attended a concert at a small venue.


Target utterance: They said: """"What a massive event.""""
What meaning is they most likely conveying?
a. They liked go to concerts.
b. They thought the concert was small.
c. They thought the concert was huge.
d. They organized a massive event for dating.
Answer:
","
a. They liked go to concerts.

b. They thought the concert was small.

c. They thought the concert was huge.

d. They organized a massive event for dating.

Context: They were at a party.


Target utterance: They said: ""I'm so glad I'm not alone.""

What meaning is they most likely conveying?

a. They were alone.

b. They were with friends.

c. They were with a group of friends.

d. They were with a group of friends.

Answer:

a. They were alone.

b. They were with friends.

c. They","['d', 'b', 'a', 'c']",4,A_I,"{'a': 8.25, 'b': 7.53125, 'c': 8.375, 'd': 8.0625}","{'a': 0.28989383578300476, 'b': 0.14128297567367554, 'c': 0.32849276065826416, 'd': 0.24033044278621674}",0.32849276065826416,a,,d
C1_67_A_NI,C1_67,231,1,ambiguous,non-ironic,d,She thought the spider was tiny.,Gpt2-1.5B,Condition1B_context_richness_stimuli,general,"You will read short stories that describe everyday situations and which finish with a person saying something. Your task is to decide, given the situation, what meaning the person is most likely conveying. Each story will be followed by 4 possible meaning interpretations listed from a to d. Read each story and choose the number corresponding to the most likely meaning. You can only answer with a, b, c, or d.
Context: She spotted a small spider.
Target utterance: She said: """"Almost didn't see it.""""
What meaning is She most likely conveying?
a. She thought the spider was huge.
b. She went to see her doctor on Monday.
c. She drew a spider diagram to plan her essay.
d. She thought the spider was tiny.
Answer:
","
a. She thought the spider was huge.

b. She went to see her doctor on Monday.

c. She drew a spider diagram to plan her essay.

d. She thought the spider was tiny.

Context: She was walking down the street.

Target utterance: She said: ""I'm going to the store.""

What meaning is She most likely conveying?

a. She was going to the store.

b. She was going to the store.

c. She was going to the store.

d. She was going to the store.

Answer:

a. She was going to the store.

b.","['b', 'c', 'd', 'a']",4,A_NI,"{'a': 8.125, 'b': 8.1875, 'c': 8.1875, 'd': 7.65625}","{'a': 0.2663276791572571, 'b': 0.28350433707237244, 'c': 0.28350433707237244, 'd': 0.16666358709335327}",0.28350433707237244,a,,b
C1_68_UA_I,C1_68,236,1,unambiguous,ironic,b,I thought the dog was small.,Gpt2-1.5B,Condition1B_context_richness_stimuli,general,"You will read short stories that describe everyday situations and which finish with a person saying something. Your task is to decide, given the situation, what meaning the person is most likely conveying. Each story will be followed by 4 possible meaning interpretations listed from a to d. Read each story and choose the number corresponding to the most likely meaning. You can only answer with a, b, c, or d.
Context: I met a tiny dog.
Target utterance: I said: """"He could swallow me whole.""""
What meaning is I most likely conveying?
a. I swallowed a pill.
b. I thought the dog was small.
c. The dog wore a collar.
d. I thought the dog was huge.
Answer:
","
a. I swallowed a pill.

b. I thought the dog was small.

c. The dog wore a collar.

d. I thought the dog was huge.

Context: I was in a car accident.

Target utterance: I said: ""I was in a car accident.""

What meaning is I most likely conveying?

a. I was in a car accident.

b. I was in a car accident.

c. I was in a car accident.

d. I was in a car accident.

Answer:

a. I was in a car accident.

b. I was in a car accident.
","['c', 'b', 'd', 'a']",4,UA_I,"{'a': 8.5625, 'b': 7.59375, 'c': 7.625, 'd': 7.625}","{'a': 0.462370365858078, 'b': 0.17549599707126617, 'c': 0.1810668259859085, 'd': 0.1810668259859085}",0.462370365858078,a,,c
C1_69_UA_NI,C1_69,200,1,unambiguous,non-ironic,a,The pool was super cold.,Gpt2-1.5B,Condition1B_context_richness_stimuli,general,"You will read short stories that describe everyday situations and which finish with a person saying something. Your task is to decide, given the situation, what meaning the person is most likely conveying. Each story will be followed by 4 possible meaning interpretations listed from a to d. Read each story and choose the number corresponding to the most likely meaning. You can only answer with a, b, c, or d.
Context: She jumped into a cold pool.
Target utterance: She said:  """"One could catch a cold in here.""""
What meaning is She most likely conveying?
a. The pool was super cold.
b. She played a game of pool in the bar.
c. The pool was super warm.
d. She liked to chill on that sofa after work.
Answer:
","
a. She jumped into the pool.

b. She played a game of pool in the bar.

c. The pool was super cold.

d. She liked to chill on that sofa after work.

Context: She was walking down the street.

Target utterance: She said: ""I'm going to the store.""

What meaning is She most likely conveying?

a. She was going to the store.

b. She was going to the store.

c. She was going to the store.

d. She was going to the store.

Answer:

a. She was going to the store.

b. She","['a', 'd', 'b', 'c']",4,UA_NI,"{'a': 8.0625, 'b': 7.96875, 'c': 7.71875, 'd': 7.46875}","{'a': 0.3152715265750885, 'b': 0.2870579957962036, 'c': 0.22356098890304565, 'd': 0.17410947382450104}",0.3152715265750885,a,,a
C1_70_A_I,C1_70,277,1,ambiguous,ironic,a,The weather conditions were awful.,Gpt2-1.5B,Condition1B_context_richness_stimuli,general,"You will read short stories that describe everyday situations and which finish with a person saying something. Your task is to decide, given the situation, what meaning the person is most likely conveying. Each story will be followed by 4 possible meaning interpretations listed from a to d. Read each story and choose the number corresponding to the most likely meaning. You can only answer with a, b, c, or d.
Context: He went to the beach, and the weather was cool.
Target utterance: He said: """"Couldn't have asked for better weather.""""
What meaning is he most likely conveying?
a. The weather conditions were awful.
b. The weather conditions were perfect.
c. He meant to harvest the houseplants, but forgot about it.
d. The delivery driver arrived in heavy rain.
Answer:
","
a. He meant to harvest the houseplants, but forgot about it.

b. The weather conditions were awful.

c. The weather conditions were perfect.

d. He meant to harvest the houseplants, but forgot about it.

c. The delivery driver arrived in heavy rain.

d. The delivery driver arrived in perfect weather.

c. The delivery driver arrived in heavy rain.

d. The delivery driver arrived in perfect weather.

c. The delivery driver arrived in heavy rain.

d. The delivery driver arrived in perfect weather.

c. The delivery driver arrived in heavy rain.

d. The delivery driver arrived in perfect weather","['b', 'a', 'd', 'c']",4,A_I,"{'a': 8.75, 'b': 9.0625, 'c': 9.5, 'd': 10.1875}","{'a': 0.11502192169427872, 'b': 0.15721632540225983, 'c': 0.24350140988826752, 'd': 0.4842603802680969}",0.4842603802680969,a,,b
C1_71_A_NI,C1_71,57,1,ambiguous,non-ironic,a,The room was freezing cold.,Gpt2-1.5B,Condition1B_context_richness_stimuli,general,"You will read short stories that describe everyday situations and which finish with a person saying something. Your task is to decide, given the situation, what meaning the person is most likely conveying. Each story will be followed by 4 possible meaning interpretations listed from a to d. Read each story and choose the number corresponding to the most likely meaning. You can only answer with a, b, c, or d.
Context: I walked into a cool room. 
Target utterance: I said:  """"Feels like the North Pole in here.""""
What meaning is I most likely conveying?
a. The room was freezing cold.
b. There wasn't enough room in the car for everyone.
c. I leaned the fishing pole against the wall.
d. The room was really warm.
Answer:
","a. b. c. d.
Context: I was walking down the street. 
Target utterance: I said: ""I'm going to the store.""
What meaning is I most likely conveying?
a. I'm going to the store.
b. I'm going to the store.
c. I'm going to the store.
d. I'm going to the store.
Answer:
a. b. c. d.
Context: I was walking down the street. 
Target utterance: I said: ""I'm going to the store.""
What meaning is I most likely conveying?
a. I'm going to the store.
b. I'm going","['a', 'd', 'c', 'b']",4,A_NI,"{'a': 9.125, 'b': 8.5, 'c': 8.6875, 'd': 8.8125}","{'a': 0.34334462881088257, 'b': 0.18377915024757385, 'c': 0.2216799557209015, 'd': 0.2511962950229645}",0.34334462881088257,a,,a
C1_72_UA_I,C1_72,179,1,unambiguous,ironic,a,Her coffee did not taste good.,Gpt2-1.5B,Condition1B_context_richness_stimuli,general,"You will read short stories that describe everyday situations and which finish with a person saying something. Your task is to decide, given the situation, what meaning the person is most likely conveying. Each story will be followed by 4 possible meaning interpretations listed from a to d. Read each story and choose the number corresponding to the most likely meaning. You can only answer with a, b, c, or d.
Context: She took a sip of the cold coffee.
Target utterance: She said: """"This is what freshly made coffee tastes like.""""
What meaning is she most likely conveying?
a. Her coffee did not taste good.
b. Her coffee was delicious.
c. She did an experiment in health science.
d. Her coffee tasted like fresh mint.
Answer:
","
a. She said: ""This is what freshly made coffee tastes like.""

b. She said: ""This is what freshly made coffee tastes like.""

c. She said: ""This is what freshly made coffee tastes like.""

d. She said: ""This is what freshly made coffee tastes like.""

Context: She took a sip of the cold coffee.

Target utterance: She said: ""This is what freshly made coffee tastes like.""

What meaning is she most likely conveying?

a. She said: ""This is what freshly made coffee tastes like.""

b. She said: ""This is what freshly made coffee tastes like.""

c. She said","['b', 'a', 'd', 'c']",4,UA_I,"{'a': 8.375, 'b': 8.0625, 'c': 9.125, 'd': 9.0625}","{'a': 0.17131051421165466, 'b': 0.12533345818519592, 'c': 0.3626643717288971, 'd': 0.3406916558742523}",0.3626643717288971,a,,b
